最新免笔试筛选方法,附件,超链接,截止日期,公告链接,招聘类型,备注,公司行业,是否免笔试,投递链接,标记,公司,工作地点,内推码,岗位,更新时间,父记录
,,,招满即停,https://mp.weixin.qq.com/s/iubw37MDhe1zLNccctAF6w?scene=1&click_id=3,春招,广西顺丰有五险一金带薪培训等,其他,含免笔试,https://campus.sf-express.com/m/?channelSource=1#/newGraduatesList?category=staffGroup&dicValue=A&optiontype=0,,广西顺丰,南宁,,"经营管理岗,行业营运岗,行业客户经理,物流运营,菁英计划-销售储备",2026-01-14,
,,,招满即停,https://mp.weixin.qq.com/s/IxZLnpa1SMebOYz57zqr4w,实习,CVTE视源股份有转正机会，娱乐设施全，导师带教，食宿补贴，自助餐厅,科技,含免笔试,https://campus.cvte.com/project/7304f092b3cc11f083a91070fd64d1d0,,CVTE视源股份,广州 | 合肥,,"电源硬件工程师,嵌入式硬件工程师,嵌入式系统软件工程师,应用软件工程师,销售工程师,销售订单管理,人力资源,算法工程师",2026-01-12,
,,,招满即停,https://mp.weixin.qq.com/s/Rrq7u1_L_OU7u5xqleG23w,实习,,游戏,含免笔试,https://campus.funplus.com.cn/,,FunPlus,北京 | 杭州 | 广州 | 成都,,【校招岗位】2D 宠物原画设计师、游戏用户研究； 【转正实习】SLG 游戏策划、游戏数值策划、游戏系统策划、游戏战斗策划、AI Agent 后端开发、客户端开发工程师、海外广告投放优化、Playable 广告美术； 【日常实习】小游戏策划、AI 视频编导实习生、Playable 广告开发、商业化运营、游戏产品运营、海外社区运营、法务实习生,2026-01-05,
,,,招满即停,https://mp.weixin.qq.com/s/daI0C9YtKAGayCsEiSbWoA,实习,,快消零售,含免笔试,https://mp.weixin.qq.com/s/daI0C9YtKAGayCsEiSbWoA,,时尚传媒集团,北京,,人力资源部实习生 集团市场部活动执行实习生 新媒体实习生,2025-12-25,
,,,招满即停,https://mp.weixin.qq.com/s/rhYugSsPd0RSVolFdGYptQ,26届秋招,长沙新东方有五险一金，入职商业保险，节假日福利，员工活动，带薪年假，福利礼金,教育,含免笔试,https://zhaopin.xdf.cn/jobs?activityGuid=b2e987d9-0958-4586-910c-0cb27947be8f,,长沙新东方,长沙,,儿童素养教师（脑力思维、双语绘本、博文妙笔） 中学智慧学习教师（物理、数学、英语） 高中个性化教师（物理、数学） 高中班级教师（物理、数学、英语） （均不限专业）,2025-12-23,
,,,招满即停,https://mp.weixin.qq.com/s/duDHvOYlov_KpJYMm7YWdQ,26届秋招,健萌有五险一金，带薪年假，节日关怀，节日补贴，体育类相关专业,快消零售,含免笔试,https://mp.weixin.qq.com/s/duDHvOYlov_KpJYMm7YWdQ,,健萌,南京 | 苏州 | 长沙 | 深圳,,健身教练（体育类相关专业，如:体育教育，健身指导与管理，社会体育指导与管理，运动康复，运动人体科学等专业）,2025-11-02,
,,,招满即停,http://mp.weixin.qq.com/s/qt6OpxzG31o5zRUIzBCrew,26届秋招,银宝山新有高薪资，月入过万，五险一金落户政策，多种福利，奖励补贴，生活保障,制造业,含免笔试,http://mp.weixin.qq.com/s/qt6OpxzG31o5zRUIzBCrew,,银宝山新,东莞 | 惠州 | 天津,,营销管培生(英语) （市场营销或商务英语等专业优先）管培生(生产管理)（机械制造或工业工程相关专业） 模具设计工程师（机械设计与制造专业） 品质工程师（机械工程，模具设计，工业工程等专业方向） 项目管培生（机械工程等相关专业） 营销管培生(日语)（日语相关等专业优先） 财务管培生（财务，会计等相关专业优先）,2025-11-02,
,,,26.2.28,https://mp.weixin.qq.com/s/bhSeWEJ881t0FkK4N-kQMg,26届秋招,,外企,含免笔试,https://careers.marriott.com/career-journeys/early-careers/jobs?filtercountry0=China&keyword=Voyage,,万豪国际【管培生】,北京 | 上海 | 苏州 | 武汉 | 广州 | 深圳 | 三亚 | 成都 | 西安 | 香港 | 澳门 | 台湾省,,房务部管培生 餐饮部管培生 市场销售部管培生 收益管理部管培生,2025-11-27,
,,,招满即停,https://mp.weixin.qq.com/s/7YNgY52Z5Zl5ITBI-0q5AA?scene=1&click_id=2,春招,双胞胎集团招聘四类，多种岗位,农业,含免笔试,https://wecruit.hotjob.cn/SU68020e2c1eb80570a8ba44e6/mc/position/campus,,双胞胎集团,全国各地,,养殖类、农户服务类、兽医育种类、机电环保类、销售类、食品生产 / 销售类、饲料营销类、饲料生产类、机电类、品管类、饲料研发类、采购管理岗、物流管理岗、财经类、人力资源类、IT 类、建筑工程类、流程管理类,2026-01-03,
,,,招满即停,https://mp.weixin.qq.com/s/Ln6lmvT3xyouVJBtZ7BL5g,实习,宽立资本【销售支持实习生】有工作补贴，实习证明，团队氛围融洽，导师指导,外企,含免笔试,https://aspectcapital-42aeea.careers.hibob.com/jobs/bf32d5ee-6877-495b-8c69-c26920936f7e/apply,,宽立资本【销售支持实习生】,上海,,销售支持实习生,2025-12-23,
,,,招满即停,https://mp.weixin.qq.com/s/5NlNx1Tpwui95ARcpyuiuA,秋招补录,宝宝巴士有竞争力薪酬，五险一金，双休节假日，导师带教，员工关怀，多种补贴，年终奖,教育,含免笔试,https://babybus.zhiye.com/campus?sessionid=,,宝宝巴士,福州,,产品策划类、美术设计类、技术研发类、音频音效类、综合运营类,2025-12-02,
,,,招满即停,https://mp.weixin.qq.com/s/fPmEmgqBfv-Se2zCSw9lmQ,26届秋招,润建股份有五险一金，带薪年假，多种补贴，晋升调薪，人才培养,互联网,含免笔试,https://wecruit.hotjob.cn/SU62de11c9bef57c63469824fd/pb/school.html?projectCode=203201&showProjectBanner=true,,润建股份,广州 | 南宁 | 全国各地 | 海外,,海外市场销售生，海外 SE 工程师，海外售前解决方案工程师，海外交付工程师，AI 开发工程师，智能体开发工程师，后端开发工程师，测试工程师，系统运维工程师，产品经理，SE 工程师，市场管培生，投标管培生，交付工程师，人力管培生，财经管培生，供应链管培生；需求专业：计算机科学与技术，软件工程，电子信息工程，人工智能，通信工程，工业设计，能源工程，新能源，能源与动力，电气工程，市场营销，工商管理，人力资源管理，心理学，会计学，财务管理，金融学，物流管理，供应链管理,2025-11-02,
,,,招满即停,https://mp.weixin.qq.com/s/DZbJpQoUub6vTsPvzXt0Yg,26届秋招,千里智驾免笔试，招聘多个岗位,汽车新能源,含免笔试,https://app.mokahr.com/campus-recruitment/mhr/140893?sourceToken=2a00bcf5639b990ddfdd51e9e9cf0df3&locale=zh-CN#/jobs?keyword=&page=1&anchorName=jobsList&commitment0=,,千里智驾,上海 | 北京 | 宁波 | 重庆,,算法类、开发类、交付类,2025-11-01,
,,,招满即停,https://mp.weixin.qq.com/s/JVt_nZH2vMq8oU41memeaA?scene=1&click_id=5,春招,建华控股有五险一金，生活补贴假期福利等,制造业,含免笔试,https://jianhuabm.zhiye.com/jobs?queryId=262333a3-8b82-400c-8f9f-c57811033059,,建华控股,上海 | 天津 | 广东 | 福建 | 江苏 | 安徽 | 湖北 | 河南 | 湖南 | 山西 | 山东 | 辽宁 | 吉林 | 河北 | 四川 | 江西 | 浙江 | 陕西 | 海南 | 甘肃 | 广西 | 全国各地,,营销管培生、财务管培生、采购管培生、技术管培生、人资行政管培生、物流管培生:,2026-01-14,
,,,招满即停,https://mp.weixin.qq.com/s/yV9w-d7Rlw8o59EJkxyxdw?scene=1,26届秋招,太平洋网络有多种文娱活动，双休节假日，多种福利，扁平化管理,互联网,含免笔试,https://wecruit.hotjob.cn/SU65ea88021eb80541008d8958/mc/position/campus,,太平洋网络,广州,,内容类、运营类、产品类、技术类,2025-12-15,
,,,招满即停,https://mp.weixin.qq.com/s/D1hKZO85cRhdut4yza5TSw,26届秋招 | 秋招补录,山东临工集团招聘多类岗位，2026届海内外毕业生,科技,含免笔试,https://hr.sdlg.cn/recruit#/portal_job_list?job_class=_HB5_Y2FtcHVz,,山东临工集团,济南 | 临沂,,职能管理类 运营管理类 智能制造类 研发技术类 全球营销类 全球群英会（专业要求：视觉识别，软件工程，信号与信息处理，电子信息工程，电机控制，电机与电器，控制，嵌入式，算法，自动化，测控，电气，机器人，机械，机电，车辆，液压，金属材料，能动，内燃机，工业设计，计算机，信息安全，物联网，大数据，人工智能，java，python，C/C++，ABAP，JavaScript（React/Vue 框架），英语，德语，法语，意大利语，西班牙语，俄语，阿拉伯语，印尼语，越南语，葡萄牙语，土耳其语，波斯语，市场营销，财务，会计，审计，法学，人力资源）,2025-11-30,
,,,招满即停,http://mp.weixin.qq.com/s/EUcYsOIjCrvJmndRhuGFgw,26届秋招,广东盈浩有五险一金，导师带教，带薪年假，年度体检，双线晋升,其他,含免笔试,http://mp.weixin.qq.com/s/EUcYsOIjCrvJmndRhuGFgw,,广东盈浩,广州,,外贸业务员 亚马逊运营 产品设计师,2025-11-21,
,,,11.25,https://mp.weixin.qq.com/s/2RB97RLFb0bI8SMqVopzrQ,26届秋招,广西国控集团有竞争力薪酬，员工福利，广阔发展空间,国央企,含免笔试,http://campus.51job.com/gxgk/campus.html,,广西国控集团,兴宁 | 南宁 | 横州 | 柳州 | 桂林 | 梧州 | 北海 | 防城港 | 钦州 | 贵港 | 玉林 | 北流 | 百色 | 来宾 | 崇左,,"业务员,运行维护岗,法务合规岗（兼内审）,农务员,煮糖员,农务技术员,压榨车间技术主管,制炼车间技术主管,制浆化验员,育种师,动物营养配方师,研发工程师,猪场技术员,基地技术员,育种管理岗,会计岗,施工员,研发员,人力资源岗,养殖技术员,茶叶加工技术岗,财务岗,业务岗,科研岗（精细化工组科研员）,科研岗（兽药组科研员）,科研员（农化方向）,科研员（兽药或动物营养学方向）,科研员（涂料方向）,科技中心科研岗,销售业务岗,生产工段员,综合文秘岗,人力资源综合岗,法务管理岗,资产管理岗,食品管理岗,财务会计岗,项目管理岗,会计核算岗,财务管理岗,管理岗,技术管理岗,农业经营管理岗,动物养殖技术岗,养殖管理岗,工勤岗,土地管理岗,经营管理岗,生产经营办管理员,业务岗助理,资产业务岗,人工智能研发工程师,车间生产人员",2025-11-18,
,,,招满即停,https://mp.weixin.qq.com/s/GmY3XuG0i1Kj0OC5gIe-PQ,26届秋招,菲利斯招聘26届本硕博毕业生，多类岗位,科技,含免笔试,https://felicitysolar.zhiye.com/campus/jobs,,菲利斯,上海 | 广州,,"人事专员,产品管培生,嵌入式软件工程师,BMS软件工程师,BMS硬件工程师,研发测试工程师,产品工程师,逆变器硬件工程师,DSP软件工程师,销售工程师（校招）,技术支持工程师,Layout工程师,海外维修工程师,品质工程师",2025-11-17,
,,,招满即停,https://mp.weixin.qq.com/s/qlV4ktEn2VEKg8gxXtfS8A,26届秋招,,其他,含免笔试,https://mp.weixin.qq.com/s/qlV4ktEn2VEKg8gxXtfS8A,,辰妙文化,连云港 | 南京,,短视频编导、视频拍摄剪辑师、设计师、品牌策划,2025-11-11,
,,,招满即停,https://mp.weixin.qq.com/s/gDmZDUPyRuE19UDGdaKTfg,26届秋招,梦尔达科技有五险一金，补充保险，福利年假,快消零售,含免笔试,https://mengerda.zhiye.com/campus/jobs,,梦尔达科技,杭州 | 郑州 | 广州,,营销管培生(抖音/红书方向) 电商管培生(天猫/京东/拼多多) 职能管培生(人力BP),2025-10-31,
,,,招满即停,https://mp.weixin.qq.com/s/Xa5a0Jom2GggeTowdO7Pbw,26届秋招,华友钴业有五险一金，团建活动，带薪年假，节假日福利，健康体检，多种补贴,能源,含免笔试,https://campus.huayou.com/,,华友钴业,桐乡,,财务管培生（会计学及相关专业）,2025-12-16,
,,,招满即停,http://mp.weixin.qq.com/s/CC_SOXP5OsJh52hhT9LZGw,秋招补录,游卡招聘5类岗位,游戏,含免笔试,http://campus.yokaverse.com/,,游卡,上海 | 杭州,,系统策划 数值策划 关卡策划 战斗策划 文案策划 规则策划 产品经理 用户研究 游戏客户端开发 游戏服务端开发 游戏功能测试 平台服务端开发 运维开发 算法 游戏产品运营 新媒体运营 市场营销策划 广告投放 角色概念设计 UE GUI 平面设计 后期制作 HRBP/招聘,2025-12-03,
,,,招满即停,https://mp.weixin.qq.com/s/Hm9Luwfg5-5ttVog-k_IUQ,26届秋招,,汽车新能源,含免笔试,https://chery1.zhiye.com/jobs?queryId=c3268d51-c380-4c52-96db-5f8b2f124f27,,奇瑞汽车,芜湖,,国内外营销 产品开发类 改装设计类 品牌宣传类 智能制造类 新媒体类 供应链类 综合职能类,2025-11-27,
,,,招满即停,https://mp.weixin.qq.com/s/2c22hkWrJl90PywqEPuWDA,26届秋招,,农业,含免笔试,https://wecruit.hotjob.cn/SU68020e2c1eb80570a8ba44e6/mc/position/campus,,双胞胎集团（硕博专项）,全国各地,,养猪职类、食品职类、营销职类、饲料研发职类、生产制造职类、双胞胎动保、供应链职类、职能职类,2025-11-15,
,,,招满即停,https://mp.weixin.qq.com/s/BIDaecoUhBFzyDDheQsrvg,26届秋招,上影集团招聘多类岗位,国央企,含免笔试,https://www.zhaopin.com/companydetail/CZ237387220.htm,,上影集团,上海,,影视产业 / 技术类（后期制作，制片管理，项目执行，影视策划，场景美术，分镜师，AIGC 项目助理）；市场营销 / 管理类（管培生，投资管理，财务专员，人事助理，商务拓展，市场助理，行政文员）；产品设计 / 开发类（产品设计，展陈设计，策划运营）；运营支持（项目助理，接待，讲解员）,2025-11-04,
,,,26.1.16,https://fw.rc.qingdao.gov.cn/jeecms/htmlrc/gqzp/zpjh/20260106/15457.html?sessionid=-1754562688,秋招,青岛市农业融资担保有限责任公司报名截止2026年1月16日，招聘3人,金融,含免笔试,https://fw.rc.qingdao.gov.cn/jeecms/htmlrc/gqzp/zpjh/20260106/15457.html?sessionid=-1754562688,,青岛市农业融资担保有限责任公司,青岛,,平度办事处业务岗（经济学、金融学、财务管理、会计学、农学、园艺、种子科学与工程、设施农业科学与工程、法学、水产养殖学、海洋渔业科学与技术、农林经济管理、食品科学与工程、动物科学等专业） 综合财务部综合岗（财务管理、会计学、新闻学、审计学、中国语言文学、行政管理、档案学、人力资源管理等专业） 城区办事处业务岗（经济学、金融学、财务管理、会计学、农学、园艺、种子科学与工程、设施农业科学与工程、法学、水产养殖学、海洋渔业科学与技术、农林经济管理、食品科学与工程、动物科学等专业）,2026-01-07,
,,,招满即停,http://mp.weixin.qq.com/s/lu--A5NrRVpnnOBqGmHt_A,26届秋招,凡岛【营销部门秋招专场】人才培养体系，扁平化管理,快消零售,含免笔试,https://job.fandow.com/schoolRecruitment,,凡岛【营销部门秋招专场】,广州,,营销管培生 营销经理 管培生（直播间管理方向）(电视编导、新闻等),2025-11-26,
,,,招满即停,https://mp.weixin.qq.com/s/ypEvKuPMM-yV49Ovgx7uhg,26届秋招,省广集团有五险二金，年度体检，团建活动，多元晋升通道，包容工作氛围,其他,含免笔试,https://wecruit.hotjob.cn/SU5f56e5bf9b0d78f6000a8773/pb/school.html,,省广集团,广州 | 武汉 | 北京,,市场营销类、策划运营类、数字媒介类、创意设计类、创意文案类、大数据类,2025-11-11,
,,,招满即停,https://mp.weixin.qq.com/s/lDxwrg2tA3hjfBBtyjnYCg,26届秋招,剧星传媒有五险一金，带薪年假，晋升调薪，节假日福利,其他,含免笔试,https://visionstar.zhiye.com/campus/jobs,,剧星传媒,上海 | 北京 | 广州 | 深圳 | 杭州 | 天津 | 厦门 | 合肥 | 郑州,,策划、执行、运营、销售、编导、数据分析 •,2025-11-09,
,,,招满即停,https://mp.weixin.qq.com/s/6ApJUaCnSM_MQ8jKpFnLwQ,26届秋招,中国平煤神马控股集团有五险一金，法定休假，企业年金，安家费，政策补贴等,国央企,含免笔试,http://hrc.zgpmsm.com.cn:9000/,,中国平煤神马控股集团,郑州 | 开封 | 平顶山 | 许昌 | 南阳,,本科：电气类 机械类 化工与制药类 矿业类 材料类 土木类 临床医学类 地质类 计算机类 自动化类 测绘类 工商管理类 化学类 纺织类 仪器类 管理科学与工程类 能源动力类（相关专业：电子信息类 法学类 物理学类 安全科学与工程类 环境科学与工程类 马克思主义理论类 外国语言文学类 地质学类 工业工程类 物流管理与工程类 水利类 经济与贸易类 人- 数学类 心理学类 新闻传播学类 政治学类）；专科：自动化类 煤炭类 化工技术类 机械设计制造类 机电设备类 电力技术类 测绘地理信息类 铁道运输类 热能与发电工程类（相关专业：计算机类 非金属材料类 轨道装备类 医学技术类 安全类 电子信息类 航空装备类 物流类）,2025-11-06,
,,,招满即停,https://mp.weixin.qq.com/s/L5VJTzmDr57sB491YRtmZQ,秋招补录,韶音科技免笔试,科技,含免笔试,https://app.mokahr.com/campus-recruitment/aftershokzhr/36940#/jobs?page=1&anchorName=jobsList&keyword=&commitment0=&zhineng0=71583&zhineng1=134969&zhineng2=71584&zhineng3=71586&zhineng4=71585,,韶音科技,深圳,,人力资源管培生 投资管培生 法务管培生 IT产品经理管培生 软件开发工程师 IT战略管培生(网络系统信安方向) 质量管理培训生 质量运营工程师 产品合规工程师 供应链管理培训生 主计划工程师 量产PMC工程师 海外仓工程师 需求计划工程师 软件工程师(装备开发) 制程测试工程师 声学测试工程师 硬件测试工程师 工业工程师 整机工艺工程师 治具开发工程师 项目管理培训生(新产品导入),2025-12-08,
,,,26.1.20,https://mp.weixin.qq.com/s/ZQiAzV3tMXRh61OtbhoA0Q,春招,,快消零售,含免笔试,https://career.anker-in.com/social/recruitment/new,,安克创新,北京 | 上海 | 苏州 | 杭州 | 长沙 | 深圳,,研发 产品 设计 算法 运营 MKT 供应链 人资行政,2026-01-07,
,,,招满即停,https://mp.weixin.qq.com/s/e_OrA9ZFtyZpIbC3ORRwrw,秋招,青岛新润丰石油贸易有限公司有五险一金，双休节假日，购房补贴，带薪年假,能源,含免笔试,https://sddmsh.zhiye.com/campus/jobs?memory=LocId3702&silence=1,,青岛新润丰石油贸易有限公司,青岛,,贸易执行岗（市场营销、国贸、经济、外语、数学、信息、自动化、化工、石油炼制、化工机械、材料） 贸易开发岗（市场营销、国贸、经济、外语、数学、信息、自动化、化工、石油炼制、化工机械、材料） 财务资金岗（会计学、审计学、金融学、财务管理） 法务合规岗（法学、国际贸易法、海商法）,2026-01-03,
,,,招满即停,https://mp.weixin.qq.com/s/5VCp_oDbULEGYpNSFCqXfA,26届秋招,,其他,含免笔试,https://tg45thgzzc.jiandaoyun.com/f/6191d19a5eb58d0008279a24,,金沙河集团,邢台,,市场运营（市场营销 国贸 工商管理） 物流运营（物流管理） 软件实施（计算机 软件工程 软件开发 信息管理） 电商投流专员（数据分析 计算机） 会计（会计学 财务管理） 财务专员（财务 会计） 研发助理（食品 化学 生物 农学 环境工程） 产品运营（食品类 营养类 农业类） 人事专员（不限专业） 记者（新闻学 汉语言文学 影视文学 编导） 市场业务员（不限专业）,2025-12-24,
,,,招满即停,https://mp.weixin.qq.com/s/vLt6aDy4Sobp3D1Wetyakw,26届秋招,,快消零售,含免笔试,https://mp.weixin.qq.com/s/vLt6aDy4Sobp3D1Wetyakw,,三只象集团,厦门,,剪辑管培生（影视、编导、数媒等相关专业）编导管培生（影视、编导、新闻等相关专业）拍摄管培生（摄影、影视、美术等相关专业）运营管培生（专业不限）直播运营管培生（传媒、营销、电商等相关专业）拼多多运营管培生（电商、营销、经管等相关专业）客服管培生（专业不限）财务管培生（财务、会计、经管等相关专业）人力行政管培生（人力、行政、管理等相关专业）,2025-12-24,
,,,26.7.1,https://mp.weixin.qq.com/s/9c99LKY5A_hva0ft9qh1Mg,26届秋招,洽洽食品有五险一金，丰厚薪酬，节假日福利，多种补贴，成长发展,快消零售,含免笔试,https://qiaqiafood.zhiye.com/campus/jobs,,洽洽食品,合肥 | 全国各地,,营销销售类（市场营销、食品类、工商管理类专业）；供应链类（工程类、自动化类、食品类专业）；质量类（食品类、微生物类专业）；职能类（财务类、商科类、食品类、供应商管理类专业）；种植类（农学、林学、园艺、植物保护类专业）,2025-12-01,
,,,招满即停,http://mp.weixin.qq.com/s?__biz=MzI5MDEwMjc1Ng==&mid=2651459427&idx=1&sn=c791a848e97e7218b7efbeef902c95a9&chksm=f7dba3e8c0ac2afe8b922bbb959fb8148776a7505252d9fcd2bdc491e888ee5f8574ee9f89ab#rd,26届秋招,导远科技招聘多类岗位，免笔试，导师带教,汽车新能源,含免笔试,https://asensing.jobs.feishu.cn/campus/?keywords=&category=&location=&project=&type=&job_hot_flag=&current=1&limit=10&functionCategory=&tag=&spread=W79TGXM&storefront_id_list=,,导远科技,北京 | 上海 | 苏州 | 广州,,产品工程师 算法工程师 软件工程师 软件测试工程师 系统工程师 硬件工程师 解决方案工程师 销售工程师 设备工程师 供应链工程师 质量工程师 项目工程师 工艺工程师 测试开发工程师,2025-11-23,
,,,招满即停,http://mp.weixin.qq.com/s?__biz=MjM5MDA0NDY4NA==&mid=2651599363&idx=1&sn=65c17c53075b667980ef4743dd20b906&chksm=bdb255608ac5dc767c8ad2b1b14d89e46d78e45a873c81a366b5eb02f075493e7d77c514188b#rd,26届秋招 | 实习生,华策影视有四类岗位，多个工作地点，截止投递到11.20日,其他,含免笔试,http://mp.weixin.qq.com/s?__biz=MjM5MDA0NDY4NA==&mid=2651599363&idx=1&sn=65c17c53075b667980ef4743dd20b906&chksm=bdb255608ac5dc767c8ad2b1b14d89e46d78e45a873c81a366b5eb02f075493e7d77c514188b#rd,,华策影视,北京 | 上海 | 杭州 | 海外,,文学责编 AI内容创意制作 国际视频内容运营 国际合作助理 品牌营销 董事长办公室助理 财务助理 人力资源助理 法务助理,2025-11-16,
,,,招满即停,https://mp.weixin.qq.com/s/ZvjcavG4zMqcXmPUmpEdqA,实习,小红书 HR 元气储备营（实习可转正）有一对一带教，系统培训，实战项目,互联网,含免笔试,https://job.xiaohongshu.com/campus/position/18473,,小红书 HR 元气储备营（实习可转正）,北京 | 上海,,HR,2026-01-12,
,,,招满即停,https://mp.weixin.qq.com/s/-PMfBt671JgmZTR6Ajy4Sg,26届秋招,以星综合航运（中国）有五险一金，补充医疗险，子女商业险，多种补贴，多种福利，文娱活动,外企,含免笔试,https://mp.weixin.qq.com/s/-PMfBt671JgmZTR6Ajy4Sg,,以星综合航运（中国）,广州 | 深圳,,销售培训生 海运客服（订舱组/客户服务组） 海运运价部专员 海运客服（单证组）（国际经济与贸易、 物流管理、商务英语、供应链管理、 交通运输、港口与航运管理相关专业优先）,2025-11-09,
,,,12.31,http://mp.weixin.qq.com/s/nozoe3nGQoU5MvwDhmQmqg,26届秋招,极佳视界免笔试，截止投递日期12.31日,科技,含免笔试,https://gigaai0118.jobs.feishu.cn/index/position/list,,极佳视界,北京 | 上海 | 杭州 | 武汉 | 广州 | 深圳,,具身智能 深度学习/视觉/多模态算法工程师 仿真算法工程师 强化学习算法工程师 导航算法工程师 模型部署工程师 运动控制算法工程师 世界模型 视觉重建算法工程师 视觉生成算法工程师 3D算法工程师 物理引擎算法工程师 软件 软件工程师 运维工程师 硬件 机械结构工程师 嵌入式软件/硬件工程师,2025-11-09,
,,,12.31,https://mp.weixin.qq.com/s/zdhjqAfB616e9fQUo1TJdw,26届秋招,世纪证券免笔试，多个工作地点，截止12.31日,金融 | 国央企,含免笔试,https://xy.liepin.com/csco/,,世纪证券,北京 | 天津 | 上海 | 南京 | 苏州 | 杭州 | 宁波 | 温州 | 合肥 | 福州 | 厦门 | 南昌 | 景德镇 | 九江 | 新余 | 赣州 | 吉安 | 宜春 | 樟树 | 抚州 | 济南 | 青岛 | 郑州 | 武汉 | 长沙 | 广州 | 珠海 | 佛山 | 东莞 | 揭阳 | 海口 | 重庆 | 成都 | 昆明 | 西安 | 银川 | 乌鲁木齐 | 全国各地,,业务储备人才,2025-10-31,
,,,招满即停,https://mp.weixin.qq.com/s/TVx5t2A0f5aoZ9q5WKi-LQ,春招,,其他,含免笔试,https://mp.weixin.qq.com/s/TVx5t2A0f5aoZ9q5WKi-LQ,,博芳环保,佛山,,营销储备干部、新媒体运营储备干部、技术部储备干部、水处理药剂技术研发储备干部、运营助理储备干部、项目运营储备干部、商务部储备干部、财务部储备干部、人事部储备干部,2026-01-05,
,,,招满即停,https://mp.weixin.qq.com/s/YTg86jcJpruY5BPsOuZ9RQ,秋招补录,,其他,含免笔试,https://jobtaikang.zhiye.com/custom/campuslist,,泰康之家,北京 | 天津 | 石家庄 | 沈阳 | 长春 | 上海 | 无锡 | 苏州 | 宁波 | 温州 | 合肥 | 福州 | 厦门 | 南昌 | 济南 | 郑州 | 武汉 | 深圳 | 南宁 | 重庆 | 成都,,AI科技产品运营 自动化测试工程师 智能硬件工程师 应用研发工程师 算法工程师 数据与数字化平台岗 人力资源 经营分析 综合经营 医保 招采 护士 餐饮管理 护理师 运动指导师 销售支持专员 文娱活动师 财务 社工 医生 康复治疗师 生活管家 市场营销 运保,2026-01-05,
,,,招满即停,https://mp.weixin.qq.com/s/2u001toQlCrnHlJibyrDJg,26届秋招,英特利普集团有一对一带教，超长假期，出国机会，节假日福利，多种团建,外企 | 咨询法律,含免笔试,https://mp.weixin.qq.com/s/2u001toQlCrnHlJibyrDJg,,英特利普集团,上海 | 北京 | 深圳 | 香港 | 杭州 | 苏州 | 常州 | 南京 | 西安 | 成都 | 武汉 | 大连,,人力资源顾问管培生(高端猎头、IT&BPO，RPO)，国内岗、海外岗,2025-12-27,
,,,招满即停,http://mp.weixin.qq.com/s?__biz=MzAwOTQ2NzAyMQ==&mid=2247508758&idx=1&sn=7356a28476a53754d5a98294897c1857&chksm=9b5dc6f4ac2a4fe2cdfff2780756589137f45ab911a40ba40bc07a9d62d76863dda4360b8985#rd,26届秋招,科瑞恩职位遍布全国，免笔试，人才培养,制造业,含免笔试,http://mp.weixin.qq.com/s?__biz=MzAwOTQ2NzAyMQ==&mid=2247508758&idx=1&sn=7356a28476a53754d5a98294897c1857&chksm=9b5dc6f4ac2a4fe2cdfff2780756589137f45ab911a40ba40bc07a9d62d76863dda4360b8985#rd,,科瑞恩,大连 | 无锡 | 苏州 | 昆山 | 南通 | 宁波 | 潍坊 | 深圳 | 成都 | 海外,,机械工程师 电气工程师 项目管理工程师 软件开发工程师 硕士管培生 越南籍在华留学生 职能类岗位 生产类岗位,2025-11-23,
,,,招满即停,https://mp.weixin.qq.com/s/dEZEhlsKbvOav_JQA8Breg?wxwork_userid=YangZhiHong&from=singlemessage&scene=1&subscene=10000&sessionid=1762402120&clicktime=1762404350&enterid=1762404350&ascene=1&fasttmpl_type=0&fasttmpl_fullversion=7983990-zh_CN-zip&fasttmpl_flag=0&realreporttime=1762404350525#wechat_redirect,26届秋招,,互联网,含免笔试,https://jobs.kunlun.com/459522 |  ,,昆仑万维,北京 | 深圳 | 广州 | 长沙 | 海外,,"强化学习、大模型框架、 AI infra 、多模态、语音算法、视频算法、推荐算法、流媒体算法、 NLP 、 CV 、 TTS .. 
 | 技术 GO 开发、客户端、 H 5 
 | 运营区域运营、产品运营
 | 产品产品经理 
 | 市场优化、剪辑 
 | 内容编剧、编辑 ",2025-11-04,
,,,招满即停,https://mp.weixin.qq.com/s/M8CRjZ6eC4xQXHYArJEm2w?scene=1,春招,圣和药业在全国都有招聘,生物医药,含免笔试,https://sanhome.zhiye.com/campus,,圣和药业,南京,,客户经理实习生，销服管培生，靶点发现与确证研究员，抗体发现研究员，药化合成研究员，体内筛选研究员，靶点发现与确证高级研究员，抗体发现高级研究员，药化设计高级研究员，体外筛选研究员，医学经理，医学高级经理，人力资源实习生，财经实习牛.宙计实习生,2026-01-10,
,,,招满即停,http://mp.weixin.qq.com/s?__biz=MzI3OTAxMTY5Mg==&mid=2652917174&idx=1&sn=5499c7d250a936439cbbe4b80281e8c8&chksm=f09aa5b5c7ed2ca33efcdb86a8f7b780ddf14c5dbd3f036b4ed2cec95bf80a78d818c5779df1#rd,26届秋招,晨光文具有落户政策，人才公寓，六险一金，健康体检，团建活动,快消零售,含免笔试,https://app.mokahr.com/campus-recruitment/mg/142713?locale=zh-CN#/jobs,,晨光文具,上海,,职能支持类（人力、财务、法务） 营销管理类（国内外销售、市场推广） 设计类（平面/工业设计） 产品管理类（产品开发、产品管理）,2025-11-16,
,,,12.7,http://mp.weixin.qq.com/s/_gnnn6ch6CORai3Rnj7q1w,26届秋招,北投集团招聘多类岗位，截止到12.7日,国央企,含免笔试,http://mp.weixin.qq.com/s/_gnnn6ch6CORai3Rnj7q1w,,北投集团,北京,,投资岗 法务岗 能源运营岗 能源技术岗 融资管理岗 能源数据岗 智能化岗 内控管理岗 资金管理岗 人力资源管理岗 财务管理岗 工程管理岗 造价管理岗 营销管理岗 成本管理岗 项目管理岗 品牌宣传岗 园林施工管理岗 研发工程师,2025-11-10,
,,,招满即停,https://mp.weixin.qq.com/s/brPHThtHu6E-wrIqGXY-nA,26届秋招,广东广电网络有多个分公司，有高薪酬，完备社保，企业年金，人才培养体系,国央企,含免笔试,https://xyz.51job.com/External/Apply.aspx?CtmID=8430170,,广东广电网络,广州 | 韶关 | 深圳 | 珠海 | 汕头 | 佛山 | 江门 | 湛江 | 茂名 | 肇庆 | 惠州 | 梅州 | 汕尾 | 河源 | 阳江 | 清远 | 英德 | 东莞 | 中山 | 潮州 | 揭阳 | 云浮 | 山南,,"总部英才培养计划，经营分析岗，网络运维岗，开发工程师，技术规划岗，平台运维岗，IT 管理岗，动力运维岗，工程管理岗，工程设计岗，集团业务运维岗，技术支撑岗，数据库工程师，数智化技术支撑，数据网运维岗，网络安全岗，网络规划岗，系统建设岗，系统维护岗，项目管理岗，信息安全工程师，云平台工程师，云资源业务拓展岗，增值开发岗，政企售前工程师，终端嵌入式软件开发工程师兼业务运维支撑工程师，综合解决方案岗，市场营销岗，客户经理岗，数据分析岗，媒资制作岗，集客技术支持岗，集客运营管理岗，政企业务岗，综合业务岗，业务支撑岗，数字家庭产品专员 (全国各地业务方向), 经营管理岗，法务岗，供应链管理岗，人力资源管理岗，审计岗，综合文秘岗，财务管理岗，会计核算岗，营装维岗，终端运维工程师，网格专员（相关专业：人工智能，智能科学与技术，智能视听工程，软件工程，物联网工程，计算机科学与技术，计算机技术，光电信息与科学，通信工程，光电信息科学与工程，财务管理，会计，经济，金融，统计学，网络工程，广播电视工程，电子信息工程，网络空间安全，大数据，自动化类，统计类，数学类，人工智能类，集成电路类，电子信息类，信息安全，网络系统管理，电力，电气工程，电气工程及其自动化，云计算，网络空间安全，电子与通信工程，影视摄影与制作，数字媒体，影视特效，新媒体技术，经济统计学，应用统计学，数据科学与大数据技术，金融数学，信息工程，电子商务，新媒体运营，新闻传播学，广播电视编导，影视摄影与制作，数字媒体艺术，新闻学 (广播电视方向), 广告学 (影视广告方向), 动画，视觉传达设计，工程管理，工程造价，采购管理，法学，汉语言文学，行政管理，公共事业管理，文秘，供应链管理，物流管理，人力资源管理，劳动与社会保障，心理学，劳动与社会，审计，法律，财务，不限，工商管理，企业管理，经济管理，商业分析）",2025-11-04,
,,,招满即停,https://mp.weixin.qq.com/s/fac-7i6fqnTz95oR9JG3yQ,26届秋招,湖北市政建设集团有多种工资，绩效奖金，六险二金，证书补贴，多种福利,国央企,含免笔试,https://hblt.zhiye.com/campus,,湖北市政建设集团,全国各地,,园林景观工程师(工程技术类)(2人)（需求专业:园林工程(技术)、园林、风景园林、土木工程等） 项目技术员(工程技术类)(7人)（需求专业: 土木工程、工程管理、道路工程、公路与城市道路工程等） 项目质量员(工程技术类)(2人)（需求专业: 建筑工程技术、建筑施工技术、水利水电建筑工程、建设工程管理等） 安全员(安全管理类)(12人)（需求专业:安全工程、安全管理、安全科学与工程、土木工程、工程管理等） 项目会计(财务资金类)(7人)（需求专业: 财务、财政学、税收学、会计、经济学、经济统计、金融学等） 纪检员(法务审计类)(1人)（需求专业:法学等相关专业） 园林景观设计师(设计类)(1人)（需求专业:景观设计、风景园林、园艺、环境艺术设计等)项目综合办人员(综合管理类)(2人)（需求专业:行政管理、汉语言文学、新闻学、政治学等）项目施工员(工程技术类)(14人)（需求专业: 土木工程、建筑施工技术、市政工程、给排水工程等） 合同员(工程管理类)(7人)（需求专业: 工程造价、建筑工程预决算、建筑设计(技术)、基础工程技术、市政工程(技术)等） 项目物资员(设备物资类)(8人)（需求专业: 物流管理、物流工程、采购管理、供应链管理等 市场开发岗(市场开发类)(2人)（需求专业: 工程管理、市场开发等相关专业）,2025-11-03,
,,,招满即停,https://mp.weixin.qq.com/s/7X9uxzRkfy3pBH3_mS0ESQ,26届秋招,,能源,含免笔试,https://hailiang.jobs.feishu.cn/420069/position/list,,海亮股份,上海 | 杭州 | 绍兴 | 铜陵 | 聊城 | 江门 | 重庆,,"产品研发 装备技术研发 生产管理 外贸业务 国内外产品营销 营销支持 市场研究 人力 财务 金融 行政 品牌 数字化 采购 物流 法务（材料类、机械类、电气类、电化学类、营销类、国际贸易、英语类、自动化类等、(国内销售专业不限)、管理类、财经类、工科类专业,材料、 机械、电气、电化学、自动化等专业优先、法学类、机械类、IT类等）",2025-12-21,
,,,招满即停,https://mp.weixin.qq.com/s/ckcytDl8H321RL3LOenyzA,春招,瓦格耐WAGNA有六险一金，双休节假日，带薪年假，食宿补贴，本科及以上学历,外企,含免笔试,https://mp.weixin.qq.com/s/ckcytDl8H321RL3LOenyzA,,瓦格耐WAGNA,郑州 | 驻马店 | 佛山,,"外贸销售工程师,国内销售工程师,机电工程师（国际贸易、商务英语、市场营销、机电一体化、电气自动化、专业不限、机电自动化、机械设计）",2026-01-12,
,,,招满即停,https://mp.weixin.qq.com/s/KDbkm_B7SPBTetOO8QJRpg,实习,希望学有导师一对一带教，招聘本科及以上学历,教育,含免笔试,https://mp.weixin.qq.com/s/KDbkm_B7SPBTetOO8QJRpg,,希望学,北京,,课程运营实习生、活动运营实习生、抖音直播运营实习生、小红书运营实习生、编导实习生、剪辑实习生,2026-01-07,
,,,招满即停,http://mp.weixin.qq.com/s?__biz=MzIyMTc3MDIxNw==&mid=2247497047&idx=1&sn=bedb364fc53f17ca05d7260325c7e390&chksm=e8350dd1df4284c70ef6abc92edecb382933eb0e8883b1e82a24dfa1649d2ece6c4577738ce1#rd,秋招补录,新东方华南区有五险一金，竞争力薪资，带薪年假，员工内部福利，节假日福利，年度体检,教育,含免笔试,https://bsurl.cn/v2/8k0XT8VD,,新东方华南区,广州 | 深圳 | 珠海 | 佛山 | 东莞 | 南宁 | 海口,,少儿素养班课/一对一教师 双语/博文/益智 初中学习机素养班课教师 博文/益智/双语/动手实验(物理/化学方向) 高中素养班课教师 数学/英语/物理/化学 高中素养一对一教师 语文/数学/英语/物理/生物 初中素养班课教师 益智 高中素养班课教师 数学 营销管培生,2025-12-08,
,,,招满即停,https://mp.weixin.qq.com/s/v6-ACKODw1BqitN4DZ0Ltw,26届秋招,图为技术六险一金，带薪年假，免费体检，节假日福利,科技,含免笔试,https://mp.weixin.qq.com/s/v6-ACKODw1BqitN4DZ0Ltw,,图为技术,深圳,,三维引擎开发工程师、C++开发工程师、图形算法工程师、Al开发工程师、数字化实施工程师、销售工程师、解决方案工程师,2025-11-26,
,,,招满即停,https://mp.weixin.qq.com/s/5febIb8Vo_wyBr2AtnvBOA,26届秋招,,外企,含免笔试,https://app.mokahr.com/campus-recruitment/ti/143986?sourceToken=4cbc7c6106d9cefd7521e5250bc9b822#/jobs,,德州仪器,北京 | 上海 | 苏州 | 杭州 | 深圳,,技术销售工程师 - TSE，现场技术应用工程师 - FAE（模拟方向），现场技术应用工程师 - FAE（嵌入式方向），应用工程师 - AE（模拟音频方向），运营分析专员（理工科相关专业，电力电子相关专业，运营、供应链市场专业等相关专业）,2025-12-10,
,,,招满即停,http://mp.weixin.qq.com/s?__biz=MzkxNDM5ODYzNQ==&mid=2247486054&idx=1&sn=56d05f7f8c6a032100c11ffbce4b2ccd&chksm=c16e46a2f619cfb4795f632c7a90661a392e19f9c11757f23ef357e42ea1694026f3d94fcc0b#rd,26届秋招,火羽科技招聘13种岗位，有一对一导师带教，转正机会，独立项目,游戏,含免笔试,https://campus.huoyugame.com/job.html,,火羽科技,广州,,文案策划(剧情策划) 英文文案策划 系统策划 数值策划 市场运营(海外) 游戏运营 社媒运营(矩阵运营) 用户研究 韩文运营 韩文翻译 海外投放 英文翻译 市场投放,2025-12-03,
,,,招满即停,https://mp.weixin.qq.com/s/ILn_rccOEivk-fK6BipePg?click_id=104,26届秋招,百嘉基金招聘四类岗位，免笔试,金融,含免笔试,https://mp.weixin.qq.com/s/ILn_rccOEivk-fK6BipePg?click_id=104,,百嘉基金,广州,,行业研究岗 固收助理研究岗 机构营销岗 渠道销售岗,2025-11-06,
,,,招满即停,https://mp.weixin.qq.com/s/Bt63DdvXChnbmUyRbMiUgg,26届秋招,StarThing有人才培养，五险一金，商业保险，带薪年假，法定节假日，完备福利体系,互联网,含免笔试,https://jsj.top/f/v2WUeG,,StarThing,杭州,,销售培训生 门店督导 研发（前端） 研发（Java后端） 研发（测试） 技术服务工程师 财务培训生 人力培训生 新媒体运营 商业化运营 供应链管理,2025-11-02,
,,,招满即停,https://mp.weixin.qq.com/s/kZSz4ap3jUFUyhBf3Rzqaw,实习,,金融,含免笔试,https://mp.weixin.qq.com/s/kZSz4ap3jUFUyhBf3Rzqaw,,恒丰银行,北京,,行政支持岗 对公助理岗 大堂助理岗,2026-01-03,
,,,招满即停,https://mp.weixin.qq.com/s/guZbRIE_6X5L7mvSIxWBAg,26届秋招,忆咖通科技有七险一金，多种补贴，节假日福利，年度健康体检，弹性工作时间,汽车新能源,含免笔试,https://app.mokahr.com/campus-recruitment/geely/78436?sourceToken=d9e61792cdfa055229590e5bafd97162#/jobs?keyword=&page=1&pageSize=30&zhineng0=0&anchorName=jobsList,,忆咖通科技,武汉 | 全国各地,,软件类 软件测试岗 软件质量岗 数字化研发岗 软件开发岗 驱动底层开发岗 信息安全开发岗 Linux开发岗 Android系统开发岗 制造类 工艺岗 质量岗 测试设备岗 其他 销售运营岗 人力资源岗 研发运营岗,2025-11-25,
,,,招满即停,https://mp.weixin.qq.com/s/c51iiElL_QC485Go1GwpFg,26届秋招,顺电招聘多类岗位，多个工作地点,制造业,含免笔试,https://hr.sundan.com/#/campus-job,,顺电,深圳 | 东莞,,营销管培生，采购管培生，电商运营专员，会员运营专员，人力资源专员，财务专员，JAVA开发工程师，售后管培生，物流管培生,2025-11-07,
,,,招满即停,https://mp.weixin.qq.com/s/UJynYECf6nGNZWlXSFi3SA,26届秋招,,汽车新能源,含免笔试,https://faw-zhaopin.hotjob.cn/SU62d7ff10bef57c58929dbfdb/mc/position/campus?orgCode=028,,一汽丰田,天津 | 长春 | 成都,,新能源研发类 智能网联开发类 整车研发类 产品企划类 智能制造类 生产制造技术类 生产物流管理类 品质保证类 营销企划管理 营销服务管理 新能源营销 数字化营销 营销职能管理（相关专业：机械类，电气类，计算机类，电子信息，自动化，材料类，能源动力，管理类）,2025-11-07,
,,,招满即停,https://mp.weixin.qq.com/s/vkgDs1YxZPFmSOntc5RHSw,26届秋招,亚东集团有高年薪，六险一金，员工福利，安家补贴，人才培养,其他,含免笔试,https://www.ydchem.cn/rec/deliver?id=163&did=287,,亚东集团,石家庄 | 沧州 | 衡水 | 海外,,聚氨酯技术研发/应用工程师 销售业务经理 生产类 人力资源 财会类 采购类 研发方向 营销方向,2025-11-04,
,,,招满即停,http://mp.weixin.qq.com/s?__biz=MzIyMTc3MDIxNw==&mid=2247496908&idx=1&sn=42b25396542e0686f6c3b57e47b780d2&chksm=e8350c4adf42855c49cfc0610a7e105581b8fa271ee007b8a7defbe5bd3252c9d669455609c1#rd,26届秋招,新东方华南区在多个城市招聘多个岗位,教育,含免笔试,https://bsurl.cn/v2/8k0XT8VD,,新东方华南区,广州 | 深圳 | 珠海 | 佛山 | 东莞 | 南宁 | 海口,,营销管培生 少儿素养班课教师(双语/益智/博文/编程) 少儿素养个性化教师(双语/益智/博文) 初中学习机班课教师 (双语/博文/益智/动手实验:化学/物理方向) 中学素养个性化教师(博文/益智/双语) 中学素养个性化教师 (动手实验:物理方向/化学方向/生物方向) 中学素养个性化教师 (博文:政治方向/地理方向/历史方向) 高中素养班课教师 (双语/博文/益智/动手实验:物理方向) 初中全日制教师(政治) 少儿班课教师(双语/益智/博文) 初中班课教师(双语/益智/博文) 高中班课教师(英语/数学/物理/化学) 高中一对一教师(英语/数学/物理/化学) 顶尖人才计划:少儿班课教师 (双语/益智/博文) 顶尖人才计划:初中班课教师 (双语/益智/博文) 顶尖人才计划:高中班课教师 (英语/数学/物理/化学) 中学博文班课教师 中学益智班课教师 中学物理班课教师 青少博文班课教师 青少益智班课教师 个性化高中语文教师 个性化高中数学教师 个性化高中物理教师 中学双语班课教师 青少双语班课教师 个性化高中英语教师 青少班课教师(双语/益智/博文) 初中学习机班课教师(双语/益智/博文/物理) 高中班课教师(数学/英语/物理/化学) 个性化高中教师(语文/数学/英语/物理/化学) 青少双语班课教师 高中化学教师 中学数学班课教师 个性化双语教师 高中益智班课教师 高中物理班课教师 少儿脑力与思维教师 少儿博文口才教师 少儿双语教师 初中学习机语文教师 初中学习机英语教师 初中学习机数学教师 初中学习机物理教师 高中语文教师 高中数学教师 高中英语教师 高中物理教师 高中化学教师 高中一对一文综教师 高中一对一教师(语文/英语/数学/物理/化学),2025-11-02,
,,,12.31,https://mp.weixin.qq.com/s/F7diQ_I8M36H6LGKJp09HA,实习,,外企,含免笔试,https://www.ajinga.com/recruiting/company/13470/job-list?aj_source=Umusic_Wechat&aj_code=LandingSocial#rt=I,,环球音乐大中华区,北京 | 上海 | 深圳 | 香港,,市场营销团队实习生 品牌合作团队实习生 音乐商业化团队实习生 数字团队实习生,2025-12-21,
,,,26.1.31,https://mp.weixin.qq.com/s/Qe_tIyvaCF09Sd13Poim_A?scene=1&click_id=18,26届秋招,联合利华有竞争力薪酬，多种福利待遇，职场关怀晋升体系,外企 | 快消零售,含免笔试,https://young.yingjiesheng.com/xyzlogin?ctmid=7A881C02-F355-443A-BC88-4050231DE34B&ehirejobid=&jumpurl=httpsxyz.51job.comconsumerpcresumeindexctmid9108648prdmp.weixin.qq.comprpcdxyz.51job.comcpruidbackurlauiduuidpartner,,联合利华,全国各地,,销售英才-饮食策划 销售英才-家庭护理 销售英才-美妆及个人护理,2025-12-17,
,,,招满即停,https://mp.weixin.qq.com/s/L1Q7jyc0UcVVCG6IOX2cvA,26届秋招,远洲集团招聘多类岗位，人才培养，导师引领,其他,含免笔试,https://mp.weixin.qq.com/s/L1Q7jyc0UcVVCG6IOX2cvA,,远洲集团,上海,,管培生(方向：酒店运营管理（旅游 酒店 英语 空乘） 人力资源管理（人力资源管理） 培训/行政 绩效管理（人力资源 工商管理 行政管理 旅游管理） 财务管理（会计 财务管理） 食品安全管理（食品科学与管理 食品类） 营销/品牌/采购/法务方向（市场营销 品牌视觉 采购 供应链 法学）),2025-11-25,
,,,招满即停,https://mp.weixin.qq.com/s/J0jxPULJzi_5yT26CAEXDQ,26届秋招,蕴农招聘本科，硕士毕业生，有竞争力薪资,农业,含免笔试,https://mp.weixin.qq.com/s/J0jxPULJzi_5yT26CAEXDQ,,蕴农,天津 | 南京 | 郑州 | 驻马店 | 深圳,,"外贸业务管培生（国贸、英语、小语种、农学植保类） 国内业务（化学化工、农学植保类） 外贸单证员（国际经济与贸易、商务英语、物流管理） 国内农药登记（植保农学类） 制剂研发（化学类、植保农学类） 质量检测（化学类、分析类） 储备干部（理工科类,化学类、机械设备类优先）",2025-11-17,
,,,招满即停,https://mp.weixin.qq.com/s/__zjPfcNat2RLl_dfuR4Zg,26届秋招,天意有福薪资5k以上，多元的福利保障，丰富员工活动，完善成长体系,其他,含免笔试,https://www.wjx.cn/vm/rpXlPLd.aspx?code=031yo8Ha1R2lDK01fnFa1G7RIb3yo8Hx&state=sojump,,天意有福,广州,,"市场 BD, 大客户销售，外贸业务员，电商客服，储备印刷机长，储备后工序机长，助理维修工程师，.net 开发工程师，董事长助理，人力资源助理",2025-11-11,
,,,招满即停,https://mp.weixin.qq.com/s/W1vbrRmaEZ3zwBSG11f34A?scene=1&click_id=16,26届秋招,豪雅集团招聘三类岗位,其他,含免笔试,http://mobile.nbhooya.net:9000/mobilemode/mobile/view.html?appHomepageId=204&mTokenFrom=anonymous&mToken=07CB7706E3D7E58811C601AEA7166B23#&page_204,,豪雅集团,杭州 | 宁波,,跨境电商运营（专业不限） 跨境电商文案编辑（专业不限） 数据分析师（数据分析、大数据、应用统计）,2025-12-22,
,,,招满即停,https://mp.weixin.qq.com/s/w0FfViSnMmo3l1GxJN1ycA,秋招补录,金斯瑞有六险一金，丰厚薪资，年终奖，丰富节假日活动，文体活动,外企,含免笔试,https://app.mokahr.com/campus-recruitment/genscript/101964?locale=zh-CN#/,,金斯瑞,南京 | 全国各地,,销售工程师 人力资源高级专员公用系统工程师 工艺设备工程师 物流(进出口)专员 数字分析师 数字解决方案工程师;,2025-12-17,
,,,招满即停,https://mp.weixin.qq.com/s/AX90juVPFbTGHovZWqWWDg,秋招补录,,汽车新能源,含免笔试,https://wecruit.hotjob.cn/SU64a37a4dbef57c3af71c2478/pb/index.html#/,,宇通集团,郑州,,研发技术、生产技术、供应链-物控/采购/SQE、海外销售、海外业务、海外财务、人力资源,2025-11-29,
,,,招满即停,https://mp.weixin.qq.com/s/bZPlG9lL_zd0oUSc45bdiQ,26届秋招,北辰集团有五险二金，带薪年假，竞争力薪资，补充医疗险，多元发展通道,国央企,含免笔试,https://jqzp.fesco.com.cn/companydetails?infoid=MzAw&cmierscode=cde3c965a8bf4853a7154dd22a542e6e,,北辰集团,北京,,会展类 计算机类 商业运营类 工程类 经济类 财务类（物业管理，出纳，信息化专员，会展助理研究员，项目经理，会展策划专员，商业运营专员，商业招商专员，财务会计专员，多媒体制作和运营专员，法务专员，人力资源专员，工程技术专员）,2025-11-25,
,,,招满即停,http://mp.weixin.qq.com/s/2ghdCjwzxipHayN0n3lIQw,26届秋招,,汽车新能源,含免笔试,https://ikd-china1.zhiye.com/campus/jobs?LocId=id3302label,,爱柯迪,宁波 | 柳州,,培训生--工艺技术方向 培训生--质量方向 培训生--项目方向 培训生--精益生产方向 培训生--焊接工艺方向,2025-11-09,
,,,招满即停,https://mp.weixin.qq.com/s/wbFKCBF2OVWBi4SXeFOUmA,26届秋招,爱普生有五险一金，带薪休假，补贴保障，八小时工作制，食宿高标准,外企,含免笔试,https://epson.zhaopin.com/jobs/index.html,,爱普生,深圳,,厂房电气工程师，安全环境工程师，报关专员，订单管理专员，日语行政专员，制程工程师，部品技术工程师，生产技术工程师，品质工程师，电气设计工程师，机械设计工程师，机器视觉运用工程师,2025-11-03,
,,,招满即停,https://mp.weixin.qq.com/s/lR7HTwIsvVIO-eJC7rXEnQ,26届秋招,,汽车新能源,含免笔试,https://sokon.zhiye.com/campus/jobs,,赛力斯,重庆,,AI 控制算法助理工程师（计算机，车辆，人工智能，软件工程，机械） 数据算法助理工程师（自动驾驶，车辆电控系统相关专业） 大模型算法助理工程师（计算机，人工智能，NLP） 感知算法助理工程师（计算机，自动驾驶，人工智能） 涂装装备工程师（机械工程相关专业） 数据管理（汽车，机械，电子，自动化） 电源软件工程师（车辆，电气，自动化） 紧固连接设计助理工程师（车辆工程，机械类） 行驶性能开发助理工程师（车辆工程，机电控制） 底盘 & ADAS 测试助理工程师（计算机科学与技术，电子与信息工程，自动化类） 开闭件附件工程师（车辆，机械，模具，材料） 车身控制软件开发助理工程师（车辆，机械，自动化，电子信息） 整车需求工程师（车辆工程，机械工程，电子信息，软件工程） 整车场景定义工程师（汽车工程，计算机科学，工业设计，产品设计） 需求特性工程师（车辆工程，机械工程，电子信息，软件工程） 价值创新助理工程师（无明确限制专业） 数字化开发工程师（车辆工程，软件工程，电子工程，信息管理） 流程管理业务专员（计算机，IT 相关专业优先，专业不限） 内控业务专员（计算机，IT，法律相关专业优先，专业不限） 法务业务专员（法律） 产品规划专员（车辆工程，计算机科学，人工智能，工业设计） 用户洞察专员（市场营销，心理学，统计学，用户研究）,2025-12-21,
,,,招满即停,https://mp.weixin.qq.com/s/IAQODhiuAfZLDL6gIuAmdA,26届秋招,华润饮料有带薪年假，六险二金，工会福利，多种补贴，年度体检,快消零售 | 国央企,含免笔试,https://wecruit.hotjob.cn/SU62bbf80cbef57c0f6fb39dd4/mc/position/campus,,华润饮料,深圳,,财务岗 纪检岗 保密管理岗 销售岗 新品开发岗 生产设备岗 质量岗（专业：财务管理、市场营销、工商管理、保密管理、食品工程、生物技术、机械电子、自动化控制、马克思主义理论、审计）,2025-12-10,
,,,招满即停,https://mp.weixin.qq.com/s/4zY2w3UjkKGuNwQqNiA-pw,26届秋招,搜狐畅游-校招&实习应有尽有有七险一金，18天年假，家属体检，餐费补助，14-16薪,游戏,含免笔试,https://app.mokahr.com/campus-recruitment/cyou-inc/42233#/,,搜狐畅游,北京,,C++ 开发工程师，AI 算法工程师，AI 技术美术，Agent 开发工程师，游戏项目管理与用研，数据分析师，AI 产品经理，2D 角色设计师，2D 场景设计师，助理主美术，游戏 UI 设计师，特效设计师，游戏策划培训生，游戏数值策划，用户研究实习生，数值策划实习生，视频设计实习生，平台运营实习生,2025-12-07,
,,,招满即停,https://mp.weixin.qq.com/s/76Kul-zIaA5lw2nV_Gr69A,26届秋招,华润啤酒有六险一金，年终奖，月度奖金，健康体检，多种津贴，带薪年假,国央企,含免笔试,https://wecruit.hotjob.cn/SU6047338a0dcad46d3e601b07/pb/school.html,,华润啤酒,南京 | 嘉兴 | 合肥 | 蚌埠 | 福州 | 厦门 | 泉州 | 漳州 | 潍坊 | 岳阳 | 广州 | 东莞 | 昆明,,包装生产技术员，酿造生产技术员，技术培训生，维修储备生，生产储备生，营销培训生，市场营销培训生,2025-12-04,
,,,招满即停,http://mp.weixin.qq.com/s?__biz=MjM5MzcxODU3Ng==&mid=2658219591&idx=1&sn=2ddef9f6bb08bc4e539b4ce332cd0f96&chksm=bd175e188a60d70e8c5eecf71d541b40ed4b574c22727dd2ac211fc5a1fa4c915687986b0db6#rd,春招,喜玩HeyTrip有高年薪，丰富的企业活动，团队协作乐趣，工作氛围好，周末双休,互联网,含免笔试,http://%E9%82%AE%E7%AE%B1%E6%8A%95%E9%80%92%EF%BC%9Acampus@heytripgo.com/,,喜玩HeyTrip,广州,,境外酒店供应商管培生 境外酒店销售渠道管培生 境外酒店直签管培生,2026-01-06,
,,,招满即停,https://mp.weixin.qq.com/s/unyETnXPu7J2Z11U8Cuq1g,26届秋招,TÜV NORD集团有五险一金，补充医疗险，节假日福利，额外年假,外企,含免笔试,https://wecruit.hotjob.cn/SU676e55546202cc219c4c8cd5/mc/position/campus,,TÜV NORD集团,上海 | 全国各地,,项目工程师 – 储能系统认证 工程师 – 整车认证 工程师 – 零部件认证 工程师 – 整车排放 客户服务助理,2025-11-02,
,,,招满即停,https://mp.weixin.qq.com/s/NuntYMC_I0SvMgCAuKaaFw,26届秋招,瀛之杰招聘五类岗位，免笔试,汽车新能源,含免笔试,https://mp.weixin.qq.com/s/NuntYMC_I0SvMgCAuKaaFw,,瀛之杰,上海,,企业战略与生态合作运营管理生、数字化咨询业务方向管理生、行业数字化落地解决方案项目管理生、AI行业算法工程师、汽车产品内容开发顾问,2025-11-10,
,,,招满即停,https://mp.weixin.qq.com/s/EDf5qFRxBhXoiorrC7gvgQ,实习,,教育,含免笔试,https://wj.qq.com/s2/15956902/550e/,,长春新东方,长春,,HR实习生（人力资源、管理学、 心理学、英语优先）,2025-12-25,
,,,招满即停,https://mp.weixin.qq.com/s/2nHwlAlbffC6EuALh0QvnA,26届秋招,丸美股份有三类岗位,快消零售,含免笔试,https://marubi.zhiye.com/Campus,,丸美股份,广州 | 珠海 | 西安 | 全国各地,,内容营销 品牌营销 媒介策划 电商运营 直播运营 达播商务 投放推广 视频剪辑 直播策划 产品开发 设计,2025-12-17,
,,,招满即停,http://mp.weixin.qq.com/s/c4KgN2JG6X8kOCSlDpzJ3w,26届秋招,云南宇泽新能源有五险一金，多种假期，女性友好，多种奖励，员工成长，节假日福利,能源,含免笔试,https://www.wjx.cn/vm/tGqGVT4.aspx,,云南宇泽新能源,苏州 | 宜春 | 昆明 | 楚雄 | 文山,,生产 工艺 设备 人力行政 仓储管理 财务 数智化 设施 职能中心 研发 销售 质量 计划运营 技术,2025-12-17,
,,,招满即停,https://mp.weixin.qq.com/s?__biz=MzA4NDk3OTAyNQ==&mid=2653059980&idx=3&sn=4f98835082498d3ca812b955395825b7&chksm=840827b2b37faea4e7f3771509d9117b56770ae3285ac2c14fa4d7c721e3dd4025a3cbcbe9d9#rd,秋招补录,上海新东方有竞争力薪资，带薪年假，福利礼金，五险一金，团建活动,教育,含免笔试,https://mp.weixin.qq.com/s?__biz=MzA4NDk3OTAyNQ==&mid=2653059980&idx=3&sn=4f98835082498d3ca812b955395825b7&chksm=840827b2b37faea4e7f3771509d9117b56770ae3285ac2c14fa4d7c721e3dd4025a3cbcbe9d9#rd,,上海新东方,上海,,高中班课教师 高中个性化教师 自习室教师 智慧学习素养教师 素质素养教师 学习机教师（所有岗位不限教资，不限专业）,2025-11-30,
,,,招满即停,https://mp.weixin.qq.com/s/roT5bukz0Hupfa0VCQbLxQ,26届秋招,奇瑞汽车面向多类岗位多种专业,汽车新能源,含免笔试,https://chery1.zhiye.com/jobs?queryId=4bf5ddf8-9879-4ded-a535-735df97be14e,,奇瑞汽车,上海 | 芜湖,,销售助理 服务助理 网络助理 售后助理 生态运营助理 终端运营 品牌 公关 主播 编导 视频方向 产品助理 项目助理 成本助理 采购助理 设计师 质量助理 产品定义开发 用户体验 用户运营 用户洞察 生态运营 终端运营 后台技术支持,2025-11-03,
,,,招满即停,https://mp.weixin.qq.com/s/Vy17vWZSwiGyRbRV-zT2DA,26届秋招,矽典微招聘2026届海内外优秀硕士、博士毕业生，免笔试,半导体,含免笔试,https://www.iclegend.com/zh-hans/jobs/,,矽典微,南京 | 上海 | 苏州,,模拟集成电路设计工程师、射频集成电路设计工程师、数字前端设计工程师、数字验证工程师、雷达算法工程师、射频天线工程师、应用硬件工程师、嵌入式软件工程师,2025-11-01,
,,,招满即停,https://mp.weixin.qq.com/s/84RQyvWBicsjiIMZtKr6WA,实习,,金融,含免笔试,https://gyasset.hotjob.cn/,,高毅资产,上海 | 深圳,,人力资源实习生（人力资源管理 心理学 管理学 经济金融）,2026-01-03,
,,,招满即停,https://mp.weixin.qq.com/s/QAxiukjSU3AGza50dfjrtw,秋招补录,星火教育-深圳分公司有高薪资，五险二金，发展晋升双通道，多种假期，活动丰富，节日礼品，住房补贴,教育,含免笔试,https://mp.weixin.qq.com/s/QAxiukjSU3AGza50dfjrtw,,星火教育-深圳分公司,深圳,,精品课堂素养教师、奥林匹克竞赛教练,2025-12-27,
,,,招满即停,http://mp.weixin.qq.com/s?__biz=MzU3MDU5NTA4Mg==&mid=2247501653&idx=2&sn=d925bfca03af06301b04b39c8738a26d&chksm=fcef8530cb980c260019ae0e85431918074e40fe4bfbc2f4052f165df20baaaa6fccc4666831#rd,26届秋招,,互联网,含免笔试,https://schr.tencent.com/web/collect/login/8ff2cca6-7912-405a-a1c2-1ae6def91839,,腾讯子公司-绵阳招聘,绵阳,,信息安全运营专员,2025-12-10,
,,,招满即停,http://mp.weixin.qq.com/s/oUCaYhvAM9mwlaWaQ2IlSw,26届秋招,鼎泰集团有度体检，带薪年假，六险一金，员工活动，多种福利，多种补贴,生物医药,含免笔试,http://mp.weixin.qq.com/s/oUCaYhvAM9mwlaWaQ2IlSw,,鼎泰集团,南京 | 上海 | 昆明 | 苏州 | 全国各地,,毒理/药理研究员 分子生物学研究员 DMPK研究员 病理学家 生物分析研究员 制剂分析研究员 动物实验技术员 生物分析员 制剂分析员 临检技术员 分子病理技术员 DMPK技术员 制剂配制员 样品管理员 医学监查经理/专员 临床统计师 临床监查员 医学撰写经理/专员 临床数据管理员（DM) 仪器设备管理员 SOP管理员 设备维修工程师 污水站管理员 行政前台 档案管理人员 CSV验证专员 值班维修工程师 仓储物流专员 项目专员 项目总监/经理 兽医 QA专员 临床QA经理 BD总监/经理,2025-11-26,
,,,招满即停,https://mp.weixin.qq.com/s/K9gNs7P3EgOPefmasKjzUA,26届秋招,塔斯汀有六险一金，带薪假期，双休，团队氛围好，完善培养体系,快消零售,含免笔试,https://517tastien.jobs.feishu.cn/071459/position/list,,塔斯汀,福州,,管培生 数据分析方向 项目管理方向 财务方向 法务方向 产品经理方向,2025-11-03,
,,,招满即停,https://mp.weixin.qq.com/s/B2ZhUMrnzq_u1gW0vOnwcQ,春招,禾丰股份招聘多类岗位,农业,含免笔试,https://mp.weixin.qq.com/s/B2ZhUMrnzq_u1gW0vOnwcQ,,禾丰股份,北京 | 河北 | 天津 | 山东 | 山西 | 唐山 | 赤峰 | 湖北 | 湖南 | 河南 | 临沂 | 甘肃 | 陕西 | 青海 | 宁夏 | 四川 | 重庆 | 全国各地,,音养师助理;产品经理助理;会计;品管员;吉销储备干部;生产储备干部;中梓员;品经理助理;品管员;技术服务专员;客服代表;言销储备干部;品管员;产品经理助理;放养管理员;驻场技术员;采购管培生;品管员;生产储备干部;产品经理助理;驻场技术员;产品经理助理;品管员,2026-01-07,
,,,招满即停,https://mp.weixin.qq.com/s/6ZwT3VoUaQIp3-c4Reog0A,秋招补录,,教育,含免笔试,https://jsj.top/f/wH0Lvf,,无锡新东方,无锡,,高中个性化教师：数学方向 物理方向 英语方向 化学方向；运营方向：课程顾问/学业规划师 市场专员 社群运营专员 电话外呼专员,2026-01-05,
,,,招满即停,https://mp.weixin.qq.com/s/q7lZHZRsFPv_kTB5i2u_ww,春招,,游戏,含免笔试,https://xz.duoyi.com/v40/#/,,多益网络,广州 | 武汉 | 苏州,,程序类、策划类、艺术类、市场类、职能类,2026-01-05,
,,,招满即停,https://mp.weixin.qq.com/s/QybR_V0nM4miPSE-PDh9tg,实习,,咨询法律,含免笔试,https://zhcpa.zhiye.com/campus/jobs,,中汇,北京 | 长春 | 上海 | 南京 | 无锡 | 苏州 | 杭州 | 宁波 | 合肥 | 济南 | 青岛 | 武汉 | 广州 | 深圳 | 西安,,风险咨询（财务咨询）（财会类 金融 企业管理） 风险咨询（IT 审计）（信息管理与信息系统） 交易、并购重组咨询岗（理工类 财经管理） 管理咨询岗（工商管理 国际商务） 资产评估岗（资产评估 设备 数学 金融 财会 房地产 土地） 税务岗（会计 税务 财政） 审计岗（统计学 计算机 信息管理与信息系统 财会）,2025-12-25,
,,,招满即停,https://mp.weixin.qq.com/s/mFRM_L_uIAIacp6uUHljnQ?scene=1,26届秋招,大参林有一对一带教，专属晋升通道，五险一金，带薪培训，落户广州，健康体检,生物医药,含免笔试,https://campus.dslyy.com/campus-recruitment/dslyy/136052#/page/2026,,大参林,广州 | 广西 | 江苏,,营运类、商品类、新零售类、战略分析、人力类、财务类、法务类,2025-12-22,
,,,招满即停,https://mp.weixin.qq.com/s/BI5H6BjcvE8z3-hiv_ITSg,26届秋招,美迈科技有六险一金，双休，团建旅游，晋升双通道，系统培养，导师带教,快消零售,含免笔试,https://mirmiles.zhiye.com/campus/jobs,,美迈科技,全国各地,,设计(产品设计/创意设计) 销售运营 市场营销 IT研发 供应链 人力资源,2025-12-16,
,,,招满即停,http://mp.weixin.qq.com/s?__biz=MzI5MTY1NjMxNw==&mid=2247502799&idx=1&sn=abf92e4c425b6cad16624aaea8f00830&chksm=ec0fccdddb7845cbba867f23fab8f27540c6a287716f66e26558f3d4f28f8bcc66f66bb3cb08#rd,实习,FunPlus招聘7类岗位，多种职位,游戏,含免笔试,https://campus.funplus.com.cn/,,FunPlus,北京 | 杭州 | 成都,,游戏系统策划 游戏数值策划 游戏剧情策划 游戏战斗策划 AI视频编导实习生 AI Agent后端开发 客户端开发工程师 2D角色原画设计师 视觉设计实习生 VX界面动效设计师 数据分析师 游戏产品运营 海外社区运营 海外素材创意 Playable广告美术 用户研究 税务实习生 招聘实习生,2025-12-07,
,,,招满即停,https://mp.weixin.qq.com/s/CzRMRMkIdL9ngsEUusYyAQ,26届秋招,喜喜点心招聘3人,快消零售,含免笔试,https://mp.weixin.qq.com/s/CzRMRMkIdL9ngsEUusYyAQ,,喜喜点心,海口,,外卖运营管培生、新媒体运营管培生,2025-11-25,
,,,招满即停,https://mp.weixin.qq.com/s/tIiANOLObv58fKGWPgLEPg,春招,双汇集团有五险一金，岗前培训，节假日福利，多类补助，效益加薪,快消零售,含免笔试,https://shuanghui2026.zhaopin.com/home/index.html,,双汇集团,漯河 | 周口 | 武汉,,管培生 研发类管培学员 销售类管培学员 综合类管培学员（相关专业：畜牧养殖类 食品类 市场营销类 计算机软件类 财会金融类 化工包装类 机械设备类 企业管理类 人力资源类 现代物流类 生化类）,2026-01-03,
,,,招满即停,https://mp.weixin.qq.com/s/gP5bcMCqwURdVGeJeP3jcA,26届秋招,,生物医药,含免笔试,https://yfdyf1.zhiye.com/campus/jobs,,益丰集团,全国各地 | 株洲 | 长沙 | 湘潭 | 岳阳,,人力储干（专业不限 人力 经管 心理类相关专业） 审计储干（财务 审计） 财务储干（财务 会计） 营运 - 新店储干（室内设计 土木工程）,2025-12-25,
,,,招满即停,https://mp.weixin.qq.com/s/Rr3oCwAB6iq2S6q6d4ZbSQ,26届秋招,知乎有完善晋升体系，友善团队氛围，广阔成长空间,互联网,含免笔试,https://app.mokahr.com/campus-recruitment/zhihu/68321#/jobs,,知乎,北京 | 上海 | 武汉 | 广州 | 成都,,算法 研发 产品 运营 设计 营销策划,2025-12-08,
,,,招满即停,https://mp.weixin.qq.com/s/No5E9VqARdR1oAIjKUNDiw,26届秋招,,汽车新能源 | 国央企,含免笔试,https://mp.weixin.qq.com/s/No5E9VqARdR1oAIjKUNDiw,,福汽集团,苏州 | 福州 | 厦门,,综合管理岗(机械工程、车辆工程、通信工程、物联网、控制工程) 人力资源部主办(人力资源管理、心理学、行政管理) 审计稽核部主办(审计、会计、财务管理) 海外销售国家经理(车辆工程、汽车运用、机械、市场营销、国际贸易、西班牙语、俄语、葡萄牙、国际贸易) 海外售后服务工程师(车辆工程、汽车运用、机械、电气) 海外售后服务技师(汽车维修、机械、电气) 国内销售业务代表(车辆工程、汽车运用、机械、电气、市场营销) 国内售后服务工程师(车辆工程、汽车运用、机械、电气) 技术研发工程师(车辆工程、汽车运用、机械、电气) 质量工艺/采购工程师(车辆工程、汽车运用、机械、电气) 技术中心研发工程师储备(车辆工程、电气及自动化) 工艺管理部工艺师储备(车辆工程、电气及自动化、机械、涂装) 国内外销售业务储备(阿拉伯语、西班牙语、法语、车辆工程、机械) 国内外技术服务工程师储备(车辆工程、机械) 技术管培生(机械、车辆、金属材料、电气) 职能管培生(财务、行政、供应链管理) 技能学徒(机械、汽车、模具、数控、机器人、电气) 商用车系统设计工程师(车辆工程、机械设计、电气自动化) 海外销售客户经理(车辆工程、市场营销、国际贸易) 国内销售客户经理(市场营销、车辆工程) 国内售后技术工程师(车辆工程、机械类) 品质管理工程师(质量管理工程、车辆工程、机械制造及自动化) 海外售后技术支持工程师(机械工程、汽车工程、车辆工程),2025-11-19,
,,,招满即停,https://mp.weixin.qq.com/s/diNtTOBboiG3c-bLoMRJWQ,26届秋招,,建筑,含免笔试,https://mp.weixin.qq.com/s/diNtTOBboiG3c-bLoMRJWQ,,嘉岚置地,南宁 | 桂林 | 梧州 | 百色 | 玉林,,置业顾问岗、销售后台岗、新媒体运营岗、项目策划岗、客服岗、主播岗、人力行政岗、业务岗、资金财务岗、成本招聘岗、运营岗,2025-11-19,
,,,招满即停,https://mp.weixin.qq.com/s/UH9h4ERymTVJyjlu-436pQ,26届秋招,新和成面向25，26海内外应届生，面向多类岗位，多种专业,生物医药,含免笔试,https://xinhecheng1.zhiye.com/campus/jobs,,新和成,天津 | 绥化 | 绍兴 | 潍坊,,"未来之星（管培生）,食研新星（管培生）,海外项目管理专员（日本）,技术引进专员,供应商管理专员,原料采购专员,设备采购专员,运输管理专员,人类营养品外贸/内贸大客户销售,动物营养品大客户销售（国内、国际）,外贸服务专员（单证）,产品经理,财务专员,设备管理员,装备管理员,仪表管理员,高压电气管理员,工程管理员,IT顾问,软件开发工程师,行政专员,宣传专员,法务专员（海外）,博士研究员,工艺包开发工程师,（各方向）研究员,大客户销售（国内、国际）,维修技术员（电气方向）,研究员,财务专员,电气技术员,设备技术员,工艺施工员,国际大客户销售（新材料）,设备管理员,仪表管理员,工艺设计师,车间工艺技术员,车间技术员/研究员,设备技术员,财务专员（相关专业：化学化工类 生物类 财会类 国贸类 药学制药类 过控机械类 审计类 人力资源类 食品类 电气仪表类 计算机类 心理学类 动科类 自动化类 法学类 语言类）",2025-11-18,
,,,招满即停,http://mp.weixin.qq.com/s/cqOqt0Yh_G8Pr7nlv-juuA,26届秋招,加多宝有五险一金，商业保险，定期体检，多样补贴，多类福利，年假福利假,快消零售,含免笔试,https://jdbchina1.zhiye.com/campus/jobs,,加多宝,全国各地,,推广管培生 营销实习生 销售管培生 制造实习生 人力资源实习生 机电管培生 质量管培生 销售代表,2025-11-16,
,,,招满即停,https://mp.weixin.qq.com/s/IxlPq_R6oXPBagR1TV2gtQ,26届秋招,博海有维有竞争力的薪酬，交补，五险一金，团队活动，职业培训，工作氛围好,互联网,含免笔试,https://mp.weixin.qq.com/s/IxlPq_R6oXPBagR1TV2gtQ,,博海有维,深圳 | 佛山,,AIGC技术应用 AIGC美工设计 新媒体运营 电商运营 课程设计 人力资源 AI产品经理 AI算法工程师（相关专业：计算机类 人工智能类 电子商务类 软件工程类 管理类 教育类 设计类 新闻与传播类）,2025-11-13,
,,,招满即停,https://mp.weixin.qq.com/s/v_TILULwTVfxqojB5qB68g,春招,蓝信封有高薪资，五险一金，法定节假日，带薪年假，带病休假，员工福利，多种团建,其他,含免笔试,https://blueletter.feishu.cn/share/base/form/shrcnwjXfwvnOYELJTG69QxKw4c,,蓝信封,广州,,项目运营 专员 社群运营 专员 学校运营岗 个案工作岗 政府关系岗 信件管理岗 大使运营岗 信件审核岗 客服咨询岗 大使社群岗 短视频与传播岗 高校召集人岗 月捐人岗 实习生岗 企业合作岗,2026-01-03,
,,,招满即停,https://mp.weixin.qq.com/s/_vr2wKxyVOOuuhU0fpASKg,秋招补录,好未来招聘本科及以上学历,教育,含免笔试,https://mp.weixin.qq.com/s/_vr2wKxyVOOuuhU0fpASKg,,好未来,北京 | 上海 | 郑州 | 济南 | 南昌,,国际素养教师、全球教育者计划-日/韩/法教师、教育类主播、带货主播、短视频编导、人力资源校招生（培训方向/HRBP方向/COE方向/出版HRBP方向）、电商运营、投放、商务BD,2025-12-10,
,,,招满即停,https://mp.weixin.qq.com/s/dbbqpyMjuN76kx2-drU1fg,26届秋招,Ipsos益普索就业前景好，招聘4类岗位,外企,含免笔试,https://mp.weixin.qq.com/s/dbbqpyMjuN76kx2-drU1fg,,Ipsos益普索,北京 | 上海 | 广州,,助理咨询顾问 咨询顾问 高级咨询顾问 研究员 高级研究员 研究经理,2025-12-10,
,,,招满即停,https://mp.weixin.qq.com/s/62mQi3HbCkyWK3-TaE4XRQ,26届秋招,吴羽碳纤维招聘9人,外企,含免笔试,https://mp.weixin.qq.com/s/62mQi3HbCkyWK3-TaE4XRQ,,吴羽碳纤维,上海,,质量助理工程师 设备助理工程师 管培生（生产技术） 助理（日语） 技术销售岗,2025-11-21,
,,,招满即停,https://mp.weixin.qq.com/s/alMZJfBPgUlsetxL6J76fQ?scene=1,26届秋招,海力士有六险一金，竞争力年薪，多重奖金，年度晋升，免笔试,外企,含免笔试,https://skhynix.tupu360.com/position/list?enter=menu&type=CAMPUSRECRUITMENT&state=e16888c186033d305d0d57f748a38205&code=001lHaGa1YLhDK0RxtHa1PgFEj3lHaGT&_t=1762742365779,,海力士,大连,,工艺整合与质量类 工艺与设备类 生产制造类 厂务支持类 开发与测试类（相关专业：集成电路、电子信息工程、微电子、材料科学与工程、物理、化学、光学、计算机科学与技术、自动化、数学、工业工程工程力学、能源动力、环境等(STEM学科均可)）,2025-11-09,
,,,招满即停,https://mp.weixin.qq.com/s/P7TEyxcG73EVlOccLRkuwg,26届秋招,雀巢有全国各地办公，人才培养，专业培训,外企 | 快消零售,含免笔试,https://nestle.tupu360.com/position/list?business=Omni+Grocery+Retail+Sales&enter=menu&lang=zh_CN&type=GROUPMANAGEMENTRUITMENT&state=181e3e5d0da0364d61e63f7512ce1018&code=0518ae100AKAhV1yy6400gnKnp38ae1z&_t=1762311781149,,雀巢,北京 | 沈阳 | 上海 | 南昌 | 武汉 | 长沙 | 广州 | 成都 | 西安,,销售管培生 Sales Trainee,2025-11-04,
,,,招满即停,https://mp.weixin.qq.com/s/d5OOmGwsdrpFtR-4zdkS9A,26届秋招,沃尔玛有完善的培养体系，发展路径,外企 | 快消零售,含免笔试,https://webapp.zhaopin.com/2025/hd/wemzg0704ZL82493/jobs1/index.html?id=10076001,,沃尔玛,北京 | 天津 | 石家庄 | 沈阳 | 大连 | 上海 | 南京 | 无锡 | 常州 | 苏州 | 南通 | 扬州 | 杭州 | 宁波 | 温州 | 嘉兴 | 绍兴 | 合肥 | 福州 | 厦门 | 泉州 | 南昌 | 济南 | 青岛 | 武汉 | 长沙 | 广州 | 深圳 | 珠海 | 惠州 | 东莞 | 中山 | 南宁 | 重庆 | 成都 | 全国各地,,山姆营运管培生,2025-10-29,
,,,招满即停,https://mp.weixin.qq.com/s/Fv_wyvgJJtvzKxYKUZV_OQ,实习,,教育,含免笔试,https://app.mokahr.com/campus-recruitment/tal/147459?locale=zh-CN#/jobs,,好未来,北京 | 南昌 | 济南 | 郑州 | 成都,,短视频后期实习生 短视频编导实习生 境外法务实习生 政府事务实习生 直播运营实习生 内容运营实习生 用户运营实习生 数学教研实习生（不限专业）,2026-01-05,
,,,招满即停,https://jsfilm.zhaopin.com/zk/#/notice_new?prantMenuid=0cf9c3a1a2c5049389384f8f771dc09a,26届秋招,江苏省电影集团招聘5名，至2025年12月12日,国央企,含免笔试,https://jsfilm.zhaopin.com/zk/#/join-online?prantMenuid=ca283e7b9a367ed7a1842d3c7e147fec,,江苏省电影集团,南京,,市场营销 宣传策划 管培生 制片岗（相关专业：影视制片、电影学、戏剧与影视学、新闻传播学、中文、市场营销、工商管理、数字媒体技术、法学、财务会计、经济、金融等相关专业）,2025-11-30,
,,,招满即停,https://mp.weixin.qq.com/s/WlyUhUWxTinLJvo7Uj2-3g?scene=1&click_id=11,26届秋招,华正新材有五险一金，免费食宿，杭州政府补贴，节日福利，人才培训，双休，弹性打卡,科技,含免笔试,https://v.wjx.cn/vm/w7zLS0u.aspx,,华正新材,扬州 | 杭州 | 珠海,,储备干部（专业不限，化工、材料类等相关专业优先） 研发工程师（材料类、化工类） 制造工程师（材料类、机械类、信息化、数据分析类） 工艺工程师（材料类、化工类） 设备工程师（机械类） 品质工程师（材料类、质量管理类） 销售工程师（国际经济与贸易类、市场营销类） 技术服务工程师（材料类、化工类）,2025-11-26,
,,,招满即停,https://mp.weixin.qq.com/s/WRa2lO8XwooC0wYVl3SpWw,26届秋招,炬旺科技有五险一金，员工保障，定期团结，食宿免费，荣誉激励，人才培养,互联网,含免笔试,https://mp.weixin.qq.com/s/WRa2lO8XwooC0wYVl3SpWw,,炬旺科技,粤港澳大湾区,,管培生（营销类、财务类）、产品文员、商城运营专员、人力资源专员、行政专员、平面设计助理,2025-11-26,
,,,招满即停,https://mp.weixin.qq.com/s/m0DdBUvIb0FWn2nILn-cvQ,26届秋招,韶音科技-营销岗补录招聘4类，免笔试,科技,含免笔试,https://app.mokahr.com/campus-recruitment/aftershokzhr/36940#/jobs?commitment=&zhineng0=71813&zhineng1=161073&zhineng2=168403&zhineng3=161074&zhineng4=150584&zhineng5=152603&zhineng6=150585&depar,,韶音科技-营销岗补录,深圳,,渠道销售类、电商运营类、品牌管理类、数据分析类,2025-11-24,
,,,招满即停,https://mp.weixin.qq.com/s/Vpgf9Kt65ab_dnAFa0sHzw,26届秋招,依科赛生物有五险一金，年终奖金，项目奖金等多种奖金，人才落户等政策支持，多种福利补贴，员工活动,生物医药,含免笔试,https://mp.weixin.qq.com/s/Vpgf9Kt65ab_dnAFa0sHzw,,依科赛生物,上海 | 北京 | 苏州太仓 | 广州 | 深圳 | 香港 | 乌拉圭,,研发、市场、销售、技术、生产、质控及西班牙语外贸管培生,2025-11-21,
,,,招满即停,http://mp.weixin.qq.com/s?__biz=MzI5NTIyMjUyNQ==&mid=2247486322&idx=1&sn=403315e90e66d7783a013d6e1c0b5dae&chksm=ec57a6e0db202ff63f2000cccbe0ecffb4567647b947ec282a5fe60c1fc0e2c94e8cc51f51f1#rd,26届秋招,以岭药业有五险一金，带薪假期，年度体检，节假日福利,生物医药,含免笔试,http://mp.weixin.qq.com/s?__biz=MzI5NTIyMjUyNQ==&mid=2247486322&idx=1&sn=403315e90e66d7783a013d6e1c0b5dae&chksm=ec57a6e0db202ff63f2000cccbe0ecffb4567647b947ec282a5fe60c1fc0e2c94e8cc51f51f1#rd,,以岭药业,石家庄,,医药代表（医学、药学及相关专业） 产品经理助理（医学、药学及相关专业） 品牌传播专员（医学、药学及相关专业） 渠道运营助理（医学、药学及相关专业） 临床医学研究员（临床医学、临床药学、临床药理） 中药研究员（中药学药剂和工艺方向、中医学） 化药研究员（药物化学、药物分析、药学制剂、有机化学等相关专业） 市场准入专员/助理（药学相关专业、管理类相关专业） 产品专员（临床医学本科及以上、药学专业硕士及以上） 工艺员（药学系制剂专业） 管培生（中药学、中草药栽培与鉴定、药用植物栽培、中药学、中药材资源学等专业） 中药材采购专员（中药学、中草药栽培与鉴定、药用植物栽培、中药学、中药材资源学等专业） 技术员（药学、农学、食品工程、生物学等相关专业）,2025-11-11,
,,,招满即停,https://mp.weixin.qq.com/s/1nnjtpbY3gupUaePSStXug,26届秋招,耀华建设有高薪资，年终奖，成长支持，团队氛围好,建筑,含免笔试,https://www.unicysk.com/yh-mobile/#/,,耀华建设,杭州,,人力资源专员，行政专员，财务专员（专业要求:人力资源管理，行政管理，会计学等） 监理工程师助理，造价工程师助理， 设计工程师（专业要求:土木工程，工程管理，建筑学，工程造价等） 可行性研究专员，招投标专员（专业要求:工程管理，市场营销，法学等）,2025-11-02,
,,,26.8.15,https://mp.weixin.qq.com/s/flo1YzBY-DNo5Xn_hEVG7g,实习,学而思有福利晚餐，多种团建，团队氛围好，基础设施全,教育,含免笔试,https://yach-doc-shimo.zhiyinlou.com/forms/DYCBSVJDdaOQQAH0/fill,,学而思,北京,,IP主讲实习生 教研实习生 教学实习生 学科策略实习生,2025-12-16,
,,,招满即停,https://mp.weixin.qq.com/s/4_RLiQJZjbNaKrMKJcHwCQ,春招,宝龙地产职业发展清晰，晋升快,建筑,含免笔试,https://mp.weixin.qq.com/s/4_RLiQJZjbNaKrMKJcHwCQ,,宝龙地产,上海 | 江苏 | 浙江 | 福建 | 安徽 | 广东 | 山东 | 河南 | 江西,,成本管理、运营管理、营销管理、财务管理、人力资源,2026-01-14,
,,,招满即停,https://mp.weixin.qq.com/s/ziKm-Ws3W-6HJEsTRd2IlQ,春招,华润五丰有多元岗位，三年培养，招聘本科及以上学历,国央企 | 农业,含免笔试,https://nfh.hotjob.cn/,,华润五丰,深圳 | 赣州 | 上海 | 香港 | 全国各地,,销售类、研发类、运营类、职能类,2026-01-06,
,,,招满即停,https://mp.weixin.qq.com/s/yqNOVAgRsBjRoK7aSEI0bw,秋招补录,潍坊新东方-研后专场有五险一金，做五休二，带薪年假，年度体检，人才补助,教育,含免笔试,https://www.wjx.top/vm/wAYlSjG.aspx,,潍坊新东方-研后专场,潍坊,,教师岗 运营岗 实习岗（应届生应聘不限专业/教资/经验）,2025-12-25,
,,,招满即停,http://mp.weixin.qq.com/s/FX9AecPH9MXh-PgXKNBsTg,26届秋招,,其他,含免笔试,http://mp.weixin.qq.com/s/FX9AecPH9MXh-PgXKNBsTg,,古田化工,天津 | 沈阳 | 南京 | 宁波 | 福州 | 武汉 | 广州,,销售工程岗（化学相关专业） 销售工程岗（韩语方向） 产品管理岗（生化环材等化学相关专业） 产品开发工程岗（表面活性剂相关）（表面活性剂/胶体化学相关专业或课题）,2025-12-21,
,,,招满即停,https://mp.weixin.qq.com/s/tEJ3lfaiqr5lYn5PzhQKLQ,26届秋招,洛阳格力有五险一金，双休，带薪假期，多种补贴，定期体检，职业发展双通道,制造业,含免笔试,https://www.wjx.top/vm/eq4d0wT.aspx,,洛阳格力,洛阳,,生产管理类、财务管理类、IT技术类、质量管理类、IE技术类、人力资源管理类,2025-12-15,
,,,招满即停,http://mp.weixin.qq.com/s?__biz=Mzk2NDcyOTM3Ng==&mid=2247484134&idx=1&sn=1edd8869ee5db5f548e5a9ee8396e64a&chksm=c46e4da9f319c4bfec4f4ea47cb0986b3b5f1d2f1c936b75cadbf2c78f3464bd250cddb6143d#rd,26届秋招,,科技,含免笔试,https://hkaco.zhiye.com/campus/jobs,,虹科,北京 | 上海 | 苏州 | 广州 | 成都 | 西安 | 全国各地,,自动驾驶仿真工程师，自动驾驶数据工程师，网络安全工程师，信息安全工程师，数据库工程师，AR 技术应用工程师，AI 工程师，FPGA 工程师，嵌入式开发工程师，汽车电子解决方案工程师，汽车硬件开发工程师，汽车技术传播工程师，机器视觉技术传播工程师，生物技术解决方案工程师，低空经济应用工程师，法务专员，采购专员，资金管理，财务 - 定价与分析方向，总经理助理，行政专员，培训运营，活动营销，UI/UX 设计师，平面设计师,2025-12-03,
,,,招满即停,https://mp.weixin.qq.com/s/0UobJtKL70v7SE9YC_Ed_w,秋招补录,星火教育有竞争力薪资，五险一金，多次调薪机会，员工体检，培训机制,教育,含免笔试,https://mp.weixin.qq.com/s/0UobJtKL70v7SE9YC_Ed_w,,星火教育,广州,,精品课堂管培生、授课老师、学科/社群/新媒体运营岗、教师产品研发岗、教学管理岗、师资选聘岗,2025-12-01,
,,,招满即停,https://mp.weixin.qq.com/s/zZpCBADGDlDhUtF2hSdO8A?scene=1,春招,兴华基金长期实习可留用，有实习津贴,金融,含免笔试,https://mp.weixin.qq.com/s/zZpCBADGDlDhUtF2hSdO8A?scene=1,,兴华基金,青岛,,交易管理部交易员助理;监察稽核部合规助理;品牌管理部品牌经理助理实习生,2026-01-14,
,,,26.1.31,https://mp.weixin.qq.com/s/gjhigUg4BClxNtlHuRRu4Q,春招,赛默飞 PPD招聘医药类相关专业，投递截至 2026 年 1 月 31 日,外企 | 生物医药,含免笔试,https://www.moseeker.com/position/index/pid/3376610?wechat_signature=MzA5MGUzMTJjYzIwMDMxYmJiZmJjN2RiNWQ0YzU4NGQ5ZmMzNDY0OA%3D%3D,,赛默飞,北京 | 上海 | 广州,,培训生：临床监测员 CRA (Onsite / In-house)、临床试验协调员 CTC、临床启动专员 SSU、其他临床运营相关岗位,2026-01-06,
,,,26.8.1,https://mp.weixin.qq.com/s/AdZIZH2_XbfVKEgeRYKqUw,26届秋招,微应招聘6类多种岗位，报名截止到2026年8月,咨询法律,含免笔试,👈详情见公告,,微应,广东,,"技术类:
软件开发、技术研究、AI技术运营、安全技术
产品类:
产品经理培训生、产品策划/运营、微信支付商户号产品经理、终端合约产品经理、京东产品运营、平台型产 早经理",2025-12-27,
,,,招满即停,https://mp.weixin.qq.com/s?__biz=MzU3MDU5NTA4Mg==&mid=2247501682&idx=2&sn=dd9fedc5e8a601e90d80aa7396f42b39&chksm=fcef8517cb980c0160ab4f369d7a92824bb0dd21bb6f0417bce4d61605ee9c3a788074c558f2#rd,实习,腾讯子公司-合肥招聘有五险一金，带薪年假，补充商业险，年度体检，多种假期，员工关怀,互联网,含免笔试,https://mp.weixin.qq.com/s?__biz=MzU3MDU5NTA4Mg==&mid=2247501682&idx=2&sn=dd9fedc5e8a601e90d80aa7396f42b39&chksm=fcef8517cb980c0160ab4f369d7a92824bb0dd21bb6f0417bce4d61605ee9c3a788074c558f2#rd,,腾讯子公司-合肥招聘,合肥,,智能用户服务专员（不限专业，计算机、数理、软件工程、通信、电子、自动化等专业优先）,2025-12-10,
,,,招满即停,http://mp.weixin.qq.com/s?__biz=MzkwOTEwNTQxNg==&mid=2247497854&idx=1&sn=3ce141612094e8ce1a975ce4afa2aebc&chksm=c13d7819f64af10f0c78fb9069e749205456ed80b058399d1132e52fd91f2d0b7b3f54f6e0b2#rd,26届秋招,图拉斯-运营岗冲刺倒计时有竞争力薪资，五险一金，奖金，员工关怀，娱乐设施全，导师带教，晋升机制,快消零售,含免笔试,https://lanhevip.jobs.feishu.cn/201093/m/?spread=6YD8BVN,,图拉斯-运营岗冲刺倒计时,深圳,,运营岗 研发类 质量工程师 供应链-计划专员 供应链-采购专员 专利工程师 营销类 品牌营销专员 剪辑师 拍剪师 设计类 电商平面设计师 三维建模渲染师 海外运营管培生 亚马逊运营管培生-英语方向 亚马逊运营管培生-日语方向 国内运营管培生 天猫运营管培生 京东运营管培生 抖音运营管培生 拼多多运营管培生,2025-12-03,
,,,招满即停,https://mp.weixin.qq.com/s/SM293avphp1f1GOc8sR1og,26届秋招,,国央企,含免笔试,https://s19791.zhiye.com/campus/jobs,,深圳广播电影电视集团,北京 | 深圳,,主持人 导演 编导 记者 编辑 音乐编辑 摄影摄像 后期制作 新媒体运营 市场策划 算法工程师 大数据分析工程师 系统架构师,2025-11-21,
,,,招满即停,https://mp.weixin.qq.com/s/dEi3-Tp2A-rucXPp3FFqfA,26届秋招,华策集团招聘多个岗位，多个城市工作地点,其他,含免笔试,https://mp.weixin.qq.com/s/dEi3-Tp2A-rucXPp3FFqfA,,华策集团,杭州 | 北京 | 上海 | 海外,,文学营销、AI内容创意制作、国际视频内容运营、国际合作助理、品牌营销、董事长办公室/总裁办公室助理、财务助理、人力资源助理、业务助理,2025-11-18,
,,,26.6.30,http://mp.weixin.qq.com/s?__biz=MzI0Mjk2NDM0NQ==&mid=2247514882&idx=1&sn=32a9f819a82a7c84350a97f875d3cc1e&chksm=e976b914de01300288755b35aa7cb6762bf8c421c0b77b46fb90e0a84b2e0a4277884d78c3a1#rd,26届秋招,乐舒适有五险一金，商业保险，海外生活保障，员工福利,快消零售,含免笔试,https://www.liepin.com/company/21140005/,,乐舒适,广州,,海外销售储备 财务储备 融资储备 审计储备 公关储备 计划储备 采购储备 仓储储备 运输储备 国内船务储备 环境安全储备 品质安全储备 快消生产管理储备 进出口储备,2025-11-12,
,,,招满即停,https://mp.weixin.qq.com/s/78dd4T77IjrYCLoQqoTIhQ,秋招补录,拼多多-研后专场有多个工作地点，截止招聘到2026年1月31日,互联网,含免笔试,https://careers.pddglobalhr.com/campus,,拼多多-研后专场,上海 | 深圳 | 全国各地,,服务端研发工程师、客户端研发工程师、Web前端研发工程师、算法工程师、数据分析师、安全工程师、产品经理、用户运营、人力资源专员、公共关系、商务管理、供应链管理等,2026-01-07,
,,,招满即停,https://mp.weixin.qq.com/s/9rYnK388_bHAD-lnnuTF2Q,秋招补录,帆软-研后专场有高薪资，招聘本科及以上学历,互联网,含免笔试,https://join.fanruan.com/campus?utm_source=media&utm_medium=weixin,,帆软-研后专场,北京 | 呼和浩特 | 南京 | 无锡 | 杭州 | 南昌 | 武汉 | 长沙 | 乌鲁木齐,,产品运营、产品经理、用户体验设计师、销售工程师、项目经理 (财务方向)、战略生态、海外市场运营 (日文),2025-12-23,
,,,招满即停,https://mp.weixin.qq.com/s/KTfNRkm2USFljh4ceYxhag?scene=1&click_id=1,26届秋招,抚顺新钢铁有人才补贴，高薪资，安家费，节假日福利，五险一金，娱乐设施,国央企,含免笔试,https://mp.weixin.qq.com/s/KTfNRkm2USFljh4ceYxhag?scene=1&click_id=1,,抚顺新钢铁,抚顺,,烧结工程师 炼铁工程师 炼钢工程师 轧钢工程师 机械工程师 电气工程师 能源工程师 财务管理师 安全工程师 采购业务经理 海外客户经理 经济与贸易类，经济贸易类，国际经济与贸易，国际贸易学，阿拉伯语语言文学，西班牙语语言文学，英语语言文学,2025-12-04,
,,,招满即停,https://mp.weixin.qq.com/s/zGas0SWG5HNW7hq-LdmnfQ,26届秋招,,其他,含免笔试,https://mp.weixin.qq.com/s/zGas0SWG5HNW7hq-LdmnfQ,,五江集团,长沙,,储备培养类、职能管理类、策划创意类、服务运营类、创意设计类、演艺演出类、研学类,2025-11-27,
,,,招满即停,http://mp.weixin.qq.com/s/zpPvbSpXCJOh4MWc1U6wYA,26届秋招,新希望六和工作地点遍布海内外，免笔试,其他,含免笔试,https://newhope.zhiye.com/campus,,新希望六和,全国各地 | 海外,,采购岗（国际贸易、英语、供应链、物流等相关专业）水产配方岗（水产动物营养与饲料科学等相关专业）销售岗（水产养殖、畜牧兽医等相关专业）兽医岗（兽医学、动物医学相关专业）配方岗(畜禽/水产/反刍)（动物营养、水产养殖等相关专业）采购岗（动物营养、化学化工、供应链管理、物流管理等）饲料销售岗（畜牧兽医、动科、动医、水产、市场营销等）水产技术服务（水产养殖、渔业、市场营销等）,2025-11-23,
,,,12.7,http://mp.weixin.qq.com/s?__biz=MzIzMTE5ODA4Nw==&mid=2651393957&idx=3&sn=5ee3e43e3c221edac9f771c1e4f7b501&chksm=f35a734dc42dfa5bbfb1e0a0d1e45e41016713d4285870e10cf9ddc50bf205c4242a6623d78f#rd,26届秋招,福建投资集团有14家岗位招聘，招聘126人，多种岗位,国央企,含免笔试,https://www.fidc.com.cn:3001/2025-autumn-school/job,,福建投资集团,福州 | 莆田 | 泉州 | 漳州 | 南平 | 龙岩,,综合管理岗 机要文秘岗 行政文秘岗 党务纪检岗 党务管理岗 党建管理岗 党务宣传岗 纪检监察岗 人力资源岗 法务合同岗 出纳岗 业务管理岗 风险管理岗 货权及风险管理岗 业务审查岗 审计岗 项目管理岗 电力市场交易专员 值班员 检修员 运检员 生产人员（机械方向） 生产人员（电一方向） 生产人员（电二方向） 生产人员（水工水文方向） 安全管理岗 概预算/合同与统计岗 土建管理岗 合同管理岗 物资采办岗 工程采办岗 集控运行值班员 科技研发岗（海洋方向） 科技研发岗（自动化方向） 装备管理岗 信息管理岗 JAVA工程师 初级UI设计师 中级UI设计师 测试工程师,2025-11-16,
,,,招满即停,https://mp.weixin.qq.com/s/c_BD8CfrSElvlHfqi038tw,26届秋招,昭关照明WELLMAX有节假日生日福利，免笔试，多通道发展，人才培养,半导体,含免笔试,https://app.mokahr.com/social-recruitment/wellmax/146179?locale=zh-CN#/jobs,,昭关照明WELLMAX,上海,,国际业务开发(储备)，供应链工程师(储备),2025-11-07,
,,,招满即停,http://mp.weixin.qq.com/s/HRih3wFSjolC8Q69wZy4Yg,26届秋招,东鹏饮料有五险一金，带薪年假，双薪奖金，工会福利，团建,快消零售,含免笔试,https://xym.51job.com/wechat/vuectmjobs/#/index?id=0CF34FB3-3A63-4A6F-A2A2-4D2025CED50C&color=31BE88&prd=yddzy,,东鹏饮料,天津 | 衢州 | 滁州 | 长沙 | 广州 | 东莞 | 中山 | 重庆 | 昆明 | 全国各地 | 海外,,储备干部 机电 质量 研发 销售运营 生产 物流 财务 供应链运营 管培生 国际 机电 质量 物流,2025-11-02,
,,,26.1.15,https://mp.weixin.qq.com/s/zb3jnhgEBx4Zi9EcXns8vw,春招,,金融 | 国央企,含免笔试,https://cncc-recruit3.zhiye.com/campus/jobs,,深圳金融电子结算中心有限公司,深圳,,应用系统运营工程师、运营管理岗、财务管理岗、行政办公岗,2026-01-07,
,,,招满即停,https://mp.weixin.qq.com/s/zGas0SWG5HNW7hq-LdmnfQ,26届秋招,新疆五江文旅投资集团有五险，多种奖金，节假日福利，多种补贴，超多假期，奖励提成,其他,含免笔试,https://mp.weixin.qq.com/s/zGas0SWG5HNW7hq-LdmnfQ,,新疆五江文旅投资集团,全国各地,,管培生（运营 / 品牌 / 产品方向） 总裁办专员 文旅、体育赛事策划 旅游产品策划 活动创意专员 节目策划、演艺策划 研学导师（旅游管理、文化产业管理、市场营销、语言文学、活动策划、会展经济与管理、艺术表演、播音主持、师范等相关专业）,2025-11-26,
,,,招满即停,https://mp.weixin.qq.com/s/M4HCshTxLX4eaDycQLYhYQ,实习,,生物医药,含免笔试,https://mp.weixin.qq.com/s/M4HCshTxLX4eaDycQLYhYQ,,亦度生物,北京,,财务实习生（财务、会计等）、战略发展实习生（生物制药、生物工程）、人力行政实习生（人力资源、心理学、生物学、药学）,2025-12-21,
,,,招满即停,https://mp.weixin.qq.com/s/EzJvV4lwgcf7HsbP2KhY9g,26届秋招,世茂服务招聘7类岗位，本科及以上学历，专业不限,建筑,含免笔试,https://mp.weixin.qq.com/s/EzJvV4lwgcf7HsbP2KhY9g,,世茂服务,全国各地,,市场投资类 品质管控类 业务运营类 人力资源类 客服管家类 工程维修类 环境管理类（不限专业）,2025-12-22,
,,,招满即停,https://mp.weixin.qq.com/s/5PVT4bu5cTQEXYo_pKi-Vw,秋招补录,新东方合肥有五险一金，带薪年假，福利礼金，餐费补贴，年度体检,教育,含免笔试,https://mp.weixin.qq.com/s/5PVT4bu5cTQEXYo_pKi-Vw,,新东方合肥,合肥 | 芜湖,,教师岗、运营岗,2025-12-16,
,,,招满即停,https://mp.weixin.qq.com/s?__biz=MzAwMzM2Nzk4Mw==&mid=2659705825&idx=1&sn=ce0df4de5cf164efa8eb07a1582737dc&chksm=804f76a1b738ffb7bd5765ae59f12c6c4e571ae24458ebd9912dc9d77c5bc3866d23987dc755#rd,26届秋招,埃森哲有定制化培养体系，免笔试,外企,含免笔试,https://careersite.tupu360.com/accentureats/position/index?recruitmentType=CAMPUSRECRUITMENT&jobCategory=,,埃森哲,大连 | 成都,,未来精英人才孵化计划（财务/人力资源相关专业毕业生）,2025-11-30,
,,,招满即停,https://mp.weixin.qq.com/s/6r7CV7zIKsEsZXbNAp4pnA,26届秋招,,汽车新能源,含免笔试,https://chinacamel1.zhiye.com/Campus/jobs,,骆驼集团,武汉 | 襄阳 | 海外,,"采购管理、会计、IT开发、品牌管理、人事（海外）、运营管理、客户质量/服务、业务经理（专业相关：理工科, 财经类院校会计, 财务管理, 计算机科学, 人工智能, 数据科学, 平面设计, 人力资源, 国际贸易, 英语, 理工类, 统计类, 电子, 电池, 汽车, 机电, 阿拉伯语, 泰语, 西班牙语）",2025-11-27,
,,,招满即停,https://mp.weixin.qq.com/s/AO77f0LpYJ4-n7h2Iws4_g,26届秋招,,外企 | 快消零售,含免笔试,https://xyz.51job.com/consumer/pc/home/index?ctmid=9056379,,利洁时,太仓 | 青岛,,供应链管理培训生 自动化设备管理方向 生产团队管理方向 质量/技术类方向 供应链管理方向 工程项目管理方向（拥有机械/电气/自动化/工业工程/化学/供应链管理等专业背景）,2025-11-19,
,,,招满即停,https://mp.weixin.qq.com/s/G8CIn7v_-hU6Q-uax9hvTg,26届秋招,,互联网,含免笔试,https://careers.shein.cn/All-Jobs?jobTypeId=CAMPUS,,SHEIN,上海 | 南京 | 广州 | 深圳 | 肇庆,,供应链管理管培生(履约交付方向) 供应链管理管培生(面料方向) 服装设计师(童装) 服装质量工程师 供应商管理专员(服装全品类) 商品质量管理专员 APP研发工程师 Java工程师(用户增长) Java工程师(营销) Java工程师(交易支付) 后台开发工程师(架构) C++开发工程师(推荐方向),2025-11-27,
,,,招满即停,https://mp.weixin.qq.com/s/0Kj1-ucS8dBbOJ87hs_z8w,26届秋招,创想三维招聘5类，40多个岗位,制造业,含免笔试,https://creality.zhiye.com/campus/jobs,,创想三维,深圳 | 惠州,,研发类：嵌入式软件/硬件/结构/算法/测试/工业设计； 销售类：海外销售/电商运营/销售运营； 技术类：PE/PQE/SQE； 市场类：社媒运营/主播等； 职能类：IT前端/数据合规/客服/中央计划/企划助理等,2025-12-08,
,,,招满即停,https://www.cqrc.net/gzw/index/postitem-25593.html,26届秋招,重庆市地质矿产勘查开发集团招聘46人，按企业招聘岗位制度薪资待遇,国央企,含免笔试,https://www.cqrc.net/gzw/index/enteritem-108977.html,,重庆市地质矿产勘查开发集团,重庆,,"地灾防治岗 矿产勘查岗 钻探工程技术岗 水文地质岗 勘查技术岗 岩土工程勘察岗 地灾防治岗 自然资源调查监测技术岗 “地质+”研发工程师岗 地灾防治岗 资源勘查技术岗 物探勘查岗 水利检测岗 环保咨询技术岗 遥感技术科研岗 油气地质综合研究岗 油气开发工程技术岗 国土空间规划技术岗 土地整治技术岗 生态修复与工程技术岗 矿产勘查技术岗 矿业工程技术岗 工程技术综合岗（地质工程，岩土工程，地质学，水文与水资源工程，勘查技术与工程类相关专业 地质学，矿物学、岩石学、矿床学，构造地质学，地质资源与地质工程，资源勘查工程，矿产普查与勘探类相关专业 地质资源与地质工程，资源勘查工程，地质工程，勘查技术与工程，矿产普查与勘探，矿业工程，石油工程类相关专业 水文学及水资源，水文与水资源工程，地下水科学与工程，水利科学与工程，水文地质，水质科学与技术，土木水利，地质资源与地质工程，地质工程类相关专业 地质工程等相关专业 人工环境工程（含供热、通风、空调等）、地质资源与地质工程、岩土工程等相关专业 安全工程、水利水电工程等相关专业 测绘科学与技术，大地测量学与测量工程，摄影测量与遥感，土壤学，土地资源学，林学，林业，林业工程，森林工程等相关专业。 人工智能，大数据技术与工程，网络与信息安全、计算机技术，软件工程等相关专业。 地理学类、地质学类、地质资源与地质工程类、资源与环境类等相关专业。 矿业工程类、地质学类、地质资源与地质工程类、资源与环境类等相关专业。 地球物理学，固体地球物理学，地质学，地质工程，地质资源与地质工程，矿产普查与勘探，地球探测与信息技术专业等相关专业。 水利工程类、土木水利类、水利类、地球物理学类、机械工程类等相关专业。 生态修复类、环境保护类等相关专业。 计算机科学与技术、软件工程、电子信息、地理信息系统、测绘科学与技术等相关专业。 \""矿产普查与勘探、油气地质与勘查、地质资源与地质工程、资源与环境等相关专业。 \"" 石油工程、油气田开发工程、石油与天然气工程等相关专业。 城乡规划、地理学、地理信息系统、土地资源等相关专业。 农业水利、农业工程、水土保持、土地资源管理、地理学、风景园林等相关专业。 资源与环境类、水利工程类、农业工程类等相关专业。 矿业工程类、地质资源与地质工程类、土木水利类、地质类、岩土工程等相关专业。 矿业工程类、地质类、地质资源与地质工程类、建筑类等相关专业。 土木水利类、水利工程类、资源与环境类、岩土工程等相关专业）",2025-11-30,
,,,12.30,http://mp.weixin.qq.com/s/sO3y43LFEgH1fyaUjGi7-w,26届秋招,浩鲸科技有高年薪，五类岗位，多个工作地点，截止招聘到12.30,制造业,含免笔试,https://iwhalecloud1.zhiye.com/campus/jobs,,浩鲸科技,南京 | 福州 | 厦门 | 长沙 | 广州 | 西安,,Java开发工程师 C++开发工程师 后端开发工程师 前端开发工程师 GIS开发工程师 算法工程师 数据挖掘工程师 自然语言算法工程师 图像算法工程师 具身智能工程师 云安全工程师 云交付工程师 测试工程师 IT运维工程师 项目经理 云网交付工程师(海外出差) 国际交付工程师(海外出差) 全球销售管培生(海外出差) 财务专员 人力资源专员 销售管培生 商务技术助理,2025-11-30,
,,,招满即停,https://mp.weixin.qq.com/s/jh6m0vAHUdE7ZDTT_Z7RNw,26届秋招,,互联网,含免笔试,https://app.mokahr.com/m/campus-recruitment/fesco/98614#/home,,FESCO,北京,,管培生：营销方向（专业不限，管理学类、经济学类、法学类相关专业优先） 大客户运营方向（专业不限，管理学类、经济学类、法学类相关专业优先） 产品运营方向（专业不限，管理学类、经济学类、计算机科学与技术类、医学类、物流/供应链相关专业优先）,2025-11-14,
,,,招满即停,https://mp.weixin.qq.com/s/6voD9L774tCJYvgdefHf8Q,26届秋招,云康集团有竞争力薪资，六险一金，带薪年假，五天八小时制，培养机制，多种福利,生物医药,含免笔试,https://wecruit.hotjob.cn/SU61e0e24fbef57c796ed27ff3/pb/school.html,,云康集团,广州,,营销类(销售、产品、解决方案等) 病理医师类 实验室技术类 职能类（临床医学、临床病理学、病理学与病理生理学、医学、药学、生物学等相关专业）,2025-11-13,
,,,招满即停,https://mp.weixin.qq.com/s/9sRltJPr1dQ16AcLrE8wgA,26届秋招,翼鸥教育有六险一金，带薪年假，补贴奖金，海内外工作地点，免笔试,教育,含免笔试,https://eeo.zhiye.com/campus/jobs,,翼鸥教育,北京 | 上海 | 深圳 | 广州 | 杭州 | 成都 | 郑州 | 西安 | 海外,,产品类、软件研发类、算法研发类、硬件研发类、设计类、运营类、市场/营销类、职能类,2025-11-09,
,,,招满即停,https://mp.weixin.qq.com/s/5yhkCVUp4mttitLqPpN3TA,26届秋招,鑫荣懋集团有五险一金，丰富活动，节日福利，股权激励,农业,含免笔试,https://joywingmau.zhiye.com/campus/jobs,,鑫荣懋集团,深圳 | 北京 | 上海 | 郑州 | 嘉兴 | 广州 | 沈阳 | 全国各地,,管理培训生：销售管理与运营，国内采购，进出口商务，产品开发与统筹，东南亚采购,2025-10-29,
,,,招满即停,https://mp.weixin.qq.com/s/don2zhrB0bpSE_6pC2OZPg,春招,Inditex集团具有五险一金十三薪,外企 | 快消零售,含免笔试,https://mp.weixin.qq.com/s/don2zhrB0bpSE_6pC2OZPg,,Inditex集团,上海 | 北京 | 南京 | 苏州 | 天津 | 西安 | 深圳 | 广州 | 沈阳 | 济南 | 昆明 | 杭州 | 合肥 | 宁波 | 温州,,ZARA管培生 ZARA陈列经理 陈列主管 Massimo Dutti店长 HR ZARA副店长 ZARA店铺主管 顾客体验经理 ZARA Online Commercial-Menswear Trend Hunter 力资源实习生 Trend Hunter Intern Marketing Intern Digital Intern 电商实习生,2026-01-10,
,,,招满即停,https://mp.weixin.qq.com/s/llxSpduYlWxbBFNmjEZ0FQ,秋招补录,软控股份-研后专场有六险一金，精英培养，专项激励，业绩奖金，双休，带薪年假，多彩活动,制造业,含免笔试,https://xiaoyuan.zhaopin.com/company/KA0121014765D90000015000,,软控股份-研后专场,青岛 | 深圳 | 诸暨,,机械类、自动化类、软硬件类、其他技术类、化工类、职能类 •,2025-12-27,
,,,招满即停,https://mp.weixin.qq.com/s/QFUxvC_lZknzJUAHkLF8cw,秋招补录,携程集团招聘3类岗位，有人才项目,互联网,含免笔试,https://app.mokahr.com/campus-recruitment/trip/37757?sourceToken=abc8384a672ac4536c42e77a7dd47892#/,,携程集团,上海 | 北京 | 广州 | 贵州 | 苏州 | 深圳 | 南昌 | 厦门 | 合肥 | 太原 | 南通 | 西安 | 成都 | 武汉,,前端开发工程师、数据仓库工程师、交互设计师、视觉界面设计师、视觉营销设计师、质量管理（用户体验方向）、HRBP,2025-12-07,
,,,招满即停,https://mp.weixin.qq.com/s/q1spBQ9XWZF9UYrqE8JEWQ,26届秋招,山东德勤招标评估造价咨询有限公司有完善薪资福利，文化氛围好，双通道发展,建筑,含免笔试,https://www.zhaopin.com/jobdetail/CC249408910J40775535916.htm?refcode=4021&srccode=402101&preactionid=1c63cee6-6496-429e-bc6a-c54aa6ee21bd,,山东德勤招标评估造价咨询有限公司,济南,,"综合管理培训生（专业不限,工程类、经管类优先） 助理造价工程师（工程类相关专业,工程造价、工程管理、港口航道与海岸工程等优先） 助理招标工程师（专业不限,工程类、经管类优先） 财务审计助理（财审、经管类专业）",2025-11-25,
,,,招满即停,https://mp.weixin.qq.com/s/PgQiyJBtcax0KsR7rNZWNA,26届秋招,华友钴业有竞争力薪资，五险一金，员工福利，完善人才培养机制,汽车新能源,含免笔试,https://xiaoyuan.zhaopin.com/company/KA0490698523D90000001000?refcode=4440,,奇瑞捷豹路虎,苏州,,产品开发类 产品定义 造型设计 工程开发 试验试制 制造与质量类 制造工程 生产运营 物流 质量管理 市场营销类 品牌创意 公关传播 销售支持 用户服务 职能支持类 采购 财务 信息技术 人力资源,2025-11-18,
,,,招满即停,https://mp.weixin.qq.com/s/VvwA57scB1mI04wS3x7mMw,26届秋招,瑞德丰有高薪酬，大专本科均可，五险一金，团建活动，带薪年假,制造业,含免笔试,https://mp.weixin.qq.com/s/VvwA57scB1mI04wS3x7mMw,,瑞德丰,东莞,,结构设计管培生 材料应用管培生 项目管培生 工艺管培生 设备管培生 模具管培生 自动化管培生 质量管培生 销售管培生 财务 法务 人力资源 IT 采购 供应链,2025-11-10,
,,,招满即停,https://mp.weixin.qq.com/s/OGP9IW45-K08dKrnkidPug,秋招补录,WTD纬图设计需要有设计经验或获奖作品的人才,建筑,含免笔试,https://mp.weixin.qq.com/s/OGP9IW45-K08dKrnkidPug,,WTD纬图设计,重庆 | 武汉 | 上海,,景观方案助理设计师(重庆/武汉/上海)，景观硬景助理设计师(重庆/武汉/上海)，景观植物助理设计师(重庆)，景观规划助理设计师(重庆),2026-01-10,
,,,招满即停,https://mp.weixin.qq.com/s/TLXVVx3gkW5LH4OTImrxWQ,秋招补录,湖北新东方有高薪资，招聘三类岗位,教育,含免笔试,https://zhaopin.xdf.cn/campus/jobs,,湖北新东方,武汉,,少儿素养教师(戏剧/益智/口才) 、初中学习机教师(语文/数学/英语/物理/化学) 、高中教师(数学/英语/物理/化学),2025-12-25,
,,,招满即停,http://mp.weixin.qq.com/s?__biz=MzI5MzYzNTEzNA==&mid=2247486447&idx=1&sn=91cbf24c1abdf2f7182e53b2d9832cd0&chksm=ec6e5ebedb19d7a8cafa425e7b8ecd54393abb3147b4b1c84f8d62779c73a4b12660dbf5725d#rd,26届秋招,四川新绿色集团有节假日福利，双休节假日，食宿补贴，五险一金，绩效奖金，人才培养，完善晋升通道,生物医药,含免笔试,http://mp.weixin.qq.com/s?__biz=MzI5MzYzNTEzNA==&mid=2247486447&idx=1&sn=91cbf24c1abdf2f7182e53b2d9832cd0&chksm=ec6e5ebedb19d7a8cafa425e7b8ecd54393abb3147b4b1c84f8d62779c73a4b12660dbf5725d#rd,,四川新绿色集团,成都 | 全国各地,,销售培训生 药房管理员 管理培训生 董事长秘书 总经理助理 配方颗粒研究员 中药材信息员（中药学、药学、市场营销、药学等相关专业、管理类不限专业）,2025-12-05,
,,,招满即停,https://mp.weixin.qq.com/s/k16nxyxG7akhNh_4SW9JtQ,26届秋招,兰石雅生活有六险一金，带薪休假，薪资激励体系，工会福利，多种补贴,其他,含免笔试,https://mp.weixin.qq.com/s/k16nxyxG7akhNh_4SW9JtQ,,兰石雅生活,兰州,,项目助理岗、工程管理岗、客服管理岗、消防维保技术岗、电梯维保技术岗、特殊需求岗,2025-11-17,
,,,招满即停,http://mp.weixin.qq.com/s/oO_JbxHLMNqCgf8zNVDTvw,26届秋招,豪雅集团有高年薪，双休，商业保险，多种活动,其他,含免笔试,http://mobile.nbhooya.net:9000/mobilemode/mobile/view.html?appHomepageId=204&mTokenFrom=anonymous&mToken=07CB7706E3D7E58811C601AEA7166B23#&page_204,,豪雅集团,宁波,,"平台运营 文案编辑（专业不限,英/德/法/西/意等语言类、国际商务、国际经济与贸易、信息管理与信息系统、经济学、广告学、市场营销为佳）； 采购 质检（理工科专业优先）； 数据分析（大数据、统计学等专业）",2025-11-12,
,,,招满即停,https://mp.weixin.qq.com/s/ZpMKJ60z0C1VsL6pFzYuOg,26届秋招,咪哆少年宫有节假日福利，工作氛围好，人才晋升,教育,含免笔试,https://mp.weixin.qq.com/s/ZpMKJ60z0C1VsL6pFzYuOg,,咪哆少年宫,佛山,,实习中国舞老师（舞蹈专业） 实习语言艺术老师（播音主持相关专业） 实习美术老师（美术教育、设计方向相关专业） 实习书法老师（书法相关专业） 实习课程顾问（专业不限） 实习教务专员（有1年以上教务/班主任经验）,2025-11-12,
,,,招满即停,https://mp.weixin.qq.com/s/I6TumwtBFRlWyrGFG1iVGA,26届秋招,传音控股有免费住宿，海外保险，多种假期,科技,含免笔试,https://transsion.zhiye.com/campus/jobs?1=id42label,,传音控股,上海 | 南昌 | 深圳 | 重庆 | 海外,,市场专员 零售专员 产品专员 销售专员 商务专员 海外销售专员 海外营销专员 零售运营专员 品牌专员 产品运营专员 AI内容运营专员 区域销售专员 海外共享财务专员 海外财务专员 海外HRBP 综合采购工程师,2025-11-12,
,,,招满即停,https://mp.weixin.qq.com/s/Au2olHQbhPjxeeH5T_l_eg,26届秋招,南方财经全媒体集团有五险一金，企业年金，安家费，绩效，双导师制,国央企,含免笔试,https://campus.sfccn.com/jobs,,南方财经全媒体集团,北京 | 上海 | 广州 | 深圳,,记者，全媒体记者 (国际传播方向)，财经新闻编辑 (短新闻方向)，视频编辑，全媒体编辑，财经主持 (主播)，创意传播，审校，全栈研发工程师（媒体内容生产侧），全栈研发工程师（APP 开发侧），全栈研发工程师（人工智能开发侧），全栈研发工程师（数据治理侧），项目运营,2025-11-09,
,,,招满即停,https://mp.weixin.qq.com/s/wqKdC68OujBVpNTzhQeemQ,实习,奥托立夫有丰厚薪酬福利，招聘9类实习生,外企,含免笔试,https://autoliv.tupu360.com/position/list?lang=zh_CN&type=INTERNSHIPRECRUITMENT&state=703f3683bd01b0dbba5e0ce00dbc8944&code=0813wxFa1MQ50L0RUTGa12ywJb33wxFc&_t=1768273843573,,奥托立夫,上海 | 武汉,,"电子实习生,产品实习生,仿真实习生,研发实习生,项目管理实习生,市场实习生,财务实习生,法务实习生,IT实习生",2026-01-12,
,,,招满即停,http://mp.weixin.qq.com/s?__biz=MzIzNDQwMjIxOA==&mid=2247507759&idx=1&sn=775c1ccd14332ad3910cae107bb4c9df&chksm=e8f467eadf83eefc6cbbfa39fbebf6ee0d8cf1d470e108e6ac4e8f1835d7f3be85a38f260287#rd,26届秋招,惠普招聘三类岗位,外企,含免笔试,https://apply.hp.com/careers?hl=zh-CN&start=0&pid=30041853&sort_by=timestamp&filter_seniority=graduate,,惠普,海外 | 大连,,日语电脑售后技术支持工程师 韩语多媒体内容策划 与直播支持实习生 韩语电话技术支持工程师,2025-11-09,
,,,招满即停,https://mp.weixin.qq.com/s/cZe3n61-Oxsjt684IsiMYw,26届秋招,上海阿吉豆有好的薪资福利，社会保险，福利假期，弹性工作制，免笔试,快消零售,含免笔试,https://mp.weixin.qq.com/s/cZe3n61-Oxsjt684IsiMYw,,上海阿吉豆,北京 | 天津 | 沈阳 | 上海 | 南京 | 杭州 | 合肥 | 青岛 | 郑州 | 武汉 | 长沙 | 广州 | 深圳 | 重庆 | 成都 | 西安 | 全国各地,,储备店长,2025-11-06,
,,,招满即停,https://mp.weixin.qq.com/s/5Z8KPoJFA0x4h1WxKFqhCA,26届秋招,叠纸游戏招聘多类岗位，面向海内外毕业生,游戏,含免笔试,https://career.papegames.com/campus/position/list?keywords=&category=&location=&project=7567316275510544646&type=&job_hot_flag=&current=1&limit=10&functionCategory=&tag=,,叠纸游戏,上海 | 海外,,程序技术类 物理引擎开发 系统策划|关卡策划|玩法策划 资源策划|文案编剧 品策划类 角色原画|场景原画 前期设计|UI设计 2D美术类 3D场景|3D植被场景 地编|灯光渲染|3D特效 3D美术类 3D动画|分镜师|3D Layout 故事板剪辑|动画编导 动画CG类 游戏运营|内容策划品牌公关 Junior Marketing Specialist- Game Publishing 市场运营类 游戏音频类 音乐设计|音效设计|音频TA 质量管理类 游戏测试工程师 商务管培生|人才发展 职能类 游戏招聘-日语|供应链数据分析,2025-11-04,
,,,招满即停,https://mp.weixin.qq.com/s/-sOaiAt7a_7Kb72EEQlz8g,26届秋招,双枪科技有高薪酬，双休法定节假日，杭州政府补贴，多种活动，年度体检,制造业,含免笔试,https://mp.weixin.qq.com/s/-sOaiAt7a_7Kb72EEQlz8g,,双枪科技,杭州,,餐饮销售员，商超销售员，外贸业务员，国内电商运营助理，产品开发，采购专员，生产主管，工艺工程师，公共事务专员,2025-11-04,
,,,招满即停,https://mp.weixin.qq.com/s/Jy9fRQ3EnWa9xS4-qIxk-w,26届秋招,华裕集团有五险一金，专业培训，假期，覆盖多个城市,农业,含免笔试,http://huayuzhongqin.com/rczp/index_19.aspx,,华裕集团,河北邯郸 | 河北张家口 | 重庆 | 江西宜春 | 辽宁本溪 | 新疆巴音郭楞,,孵化，生产，技术，质量，营销业务，营销运营，财务，行政，人力,2025-10-29,
,,,招满即停,http://mp.weixin.qq.com/s/rs5llZ59cfFGc4K6DrJl_g,26届秋招,天康生物【重点缺口岗位】有高薪酬，五险二金，商业保险，免费宿舍，员工福利,生物医药 | 国央企,含免笔试,http://mp.weixin.qq.com/s/rs5llZ59cfFGc4K6DrJl_g,,天康生物,全国各地,,技术管培生（养殖）（动物科学、动物医学、动物药学、动植物检疫、生物技术、生物科学） 饲料技术研发岗（禽 / 猪 / 反刍）（畜牧学、畜牧专硕、草业科学(饲草牧草方向)、生物学(饲料相关研究)） 企管管培生（生产管理方向）（机械工程、电气工程及其自动化、农业机械及其自动化） 储备职能岗 - 法务 / 人资（工商管理、人力资源管理、经济学、法学、MBA、法硕） 营销岗（饲料 / 疫苗 / 金融担保）（动物科学、动物医学、动物药学、市场营销、经济学、金融学）,2025-11-26,
,,,招满即停,https://mp.weixin.qq.com/s/R5_7033h5koAyzSwNOsYlA?scene=1,26届秋招,中国证券登记结算有限责任公司招聘多类岗位，面向多个专业,金融,含免笔试,https://csdc2026.zhaopin.com/,,中国证券登记结算有限责任公司,北京 | 上海 | 深圳,,"应用系统开发岗，信息技术运维岗，登记结算业务岗（法律类）, 综合管理岗（办公保障类）, 综合管理岗（人力资源类）, 综合管理岗（会计类）, 综合管理岗（采购事务类）, 登记结算业务岗（财经类）, 综合管理岗（工程管理类）, 综合管理岗（基础设施运维类）",2025-11-03,
,,,招满即停,https://mp.weixin.qq.com/s/fccRZWWgOsUNlU97iU7o6w,26届秋招,,快消零售,含免笔试,https://mp.weixin.qq.com/s/fccRZWWgOsUNlU97iU7o6w,,spes诗裴丝,杭州,,运营 设计 市场 数据 产品开发 公关 人力管培生,2025-11-02,
,,,招满即停,https://mp.weixin.qq.com/s/G2cpcNkFS3kRChic7IjD9w,26届秋招,朴朴超市有五险一金，专属带教，人才补贴，晋升机制,快消零售,含免笔试,https://jobs.pupumall.net/recruit-webapp/candidate/school/job,,朴朴超市,福州 | 厦门 | 武汉 | 广州 | 深圳 | 成都,,财务专培生 人力资源岗 经营分析岗 算法工程师 前端工程师 服务端工程师 产品经理 研发工程师 安全工程师 运维工程师,2025-11-13,
,,,招满即停,https://mp.weixin.qq.com/s/7uLK2H4niMklsuxF64Na4w,26届秋招,广州光锥元信息科技有五险一金，商业医保，落户广州，带薪年假，免费年度体检，业绩奖金,互联网,含免笔试,https://mp.weixin.qq.com/s/7uLK2H4niMklsuxF64Na4w,,广州光锥元信息科技,广州,,运营专员（海外社媒方向）、运营专员（国内社媒方向）,2025-12-15,
,,,招满即停,https://mp.weixin.qq.com/s/c931l6feUPBpOiFQNnqw-Q?scene=1&click_id=269,26届秋招,苏宁易购招聘3类岗位,互联网,含免笔试,https://careers.suning.cn/rps-web/RES/mobile/index.html#/schoolRecruit,,苏宁易购,江苏,,区域采购管理、区域运营管理、门店储备干部,2025-12-09,
,,,招满即停,https://mp.weixin.qq.com/s/1gtWfryeBAaQuZXOUfX5_w,26届秋招,万兴科技-职能岗有双通道晋升，多种岗位,互联网,含免笔试,https://wondersharecampus.zhiye.com/jobs?activityGuid=e5a0833f-925f-49fa-b70c-1179148c15a8,,万兴科技-职能岗,长沙 | 深圳,,人力资源专员、法务专员、财务专员、审计专员、投资并购专员 •,2025-12-09,
,,,26.6.30,https://mp.weixin.qq.com/s/tBYo6hmbeDt4xIQzUkN99Q,26届秋招,中国牧工商集团有八险二金，带薪年假，多种补贴，工会福利，多通道晋升，激励机制,农业 | 国央企,含免笔试,https://mp.weixin.qq.com/s/tBYo6hmbeDt4xIQzUkN99Q,,中国牧工商集团,北京,,人力资源专员、资产管理员、审计监督岗、业务专员岗、数字化建设岗、技术支持岗、智能发展事业部技术支持岗-协作事业单位、出口业务岗,2025-11-30,
,,,招满即停,https://mp.weixin.qq.com/s/d5zAsodxsampzL0wTwLz3g,26届秋招,,其他,含免笔试,https://link-trans.feishu.cn/share/base/form/shrcnJwYlwACyUnT4ONKP4wTYhe,,联宁物流,义乌 | 东莞 | 长沙 | 海外,,全球管培生（银建生），海外仓运营，产品经理，HRBP，商务经理，营销管理，客服经理，海运调度管理，仓储质量管理，财务管理,2025-11-07,
,,,招满即停,http://mp.weixin.qq.com/s?__biz=MzI4NTE0NDA1Nw==&mid=2649527527&idx=1&sn=58192421220c830a799554b9f8fd9cc9&chksm=f3e89271c49f1b67fab5280bc8544c67f6f085ab1092c74185cfd482995822f4728b516fdfa0#rd,26届秋招,三一集团面向小语种专业，多类岗位,制造业,含免笔试,https://sany.zhiye.com/campus/jobs?LocId=id4301label,,三一集团,长沙 | 广州 | 海外,,国际营销、国际营销管理、配件销售、配件管理、服务管理、大客户管理等 财务管理、税务管理 人力资源管理、HRBP 物流管理（法语、俄语、德语、西班牙语、葡萄牙语 阿拉伯语、意大利语、印尼语等小语种专业）,2025-11-03,
,,,招满即停,https://mp.weixin.qq.com/s/9nk15WpOKk2qfaNNhMwi3A,26届秋招,华大集团有国内外多个工作地点,生物医药,含免笔试,https://genomics.zhiye.com/campus/jobs,,华大集团,北京 | 上海 | 杭州 | 青岛 | 武汉 | 长沙 | 深圳 | 西安 | 海外,,科技族 营销族 生产族 支撑族（需求专业：AI算法大类 工程与电子信息大类 生命科学大类 医学大类 农学与生态大类 管理与人文社科大类）,2025-11-03,
,,,招满即停,https://mp.weixin.qq.com/s/yMozNoPnxG27pkkzeochhg,秋招补录,,教育,含免笔试,https://app.mokahr.com/campus-recruitment/xiwang/146380?sourceToken=e25c2e3f0f8463fbd9a6af5e5dec27a3#/jobs,,希望学,北京 | 石家庄 | 长春 | 济南,,IP主讲培训生 编导 小学体验课专职班主任 初中体验课专职班主任,2025-12-24,
,,,招满即停,https://mcn3fvhkq7iw.jobs.feishu.cn/384691,26届秋招,华望汽车有25个岗位，工作环境好，个人成长,汽车新能源,含免笔试,https://mcn3fvhkq7iw.jobs.feishu.cn/384691/position/list,,华望汽车,广州,,销售与服务、商品企划与产品定义、车型项目管理、造型设计、技术研发、供应链与制造、财经、综合事务,2025-10-23,
,,,招满即停,https://mp.weixin.qq.com/s/07VaH8KuGoWiNZICiald_w,26届秋招,栢特薇MISTINE也是免笔试的,快消零售,含免笔试,https://mistinechina.zhiye.com/campus/jobs,,栢特薇MISTINE,杭州,,管培生：电商运营类、产品开发类、视觉设计类、海外市场类、线下销售类、财务职能类,2025-10-01,
,,,招满即停,https://mp.weixin.qq.com/s/qQg2T2xKMhC-Gz-hop4kPg,26届秋招,,制造业,含免笔试,➡️投递渠道,,森特股份,北京 | 上海 | 南京 | 杭州 | 昆明 | 成都 | 全国各地,,营销特种兵 运营特种兵 职能特种兵,2025-09-10,
,,,12.5,https://mp.weixin.qq.com/s/1PubRu1pdZgkTKooN_68_Q,26届秋招,同程旅行的其他岗位是免笔试，只有技术岗有笔试，而且不泡池子，速度快,互联网,含免笔试,https://mhr.ly.com/recruit/schoolPortal/#/navigation,,同程旅行,苏州 | 北京 | 成都 | 深圳 | 南京 | 上海,,"技术类
 | 产品类
 | 运营类
 | 市场类
 | 商务类",2025-09-03,
,,,招满即止,https://mp.weixin.qq.com/s/ykqUTVxDZyY-8Df1X6RQ7A,26届秋招,,外企,含免笔试,https://xy.liepin.com/clarins2026/,,娇韵诗,西安,,管理培训生（市场、品牌营销、数字和电商、财务、人力资源、供应链、培训、视觉陈列、销售）,2025-09-27,
,,,招满即止,https://mp.weixin.qq.com/s/0_AQIfTo9XdklzQ1_seN2Q,26届秋招,,外企,含免笔试,https://www.moseeker.com/positions/index/cid/5776636?candidateSource=1,,BAC中国,北京 | 大连 | 上海 | 全国各地,,技术支持岗位 设计研发岗位 市场销售岗位（招聘专业：能源与动力工程 制冷与低温工程 机械工程 建筑与环境工程 过程装备与控制工程 动力工程）,2025-09-30,
,,,11.9,http://mp.weixin.qq.com/s/F1xQTA1Yogu9vxIreQhGoA,26届秋招,vivo招聘免笔试，截止到11.9日,互联网,含免笔试,https://hr-campus.vivo.com/campus/jobs,,vivo,东莞 | 南京 | 深圳,,CMF设计、ID设计、交互设计、UI设计、影像产品经理实习生,2025-10-27,
,,,招满即停,➡️校招公告,26届秋招,,互联网,含免笔试,https://ecmax.zhiye.com/campus/jobs?memory=%7B%7D&silence=1,,极易科技,北京 | 上海 | 无锡 | 苏州 | 杭州 | 广州 | 深圳,,平台运营 直播运营 数据分析 跨境运营 算法工程师 产品企划 投放推广 CRM 达人商务 内容营销 文案策划 编导 设计 摄影 摄像 短视频拍剪 供应链 财经 人力资源,2025-09-28,
,,,招满即停,https://mp.weixin.qq.com/s/8nI31xM6mf39n2aFuyoOBA,26届秋招,华硕的苏州研发提供六险二金，超长假期，弹性打卡时间、全薪福利假期、弹性居家办公,外企 | 互联网,含免笔试,https://asustek.zhiye.com/campus/jobs,,华硕,苏州,,"AI开发
 | 研发支持
 | 管理支援
 | 软硬件开发
 | 业务行销
 | 工作地点
 | 江苏苏州",2025-09-18,
,,,招满即停,https://mp.weixin.qq.com/s/yWjLGmh3Zw2DS66aC6-Lcw,26届秋招,,国央企 | 能源,含免笔试,https://www.iguopin.com/company?id=10685374849647460,,中国能建广西院,南宁,,水利与水电工程类（水利水电工程、水文及水资源、水利工程、海洋水文）；电气与自动化类（电气工程及其自动化、电气工程、输电线路工程）；能源动力类（能源与动力工程）；结构与土木工程类（土木工程（变电土建）、结构工程（变电土建）、建筑学、交通运输工程、道路工程、城乡规划）；信息技术与计算机类（计算机科学与技术、软件工程、地理信息系统（GIS）、地理信息工程、通信）；测绘与地质类（岩土工程、工程地质、水文地质、地质、测绘工程）；机械与制造类（机械制造、化工机械、过程装备与控制工程、机电工程）；化学、材料与环境工程类（化学工程、氢能、油气储运工程、储运工艺、金属材料工程、防腐、腐蚀与防护、材料工程、环境工程）；新能源类（新能源、能源经济）；经济金融类（经济学、技术经济及工程管理、工商管理、财务、会计、数学、统计学或风险管理、企业管理、市场营销、工程造价、工程咨询）；项目管理类（项目管理）,2025-10-26,
,,,招满即停,https://mp.weixin.qq.com/s/5S_538wyAjaAlNzJ76HcvA,26届秋招,安捷伦科技岗位众多，人才培养，免笔试,外企,含免笔试,https://mp.weixin.qq.com/s/5S_538wyAjaAlNzJ76HcvA,,安捷伦科技,全国各地,,"销售工程师 售后服务工程师 培训工程师 制造工程师（化学,食品,环境,制药,生物,机械,电 子等相关专业,有色谱,质谱,光谱等分析仪器使用经验者优先）",2025-10-16,
,,,12.1,https://mp.weixin.qq.com/s/LUHqSdRny5TR65BE10XhlQ,26届秋招,,互联网,含免笔试,https://careers.iqiyi.com/campus/?keywords=&category=&location=CT_190&project=7542343926839134500&type=&job_hot_flag=&current=1&limit=10&functionCategory=&tag=,,爱奇艺重庆,重庆,,图文审核，售后客服，在线客服，视频审核，文学审核，标签审核，新媒体运营，AI 账号运营，YouTube 内容运营,2025-10-10,
,,,招满即停,https://mp.weixin.qq.com/s/g4Tiq5q4nSnUVFoSJwYhtA,26届秋招,,外企 | 金融,含免笔试,https://chailease.zhiye.com/campus/jobs,,仲利国际,北京 | 天津 | 石家庄 | 沈阳 | 大连 | 南京,,融资租赁客户经理（专业不限，金融、财会、商学等相关专业优先） 风险控制岗（专业不限，金融、财会、商学等相关专业优先） 专案业务部 汽车租赁业务部 微企业务部 人力资源部 信息部 财会部 法务部 企划部,2025-10-09,
,,,招满即止,https://mp.weixin.qq.com/s/tD6ROLGm2XUYoiQmd8MplQ,26届秋招,,外企,含免笔试,https://schaeffler.tupu360.com/position/list?enter=menu&type=CAMPUSRECRUITMENT&lang=zh_CN,,舍弗勒,长春 | 天津 | 全国各地,,系统 软件 测试 硬件 材料 产品 设计 管培生,2025-09-25,
,,,招满即停,https://mp.weixin.qq.com/s/C5ManqleS8LVoAGJsBEgHA,26届秋招,中咨公司有完善培养机制，双通道晋升，人才培养计划,国央企,含免笔试,https://hcmcloud.ciecc.com.cn/recruit/#/portal_job_list?job_class=_HB4_Y2FtcHVz,,中咨公司,全国各地 | 北京,,人力资源管理中心职员 工程监理岗 水利项目咨询人员 生态领域咨询人员 区域经济咨询人员 煤炭规划及项目咨询人员 核电项目咨询人员 水电项目咨询人员 有色金属新材料项目咨询人员 油气项目咨询人员 社会事业项目咨询人员 汽车行业项目咨询人员 生命科学与生物技术领域科技创新咨询人员 核领域项目咨询人员 水资源节约与保护项目咨询人员 节能评审咨询人员 国际项目咨询人员 资本业务创新咨询人员 咨询业发展研究人员,2025-10-26,
,,,26.6.30,https://mp.weixin.qq.com/s/XLAN96-S_Pu_7RA0dBmFIg?scene=1&click_id=1,春招,浙江海诚物产有限公司免费住宿、可观酬薪,互联网,含免笔试,https://mp.weixin.qq.com/s/XLAN96-S_Pu_7RA0dBmFIg?scene=1&click_id=1,,浙江海诚物产有限公司,浙江,,数理经济类、能源化工类、气象类、农业类、计算机类,2026-01-29,
,,,招满即停,https://mp.weixin.qq.com/s/vWZdaevPRIYGufeUo6VDiA,26届秋招,,建筑,含免笔试,https://www.wjx.cn/vm/moS35xU.aspx,,荣万家,石家庄 | 唐山 | 沧州 | 廊坊 | 沈阳 | 南京 | 徐州 | 蚌埠 | 济南 | 长沙 | 湛江 | 重庆 | 成都,,社区管理岗 品质管理岗 财务管理岗 人力资源管理岗 社区增值服务管理岗,2025-10-15,
,,,招满即停,➡️校招公告,26届秋招,中信数科提供六险二金、带薪休假,国央企,含免笔试,➡️投递渠道,,中信数科,北京,,技术研发类（系统开发、UI 设计、WEB 后端、网站开发）；网络安全类（安全运营、网络攻防、日常巡检、安全处置）；数据开发类（平台开发、数据分析、数据仓库、模型训练）；网络维护类（故障抢修、设备维护、网络监控、运行分析）；市场销售类（市场分析、客户跟踪、定制方案、流程管理）,2025-09-18,
,,,招满即停,https://mp.weixin.qq.com/s/TqF0fV6wFdntI14ovNGuEA,26届秋招,新川崎食品部门岗位要求211以上，很夸张,其他,含免笔试,文末扫码投递,,新川崎食品,上海,,销售管培生  新媒体运营专员  财务管培生  人力管培生   风控管培生  it专员   工厂管培生,2025-09-18,
,,,招满即停,http://www.supplywater.com/renli-show-43029.aspx,26届秋招,,能源 | 国央企,含免笔试,http://www.supplywater.com/renli-show-43029.aspx,,长沙水业集团有限公司,长沙,,信息技术工程师、给排水管网技术员、综合文秘、人力资源专员、会计、法务专员、水厂运营技术员、地理信息技术员、电气技术员、工程设计/管理员、安全管理员、排水/污泥运行员、机电设备维修员,2025-10-27,
,,,招满即停,https://mp.weixin.qq.com/s/ASJQDKVw6WSfjS0x5eJ0fw,26届秋招,舒华体育有五险一金，各种补贴，带薪年假，节假日福利,其他,含免笔试,https://mp.weixin.qq.com/s/ASJQDKVw6WSfjS0x5eJ0fw,,舒华体育,上海 | 泉州,,HR 会计 采购专员 H5开发工程师 iOS开发工程师 鸿蒙开发工程师 认证及标准化工程师 电跑或车类设计工程师 结构设计工程师 软件需求分析工程师 软件测试工程师 产品经理 企划专员 商用经理 区域经理 电商运营 组长 课长助理 课长 生管专员,2025-10-20,
,,,招满即停,https://mp.weixin.qq.com/s/Mc4ys8QKIZyFD7K455wNYg,26届秋招,GO Freight有五险，工作氛围好,外企,含免笔试,https://mp.weixin.qq.com/s/Mc4ys8QKIZyFD7K455wNYg,,GO Freight,伊犁哈萨克自治州 | 霍尔果斯,,财务管理 市场专员 出纳兼行政 新媒体运营 内勤文员 跨境主播,2025-10-20,
,,,招满即停,https://mp.weixin.qq.com/s/fCwBDgZcyvZ1e2HahxSjLw,秋招补录,西安新东方有六险一金、特色团建、假日福利等,教育,含免笔试,https://mp.weixin.qq.com/s/fCwBDgZcyvZ1e2HahxSjLw,,西安新东方-返乡专场,西安 | 咸阳,,"双语分级阅读教师,启智素养教师,文学素养教师,语文智慧学习机教师,数学智慧学习机教师,英语智慧学习机教师,物理智慧学习机教师,高中班组课教师,高中小组课教师,高中1V1教师",2026-01-18,
,,,招满即停,https://mp.weixin.qq.com/s/qXtPvyHvBilvI3Tiepp3dA,26届秋招,天津普林有五险一金，双休，年假年终奖，员工关怀,国央企,含免笔试,https://campus.tcl.com/campus/recruiting.html,,天津普林,天津,,营销类 研发类 工艺类 设备设施类 质量管理类 供应链类 采购类 财务类,2025-10-25,
,,,招满即停,https://mp.weixin.qq.com/s/BjwShD8P_XQfA8FMNKs1jw,26届秋招,,其他,含免笔试,https://mp.weixin.qq.com/s/BjwShD8P_XQfA8FMNKs1jw,,陕西农科化肥有限公司,西安,,农技业务岗（农学、植保、园艺、土壤肥料）、农资采销业务岗（农学类、经济管理类）、区域销售岗（专业不限）,2025-10-10,
,,,招满即停,http://mp.weixin.qq.com/s?__biz=MzkzODEwMDYzNA==&mid=2247619249&idx=1&sn=e657759d09e14820f0c9dd29b77185af&chksm=c2860044f5f18952ea3743810299297417c1c80a1303dcb7965c02fd6dbacb7379eb58b1433d#rd,26届秋招,,其他,含免笔试,https://monalisagroup.zhiye.com/campus/jobs,,蒙娜丽莎集团,佛山,,营销 - 国内业务，营销 - 市场推广，营销 - 国际业务，新媒体推广，展厅设计，财务管理，物流专员，人力资源，运营，监察，工艺技术，产品设计,2025-10-10,
,,,招满即停,https://mp.weixin.qq.com/s/n_-qVsjidAA8m-jFfzxjew?poc_token=HLHcxGijtXxHZUegonO56MNVbcBCi47VYqe1xDQv,26届秋招,,半导体,含免笔试,,,硕贝德,惠州 | 苏州 | 深圳,,技术研发类、工程制造类、综合职能类、销售项目类、供应链类,2025-09-10,
,,,11.10,https://mp.weixin.qq.com/s/enpVv1HEX4Jw15q-Wm3-4Q,26届秋招,欧力士集团有双休节假日，住房福利，女性友好，奖金,外企,含免笔试,https://sbylg3si8h.jiandaoyun.com/f/6709dce2a16c810d680c77b0,,欧力士集团,海外,,风险管理方向 会计方向 企业价值提升方向,2025-10-22,
,,,招满即停,https://mp.weixin.qq.com/s/t2apxXr5kuUj1AZNiT7d7A,26届秋招,金科服务工作城市众多，多个职位,建筑,含免笔试,https://mp.weixin.qq.com/s/t2apxXr5kuUj1AZNiT7d7A,,金科服务,郑州 | 开封 | 洛阳 | 平顶山 | 安阳 | 鹤壁 | 新乡 | 焦作 | 濮阳 | 许昌 | 漯河 | 三门峡 | 南阳 | 商丘 | 信阳 | 周口 | 驻马店 | 济源 | 武汉 | 南宁 | 柳州 | 桂林 | 梧州 | 北海 | 防城港 | 钦州 | 贵港 | 百色 | 贺州 | 河池 | 来宾 | 崇左 | 重庆,,客服管理 工程管理 培训管理 法律事务 数据运维 品质管理 标书管理 财务管理 行政管理,2025-10-23,
,,,招满即停,https://mp.weixin.qq.com/s/1-k92pYF3m9wfxlE45i-Iw,26届秋招,欧圣电气有五险一金，高薪资，丰厚奖金，股权激励等，节假日福利，员工福利,制造业,含免笔试,https://xym.51job.com/wechat/vuectmjobs/#/search?id=FAE129AA-5E51-4F1E-B184-34E027086934,,欧圣电气,北京 | 天津 | 沈阳 | 大连 | 长春 | 哈尔滨 | 上海 | 南京 | 杭州 | 宁波 | 合肥 | 福州 | 济南 | 青岛 | 郑州 | 武汉 | 长沙 | 广州 | 深圳 | 东莞 | 重庆 | 成都 | 昆明 | 西安 | 全国各地,,结构助理工程师 电机助理工程师 项目管理 采购助理 工艺工程师 质量工程师（DQE/SQE/CQE/FQE等） 产品经理 亚马逊运营专员 外贸销售助理 平面设计 商务专员 研发文员 人力资源 财务,2025-10-20,
,,,11.30,https://mp.weixin.qq.com/s/l1gyWPoGdsDOsPnHBLDRpw,26届秋招,不凡帝范梅勒有高底薪、十三薪、各种津贴等，五险一金，商业医保，带薪病假年假,外企 | 快消零售,含免笔试,http://campus.51job.com/perfettivanmelle/job.html,,不凡帝范梅勒,上海 | 深圳 | 全国各地,,销售领英培训生 市场管理培训生 电子商务管理培训生 供应链管理培训生 财务管理培训生 人力资源管理培训生,2025-10-20,
,,,招满即停,https://mp.weixin.qq.com/s/gZC3MckQc_YMCfe2m8LU4A,26届秋招,新城控股岗位面向广，福利好，工作氛围好,建筑,含免笔试,https://wecruit.hotjob.cn/SU630dafb40dcad4076dfdf5ce/pb/index.html#/,,新城控股,全国各地,,招商管理 营运管理 企划管理 法务管理 人力资源管理 企业管理 财务管理,2025-10-13,
,,,招满为止,https://mp.weixin.qq.com/s/op7AydMCuMtg07Swp2gjxQ,26届提前批,中久数创的提前批有免笔试，免除笔试直通面试，而且跟正式批不冲突,半导体,含免笔试,,,中久数创,成都,,"固体力学CAE软件工程师、技术支持工程师
 | 流体力学CAE软件工程师、技术支持工程师
 | 多体动力学CAE软件工程师、技术支持工程师
 | 电磁学CAE软件工程师、技术支持工程师
 | 声学CAE软件工程师、技术支持工程师
 | 多物理耦合CAE软件工程师、技术支持工程师
 | 辐射输运CAE软件工程师
 | 多学科系统级联合仿真工程师
 | CAE前处理研发工程师
 | CAE图形界面工程师
 | CAD几何内核算法研发工程师
 | 并行计算工程师
 | CAE智能技术与软件研发工程师
 | 测试开发工程师
 | 质量保证工程师",2025-08-12,
,,,招满即停,http://mp.weixin.qq.com/s?__biz=MzIzNjc2MjE2Nw==&mid=2247495798&idx=1&sn=21d9bfa9703a69e409e21e0853c4da6d&chksm=e8d0552edfa7dc388d8f6ebf06e078f78f37bb5881c5914d4953a92d3025eb1da0e205b99d3e#rd,26届秋招,圣农集团有各种工资，五险一金，商业险意外险，晋升空间，多种福利,农业,含免笔试,https://sunnergp.zhiye.com/campus/jobs,,圣农集团,福州 | 南平 | 庆阳 | 全国各地,,育种 养殖 生产 设备 研发/品管 市场营销管理 饲料营养 战略执行管理 财务管理 采购管理 供应链管理 人资管理（相关专业：动物遗传育种与繁殖，畜牧，生物信息统计学，动物科学，动物医学，畜牧兽医，食品科学与工程，生物技术，机械类，电气工程类，机电类，制冷与空调技术，农业机械化及其自动化，生物工程，食品安全与质量，市场营销，管理学，动物营养与饲料学，工商管理，经济学，数据科学与大数据技术，供应链管理，会计学，财务管理，审计学，金融学，数学，统计学，物流管理，物流管理与工程类，管理科学与工程，人力资源管理，行政管理）,2025-10-23,
,,,招满即停,https://mp.weixin.qq.com/s/aghi4InhdZEiIX-xMb2ghg,26届秋招,,快消零售,含免笔试,https://mp.weixin.qq.com/s/aghi4InhdZEiIX-xMb2ghg,,盐津铺子,长沙 | 浏阳 | 江西修水 | 全国各地,,生产储干、设备储干、品控储干、计划储干、品牌专员、产品专员、研发工程师、销售储干、供应链专员、网络工程师、开发工程师、系统应用工程师、财务专员,2025-10-21,
,,,26.5.1,https://mp.weixin.qq.com/s/s0ka9QGiWDyFfOORNookmA,26届秋招,SE德国美高音响岗位众多，前景好，本科起薪6000,外企,含免笔试,https://mp.weixin.qq.com/s/s0ka9QGiWDyFfOORNookmA,,SE德国美高音响,嘉兴,,系统应用工程师(演出) 系统应用助理工程师(演出) 系统设计工程师（固定安装） 系统设计助理工程师（固定安装） 产品教育工程师 销售代表 新媒体运营 视频内容编导 工业设计工程师 产品工程师 / 产品助理 实习岗位,2025-10-20,
,,,招满即止,https://mp.weixin.qq.com/s/5osORQXO3M_wY46LDxxsiw,26届秋招,TÜV SÜD提供10天以上年假、24天带薪病假等,外企,含免笔试,https://jobs-tuv-sud.ourats.com/req/campus/?reqCustomField3Id=6,,TÜV SÜD,北京 | 天津 | 上海 | 无锡 | 全国各地,,助理项目工程师、项目工程师、测试工程师、运航工程师、技术工程师、项目协调员、管理培训生,2025-10-02,
,,,招满即停,https://mp.weixin.qq.com/s/Pgggv_DF3LQEqx4RtdpPKw,26届秋招,,生物医药 | 国央企,含免笔试,https://www.wjx.cn/vm/rXAJqgL.aspx,,佛山医药集团,佛山,,市场营销岗 护士 公共营养师 健康管理师 中医医生 西医医生 新媒体运营岗 行政管理岗 党群工作岗 人力资源管理岗 法务岗 投资运营岗 品牌策划岗 电商运营岗 平面设计岗 医疗业务运营岗,2025-10-08,
,,,招满即停,http://mp.weixin.qq.com/s?__biz=MzU0NzE4ODgzMQ==&mid=2247566665&idx=1&sn=5b8212a6281ef79086e4b70c2a5e7705&chksm=fb51bc79cc26356fb098a325fd917aec7b9206e79a44223888bbe9dfcc9c637463e913ce902f#rd,26届秋招,,建筑,含免笔试,👈扫码投递,,新日月股份,宁波,,管培生：总经理秘书 人资管理 行政管理 财务管理 市场拓展 运营管理 物业项目管理 食堂餐饮管理 物流管理 电子商务 仓储管理 品控管理 客户运营 机构养老服务 社区养老服务 银发文旅产业,2025-10-05,
,,,招满即停,➡️校招公告,26届秋招,,国央企,含免笔试,➡️投递渠道,,内蒙古北方重工业集团,包头 | 南京,,机床操作工，电焊工，会计，采购业务员，人力资源管理专员，产品销售业务员（国际），矿用车结构设计技术人员，矿用车动力传动设计技术人员，矿用车电气设计人员，矿用车数控设计人员，矿用车装配工艺技术人员，矿用车液压设计技术人员，矿用车冲压工艺与模具设计技术人员，矿用车综合技术人员，计算机网络工程技术人员，机械设备维修技术人员，设计工程师，售后服务工程师，专业技术岗,2025-09-18,
,,,招满即止,https://mp.weixin.qq.com/s/p-XhSwkqtXxRU-LhZRgORA,26届秋招,,外企,含免笔试,https://campus.51job.com/aumovioFY26/,,AUMOVIO欧席威,上海 | 重庆 | 长春 | 南京,,软件开发工程师、AI和数据工程师、初级算法工程师、系统测试工程师、电子工程师、机械工程师,2025-09-28,
,,,招满即停,https://mp.weixin.qq.com/s/4NHVmmtcGTE3dME7OqOkoQ,26届秋招,开途科技招聘四类岗位，工作地点多,制造业,含免笔试,https://mp.weixin.qq.com/s/4NHVmmtcGTE3dME7OqOkoQ,,开途科技,苏州 | 杭州 | 上海 | 南京 | 合肥,,营销类、研发类、产品类、职能类,2025-10-23,
,,,招满即停,➡️校招公告,26届秋招,加多宝开放30个校招名额，40+城市招聘，入职大头都是文科类专业，,外企 | 快消零售,含免笔试,https://jdbchina.zhiye.com,,加多宝集团,上海 | 温州 | 贵州 | 济南 | 苏州 | 杭州 | 汉中 | 咸阳 | 全国各地,,"销售类
 | 推广类
 | 生产类
 | 销售管培生、销售应届生、销售实习生
 | 推广管培生
 | 机电管培生、质量管培生、生产实习生",2025-09-14,
,,,10月,https://mp.weixin.qq.com/s/g-LGO5UmpQrT71C1GmA4iA,26届秋招,太古里就是太古地产旗下的，录用之后需要工作实习,外企,含免笔试,https://www.swireproperties-recruitment.com,,太古地产(中国),北京,,招商运营及市场方向住宅方向工程方向(土建/机电),2025-09-10,
,,,招满即停,https://mp.weixin.qq.com/s/L9eLDLHko-z6hxRUGtHTkA,26届秋招,,建筑,含免笔试,➡️投递渠道,,中铁十局,全国各地,,土木工程 道路桥梁与渡河工程 铁道工程 水利水电工程 采矿工程 建筑学 建筑电气与智能化 电气工程及其自动化 轨道交通信号与控制 通信工程 隧道工程 智能建造 土木+软件 城市地下空间工程 无机非金属材料 机械设计制造及其自动化 机械工程 材料科学与工程,2025-09-10,
,,,招满即停,https://mp.weixin.qq.com/s/4p5If4eD4KQqRk41Gx3xTg,26届秋招,网易云音乐只有部分岗位有笔试，其他岗位都是免笔试,互联网,含免笔试,campus.163.com,,网易云音乐,杭州,,"技术开发类
 | Java、客户端、数据分析、数据挖掘
 | 人工智能类
 | 算法、算法工程
 | 产品及运营类
 | 产品策划、产品运营
 | 内容拓展类
 | 内容商务、内容推广",2025-08-28,
,,,招满即停,https://mp.weixin.qq.com/s/edgtwnrweg9T_X3Yp4wC3g,26届秋招,扬腾创新有六险一金，人才培养，薪酬奖励，福利保障,其他,含免笔试,https://yangtenggroup.zhiye.com/campus,,扬腾创新,福州 | 杭州 | 北京 | 深圳 | 香港 | 海外,,跨境电商运营类、供应链管理类、IT技术类、用户体验类、职能管理类,2025-10-18,
,,,招满即停,https://mp.weixin.qq.com/s/jQQQcuXqemTqCeiBueYfWg?scene=1,春招,,国央企 | 能源,含免笔试,https://mp.weixin.qq.com/s/jQQQcuXqemTqCeiBueYfWg?scene=1,,热联集团,杭州 | 海外,,业务管培生、业务员,2026-02-04,
,,,招满即停,https://mp.weixin.qq.com/s/jKxZV_-lnQ23jA3BtVF9aA?scene=1,春招,,科技,含免笔试,https://mp.weixin.qq.com/s/jKxZV_-lnQ23jA3BtVF9aA?scene=1,,中电电气,南京,,管理培训生 海外销售工程师 海外商务专员 海外市场开发专员 AI智能体工程师 成套技术工程师 变压器设计工程师 技术支持工程师 市场策划 新媒体专员 客服专员 运营计划员 法律秘书 费用会计（理工类、......,2026-02-04,
,,,招满即停,https://mp.weixin.qq.com/s/0HkL5G6WCjp7Jo4oOzY0qw,春招,中国能建江苏电建一公司有基本五险一金、企业医疗险、企业保障等福利,国央企 | 能源,含免笔试,https://www.iguopin.com/company?id=10685386414449377,,中国能建江苏电建一公司,南京,,能源动力类电气工程类焊接技术类建筑工程类公路/交通工程类市政工程类水利工程类安全工程类机械类工程管理类财务金融类企业管理类新闻宣传类其他;,2026-01-24,
,,,招满即停,,26届秋招,,快消零售,含免笔试,➡️投递渠道,,箭牌家居,佛山,,营销管培生（销售代表、电商运营、产品推广、市场策划）；研发管培生（结构设计、工业设计、电子控制）；制造管培生（工艺管理、精益管理）。,2025-09-10,
,,,招满即停,➡️校招公告,26届秋招,,生物医药,含免笔试,➡️投递渠道,,科曼医疗,深圳,,研发类（硬件工程师、FPGA 工程师、气路工程师、驱动工程师、软件工程师、嵌入式软件工程师、算法工程师（信号处理方向、控制方向、图像方向、声学成像方向、深度学习方向、信号方向）、临床需求工程师、声学工程师、结构工程师、材料工艺工程师、工业设计师、用户研究分析师、CMF 设计师、UX 设计师、UI 设计师、工艺工程师、机械工程师）；职能类（法规工程师、临床工程师、体系工程师、SQE 工程师、NPI 工程师、客诉工程师、采购工程师、计划工程师、设备工程师）；营销类（全球（国际用服工程师、国际区域销售经理、国际市场专员、国际产品专员）、全国（国内分公司用服工程师、国内分公司销售经理））。,2025-09-10,
,,,招满即停,https://mp.weixin.qq.com/s/XEEqRC32KztNNHRDJ3G33g,26届秋招,百融云创具体职位是否有Al面试&笔试，要看具体情况，非技术岗免笔试的,互联网,含免笔试,https://app.mokahr.com/login?redirectUrl=%2F,,百融云创,北京 | 上海 | 深圳 | 重庆 | 成都 | 杭州,,"［ 技术研发类 ］
 |  研发工程师（北京）
 |  IT工程师（北京）
 |  安全工程师（北京）
 | ﻿JAVA开发工程师（北京）
 | ［算法模型类］
 | • 算法工程师（北京）
 | • 风控策略分析（北京）
 | ﻿数据分析师（北京/上海/深圳/重庆/成都/杭州）
 | ﻿大模型算法工程师（北京/上海/深圳）
 |  模型开发工程师（北京）
 | ［运营类 ］
 |  数据源产品运营（北京）
 |  投顾专员（杭州）
 |  产品运营专员（北京）
 |  投标专员（北京）
 | ﻿运营专员（北京/上海）
 |  用户运营专员（北京）
 |  商务运营专员（北京）
 |  数据源商务经理（北京）
 | ［产品类
 |  产品经理（北京/杭州）
 |  产品助理（北京）
 | • 解决方案（北京）",2025-09-07,
,,,10.31,https://mp.weixin.qq.com/s/yEH451-yCrHD5kiPA3yBvA,26届秋招,,外企,含免笔试,https://www.bp.com.cn/zh_cn/china/home/careers/campus.html,,bp中国,上海,,sales&marketing、supply&retail、applied science programme、trading&shipping programme,2025-09-23,
,,,招满即停,http://mp.weixin.qq.com/s?__biz=MzA4MzI0MzQ1NQ==&mid=2651997155&idx=1&sn=0ac85c9cba1f27c1f00adda357b7f836&chksm=841f9b33b368122566fe69589fceb2f46fc87b004b5904fc1b0e26397d7344b2813de971d29f#rd,26届秋招,恒益集团需要岗位多，五险一金，带薪年假，各种补贴，活动，免笔试,其他,含免笔试,https://xyzp.51job.com/HengYi2026,,恒益集团,昆明 | 腾冲,,市场类 技术类 设计类 研发类 财会类 管理类 策划类 客服类（专业要求：财会审计类 经济学类 管理类 国贸类 文旅酒店类 市场营销类 供应链与物流类 矿业与能源工程类 农林生物类 外语类 传媒类 临床医学类）,2025-10-19,
,,,招满即停,https://mp.weixin.qq.com/s/2Cz9SAAXaemTxV5H4R4Spw,26届秋招,,制造业,含免笔试,http://campus.51job.com/NBHX,,宁波华翔电子股份有限公司,北京 | 天津 | 长春 | 上海 | 无锡 | 宁波,,运营管理类 技术研发类 质量类 信息技术类 供应链类 市场/营销类 职能类 具身智能类 智能制造AI类,2025-10-09,
,,,招满即停,https://mp.weixin.qq.com/s/dokowTnkCbCBLvRRs0r8Ag,26届秋招,,其他,含免笔试,👈文中扫码投递,,链家,上海,,顾问型房产经纪人,2025-09-16,
,,,招满即停,https://mp.weixin.qq.com/s/YoGYranMUx-G9o4gzMo-WA,26届秋招,永辉超市的部分岗位是免笔试的,快消零售,含免笔试,https://yhchaoshi.zhiye.com,,永辉超市,福州 | 重庆 | 全国各地,,"门店营运类
 | 全国
 | 门店管培生
 | （生鲜 | 食品用品 | 熟食 | 烘焙 | 客服收银|后勤方向）
 | 科技类
 | 福州
 | 质量工程师| 前端开发工程师| 基础设施工程师
 | 网络工程师|后端开发工程师|数据开发工程师
 | 算法工程师 | DBA（数据库管理方向）|产品经理
 | IT运维（Kubernetes方向）
 | 电商类
 | 前置仓储备主管|订单管理岗
 | 全国
 | 供应链类
 | 福州/重庆
 | 采购管培生（生鲜| 食品用品| 熟食 | 烘焙| 面点）
 | 综合支持岗（订单交易| 商品规划|空间管理）
 | 质量管理类
 | 质量标准岗| 食品安全岗|储备品控岗
 | 福州/重庆
 | 物流类物流中心管培生
 | ◎全国物流中心仓",2025-09-11,
,,,招满即停,https://mp.weixin.qq.com/s/brPHThtHu6E-wrIqGXY-nA,26届秋招,广东广电网络有多个分公司，有高薪酬，完备社保，企业年金，人才培养体系,国央企,含免笔试,https://xyz.51job.com/External/Apply.aspx?CtmID=8430170,,广东广电网络,广州 | 韶关 | 深圳 | 珠海 | 汕头 | 佛山 | 江门 | 湛江 | 茂名 | 肇庆 | 惠州 | 梅州 | 汕尾 | 河源 | 阳江 | 清远 | 英德 | 东莞 | 中山 | 潮州 | 揭阳 | 云浮 | 山南,,"总部英才培养计划，经营分析岗，网络运维岗，开发工程师，技术规划岗，平台运维岗，IT 管理岗，动力运维岗，工程管理岗，工程设计岗，集团业务运维岗，技术支撑岗，数据库工程师，数智化技术支撑，数据网运维岗，网络安全岗，网络规划岗，系统建设岗，系统维护岗，项目管理岗，信息安全工程师，云平台工程师，云资源业务拓展岗，增值开发岗，政企售前工程师，终端嵌入式软件开发工程师兼业务运维支撑工程师，综合解决方案岗，市场营销岗，客户经理岗，数据分析岗，媒资制作岗，集客技术支持岗，集客运营管理岗，政企业务岗，综合业务岗，业务支撑岗，数字家庭产品专员 (全国各地业务方向), 经营管理岗，法务岗，供应链管理岗，人力资源管理岗，审计岗，综合文秘岗，财务管理岗，会计核算岗，营装维岗，终端运维工程师，网格专员（相关专业：人工智能，智能科学与技术，智能视听工程，软件工程，物联网工程，计算机科学与技术，计算机技术，光电信息与科学，通信工程，光电信息科学与工程，财务管理，会计，经济，金融，统计学，网络工程，广播电视工程，电子信息工程，网络空间安全，大数据，自动化类，统计类，数学类，人工智能类，集成电路类，电子信息类，信息安全，网络系统管理，电力，电气工程，电气工程及其自动化，云计算，网络空间安全，电子与通信工程，影视摄影与制作，数字媒体，影视特效，新媒体技术，经济统计学，应用统计学，数据科学与大数据技术，金融数学，信息工程，电子商务，新媒体运营，新闻传播学，广播电视编导，影视摄影与制作，数字媒体艺术，新闻学 (广播电视方向), 广告学 (影视广告方向), 动画，视觉传达设计，工程管理，工程造价，采购管理，法学，汉语言文学，行政管理，公共事业管理，文秘，供应链管理，物流管理，人力资源管理，劳动与社会保障，心理学，劳动与社会，审计，法律，财务，不限，工商管理，企业管理，经济管理，商业分析）",2025-11-04,
,,,招满即停,https://mp.weixin.qq.com/s/jOA0z-QFReE_HZKD0ibevw,26届秋招,歌尔丹拿免笔试，海内外岗位，弹性工作制，节假日福利，人文关怀,科技,含免笔试,https://k13pqewe7i.jobs.feishu.cn/641372/?spread=K38FMZW,,歌尔丹拿,北京 | 长春 | 上海 | 南京 | 苏州 | 青岛 | 潍坊 | 深圳 | 海外,,商务拓展岗，工业设计岗，产品经理，应用设计与开发岗，硬件研发岗，工艺研发岗，材料研发岗，包装工程岗，智能制造数字化算法岗，电声检测开发岗，总账会计岗，项目管理岗，供应商品质管理岗，研发品质管理岗，订单管理岗，运营项目管理岗，市场分析岗，音频算法，linux 开发，嵌入式软件，结构研发岗，声学研发岗，算法研发岗，用户体验岗，市场营销岗，测试开发岗，运营管理岗，交互设计岗，视觉设计岗，HR 管培生，管理推进岗，商务管理岗,2025-10-20,
,,,招满即停,https://mp.weixin.qq.com/s/5dCs7S2Uj-hvTvns8-s-4g,26届秋招,中寰医药招聘多个岗位管培生，面向医药类、财务人力专业,生物医药,含免笔试,https://form.ebdan.net/show/03PxQjMK?bt=yxy,,中寰医药,南京 | 福州 | 全国各地,,营销中心管培生 产品BD管培生 学术/产品经理管培生 高管助理管培生 财务、人力等职能管培生 质量、生产管培生,2025-10-20,
,,,12.1,https://mp.weixin.qq.com/s/K08iU1t7hkYPEVnJ_v6uTA,26届秋招,,快消零售,含免笔试,https://x0hl1211fvxewtoo.mikecrm.com/w2s55Ig,,ZUCZUG素然,北京 | 上海 | 南京 | 杭州,,男/女装设计助理 陈列助理 面料开发助理 产品客户助理 电商策划助理 品牌视觉制片助理 助理形象顾问 服装设计实习生 工程实习生 品牌视觉设计实习生 人力资源实习生 品牌实习生 商品实习生 试衣模特 兼职形象顾问 兼职吧台管理 兼职面包师,2025-10-12,
,,,招满即停,https://mp.weixin.qq.com/s/N6NhM0f3UZ2njY5BofzCpw,26届秋招,,生物医药,含免笔试,https://eppen.zhiye.com/Campus/jobs,,伊品生物,大庆 | 广州 | 全国各地,,生物类、化学类、材料类、食品类、英语类、国贸类、市场营销类,2025-10-07,
,,,招满即停,https://mp.weixin.qq.com/s/5Zj2t4r4wr7k2xn3R3ApeA,26届秋招,延锋智能安全是免笔试的，三餐免费,其他,含免笔试,https://app.mokahr.com/campus-recruitment/yanfeng/45086#/,,延锋智能安全,上海 | 柳州 | 重庆 | 仪征,,"制造类
 | 物流类
 | 质量类
 | 职能类
 | 设备类",2025-09-15,
,,,招满即停,https://mp.weixin.qq.com/s/70sruRgKJReKx709IlMwjQ,26届秋招,高途有24个城市工作地,互联网,含免笔试,👈文中扫码投递,,高途,北京 | 武汉 | 西安 | 上海 | 成都 | 深圳 | 全国各地,,"研发类
 | 教学教研类",2025-09-11,
,,,招满即停,https://mp.weixin.qq.com/s/19ItLzPrCbTyB8d5qvh18Q,26届秋招,奇安信是做网络安全的，部分岗位有笔试，非技术岗是免笔试的,互联网,含免笔试,https://campus.qianxin.com/campus/jobSearch,,奇安信,北京 | 南京 | 武汉 | 上海 | 成都,,"安全类
 | 研发类
 | 营销类
 | 技术类
 | 
 | 
",2025-09-09,
,,,招满即停,https://mp.weixin.qq.com/s/EdmGds-Q6oB0NqiVdDkgpg,26届秋招,,其他,含免笔试,https://mp.weixin.qq.com/s/EdmGds-Q6oB0NqiVdDkgpg,,图特精密,全国各地,,国内营销管培生（专业不限）,2025-10-19,
,,,26.1.9,https://mp.weixin.qq.com/s/gXtIZOVwZmLQN41h6xB3Ow,26届秋招,北京环球度假区岗位多，福利待遇好，对员工人文关怀,外企,含免笔试,https://app.mokahr.com/campus-recruitment/ubr/117987#/jobs,,北京环球度假区,北京,,园区运营 技术服务 服装运营 安保运营 餐饮服务 零售运营 烹饪烘焙 仓库管理 娱乐运营 公寓运营,2025-10-20,
,,,招满即停,https://mp.weixin.qq.com/s/VVSgoEUCY47oG_vTHOrgmQ,26届秋招,,科技,含免笔试,https://mp.weixin.qq.com/s/VVSgoEUCY47oG_vTHOrgmQ,,世纪开元,济南,,生产类管培生（相关专业：印刷工程 包装工程 轻化工程 机械设计制造及自动化 电气工程 工业工程 材料科学与工程 物流管理 质量管理等相关专业）,2025-10-08,
,,,招满即停,https://mp.weixin.qq.com/s/BYK9tFg_CgJr5Fd1dA_f3Q,26届秋招,浙农股份有竞争力的薪酬体系，好的前景，丰富员工活动,农业,含免笔试,https://jobs.51job.com/all/coB2dQMVEyATwHagBrUjA.html?timestamp__1258=Yqfh0KYK7KDvqiqGNDQReBKc42eGCFUeD,,浙农股份,杭州,,农技业务岗、农技服务岗、贸易业务岗、综合运营岗、汽车业务岗、中药生产技术/业务岗,2025-10-25,
,,,招满即停,https://mp.weixin.qq.com/s/JJyn2PS0LJavDAnJ43_7Eg,26届秋招,同兴科技有五险一金，节假日福利，人才政策，培训,其他,含免笔试,https://mp.weixin.qq.com/s/JJyn2PS0LJavDAnJ43_7Eg,,同兴科技,合肥 | 马鞍山,,管培生、研发技术类、海外类、营销类、生产管理类,2025-10-19,
,,,招满即停,https://mp.weixin.qq.com/s/wIm4JVl4KGj_GSnfXmvvmg?scene=1,春招,,互联网,含免笔试,https://mp.weixin.qq.com/s/wIm4JVl4KGj_GSnfXmvvmg?scene=1,,量化派,北京,,运营类，职能类，研发类，AI算法类，其他(因人定岗),2026-02-04,
,,,招满即停,https://mp.weixin.qq.com/s/PlAfNEZ_QVwlCBqxvswXkw,春招,和胜新能源有五险一金、奖金激励等,汽车新能源,含免笔试,https://form.ebdan.net/ls/lN26bvDh?bt=yxy,,和胜新能源,鞍山 | 溧阳 | 马鞍山 | 中山 | 宜宾,,"产品开发岗,工艺技术岗,工装设计岗,精益改善岗,销售岗,项目岗,人力资源岗,采购管理岗,物流管理岗,计划物控岗(汽车、机械、人力资源管理、工商管理、供应链管理、物流管理)",2026-01-21,
,,,招满即停,https://mp.weixin.qq.com/s/ILyQ4NJbTmJF_O4paMI-BA,26届秋招,凯华模具有五险一金，法定节假日，多种福利，多个补贴,其他,含免笔试,https://mp.weixin.qq.com/s/ILyQ4NJbTmJF_O4paMI-BA,,凯华模具,台州 | 芜湖 | 上海 | 宁波 | 深圳,,管理类 管理储备 职能支持类 人力资源专员 采购专员 财务专员 行政专员 营销类 国际销售助理(英语) 国际销售助理(韩语/越南语) 销售助理 研发技术类 产品设计工程师(catia) 模具设计工程师(ug) 产品研发工程师 模具项目工程师 产品项目工程师 质量管理类 质量工程师 检验员 生产运营类 编程工程师(powermill)机加工操作学徒 设备维修工程师 自动化工程师 注塑工艺工程师 车间储备 模具学徒 计划专员 物流专员（机械类相关专业、管理类相关专业、模具 设计与制造、数控技术、材料控制与成 型、国际贸易、英语、越南语、韩语、供应链管理、车辆工程、高分子材料与工程...）,2025-10-28,
,,,招满即停,https://mp.weixin.qq.com/s/mHO6mRce-6r4ZCQeaNok4w,26届秋招,新大正物业薪资较高，遍布多个城市，工作氛围好，福利多,建筑,含免笔试,https://dzwy.zhiye.com/campus/jobs,,新大正物业,北京 | 呼和浩特 | 南京 | 苏州 | 杭州 | 合肥 | 南昌 | 青岛 | 郑州 | 武汉 | 广州 | 深圳 | 海口 | 重庆 | 成都 | 西安,,物业项目管理类（管理类、财务类、营销类专业优先） FM类（工程管理、物业管理、工业工程等相关专业优先） 环境类（植物保护、农业昆虫、生态学、环境科学等相关专业优先） 技术类（计算机、电子、数学、自动化等相关专业） 非临床医药类（康复治疗技术、护理、预防医学等相关专业优先） 财务类（会计、金融、经济、审计等相关专业优先）,2025-10-21,
,,,招满即停,https://mp.weixin.qq.com/s/ASHpO7FS50ZARZyQca1sow,26届秋招,,国央企,含免笔试,https://mp.weixin.qq.com/s/ASHpO7FS50ZARZyQca1sow,,四川美丰,德阳 | 绵阳 | 四川,,产品研发 电气维护 设备维护 生产控制技术(化工) 销售(农化服务) 综合管理 法务管理 人力资源管理 生产运行控制(化工) 膜材生产操作,2025-10-10,
,,,10.15,➡️校招公告,26届秋招,汉高只要一轮面试，12月发offer，流程快，假期很多，15天年休假、2天公司假日、6天全薪病假、生育假、陪产假、8周性别中立亲子假……,外企,含免笔试,https://campus.51job.com/Henkel2026/,,汉高,上海 | 虎门 | 全国各地,,"粘合剂技术业务部
 | 粘合剂销售管理培训生
 | 粘合剂技术创新管理培训生
 | 粘合剂生产运营管理培训生（生产、质量、维修、物料管理、供应链）上海轮岗 全国定岗
 | 上海
 | 上海、虎门
 | 消费品牌业务部
 | 消费品管理培训生
 | 消费品销售管理培训生
 | 消费品供应链管理培训生
 | 上海
 | 西北、京津冀、东三省、江西/福建
 | 上海",2025-09-14,
,,,招满即停,https://mp.weixin.qq.com/s/C4csMtD5eX17vs5xpylqhQ?click_id=44,26届秋招,安川电机有五险一金公积金，医疗险，体检，多种假期，团建活动,外企,含免笔试,https://yaskawa.zhiye.com/campus/jobs,,安川电机,上海,,应用技术工程师 技术型销售工程师,2025-10-22,
,,,招满即停,http://mp.weixin.qq.com/s/avl_0Eh6BzgQTPV_qXRMZg,26届秋招,大华股份有海外工作机会，完善培养体系，多个福利保障,科技,含免笔试,https://job.dahuatech.com/#/CampusPosition?id=11,,大华股份,杭州 | 海外,,2026届海外解决方案管培生(西班牙语) 2026届海外技术支持管培生(西班牙语) 2026届海外人力资源管培生(西班牙语) 2026届海外市场产品管培生(印尼语) 2026届海外市场产品管培生(日语) 2026届海外销售管培生(土耳其语) 2026届海外合同管理管培生(俄语) 2026届海外商务管培生(俄语) 2026届海外商务管培生(葡语),2025-10-21,
,,,招满即停,https://mp.weixin.qq.com/s/uJZgff9SbBMjrJ4OFXARAA,26届秋招,横乐有五险一金，人才落户等人才政策，意外险，年度体检,生物医药,含免笔试,https://mp.weixin.qq.com/s/uJZgff9SbBMjrJ4OFXARAA,,横乐,珠海,,研发类 图像算法工程师、图像算法实习生、 软件开发实习生等 产品类 产品专员、产品实习生等 营销类 销售专员等 科研类 博士后(图像算法、运动控制算法方向)等 临床类 临床支持工程师、医学事务实习生等,2025-10-27,
,,,招满即停,https://mp.weixin.qq.com/s/wKZlAkpcE6s4uE-w7O5IUQ?scene=1&click_id=89,26届秋招,特宝生物的很多岗位都没有笔试，只有一个测评,生物医药,含免笔试,https://amoytop.zhiye.com/,,特宝生物,福建,,研发类：医学临床类职能类,2025-09-23,
,,,招满即停,https://mp.weixin.qq.com/s/2_wfpMsYt6aCgmHQzTawhQ,26届秋招,方太集团提供七险一金，薪资对标大厂,制造业,含免笔试,https://fotile.zhiye.com/campus?k=&city=1300#n,,方太集团,北京 | 天津 | 深圳 | 全国各地,,"产品&研发类
 | 机械研发方向
 | 产品&研发类
 | 电子电气方向
 | 销售&服务类
 | 营销特战队方向
 | 销售&服务类
 | 零售业务/零售市场方向
 | 供应链类
 | 制造技术/品质方向
 | 柏厨事业部
 | 研发设计方向
 | 柏厨事业部
 | 销售设计方向",2025-09-11,
,,,招满即停,https://mp.weixin.qq.com/s/nQ9dIdNZvGfGVfkWe7S5qQ,26届秋招,陕汽控股也有五险二金、安家费等等，只有测评，没有笔试，免笔试,国央企,含免笔试,https://sxqc.zhiye.com/campus,,陕汽控股,西安,,"新能源汽车研发智能网联平台开发
 | 无人驾驶技术开发整车平台开发
 | 零部件设计
 | 工艺技术
 | 设备技术
 | 质量技术
 | 技术管理
 | SQE
 | 工业工程
 | 销售代表",2025-09-04,
,,,招满即停,https://mp.weixin.qq.com/s/bGhnx7Ln7srlsExL0Cd-5A,26届秋招,AAC瑞声科技有测评，但没有笔试，，非技术岗是免笔试的,制造业,含免笔试,https://talent.aactechnologies.com/campus,,AAC瑞声科技,常州 | 南京 | 深圳 | 南宁 | 上海 | 马鞍山 | 武汉 | 北京 | 扬州 | 苏州 | 宿迁 | 重庆,,"技术类
 | 声学研发工程师
 | 马达研发工程师电机研发工程师材料研发工程师
 | 光学设计工程师机械设计工程师
 | 结构设计工程师电气设计工程师
 | 芯片设计工程师制程技术工程师
 | 算法工程师
 | 仿真工程师
 | 质量工程师
 | 项目管理
 | ••••••
 | 职能类
 | 战略规划专员
 | 会计专员
 | 产能计划
 | 生产计划
 | 物料计划
 | 采购专员
 | 财务BP
 | ••••••
 | 营销类
 | 商务专员
 | KA 销售
 | 交付经理",2025-09-04,
,,,招满即停,https://mp.weixin.qq.com/s/fccRZWWgOsUNlU97iU7o6w,26届秋招,,快消零售,含免笔试,https://mp.weixin.qq.com/s/fccRZWWgOsUNlU97iU7o6w,,spes诗裴丝,杭州,,运营 设计 市场 数据 产品开发 公关 人力管培生,2025-11-02,
,,,招满即停,https://mp.weixin.qq.com/s/7_EH6-gAgDzHj9cxcSJxhg,秋招补录,阿里云-管培生人才项目福利较好、可获内推资格,互联网,含免笔试,https://careers.aliyun.com/campus/position-detail?lang=zh&positionId=9950043004,,阿里云-管培生人才项目,北京 | 杭州 | 上海 | 深圳,,阿里云管培生(商业技术方向),2026-01-29,
,,,11.3,https://mp.weixin.qq.com/s/p-nTX9vhMk1ZEYZa24dRAA,26届秋招,,国央企,含免笔试,https://hncb2025.iguopin.com/,,湖南出版集团,上海 | 长沙,,外语编辑（阿拉伯语方向）、文学编辑、职教编辑、中医图书编辑、编辑（主题出版、人文社科教育方向）、地理编辑、杂志编辑、记者、视频后期编辑、创意策划、校对、数字出版与新媒体运营、AI工程师、数智运营、融合出版全栈研发工程师、融合出版产品经理、游戏策划与研发、游戏运营、AI教育模型应用研究员、AI教育产品运营、新媒体运营、市场营销、海外业务专员、运营专员、大客户经理、广告项目经理、销售客服、高级投资经理、文字秘书、成本会计、收入会计、人事经理,2025-10-12,
,,,招满即停,➡️校招公告,26届秋招,天虹数科有AI面试，复试2～3轮，工作地点7省35个城市,互联网,含免笔试,https://www.rainbow.cn,,天虹数科,深圳,,"运营管培生营销策划管培生
 | 带兵打仗，数据决胜商战
 | 创意无限，玩转智慧零售
 | 供应筵管培生（关縫职能管培生
 | 运筹帷幄，挖掘品质好物
 | 洞察先机，智驭商业浪潮",2025-09-14,
,,,招满即停,https://mp.weixin.qq.com/s/46o6yrs65ASI-SOBShqV0Q,26届秋招,博世是世界范围内很有名的德企，大厂,外企,含免笔试,👈文中扫码投递,,博世,上海 | 苏州 | 北京,,"智能底盘控制研究员_CR
 | 多智能体优化调度研究科学家_CR
 | 智能驾驶研发科学家_CR
 | RESEARCH SCIENTIST -AI4SCIE NCE _CR
 | RESEARCH SCIENTIST -
 | REINFORCEMENT LEARNING _CR
 | AI工程师-VM
 | DATA & AI SPECIALIST/人工智能数据专员_DC",2025-09-11,
,,,招满即停,https://mp.weixin.qq.com/s/ASJQDKVw6WSfjS0x5eJ0fw,26届秋招,舒华体育有五险一金，各种补贴，带薪年假，节假日福利,其他,含免笔试,https://mp.weixin.qq.com/s/ASJQDKVw6WSfjS0x5eJ0fw,,舒华体育,上海 | 泉州,,HR 会计 采购专员 H5开发工程师 iOS开发工程师 鸿蒙开发工程师 认证及标准化工程师 电跑或车类设计工程师 结构设计工程师 软件需求分析工程师 软件测试工程师 产品经理 企划专员 商用经理 区域经理 电商运营 组长 课长助理 课长 生管专员,2025-10-20,
,,,12.31,https://mp.weixin.qq.com/s/PjMGEFPflE28GYrGYL8pqQ,26届秋招,,咨询法律,含免笔试,https://mp.weixin.qq.com/s/PjMGEFPflE28GYrGYL8pqQ,,齐同华审咨询,广州,,市场营销岗（实习生） 审计岗（实习生） 行政综合岗（实习生） 人力资源岗（实习生） 电子数据取证分析师（实习生） 品牌宣传岗（实习生） 计划财务岗（实习生） 法律合规岗（实习生）,2025-10-09,
,,,招满即停,https://mp.weixin.qq.com/s/K9gNs7P3EgOPefmasKjzUA,26届秋招,塔斯汀有六险一金，带薪假期，双休，团队氛围好，完善培养体系,快消零售,含免笔试,https://517tastien.jobs.feishu.cn/071459/position/list,,塔斯汀,福州,,管培生 数据分析方向 项目管理方向 财务方向 法务方向 产品经理方向,2025-11-03,
,,,招满即停,https://mp.weixin.qq.com/s/4TXlgZcUpEc8EBEzazVSCg,春招,三只羊集团有团建、餐饮补贴等福利，晋升通道清晰,其他,含免笔试,https://sanzhiyang.zhiye.com/campus/jobs,,三只羊集团,合肥,,电商营销生，短视频方向，主播方向,2026-01-17,
,,,招满即停,http://mp.weixin.qq.com/s?__biz=MzU2MzY3OTc3MQ==&mid=2247490679&idx=1&sn=716c312e8c745594281517528a9e66a8&chksm=fc57db03cb20521556a51cf6997e3e8da3ec3768b14e79e2a288c747152fdd2aa19234687093#rd,26届秋招,艾瑞迈迪较高竞争力薪酬，五险一金，北京户口指标，双休节假日,外企,含免笔试,http://mp.weixin.qq.com/s?__biz=MzU2MzY3OTc3MQ==&mid=2247490679&idx=1&sn=716c312e8c745594281517528a9e66a8&chksm=fc57db03cb20521556a51cf6997e3e8da3ec3768b14e79e2a288c747152fdd2aa19234687093#rd,,艾瑞迈迪,北京,,销售工程师 电子工程师 软件算法工程师 软件开发工程师 电气工程师 电磁研发工程师 模拟电路工程师 嵌入式开发工程师 工业设计师 软件测试工程师,2025-10-21,
,,,招满即停,https://mp.weixin.qq.com/s/lzLry0RhwTnqKHNcm-EDKQ,26届秋招,,咨询法律,含免笔试,https://haholding.iguopin.com/job,,海安控股,北京 | 海外,,国家安全学类、计算机类、政治学类、安全工程类、工商管理类、外国语言文学类、金融财务类、法学类,2025-10-18,
,,,招满即停,http://mp.weixin.qq.com/s/oFVwxg-7cnioLFygvtJT1A,26届秋招,,国央企 | 生物医药,含免笔试,https://zhaopin.shandonghealthcare.com/pages/position?source=campus&batch=17,,山东健康集团,济南 | 青岛 | 威海,,会计 餐饮服务 运营专员 前台服务员 餐饮服务员 客房服务员 面点厨师,2025-10-20,
,,,招满即停,https://mp.weixin.qq.com/s/ItUQTCjzekM2lnMO0ZYaVg,26届秋招,美钛中国发展前景好,外企,含免笔试,https://allegischina.wjx.cn/vm/YpsWPVg.aspx,,美钛中国,上海 | 广州 | 苏州 | 北京 | 西安 | 成都 | 全国各地,,客户经理、招聘顾问、招聘顾问实习生,2025-10-19,
,,,招满即停,http://mp.weixin.qq.com/s?__biz=MzA4MzI0MzQ1NQ==&mid=2651997155&idx=1&sn=0ac85c9cba1f27c1f00adda357b7f836&chksm=841f9b33b368122566fe69589fceb2f46fc87b004b5904fc1b0e26397d7344b2813de971d29f#rd,26届秋招,恒益集团需要岗位多，五险一金，带薪年假，各种补贴，活动，免笔试,其他,含免笔试,https://xyzp.51job.com/HengYi2026,,恒益集团,昆明 | 腾冲,,市场类 技术类 设计类 研发类 财会类 管理类 策划类 客服类（专业要求：财会审计类 经济学类 管理类 国贸类 文旅酒店类 市场营销类 供应链与物流类 矿业与能源工程类 农林生物类 外语类 传媒类 临床医学类）,2025-10-19,
,,,招满即停,https://mp.weixin.qq.com/s/ye6QTjzYWCq0p-v3j8G-ag,26届秋招,新豪轩门窗薪资高，五险一金，员工福利，商业保险,建筑,含免笔试,https://www.wjx.cn/vm/tKqq4Fn.aspx,,新豪轩门窗,佛山 | 云浮,,财务会计 行政专员 产品企划专员 新零售运营助理 直播助理 销售助理 订单处理专员 绘图设计师 效果设计师 平面设计师 招商专员 PMC管培生 品管管培生 生产管培生 人力资源管培生 设备技术管培生 门技术管培生 产品运营管培生,2025-10-13,
,,,招满即停,http://mp.weixin.qq.com/s?__biz=MjM5NTI2NjczNA==&mid=2651241165&idx=1&sn=639eb39d0514df8a986b740ffb4650dd&chksm=bd09330c8a7eba1af161dfdef635e3f9425c6bdf4ac63ea0f306cfa38899646b057b011bd9ae#rd,26届秋招,,其他,含免笔试,👈扫码投递,,洲际船务集团,上海 | 青岛 | 海外,,租船管培生 商务管培生 技术助理 法务助理,2025-10-05,
,,,10月下旬,https://mp.weixin.qq.com/s/jX1sFw-BdDy-8ux9rkEKKA,26届秋招,中国建筑国际集团先一面，然后才有测评,国央企 | 建筑,含免笔试,https://csci.zhiye.com,,中国建筑国际集团,深圳 | 珠海 | 香港 | 山东 | 澳门 | 全国各地,,"战略业务岗位
 | 【装配式建筑业务板块】
 | 智能制造
 | 设计研发
 | 生产管理
 | 【BIPV业务板块】
 | 低碳建筑设计
 | 材料研发
 | VZZZZ
 | 主营业务岗位
 | 【港澳承建板块】
 | 工程管理
 | 投资拓展
 | 设计管理
 | 【内地投资及建筑板块】
 | 工程管理
 | 商务合约
 | 投资拓展
 | 职能类岗位
 | IT产品经理
 | 人力资源
 | 法律事务
 | 算法工程师
 | 行政管理
 | 财务会计",2025-09-11,
,,,招满即停,https://mp.weixin.qq.com/s/mHO6mRce-6r4ZCQeaNok4w,26届秋招,新大正物业薪资较高，遍布多个城市，工作氛围好，福利多,建筑,含免笔试,https://dzwy.zhiye.com/campus/jobs,,新大正物业,北京 | 呼和浩特 | 南京 | 苏州 | 杭州 | 合肥 | 南昌 | 青岛 | 郑州 | 武汉 | 广州 | 深圳 | 海口 | 重庆 | 成都 | 西安,,物业项目管理类（管理类、财务类、营销类专业优先） FM类（工程管理、物业管理、工业工程等相关专业优先） 环境类（植物保护、农业昆虫、生态学、环境科学等相关专业优先） 技术类（计算机、电子、数学、自动化等相关专业） 非临床医药类（康复治疗技术、护理、预防医学等相关专业优先） 财务类（会计、金融、经济、审计等相关专业优先）,2025-10-21,
,,,招满即停,https://mp.weixin.qq.com/s/aiemHgWHDs2DygLGxwbCQQ,实习,俺来也实习优秀可留用,互联网,含免笔试,https://mp.weixin.qq.com/s/aiemHgWHDs2DygLGxwbCQQ,,俺来也,上海,,市场部实习生本地生活运营实习生校企合作实习生(服务商招募方向)平面设计实习生广告传媒策划实习生广告活动执行实习生人力资源实习生产品增长运营实习生安卓开发实习生运维实习生 测试实习生,2026-01-29,
,,,招满即停,https://mp.weixin.qq.com/s/pZVQDG2TGdlHxGbMDNJulQ,春招,赣州动福源农牧科技有竞争力的酬薪、五险加年终奖,农业,含免笔试,https://mp.weixin.qq.com/s/pZVQDG2TGdlHxGbMDNJulQ,,赣州动福源农牧科技,赣州,,"机械技术员,电气技术员,财务,生产助理,业务员,项目经理,IPQC,售后",2026-01-21,
,,,招满即停,https://mp.weixin.qq.com/s/JJyn2PS0LJavDAnJ43_7Eg,26届秋招,同兴科技有五险一金，节假日福利，人才政策，培训,其他,含免笔试,https://mp.weixin.qq.com/s/JJyn2PS0LJavDAnJ43_7Eg,,同兴科技,合肥 | 马鞍山,,管培生、研发技术类、海外类、营销类、生产管理类,2025-10-19,
,,,招满即停,https://mp.weixin.qq.com/s/A6a7fuvvd3VVRH0RtzCn0Q,26届秋招,,国央企,含免笔试,https://zhaopin.china-cdt.com/,,大唐四川发电有限公司,北京 | 呼和浩特 | 沈阳 | 杭州 | 长沙 | 南宁 | 三亚,,生产技术类、职能管理类（专业：能源动力、电气、机械、自动化、环保、水文、计算机、通信、财务、法律、市场营销、人力资源、审计）,2025-10-15,
,,,招满即停,https://mp.weixin.qq.com/s/2Cz9SAAXaemTxV5H4R4Spw,26届秋招,,汽车新能源,含免笔试,http://campus.51job.com/NBHX,,宁波华翔,上海 | 北京 | 深圳 | 广州 | 全国各地,,运营管理类信息技术类职能类技术研发类供应链类具身智能类质量类市场/营销类智能制造AI类,2025-10-08,
,,,11月上旬,https://mp.weixin.qq.com/s/08UJnj7vv-Rud-SGG78IPQ,26届秋招,泸州老窖给顶格公积金，还有各种补贴、福利和假期，硕博还有当地的人才补贴,国央企,含免笔试,👈文中扫码投递,,泸州老窖,泸州 | 成都,,"数字化技术创新*
 | 打假维权
 | 诉讼维权
 | 设备技术
 | 信息技术
 | -业务顾问
 | 信息技术
 | -软件技术支持
 | 信息技术
 | -数据安全管理
 | 信息技术
 | -平台支撑
 | 信息技术
 | -ITOT融合
 | 大数据分析
 | -市场监管方向
 | 大数据分析
 | -Al应用方向
 | Al技术
 | -技术开发方向
 | 智能包装技术开发
 | -机器人编程调试方向
 | 智能包装技术开发
 | -机器人视觉算法方向",2025-09-18,
,,,招满即停,https://mp.weixin.qq.com/s/Y04ftMdWB8o1kvM2kVzm4w,26届秋招,森大集团有国内和海外两种岗位，海外岗最高能给40w，国内岗享第一年免费国内宿舍，海外岗享免费食宿、出差补贴等,制造业,含免笔试,https://sunda.gllue.com/portal/portall,,森大集团,国外,,"业务营销类
 | 快消销售储备（英语/法语/西语）
 | 五金销售储备（英语/法语/西语）
 | 供应链类
 | 计划储备（英语/西语）
 | 采购储备（英语/法语/西语）
 | 仓储储备（英语/法语/西语）
 | 运输储备（英语/法语/西语）
 | 国内船务储备
 | 财融审类
 | 财务储备（英语/法语/西语）
 | 融资储备（英语/法语）
 | 审计储备（法语/西语）
 | 公关储备（法语）
 | 生产品质类
 | 环境安全储备
 | 品质安全储备
 | 快消生产管理储备
 | 职能类
 | 进出口储备（英语/法语/西语）
 | HRBP储备（法语）
 | 行政储备（英语/法语）",2025-09-15,
,,,招满即停,https://mp.weixin.qq.com/s/_A38Ugm9Allkq4MT4OzxVw,26届秋招,星星充电的部分岗位有笔试，其他非技术岗都是免笔试的,制造业,含免笔试,https://talent.wbstar.com/campus,,星星充电,常州 | 杭州 | 南京,,"电力电子
 | 嵌入式软件
 | 电气
 | 测试
 | 结构
 | 仿真
 | 后端开发
 | 软件测试
 | 
 | 电力交易
 | 研发技术类
 | 营销服务类
 | 运营
 | ••",2025-09-08,
,,,10.31,http://mp.weixin.qq.com/s/zoMju2gtW4miJdEWJgqtZw,26届秋招,,外企,含免笔试,http://mp.weixin.qq.com/s/zoMju2gtW4miJdEWJgqtZw,,宜瑞安中国,上海,,销售管理培训生 技术管理培训生 运营管理培训生,2025-09-29,
,,,招满即止,https://mp.weixin.qq.com/s/MRa4ltH2ddRluiWZjiBZYg,26届秋招,,外企,含免笔试,https://mp.weixin.qq.com/s/MRa4ltH2ddRluiWZjiBZYg,,理光中国研究院,北京,,计算机视觉研发工程师 自然语言处理算法研发工程师,2025-09-30,
,,,招满即停,https://mp.weixin.qq.com/s/oIl2mlj5hoXnwb8wgbjMpg,26届秋招,网易数智只有技术岗有笔试，其他都是免笔试,互联网,含免笔试,https://campus.163.com/app/index,,网易数智,北京 | 杭州 | 广州 | 上海,,技术类、产品类、企业服务类,2025-08-31,
,,,招满即止,https://mp.weixin.qq.com/s/6aCoMj979Qo5bzao4WWzcg,26届秋招,,外企,含免笔试,https://mp.weixin.qq.com/s/6aCoMj979Qo5bzao4WWzcg,,汇丰前海证券,全国各地,,管理培训生项目,2025-09-23,
,,,招满即停,https://mp.weixin.qq.com/s/gJznUYwmSQuNt3RZYaAWlA,26届秋招,环宇电气有五险一金，绩效奖金，员工福利，免费体检,制造业,含免笔试,https://mp.weixin.qq.com/s/gJznUYwmSQuNt3RZYaAWlA,,环宇电气,温州 | 全国各地,,市场营销、技术研发、生产运营,2025-10-23,
,,,招满即停,https://mp.weixin.qq.com/s/NzWetFLCXZlnsqUKGCtQmA,26届秋招,尤安设计招聘城市多，免笔试,建筑,含免笔试,https://mp.weixin.qq.com/s/NzWetFLCXZlnsqUKGCtQmA,,尤安设计,上海 | 南京 | 郑州 | 长沙 | 深圳,,建筑设计师 建筑实习生,2025-10-20,
,,,11.20,https://mp.weixin.qq.com/s/WSMV1Kz5FNLe7TKsFhIi0g?scene=1&click_id=106,26届秋招,新华报业传媒集团有住房，医疗，人才公寓等各种补贴，女性友好，企业年金,国央企,含免笔试,https://job.xhby.net/,,新华报业传媒集团,南京,,英语采编，调研写作，编辑，记者，全媒体采编，视频拍摄与制作，视觉设计，人力资源部工作人员，财务投资部会计,2025-10-22,
,,,12月,https://mp.weixin.qq.com/s/Eyq2Ar3WxZFZKBLE-2vkgg,26届秋招,SGS网申五天后就有测评，没有测评说明简历被筛掉了,外企,含免笔试,https://app.mokahr.com/m/campus-recruitment/sgs/74104,,SGS,上海 | 广州 | 青岛,,培训生,2025-09-22,
,,,招满即停,https://mp.weixin.qq.com/s/6qTZ5qhwiqYtDdE6QOmg-g,26届秋招,,半导体,含免笔试,➡️投递渠道,,宁波江丰电子,西安,,靶材研发岗 半导体零部件研发岗 工艺研发岗 镀膜研发岗 陶瓷研发岗 机械/焊接研发岗 非金属材料研发岗 国内营销岗 海外营销岗 技术支持岗 材料检测岗 实验分析岗 工艺技术岗 机械自动化岗 电气自动化岗 化洗技术岗 设备技术岗 机械/焊接技术岗 陶瓷制造技术岗 陶瓷工艺技术岗 生产管理岗 品质控制岗 数据开发岗 业务应用岗 硬件技术岗 品质保证岗 采购岗 财务岗 人力资源岗,2025-09-10,
,,,招满即停,https://mp.weixin.qq.com/s/MKs5_Xinw_2bLLFXXV5L1A,26届秋招,华润微电子通过简历评估就有面试，也是免笔试的,国央企,含免笔试,https://runjob.crc.com.cn/#/position?id=1696786149295132674&websiteId=1696784217470013441,,华润微电子,无锡 | 重庆 | 深圳 | 上海 | 南昌,,"设计研发类
 | 生产营运类
 | 制造技术类
 | 市场营销类",2025-09-07,
,,,招满即停,https://mp.weixin.qq.com/s/v-yJnB0ey26HkRGO7grTYA,26届秋招,东方有线网络有限公司有五险二金，企业年金，商业医疗险,国央企,含免笔试,https://campus.51job.com/dfyx/2026/join.html,,东方有线网络有限公司,上海,,北区分公司政企销售 南区分公司公客业务销售 南区分公司无线通信 市场部产品运营 网络运行中心云网工程师 信息与数字化中心-资源系统支撑 信息与数字化中心-服务保障支撑 信息与数字化中心-信息设施支撑 信息与数字化中心-业务系统支撑 信息与数字化中心-数据管理及应用 政企业务中心售前技术支持 政企业务中心政企销售 营帐中心电子支付管理专员,2025-10-22,
,,,招满即停,https://mp.weixin.qq.com/s/wiBZOD0pgNHiHPAAZ8I7lg,26届秋招,OPPO（小语种专场）免笔试,科技,含免笔试,https://careers.oppo.com/university/oppo/campus,,OPPO（小语种专场）,深圳,,市场管理培训生 产品营销经理 媒介经理 数字营销经理 公关经理,2025-10-28,
,,,招满即停,https://mp.weixin.qq.com/s/0t58oOzY-qvm7Uz8cpJjmg,26届秋招,,国央企,含免笔试,https://zhaopin.changhong.com/SU6886eae30287e94ac767de53/pb/school.html,,长虹集团,中山 | 海外,,外贸业务 品牌推广 跨境电商 产品策划 系统设计师 电控设计师 电路设计工程师 结构设计师 安卓TV应用开发 IT工程师 质量工程师 生产工艺工程师 IE工程师 AT工程师 散件工艺工程师 设备自动化工程师 财务管理 海外HRBP PMC管理 单证员 采购工程师,2025-10-09,
,,,招满即停,http://mp.weixin.qq.com/s?__biz=MzkyOTMwNjk3NQ==&mid=2247521812&idx=1&sn=a807f2bbb23e735ea75abcf50fed0371&chksm=c2095624f57edf328f270b352a7942374560890ff49af256728913a4cb48228c9eb928d341a0#rd,26届秋招,新大洲本田招聘城市广，免笔试,外企,含免笔试,https://ocnjqux6l650.feishu.cn/share/base/form/shrcnnifXPgQrsTT5zws0uRZMLg?share_link_type=qrcode&ccm_open_type=form_v1_qrcode_share,,新大洲本田,天津 | 无锡 | 苏州 | 济南 | 佛山 | 重庆 | 西安,,业务代表,2025-10-21,
,,,招满即停,https://mp.weixin.qq.com/s/7n2_43lEeervmTcqLsMyig,26届秋招,,其他,含免笔试,https://mp.weixin.qq.com/s/7n2_43lEeervmTcqLsMyig,,青莲食品,嘉兴 | 上海,,育种 管培生 养殖管理 兽医岗 食品研发 设备、水电、基建、工程岗 质量管理岗 财务会计岗 人力资源岗 综合管理 EHS管理岗位 采购管理 物流管理 生产管理岗 电商运营岗 品牌市场岗 业务岗,2025-10-08,
,,,招满即停,https://mp.weixin.qq.com/s/myQFcSeHXUtjEGLAhlmVqQ,26届秋招,东方雨虹招人不限专业，看能力，只有在线测评，是免笔试的,制造业,含免笔试,👈文中扫码投递,,东方雨虹,北京,,"业务类（底薪7-8k+提成）
 | 岗位：城市经理（工建）、区域经理（民建）、
 | 管培生（砂粉）
 | 专业：专业不限，综合能力（沟通表达、逻辑思
 | 维等）强的同学优先
 | 研发类
 | ( 8-20k )
 | 岗位：研发管培生（中心）、研发管培生（区域）
 | 专业：化工、材料、高分子、聚氨酯、胶黏、
 | 反应型材料类
 | 供应链类
 | （8-14k）
 | 把岗位：采购管培生（中心）、采购管培生（区域）
 | 专业：采购、贸易、化工、材料类优先、机械、
 | 电气及自动化类优先
 | 技术/应用技术类
 | （7-15k）
 | 岗位：技术管培生（中心）、技术管培生（区域）
 | 企专业：材料类、高分子类、化学/化工类、矿物加工工程、无机非金属材料或相关专业优先
 | 
 | ＜<<<市场/产品类
 | （11k-14k）
 | 岗位：市场管培生、产品管培生
 | 《专业：专业不限。电子商务、市场营销、广告、
 | 传媒等专业优先
 | <<< 职能类
 | （9-14k）
 | 老岗位：人力、财务、风控、数字化等
 | 专业：专业不限，与岗位匹配且综合能力（沟通表达、逻辑思维等）强优的同学优先",2025-09-07,
,,,招满即止,https://mp.weixin.qq.com/s/sSSwkYM0QpnB9IVAJz8S9A,26届秋招,,外企,含免笔试,https://campus.51job.com/Medtronic2026,,美敦力,北京 | 上海 | 杭州,,销售培训生 人力资源培训生 财务培训生 工厂运营培训生,2025-09-23,
,,,招满即停,http://mp.weixin.qq.com/s?__biz=MzA3NzUzMjkxMA==&mid=2454541170&idx=1&sn=8a912850f8f4f1a7ed2685f1307bcec9&chksm=88e968f3bf9ee1e5142ab3a10fe0911f65c08508ed8d794c2a077f6a115858adeb7d393bafe8#rd,26届秋招,海底捞面向多个岗位，有双导师带训,快消零售,含免笔试,https://haidilao.jobs.feishu.cn/412456/?spread=WDC4B3D,,海底捞,上海 | 苏州 | 杭州 | 宁波 | 青岛 | 北京 | 南京 | 深圳 | 全国各地,,未来之星管培生、门店管培生（两个管培的岗位投递链接不同，可从小纸团看板-简章详情-点击不同链接投递）,2025-10-28,
,,,招满即停,http://mp.weixin.qq.com/s?__biz=MzkyOTMwNjk3NQ==&mid=2247521812&idx=1&sn=a807f2bbb23e735ea75abcf50fed0371&chksm=c2095624f57edf328f270b352a7942374560890ff49af256728913a4cb48228c9eb928d341a0#rd,26届秋招,新大洲本田招聘城市广，免笔试,外企,含免笔试,https://ocnjqux6l650.feishu.cn/share/base/form/shrcnnifXPgQrsTT5zws0uRZMLg?share_link_type=qrcode&ccm_open_type=form_v1_qrcode_share,,新大洲本田,天津 | 无锡 | 苏州 | 济南 | 佛山 | 重庆 | 西安,,业务代表,2025-10-21,
,,,招满即停,https://mp.weixin.qq.com/s/ZGOSCp13biIbAAT9tKbBeg,26届秋招,,其他,含免笔试,https://mp.weixin.qq.com/s/ZGOSCp13biIbAAT9tKbBeg,,北京国基,北京 | 郑州 | 成都 | 西安 | 上海,,市场拓展岗、项目管理岗、财务管理岗、人力资源岗、运营管理岗、工程技术岗、审计检查岗、党群行政岗,2025-10-08,
,,,招满即停,https://mp.weixin.qq.com/s/ILyQ4NJbTmJF_O4paMI-BA,26届秋招,凯华模具有五险一金，法定节假日，多种福利，多个补贴,其他,含免笔试,https://mp.weixin.qq.com/s/ILyQ4NJbTmJF_O4paMI-BA,,凯华模具,台州 | 芜湖 | 上海 | 宁波 | 深圳,,管理类 管理储备 职能支持类 人力资源专员 采购专员 财务专员 行政专员 营销类 国际销售助理(英语) 国际销售助理(韩语/越南语) 销售助理 研发技术类 产品设计工程师(catia) 模具设计工程师(ug) 产品研发工程师 模具项目工程师 产品项目工程师 质量管理类 质量工程师 检验员 生产运营类 编程工程师(powermill)机加工操作学徒 设备维修工程师 自动化工程师 注塑工艺工程师 车间储备 模具学徒 计划专员 物流专员（机械类相关专业、管理类相关专业、模具 设计与制造、数控技术、材料控制与成 型、国际贸易、英语、越南语、韩语、供应链管理、车辆工程、高分子材料与工程...）,2025-10-28,
,,,招满即停,https://mp.weixin.qq.com/s/EovvbRqEwUu11qniaOX1BA,26届秋招,宜人智科有六险一金，年度体检，年终奖，培养体系,科技,含免笔试,https://wecruit.hotjob.cn/SU664eadff1eb8051cd205d15b/pb/school.html,,宜人智科,北京 | 上海,,风险策略专员 风险模型专员 Java工程师 前端工程师 测试工程师 数据分析专员 经营分析专员 新媒体运营专员 海外资金管理专员 业务支持专员 用户运营专员 产品经理 流量商务助理,2025-10-25,
,,,招满即停,https://mp.weixin.qq.com/s/cAuHPd-gNGLBcuZKPFEgQA,春招,白云山星群有公寓、有节日福利、公积金等,国央企,含免笔试,https://mp.weixin.qq.com/s/cAuHPd-gNGLBcuZKPFEgQA,,白云山星群,广州,,"销售管培生,销售方向实习生,技术岗",2026-02-01,
,,,招满即停,https://mp.weixin.qq.com/s/O4EutPrzzWUb0Qtqmi595w,26届秋招,海大集团招聘专业多，岗位多，海内外工作地点,农业,含免笔试,https://app.mokahr.com/campus-recruitment/haid/101909?sourceToken=7ebcb44ebf681f044896953eecacd311#/jobs,,海大集团,天津 | 常州 | 宿迁 | 绍兴 | 丽水 | 阜阳 | 福州 | 三明 | 南平 | 南昌 | 新余 | 宜春 | 威海 | 鄂州 | 孝感 | 荆州 | 黄冈 | 恩施土家族苗族自治州 | 恩施 | 衡阳 | 岳阳 | 益阳 | 怀化 | 广州 | 佛山 | 江门 | 湛江 | 茂名 | 惠州 | 清远 | 黔东南苗族侗族自治州 | 海南藏族自治州 | 全国各地 | 海外,,研发类（研发方向：水产育种、畜禽育种、动物营养、水产病害、水产疫苗、临床兽医、化工、工艺、功能原料、微生物、生物合成、食品、分子遗传与蛋白质工程等）；配方师类（覆盖水产料、禽料、猪料、反刍料、宠物食品）。相关专业：动物科学类，动物医学类，水产养殖类，生物工程，生物技术，生物信息学，分子生物学，分子遗传学，细胞与发育生物学，免疫学，微生物，发酵工程，化学工程，无机化学，环境工程，遗传育种，病害学，植物学，昆虫学，机械自动化，药学制剂，水产类。营销和服务类：集团市场管培生 技术服务工程师 储备产品经理。技术类：生产管理储备干部 储备兽医师 育种工程师 品管工程师。生产类：生产管培生（机械机电等专业）。职能类：鲸英领袖生 市场研究专员 软件/数据产品助理 人力资源管培生 采购专员 财务/会计/审计/金融专员（专业要求：专业不限，计算机类，数学类，物流类，管理类，农林类，动物营养类，食品类，经济类，财会类，金融类）,2025-10-16,
,,,招满即停,https://mp.weixin.qq.com/s/LbapBHloxotHi7ayJqUapg,26届秋招,纯朴科技的大部分岗位都是免笔试的,其他,含免笔试,👈扫码投递,,纯朴科技集团,福州,,纯新生管培生计划、设计助理、部门助理、短视频剪辑、抖音运营助理、直播运营助理,2025-10-02,
,,,招满即停,https://mp.weixin.qq.com/s/zDpG2iXYoK_r8sR8v_XPBg,26届秋招,奇瑞的福利待遇不错，测评之后，直接面试，免笔试的,国央企 | 汽车新能源,含免笔试,https://chery.zhiye.com/Campus,,奇瑞汽车,芜湖 | 合肥 | 上海 | 青岛 | 大连 | 鄂尔多斯 | 福州 | 开封,,"三电开发类
 | 动力电池开发类
 | AI算法类
 | 智能驾驶类
 | 智能网联/智能座舱类 整车研发类
 | 国际产品开发类产品开发管理类造型设计类
 | 营销方向
 | （国内、国际）类
 | 智能制造类
 | 职能类",2025-09-04,
,,,招满即止,https://mp.weixin.qq.com/s/LHV-7zD5XrAZM5EHtv09AQ,26届秋招,,外企,含免笔试,https://xy.liepin.com/qlqc2026/gangwei.html,,庆铃集团,,,产品研发类、智能制造技术类、产品质量技术类、信息化技术类、海外营销类,2025-09-23,
,,,招满即停,http://mp.weixin.qq.com/s?__biz=MzU4NTU2NDE3Nw==&mid=2247489075&idx=1&sn=58a30d0cc0eb2aa70b03b61cfdafc36e&chksm=fd89ff4dcafe765b57685dbb3e1239839639dec144d99d9ca328beb383a569adf135ebfe9292#rd,26届秋招,热联物流有五险一金，人文关怀，团建活动，补贴，专业培养,其他,含免笔试,https://www.wjx.cn/vm/wYLOWvP.aspx,,热联物流,全国各地,,现场类管培生 海外现场类管培生（不限专业(物流优先)、不限学历）,2025-10-19,
,,,招满即停,https://mp.weixin.qq.com/s/RdauPYnbHPWCD5KLZIETaA,26届秋招,Sandisk闪迪有五险一金，奖金，员工福利等等,外企,含免笔试,http://campus.51job.com/Sandisk2026/p2.html,,Sandisk闪迪,上海,,高级产品研发工程师 高级测试研发工程师 高级设计与技术支持工程师 高级存储器件研发工程师 高级存储器件可靠性开发工程师 高级存储器件可靠性研发工程师,2025-10-13,
,,,招满即停,https://mp.weixin.qq.com/s/V6-x_2G5o3eOYqMexXtGCQ,26届秋招,,其他,含免笔试,https://mp.weixin.qq.com/s/V6-x_2G5o3eOYqMexXtGCQ,,苏环院,南京 | 南通 | 苏州 | 泰州 | 连云港 | 无锡,,环境咨询岗、水污染防治岗、大气污染防治岗、土壤污染防治岗、有机分析岗、理化分析岗、环境采样岗,2025-10-23,
,,,招满即停,https://mp.weixin.qq.com/s/rQnXSZSRCznDO2kl3KT8PA,春招,乐歌股份有五险一金、有免费午餐、节假日福利等,制造业,含免笔试,https://app.mokahr.com/campus-recruitment/loctek/43967#/jobs?zhineng0=215482,,乐歌股份,宁波,,"项目助理（管培生/校招生）,嵌入式软件工程师（管培生/校招生）,电子硬件工程师（管培生/校招生）,产品经理（管培生/校招生）,结构工程师（管培生/校招生）,助理工业设计师,国际商务管培生,跨境电商管培生,海外营销管培生,AEO/GEO增长官管培生,初级电商运营专员,总裁助理管培生,财务管培生,人力资源管培生",2026-01-26,
,,,招满即停,https://mp.weixin.qq.com/s/Bb4_h14LDvTjmsbpS_w9VQ,26届秋招,金斯瑞生物提供六险一金,外企,含免笔试,https://app.mokahr.com/m/campus-recruitment/genscript/101964?locale=zh-CN,,金斯瑞生物,南京 | 上海,,商务类  职能类   生产研发类   博士岗位类,2025-09-22,
,,,10.31,https://mp.weixin.qq.com/s/KM46e7kzsAjiAowthzNSfg,26届秋招,,外企,含免笔试,http://campus.51job.com/SG.Sekurit/process.html,,圣戈班,上海 | 青岛,,生产运营（生产、设备、质量） 设计开发（产品设计） 商务（市场、项目） 财务 EHS,2025-09-26,
,,,26.2.1,https://mp.weixin.qq.com/s/RybMdNsrYz7divpa9D5xdQ,春招,江苏省数据集团数字科技有限公司有竞争力的酬薪，福利较好,互联网,含免笔试,https://jsdg.zhaopin.com/zk/?sessionid=#/pages/notice-group/index?detailId=5ae70ac655633b1c7c69405bf3803a12&groupId=e6ba7fe12fc0117f91621c9340cad8fb&prantMenuid=5fcc7b2c8dcef12e1278433b22f354fe,,江苏省数据集团数字科技有限公司,南京,,人力资源岗;解决方案经理(政企信息化方向);项目经理(政企信息化方向);运营经理(政企信息化方向);运维经理(政企信息化方向);网络安全工程师;,2026-01-17,
,,,招满即停,http://mp.weixin.qq.com/s?__biz=Mzg4MjA2MTMzOA==&mid=2247486146&idx=1&sn=8e4abd69132515f20949e5398383edd8&chksm=cf5d33b7f82abaa136e41a3f8134a2774241a312588b1745bb84c55202d70eb214e991ef6038#rd,26届秋招,锦泓时装集团有竞争力薪酬，五险一金，节假日福利，商业保险，晋升通道,快消零售,含免笔试,https://app.mokahr.com/campus-recruitment/vgrass/141156?locale=zh-CN#/,,锦泓时装集团,北京 | 上海 | 南京 | 深圳 | 重庆 | 成都 | 西安 | 嘉兴,,设计方向、企划方向、营销方向、商品运营、内容运营、电商运营、零售校招生、物流运营、供应链运营、生产管理、采购管理、质量管理、工艺技术、人力资源、财务管理、项目管理、IT系统运维、开发工程师、流程专员、资金管理、税务管理,2025-10-27,
,,,招满即停,https://mp.weixin.qq.com/s/R-PjzlEhv4jEB7dVhgrIUg,26届秋招,新凯来留学生招聘多类岗位，多个岗位,半导体,含免笔试,https://career.sicarrier.com/#/campus,,新凯来,北京 | 长春 | 上海 | 杭州 | 武汉 | 深圳 | 东莞 | 西安,,软件开发工程师 嵌入式开发工程师 光学技术工程师 电子光学工程师 光电工程师 机械设计工程师 自动化控制工程师 热设计工程师 多物理场仿真工程师 先进材料开发工程师 真空与环控工程师 机电一体化技术工程师 逻辑工程师 射频技术工程师 ASIC设计工程师 电气工程师 信号完整性工程师 器件设计工程师 单板硬件开发工程师 半导体工艺工程师 算法技术工程师 系统集成工程师 软件测试工程师 硬件测试工程师 质量工程师 试制工程师 设备工程师 制造工艺工程师 应用现场工程师 设备应用工程师 客户经理 人力资源专员 秘书 财经专员 律师 知识产权工程师,2025-10-23,
,,,招满即停,http://mp.weixin.qq.com/s/avl_0Eh6BzgQTPV_qXRMZg,26届秋招,大华股份有海外工作机会，完善培养体系，多个福利保障,科技,含免笔试,https://job.dahuatech.com/#/CampusPosition?id=11,,大华股份,杭州 | 海外,,2026届海外解决方案管培生(西班牙语) 2026届海外技术支持管培生(西班牙语) 2026届海外人力资源管培生(西班牙语) 2026届海外市场产品管培生(印尼语) 2026届海外市场产品管培生(日语) 2026届海外销售管培生(土耳其语) 2026届海外合同管理管培生(俄语) 2026届海外商务管培生(俄语) 2026届海外商务管培生(葡语),2025-10-21,
,,,10.31,https://mp.weixin.qq.com/s/DogHPBS6WqpX3tBD-4rURQ,26届秋招,丰巢的非技术岗免笔试，技术岗需要做笔试,互联网,含免笔试,https://xy.liepin.com/hivebox/,,丰巢,武汉 | 深圳 | 南京 | 杭州 | 上海 | 厦门 | 广州,,"后端开发工程师
 | 算法工程师
 | 运维开发工程师
 | 机械结构工程师
 | 四 研发类
 | 前端工程师
 | 数据分析师
 | 无线开发工程师
 | 项目助理
 | 嵌八式软件工程师
 | 运维工程师
 | 品8 产品/运营/设计类
 | 内容运营岗
 | 产品经理
 | 平台活动运营岗
 | 用户运营岗
 | 创意视觉设计师
 | 财务岗（会计/核算方向）
 | 服务质量管理岗
 | 巨职能类
 | 财务岗（结算方向）
 | 法务岗
 | 采购岗
 | 人力资源岗",2025-09-18,
,,,招满即停,https://mp.weixin.qq.com/s/sa2cx-PHm9fOeZfp9MwLyA,26届秋招,金融壹账通的部分岗位有笔试，其他非技术岗都是免笔试的,金融,含免笔试,https://campus.pingan.com/oneconnect,,金融壹账通,北京 | 上海 | 广州 | 深圳 | 武汉 | 西安 | 成都 | 全国各地,,"业务类
 | 产品类
 | 科技类
 | 职能类
 | 销售/售前/解决方案等
 | 作为业务专家，你需要开拓国内及海外银行、保险等金融机构及政企机构的市场，挖掘合作机会，倾听客户需求，通过为客户提供专业的产品解决方案，与客户实现共同成长。
 | 产品经理/产品运营等
 | 作为产品专家，你需要深入了解用户需求，分析用户行为数据，输出产品方案的同时与技术团队一同将方案落地，并持续运营优化，提升用户体验。
 | 软件开发/算法/测试等
 | 作为科技专家，你需要根据产品方案进行技术开发，实现产品的核心功能需求；需要关注前沿技术动态，不断提升自身能力，为产品创新和业务发展提供强有力的技术支持。
 | 企划预算/财务等
 | 作为职能专家，你需要运用专业的知识与技能，解决企划、财务、法务、人力、行政等领域的相关问题，进行跨部门协作，优化流程，为公司稳健经营与高效运作提供保障。",2025-09-08,
,,,招满即停,https://mp.weixin.qq.com/s/d5OOmGwsdrpFtR-4zdkS9A,26届秋招,沃尔玛有完善的培养体系，发展路径,外企 | 快消零售,含免笔试,https://webapp.zhaopin.com/2025/hd/wemzg0704ZL82493/jobs1/index.html?id=10076001,,沃尔玛,北京 | 天津 | 石家庄 | 沈阳 | 大连 | 上海 | 南京 | 无锡 | 常州 | 苏州 | 南通 | 扬州 | 杭州 | 宁波 | 温州 | 嘉兴 | 绍兴 | 合肥 | 福州 | 厦门 | 泉州 | 南昌 | 济南 | 青岛 | 武汉 | 长沙 | 广州 | 深圳 | 珠海 | 惠州 | 东莞 | 中山 | 南宁 | 重庆 | 成都 | 全国各地,,山姆营运管培生,2025-10-29,
,,,招满即停,https://mp.weixin.qq.com/s/ouq6F7rwsXnYhkaFCgnBsA,26届秋招,凯莱英给六险一金，提供户口,生物医药,含免笔试,文末扫码投递,,凯莱英医药集团,天津 | 北京 | 上海 | 全国各地,,化学研发岗  化工研发岗  生物研发岗  生产类  分析类   制剂类  集团管培生,2025-09-18,
,,,招满即停,https://mp.weixin.qq.com/s/f5HdQ0d7UQzXBf2PfKi7hQ,26届秋招,九洲药业也是免笔试的，直接发起面试,生物医药,含免笔试,👈文中扫码投递,,九洲药业,杭州 | 台州 | 南京 | 苏州 | 盐城,,"研发类
 | 生产技术类
 | EHS
 | EHS类
 | 销售类
 | AI
 | 信息技术类
 | 工程技术类
 | 质量类
 | 项目管理类
 | 职能支持类",2025-09-16,
,,,招满即停,https://mp.weixin.qq.com/s/7w9ejbK-0JVnI_gkrrfCYQ,26届秋招,长川科技有AI笔面试，不过部分岗位免笔试，公告已经说明了“岗位招满即停，早网申、早面试、早offer”,半导体,含免笔试,https://www.hzcctech.com,,长川科技,北京 | 上海 | 杭州 | 苏州 | 成都 | 哈尔滨 | 内江 | 深圳 | 厦门 | 南京 | 合肥,,"算法开发类
 | 精密运动控制、计算物理算法、深度学习算法
 | 软件开发类
 | 驱动、软件、自动化软件、视觉软件
 | 机械类
 | 机械、传热、制冷
 | 应用开发类应用开发、视觉应用开发
 | 质量管理类成品/出厂检验、客户/过程质量管理
 | 硬件开发类
 | FPGA、硬件、射频、电气、layout、光学、产品
 | 测试类
 | 硬件测试、软件测试
 | 仿真类
 | CFD、EMC 仿真、SI 仿真
 | 技术支持类
 | 售后服务、实验室运维
 | 供应链类
 | 采购、计划、工艺、调试、组装…",2025-09-02,
,,,招满即止,https://mp.weixin.qq.com/s/7qLT63E8ZBnkqdxI3xF4jg,26届秋招,,外企,含免笔试,https://www.moseeker.com/position/index/pid/3279846?forward_id=efd4e50c88a611f0a9fc00163e003ad7&wechat_signature=Y2FiODg5NDQzOGQ0NjE1Y2NlM2I4MWNkOGE3NzQyMGJkMzRjM2IyMQ&recom=Olfzxxxxxe&share_time=1756891104716,,雅培,上海 | 杭州 | 嘉兴,,运营管理培训生：运营、生产、工程、工厂质量,2025-09-23,
,,,招满即停,https://mp.weixin.qq.com/s/30-r0m8Rjas49n7rQyJOQQ,26届秋招,超盈国际有五险一金，双晋升通道，带薪假期，多个岗位,其他,含免笔试,https://mp.weixin.qq.com/s/30-r0m8Rjas49n7rQyJOQQ,,超盈国际,东莞 | 海外,,纺织 染整 轻化 应化 化学工程 高分子材料 服装与服饰设计 工艺美术设计 3D设计 视觉设计 英语 国际经济与贸易 市场营销 环境工程 机电 机械 能源动力,2025-10-21,
,,,招满即停,https://mp.weixin.qq.com/s/5r63NJX_tUJf0DRUMGSykw,26届秋招,晔龙国际&粕力科技集团有较高薪资，绩效奖金，带薪年假，工作氛围好,其他,含免笔试,https://mp.weixin.qq.com/s/5r63NJX_tUJf0DRUMGSykw,,晔龙国际&粕力科技集团,全国各地,,市场营销类 物流管理类 金融类（金融、经济与贸易、物流管理、工商管理、财务管理等相关专业背景）,2025-10-28,
,,,招满即停,https://mp.weixin.qq.com/s/30-r0m8Rjas49n7rQyJOQQ,26届秋招,超盈国际有五险一金，双晋升通道，带薪假期，多个岗位,其他,含免笔试,https://mp.weixin.qq.com/s/30-r0m8Rjas49n7rQyJOQQ,,超盈国际,东莞 | 海外,,纺织 染整 轻化 应化 化学工程 高分子材料 服装与服饰设计 工艺美术设计 3D设计 视觉设计 英语 国际经济与贸易 市场营销 环境工程 机电 机械 能源动力,2025-10-21,
,,,招满即停,http://mp.weixin.qq.com/s?__biz=MzI3NDQxMzcwNw==&mid=2247507527&idx=1&sn=0c28472328a48b9dd86c208548780dd9&chksm=eb16ffa3dc6176b563efcef5c12644121a134756fdcba2009a673fdef758bc2acd42f74262f4#rd,26届秋招,,汽车新能源,含免笔试,https://xjjurong.zhaopin.com/job/index.html,,巨融能源,北京,,人力资源方向 财务方向 审计方向 安环方向 采购方向 运营管理方向 销售物流方向 科研方向 工艺/设备电气/仪表方向 加注站设备操作方向,2025-10-05,
,,,招满即停,https://mp.weixin.qq.com/s/fmltarnPOOz8lorBr1elVw,26届秋招,电装是免笔试的,外企,含免笔试,https://denso.zhiye.com/campus,,电装,上海 | 昆山,,"ADAS技术研发岗（仅限26届）
 | o
 | ADAS功能匹配工程师
 | ADAS信息安全工程师
 | ADAS摄像头硬件工程师（摄像头方向）
 | ADAS摄像头硬件工程师（ADU方向）
 | 机械设计研发岗
 | • 项目管理岗-
 | 25届投递岗位
 |  电机机械助理工程师
 |  动力系统助理工程师
 |  项目企划专员
",2025-09-09,
,,,26.9.30,https://mp.weixin.qq.com/s/uyJOb8mKlGNKBHzfUBbFKg,春招,节卡机器人网申时间长、有带教培训体系,制造业,含免笔试,https://www.jaka.com/zh/position,,节卡机器人,上海 | 常州 | 深圳,,产研端营销服职能类,2026-02-05,
,,,12.31,http://mp.weixin.qq.com/s?__biz=MzIzMDg5Mjk5OQ==&mid=2247488657&idx=1&sn=35db5e74c75d3becb53cb6dbce4b419a&chksm=e8ad2039dfdaa92fcbd050957e052d0f0f0cd27b4cf73b05aa7a1001bb9e07a77887b5a2ba73#rd,26届秋招,,快消零售,含免笔试,https://kemen.zhiye.com/campus/jobs,,陈克明食品,新乡 | 长沙 | 益阳 | 成都 | 驻马店,,研发管培生，产品管培生，项目管理管培生，市场调研管培生，渠道管培生，电商运营管培生，工艺设备管培生，生产管理管培生，品质管理管培生（食品相关专业，工商管理，设计，广告策划，理工科类，管理类专业，数学，统计学，市场营销，电子商务，食品类相关专业）,2025-10-12,
,,,招满即停,https://mp.weixin.qq.com/s/oG2ReUow6Ef6-WOlx6KQKA,26届秋招,,快消零售,含免笔试,https://career.bluemoon.com.cn/campus,,蓝月亮,广州,,人力资源管培生、IT管培生、财务管培生、技术研发类,2025-10-12,
,,,10.15,➡️校招公告,26届秋招,高露洁网申截止很早，10.15就结束，只给一个月的投递窗口期，要抓紧，有AI面,外企 | 快消零售,含免笔试,https://app.mokahr.com/campus-recruitment/colpal/92762#/,,高露洁,广州 | 上海 | 香港 | 全国各地,,"客户发展部培训生（全国）
 | 商务培训生（香港）
 | 电商培训生（上海）
 | 市场培训生（广州/上海）
 | 消费者创新中心培训生（广州）
 | 计划与物流培训生（广州）
 | 财务培训生（广州/上海）
 | 产品供应链培训生（广州）
 | 全球技术研发中心培训生（广州）
 | 人力资源培训生（广州）",2025-09-14,
,,,招满即停,https://mp.weixin.qq.com/s/waHWgLTePUNlbSQwaTI4Hg,26届秋招,长虹集团一共开放了几百个岗位，种类很多,国央企,含免笔试,长虹集团招聘,,长虹集团,成都 | 绵阳 | 合肥 | 北京 | 深圳 | 嘉兴 | 杭州 | 西安 | 广州,,"研发类，结构设计师、系统设计师、电路设计工程师、
 | 软件开发、算法软件工程师、硬件设计、语音
 | 算法工程师等133个岗位需求，工程类，工艺工程师、质量工程师、制造工程师、电气
 | 工程师、造价工程师、业务顾问等139个岗位
 | 需求，管理类，财务管理、会计、产品策划、采购、运营管培
 | 生等60个岗位需求，营销类客户经理、市场策划、电商运营经理、业务经
 | 理等69个岗位需求",2025-09-10,
,,,招满即停,https://mp.weixin.qq.com/s/_Uw-oG9aKFKybFJrv5yc1g,26届秋招,极兔快递的产研才有笔试，其他岗位都不需要笔试，是免笔试的,其他,含免笔试,👈文中扫码投递,,极兔快递,上海,,"物流营运类
 | 小语种类
 | （西/葡/阿）
 | 产品研发类
 | 综合职能类
 | 财务审计类
 | 海外岗位",2025-08-28,
,,,招满即停,https://mp.weixin.qq.com/s/gJseOLuhxTEph3hkexNPQQ,26届秋招,携程集团一些部门比较养老，偏WLB,互联网,含免笔试,,,携程集团,全国各地 | 上海,,研发类、产品类、综合类、人才计划,2025-08-24,
,,,招满即停,http://mp.weixin.qq.com/s?__biz=MzIzOTc4NjUwMg==&mid=2247777178&idx=1&sn=9c01f2b716657b1d3946c34de3fc9b35&chksm=e92a34f3de5dbde56af099edf3c1e6c08873657ca0118aefff6ccd4d857c73b942d707fa9316#rd,26届秋招,大唐国际发电公司众多，免笔试，人才引进计划,国央企,含免笔试,https://zhaopin.china-cdt.com/,,大唐国际发电,北京 | 天津 | 唐山 | 武安 | 保定 | 张家口,,法学 财务管理/会计学 审计学 工程管理/工程造价 能源与动力工程 电气工程及其自动化 自动化 测控技术与仪器 计算机科学与技术 机械设计制造及其自动化 新能源科学与工程 应用化学,2025-10-21,
,,,招满即停,https://mp.weixin.qq.com/s/G3dyYdyg1Zxc7akI7sDURw,26届秋招,汉缆股份大部分岗位没有笔试，都是免笔试的,制造业,含免笔试,👈文中邮箱投递,,汉缆股份,青岛,,产品研发工程师国际业务经理生产管培生质量管理员等,2025-09-04,
,,,招满即停,https://mp.weixin.qq.com/s/9ospLuNb-ssrkzPCLe47jg,26届秋招,法雷奥中国通过简历筛选就面试，很多岗位都是免笔试的,外企 | 汽车新能源,含免笔试,👈文中扫码投递,,法雷奥中国,深圳 | 广州 | 上海 | 武汉 | 荆州 | 南京 | 无锡 | 台州 | 佛山 | 沈阳 | 常熟 | 娄底,,研发项目采购销售数字化工艺质量生产物流维修工业化环境安全财务人事,2025-09-04,
,,,招满即停,http://mp.weixin.qq.com/s?__biz=MzI4NTE0NDA1Nw==&mid=2649527527&idx=1&sn=58192421220c830a799554b9f8fd9cc9&chksm=f3e89271c49f1b67fab5280bc8544c67f6f085ab1092c74185cfd482995822f4728b516fdfa0#rd,26届秋招,三一集团面向小语种专业，多类岗位,制造业,含免笔试,https://sany.zhiye.com/campus/jobs?LocId=id4301label,,三一集团,长沙 | 广州 | 海外,,国际营销、国际营销管理、配件销售、配件管理、服务管理、大客户管理等 财务管理、税务管理 人力资源管理、HRBP 物流管理（法语、俄语、德语、西班牙语、葡萄牙语 阿拉伯语、意大利语、印尼语等小语种专业）,2025-11-03,
,,,招满即停,https://mp.weixin.qq.com/s/qZZ_cDAFeqbB37L_asnQ1w,26届秋招,,外企,含免笔试,👈扫码投递,,New Aim新目标,广州,,电商运营、采购、销售、HR、财务、管培生（电商运营/采购/IT）,2025-10-04,
,,,招满即停,https://mp.weixin.qq.com/s/2NSGeLhiZcM5wxHWzK6Tlg,26届秋招,精臣部分岗位需要笔试，大部分都是免笔试的,半导体,含免笔试,https://app.mokahr.com/campus-recruitment/niimbot/45368#/,,精臣,武汉,,国际营销类、国内营销类、运营类、供应链类、职能类,2025-10-01,
,,,招满即停,https://mp.weixin.qq.com/s/FgAW0rkHNdIo1QtD6o6ngQ,26届秋招,特斯拉的校招也来了，部分岗位有笔试，其他非技术岗都是免笔试的，但有可能毁约,外企 | 汽车新能源,含免笔试,👈文中查看投递港式,,特斯拉,上海 | 北京 | 全国各地,,"工程技术类
 | 动力能源类
 | 软件类
 | 硬件类
 | 材料类
 | 物流及设施运营类
 | 销售交付类
 | 服务类
 | 环境健康安全类
 | 职能支持类",2025-09-08,
,,,10.31,https://mp.weixin.qq.com/s/dT7IdsdzfBOIdN6dTBj8Xw,26届秋招,,外企,含免笔试,https://wecruit.hotjob.cn/SU6295c39a0dcad4522994d9a2/mc/position/campus,,卡夫亨氏,上海 | 全国各地,,国际管理培训生 国际生产制造管培生 销售培训生,2025-09-25,
,,,招满即停,https://mp.weixin.qq.com/s/4SmQhb9efLP4X77QZ2Fxyw,26届秋招,,国央企 | 建筑,含免笔试,https://xyzp.51job.com/bjcj2026/job.html?coname=&degreefrom=&industrytype=&keyword=&pageNum=22,,北京城建房地产开发有限公司,北京 | 杭州 | 济南 | 青岛 | 深圳,,规划设计（暖通、给排水、土木工程）；工程管理（暖通、给排水、土木工程、建筑电气）；成本管理（工程造价）；财务管理（会计学、财务管理）；营销管理（市场营销学、统计学、广告学）；党务管理（马克思主义理论、思想政治、汉语言文学）；综合行政（企业管理、工商管理、人力资源管理、法学类）,2025-10-10,
,,,招满即停,https://mp.weixin.qq.com/s/RK0sCVpLgvwVuAIsFcU-Hw,26届秋招,,国央企,含免笔试,https://www.hnrcsc.com/#/positionB/consultdetailss?termTaxonomyId=70&id=1009597,,湖南农业集团,长沙,,生产管理岗 实验岗 水产运营岗 财务岗 销售代表 电商运营岗 环保技术人员 环保运维操作工 财务岗 仓储部保管岗 仓储部质检岗 战略投资岗 资本运营岗 生产技术岗 生产工艺岗 行政管理岗 财务岗 销售岗 新媒体运营岗 驻场会计 肉品销售员 代养开发员 养殖储备干部 国际贸易,2025-10-08,
,,,招满即停,➡️校招公告,26届秋招,中船重工海声科技提供五险二金，带薪年休假,国央企,含免笔试,➡️投递渠道,,中船重工海声科技,宜昌,,助理设计师 设计师 主管设计师 副主任设计师 主任设计师 技术专家,2025-09-18,
,,,招满即停,https://mp.weixin.qq.com/s/3f2ycOcJbhv4MKjQhTuv5A,26届秋招,,国央企,含免笔试,👈文中扫码投递,,中煤矿建集团,合肥,,"矿建技术岗
 | 煤矿开采技术、采矿工程、矿井建设等
 | 矿建技术岗（非煤）
 | 采矿工程（非煤方向）等
 | 机电技术岗
 | 机械设计制造及其自动化、电气工程、机电一体化等
 | 土建技术岗
 | 土木工程、城市地下空间工程、道路与桥梁等
 | 测量技术岗
 | 测绘工程、工程测量等
 | 地质技术岗
 | 地质学、资源勘查工程、地质工程等
 | 安全技术岗
 | 安全工程、安全技术与管理、矿井通风等
 | 造价预算岗
 | 工程管理、工程造价等
 | 财务管理岗
 | 会计学、财务管理、审计学、税务学等
 | 物资管理岗
 | 物流管理、市场营销等
 | 人事管理岗
 | 人力资源管理、劳动与社会保障等
 | 燃气技术岗",2025-09-11,
,,,招满即停,https://mp.weixin.qq.com/s/eDjad_c6nprr3Qx7TwlWVQ,26届秋招,中机中联给七险一金和各种补助，而且只有测评，是免笔试的，直接开始面试,建筑,含免笔试,https://cmcu.zhiye.com/,,中机中联,重庆,,科技研发岗 工艺设计岗 工程设计岗  研发类 工程管理 项目管理 策划咨询岗 职能管理岗,2025-09-07,
,,,招满即停,https://mp.weixin.qq.com/s/MKh5H06rhLDRVGhoduPlrA,春招,有道领世有六险一金、带薪培训、有竞争力的年薪,教育,含免笔试,https://app.mokahr.com/campus-recruitment/lingshi/144566?locale=zh-CN#/,,有道领世,北京 | 石家庄 | 广州 | 沈阳,,教师管培生线上一对一老师 线下一对-老师线下班课老师,2026-02-05,
,,,招满即停,https://mp.weixin.qq.com/s/t-BZJg_tCpOTYveA1GiceQ,26届秋招,,外企,含免笔试,https://mp.weixin.qq.com/s/t-BZJg_tCpOTYveA1GiceQ,,埃维能中国,上海,,学徒工程师 研发工程师 销售工程师,2025-10-26,
,,,招满即停,https://mp.weixin.qq.com/s/_fZJWMZKg_0QDtYNzmpfvg,26届秋招,中裕能源招聘岗位多，遍布全国，薪资丰厚，奖金激励，公司福利，面向专业广,汽车新能源,含免笔试,https://www.zhongyuenergy.com/campus_recruit.html,,中裕能源,全国各地,,工程技术类： 项目管理 工程设计 工程造价 技术管理； 安全运营类： 安全管理 生产运营 设备管理 计量管理； 市场客服类： 市场开发 客户服务 营销策划 计划统计； 综合管理类： 财务管理 文秘 信息管理 法律事务,2025-10-20,
,,,招满即停,https://mp.weixin.qq.com/s/ntu017Eq56Z7y6-XzGg-Uw,26届秋招,华住集团有高薪资，众多福利，无笔试,其他,含免笔试,https://campus.hworld.com/campus/jobs,,华住集团,上海,,酒店经营方向 品牌运营方向 供应链管理方向 战略管理方向 市场营销方向 研发测试方向,2025-10-15,
,,,招满即停,https://mp.weixin.qq.com/s/bPQZYixjvvCKsH31bi8vVw,26届秋招,,其他,含免笔试,https://webapp.zhaopin.com/2023/hd/shyyl0825ZL81814/#/,,豫园珠宝时尚集团,上海 | 北京 | 四川 | 山东,,管培生：集团销售运营管理岗、AI星世代、终端零售销售管理岗,2025-10-07,
,,,11.30,https://mp.weixin.qq.com/s/3bfmv_7TaUIFNvGeDzzpLQ,26届秋招,戴尔在国内的份额一直被积压，但只有技术岗才有测评，其他都是免笔试，先HR面试，然后才是业务面试,外企,含免笔试,https://dell.tupu360.com/position/list?enter=menu&amp;lang=zh_CN&amp;type=CAMPUSRECRUITMENT&amp;state=dd00f9b4844c1e178ccccbb79b25f159&amp;code=021gszFa1XiXbK0ig2Ja1nutku4gszFo&amp;_t=1756363928227,,戴尔科技,上海 | 福建,,产品运营工程师、成本数据分析师、全球供应链管培生,2025-08-27,
,,,招满即止,https://mp.weixin.qq.com/s/6ywNLldwXTPG1JUbLwYLwA,26届秋招,,外企,含免笔试,https://app.mokahr.com/m/campus-recruitment/coolermaster/39733,,coolermaster集团,昆山 | 惠州,,热学设计 产品设计 自动化 电气 软件 包材 国际业务 品质工程师 采购 计划物控 项目管理 经管专员,2025-09-24,
,,,招满即停,https://mp.weixin.qq.com/s/uJZgff9SbBMjrJ4OFXARAA,26届秋招,横乐有五险一金，人才落户等人才政策，意外险，年度体检,生物医药,含免笔试,https://mp.weixin.qq.com/s/uJZgff9SbBMjrJ4OFXARAA,,横乐,珠海,,研发类 图像算法工程师、图像算法实习生、 软件开发实习生等 产品类 产品专员、产品实习生等 营销类 销售专员等 科研类 博士后(图像算法、运动控制算法方向)等 临床类 临床支持工程师、医学事务实习生等,2025-10-27,
,,,招满即停,https://mp.weixin.qq.com/s/bP2nN_s5bILbAOr5OSpgSQ,26届秋招,兴发集团有较高薪酬，女性友好，企业年金，人才政策，公积金优待,国央企,含免笔试,https://xym.51job.com/wechat/vuectmjobs/#/index?id=C88056D5-49C8-4A31-ACE0-3C793FF7AC31&color=31BE88&prd=yddzy,,兴发集团,上海 | 宜昌 | 襄阳 | 天门 | 宜都,,化学工程与工艺、高分子材料与工程、材料化学、应用化学、新能源材料与器件、过程装备与控制工程、机械设计制造及其自动化、化工机械、电气工程及其自动化、智能电网信息工程、测控技术与仪器、农学、矿物加工工程、矿业工程、计算机、信息安全、自动化、市场营销、旅游管理、经济学、国际贸易、化工类、英语、俄语等小语种相关专业、会计学、财务管理、金融学、汉语言文学、秘书学、新闻学、法学、马克思主义理论、思想政治教育传播学等相关专业。,2025-10-26,
,,,招满即停,https://mp.weixin.qq.com/s/CJdPKSELU9fmgId1fAr-MA,26届秋招,光华科技也有司龄奖、年度体检、年度旅游,能源,含免笔试,👈扫码投递,,GHTECH光华科技,广州 | 汕头 | 全国各地,,研发类、营销及市场类、生产及工艺管理类、技术服务类,2025-10-02,
,,,招满即止,https://mp.weixin.qq.com/s/rJQYDHB3BQwqeG7IebpPbA,26届秋招,,外企,含免笔试,https://app.mokahr.com/campus-recruitment/beigene/98935?locale=zh-CN&sessionid=#/jobs,,百济神州,北京 | 上海 | 苏州 | 广州,,临床前研发、临床开发、技术运营、商业运营,2025-09-26,
,,,招满即停,http://mp.weixin.qq.com/s/qt6OpxzG31o5zRUIzBCrew,26届秋招,银宝山新有高薪资，月入过万，五险一金落户政策，多种福利，奖励补贴，生活保障,制造业,含免笔试,http://mp.weixin.qq.com/s/qt6OpxzG31o5zRUIzBCrew,,银宝山新,东莞 | 惠州 | 天津,,营销管培生(英语) （市场营销或商务英语等专业优先）管培生(生产管理)（机械制造或工业工程相关专业） 模具设计工程师（机械设计与制造专业） 品质工程师（机械工程，模具设计，工业工程等专业方向） 项目管培生（机械工程等相关专业） 营销管培生(日语)（日语相关等专业优先） 财务管培生（财务，会计等相关专业优先）,2025-11-02,
,,,招满即停,https://mp.weixin.qq.com/s/m4H3YQhkFi-kAfE8s7BgbA,26届秋招,极石汽车有职业双通道发展，丰富企业活动，海外轮岗机会,汽车新能源,含免笔试,https://app.mokahr.com/campus-recruitment/roxmotor/147922#/job/abcb19ae-037b-4ffb-9312-46576223a06c,,极石汽车,上海,,海外营销管培生(俄/阿/法/西语),2025-10-29,
,,,10.31,https://gzw.cq.gov.cn/gqzp/202510/t20251024_15111894.html,26届秋招,重庆旅游资产管理要求大学本科及以上学历，中共党员,国央企,含免笔试,https://www.cqrc.net/gzw/index/postitem-25396.html,,重庆旅游资产管理,重庆,,行政文秘岗（汉语言文学或新闻类专业） 纪律检查岗（中文类、法学类、经济类等相关专业）,2025-10-27,
,,,招满即停,http://mp.weixin.qq.com/s?__biz=MzI2MDQ0NzI5Ng==&mid=2247507184&idx=1&sn=679486d8ce5b9f2aeb9dc197388087ad&chksm=ea6b11dfdd1c98c9fa90cae058f6c305635a40044fd6f7f59c93e331571ba639b61d04612388#rd,26届秋招,建发物业有五险，商业保险，多元培训，补贴,国央企 | 建筑,含免笔试,https://jfwyzp.zhiye.com/Campus,,建发物业,北京 | 上海 | 南京 | 无锡 | 苏州 | 杭州 | 福州 | 厦门 | 泉州 | 漳州 | 广州 | 成都,,项目管理岗（客户服务） 项目管理岗（社区运营） 工程技术岗 社商经营岗,2025-10-23,
,,,招满即停,https://mp.weixin.qq.com/s/ZzRFuAGlZ_2RKAI9hxCFAA,26届秋招,太阳雨集团六险二金，人才公寓，工作地点遍布全国，高薪酬,汽车新能源,含免笔试,https://solareast1.zhiye.com/campus/jobs,,太阳雨集团,全国各地,,研发工程师 技术工程师 履约工程师 服务工程师 产品经理 销售经理 项目经理 大客户经理,2025-10-22,
,,,招满即停,http://mp.weixin.qq.com/s?__biz=Mzk4ODk5OTI5Ng==&mid=2247487412&idx=1&sn=d4b0b439a6ba796318fd917fd0051991&chksm=c5fdf45bf28a7d4dc280ede3869d7f4e8a5ad0e2ab2e5b9085529651b13150d1811b93a72531#rd,26届秋招,晨鸣集团五险一金，薪资高，双休节假日，女性友好,国央企,含免笔试,http://mp.weixin.qq.com/s?__biz=Mzk4ODk5OTI5Ng==&mid=2247487412&idx=1&sn=d4b0b439a6ba796318fd917fd0051991&chksm=c5fdf45bf28a7d4dc280ede3869d7f4e8a5ad0e2ab2e5b9085529651b13150d1811b93a72531#rd,,晨鸣集团,吉林 | 南昌 | 寿光 | 黄冈 | 湛江,,生产技术类（轻化工程、制浆造纸、印刷/包装工程、林产化工等相关专业） 设备管理类（电气工程及自动化、机械设计 制造、过程装备与控制工程等相关专业） 财务类（会计学、经济学、税务学、审计学等相关专业） 管理类（人力资源管理、企业管理、工商管理、行政管理等相关专业）,2025-10-19,
,,,招满即停,http://mp.weixin.qq.com/s?__biz=MzIzNjc2MjE2Nw==&mid=2247495798&idx=1&sn=21d9bfa9703a69e409e21e0853c4da6d&chksm=e8d0552edfa7dc388d8f6ebf06e078f78f37bb5881c5914d4953a92d3025eb1da0e205b99d3e#rd,26届秋招,圣农集团有各种工资，五险一金，商业险意外险，晋升空间，多种福利,农业,含免笔试,https://sunnergp.zhiye.com/campus/jobs,,圣农集团,福州 | 南平 | 庆阳 | 全国各地,,育种 养殖 生产 设备 研发/品管 市场营销管理 饲料营养 战略执行管理 财务管理 采购管理 供应链管理 人资管理（相关专业：动物遗传育种与繁殖，畜牧，生物信息统计学，动物科学，动物医学，畜牧兽医，食品科学与工程，生物技术，机械类，电气工程类，机电类，制冷与空调技术，农业机械化及其自动化，生物工程，食品安全与质量，市场营销，管理学，动物营养与饲料学，工商管理，经济学，数据科学与大数据技术，供应链管理，会计学，财务管理，审计学，金融学，数学，统计学，物流管理，物流管理与工程类，管理科学与工程，人力资源管理，行政管理）,2025-10-23,
,,,招满即停,➡️校招公告,26届秋招,,制造业,含免笔试,➡️投递渠道,,飞科电器,上海 | 全国各地,,总裁办经理助理，财务会计，人事专员，助理开发工程师，助理网络工程师，助理质量工程师，文案策划，运营助理，剪辑师，城市经理,2025-09-18,
,,,招满即停,https://mp.weixin.qq.com/s/TmUboIFEqEikIEerusBMug,26届秋招,,制造业,含免笔试,👈文中扫码投递,,赫比集团,上海 | 苏州 | 南通 | 成都 | 国外,,"•模具设计
 | • 工业工程
 | • 模具项目
 | • 视觉测试
 | • 产品开发
 | • 机构研发
 | • 声学研发
 | • 软件研发
 | • 光学研发
 | • 电子研发
 | • 业务拓展
 | • 项目管理
 | • 财务
 | • 质量",2025-09-16,
,,,招满即停,https://mp.weixin.qq.com/s/wmCfnn-nOVtRoMcw-TL96g,26届秋招,,互联网,含免笔试,👈文中邮箱投递,,锐我科技,北京,,C++程序游戏策划游戏运营U3D程序游戏测试美术设计师,2025-09-15,
,,,招满即停,https://mp.weixin.qq.com/s/PiOWjFfOqT01QHEJzvmi2A,26届秋招,"重庆信托有三个招聘，2025、2026届毕业生岗位招聘
 | 非应届日常实习生持续招聘
 | 社会招聘岗位同步开放",国央企 | 金融,含免笔试,http://www.cqiti.com/joinus/,,重庆信托,重庆 | 北京 | 上海 | 深圳,," 信托业务岗（重庆、北京、上海、深圳）
 |  投资管理岗（重庆、北京）
 |  .固收投资岗（重庆、北京） 4.金融同业岗（重庆、北京 
 | 5.财务管理岗（重 
 | 
 | 6.产品运营岗（ ）
 | 
 | 7.法务合规岗 庆）
 | 
 | 8.人力资源管理 重庆）
 | 
 | 9.企业管 重庆）
 | 
 | 10.财富 （重庆）
 | 
 | 11.财富产品岗（重庆）",2025-09-18,
,,,招满即停,https://mp.weixin.qq.com/s/AgvkvVtvqwaBXOI2iWcvXg,26届秋招,劲浪体育不太要求学历，大专以上就可以,快消零售,含免笔试,👈文中邮箱投递,,劲浪体育,四川,,品牌零售管培生/带货主播/直播中控,2025-09-17,
,,,12.31,https://mp.weixin.qq.com/s/iWZY-ic5QLQtEWyHPykgtQ,26届秋招,小马智行不统一设置笔试，通过简历筛选的同学直通面试（免笔试）,汽车新能源,含免笔试,https://campus.pony.ai,,小马智行,北京 | 广州 | 上海,,研发工程师,2025-08-07,
,,,招满即止,https://mp.weixin.qq.com/s/jNeztzrBcsmXylUjmFenkQ,26届秋招,,外企,含免笔试,https://www.scientechresearch.io/,,Scientech Research,上海 | 北京,,量化研究员、量化开发工程师,2025-09-23,
,,,招满即停,https://mp.weixin.qq.com/s/5I0ZCTWOL2oeit17PcRlQA,实习,恒利联创实习优秀可转正,互联网,含免笔试,https://mp.weixin.qq.com/s/5I0ZCTWOL2oeit17PcRlQA,,恒利联创,上海,,市场运营实习生（新闻、广告、公共关系、市场营销）,2026-01-20,
,,,招满即停,➡️校招公告,26届秋招,云鲸智能的部分岗位需要笔试，其他岗位都是免笔试,互联网,含免笔试,https://careers.narwal.com/campus,,云鲸智能,深圳 | 东莞,,"研发/ 技术
 | 市场/营销/设计
 | 职能",2025-09-14,
,,,招满即停,http://mp.weixin.qq.com/s?__biz=MzU2MzY3OTc3MQ==&mid=2247490679&idx=1&sn=716c312e8c745594281517528a9e66a8&chksm=fc57db03cb20521556a51cf6997e3e8da3ec3768b14e79e2a288c747152fdd2aa19234687093#rd,26届秋招,艾瑞迈迪较高竞争力薪酬，五险一金，北京户口指标，双休节假日,外企,含免笔试,http://mp.weixin.qq.com/s?__biz=MzU2MzY3OTc3MQ==&mid=2247490679&idx=1&sn=716c312e8c745594281517528a9e66a8&chksm=fc57db03cb20521556a51cf6997e3e8da3ec3768b14e79e2a288c747152fdd2aa19234687093#rd,,艾瑞迈迪,北京,,销售工程师 电子工程师 软件算法工程师 软件开发工程师 电气工程师 电磁研发工程师 模拟电路工程师 嵌入式开发工程师 工业设计师 软件测试工程师,2025-10-21,
,,,招满即停,https://mp.weixin.qq.com/s/5dCs7S2Uj-hvTvns8-s-4g,26届秋招,中寰医药招聘多个岗位管培生，面向医药类、财务人力专业,生物医药,含免笔试,https://form.ebdan.net/show/03PxQjMK?bt=yxy,,中寰医药,南京 | 福州 | 全国各地,,营销中心管培生 产品BD管培生 学术/产品经理管培生 高管助理管培生 财务、人力等职能管培生 质量、生产管培生,2025-10-20,
,,,招满即停,https://mp.weixin.qq.com/s/20XhT7s5MbIfdL-qrMD8Dw,春招,佳都科技晋升通道清晰,互联网,含免笔试,https://app.mokahr.com/campus-recruitment/pcitech/39848#/,,佳都科技,广州 | 北京 | 长沙 | 成都,,产品研发类解决方案类交付类营销类职能类;,2026-01-18,
,,,招满即停,https://mp.weixin.qq.com/s/Mc4ys8QKIZyFD7K455wNYg,26届秋招,GO Freight有五险，工作氛围好,外企,含免笔试,https://mp.weixin.qq.com/s/Mc4ys8QKIZyFD7K455wNYg,,GO Freight,伊犁哈萨克自治州 | 霍尔果斯,,财务管理 市场专员 出纳兼行政 新媒体运营 内勤文员 跨境主播,2025-10-20,
,,,招满即停,https://mp.weixin.qq.com/s/B7L5V0mpm6lq6YAoxU28fQ,26届秋招,甫康药业有带薪年假、人才落户、节日&生日福利等,生物医药,含免笔试,文末扫码投递,,甫康药业,上海,,BD/海外BD运营/海外运营大分子药物研发制剂研究项目管理抗肿瘤药物研究员抗感染药物研究员科研助理(实习)财务管理管培生人力资源管培生临床监查员,2025-09-18,
,,,招满即停,https://mp.weixin.qq.com/s/FlHNa4AUEXe6FKCCusoMPA,26届秋招,360的非技术是免笔试的，每周六固定笔试，技术岗都需要，,互联网,含免笔试,👈文中扫码投递,,360集团,北京 | 上海 | 西安 | 深圳,,"安全类
 | 网络安全工程师
 | ，安全研究员（Web漏洞挖掘与利用）---
 | 品算法裝
 | Al应用算法工程师
 | •AIGC算法工程师-agent
 | AIGC算法工程师-算法研究
 | •AI大模型算法工程师-OCR/多模态
 | AI大模型算法工程师-内容抽取及理解
 | •AI大模型算法工程师-agent
 | Al大模型算法工程师-AIGC
 | •广告算法工程师-出价方向
 | ，广告算法工程师-召回与模型优化
 | ﻿开发裝
 | ﻿服务端开发工程师-C++
 | 服务端开发工程师-Golang
 | •服务端开发工程师-Java
 | Web服务端开发工程师
 | Web前端开发工程师
 | 硬件开发工程师
 | 嵌入式软件开发工程师
 | 团 测试开发类
 | 测试开发工程师
 | 8 非技术类
 | 用户体验设计师（UE）
 | 产品运营
 | 项目助理
 | 质量专员",2025-09-01,
,,,10.13,https://mp.weixin.qq.com/s/3D7_CE0yX4fQMwCB0cr1IA,26届秋招,欧莱雅截止日期挺早的，赶紧投,外企,含免笔试,https://u.hrtps.com/r/cLO59ndeN,,欧莱雅,全国各地,,"产品
 | 营销
 | 品牌发展
 | 与产品开发
 | 电商
 | 事业部
 | 大数据
 | 销售&大客户管理
 | 医学-皮肤科学美容
 | 个」
 | 北亚运营
 | 山
 | 欧莱雅中国信息技术
 | 企业事务
 | 与公众联动
 | 财务
 | 控制
 | 研发和创新
 | 人力资源
 | 可持续
 | 发展",2025-08-31,
,,,11.1,https://mp.weixin.qq.com/s/L9NKUC4mo79z1YV6ni4cqw,26届秋招,百度免笔试，今天发4000+的offer，比去年多了35%的名额，但百度是把正式批和提前批合并到一起了，共用 4000 HC，如果等到正式批再投，HC 会少很多,互联网,含免笔试,,,百度,北京 | 上海 | 深圳 | 广州 | 成都 | 大连,IZ37VJ， IZK231,技术类、产品类、专业服务和管理支持类、政企行业解决方案和服务类；,2025-07-07,
,,,招满即止,https://mp.weixin.qq.com/s/p-XhSwkqtXxRU-LhZRgORA,26届秋招,,外企,含免笔试,https://campus.51job.com/aumovioFY26/,,AUMOVIO欧摩威,长春 | 上海 | 南京 | 重庆,,软件开发工程师 AI和数据工程师 初级算法工程师 系统测试工程师 电子工程师 机械工程师 销售管培生 采购管培生,2025-09-28,
,,,招满即停,https://mp.weixin.qq.com/s/Y12T2L7nhlCjyd_T_EhKIQ,春招,HRnetGroup福利很好,外企 | 咨询法律,含免笔试,https://hrnetgroup.mikecrm.com/gPymvpO,,HRnetGroup,上海,,医疗大健康全职猎头顾问、应届管培生,2026-01-17,
,,,招满即停,https://mp.weixin.qq.com/s/n4eoq4hS0VFjUMNYFnWfjw,26届秋招,中国十五冶有六险二金，超多补贴，奖金，女性友好，设施全,国央企,含免笔试,https://xyz.51job.com/consumer/pc/home/index?ctmid=8895857,,中国十五冶,武汉 | 沈阳,,工程技术 安全 质量 研发 设计 市场开发 商务合约 物资设备 行政综合 企业发展 人力资源 财务 法务 党建宣传 维修工 管道工 焊工 钳工 测量工 TBM操作与维护 凿岩台车司机与维护,2025-10-15,
,,,招满即停,https://mp.weixin.qq.com/s/NvWYd9gv0zbfwTUABwXsKw?scene=1&click_id=93,26届秋招,"合元集团网申投递后7个工作日
 | 含一轮在线测评，无笔试",半导体,含免笔试,https://cfugroup.com/,,合元集团,杭州 | 中山 | 昆明 | 国外,,制造类职能类营销类研发类设计类,2025-09-23,
,,,招满即止,https://mp.weixin.qq.com/s/TpSdiDv1GRDSiSd4fk_u6w,26届秋招,,外企,含免笔试,https://xiaoyuan.zhaopin.com/company/KA0000059879P90000001000,,厦门太古飞机工程有限公司,天津 | 大连 | 厦门 | 郑州 | 武汉 | 深圳 | 重庆,,基地维修部工程师培训生、航线维修部工程师培训生、技术员培训生,2025-09-29,
,,,招满即停,https://mp.weixin.qq.com/s/1XpnrlM0qUwo-hYiPc32DQ,26届秋招,博洋家居有五险一金，带薪年假，各种补贴,其他,含免笔试,https://mp.weixin.qq.com/s/1XpnrlM0qUwo-hYiPc32DQ,,博洋家居,宁波,,电商运营(销售中心/产品企划)、电商主播、工艺核算、家纺设计、摄影摄像,2025-10-18,
,,,招满即停,https://mp.weixin.qq.com/s/Rtuc6gIXbA41San03R_bnA?scene=1,26届秋招,福禄克免笔试，工作地点北上广深,外企,含免笔试,https://fortive.tupu360.com/position/detail/68d390b724357135f82f9f2d?enter=list&type=SOCIALRECRUITMENT&lang=zh_CN,,福禄克,北京 | 上海 | 广州 | 深圳,,销售,2025-10-15,
,,,招满即停,https://mp.weixin.qq.com/s/JIaO3iLfmlyIAPutUNCGqw,26届秋招,,国央企,含免笔试,👈文中扫码投递,,保利物业,广州 | 全国各地,,"市场、计划、运营、投资、成本、审计、
 | 财务、人力、纪检、巡察、数据开发等岗位
 | 住宅星生代
 | 品质管理、项目管理、客服、工程等岗位
 | |商企星生代
 | 战略、经营、市场、财务、人力、产品、
 | 设施/环境/景区/秩序管理等岗位
 | S|城市服务星生代
 | 项目管理、客服、工程、人力、景区讲解等岗位",2025-09-27,
,,,招满即止,http://mp.weixin.qq.com/s?__biz=MzI1OTM1MTE4Mw==&mid=2247491985&idx=1&sn=705d3c7d3e085a4110fcdbda0138c109&chksm=ea789671dd0f1f673908fc95ab0b8496e2d28964085a673e5eecdf7c3214f05d40262642febd#rd,26届秋招,,外企,含免笔试,https://www.moseeker.com/position/index/pid/3286082?moseeker_track_code=njj&recom=Bljwexxxxe&share_time=1758608585557&wechat_signature=NzI0MTgyZTY4ZmE4MWEwMGQyOGE3YTRhNzJiOGE5ZjI1YzQwZmU0NQ,,爱立信,北京,,销售培训生,2025-09-28,
,,,招满即止,https://mp.weixin.qq.com/s/6ZSkeM8ISJnUXMKEX00f4A,26届秋招,,外企,含免笔试,http://campus.51job.com/magna2026,,麦格纳,天津 | 上海 | 全国各地,,研发 制造 生产 产品 物流 工艺 采购 质量 维修 销售 人力资源 软件 管培生 实习生,2025-09-24,
,,,招满即停,https://mp.weixin.qq.com/s/roT5bukz0Hupfa0VCQbLxQ,26届秋招,奇瑞汽车面向多类岗位多种专业,汽车新能源,含免笔试,https://chery1.zhiye.com/jobs?queryId=4bf5ddf8-9879-4ded-a535-735df97be14e,,奇瑞汽车,上海 | 芜湖,,销售助理 服务助理 网络助理 售后助理 生态运营助理 终端运营 品牌 公关 主播 编导 视频方向 产品助理 项目助理 成本助理 采购助理 设计师 质量助理 产品定义开发 用户体验 用户运营 用户洞察 生态运营 终端运营 后台技术支持,2025-11-03,
,,,招满即停,https://mp.weixin.qq.com/s/Bt63DdvXChnbmUyRbMiUgg,26届秋招,StarThing有人才培养，五险一金，商业保险，带薪年假，法定节假日，完备福利体系,互联网,含免笔试,https://jsj.top/f/v2WUeG,,StarThing,杭州,,销售培训生 门店督导 研发（前端） 研发（Java后端） 研发（测试） 技术服务工程师 财务培训生 人力培训生 新媒体运营 商业化运营 供应链管理,2025-11-02,
,,,招满即停,https://mp.weixin.qq.com/s/t-BZJg_tCpOTYveA1GiceQ,26届秋招,,外企,含免笔试,https://mp.weixin.qq.com/s/t-BZJg_tCpOTYveA1GiceQ,,埃维能中国,上海,,学徒工程师 研发工程师 销售工程师,2025-10-26,
,,,招满即停,https://mp.weixin.qq.com/s/9bV73wKi2W9LHRUPxRQKMw,26届秋招,红星美凯龙有五险一金，奖金，年终奖，福利保障,快消零售,含免笔试,https://mp.weixin.qq.com/s/9bV73wKi2W9LHRUPxRQKMw,,红星美凯龙,沈阳 | 大连 | 长春 | 哈尔滨,,楼层管理员 企划专员 营销专员 新媒体岗位,2025-10-25,
,,,招满即停,https://mp.weixin.qq.com/s/wCoFz7nL6LBANHY5ZfIIXg,26届秋招,,生物医药,含免笔试,https://mp.weixin.qq.com/s/wCoFz7nL6LBANHY5ZfIIXg,,观合医药,上海 | 无锡,,培训生（转化医学 技术管理 质量管理 项目管理）方法学开发 样本检测 数据分析 国际项目助理,2025-10-13,
,,,招满即停,https://mp.weixin.qq.com/s/5yhkCVUp4mttitLqPpN3TA,26届秋招,鑫荣懋集团有五险一金，丰富活动，节日福利，股权激励,农业,含免笔试,https://joywingmau.zhiye.com/campus/jobs,,鑫荣懋集团,深圳 | 北京 | 上海 | 郑州 | 嘉兴 | 广州 | 沈阳 | 全国各地,,管理培训生：销售管理与运营，国内采购，进出口商务，产品开发与统筹，东南亚采购,2025-10-29,
,,,招满即停,https://mp.weixin.qq.com/s/yWjLGmh3Zw2DS66aC6-Lcw,26届秋招,,国央企 | 能源,含免笔试,https://www.iguopin.com/company?id=10685374849647460,,中国能建广西院,南宁,,水利与水电工程类（水利水电工程、水文及水资源、水利工程、海洋水文）；电气与自动化类（电气工程及其自动化、电气工程、输电线路工程）；能源动力类（能源与动力工程）；结构与土木工程类（土木工程（变电土建）、结构工程（变电土建）、建筑学、交通运输工程、道路工程、城乡规划）；信息技术与计算机类（计算机科学与技术、软件工程、地理信息系统（GIS）、地理信息工程、通信）；测绘与地质类（岩土工程、工程地质、水文地质、地质、测绘工程）；机械与制造类（机械制造、化工机械、过程装备与控制工程、机电工程）；化学、材料与环境工程类（化学工程、氢能、油气储运工程、储运工艺、金属材料工程、防腐、腐蚀与防护、材料工程、环境工程）；新能源类（新能源、能源经济）；经济金融类（经济学、技术经济及工程管理、工商管理、财务、会计、数学、统计学或风险管理、企业管理、市场营销、工程造价、工程咨询）；项目管理类（项目管理）,2025-10-26,
,,,招满即停,➡️校招公告,26届秋招,,教育,含免笔试,👈文中扫码投递,,新华教育,合肥,,"教学方向：
 | 中餐/西餐/西点等烹饪相关教师
 | 汽车/新能源汽车/机电/轨道等相关教师电子商务/平面设计/影视后期/计算机等相关教师美妆/美容/形象设计等教师
 | 语文/数学/英语/班主任等教师
 | 市场方向：
 | 课程顾问、企划宣传、新媒体运营、网站运营、主播
 | 综合管理方向：
 | 人力、行政、财务、审计",2025-09-14,
,,,10月,https://mp.weixin.qq.com/s/5t5dInmmGd8locTJK72yQQ,26届秋招,景嘉微电子的技术岗位有笔试，其他都是免笔试，薪资对标一线,半导体,含免笔试,👈文中扫码投递,,景嘉微电子,长沙,,"数字工程师（校招博士）
 | 博士类
 | 软件工程师（校招博士）
 | 硬件工程师（校招博士）
 | 软件类
 | Windows驱动开发工程师
 | Linux驱动开发工程师
 | 
 | 
 | GPGPU驱动工程师
 | 高性能计算库开发工程师
 | 软件工程师
 | AI工程师
 | 
 | 
 | 嵌入式软件工程师
 | 协议工程师
 | IC设计工程师
 | 园 数字类
 | IC验证工程师
 | FPGA工程师
 | 硬件类
 | 硬件工程师
 | 电讯工程师
 | 必其他研发类
 | 微波工程师
 | 算法工程师
 | 坦 职能类
 | 核算会计
 | 营销储备干部
 | 检验工程师
 | 调试工程师
 | 检测工程师",2025-09-02,
,,,招满即停,https://mp.weixin.qq.com/s/t2apxXr5kuUj1AZNiT7d7A,26届秋招,金科服务工作城市众多，多个职位,建筑,含免笔试,https://mp.weixin.qq.com/s/t2apxXr5kuUj1AZNiT7d7A,,金科服务,郑州 | 开封 | 洛阳 | 平顶山 | 安阳 | 鹤壁 | 新乡 | 焦作 | 濮阳 | 许昌 | 漯河 | 三门峡 | 南阳 | 商丘 | 信阳 | 周口 | 驻马店 | 济源 | 武汉 | 南宁 | 柳州 | 桂林 | 梧州 | 北海 | 防城港 | 钦州 | 贵港 | 百色 | 贺州 | 河池 | 来宾 | 崇左 | 重庆,,客服管理 工程管理 培训管理 法律事务 数据运维 品质管理 标书管理 财务管理 行政管理,2025-10-23,
,,,招满即停,https://mp.weixin.qq.com/s/5jQRKGvoQA5MRYY1PN9Agg,26届秋招,,半导体,含免笔试,➡️投递渠道,,天宇股份,北京 | 盐城 | 台州 | 潍坊,,合成研发员 制剂研发员 技术员 工艺员 外贸业务助理 制剂产品专员 研发分析员 检验员 质量专员 计量专员 设备员 仪控专员 安全员 环保专员 精益生产专员 生产计划专员 物料保管员 企业文化专员 人力资源专员,2025-09-10,
,,,招满即停,https://mp.weixin.qq.com/s/Q6mx37RnXClA1TH15MdcPQ,26届秋招,Unity中国免笔试,外企,含免笔试,https://recruiting.unity.cn/982864/?keywords=&category=&location=&project=7554286187838785801&type=&job_hot_flag=&current=1&limit=10&functionCategory=&tag=,,Unity中国,北京 | 上海 | 广州,,创意视觉设计培训生 销售培训生 项目管理培训生 软件开发实习生 - 引擎/图形 产品实习生 - 团结引擎 引擎研发实习生 - 实时全局光照 引擎研发实习生 - 动画系统 引擎研发实习生 - 图形渲染 引擎研发实习生 - VFX粒子特效 引擎研发实习生 - 小游戏平台,2025-10-22,
,,,招满即停,https://mp.weixin.qq.com/s/5gyrHt6MYs5fTJ_1jQsnQw,实习,文远知行岗位很多、实习优秀可转正,科技,含免笔试,https://app.mokahr.com/campus_apply/jingchi/2137#/jobs,,文远知行,北京 | 上海 | 武汉 | 广州 | 深圳,,"感知,大模型,预测,决策,规划控制,地图定位,SLAM,自动化标注,机器学习,强化学习,深度学习,计算机视觉,仿真,端到端,分布式系统,大数据处理,工具链,可视化,中间件存储,算法训练平台,全栈,操作系统,高性能计算,模型部署,数据开发,系统性能优化,云计算,Go,C++,Python,算法评测,测试工具开发,仿真测试",2026-01-26,
,,,招满即停,http://mp.weixin.qq.com/s?__biz=MzI2ODQwMTc3Ng==&mid=2247578964&idx=1&sn=2c5a5de1f333894cbf98d7793b692454&chksm=eaf3d84bdd84515d96545452519c967a73492fd33a394d64c51eb5d670edf0bd4b24da20e448#rd,26届秋招,,国央企,含免笔试,http://ehr2.grguser.com:8081/RedseaPlatform/zhaopin/zpChannelQrCode/5445daf4-8426-4cd2-b7b3-b15752fd6016/officeWebsite.mob,,广州广电城市服务集团,广州,,人力资源管理岗，法务管理岗，财会管理岗，董事会办公室管理岗，市场拓展岗，技术管理岗，运营管理岗，品质管理岗，党群服务岗，品牌宣传岗，文旅运营岗，技能评定岗，综合管理岗（子公司 / 项目）（人力资源管理，工商管理类，法学类，财务会计类，金融学类，经济学类，市场营销，统计学类，计算机类，电子信息类，自动化类，管理科学与工程类，安全科学与工程类，工业工程类，马克思主义理论类，新闻传播学类，人文社科类，设计学类，中国语言文学类，旅游管理类，行政管理，公共管理类）,2025-10-12,
,,,招满即停,https://mp.weixin.qq.com/s/odqnCzJzrbdABz0ptmg92A,26届秋招,,科技,含免笔试,https://hillstonenet.zhiye.com/campus/jobs,,山石网科,北京 | 上海 | 济南 | 广州 | 重庆 | 成都 | 西安 | 香港,,销售工程师(国内外),2025-10-09,
,,,招满即停,➡️校招公告,26届秋招,,快消零售,含免笔试,➡️投递渠道,,醉得意,全国各地,,前厅管培生 后厨管培生（非炒锅方向） 后厨管培生（炒锅方向） 供应链管培生 职能管培生,2025-09-10,
,,,11.4,http://hfrdjt.zpsys.cn/html/#/pages/article-detail/index?id=7fa2bbdcf2691c61bfa8303f5f2bf7ab&detailId=7fa2bbdcf2691c61bfa8303f5f2bf7ab&prantMenuid=6598bf7a2c7b4e6ea4ca10863a6127ba,26届秋招,合肥热电集团招聘76人，截止投递到11.4日,国央企 | 能源,含免笔试,http://hfrdjt.zpsys.cn/html/#/join-online?prantMenuid=1f6139ad39010d0d4f059d1ae8c968d4,,合肥热电集团,合肥,,综合岗管培生18人（行政管理、汉语言文学、新闻传播、人力资源管理、市场营销、会计、法律、经济等相关专业），运行岗管培生20人（能源与动力工程、自动化、电气工程、工程管理、暖通、环境工程、新能源等相关专业）,2025-10-26,
,,,招满即停,http://mp.weixin.qq.com/s?__biz=MzI2MDQ0NzI5Ng==&mid=2247507184&idx=1&sn=679486d8ce5b9f2aeb9dc197388087ad&chksm=ea6b11dfdd1c98c9fa90cae058f6c305635a40044fd6f7f59c93e331571ba639b61d04612388#rd,26届秋招,建发物业有五险，商业保险，多元培训，补贴,国央企 | 建筑,含免笔试,https://jfwyzp.zhiye.com/Campus,,建发物业,北京 | 上海 | 南京 | 无锡 | 苏州 | 杭州 | 福州 | 厦门 | 泉州 | 漳州 | 广州 | 成都,,项目管理岗（客户服务） 项目管理岗（社区运营） 工程技术岗 社商经营岗,2025-10-23,
,,,招满即停,https://mp.weixin.qq.com/s/o5PDkRm-t809_SSHHmvIlw,26届秋招,,快消零售,含免笔试,https://mp.weixin.qq.com/s/o5PDkRm-t809_SSHHmvIlw,,上海箴德文化科技有限公司,上海 | 南昌,,产品企划助理 包装设计师助理 采购助理 电商运营助理 电商设计师助理 短视频编导 短视频剪辑 短视频拍摄 电商主播,2025-10-23,
,,,招满即停,https://mp.weixin.qq.com/s/EirZvarFphxfyvwuIK7hNA,26届秋招,飞南资源有五险一金，节假日福利，面向专业广,国央企,含免笔试,https://feinanresources.hcmcloud.cn/recruit#/common_model_category_list_anonymous?model=_HB4_UmVjcnVpdEFjdGl2aXR5Sm9icw3D3D&filter_dict=_HB4_eyJhY3Rpdml0eV9pZCI6MzMzOSwiam9iLmNvbnRyYWN0X3VuaXQiOm51bGx9&page_index=_HB4_MQ3D3D&page_size=_HB4_MTAw&meta_state=_HB4_cG9ydGFsX2FjdGl2aXR5X2pvYg3D3D&advance_filter_dict=_HB4_e303D&company_id=_HB4_MjQ1NQ3D3D,,飞南资源,上饶 | 佛山 | 肇庆 | 来宾 | 赣州 | 海外,,研发技术类 生产管理类 机械设备类 采购管理类 财务管理类 人力行政类（冶金工程类，金属材料，矿物加工类，环境工程类，安全工程，电气自动化类，仪表自动化类，机械类，材料类，电气类，冶金类，贸易类，管理类，会计学，财务管理，经济学，统计学，人力资源管理，行政管理，汉语言文学）,2025-10-13,
,,,招满即停,https://mp.weixin.qq.com/s/lKfx14YomrX9F5FE-tmLJg,26届秋招,,快消零售,含免笔试,https://weilongshipin.zhiye.com/campus/jobs,,卫龙,上海 | 全国各地,,销售类 市场品牌类 电商运营类 研发类 生产类 采购类 人力资源类 数字化类 财务类 法务&投资类,2025-10-10,
,,,8.28,https://mp.weixin.qq.com/s/aRZBngnGliGV0q_YbHnmOw?wxwork_userid=YangZhiHong&scene=1&click_id=6#wechat_redirect,26届提前批,顺丰科技是顺丰旗下的子公司，免笔试，而且提前批不影响正式批，结束的早，就十天时间，早点投,其他,含免笔试,,,顺丰科技,深圳 | 武汉 | 全国各地,,"算法与大数据类
 | 
 | 大模型算法工程师、运筹优化算法工程师、
 | 机器学习工程师、大数据挖掘与分析工程师 ……
 | 
 | 技术研发类
 | 
 | 后端开发工程师、前端开发工程师、移动端开发
 | 工程师、测试开发工程师、运维开发工程师 ...…",2025-08-18,
,,,招满即止,https://mp.weixin.qq.com/s/P8Yu6smkErXuNZeNbkMaIg,26届秋招,,外企,含免笔试,https://app.mokahr.com/campus_apply/illuminera/24384#/jobs?zhineng=116275,,意略明,上海,,咨询分析师,2025-09-23,
,,,招满即停,https://mp.weixin.qq.com/s/9iybhUTTcfIq8P9qlSLIww,26届秋招,,建筑,含免笔试,https://mp.weixin.qq.com/s/9iybhUTTcfIq8P9qlSLIww,,索菲亚,广州,,"家居设计师（环境艺术设计、家具室内设计、产品设计、建筑室内设计等设计专业） 家居销售（专业不限,有意向从事家居行业类销售）",2025-10-27,
,,,招满即停,https://mp.weixin.qq.com/s/WGYuz0MznVq_aOJoKCWXjw,26届秋招,ACRO百普赛斯有五险一金，择优落户北京，带薪休假等员工福利,外企 | 生物医药,含免笔试,https://acrobiosystems.zhiye.com/Campus,,ACRO百普赛斯,北京 | 苏州,,"产品开发实习生（类器官）, 研发实习生，流式研发工程师，应用开发工程师，分子研发工程师，培养基开发工程师，HR 实习生 - 南方团队，博士管理培训生，企业发展实习生（生物医药 / 生命科学行业）,Corporate Development & Strategy（生物医药 / 生命科学行业）, 助理制剂工程师，产品经理",2025-10-13,
,,,招满即停,https://mp.weixin.qq.com/s/FRlSGT7ak9k7jkttWz6VlQ,26届秋招,,科技,含免笔试,https://novastar.zhiye.com/campus,,诺瓦星云国际人才校招专题,深圳 | 西安,,海外技术支持工程师 海外销售工程师 国际管培生,2025-10-09,
,,,招满即停,https://mp.weixin.qq.com/s/H4lz3OR7brh3i2hhKqLyLw,26届秋招,9377游戏部分岗位是免笔试的,游戏,含免笔试,https://9377.zhiye.com/campus?sessionid=,,9377游戏,广州,,游戏策划类、美术设计类、市场推广类、游戏运营类、技术开发类,2025-10-01,
,,,招满即停,https://mp.weixin.qq.com/s/GhxLg50nIE2fscFmWxAztQ,26届秋招,横店进出口是横店集团的子公司，很适合英语好的同学，而且鲨鲨发现他需要挺多小语种外语专业，有六险一金和住房补贴,其他,含免笔试,https://hengdian-ie.com,,横店进出口,杭州,,"国际/国内销售
 | 化学/化工/药学/生物/环境/植保等大化类、机械/机电/自动化/电子/材料类、英/日/韩/法/徳/西/葡语、国贸/经济/金融类等。
 | 本科/硕士学历。
 | 承压能力强、性格外向、适应国内外出差、自驱力强，有较强的成就动机，良好的英语口语表达能力。",2025-09-16,
,,,招满即停,➡️校招公告,26届秋招,,互联网,含免笔试,➡️投递渠道,,从平技术,北京 | 深圳,,研发类 硬件开发工程师;安卓系统开发工程师 Linux系统开发工程师;软/硬件测试工程师 嵌入式开发工程师;产品经理;项目经理 市场类 客户经理;方案经理 海外客户经理;海外方案经理 品牌营销管培生 职能类 人力资源管培生,2025-09-10,
,,,招满即停,https://mp.weixin.qq.com/s/gDmZDUPyRuE19UDGdaKTfg,26届秋招,梦尔达科技有五险一金，补充保险，福利年假,快消零售,含免笔试,https://mengerda.zhiye.com/campus/jobs,,梦尔达科技,杭州 | 郑州 | 广州,,营销管培生(抖音/红书方向) 电商管培生(天猫/京东/拼多多) 职能管培生(人力BP),2025-10-31,
,,,招满即停,https://mp.weixin.qq.com/s/o5PDkRm-t809_SSHHmvIlw,26届秋招,,快消零售,含免笔试,https://mp.weixin.qq.com/s/o5PDkRm-t809_SSHHmvIlw,,上海箴德文化科技有限公司,上海 | 南昌,,产品企划助理 包装设计师助理 采购助理 电商运营助理 电商设计师助理 短视频编导 短视频剪辑 短视频拍摄 电商主播,2025-10-23,
,,,11.15,https://mp.weixin.qq.com/s/iIKTy4rer51Mi5Hr0VQKLw,26届秋招,,其他,含免笔试,https://cnpubg.iguopin.com/,,中国出版集团有限公司,北京 | 上海 | 西安,,文学类理学类艺术学类历史学类新闻传播学工学类心理学类法学类经济学类管理学类哲学类医学类,2025-10-08,
,,,招满即停,https://mp.weixin.qq.com/s/DsjRPaiLtfsngr09cRxlSg,26届秋招,,国央企 | 金融,含免笔试,👈文中扫码投递,,东吴证券,苏州,,分支机构管培生意向实习生,2025-09-17,
,,,招满即停,https://mp.weixin.qq.com/s/gL7EW3NIDc6O7Z60RqwPbg,26届秋招,延锋座椅的工作地点很广，只有线上测评，是免笔试的,制造业,含免笔试,https://app.mokahr.com/campus-recruitment/yanfeng/45086#/,,延锋座椅,上海 | 宁波 | 广州 | 北京 | 天津 | 南通 | 全国各地,,"质量类
 | 设备类
 | 工艺类
 | 采购类
 | 成本分析类
 | 物流类
 | IT类
 | 软件类
 | 营销类
 | HR类
 | 财务类",2025-09-11,
,,,招满即停,https://mp.weixin.qq.com/s/3f1y0YSdHqM3QR4_TwS_JA,26届秋招,中建七局六公司有五险二金，带薪休假，各种补贴，人才政策，晋升通道,国央企,含免笔试,https://recruit.cscec.com/recruit#/portal_job_list?job_class=campus&company_id=1873&contract_unit=32046479,,中建七局六公司,全国各地,,工程管理岗 技术质量岗 商务合约岗 安全监督岗 物资管理岗 项目测量岗 人事管理岗 财务管理岗 行政管理岗 党群管理岗 法务管理岗,2025-10-23,
,,,招满即停,https://mp.weixin.qq.com/s/EQxdaj_mlXC1VaWtvH8H8Q,春招,星火教育五险一金、有竞争力的酬薪,教育,含免笔试,https://xhgz-hrm.xiao100.com/pages/home/index,,星火教育,广州,,精品课堂管培生、精品课堂授课老师、个性化授课老师,2026-01-17,
,,,,,,,,,,,最新的免笔试在总表筛选👉（教程）,,,,,
,,,招满即停,https://mp.weixin.qq.com/s/9-oRINdCQHQMZgECWkyCnw?scene=1&click_id=125,26届秋招,恒林家居沙发事业部有管培生培养计划，多种岗位，人才培养,制造业,含免笔试,https://mp.weixin.qq.com/s/9-oRINdCQHQMZgECWkyCnw?scene=1&click_id=125,,恒林家居沙发事业部,湖州,,外贸管培生、研发管培生、采购管培生、计划管培生、品质管培生、工艺管培生、生产管培生、财务管培生,2025-10-14,
,,,招满即停,http://mp.weixin.qq.com/s?__biz=MzA3ODE4ODA4Mg==&mid=2651580539&idx=1&sn=e0ca946dbb72a378ea19b1ccc2450bd5&chksm=84b9d326b3ce5a3040bf74232d809b4bc1d73feaa352509a670bfdd871c6c62fcda6067afa01#rd,26届秋招,,其他,含免笔试,http://mp.weixin.qq.com/s?__biz=MzA3ODE4ODA4Mg==&mid=2651580539&idx=1&sn=e0ca946dbb72a378ea19b1ccc2450bd5&chksm=84b9d326b3ce5a3040bf74232d809b4bc1d73feaa352509a670bfdd871c6c62fcda6067afa01#rd,,百泰集团,深圳,,营销类:渠道业务、展厅管理、电商运营 设计类:产品设计、平面设计师 职能类:财务、行政、IT、文案策划 制造类:PIE、质量、检测、设备自动化,2025-10-12,
,,,招满即停,https://mp.weixin.qq.com/s/Oi3BKysd63oKkJUCK8CBdQ,26届秋招,,外企,含免笔试,https://app.mokahr.com/su/tkomns,,达美乐中国,上海 | 杭州 | 全国各地,,见习助理 助理经理  餐厅副理  餐厅经理,2025-09-17,
,,,招满即停,https://mp.weixin.qq.com/s/eerbyMhm88Ugw5Eb7bnquw,26届秋招,兆易创新也是半导体大厂，的提前批是免笔试，这次是正式批有笔试，,半导体,含免笔试,👈文中扫码投递,,兆易创新,北京 | 上海 | 深圳 | 西安 | 成都 | 合肥 | 苏州 | 珠海,,"模加设计工趕师
 | 逻母计/正工強师
 | 产品工程师（CP方可
 | 版图设计工程师
 | 软伴开发工趕师
 | 市场专员
 | 电路设计工程师
 | 产品整吕工程师
 | 产品工碳 L 方向
 | 产品测试工程师
 | 技市支持工趕师
 | 客户服务专员",2025-09-09,
,,,招满即停,https://mp.weixin.qq.com/s/S3v5kWJp_BRzBe30P7P5Rg,26届秋招,立达信集团的非技术岗都是免笔试的，只有技术岗需要笔试,制造业,含免笔试,https://leedarson.zhiye.com/Campus,,立达信集团,厦门 | 漳州 | 深圳,,"研发序列
 | 助理结构工程师
 | 助理电子工程师
 | 助理嵌入式工程师
 | 助理软件开发工程师
 | 助理天线工程师助理射频工程师助理散热工程师
 | 助理光学工程师
 | 材料工程师
 | 技术序列
 | 助理实施工程师助理软件测试工程师
 | 助理工业设计师助理包装设计工程师
 | 营销序列\
 | 客户项目专员（海外销售）
 | 产品专员
 | 市场推广专员网站运营专员
 | 渠道运营专员
 | 刁 职能及其他
 | 职能序列：助理采购管理师、助理物控管理师、助理会计管理师、助理计划管理师、助理运营管理师制造序列：制造储备干部
 | 品质序列：助理QPL工程师项目管理序列：项目专员",2025-09-07,
,,,招满即停,https://mp.weixin.qq.com/s/WxcTuaAWE35MWJX4syYIug,26届秋招,携程对女性比较友好,互联网,含免笔试,,,携程集团/旅行官星辰计划,全国各地 | 上海,,旅游业务培训生,2025-08-24,
,,,招满即止,https://mp.weixin.qq.com/s/5mZAoKjG4HE_qT6JQPgb3g,26届秋招,,外企,含免笔试,https://mp.weixin.qq.com/s/5mZAoKjG4HE_qT6JQPgb3g,,林德工程,上海 | 杭州,,低温与制冷工程、化工机械、建筑工程、化工安全工程、化学工程与工艺、过程装备与控制工程、土木工程、能源与动力工程等专业,2025-09-24,
,,,招满即停,https://mp.weixin.qq.com/s/59zFe94lioqN9Tq_MFMUvA,26届秋招,中兴通讯的国内营销，都是非技术岗,互联网,含免笔试,👈文中扫码投递,,中兴通讯国内营销,深圳,,"MKT-技术
 | 负责国内营销MKT技术支持工作：
 | ﻿谋划策略：了解并制定相关市场、产品策略、产品测评分析及制定；
 | ﻿方案规划：技术方案、产品方案制定；
 | ﻿宣讲交流：演示公司的产品技术方案，与客户的技术交流、宣讲交流；
 | ﻿技术对接：负责技术线条客户关系维护。
 | 工作地：国内各直辖市及全国各重点省会城市
 | 网络技术工程师
 | 负责国内营销各产品工程服务及网络支持工作：
 | ﻿解决方案：针对产品售后提供合理解决方案；
 | ﻿故障处理：负责相应产品故障及问题处理；
 | ﻿网络优化：负责相关产品的网络性能优化及提升；
 | ﻿培训指导：负责针对客户进行相关的产品及技能维护培训。
 | 工作地：国内各直辖市及全国各重点省会城市",2025-09-16,
,,,招满即停,https://mp.weixin.qq.com/s/veMaz33RwtxCZ7X8y4FvOQ,26届秋招,,互联网,含免笔试,➡️投递渠道,,ZHR则则,泉州,,电商管培生（运营方向/综合方向/产品方向）,2025-09-10,
,,,招满即停,➡️校招公告,26届秋招,,制造业,含免笔试,➡️投递渠道,,苏商集团,全国各地,,市场岗 运营岗 工程岗 物资岗 财务岗 综合岗,2025-09-10,
,,,招满即停,https://mp.weixin.qq.com/s/Lypiw9onNzdyMbWfoItJeQ,26届秋招,蒙牛只有一个商业能力测评，没有专业笔试，也算免笔试的,快消零售,含免笔试,https://mengniu.zhiye.com/custom/xiaoyuan,,蒙牛,北京 | 上海 | 呼和浩特 | 广州 | 天津 | 全国各地,,"研发类
 | 战略类
 | 市场类
 | 销售类
 | 
 | 
 | 财务类
 | 供应链类
 | 安全质量类
 | 职能类",2025-09-09,
,,,招满即停,https://mp.weixin.qq.com/s/7iBeOdZkilEMxGJB-45yOg,26届秋招,山大地纬的部分技术岗有笔试，其他免笔试,互联网,含免笔试,https://dwoa.dareway.com.cn:29005/sail/campusrecruitment.jsp,,山大地纬,济南 | 深圳 | 杭州 | 长沙 | 呼和浩特 | 重庆 | 乌鲁木齐 | 全国各地,,"Java开发工程师
 | AI算法工程师
 | 运维工程师
 | 销售经理",2025-09-02,
,,,11.12,https://mp.weixin.qq.com/s/X4By37zQPijVIEkadzcFOA,26届秋招,,外企,含免笔试,https://app.mokahr.com/campus-recruitment/bostonscientific2025/144081?sourceToken=12b333fecc9c8688e32cb3f222f5aab9#/jobs,,波士顿科学,北京 | 呼和浩特 | 南京 | 杭州 | 全国各地,,临床技术支持 销售培训生 财务类实习生,2025-09-29,
,,,招满即止,https://mp.weixin.qq.com/s/xfGUkJM5fMofnoBATPWpMQ,26届秋招,,外企,含免笔试,https://funo1.zhiye.com/campus/jobs,,福诺公司,福州,,前端软件工程师 后端软件工程师 数据挖掘工程师 系统集成工程师 系统运维工程师,2025-09-29,
,,,招满即停,https://mp.weixin.qq.com/s/wPlpTX_eJaZ85mdlorcX-A,26届秋招,华银康集团有五险一金，竞争力薪资，节假日，双晋升通道，多个工作地点,生物医药,含免笔试,https://zp-hyk.huayinlab.com/h5/list?title=2,,华银康集团,全国各地,,营销管培生 销售工程师 病理医生 病理技术员 临检技术员 市场专员 职能类,2025-10-22,
,,,招满即停,https://mp.weixin.qq.com/s/yFhuTywDtgUxF-fv_BFp3A,26届秋招,申能股份有补充医疗保险、企业年金、补充公积金等,能源,含免笔试,👈文中扫码投递,,申能股份,上海 | 安徽 | 宁夏 | 海南 | 内蒙古 | 青海 | 新疆,,"设备管理
 | 生产运行
 | 市场营销
 | 勘探开发
 | 热控自动化类
 | 新能源类
 | 地质勘探类
 | 电气工程类
 | 热能动力类
 | 申能
 | SHENERGY
 | 机械工程类
 | 区
 | 市场营销类",2025-09-26,
,,,招满即止,https://mp.weixin.qq.com/s/1jT6uO10MkRb0RjzZdWFUw,26届秋招,,外企,含免笔试,https://campus.51job.com/rrd,,当纳利亚洲,北京 | 上海,,销售类 通用执行类 工程技术类,2025-09-25,
,,,招满即止,https://mp.weixin.qq.com/s/yfIN3yfAWjWXKRP7boRTkw,26届秋招,,外企,含免笔试,https://app.mokahr.com/campus_apply/esquel/36168#/jobs,,溢达集团,佛山 | 乌鲁木齐,,创新研发类（纺织、轻化、染整、高分子、材料、化学、遗传育种、农学、作物栽培、生物技术等）；智能智造类（机械类、电气类、自动化类、电子信息类、 计算机等）,2025-09-24,
,,,招满即停,https://mp.weixin.qq.com/s/5Z8KPoJFA0x4h1WxKFqhCA,26届秋招,叠纸游戏招聘多类岗位，面向海内外毕业生,游戏,含免笔试,https://career.papegames.com/campus/position/list?keywords=&category=&location=&project=7567316275510544646&type=&job_hot_flag=&current=1&limit=10&functionCategory=&tag=,,叠纸游戏,上海 | 海外,,程序技术类 物理引擎开发 系统策划|关卡策划|玩法策划 资源策划|文案编剧 品策划类 角色原画|场景原画 前期设计|UI设计 2D美术类 3D场景|3D植被场景 地编|灯光渲染|3D特效 3D美术类 3D动画|分镜师|3D Layout 故事板剪辑|动画编导 动画CG类 游戏运营|内容策划品牌公关 Junior Marketing Specialist- Game Publishing 市场运营类 游戏音频类 音乐设计|音效设计|音频TA 质量管理类 游戏测试工程师 商务管培生|人才发展 职能类 游戏招聘-日语|供应链数据分析,2025-11-04,
,,,招满即停,https://mp.weixin.qq.com/s/Jy9fRQ3EnWa9xS4-qIxk-w,26届秋招,华裕集团有五险一金，专业培训，假期，覆盖多个城市,农业,含免笔试,http://huayuzhongqin.com/rczp/index_19.aspx,,华裕集团,河北邯郸 | 河北张家口 | 重庆 | 江西宜春 | 辽宁本溪 | 新疆巴音郭楞,,孵化，生产，技术，质量，营销业务，营销运营，财务，行政，人力,2025-10-29,
,,,招满即停,https://mp.weixin.qq.com/s/4NHVmmtcGTE3dME7OqOkoQ,26届秋招,开途科技招聘四类岗位，工作地点多,制造业,含免笔试,https://mp.weixin.qq.com/s/4NHVmmtcGTE3dME7OqOkoQ,,开途科技,苏州 | 杭州 | 上海 | 南京 | 合肥,,营销类、研发类、产品类、职能类,2025-10-23,
,,,招满即停,https://mp.weixin.qq.com/s/nIaH9-6AXNj5o6J3wHEAGQ,26届秋招,,国央企 | 金融,含免笔试,http://campus.51job.com/ydph2026/job1.html,,远东宏信普惠,天津,,客户专员 信审专员 资产处置专员,2025-10-10,
,,,11.7,https://mp.weixin.qq.com/s/TwjAwdcy4hpqdT5Ffbqb8w,26届秋招,江苏凤凰新华书店有多个岗位，多个分公司，截止到11.7日,国央企,含免笔试,https://fhxhsd.zhaopin.com/jobs/index.html,,江苏凤凰新华书店,南京 | 江阴 | 徐州 | 溧阳 | 常熟 | 南通 | 淮安 | 盐城 | 扬州 | 扬中,,新媒体运营专员 研学专员 行政专员 会计 渠道拓展专员 商业运营专员 空间视觉设计专员 财务主管 信息技术专员 数字技术专员 人力资源专员 项目策划专员,2025-10-25,
,,,招满即停,https://mp.weixin.qq.com/s/d1cDqp4BKRTqQmKDJypG7Q?scene=1&click_id=24,26届秋招,旭升集团免笔试，面向全球,科技,含免笔试,https://xsjthr.zhiye.com/campus,,旭升集团,全国各地,,市场营销类 质量管理类 项目管理类 工艺技术类 研发类 职能类,2025-10-20,
,,,招满即停,https://mp.weixin.qq.com/s/RRsYVjMzbBgU1vl8h_kB9w,春招,厨芯科技有完善的社保福利体系、弹性休假,制造业,含免笔试,https://app.mokahr.com/campus-recruitment/honganrobots/150155?sessionid=#/job/651e874f-3e4f-4bcd-9ee4-0469994527b5,,厨芯科技-售后服务方向,全国各地,,见习售后工程师,2026-02-05,
,,,招满即停,http://mp.weixin.qq.com/s/FN3speyiv0GH3nr2IbJDZw,26届秋招,正略集团免笔试,咨询法律,含免笔试,https://jsj.top/f/RzJ4Ew,,正略集团,北京 | 上海 | 广州,,全职实习分析师、短期实习分析师、文案策划实习生、培训运营实习生,2025-10-28,
,,,招满即停,https://mp.weixin.qq.com/s/PtjJbBEUr3q9Qo24-wAFbw,26届秋招,,快消零售,含免笔试,https://shuanghui2026.zhaopin.com/,,双汇,全国各地,,管培生 研发类管培 销售类管培 综合类管培（食品，畜牧，养殖，饲料，生化，制药，化工，市场营销，工商管理，经济贸易，管理类，经济金融类，会计类，计算机类，检测类，法学类，机械类，电气类，安全类，环保类）,2025-10-10,
,,,招满即停,https://mp.weixin.qq.com/s/WgJRzM9nVyNm5bQ3gNjMEA,26届秋招,,外企 | 快消零售,含免笔试,👈文中扫码投递,,百威中国,上海,,"GMT全球管理培训生
 | Global Management Trainee
 | ーー
 | SET供应链生产、物流、采购管理培训生
 | Supply Chain Management Trainee
 | TMT信息技术与数据分析管理培训生
 | Technology and Analytics
 | Management Trainee
 | Red Star商务管理培训生（红星）
 | Commercial Management Trainee",2025-09-26,
,,,招满即停,➡️校招公告,26届秋招,,外企 | 快消零售,含免笔试,👈文中扫码投递,,百威中国,全国各地,,"全球管培生
 | 供应链生产、物流、采购管培生
 | 信息技术与数据分析管培生
 | 商务管培生",2025-09-14,
,,,招满即停,➡️校招公告,26届秋招,,半导体,含免笔试,➡️投递渠道,,源美科技,广州,,产品开发管培生 产品运营管培生 内容运营管培生 媒介运营管培生 达播运营管培生 海外社媒运营管培生 海外红人运营管培生 海外电商运营管培生 IT技术工程师 数据工程师 跨境供应链管培生 供应链计划/跟单,2025-09-10,
,,,招满即停,https://mp.weixin.qq.com/s/VC0RPd3JpBa_P69-8BHb6Q,26届秋招,麦米电气的部分岗位才有笔试，其他都是免笔试,制造业,含免笔试,👈文中扫码投递,,麦米电气,长沙 | 深圳 | 全国各地,,"研发类
 | 硬件研发工程师
 | 研发测试工程师
 | 结构设计工程师
 | JAVA工程师
 | 制造类
 | 生产储干（国内/海外）
 | 采购工程师
 | 变压器工程师
 | 市场类
 | 海外销售工程师
 | PLC应用工程师
 | 电力电子软件工程师
 | 制冷系统工程师
 | 仿真设计工程师
 | 电机工程师
 | 工业工程师
 | 计划工程师
 | 国内销售工程师
 | 嵌入式软件工程师
 | 焊接工艺工程师
 | 器件认证工程师
 | 电气工程师
 | 质量工程师
 | 交付工程师
 | 技术支持工程师",2025-08-28,
,,,招满即停,https://mp.weixin.qq.com/s/R5_7033h5koAyzSwNOsYlA?scene=1,26届秋招,中国证券登记结算有限责任公司招聘多类岗位，面向多个专业,金融,含免笔试,https://csdc2026.zhaopin.com/,,中国证券登记结算有限责任公司,北京 | 上海 | 深圳,,"应用系统开发岗，信息技术运维岗，登记结算业务岗（法律类）, 综合管理岗（办公保障类）, 综合管理岗（人力资源类）, 综合管理岗（会计类）, 综合管理岗（采购事务类）, 登记结算业务岗（财经类）, 综合管理岗（工程管理类）, 综合管理岗（基础设施运维类）",2025-11-03,
,,,招满即停,https://mp.weixin.qq.com/s/p0Sb-2nGYqqY67z8zSTh4g?scene=1&click_id=4,春招,怀瑾招聘岗位较多、酬薪可观,教育,含免笔试,https://mp.weixin.qq.com/s/p0Sb-2nGYqqY67z8zSTh4g?scene=1&click_id=4,,怀瑾,山东,,小初高各科教师、高中竞赛教练、管培生、品牌运营新媒体、教育咨询师、职能管理岗、校园大使,2026-01-29,
,,,招满即停,https://mp.weixin.qq.com/s/L5v0sFr3sgkWR9vJwWk2aQ,26届秋招,英格索兰部分岗位也是免笔试,外企,含免笔试,https://campus.51job.com/IR2026/about.html,,英格索兰,北京 | 杭州 | 福州 | 济南 | 兰州 | 南昌 | 苏州 | 武汉,,产品研发工程师 市场产品管理专员 销售工程师,2025-09-26,
,,,招满即止,https://mp.weixin.qq.com/s/mJ2N41yLvOEDtu91xJYaWQ,26届秋招,,外企,含免笔试,https://young.yingjiesheng.com/xyzlogin?ctmid=b757c1fc-1a45-4dbe-b119-762e6eec661d&ehirejobid=&jumpurl=httpsxyz.51job.comExternalOthersLogin51.aspxCtmIDb757c1fc-1a45-4dbe-b119-762e6eec661dprdwww.kdocs.cnprpcdxyz.51job.comcpruidbackurlauiduuidpartner,,西部数据,上海 | 苏州,,高级嵌入式系统工程师、高级产品工程师-数据分析、高级精密光学设备测试工程师-质量保证、高级产品质量保证工程师、高级可靠性验证工程师-质量保证、高级项目经理-HDD产品部件、销售代表,2025-09-25,
,,,招满即停,https://mp.weixin.qq.com/s/p6gpnbXfHx8omsV7a3lP5w?scene=1&click_id=6,26届秋招,步步高有高薪资，基本工资和绩效工资，五险一金，女性友好，多个福利,快消零售,含免笔试,https://mp.weixin.qq.com/s/p6gpnbXfHx8omsV7a3lP5w?scene=1&click_id=6,,步步高,长沙 | 株洲 | 湘潭 | 衡阳 | 邵阳 | 岳阳 | 常德 | 张家界 | 益阳 | 郴州 | 永州 | 怀化 | 娄底,,EMT/MT管培生（运营 采购 社群运营 物流管理 人事 营运 营销 招商 工程管理）,2025-10-23,
,,,招满即停,https://mp.weixin.qq.com/s/gJznUYwmSQuNt3RZYaAWlA,26届秋招,环宇电气有五险一金，绩效奖金，员工福利，免费体检,制造业,含免笔试,https://mp.weixin.qq.com/s/gJznUYwmSQuNt3RZYaAWlA,,环宇电气,温州 | 全国各地,,市场营销、技术研发、生产运营,2025-10-23,
,,,招满即停,https://mp.weixin.qq.com/s/kByihatECqh7TxNHOuP0MA,26届秋招,罗德传播集团面向语言、新闻传播、广告类专业,外企,含免笔试,https://mp.weixin.qq.com/s/kByihatECqh7TxNHOuP0MA,,罗德传播集团,北京 | 上海 | 广州,,AAE（传播方向） PR Intern（公关实习生） Designer（助理设计师）（）,2025-10-20,
,,,招满即停,https://mp.weixin.qq.com/s/sMP_bHOl925TQs8J9fT2nA,26届秋招,,教育,含免笔试,https://igetcool.zhiye.com/campus/jobs,,少年得到,天津 | 北京,,社群营销、辅导老师,2025-10-01,
,,,12.31,https://mp.weixin.qq.com/s/FrM0ml2Jl_J8yNBiosH54g,26届秋招,RoboSense开放70+岗位，只有部分岗位需要笔试，其他都是免笔试,制造业,含免笔试,https://app.mokahr.com/campus-recruitment/robosense/69887#/,,RoboSense,深圳 | 上海 | 天津 | 苏州 | 宁波,,"产品经理
 | 项目经理
 | 感知算法工程师
 | 硬件数字工程师
 | 产品规划工程师
 | 数据算法工程师
 | 硬件模拟工程师
 | 标准化工程师
 | 机器人算法工程师
 | 模拟IC设计工程师
 | 功能安全工程师
 | 多模态大模型开发工程师
 | IC验证工程师
 | SLAM标定算法工程师
 | 系统架构工程师
 | 芯片系统工程师
 | 3D GS三维重建算法工程师
 | 信号及点云算法工程师
 | 电机开发工程师
 | 软件开发工程师
 | FPGA工程师
 | 电磁设计工程师
 | 系统集成测试工程师
 | 光学工程师
 | 力学仿真工程师
 | 软件测试工程师
 | 光学系统工程师
 | 机械结构工程师
 | 可靠性测试工程师
 | 光学设计工程师
 | 知识产权工程师
 | 自动化机械工程师
 | 生产软件开发工程师
 | 标定工艺工程师
 | NPI工程师
 | 自动化机械工程师
 | 测试工艺工程师
 | IE工程师
 | 制造工艺工程师
 | 
 | 管培生
 | 高级品牌公关专员
 | 高级客户经理
 | 高级商务专员
 | 高级文案创意专员
 | 产品应用工程师
 | 高级活动运营专员
 | 业务拓展工程师（英/德/日/韩语方向）
 | PMC工程师
 | MRO采购工程师
 | 项目采购工程师
 | 需求计划工程师
 | 采购履行工程师
 | 项目物流工程师
 | HRBP
 | 高级法务专员
 | 信息安全工程师
 | 高级COE专员
 | PQE工程师
 | 需求分析工程师
 | 高级招聘专员
 | SQE工程师
 | 高级政企项目专员
 | 高级投资者关系专员
 | 体系工程师
 | 高级政企事务专员
 | 财务BP
 | 项目质量工程师
 | 高级行政专员
 | 高级内审专员
 | 应用软件工程师
 | 工程专员
 | 高级税务专员
",2025-09-02,
,,,11.12,https://mp.weixin.qq.com/s/IpDnlVoB3-3GIDtmF7Xv0A,26届秋招,中国中煤有五险一金，多种补贴，补充医疗意外险，落户政策，多种福利,国央企 | 能源,含免笔试,https://zhaopin.chinacoal.com/,,中国中煤,全国各地,,煤炭 电力 煤化工 新能源 装备设计制造 矿建设计施工 经营管理 专业技术 技能操作（相关专业：煤炭矿业类 化工技术类 能源动力类 新能源类 机械机电类 电力电气类 电子信息类 环境科学与工程类 自动化类 土木类 材料类 安全科学与工程类 计算机类 工商管理类 经济学类 文学类 财会类 公共管理类 法学类 统计学类 管理科学与工程类 新闻传播类 电子商务类 物流管理类）,2025-10-25,
,,,招满即停,https://mp.weixin.qq.com/s/p6gpnbXfHx8omsV7a3lP5w?scene=1&click_id=6,26届秋招,步步高有高薪资，基本工资和绩效工资，五险一金，女性友好，多个福利,快消零售,含免笔试,https://mp.weixin.qq.com/s/p6gpnbXfHx8omsV7a3lP5w?scene=1&click_id=6,,步步高,长沙 | 株洲 | 湘潭 | 衡阳 | 邵阳 | 岳阳 | 常德 | 张家界 | 益阳 | 郴州 | 永州 | 怀化 | 娄底,,EMT/MT管培生（运营 采购 社群运营 物流管理 人事 营运 营销 招商 工程管理）,2025-10-23,
,,,招满即停,https://mp.weixin.qq.com/s/v-yJnB0ey26HkRGO7grTYA,26届秋招,东方有线网络有限公司有五险二金，企业年金，商业医疗险,国央企,含免笔试,https://campus.51job.com/dfyx/2026/join.html,,东方有线网络有限公司,上海,,北区分公司政企销售 南区分公司公客业务销售 南区分公司无线通信 市场部产品运营 网络运行中心云网工程师 信息与数字化中心-资源系统支撑 信息与数字化中心-服务保障支撑 信息与数字化中心-信息设施支撑 信息与数字化中心-业务系统支撑 信息与数字化中心-数据管理及应用 政企业务中心售前技术支持 政企业务中心政企销售 营帐中心电子支付管理专员,2025-10-22,
,,,招满即停,https://mp.weixin.qq.com/s/aKy2qjIl2mQUiVbnxSOq7w,26届秋招,新华三的工作地点覆盖30+城市，技术岗有笔试，非技术岗免笔试,互联网,含免笔试,https://career.h3c.com/,,新华三,杭州 | 北京 | 全国各地,," 技术类
 | 软件开发工程师（C/C++/JAVA）| 软件测试工程师
 | 硬件工程师| AI大模型研发工程师|大模型与AI算法工程师
 | 大模型数据策略工程师 | 热设计工程师| 结构工程师
 | FPGA逻辑开发工程师 等
 | 。营销类。
 | 售前技术工程师 |产品经理|电商运营
 | 区域拓展经理 | AI业务经理 | AI解决方案工程师 等
 | 技术服务类 ©
 | 技术支持工程师 |服务产品工程师| 安全服务工程师
 | 服务渠道支持工程师 等
 | 供应链管理类。
 | 质量工艺工程师|计划交付工程师|物流工程师|采购工程师 等
 | -。专业类。
 | 财务专员|品牌运营专员 | 事件营销专员
 | 平面设计师|体验营销专员 等",2025-09-27,
,,,招满即停,https://mp.weixin.qq.com/s/zBJJbvY4p3YsaL5S1yVvzQ,26届秋招,有数科技官网也没提到笔试,互联网,含免笔试,👈文中扫码投递,,有数科技,杭州,,"管培生计划
 | 技术方向、业务方向数据方向、职能方向
 | 业务类
 | 产品、商务市场等
 | 技术类
 | Java开发、前端开发
 | AI大模型等
 | 数据类
 | 数据分析、数据采集数据运营等",2025-09-16,
,,,招满即停,https://mp.weixin.qq.com/s/Vy17vWZSwiGyRbRV-zT2DA,26届秋招,矽典微招聘2026届海内外优秀硕士、博士毕业生，免笔试,半导体,含免笔试,https://www.iclegend.com/zh-hans/jobs/,,矽典微,南京 | 上海 | 苏州,,模拟集成电路设计工程师、射频集成电路设计工程师、数字前端设计工程师、数字验证工程师、雷达算法工程师、射频天线工程师、应用硬件工程师、嵌入式软件工程师,2025-11-01,
,,,招满即停,https://mp.weixin.qq.com/s/oJL9i3m4cUf1i1PWJ4F3HA,春招,红茶移动有六险一金，餐补和房补等,科技,含免笔试,https://talentsphere.redteamobile.com/submit-resume,,红茶移动,深圳,,Java工程师、嵌入式工程师、前端工程师、测试工程师、FAE工程师、文档工程师;运营、财务、人力资源、采购、商务销售、市场、设计,2026-01-17,
,,,招满即停,https://mp.weixin.qq.com/s/J_ytCmV-yCGyIh_MZHLHeQ,26届秋招,,制造业,含免笔试,https://mp.weixin.qq.com/s/J_ytCmV-yCGyIh_MZHLHeQ,,海隆赛能科技集团,上海 | 西安 | 乌鲁木齐 | 全国各地,,销售管培生（化学 化工 电化学 材料化学 化工机械 市场营销 国际贸易 电子商务 商务英语等相关专业 优先考虑） 技术服务管培生（化学 化工 电化学 材料化学 化工机械） 仓储管培生（物流管理 统计学 仓储管理 会计学等相关专业优先） 工艺工程师（化学 化工 电化学 材料化学 化工机械 机械设计制造及其自动化 机电一体化 材料科学 工业工程等相关专业） 研发工程师（化学 化工 电化学 材料化学 化工机械） 质检技术员（化工类） 设备工程师（电气工程及其自动化 机电一体化 自动化控制） 机械工程师（机械设计制造及其自 动化 机械电子工程 机械工程相关专业） 电气工程师（自动化 电气 电子信息相关专业） 软件工程师（电子信息 自动化 计算机类相关专业） 市场助理（英语 国际贸易等相关专业） 检测工程师（石油工程 储运油气 机械等理工科专业优先）,2025-10-11,
,,,招满即停,https://mp.weixin.qq.com/s/fHatfT53cDucfsIy-orMNw,26届秋招,北京环球度假区只有一个测评,快消零售,含免笔试,👈文中扫码投递,,北京环球度假区,北京,,"-培训生方向-
 | 运营类
 | 技术服务类
 | •建筑（土木工程）
 | ﻿空调暖通
 | ﻿应急管理
 | ﻿交通运营
 | ﻿宾客服务
 | ﻿景点运营",2025-09-26,
,,,招满即停,➡️校招公告,26届秋招,中联基金仅接受邮箱投递，免笔试，共三场面试，春节左右发offer,国央企,含免笔试,👈文中邮箱投递,,中联基金,北京 | 上海 | 深圳 | 苏州,,不动产金融岗 REITs研究岗,2025-09-14,
,,,招满即止,https://mp.weixin.qq.com/s/EMHw83IozNjgVtEdfI1I5A,26届秋招,,外企,含免笔试,https://mp.weixin.qq.com/s/EMHw83IozNjgVtEdfI1I5A,,TTC,北京 | 大连 | 上海 | 苏州 | 济南 | 青岛 | 全国各地,,猎头业务 猎头业务实习生 产品研发实习生 AI Agent 前端 后端 产品 运营 职能管培生 人力资源 财务 法务 行政 数据分析 市场推广 新媒体运营 活动运营,2025-09-28,
,,,招满即停,https://mp.weixin.qq.com/s/1Vjd4VewMRAo98SBrsn43w,26届秋招,佳农水果有五险一金，绩效奖金，年度奖金，弹性工作，法定节假日,快消零售,含免笔试,https://mp.weixin.qq.com/s/1Vjd4VewMRAo98SBrsn43w,,佳农水果,上海 | 海外,,佳农水果事业部管培生（产品、销售、品牌营销、农业种植方向）,2025-10-18,
,,,招满即停,https://mp.weixin.qq.com/s/5pVfgXUDjVV81Pe5OxX3yg,26届秋招,朝云集团有五险一金，带薪年假，员工活动,快消零售,含免笔试,https://app.mokahr.com/campus-recruitment/cheerwin/147205?locale=zh-CN#/,,朝云集团,广州 | 吉安,,品牌管理类、产品研发类、生产制造类、质量管理类、财务类,2025-10-18,
,,,10.31,https://mp.weixin.qq.com/s/za4eMIGvGtTUlX6fPLvGRw,26届秋招,,外企,含免笔试,https://app.mokahr.com/campus-recruitment/infinitushr/140723#/,,无限极（中国）有限公司,广州 | 全国各地,,大业务极优生 科研极优生,2025-09-25,
,,,招满即停,https://www.xiaohongshu.com/explore/69845b15000000000a028286?note_flow_source=wechat&xsec_token=CBjJjM1_NH2HV1-NYnph3oy8zpMRLOvINZBSbjhgmURik=,春招,品牌星球部分实习可转正,快消零售,含免笔试,https://www.xiaohongshu.com/explore/69845b15000000000a028286?note_flow_source=wechat&xsec_token=CBjJjM1_NH2HV1-NYnph3oy8zpMRLOvINZBSbjhgmURik=,,最新的免笔试在总表筛选👉（教程）,上海 | 广州,,接受应届毕业生岗：品牌合作与策划专员；实习生：品牌报道编辑实习生 品牌研究分析实习生,2026-02-05,
,,,招满即停,https://mp.weixin.qq.com/s/P--sgcHONYN80LtqnIxRGA,26届秋招,玫德集团有五险一金，员工关怀，激励计划，人才补贴，海内外,其他,含免笔试,https://app.mokahr.com/campus-recruitment/meidegroup/142830?locale=zh-CN#/,,玫德集团,济南 | 青岛 | 深圳 | 全国各地 | 海外,,研发类 IT类 生产管理类 职能类 大客户销售 海外业务经理（机械类、材料类、自动化类、 环境工程类、建筑类、土木类、能源 动力类、仪器类、电气类等相关专业 计算机类、电子信息类、 管理科学与工程类等相关专业 机械类、材料类、自动化类等相关专业 工商管理类、公共管理类等相关专业 工商管理类、经济与贸易类、 电子商务类、机械类、材料类、 土木类等相关专业 工商管理类、经济与贸易类、 电子商务类、机械类、材料类、 土木类、外国语言文学类等相关专业）,2025-10-16,
,,,招满即停,https://mp.weixin.qq.com/s/KialVmVeNbpC1fK_Odf8Bg,26届秋招,华恒生物有五险一金，节假日福利和各种福利，ai面试免笔试,生物医药,含免笔试,https://webapp.zhaopin.com/2025/hd/ahhhsw0923ZL68537/jobs/index.html,,华恒生物,合肥 | 秦皇岛,,客户经理（生物、化工、动物营养、食品、市场营 销、国际贸易、语言类等相关专业(要求 英语可以作为工作语言)） 知识产权工程师（合成生物学、微生物学、酶工程、发酵工 程等生物学相关专业） 生产工艺工程师（生物、化工、食品、机械、电气自动化等 相关专业） 设备工程师（生物、化工、机械、电气自动化、锅炉热 力等相关专业） 质量工程师（生物、化工、食品、药学等相关专业） 植物营养工程师（作物栽培、植物保护、资环、育种等相关专业） 研发工程师（生物、化工、发酵工程、代谢工程等相关 专业）,2025-10-13,
,,,招满即停,https://mp.weixin.qq.com/s/qzVRYtlLvmIYsW3hqur2Uw?scene=1&click_id=51,26届秋招,,外企,含免笔试,https://wecruit.hotjob.cn/SU6520c8568ac1ca0dbbbf9db4/mc/position/overseas,,德勤,大连 | 广州 | 重庆,,审计与鉴证（会计、审计、财务、金融、经济等）； 税务与商务咨询（管理类 经济类 语言类 计算机类）； 咨询（计算机类 数学类 管理类 经济类 语言类）,2025-10-13,
,,,招满即停,https://mp.weixin.qq.com/s/tAfcSnb4kCJ5fAKXkflU8A,26届秋招,长沙城市发展集团有限公司也给六险二金，双休+带薪年假,国央企 | 建筑,含免笔试,https://wecruit.hotjob.cn/SU6502ebb11c240e3617e4890d/pb/school.html,,长沙城市发展集团有限公司,长沙,,综合文字类管培生、人力资源类管培生、财务管理类管培生、成本管理类管培生、法务风控类管培生、资产管理类管培生、城市设计类管培生、国际贸易类管培生、文旅类管培生、桥隧工程类管培生,2025-10-01,
,,,招满即停,https://mp.weixin.qq.com/s/EaPqX2n-aX-Fp-V-7cpSow,26届秋招,百诺医药提供免费公寓,生物医药,含免笔试,https://tjutcm.bysjy.com.cn/detail/online?id=3259341,,百诺医药,济南,,研发类 营销类  生产类  职能类,2025-09-17,
,,,招满即止,https://mp.weixin.qq.com/s/BZ6b3sse67jhhopwyNk0qg,26届秋招,,外企,含免笔试,https://ocnjqux6l650.feishu.cn/share/base/form/shrcnnifXPgQrsTT5zws0uRZMLg,,新大洲本田,苏州 | 上海,,技术类、管培生&职能类、市场&营销类,2025-09-23,
,,,招满即止,https://mp.weixin.qq.com/s/dEZEhlsKbvOav_JQA8Breg?wxwork_userid=YangZhiHong&from=singlemessage&scene=1&subscene=10000&sessionid=1762402120&clicktime=1762404350&enterid=1762404350&ascene=1&fasttmpl_type=0&fasttmpl_fullversion=7983990-zh_CN-zip&fasttmpl_flag=0&realreporttime=1762404350525#wechat_redirect,26届秋招,,互联网,含免笔试,https://jobs.kunlun.com/459522 |  ,,昆仑万维,北京 | 深圳 | 广州 | 重庆 | 长沙 | 海外,,"强化学习、大模型框架、 AI infra 、多模态、语音算法、视频算法、推荐算法、流媒体算法、 NLP 、 CV 、 TTS .. 
 | 技术 GO 开发、客户端、 H 5 
 | 运营区域运营、产品运营
 | 产品产品经理 
 | 市场优化、剪辑 
 | 内容编剧、编辑 
",2025-11-04,
,,,11.30,https://mp.weixin.qq.com/s/a6EB5Vmpf9oTXk-zgVTbDg,26届秋招,ALL GAMERS有五险一金，带薪年假，年度调薪，丰富活动,游戏,含免笔试,https://app135149.dingtalkoxm.com/campus-recruitment/ww9fcc9d2980b4ad35/100004439?locale=zh-CN#/,,ALL GAMERS,成都 | 上海,,技术 视频剪辑 商务运营 粉丝运营 直播运营 美术设计,2025-10-27,
,,,招满即停,http://mp.weixin.qq.com/s?__biz=MzI5OTg4MjY2MA==&mid=2247486080&idx=1&sn=c3988782ea97bba9778c104a638fd07a&chksm=ec8e8b4bdbf9025d6e9036c63e6f7ffa92bc342c25a3cfe4af850164ed4efd1c51611cb687fd#rd,26届秋招,天士力医药集团有竞争力薪酬，好的办公环境，人才公寓,生物医药,含免笔试,https://taslypharma.zhaopin.com/,,天士力医药集团,天津 | 本溪,,研发类 生产技术类 市场营销类 职能支持类,2025-10-26,
,,,招满即停,https://mp.weixin.qq.com/s/m4H3YQhkFi-kAfE8s7BgbA,26届秋招,极石汽车有职业双通道发展，丰富企业活动，海外轮岗机会,汽车新能源,含免笔试,https://app.mokahr.com/campus-recruitment/roxmotor/147922#/job/abcb19ae-037b-4ffb-9312-46576223a06c,,极石汽车,上海,,海外营销管培生(俄/阿/法/西语),2025-10-29,
,,,招满即停,https://mp.weixin.qq.com/s/edgtwnrweg9T_X3Yp4wC3g,26届秋招,扬腾创新有六险一金，人才培养，薪酬奖励，福利保障,其他,含免笔试,https://yangtenggroup.zhiye.com/campus,,扬腾创新,福州 | 杭州 | 北京 | 深圳 | 香港 | 海外,,跨境电商运营类、供应链管理类、IT技术类、用户体验类、职能管理类,2025-10-18,
,,,招满即停,http://mp.weixin.qq.com/s/ayVz61g9kVqIkHjH9NXL5w,26届秋招,中核弘源薪资好，企业年金，五险一金，福利待遇好,国央企,含免笔试,https://xxpt.zhhy.cn/mobilemode/mobile/view.html?appHomepageId=21&mTokenFrom=anonymous&mToken=27D785485F8E6D248954B6B6AACC963C&unloadjem=1,,中核弘源,嘉峪关,,职能管理类（行政管理类、语言类、工商管理类、财务类、安全管理类、法学类、政治与行政学类） 技术类（计算机类、机械类、化学化工类、能源动力类、自动化类、材料类、电气类、核工程类、平面设计类） 专业技能类（车辆工程类、铁路运输类、烹饪类、餐饮管理类、机械类、化学化工类、能源动力类、自动化类、材料类、电气类、消防类）,2025-10-13,
,,,招满即停,https://mp.weixin.qq.com/s/ybIA0avYaPa5LIPBAU9Wrw,26届秋招,,国央企,含免笔试,https://hrcloud.grinm.com/recruit#/portal_job_list?job_class=campus,,国标检验,北京 | 西安,,检测分析工程师，综合评价工程师，计量校准工程师，产品研发工程师，财务专员，人事专员，行政专员，销售经理，客服专员，运营专员（材料科学与工程，材料物理与化学，冶金工程，高分子材料与工程，化学，应用化学，化学工程与技术，有机化学，机械设计制造及其自动化，工业设计，测控技术与仪器，控制科学与工程，仪器科学与技术，测试计量技术及仪器，管理科学与工程，人力资源管理，公共管理，工商管理，金融学，经济学，国际经济与贸易，会计学）,2025-10-10,
,,,招满即停,https://mp.weixin.qq.com/s/61XUc_TQHWMknl9Fd_NoLw,26届秋招,梅特勒托利多作为外企，待遇也不错，比较标准的外企待遇,外企,含免笔试,👈文中扫码投递,,梅特勒托利多,北京 | 上海 | 天津 | 苏州 | 常州 | 南京 | 杭州,,"机器学习工程师
 | 网络安全工程师
 | 软件工程师
 | 机械工程师
 | 硬件工程师
 | EMC工程师
 | 采购工程师
 | 制造工程师
 | 产品工程师
 | 质量工程师
 | 自动化工程师
 | 技术销售工程师
 | 岗位地点：常州/上海
 | 技术应用工程师
 | 岗位地点：上海
 | 技术服务工程师",2025-09-11,
,,,招满即止,https://mp.weixin.qq.com/s/emEWoE_XeFUYKnS2tB2T2A,26届秋招,又是一家免笔试，科大讯飞的飞凡计划跟飞星计划一样是提前批，，就算没过，也可以转到秋招正式批，相当于三次机会！,互联网,含免笔试,,,科大讯飞（飞凡计划）,合肥,PH3449Q,,2025-07-06,
,,,招满即止,https://mp.weixin.qq.com/s/QgXEv7KBv7J4sYVMk5xzIQ,26届秋招,,外企,含免笔试,https://campus.51job.com/BI/BIMI/project.html,,勃林格殷格翰,上海 | 南昌,,质量控制专员 数字化工程师 生产专员 （助理）研究员-实验室数字化方向 （助理）研究员-分子生物学酶催化方向 Production Intern,2025-09-27,
,,,招满即停,https://mp.weixin.qq.com/s/wyyUnc66uf5YBY-8cmYsXA,26届秋招,徐福记前景好，海内外岗位，晋升通道，免笔试。看似是国产品牌，但它是雀巢子公司，有很多品牌，乍一听以为是国内的，其实都是外企,外企 | 快消零售,含免笔试,https://app.mokahr.com/campus-recruitment/hfc-foods/102201?locale=zh-cn#/jobs,,徐福记,东莞,,财务管培生 供应链管培生 销售管培生 研发及应用管培生 品牌管培生 技术管培生 采购管培生,2025-10-18,
,,,招满即止,https://mp.weixin.qq.com/s/bpuL4qPvLv1SS58OyJHSeQ,26届秋招,,外企,含免笔试,https://kumhosunny2.zhiye.com/campus/jobs?LocId=id9000label,,锦湖日丽,上海,,材料研发工程师 销售工程师 材料信息学工程师,2025-09-24,
,,,招满即停,https://mp.weixin.qq.com/s/vY2IrBztUbxfQwYNcVAozA,26届秋招,四川商投集团有六险二金，多个假期，福利多，女性友好,国央企,含免笔试,https://gqrcfw.com/zthd/zthd/ypz/zthdPage?zthdId=f089d93eb6b89810b23bdd1b11909ace,,四川商投集团,成都,,集团管培生 投资管理岗 企业运营岗 财务审计岗 风控法务岗 综合管理岗（包括但不限于数字经济、应用经济学、会计、统计学、汉语言文学、法学、哲学、马克思主义理论、新闻传播学等相关专业人员）,2025-10-20,
,,,12.31,https://mp.weixin.qq.com/s/mrA59ASAa26CwMxao0UYKw,26届秋招,,外企,含免笔试,http://campus.51job.com/koch2026/,,科氏集团,深圳 | 珠海,,自动化测试工程师 产品研发光学工程师（有源器件） 产品研发光学工程师（无源器件） 热应力分析工程师 软件开发工程师(数字化) 质量管理工程师 技术管培生（信号完整）,2025-09-25,
,,,招满即停,https://mp.weixin.qq.com/s/aghi4InhdZEiIX-xMb2ghg,26届秋招,,快消零售,含免笔试,https://mp.weixin.qq.com/s/aghi4InhdZEiIX-xMb2ghg,,盐津铺子,长沙 | 浏阳 | 江西修水 | 全国各地,,生产储干、设备储干、品控储干、计划储干、品牌专员、产品专员、研发工程师、销售储干、供应链专员、网络工程师、开发工程师、系统应用工程师、财务专员,2025-10-21,
,,,招满即停,https://mp.weixin.qq.com/s/Es_bsLXld3Gqwni6zFFmuw,春招,,制造业,含免笔试,https://mp.weixin.qq.com/s/Es_bsLXld3Gqwni6zFFmuw,,新能德科技,东莞,,技术员(锂匠星),2026-02-04,
,,,招满即停,https://mp.weixin.qq.com/s/nhQRIcux0gAgIvgfdo1UGQ,春招,,咨询法律,含免笔试,https://mp.weixin.qq.com/s/nhQRIcux0gAgIvgfdo1UGQ,,泽良律,厦门 | 杭州 | 福州 | 广州 | 宁波 | 温州 | 漳州 | 龙岩 | 泉州 | 三明 | 莆日 | 宁德,,实习律师法律实习生运营品牌实习生市场专员咨询顾问案源岗市场实习生法律秘书管培生人力实习生,2026-02-04,
,,,招满即停,https://mp.weixin.qq.com/s/XDivd35Env5jeHWGIX0D9A,春招,好润集团有六险一金、带薪年假、全包食宿等,农业,含免笔试,https://mp.weixin.qq.com/s/XDivd35Env5jeHWGIX0D9A,,好润集团,江苏 | 安徽 | 浙江 | 湖北 | 湖南 | 辽宁 | 山东 | 福建 | 天津 | 广东 | 海南 | 全国各地,,管理培训生;储备店长;饲料业务经理;水产技术员,2026-02-01,
,,,招满即停,https://mp.weixin.qq.com/s/KCDwRvkxh9KSWqAFJDpDQA,26届秋招,HRnetGroup是新加坡上市的猎头公司，不限专业免笔试,其他,含免笔试,👈文中扫码投递,,外资猎头和乐集团 HRnetGroup,北京 | 上海 | 广州 | 深圳 | 苏州 | 成都 | 全国各地 | 国外,,"顾问培训生
 | 顾问实习生
 | 招聘顾问",2025-09-18,
,,,11.2,https://mp.weixin.qq.com/s/6elEFn2iTpnDBJuNRB8ZTg,26届秋招,欧莱雅百库有五险一金，商业保险，各种假期，活动团建,外企,含免笔试,https://wecruit.hotjob.cn/SU64f0445d1c240e725e64d4aa/mc/position/campus,,欧莱雅百库,广州,,电商运营方向E-commerce Trainee,2025-10-16,
,,,招满即停,https://mp.weixin.qq.com/s/Lp2Xj_ixYofndAiuFW-ZIw,26届秋招,南方报业的部分岗位是免笔试的,国央企,含免笔试,https://campus.southcn.com/#/,,南方报业,广州 | 深圳 | 广东 | 云南,,内容生产类、技术研发类、产品策划运营类、工程管理类、专业服务和管理支撑类,2025-10-02,
,,,招满即止,https://mp.weixin.qq.com/s/O4fCGasdJ8Yo3B-axw4cKA,26届秋招,,外企,含免笔试,https://campus.51job.com/skf2026/job.html,,斯凯孚（中国）,北京 | 大连 | 全国各地,,产品研发类（产品工程师、机械工程师、金属材料工程师、摩擦学工程师、测试工程师、仿真工程师、化学工程师）；智能制造类（现场工程师、质量工程师、生产计划员、热处理工艺工程师、项目工程师）；业务前线类（销售工程师、应用工程师、业务拓展岗）；中台职能类（供应商数据分析专员、供应商开发工程师（金属表面处理）、财务控制岗、斯凯孚中国供应链培训生、斯凯孚中国人力资源培训生、经销商赋能岗）,2025-09-24,
,,,招满即停,https://mp.weixin.qq.com/s/unyETnXPu7J2Z11U8Cuq1g,26届秋招,TÜV NORD集团有五险一金，补充医疗险，节假日福利，额外年假,外企,含免笔试,https://wecruit.hotjob.cn/SU676e55546202cc219c4c8cd5/mc/position/campus,,TÜV NORD集团,上海 | 全国各地,,项目工程师 – 储能系统认证 工程师 – 整车认证 工程师 – 零部件认证 工程师 – 整车排放 客户服务助理,2025-11-02,
,,,招满即停,http://mp.weixin.qq.com/s?__biz=MzU2MjA3NjMxMA==&mid=2247495716&idx=1&sn=e6492cd2afc8d47adcd095048bb1e236&chksm=fc6dbfddcb1a36cbdbe8eb18ec2db7282efd562f6dc643e4398b5c8823fcd78a9f4f71605ad5#rd,26届秋招,凡岛电商发展部有多个岗位,快消零售,含免笔试,https://job.fandow.com/schoolRecruitment,,凡岛电商发展部,广州,,电商管培生 设计管培生,2025-10-23,
,,,招满即停,https://mp.weixin.qq.com/s/PTGYijLVRMGCsG13PQCUuA,春招,亚厦集团有竞争力的酬薪、五险一金、各种补贴等,建筑,含免笔试,https://chinayasha.zhiye.com/campus/jobs,,亚厦集团,全国各地,,项目管培生市场管理类商务投标类设计类供应链管理类职能类;,2026-01-29,
,,,招满即停,https://mp.weixin.qq.com/s/s__i6DW3NBn2f7kNhXQyfQ,实习,神州希望免笔试、实习优秀可转正,互联网,含免笔试,https://mp.weixin.qq.com/s/s__i6DW3NBn2f7kNhXQyfQ,,神州希望,海口 | 三亚,,"网络安全测评师实习生,密码测评工程师实习生,安服工程师实习生,后端工程师实习生（专业需求：计算机、网络安全、密码学、软件工程）",2026-01-19,
,,,招满即停,https://mp.weixin.qq.com/s/rP0Z24Mv3osz4le78EB6BQ,26届秋招,,快消零售,含免笔试,https://mp.weixin.qq.com/s/rP0Z24Mv3osz4le78EB6BQ,,壹号食品,全国各地,,营销管培生（专业不限） 生产管培生（动物科学、动物医学、兽医学、饲料营养等相关专业） 财务管培生（财务管理、会计、审计、税务等相关专业） 行情分析管培生（金融学、经济学相关专业）,2025-10-09,
,,,招满即停,https://mp.weixin.qq.com/s/s9_36zSpC7MDo3GtRtN6MA,26届秋招,FMG大部分岗位免笔试，很适合文科商科的同学,外企,含免笔试,https://app.mokahr.com/campus-recruitment/ur/45210#/,,FMG,广州 | 上海 | 昆明 | 西安 | 成都 | 石家庄 | 北京 | 杭州 | 郑州 | 武汉 | 国外,,"01 总部培训生
 | 培养目标：集团未来中高层管理者、业务专家
 | 含 设计类
 | 口 商品买手类
 | 供应链类
 | ③ 海外类
 | 职能类
 | 电商类
 | 女装设计、男装设计、鞋包设计
 | 商品企划、零售商品、女装买手、男装买手
 | 成本管理、项目管理
 | 线上零售运营、商品分析、陈列、零售支持、渠道发展
 | 战略分析、流程管理、财务BP、税务、会计、人力资源、零售运营、渠道发展
 | 主播
 | •广州
 | 02零售培训生
 | UR
 | URBAN REVIVO
 | 凸 零售管理培训生
 | 培养目标：未来店铺合伙人、区域营运管理者
 | 零售视觉营销培训生
 | 培养目标：未来区域视觉营销专家、全国视觉营销管理者
 | 广州、上海、北京、杭州、西安等（全国调动）
 | 本来
 | BENLAI
 | 凸 零售管理培训生
 | 培养目标：未来店铺合伙人、区域营运管理者
 | ◎广州（全国调动）
 | 海外事业部
 | 凸 零售管理培训生
 | 培养目标：未来国家经理
 | • 泰国、马来西亚、英国、美国等（全球调动）",2025-09-15,
,,,招满即止,https://mp.weixin.qq.com/s/XwvqM4EASC5jwWRXQxYizw,26届秋招,,外企,含免笔试,https://job-boards.greenhouse.io/alphagrepsecurities/jobs/8170614002,,AlphaGrep,上海,,量化模型研究员 量化策略开发工程师 机器学习研究员 因子研究员,2025-09-29,
,,,招满即停,https://mp.weixin.qq.com/s/9nk15WpOKk2qfaNNhMwi3A,26届秋招,华大集团有国内外多个工作地点,生物医药,含免笔试,https://genomics.zhiye.com/campus/jobs,,华大集团,北京 | 上海 | 杭州 | 青岛 | 武汉 | 长沙 | 深圳 | 西安 | 海外,,科技族 营销族 生产族 支撑族（需求专业：AI算法大类 工程与电子信息大类 生命科学大类 医学大类 农学与生态大类 管理与人文社科大类）,2025-11-03,
,,,招满即停,https://mp.weixin.qq.com/s/RUvg2v5jk4_VcTvlIPxiWA,26届秋招,伟经集团的本科和大专均需求多个岗位,其他,含免笔试,https://m.zhaopin.com/xiaoyuan/company/detail?redirect=mxiaoyuan&comid=KA0550426729P90000003000&productId=-1&channelId=-1,,伟经集团,佛山,,会计助理 人力资源助理专员 结构设计助理工程师 模具设计助理工程师 工业设计助理工程师 外贸业务助理 跨境电商 PIE助理工程师 品管员 模具学徒 样板学徒 线切学徒 CNC学徒 班组长后备 PMC助理专员,2025-10-29,
,,,招满即停,https://mp.weixin.qq.com/s/Cel86DUadaKbiz2XCInoUQ?click_id=12,26届秋招,兴储世纪有五险一金，补充医疗，双休，各种假期，补贴,能源,含免笔试,https://mp.weixin.qq.com/s/Cel86DUadaKbiz2XCInoUQ?click_id=12,,兴储世纪,成都 | 深圳 | 自贡 | 天津 | 海外,,海外销售类、生产工艺类、质量管理类、品牌宣传类、财务类、软件工程师、工程交付管理、技术交付工程师,2025-10-25,
,,,招满即停,https://mp.weixin.qq.com/s/S76gSOTK6NajHU013H7DzQ,实习,中华商标-杂志社实习优秀可留用,国央企,含免笔试,https://mp.weixin.qq.com/s/S76gSOTK6NajHU013H7DzQ,,中华商标-杂志社,北京,,实习生（中文、新闻、历史、法学、经济学、管理学、统计学、英语等社科专业）,2026-01-29,
,,,招满即停,https://mp.weixin.qq.com/s/SBNBrBktEFtZGpU_Ior5lg,26届秋招,孩子王门店广，招聘岗位多，面向专业广。是免笔试的,快消零售,含免笔试,https://jobs.cekid.com/rkhy/rkhy-recruitment/recruitment?type=school,,孩子王,北京 | 天津 | 石家庄 | 廊坊 | 沈阳 | 上海 | 南京 | 无锡 | 徐州 | 杭州 | 合肥 | 福州 | 南昌 | 济南 | 青岛 | 郑州 | 武汉 | 长沙 | 广州 | 南宁 | 重庆 | 成都 | 贵阳 | 西安,,产品经理 研发工程师 测试工程师 算法工程师 商品采销 电商运营 门店运营 服装设计 服装企划 商业拓展 空间设计 加盟运营 财务管理 人力资源 零售管培生,2025-10-14,
,,,10.2,https://mp.weixin.qq.com/s/yhFyVWqdvxSD5iJU8TqdvA,26届秋招,联合利华还有七天就截止网申了，抓紧！,外企 | 快消零售,含免笔试,http://campus.51job.com/m/unilever2025/job.html,,联合利华,上海,,"
 | ◎客户发展部
 | 
 | ◎客户发展部-食品事业部
 | 
 | ◎供应链-智能制造方向
 | 
 | ◎供应链-供应链管理方向
 | 
 | ◎ 市场部-食品事业部
 | 
 | ◎ 研究发展部
 | 
 | ◎市场部
 | 
 | ◎财务部
 | 
 | ◎人力资源部",2025-09-26,
,,,招满即停,https://mp.weixin.qq.com/s/GvMnyJWZcCGk2bfchlzX3w,26届秋招,,快消零售,含免笔试,👈文中扫码投递,,伊利集团,全国各地,,"生产培训生
 | 销售培训生
 | 市场培训生
 | 研发培训生
 | 国际化培训生
 | 数字化培训生
 | 电商主播",2025-09-18,
,,,招满即停,https://mp.weixin.qq.com/s/X50W5MaB9o995UUr6-gOlg,26届秋招,,制造业,含免笔试,https://jobs.51job.com/campus/caCGwFZgRkVm0CYA1uUjQ.html?timestamp__1258=7qUhDKYKDvxIxmqGXwQrDcjDRDAxse4h6OoD,,集泰股份,广州 | 福州 | 南充 | 武汉 | 宁波 | 深圳,,"销售工程师
 | 技术服务工程师",2025-09-17,
,,,招满即停,https://mp.weixin.qq.com/s/cUuKxtOTcIjida53iiD4wQ,26届秋招,证通的技术岗有笔试，其他岗位免笔试,半导体,含免笔试,2025校园招聘 数据中心，智慧城市，可信云服务，人工智能，大数据，金融支付，自助终端，税控设备，密码键盘，kiosk，pos，深圳市证通电子股份有限公司,,证通,深圳 | 长沙,,产品经理前后端开发工程师嵌入式工程师销售跟单等,2025-09-10,
,,,招满即止,http://mp.weixin.qq.com/s?__biz=MzA5MjkxODkzMg==&mid=2650810609&idx=1&sn=2b44f06fd4ed2f38d309ecd3156c64df&chksm=8b914d0abce6c41c51d19cfb647c4da93841fa96703e6ca0e7202102eb448f6ff91ab2a8a240#rd,26届秋招,,外企,含免笔试,https://wx542c644ec78d2a8d.wx.moseeker.com/m/position?wechat_signature=ODFiZWI5MjgxNmQ0NTNjNzYzNTNjNzAyNDQ1MzU2MGZkMmE2YzBiNw&candidate_source=0,,维塔士,上海 | 成都 | 西安,,3D场景培训生 3D角色培训生 3D硬表面培训生 原画培训生,2025-09-23,
,,,招满即停,https://mp.weixin.qq.com/s/1-k92pYF3m9wfxlE45i-Iw,26届秋招,欧圣电气有五险一金，高薪资，丰厚奖金，股权激励等，节假日福利，员工福利,制造业,含免笔试,https://xym.51job.com/wechat/vuectmjobs/#/search?id=FAE129AA-5E51-4F1E-B184-34E027086934,,欧圣电气,北京 | 天津 | 沈阳 | 大连 | 长春 | 哈尔滨 | 上海 | 南京 | 杭州 | 宁波 | 合肥 | 福州 | 济南 | 青岛 | 郑州 | 武汉 | 长沙 | 广州 | 深圳 | 东莞 | 重庆 | 成都 | 昆明 | 西安 | 全国各地,,结构助理工程师 电机助理工程师 项目管理 采购助理 工艺工程师 质量工程师（DQE/SQE/CQE/FQE等） 产品经理 亚马逊运营专员 外贸销售助理 平面设计 商务专员 研发文员 人力资源 财务,2025-10-20,
,,,招满即停,https://mp.weixin.qq.com/s/9bV73wKi2W9LHRUPxRQKMw,26届秋招,红星美凯龙有五险一金，奖金，年终奖，福利保障,快消零售,含免笔试,https://mp.weixin.qq.com/s/9bV73wKi2W9LHRUPxRQKMw,,红星美凯龙,沈阳 | 大连 | 长春 | 哈尔滨,,楼层管理员 企划专员 营销专员 新媒体岗位,2025-10-25,
,,,招满即停,https://mp.weixin.qq.com/s/LXJXZ0cYweyqyU9LtZZekQ,26届秋招,361°五险一金，年终奖，假期多，待遇好,快消零售,含免笔试,https://app.mokahr.com/campus-recruitment/361sport/92204#/jobs,,361°,厦门 | 泉州,,助理鞋设计师 助理鞋产品企划师 助理服装设计师 助理服装产品企划师 研发专员 陈列设计师 商品规划师 商品运营专员 销售运营专员 品牌专员 直播运营专员 电商运营专员 网页设计专员 服装开发采购专员 面辅料采购专员 质量专员 鞋成本专员 化工工程师 IT初级工程师 财务会计 审计师 法务专员 人力资源专员,2025-10-13,
,,,招满即停,https://mp.weixin.qq.com/s/6gI_ypsRrKiQazZqsiQ7RA,26届秋招,,国央企,含免笔试,https://www.iguopin.com/company?id=10685310638427522,,山东核电,烟台,,"管工,铆工,钳工,无损检测工程师,质量管理专工,焊工,焊接技术专工,机械技术专工,机械技术专工（项目）,焊接技术专工（项目）,计划统计专工,理化检测专工,吊装技术专工,采购专工,腐蚀与防护专工,测量专工,造价专责,产业一线技能岗,HSE管理专工,电仪技术专工,物项验收专工,质量检查专工,无损检测专工,应力分析设计研发专工,容器设计研发专工,科技培优-装备制造/数智化/焊研等方向（机械类 土木类 材料类 化学类 力学类 仪器类 电气类 自动化类 安全科学与工程类 管理科学与工程类 能源动力类）",2025-10-10,
,,,招满即停,https://mp.weixin.qq.com/s/krl_0WmdvNCInZYtxbKtZA,26届秋招,中国核电提供七险二金，而且只有素质测评，没有笔试，是免笔试的，简历筛选之后直接免笔试,国央企,含免笔试,https://hr.cnnc.com.cn,,中国核电,北京,,研发类 技术类 技能类  职能类,2025-09-07,
,,,招满即停,http://mp.weixin.qq.com/s?__biz=Mzk0NjY0MzgxNg==&mid=2247494453&idx=1&sn=3e9fc7fd386280ee484fac3c5d6c28a8&chksm=c3005d32f477d4240fa8adff1fa2733fa501844f25a70bbee6304e5f6974acac2edaca2aec6a#rd,26届秋招,香港澳美制药有竞争力的薪资，五险一金，海外商业保险，生活保障，交通费报销,生物医药,含免笔试,http://mp.weixin.qq.com/s?__biz=Mzk0NjY0MzgxNg==&mid=2247494453&idx=1&sn=3e9fc7fd386280ee484fac3c5d6c28a8&chksm=c3005d32f477d4240fa8adff1fa2733fa501844f25a70bbee6304e5f6974acac2edaca2aec6a#rd,,香港澳美制药,海外,,海外国家助理经理（需求专业：语言类 国际贸易类 营养学类） 海外财务专员（需求专业：财务类） 市场专员（需求专业：市场营销类 食品类 语言类）,2025-10-26,
,,,招满即停,https://mp.weixin.qq.com/s/hNP5VUEr3xsNK4qa5s4XWQ,26届秋招,日出集团有六险一金，带薪旅游假，薪资高，实习待遇好，各种补贴,其他,含免笔试,https://sfcc.zhiye.com/campus/jobs,,日出集团,杭州 | 宁波 | 台州,,外贸业务员 大宗业务员 化工业务员 日本业务员 工艺工程师 安环工程师 中控工程师 工程管理 分析研究员 合成研究员 生物研究员 质量检验 单证员 商务助理 物流专员 财务专员,2025-10-16,
,,,招满即停,https://mp.weixin.qq.com/s/5pCzWvo6itaNprAa7Z1-Vw,26届秋招,携程支持居家办公,互联网,含免笔试,,,携程集团/Tiger Program,上海,,Tiger Program-服务解决方案、Tiger Program-业务助理等,2025-08-24,
,,,10.15,Garena 2026届秋季招聘，开始啦！,26届秋招,,外企,含免笔试,,,Garena,北京 | 上海,,"产品&运营类
 | 
 | 项目经理PM
 | 
 | 游戏运营
 | 
 | 技术类
 | 
 | 引擎开发工程师
 | 
 | 客户端开发工程师
 | 
 | 美术&设计类
 | 
 | 原画设计师
 | 
 | 特效设计师
 | 
 | UI设计师
 | 
 | 关卡美术设计师 (LA)                     美术&设计类
 | 
 | 角色原画设计师 TA技术美术",2025-08-19,
,,,招满即停,https://mp.weixin.qq.com/s/fPmEmgqBfv-Se2zCSw9lmQ,26届秋招,润建股份有五险一金，带薪年假，多种补贴，晋升调薪，人才培养,互联网,含免笔试,https://wecruit.hotjob.cn/SU62de11c9bef57c63469824fd/pb/school.html?projectCode=203201&showProjectBanner=true,,润建股份,广州 | 南宁 | 全国各地 | 海外,,海外市场销售生，海外 SE 工程师，海外售前解决方案工程师，海外交付工程师，AI 开发工程师，智能体开发工程师，后端开发工程师，测试工程师，系统运维工程师，产品经理，SE 工程师，市场管培生，投标管培生，交付工程师，人力管培生，财经管培生，供应链管培生；需求专业：计算机科学与技术，软件工程，电子信息工程，人工智能，通信工程，工业设计，能源工程，新能源，能源与动力，电气工程，市场营销，工商管理，人力资源管理，心理学，会计学，财务管理，金融学，物流管理，供应链管理,2025-11-02,
,,,招满即停,https://mp.weixin.qq.com/s/1nnjtpbY3gupUaePSStXug,26届秋招,耀华建设有高薪资，年终奖，成长支持，团队氛围好,建筑,含免笔试,https://www.unicysk.com/yh-mobile/#/,,耀华建设,杭州,,人力资源专员，行政专员，财务专员（专业要求:人力资源管理，行政管理，会计学等） 监理工程师助理，造价工程师助理， 设计工程师（专业要求:土木工程，工程管理，建筑学，工程造价等） 可行性研究专员，招投标专员（专业要求:工程管理，市场营销，法学等）,2025-11-02,
,,,招满即停,http://mp.weixin.qq.com/s?__biz=MzIzOTc4NjUwMg==&mid=2247777178&idx=1&sn=9c01f2b716657b1d3946c34de3fc9b35&chksm=e92a34f3de5dbde56af099edf3c1e6c08873657ca0118aefff6ccd4d857c73b942d707fa9316#rd,26届秋招,大唐国际发电公司众多，免笔试，人才引进计划,国央企,含免笔试,https://zhaopin.china-cdt.com/,,大唐国际发电,北京 | 天津 | 唐山 | 武安 | 保定 | 张家口,,法学 财务管理/会计学 审计学 工程管理/工程造价 能源与动力工程 电气工程及其自动化 自动化 测控技术与仪器 计算机科学与技术 机械设计制造及其自动化 新能源科学与工程 应用化学,2025-10-21,
,,,招满即停,https://mp.weixin.qq.com/s/mS4TwgqvhBbIGvUtFIOjWQ,26届秋招,,快消零售,含免笔试,https://baixiangfood.zhiye.com/campus/jobs,,白象食品,北京 | 天津 | 石家庄 | 济南 | 郑州 | 全国各地,,"营销管培生，物流管培生，生管管培生，生管管培生 - 库管员，生管管培生 - 计划员，人资管培生，行政校招生，行政管培生，财务管培生，制造校招生，制造管培生，生产校招生，工务管培生，工务校招生，品保管培生，采购管培生，采购校招生，数据分析（销售方向）, 环保工程师，电气工程师，品质控制，物流管理，成本管理，计划管培生，研发管培生",2025-10-10,
,,,招满即停,https://mp.weixin.qq.com/s/o0G1Qn0-mjpwhn7tRwp4eQ,26届秋招,巨星农牧的将才专项给的工资高,农业,含免笔试,https://jxnm.zhiye.com/campus/jobs,,巨星农牧,全国各地,,管培生：基地总方向-种场/育肥 兽医方向 机电方向 人力方向 财务方向 供应链方向；疾病防控研究专员 营养与饲养研究专员 环保研究专员 智能设备研究专员；养殖技术员 驻厂品管专员 生产管培生 研发技术员 检测员 水产料销售员 猪料销售员 养殖技术实习生 机电实习生,2025-10-02,
,,,招满即停,https://mp.weixin.qq.com/s/SuCy4QM83QR48zsgz-fBVw,26届秋招,,其他,含免笔试,https://app.mokahr.com/campus_apply/atour/7562#/jobs,,亚朵集团,天津 | 北京 | 呼和浩特 | 扬州 | 全国各地,,管培生,2025-09-17,
,,,招满即停,https://mp.weixin.qq.com/s/Db2KXy8EqRYu_09KS8MDBA,26届秋招,,能源,含免笔试,➡️投递渠道,,星环聚能,上海,,等离子体实验研究员 等离子体控制研究员 等离子体计算研究员 等离子体诊断研究员 高温超导工程师 电气工程师 机械工程师 工艺培训生 管理培训生,2025-09-10,
,,,,https://mp.weixin.qq.com/s/u-udxbLMZ8EDeap9d59e-Q#wechat_redirect?wxwork_userid=YangZhiHong,26届提前批,米哈游免笔试，时间很短，但注意，提前批投了，正式批就不能投了，有点特殊。正式批有笔试，难度挺大的，7.9-7.30号，,游戏,含免笔试,,,米哈游,上海,HGV4P,程序&技术类、质量管理类、技术美术类；,2025-07-08,
,,,12.31,https://mp.weixin.qq.com/s/zdhjqAfB616e9fQUo1TJdw,26届秋招,世纪证券免笔试，多个工作地点，截止12.31日,金融 | 国央企,含免笔试,https://xy.liepin.com/csco/,,世纪证券,北京 | 天津 | 上海 | 南京 | 苏州 | 杭州 | 宁波 | 温州 | 合肥 | 福州 | 厦门 | 南昌 | 景德镇 | 九江 | 新余 | 赣州 | 吉安 | 宜春 | 樟树 | 抚州 | 济南 | 青岛 | 郑州 | 武汉 | 长沙 | 广州 | 珠海 | 佛山 | 东莞 | 揭阳 | 海口 | 重庆 | 成都 | 昆明 | 西安 | 银川 | 乌鲁木齐 | 全国各地,,业务储备人才,2025-10-31,
,,,11.30,https://mp.weixin.qq.com/s/l1gyWPoGdsDOsPnHBLDRpw,26届秋招,不凡帝范梅勒有高底薪、十三薪、各种津贴等，五险一金，商业医保，带薪病假年假,外企 | 快消零售,含免笔试,http://campus.51job.com/perfettivanmelle/job.html,,不凡帝范梅勒,上海 | 深圳 | 全国各地,,销售领英培训生 市场管理培训生 电子商务管理培训生 供应链管理培训生 财务管理培训生 人力资源管理培训生,2025-10-20,
,,,招满即停,https://mp.weixin.qq.com/s/NO5N-s1WjKH2pJvUFARx5w,春招,,教育,含免笔试,https://mp.weixin.qq.com/s/NO5N-s1WjKH2pJvUFARx5w,,心田花开,成都 | 重庆 | 长沙 | 西安 | 武汉 | 郑州 | 南京 | 杭州 | 广州 | 深圳,,教学管培生优秀教师一线教师 语文教研员市场岗，,2026-02-04,
,,,26.7.1,https://mp.weixin.qq.com/s/pR5jF6UR8W1C-HpFZHC7AA,26届秋招,爱旭股份有五险一金，晋升通道，薪资高月薪过万，各种补贴,科技,含免笔试,https://aikosolar.zhiye.com/campus/jobs,,爱旭股份,义乌 | 海外,,销售类 解决方案类 市场营销 销售运营 财经类,2025-10-16,
,,,招满即停,https://mp.weixin.qq.com/s/1XXUMaT1p57eBaeut5mQTA,26届秋招,,其他,含免笔试,https://ehr.chowtaiseng.com/zdshrs/portal_zds.aspx?sessionid=#/,,周大生珠宝,深圳,,未来先锋-MT管培生,2025-10-07,
,,,招满即停,https://mp.weixin.qq.com/s/o3iIINTfll1GiqVWCbd8wQ,26届秋招,,其他,含免笔试,👈扫码投递,,新日月,宁波,,管培生：职能服务类、物业管理类、供应链管理类、康养服务类,2025-10-04,
,,,11.12,https://mp.weixin.qq.com/s/IpDnlVoB3-3GIDtmF7Xv0A,26届秋招,中国中煤有五险一金，多种补贴，补充医疗意外险，落户政策，多种福利,国央企 | 能源,含免笔试,https://zhaopin.chinacoal.com/,,中国中煤,全国各地,,煤炭 电力 煤化工 新能源 装备设计制造 矿建设计施工 经营管理 专业技术 技能操作（相关专业：煤炭矿业类 化工技术类 能源动力类 新能源类 机械机电类 电力电气类 电子信息类 环境科学与工程类 自动化类 土木类 材料类 安全科学与工程类 计算机类 工商管理类 经济学类 文学类 财会类 公共管理类 法学类 统计学类 管理科学与工程类 新闻传播类 电子商务类 物流管理类）,2025-10-25,
,,,招满即停,https://mp.weixin.qq.com/s/MC64ZB-S2bNlnOyAFPSffA,春招,免笔试,科技,含免笔试,https://app.mokahr.com/apply/metabit-trading/26108#/job/9c82f6c6-d333-466d-aca9-d6071cd4ddaf,,乾象投资,北京 | 上海,,"量化研究实习生,软件开发实习生（专业要求：计算机、数学、物理、统计）",2026-01-21,
,,,招满即停,https://mp.weixin.qq.com/s/ZzRFuAGlZ_2RKAI9hxCFAA,26届秋招,太阳雨集团六险二金，人才公寓，工作地点遍布全国，高薪酬,汽车新能源,含免笔试,https://solareast1.zhiye.com/campus/jobs,,太阳雨集团,全国各地,,研发工程师 技术工程师 履约工程师 服务工程师 产品经理 销售经理 项目经理 大客户经理,2025-10-22,
,,,10.22,http://mp.weixin.qq.com/s/KH5BKminggymN29CAFMxuA,26届秋招,教育出版国家队，平台不错,国央企,含免笔试,https://zhaopinhep.zhiye.com/campus,,高等教育出版社,北京,,图书教材编辑 数字教材编辑 学术期刊编辑 产品技术人员 综合职能人员,2025-10-05,
,,,招满即停,https://mp.weixin.qq.com/s/M_ZHT9GcmfjhyB-BrXCP_Q,26届秋招,中微有系统化人才培养体系、实战经历培养、成长晋升通道、优秀资源平台,半导体,含免笔试,👈文中扫码投递,,中微,上海 | 南昌 | 成都 | 广州,,"
 | 设备终测工程师
 | 
 | 项目工程师
 | 
 | 
 | 生产工程师
 | 
 | 
 | 
 | 新产品导入工程师
 | 
 | 
 | 生产计划工程师
 | 
 | 
 | 生产工艺工程师
 | 
 | 
 | 工业工程工程师
 | 
 | 
 | 产品生命周期管理工程师
 | 
 | 体系工程师
 | 
 | 
 | 
 | 客户质量工程师
 | 
 | 
 | 供应链计划工程师
 | 
 | 
 | 供应商质量工程师
 | 
 | 采购工程师
 | 
 | 
 | 
 | 环境健康安全工程师
 | 
 | 质量工程师
 | 
 | 
 | 安全工程师
 | 
 | 
 | ESG工程师
",2025-09-15,
,,,招满即止,http://mp.weixin.qq.com/s?__biz=MzkyNjM0MzY0Nw==&mid=2247485932&idx=1&sn=c45acd9f1427b258053543c398f5e300&chksm=c239815cf54e084adac1832f5726460c309a6fe2b03df20c48706113201657d2cd9b9e36b394#rd,26届秋招,,外企,含免笔试,https://cpgroup.zhiye.com/campus,,正大集团陕西区,全国各地,,饲料生产技术员 饲料销售精英 规模猪场技术储备干部 兽医博士 兽医 养殖生产储备干部 养殖实习生 招商专员,2025-09-26,
,,,招满即停,https://mp.weixin.qq.com/s/KkCtJ9mkzh2AZxUOEisOrg,26届秋招,中国出口信用保险公司子公司多，岗位多,国央企 | 金融,含免笔试,https://sinosure.zhiye.com/custom/xygw?hideAll=true,,中国出口信用保险公司,北京 | 全国各地,,总部岗位：业务运营类岗位、法律类岗位、综合管理类岗位、信息科技类岗位、小语种专业；分公司岗位：客户经理岗、业务运营岗、信息技术岗,2025-10-18,
,,,招满即停,https://mp.weixin.qq.com/s/GJ3MS4Oq-oIhpKRjM6Hqrg,26届秋招,埃克森美孚入职就有18天带薪年休假和20天带薪病假，还有婚假、产假、陪产假,外企 | 汽车新能源,含免笔试,https://minisite.51job.com/ExxonMobil,,埃克森美孚,成都,,客户关系管理才订单管理团销售运营协调可跨部门协作,2025-09-15,
,,,11.30,https://mp.weixin.qq.com/s/XWXsAi-vZA0k6AfqD-NJjA,26届秋招,AMD同步在招27、28届的实习生,外企,含免笔试,https://www.zhipin.com/gongsi/job/5d9297e39d129d621HJ-39-4.html?experience=108,,AMD,北京 | 上海,,算子开发实习生 AI/ML Design Engineer Intern BIOS Tool实习生 图像视频生成算法实习生 多模态大模型算法实习生 大模型LLM算法实习生 AI编译/高性能计算C++实习生 芯片设计实习生 芯片验证实习生 芯片可测试性设计实习生 数字后端实习生 芯片硬件设计/系统验证实习生 驱动与固件开发实习生,2025-10-02,
,,,招满即止,https://mp.weixin.qq.com/s/JXzlIufGwmzNMWBWdWmjKw,26届秋招,,外企,含免笔试,https://mp.weixin.qq.com/s/JXzlIufGwmzNMWBWdWmjKw,,艾利丹尼森,天津,,生产运营方向、商务方向、产品管理方向、技术服务方向,2025-09-27,
,,,招满即停,https://mp.weixin.qq.com/s/8TFLJOKkxdRqXesuUXUeEA,26届秋招,飞利浦中国的很多岗位免笔试，只有部分岗位需要测评,外企,含免笔试,👈文中扫码投递,,飞利浦中国,北京 | 上海 | 香港 | 福州 | 台湾,,"临床类
 | 制造类
 | 销售类
 | 职能类
 | 服务类",2025-09-15,
,,,招满即止,https://mp.weixin.qq.com/s/fcypqxK1putUFyMnClDMQQ,26届秋招,,外企,含免笔试,https://mp.weixin.qq.com/s/fcypqxK1putUFyMnClDMQQ,,KLA,上海,,软件工程师 软件测试工程师 应用工程师 电子工程师 机械工程师 系统工程师,2025-09-29,
,,,招满即停,http://mp.weixin.qq.com/s?__biz=MzIyMTc3MDIxNw==&mid=2247496908&idx=1&sn=42b25396542e0686f6c3b57e47b780d2&chksm=e8350c4adf42855c49cfc0610a7e105581b8fa271ee007b8a7defbe5bd3252c9d669455609c1#rd,26届秋招,新东方华南区在多个城市招聘多个岗位,教育,含免笔试,https://bsurl.cn/v2/8k0XT8VD,,新东方华南区,广州 | 深圳 | 珠海 | 佛山 | 东莞 | 南宁 | 海口,,营销管培生 少儿素养班课教师(双语/益智/博文/编程) 少儿素养个性化教师(双语/益智/博文) 初中学习机班课教师 (双语/博文/益智/动手实验:化学/物理方向) 中学素养个性化教师(博文/益智/双语) 中学素养个性化教师 (动手实验:物理方向/化学方向/生物方向) 中学素养个性化教师 (博文:政治方向/地理方向/历史方向) 高中素养班课教师 (双语/博文/益智/动手实验:物理方向) 初中全日制教师(政治) 少儿班课教师(双语/益智/博文) 初中班课教师(双语/益智/博文) 高中班课教师(英语/数学/物理/化学) 高中一对一教师(英语/数学/物理/化学) 顶尖人才计划:少儿班课教师 (双语/益智/博文) 顶尖人才计划:初中班课教师 (双语/益智/博文) 顶尖人才计划:高中班课教师 (英语/数学/物理/化学) 中学博文班课教师 中学益智班课教师 中学物理班课教师 青少博文班课教师 青少益智班课教师 个性化高中语文教师 个性化高中数学教师 个性化高中物理教师 中学双语班课教师 青少双语班课教师 个性化高中英语教师 青少班课教师(双语/益智/博文) 初中学习机班课教师(双语/益智/博文/物理) 高中班课教师(数学/英语/物理/化学) 个性化高中教师(语文/数学/英语/物理/化学) 青少双语班课教师 高中化学教师 中学数学班课教师 个性化双语教师 高中益智班课教师 高中物理班课教师 少儿脑力与思维教师 少儿博文口才教师 少儿双语教师 初中学习机语文教师 初中学习机英语教师 初中学习机数学教师 初中学习机物理教师 高中语文教师 高中数学教师 高中英语教师 高中物理教师 高中化学教师 高中一对一文综教师 高中一对一教师(语文/英语/数学/物理/化学),2025-11-02,
,,,招满即停,http://mp.weixin.qq.com/s/oFVwxg-7cnioLFygvtJT1A,26届秋招,,国央企 | 生物医药,含免笔试,https://zhaopin.shandonghealthcare.com/pages/position?source=campus&batch=17,,山东健康集团,济南 | 青岛 | 威海,,会计 餐饮服务 运营专员 前台服务员 餐饮服务员 客房服务员 面点厨师,2025-10-20,
,,,招满即停,https://mp.weixin.qq.com/s/zLqDE1uFpCz_VW__hUX19g,26届秋招,医药魔方免笔试,互联网,含免笔试,https://mp.weixin.qq.com/s/zLqDE1uFpCz_VW__hUX19g,,医药魔方,北京 | 上海 | 苏州,,咨询分析师 商务拓展专员 编辑(产业研究) 媒体项目专员 客户成功专员 数据分析师(临床数据) 数据分析师(临床医学数据) 数据分析师(医药专利数据) 数据分析师(创新的数据) 数据分析师(医药数据方向) 数据分析师(医疗大健康方向),2025-10-14,
,,,招满即停,https://mp.weixin.qq.com/s/F76HjcI1q8D0ddsQRkw_kw,26届秋招,上美「星计划」要求博士学历,快消零售,含免笔试,https://chicmaxgroup.zhiye.com/campus/jobs,,上美「星计划」,上海,,博士研发管培生：化学、生物、高分子材料学等专业博士研究生,2025-10-01,
,,,12月,https://mp.weixin.qq.com/s/85d2CLtWu-p132MGQ2E1vA,26届秋招,渣打有管培生和实习生两个招聘计划,外企 | 金融,含免笔试,https://www.sc.com/en/global-careers/early-careers/,,渣打,上海 | 北京 | 深圳,,详情见官网,2025-09-18,
,,,11月,➡️校招公告,26届秋招,,外企 | 农业,含免笔试,https://cpgroup.zhiye.com/campus,,正大集团,北京 | 天津 | 河北 | 内蒙古 | 全国各地,,"养殖技术员
 | • 养殖技术储备干部
 | 饲养工程师
 | 生产支持
 | 研发储备干部
 | 生产管理储备干部
 | •i
 | 设备储备干部
 | 市场
 | 饲料/食品营销管培生
 | 22 运营管培生
 | 销售
 | 饲料销售储备干部
 | 零售管培生
 | 食品销售管培生
 | 支持
 | 技术服务代表
 | 财务管培生
 | 硕博人才
 | 动物营养助理专家
 | 技术服务专家
 | 兽医专家",2025-09-14,
,,,招满即停,https://mp.weixin.qq.com/s/W0mUavr1qvIcrE2px5UtGA,26届秋招,好未来这次是全年开发，而且不需要笔试，免笔试的，通过简历直接面试,教育,含免笔试,👈文中扫码投递,,好未来,北京,,"研发岗
 | 产品岗
 | 产品经理
 | 大前端、服务端、测试、运维、安全、数据",2025-09-07,
,,,招满即止,https://mp.weixin.qq.com/s/WIyTsRyyh138kMpLF2ZUaQ,26届秋招,,外企,含免笔试,https://qr16.cn/EnkvRT,,儒拉玛特集团,苏州,,管培生 机械设计工程师 电气设计工程师 项目工程师 初级仿真工程师 数字化实施工程师,2025-09-24,
,,,招满即止,https://mp.weixin.qq.com/s/DzYM_f3Ns7CEjHNswRjiDA,26届秋招,,外企,含免笔试,https://mp.weixin.qq.com/s/DzYM_f3Ns7CEjHNswRjiDA,,Akuna Capital,上海,,量化研究员-机器学习方向C++开发工程师,2025-09-23,
,,,招满即停,https://mp.weixin.qq.com/s/XUCBzsYgzzK_LEpMUrj3BA,26届秋招,理想连线有五险一金，节假日福利，女性友好，人才培养,其他,含免笔试,https://mp.weixin.qq.com/s/XUCBzsYgzzK_LEpMUrj3BA,,理想连线,杭州,,行政管理类 商务经济类 工程管理类 工程咨询类 工程设计类 其他类（计算机、软件开发、平面设计、会展策划与管理等相关专业）,2025-10-16,
,,,招满即停,https://mp.weixin.qq.com/s/Q2CGajT87HqrMkMqOVWoXA,26届秋招,君乐宝有年终奖，年休假以及各种员工福利，面向专业广，免笔试,快消零售,含免笔试,https://junlebaoruye.zhiye.com/Campus,,君乐宝,石家庄,,生产系统管培生 牧业管培生 销售管培生 电商管培生 数字化管培生 财务管培生 人力管培生 渠道管理管培生 品牌市场产品管培生 研发管培生,2025-10-14,
,,,招满即停,https://mp.weixin.qq.com/s?__biz=Mzg3OTY4MjAzNQ==&mid=2247495285&idx=1&sn=1e6465f535c569dacaba3504d65011b1&chksm=cf0266e9f875efff7df0389c457470b04f92fd60a402d48e0209464ce45ae337c957075220a8#rd,26届秋招,力诚食品只要是大专就可以,其他,含免笔试,http://ehr.lc0222.com:8082/RedseaPlatform/zhaopin/zpChannelQrCode/campus_recruit/officeWebsite.mob,,力诚食品,泉州,,生产管培生 营销管培生,2025-10-05,
,,,10月底,https://mp.weixin.qq.com/s/xUIyBSdqZtYv8BH2JN2Vug,26届秋招,甘李药业都是免笔试的，通过简历筛选就可以面试,生物医药,含免笔试,https://glxiaozhao.zhiye.com,,甘李药业,北京,,"研究类岗位
 | 生物药早研领袖生
 | （生物学、药学、医学等相关专业）
 | 营销类岗位
 | 全球核心营销领袖生
 | （药学、医学、生物学、化学、金融学、国际贸易等相关专业）
 | 运营类岗位
 | 制药技术与质量管理领袖生
 | （生物学、生物工程、药学、化学、化学工程等相关专业）
 | 研究类岗位
 | 有机合成方向/药物化学方向/分子生物学方向/动物药效评价方向/新药研发（评价）方向/抗体创新
 | 药研发方向/全球专利方向（小分子/生物药）/涉外知识产权方向/免疫药理方向/细胞培养方向/细胞基因治疗药物研发方向/生物分析方向⋯
 | 开发类岗位
 | 纯化工艺开发方向/新药合成工艺开发方向/中试制剂生产方向/体外药效方向/项目管理方向/原液生产方向/实验室管理方向/化药RA-CMC方向.
 | 运营类岗位
 | 全球无菌制剂技术管理（国际&国内）/全球原料技术管理（国际&国内）/供应链管理方向（采购
 | &供应商管理&计划）/质量管理-验证管理QA/全球质量管理-QC微生物方向/研发质量管理-运行
 | QA/计量管理方向.
 | 营销类岗位
 | 市场医学方向/医学战略方向/商务拓展方向/Key
 | Account方向/销售绩效与激励方向/国际技术支持方向/品牌推广方向/进出口事务方向⋯
 | 职能类岗位
 | HRBP方向/企业文化方向/财务战略方向/内部审计方向/科研项目申报方向.",2025-09-07,
,,,8.31,https://mp.weixin.qq.com/s/v_nEvgGEFdiHhkgvWzZhnw,26届提前批,中物院软件中心的提前批免笔试，网申截止到8.31,研究所,含免笔试,,,中物院高性能数值模拟软件中心,北京,,"模块研发
 | 质量测评
 | 前后处理
 | 性能优化
 | 架构设计
 | 物理建模
 | 算法研究
 | 工程应用",2025-08-05,
,,,10.31,https://gzw.cq.gov.cn/gqzp/202510/t20251024_15111880.html,26届秋招,,国央企,含免笔试,https://www.cqrc.net/gzw/index/enteritem-104272.html?h=140067&pages=1,,重庆两江假日酒店管理有限公司,重庆,,行政岗（酒店管理、中文、行政管理、工商管理等相关专业） 人力资源岗（人力资源管理、行政管理、酒店管理相关专业）,2025-10-27,
,,,招满即停,https://mp.weixin.qq.com/s/ESzONHOApeRdjG_0Cw1eNQ,26届秋招,杰西亚家居有五险一金，多种补贴，双通道晋升，福利,快消零售,含免笔试,https://jsyardhz.zhiye.com/campus/jobs,,杰西亚家居,杭州,,跨境电商类 品牌运营类 设计技术类 供应链管理类 客户体验类 财务管理类（目标专业：国际经济与贸易、国际商务、跨境电子商务、应用数学、统计学、信息管理、理工科、英语、商务英语、德语、法语、日语、语言类、广告学、传播学、市场营销、品牌管理、时尚管理、工业设计、家具设计、机械设计、环境艺术设计、物流管理、物流工程、采购管理、供应链管理、管理科学与工程、工业工程、管理类、财务管理、会计学、金融学）,2025-10-26,
,,,招满即停,https://mp.weixin.qq.com/s/mlg1hGuJwblG488kUl50YQ,春招,香港学而思有竞争力的薪资、小白友好,教育,含免笔试,https://mp.weixin.qq.com/s/mlg1hGuJwblG488kUl50YQ,,香港学而思,香港,,数学科目英语科目职能岗位实习岗位,2026-01-24,
,,,招满即停,https://mp.weixin.qq.com/s/8ZDIeLNkPTXN7Q_YP9C7-A,26届秋招,中国航空集团招聘空勤和地面多种岗位,国央企,含免笔试,https://zhaopin.airchina.com.cn/cn/about_us/recruitment/index.shtml,,中国航空集团,全国各地 | 北京,,乘务员 安全员 集团管理储备生 职能业务储备 机务维修 签派员 商务营销 信息技术 飞机理论教员 生产运行保障 采购与供应链 地面业务岗位,2025-10-27,
,,,招满即停,https://mp.weixin.qq.com/s/dr_58FtKzZy91bqAin_Odg,26届秋招,中谷海运集团有员工培养体系，海内外业务,其他,含免笔试,https://zhaopin.zhonggu56.com/pages/humanResources/SchoolPosition.jsp,,中谷海运集团,天津 | 营口 | 上海 | 苏州 | 太仓 | 宁波 | 福清 | 厦门 | 青岛 | 广州 | 南宁 | 北海 | 钦州 | 海外,,外贸操作 外贸客服 外贸市场开发 航运管理 航线管理 商务管理 集装箱管理 多式联运管理 机务助理 体系管理 采购管理 船员管理 软件开发 电商运营 投资融资管理 证券事务管理 财务管理 行政管理 综合管理 驻外翻译 海外市场开发 海外商务,2025-10-14,
,,,招满即止,https://mp.weixin.qq.com/s/cKmUADZaRDKCw0-4_5JTZg,26届秋招,,外企,含免笔试,https://careersite.tupu360.com/bmw-brilliance/position/index?recruitmentType=CAMPUSRECRUITMENT&otherfserialNumber=TP24247,,华晨宝马（南京）信息技术有限公司,南京,,助理工程师-后端开发,2025-09-29,
,,,招满即止,https://mp.weixin.qq.com/s/o7ZnO47FM7AO2Yme1MdItA,26届秋招,,外企,含免笔试,https://mp.weixin.qq.com/s/o7ZnO47FM7AO2Yme1MdItA,,台积电,上海 | 北京,,营运类、研发类、策略支持类（微电子/机械/物理/材料/计算机/工业工程/管理学等相关专业）,2025-09-28,
,,,招满即停,https://mp.weixin.qq.com/s/wiBZOD0pgNHiHPAAZ8I7lg,26届秋招,OPPO（小语种专场）免笔试,科技,含免笔试,https://careers.oppo.com/university/oppo/campus,,OPPO（小语种专场）,深圳,,市场管理培训生 产品营销经理 媒介经理 数字营销经理 公关经理,2025-10-28,
,,,11.30,https://mp.weixin.qq.com/s/a6EB5Vmpf9oTXk-zgVTbDg,26届秋招,ALL GAMERS有五险一金，带薪年假，年度调薪，丰富活动,游戏,含免笔试,https://app135149.dingtalkoxm.com/campus-recruitment/ww9fcc9d2980b4ad35/100004439?locale=zh-CN#/,,ALL GAMERS,成都 | 上海,,技术 视频剪辑 商务运营 粉丝运营 直播运营 美术设计,2025-10-27,
,,,招满即停,https://mp.weixin.qq.com/s/C4csMtD5eX17vs5xpylqhQ?click_id=44,26届秋招,安川电机有五险一金公积金，医疗险，体检，多种假期，团建活动,外企,含免笔试,https://yaskawa.zhiye.com/campus/jobs,,安川电机,上海,,应用技术工程师 技术型销售工程师,2025-10-22,
,,,招满即停,https://mp.weixin.qq.com/s/KkCtJ9mkzh2AZxUOEisOrg,26届秋招,中国出口信用保险公司子公司多，岗位多,国央企 | 金融,含免笔试,https://sinosure.zhiye.com/custom/xygw?hideAll=true,,中国出口信用保险公司,北京 | 全国各地,,总部岗位：业务运营类岗位、法律类岗位、综合管理类岗位、信息科技类岗位、小语种专业；分公司岗位：客户经理岗、业务运营岗、信息技术岗,2025-10-18,
,,,招满即停,https://mp.weixin.qq.com/s/t6jvmtvANYbsIZjNin-c3Q?scene=1&click_id=66,26届秋招,,快消零售,含免笔试,https://www.yuzhenltd.com/recruitment-r1.html,,钰真,上海,,海外广告投放 电商运营 用户运营 女装设计师助理 服装买手 商品运营 服装跟单 服装技术 面料开发 财务专员 人事专员 用户体验专员,2025-10-08,
,,,10.31,https://mp.weixin.qq.com/s/XBZI7oNtum2Q1Gb72tXYtw,26届秋招,太古全球总部在官网，免笔试,外企,含免笔试,👈文中扫码投递,,太古全球,香港 | 国外,,详情见官网,2025-09-11,
,,,招满即停,https://mp.weixin.qq.com/s/T-Pd4sa3yTcNgv_2UmeZ9A,26届秋招,,快消零售,含免笔试,https://mp.weixin.qq.com/s/T-Pd4sa3yTcNgv_2UmeZ9A,,阿道夫,广州,,电商运营管培生 达播开拓管培生 抖快渠道编导管培生 化妆品研发管培生 快时尚渠道运营管培生,2025-10-12,
,,,招满即停,http://mp.weixin.qq.com/s/3GmvOONh1NdW9Gm0ZP3CoQ,26届秋招,HBN开放的岗位也偏向文科,快消零售,含免笔试,https://hbn.zhiye.com/campus,,HBN,深圳,,人力资源管培生； 新媒体内容运营； 电商设计师； 品牌设计师； 工业设计师； 电商推广专员； 电商运营专员； 直播运营专员； 电商运营助理； 媒介投放助理/专员,2025-10-05,
,,,招满即停,https://mp.weixin.qq.com/s/7LyGJsBCy93OFd_P46LgpQ,26届秋招,锦江酒店(中国区)的岗位不限专业,其他 | 国央企,含免笔试,https://join.jinjianghotels.com.cn/base/jinjiangSchool#/positionList?positionType=1,,锦江酒店(中国区),全国各地,,锦星实习生、锦星管培生,2025-10-01,
,,,招满为止,https://mp.weixin.qq.com/s/fK7ppNRGFkSigSjojvCO0A,26届秋招,完美世界的秋招不设置统一笔试，美术设计类及个别需要笔试的职位，通过简历筛选后单独发出（免笔试）,游戏,含免笔试,,,完美世界,北京 | 上海 | 苏州,,"美术设计类，游戏策划类
 | 综合类，程序类",2025-08-07,
,,,招满即停,https://mp.weixin.qq.com/s/-sOaiAt7a_7Kb72EEQlz8g,26届秋招,双枪科技有高薪酬，双休法定节假日，杭州政府补贴，多种活动，年度体检,制造业,含免笔试,https://mp.weixin.qq.com/s/-sOaiAt7a_7Kb72EEQlz8g,,双枪科技,杭州,,餐饮销售员，商超销售员，外贸业务员，国内电商运营助理，产品开发，采购专员，生产主管，工艺工程师，公共事务专员,2025-11-04,
,,,招满即停,http://mp.weixin.qq.com/s/HRih3wFSjolC8Q69wZy4Yg,26届秋招,东鹏饮料有五险一金，带薪年假，双薪奖金，工会福利，团建,快消零售,含免笔试,https://xym.51job.com/wechat/vuectmjobs/#/index?id=0CF34FB3-3A63-4A6F-A2A2-4D2025CED50C&color=31BE88&prd=yddzy,,东鹏饮料,天津 | 衢州 | 滁州 | 长沙 | 广州 | 东莞 | 中山 | 重庆 | 昆明 | 全国各地 | 海外,,储备干部 机电 质量 研发 销售运营 生产 物流 财务 供应链运营 管培生 国际 机电 质量 物流,2025-11-02,
,,,招满即停,https://mp.weixin.qq.com/s/JjtF5XJ_red9uSctY_UvBg,26届秋招,鼎捷数智有多个工作地点，招收海内外毕业生,科技,含免笔试,https://www.digiwin.com/jobs/job-school.html?select=jbrjh,,鼎捷数智,上海 | 南京 | 苏州 | 杭州 | 绍兴 | 武汉 | 广州 | 全国各地,,产品研发类 AI算法、AI产品经理 交付实施类 实施顾问、售前顾问 业务销售类 软件大客户销售 战略支持类 人资、法务、财务,2025-10-27,
,,,11.4,http://hfrdjt.zpsys.cn/html/#/pages/article-detail/index?id=7fa2bbdcf2691c61bfa8303f5f2bf7ab&detailId=7fa2bbdcf2691c61bfa8303f5f2bf7ab&prantMenuid=6598bf7a2c7b4e6ea4ca10863a6127ba,26届秋招,合肥热电集团招聘76人，截止投递到11.4日,国央企 | 能源,含免笔试,http://hfrdjt.zpsys.cn/html/#/join-online?prantMenuid=1f6139ad39010d0d4f059d1ae8c968d4,,合肥热电集团,合肥,,综合岗管培生18人（行政管理、汉语言文学、新闻传播、人力资源管理、市场营销、会计、法律、经济等相关专业），运行岗管培生20人（能源与动力工程、自动化、电气工程、工程管理、暖通、环境工程、新能源等相关专业）,2025-10-26,
,,,招满即停,https://mp.weixin.qq.com/s/vY2IrBztUbxfQwYNcVAozA,26届秋招,四川商投集团有六险二金，多个假期，福利多，女性友好,国央企,含免笔试,https://gqrcfw.com/zthd/zthd/ypz/zthdPage?zthdId=f089d93eb6b89810b23bdd1b11909ace,,四川商投集团,成都,,集团管培生 投资管理岗 企业运营岗 财务审计岗 风控法务岗 综合管理岗（包括但不限于数字经济、应用经济学、会计、统计学、汉语言文学、法学、哲学、马克思主义理论、新闻传播学等相关专业人员）,2025-10-20,
,,,招满即停,➡️校招公告,26届秋招,新能德科技(NVT)要求六级过线,外企 | 汽车新能源,含免笔试,https://nvtpower.zhiye.com/CAMPUS,,新能德科技(NVT),东莞 | 香港,,"产品结构工程类
 | IT系统开发类
 | 运营支持类
 | 质量管理类
 | 电子研发测试类
 | 芯片/PCBA工程类
 | 材料研发应用类
 | 外语项目管理类
 | 智能制造类",2025-09-14,
,,,招满即停,➡️校招公告,26届秋招,全棉时代开发的岗位很适合文科同学,快消零售,含免笔试,https://purcotton.zhiye.com,,全棉时代,深圳 | 全国各地,,"电商类
 | 电商运营 /电商推广/ 直播运营 / 平台运营
 | 商品类
 | 产品企划 / 内容策划/商品计划/ 商品运营
 | 研发类
 | 产品研发（科学育种 / 智能穿戴 / 非织造 / 染整等）
 | 市场类
 | 市场营销 / 品牌公关 / 社媒营销 /市场推广
 | 设计类
 | 平面设计 / 包装设计 / 服装设计 /陈列设计
 | 供应链类
 | 采购管理 / 物流管理 /质量管理
 | 销售类
 | 渠道管培生 / 大客户销售
 | 零售类
 | 零售管培生 / 工程管理/ 门店拓展
 | 职能类
 | 财务管理 / 人力资源 / 数据分析 / 客户服务",2025-09-14,
,,,招满即止,https://mp.weixin.qq.com/s/43hNORfNpuLHK2NcdKDHgw,26届秋招,网易游戏雷火免笔试直通面试，跟秋招不冲突,游戏,含免笔试,,,网易游戏雷火,杭州 | 北京 | 广州,dnPWvM,,2025-07-23,
,,,招满即止,https://mp.weixin.qq.com/s/L5v0sFr3sgkWR9vJwWk2aQ,26届秋招,,外企,含免笔试,https://campus.51job.com/IR2026/job.html#top,,英格索兰,上海 | 北京 | 福州 | 杭州 | 济南 | 全国各地,,技术类岗位（主修机械、动力工程及工程热物理、过程装备与控制工程、自动化、电气等理工科专业）,2025-09-27,
,,,招满即停,https://mp.weixin.qq.com/s/90K9JLAk1WXc8rjibrBoMw,春招,易华录可进京落户、有餐补、交通补等，部分岗位免笔试,制造业,含免笔试,https://mp.weixin.qq.com/s/90K9JLAk1WXc8rjibrBoMw,,易华录,北京 | 天津,,硬件/软件开发工程师、数据分析/治理工程师、智能交通技术方案工程师、,2026-01-26,
,,,招满即停,https://mp.weixin.qq.com/s/1yQkTLlePrzcEVN8vnXwwg,26届秋招,豪氏威马（中国）六险二金，弹性工作，生活、出差补贴，各种福利,外企 | 制造业,含免笔试,https://mp.weixin.qq.com/s/1yQkTLlePrzcEVN8vnXwwg,,豪氏威马（中国）,福建漳州,,机械工程师培训生、设计工程师培训生、电气工程师培训生、控制系统工程师培训生、计划工程师培训生、调试工程师培训生、初级自动化工程师、初级AI工程师,2025-10-18,
,,,招满即停,https://mp.weixin.qq.com/s/WX7lpGVdbex_F_RkdBDIDA,26届秋招,,其他,含免笔试,https://mp.weixin.qq.com/s/WX7lpGVdbex_F_RkdBDIDA,,群贤集团,上海 | 桂林,,管理培训生 业务管培生 财务管培生 大宗商品业务员 期货业务员 数据分析师 跟单岗 技术工程师 生产技术岗,2025-10-10,
,,,招满即停,➡️校招公告,26届秋招,,国央企,含免笔试,➡️投递渠道,,东方电气集团,成都 | 全国各地,,机械类、自动化类、工程类、管理类、电气类、新能源类、软件工程类、材料类、计算机类、力学工程管理类、能源类、化学与化工类、工业工程类、法学、物理类、电子商务类等专业,2025-09-14,
,,,招满即停,https://mp.weixin.qq.com/s/1I5JP82iOfQVd-uvBrR2jw,春招,,制造业,含免笔试,https://mp.weixin.qq.com/s/1I5JP82iOfQVd-uvBrR2jw,,森大集团&特福国际,广州,,法语销售工程师，法语采购工程师，法语进出口工程师，法语仓储工程师，法语运输工程师，法语公关管培生，法语财务管培生，法语融资工程师，法语审计管培生,2026-02-04,
,,,10.31,https://gzw.cq.gov.cn/gqzp/202510/t20251024_15111894.html,26届秋招,重庆旅游资产管理要求大学本科及以上学历，中共党员,国央企,含免笔试,https://www.cqrc.net/gzw/index/postitem-25396.html,,重庆旅游资产管理,重庆,,行政文秘岗（汉语言文学或新闻类专业） 纪律检查岗（中文类、法学类、经济类等相关专业）,2025-10-27,
,,,招满即停,https://mp.weixin.qq.com/s/ESzONHOApeRdjG_0Cw1eNQ,26届秋招,杰西亚家居有五险一金，多种补贴，双通道晋升，福利,快消零售,含免笔试,https://jsyardhz.zhiye.com/campus/jobs,,杰西亚家居,杭州,,跨境电商类 品牌运营类 设计技术类 供应链管理类 客户体验类 财务管理类（目标专业：国际经济与贸易、国际商务、跨境电子商务、应用数学、统计学、信息管理、理工科、英语、商务英语、德语、法语、日语、语言类、广告学、传播学、市场营销、品牌管理、时尚管理、工业设计、家具设计、机械设计、环境艺术设计、物流管理、物流工程、采购管理、供应链管理、管理科学与工程、工业工程、管理类、财务管理、会计学、金融学）,2025-10-26,
,,,招满即停,https://mp.weixin.qq.com/s/V6-x_2G5o3eOYqMexXtGCQ,26届秋招,,其他,含免笔试,https://mp.weixin.qq.com/s/V6-x_2G5o3eOYqMexXtGCQ,,苏环院,南京 | 南通 | 苏州 | 泰州 | 连云港 | 无锡,,环境咨询岗、水污染防治岗、大气污染防治岗、土壤污染防治岗、有机分析岗、理化分析岗、环境采样岗,2025-10-23,
,,,招满即停,https://mp.weixin.qq.com/s/JD1RO5sOFmqX2-1RU2VOxg,26届秋招,爱特兰国际货运代理有限公司五险一金，年终奖金，周末双休，带薪年假，补充医疗保险，定期体检,外企,含免笔试,https://xym.51job.com/wechat/vuectmjobs/#/index?id=B9840B55-82A8-45D3-9800-EFC4F3FD764F&color=31BE88&prd=yddzy,,爱特兰国际货运代理有限公司,上海 | 宁波 | 深圳,,市场专员 Marketing clerk 市场协调 Marketing coordinator,2025-10-14,
,,,10.31,https://mp.weixin.qq.com/s/ykqUTVxDZyY-8Df1X6RQ7A,26届秋招,,外企 | 快消零售,含免笔试,👈文中扫码投递,,娇韵诗,北京 | 上海 | 西安,,"中国上海
 | 管理培训生 - 市场-产品营销Product Marketing
 | 管理培训生- 市场-通路行销Trade Marketing
 | 管理培训生— 市场-客户关系管理CRM
 | 管理培训生 - 市场-媒介策划Media
 | 管理培训生 — 品牌营销 Brand MKT
 | （小娇韵诗 my CLARINS）
 | 管理培训生 —数字和电商 Digital & E-commerce
 | 管理培训生 - 财务 Finance
 | 管理培训生 - 人力资源 Human Resources
 | 〕 管理培训生-供应链Supply Chain
 | ］ 管理培训生 — 培训 Training
 | 管理培训生 - 视觉陈列 Visual Merchandising
 | ® 中国北京、上海、西安
 | 管理培训生 - 销售 Sales",2025-09-26,
,,,招满即停,https://mp.weixin.qq.com/s/YOXDC2zFoY2KbWE7jxqxOA,26届秋招,,教育,含免笔试,https://zzpxx.zhiye.com/campus,,平行线教育,北京 | 广州 | 深圳 | 郑州 | 西安 | 全国各地,,"数学/物理竞赛教练
 | 主讲教师（数学/物理/化学/英语）",2025-09-17,
,,,招满即停,https://mp.weixin.qq.com/s/CieN2uEMp7LE6rmHHcAhlQ,26届秋招,华谊集团下属15家公司，只有测评，是免笔试的,国央企,含免笔试,👈文中扫码投递,,华谊集团,上海 | 广西,,"
 | 管理培训生
 | 
 | 技术研发
 | 
 | 工艺工程师
 | 
 | 设备工程师
 | 
 | 电气工程师
 | 
 | 技术研发
 | 
 | 设备管理
 | 
 | 安全管理
 | 
 | 技术研发
 | 
 | 工艺技术员
 | 
 | 安全环保管理
 | 
 | 电气技术员
 | 
 | 仪表技术员
 | 
 | 分析技术员
 | 
 | 设备技术员
 | 
 | 化工操作
 | 
 | 技术研发
 | 
 | 分析工程师
 | 
 | 设备工程师
 | 
 | 安全工程师
 | 
 | 环保工程师
 | 
 | 设备管理
 | 
 | 项目管理
 | 
 | 技术研发
 | 
 | 设备管理
 | 工程师
 | 
 | 工艺管理
 | 
 | 配方开发
 | 
 | 技术研发
 | 
 | 设备管理
 | 
 | 技术研发
 | 
 | 技术支持
 | 
 | 工艺工程师
 | 
 | 鉴定分类员
 | 
 | 母理工程师
 | 
 | 合规咨询
 | 
 | 技术研发
 | 
 | 产品设计
 | 
 | 质量管理
 | 
 | 计量检测
 | 工程师
 | 特种设备检测
 | 工程师
 | 项目专员
 | 安全运行专员
 | 分析技术员
 | 技术研发
 | 安全环保
 | 仪电工程师
 | 工艺员
 | 战略规划
 | 现场工程师
 | 信息安全
 | 工程师
 | 大数据工程师
 | 技术研发
 | 电气管理
 | 技术研发
 | 工艺管理
 | 设备管理
 | 安全员
 | 仪表设备管理
 | 电气运行
 | 质检分析
 | 化工操作
 | 技术研发
 | 工艺工程师
 | 仪表工程师
 | 设备工程师
 | 化工操作",2025-09-07,
,,,招满即停,https://mp.weixin.qq.com/s/1URIpMU1GCvIE5knuPse_w,26届秋招,网易云音乐非技术岗大多是免笔试，笔试也只针对部分岗位，,互联网,含免笔试,https://campus.163.com/app/index,,网易云音乐,杭州,,"技术开发类
 | Java、客户端、数据分析、数据挖掘
 | 人工智能类算法、算法工程
 | 产品及运营类产品策划、产品运营
 | 内容拓展类
 | 内容商务、内容推广",2025-09-01,
,,,招满即停,http://www.supplywater.com/renli-show-43029.aspx,26届秋招,,能源 | 国央企,含免笔试,http://www.supplywater.com/renli-show-43029.aspx,,长沙水业集团有限公司,长沙,,信息技术工程师、给排水管网技术员、综合文秘、人力资源专员、会计、法务专员、水厂运营技术员、地理信息技术员、电气技术员、工程设计/管理员、安全管理员、排水/污泥运行员、机电设备维修员,2025-10-27,
,,,招满即停,https://mp.weixin.qq.com/s/9tjS6Zu9T7VSQe8UxN5mwg?scene=1,26届秋招,宁夏塞尚集团有五险一金，法定假，年休假，员工福利,其他,含免笔试,https://jsj.top/f/dmwOTX,,宁夏塞尚集团,银川,,TOB营销管培生（专业不限） TOC营销管培生（专业不限）等 生产管培生（食品、生物、 机械、电气专业）质量管理管培生（食品、生物等专业）研发管培生（食品、生物等专业） 职能管培生（专业不限）,2025-10-14,
,,,招满即停,https://mp.weixin.qq.com/s/hZXNAS_uFF05yxiBisy8tw,26届秋招,春秋航空的管培生，鲨鲨提一句，春秋航空是免笔试的,其他,含免笔试,https://wecruit.hotjob.cn/SU64be2022bef57c7e3652057a/mc/position/campus,,春秋航空,上海 | 重庆 | 扬州,,"见习航空工程师点击查看岗位信息
 | 运行控制类培训生点击查看岗位信息
 | 客舱管理类培训生点击查看岗位信息
 | 信息技术类培训生点击查看岗位信息
 | 市场管理类培训生点击查看岗位信息
 | 综合管理类培训生点击查看岗位信息",2025-09-16,
,,,招满即停,https://mp.weixin.qq.com/s/6mo6B8B8ZfAO1jawKEwdbw,26届秋招,花西子岗位需要挺多非技术岗，而且免笔试,快消零售,含免笔试,https://yige-group.zhiye.com/campus/jobs,,花西子,杭州 | 上海,,"运营类
 | 设计类
 | 品牌市场类
 | 供应链类
 | 产研类
 | 职能类",2025-09-16,
,,,招满即停,https://mp.weixin.qq.com/s/Y1TbBGFWqIdBhlhY23INLA,26届秋招,苏宁易购只有部分岗位需要笔试，其他都是免笔试,互联网,含免笔试,https://campus.suning.cn/rps-campus/,,苏宁易购,南京,,商品采销易购,2025-08-31,
,,,招满即止,https://mp.weixin.qq.com/s/gUas6Yf_gziB1yOpB6xxfQ,26届秋招,,外企,含免笔试,https://mp.weixin.qq.com/s/gUas6Yf_gziB1yOpB6xxfQ,,艾宾信息技术开发（上海）,上海,,初级开发工程师,2025-09-29,
,,,招满即止,https://mp.weixin.qq.com/s/_do4whdH0kNAqkMfVbVu2w,26届秋招,,外企,含免笔试,https://app.mokahr.com/campus_apply/enflame/40892#/?anchorName=default_joblist&sourceToken=,,燧原科技,北京 | 上海 | 南京 | 杭州 | 深圳 | 成都,,C++测试开发工程师(算子测试) 算法工程师 AI框架算子开发工程师 大模型训练算法工程师 大模型推理算法工程师 软件应用工程师-上海 软件应用工程师-北京 AI芯片诊断软件开发工程师 AI芯片和系统验证工程师-硬件方向 驱动开发工程师-成都 架构建模工程师 Triton编译器工程师 AI芯片验证工程师 AI框架软件开发工程师 计算处理器架构建模工程师 计算处理器芯片设计工程师-北京 芯片以及系统验证工程师 - GPU 功耗与性能优化 驱动开发工程师-上海 软件基础架构工程师 计算处理器芯片设计工程师-上海 板卡设计工程师,2025-09-24,
,,,招满即停,https://mp.weixin.qq.com/s/N4VpPsfEP7VYReALE0UhAQ,26届秋招,太阳纸业有五险一金，股权激励，职业发展，公司住宿,制造业,含免笔试,https://www.wjx.cn/vm/OtO2p2B.aspx,,太阳纸业,济宁 | 南宁 | 北海 | 海外,,工艺工程师 生产主控 电仪工程师 机械工程师 储备骨干(生产方向) 采购员 会计 运维工程师 环保专员 广西生产储备,2025-10-23,
,,,招满即停,https://mp.weixin.qq.com/s/2_Ina0034FhoDHntD8l1pA,26届秋招,福建华威集团有五险一金，节假日福利，女性友好，各种补贴，交通便利，工作环境好,其他,含免笔试,https://mp.weixin.qq.com/s/2_Ina0034FhoDHntD8l1pA,,福建华威集团,福州,,行政 法务 人资 财务 投资 经营管理 信息技术 礼宾 幼儿园教师 小学/中学各科教师 国际课程教师 市场运营 商业服务 水电工程 餐厅服务 机械工程师 研发助理 客服 引导员,2025-10-16,
,,,招满即停,https://mp.weixin.qq.com/s/yq_gwqFrx-arQ9Zceoprag,26届秋招,江西铜业有人才补贴，硕士最高9万，博士20万，,国央企,含免笔试,http://wscloud.kingdee.com/ws_sync/register/index.html#/job_list?type=1&id=AzAAAAlkMjNBvwon&serviceURL=http61.180.120.808088shr,,江西铜业,深圳 | 香港,,工程技术岗（测量、采矿、选矿、冶金材料、化工、机械、电气、安全、环保等）；科研开发岗（地质、采矿、选矿、机械、电气自动化、计算机、冶金材料等）；经营管理岗（财务、法律、企管、贸易等）；生产操作岗（化工、机械、电气自动化、冶金、材料、采矿、选矿等专业）,2025-10-02,
,,,招满即停,https://mp.weixin.qq.com/s/Bi0neMTxrX5H4jGngSL9mw,春招,许昌智能有五险一金、带薪休假、安家费等福利,科技,含免笔试,https://mp.weixin.qq.com/s/Bi0neMTxrX5H4jGngSL9mw,,许昌智能,北京 | 郑州 | 许昌 | 武汉,,"系统开发工程师,储能研发工程师,嵌入式软件研发工程师,方案拓展工程师,系统集成研发工程师,电能表研发工程师,机械研发工程师,工程设计工程师,技术支持工程师,投标专员,变压器设计工程师,变压器文档管理,电能表工艺工程师,产品调试工程师,售后服务工程师,110kV GIS 产品机械设计工程师,110kV GIS 产品电气设计工程师,机械工程设计,喷涂工艺员,国内销售,海外销售（专业要求：电气工程及自动化、电气工程、电子信息、电力系统及其自动化、电力电子与电力传动、自动化、测控技术与仪器、电子信息工程、通信工程、计算机、轨道交通、机械设计、工程造价、国际贸易、语言类（英语、俄语方向））",2026-02-01,
,,,26.3.1,https://www.hbhtgroup.com/rcfz/zxns/202601/t20260120_169996.shtml,春招,湖北宏泰集团提供六险二金、体检、食宿补等福利,国央企,含免笔试,https://www.hbhtgroup.com/rcfz/zxns/202601/t20260120_169996.shtml,,湖北宏泰集团,武汉,,金融类（金融学、金融工程、保险学、投资学、金融科技等）、法学类、管理类（财务管理、人力资源管理、行政管理、资产评估、电子商务等）、战新产业类（新一代移动通信、工业软件、人工智能、生物技术、环境生态工程、新能源、新能源汽车、新材料等）,2026-01-21,
,,,招满即停,https://mp.weixin.qq.com/s/jOA0z-QFReE_HZKD0ibevw,26届秋招,歌尔丹拿免笔试，海内外岗位，弹性工作制，节假日福利，人文关怀,科技,含免笔试,https://k13pqewe7i.jobs.feishu.cn/641372/?spread=K38FMZW,,歌尔丹拿,北京 | 长春 | 上海 | 南京 | 苏州 | 青岛 | 潍坊 | 深圳 | 海外,,商务拓展岗，工业设计岗，产品经理，应用设计与开发岗，硬件研发岗，工艺研发岗，材料研发岗，包装工程岗，智能制造数字化算法岗，电声检测开发岗，总账会计岗，项目管理岗，供应商品质管理岗，研发品质管理岗，订单管理岗，运营项目管理岗，市场分析岗，音频算法，linux 开发，嵌入式软件，结构研发岗，声学研发岗，算法研发岗，用户体验岗，市场营销岗，测试开发岗，运营管理岗，交互设计岗，视觉设计岗，HR 管培生，管理推进岗，商务管理岗,2025-10-20,
,,,11.25,https://mp.weixin.qq.com/s/y5AXR7hDH-UUa7GXwX4cQQ,26届秋招,宏利集团免笔试,外企 | 金融,含免笔试,https://careers.manulife.com/cn/zh/job/JR25100557/Manulife-Asia-LEAD-Program-Management-Associate,,宏利集团,上海,,Agency Distribution Management；Bancassurance Distribution Management,2025-10-16,
,,,招满即停,https://mp.weixin.qq.com/s/O-jz6ZJAa-K7jw5hQWLluw,26届秋招,天津医药集团绩效奖金，激励，社会保障,生物医药,含免笔试,https://tjph1.zhiye.com/,,天津医药集团,天津 | 廊坊 | 三河,,生产管理岗，质量管理岗，中药材购销岗，生产操作岗，生产技术岗，研发技术岗，医疗销售代表，质检员，化验员，药物警戒与专利岗，设备管理，临床医学岗，检测岗 2，QC，QA，检测岗 1，生产操作，制剂研发岗，分析研发岗，质量巡检员，生产人员，总账会计，药理研发岗，见习培训专员，见习商业专员，见习产品专员（创新），见习产品专员（医疗），见习产品专员（零售），见习推广主管，见习零售主管，人力实习生，业务洞察岗，QC 岗，维修岗，QA 岗，应届生专员岗，设计岗，安全工程师，设备能源管理岗，国际注册专员，工艺岗，QA 专员，电工，产品经理助理，信息化维修专员，自动化设备专员,2025-10-15,
,,,招满即停,https://mp.weixin.qq.com/s/cNbIH4v_OC6E7_LR4wGq7g,春招,守艺好文化传媒有竞争力的酬薪、实习优秀可转正,其他,含免笔试,👈参见公告,,守艺好文化传媒,长沙,,AI特效师,2026-01-29,
,,,招满即停,http://mp.weixin.qq.com/s?__biz=MzU2MjA3NjMxMA==&mid=2247495716&idx=1&sn=e6492cd2afc8d47adcd095048bb1e236&chksm=fc6dbfddcb1a36cbdbe8eb18ec2db7282efd562f6dc643e4398b5c8823fcd78a9f4f71605ad5#rd,26届秋招,凡岛电商发展部有多个岗位,快消零售,含免笔试,https://job.fandow.com/schoolRecruitment,,凡岛电商发展部,广州,,电商管培生 设计管培生,2025-10-23,
,,,招满即停,https://mp.weixin.qq.com/s/SmoTBmIfBlZMxm8-KLHkJw,26届秋招,舒客电商的线下宣讲会免笔试，也没有测评，最快7天就能拿offer,快消零售,含免笔试,https://tianzhulingshan.jobs.feishu.cn/267335,,舒客电商,广州,,"平台电商运营
 | 直播运营
 | 内容运营
 | 渠道运营
 | 市场推广
 | 产品经理
 | 供应链管理
 | 财务管理
 | 平面设计",2025-09-01,
,,,招满即停,https://mp.weixin.qq.com/s/vkgDs1YxZPFmSOntc5RHSw,26届秋招,亚东集团有高年薪，六险一金，员工福利，安家补贴，人才培养,其他,含免笔试,https://www.ydchem.cn/rec/deliver?id=163&did=287,,亚东集团,石家庄 | 沧州 | 衡水 | 海外,,聚氨酯技术研发/应用工程师 销售业务经理 生产类 人力资源 财会类 采购类 研发方向 营销方向,2025-11-04,
,,,招满即停,https://mp.weixin.qq.com/s/d1cDqp4BKRTqQmKDJypG7Q?scene=1&click_id=24,26届秋招,旭升集团免笔试，面向全球,科技,含免笔试,https://xsjthr.zhiye.com/campus,,旭升集团,全国各地,,市场营销类 质量管理类 项目管理类 工艺技术类 研发类 职能类,2025-10-20,
,,,招满即停,https://mp.weixin.qq.com/s/P8ydYXdQtDnQwUCuL_u_FA,26届秋招,,生物医药,含免笔试,https://mp.weixin.qq.com/s/P8ydYXdQtDnQwUCuL_u_FA,,上方生物BLG,上海 | 嘉兴,,市场营销类 应用研发类 生产制造类 技术工艺类 机械机电类 行政运营类 财务类 人力资源类 IT类,2025-10-09,
,,,招满即停,https://mp.weixin.qq.com/s/ZcCGWpPjgvYTb1zfGVuH8g,26届秋招,,国央企 | 汽车新能源,含免笔试,https://doc.weixin.qq.com/forms/AN4ASweGAAgABAAMAaTAA0CN31ReVfnPf?sid=z_BjUowcSXQuolFzAEVUMgAA#/blankpage?type=blank,,厦门金龙联合汽车,厦门,,海外国家经理 海外售后技术支持工程师 国内销售业务经理 国内售后技术支持工程师 技术研发工程师 工艺/采购/质量工程师,2025-10-08,
,,,招满即停,➡️校招公告,26届秋招,特步集团的泉州区域免费住宿,快消零售,含免笔试,👈文中扫码投递,,特步集团,全国各地,,"品牌类
 | 产品类
 | 技术类
 | 电商类
 | 销售管理类
 | 供应链
 | ＆生产类
 | 职能类",2025-09-14,
,,,招满即停,https://mp.weixin.qq.com/s/hsdYoaHFoPTzAbrhswwKQg,26届秋招,携程仅研发类&设计类岗位设有专业笔试，其他岗位都是免笔试,互联网,含免笔试,,,携程集团/Eagle Program,上海,,Eagle Program-Big Data Engineer、MachineLearning Engineer、Data Product Manager、Back-end Engineer,2025-08-24,
,,,招满即止,https://mp.weixin.qq.com/s/JSOaFr3pWjLfBiFqhtoSzQ,26届提前批,兆易创新的提前批投递免笔试,半导体,含免笔试,,,兆易创新,北京 | 上海 | 深圳 | 全国各地 | 西安,,,2025-07-17,
,,,10.31,https://mp.weixin.qq.com/s/Z-96BAbQ-RRrvoM-s7lh8Q,26届秋招,,外企,含免笔试,https://app.mokahr.com/campus-recruitment/bosch/73873#/,,博世力士乐,北京 | 上海 | 苏州 | 武汉,,产品管理工程师 智能工程机械开发工程师 行走机械与系统开发工程师 控制算法工程师 农机应用工程师 制造运营工程师 电液应用工程师 塑机应用工程师 电气工程师 设计工程师 产品工程师 质量工程师 销售工程师 研发测试工程师,2025-09-26,
,公告,,深圳 长沙,2026-02-11,互联网/人工智能,投递,民企,管培生开发算法产品运营,招满为止,会员可查看,货拉拉,春招,会员可查看,,,-
,,,招满即停,https://mp.weixin.qq.com/s/kipLkBF_iMMWY30J5NTVRg,26届秋招,横琴长隆国际海洋度假区有八小时工作制，周休两天，多种福利,快消零售,含免笔试,https://chimelong.zhiye.com/jobs?activityGuid=de86340b-cc67-489f-895b-afe254e4f167,,横琴长隆国际海洋度假区,珠海,,2025年横琴长隆度假区秋招实习生（有转正机会）：营运服务岗:接待类、商品类、客房类、餐饮服务类、餐饮出品类；专业技术岗:工程技术类、演艺技术类、动管维生类、救生类；行政职能岗:人力资源类、财务类、后勤类,2025-10-26,
,,,招满即停,https://mp.weixin.qq.com/s/i3TmDQsrk-3kw21KJfu6aA,26届秋招,北森有高竞争力薪资，九险一金，女性友好，多个补贴,互联网,含免笔试,https://beisen.zhiye.com/campus/jobs,,北森,北京 | 大连 | 上海 | 南京 | 苏州 | 杭州 | 郑州 | 武汉 | 长沙 | 广州 | 深圳 | 成都 | 西安,,软件产品经理 测评产品经理 前端工程师 后端工程师 测试工程师 DBA工程师 运维工程师 安全工程师 AI算法工程师 交付经理 客户成功经理 系统支持顾问 销售管培生 交付管培生 UX设计,2025-10-21,
,,,招满即停,https://mp.weixin.qq.com/s/dEZEhlsKbvOav_JQA8Breg?wxwork_userid=YangZhiHong&from=singlemessage&scene=1&subscene=10000&sessionid=1762402120&clicktime=1762404350&enterid=1762404350&ascene=1&fasttmpl_type=0&fasttmpl_fullversion=7983990-zh_CN-zip&fasttmpl_flag=0&realreporttime=1762404350525#wechat_redirect,26届秋招,,互联网,含免笔试,https://jobs.kunlun.com/459522 |  ,,昆仑万维,北京 | 深圳 | 广州 | 长沙 | 海外,,"强化学习、大模型框架、 AI infra 、多模态、语音算法、视频算法、推荐算法、流媒体算法、 NLP 、 CV 、 TTS .. 
 | 技术 GO 开发、客户端、 H 5 
 | 运营区域运营、产品运营
 | 产品产品经理 
 | 市场优化、剪辑 
 | 内容编剧、编辑 ",2025-11-04,
,,,招满即停,https://mp.weixin.qq.com/s/5r63NJX_tUJf0DRUMGSykw,26届秋招,晔龙国际&粕力科技集团有较高薪资，绩效奖金，带薪年假，工作氛围好,其他,含免笔试,https://mp.weixin.qq.com/s/5r63NJX_tUJf0DRUMGSykw,,晔龙国际&粕力科技集团,全国各地,,市场营销类 物流管理类 金融类（金融、经济与贸易、物流管理、工商管理、财务管理等相关专业背景）,2025-10-28,
,,,招满即停,https://mp.weixin.qq.com/s/S1x-8QcKWXYzyvjvlO-CHA,秋招补录,牧原招聘岗位较多,农业,含免笔试,https://app.mokahr.com/campus-recruitment/muyuan/145076#/,,牧原,全国各地,,生鲜客户经理养殖生产储备干部兽医师肉食生产储备干部营养研发岗产品经理 机械设计工程师 兽医研发岗 种猪技术岗 算法工程师 市场管理岗管培生,2026-01-29,
,,,招满即停,https://mp.weixin.qq.com/s/hhv7ubG7A76ivgd7sDxtaA,26届秋招,康恩贝有工资绩效，五险一金，各种补贴，人文关怀,生物医药,含免笔试,https://xyzp.51job.com/conba2026/p3.html,,康恩贝,杭州 | 金华 | 温州,,财务 人力 行政 法学 计算机 大数据 药学 中药 制药工程 医学 市场 国际贸易 药学 化工 生物制药 机械 电气工程,2025-10-16,
,,,招满即停,https://mp.weixin.qq.com/s/DCMZ6YdHdv3TGuv22kBXyg?wxwork_userid=YangZhiHong&scene=1&click_id=18#wechat_redirect,26届秋招,睿智科技提供全额五险一金，还有北京落户,金融,含免笔试,https://wisecotech.zhiye.com,,睿智科技,北京 | 上海 | 深圳,,数据分析师分析咨询师/Java工程师销售管培生,2025-09-24,
,,,招满即停,➡️校招公告,26届秋招,金田集团免笔试，政府人才就业补贴：硕士最高11w，博士最高120w,制造业,含免笔试,https://wecruit.hotjob.cn/SU663c2abe1eb8053acd9c0e34/mc/position/campus?projectId=201901,,金田集团,宁波 | 广东 | 江苏 | 重庆 | 内蒙古,,"材料研发
 | 铜及铜合金材料研发、磁性材料研发、电磁线产品研发等
 | 市场开发
 | 国际市场开发、国内市场开发
 | 工艺技术
 | 铜及铜合金材料工艺、磁性材料工艺、电磁线工艺、产品设计等
 | 财务资金
 | 财务会计、管理会计、财务数字化、资金管理等
 | 技术支持
 | 产品应用工程师、技术支持工程师
 | 供应链管理
 | 原料采购、辅料采购、设备采购
 | 等
 | 生产品质
 | 储备班组长、车间管理、精益生产、品质管理、体系管理等
 | 人力资源
 | 招聘、培训、绩效、组织发展、HRBP等
 | 装备管理
 | 机械技术、电气技术等
 | 信息化
 | 信息规划管理、流程管理",2025-09-14,
,,,10月中旬,https://mp.weixin.qq.com/s/Ipr7CXp7xx7785M3kYHh6w,26届秋招,黑芝麻智能的部分岗位需要面试，其他岗位都是免笔试的,互联网,含免笔试,https://bsthr.zhiye.com,,黑芝麻智能,深圳 | 武汉 | 成都 | 上海,,"芯片类
 | 数字IC设计工程师
 | 数字IC 验证工程师
 | 算法类
 | 辅助驾驶应用开发工程师
 | 模型推理优化工程师
 | 编译器类
 | Al编译器工程师
 | 软件类
 | AI 系统软件工程师",2025-09-09,
,,,招满即停,https://mp.weixin.qq.com/s/BXq54YcGyE5yBwdbspkXOA,26届秋招,海柔创新的职能岗也可以给20-30w，也有海外的子公司，研发岗才有笔试，其他岗位免笔试,制造业,含免笔试,https://hairobotics.zhiye.com/campus,,海柔创新,深圳 | 东莞 | 盐城 | 北京 | 上海 | 苏州 | 杭州 | 武汉 | 广州 | 厦门 | 青岛,,"算法类
 | 40-75万/年
 | 运控算法工程师
 | 感知算法工程师
 | 运筹优化算法工程师
 | 机器人研发类
 | 25-50W/年
 | 机械工程师
 | 电气工程师
 | 电机应用工程师
 | 減速机应用工程师
 | 嵌入式工程师
 | 硬件（本身）测试工程师
 | 产品规划工程师
 | 工艺工程师
 | 产品经理
 | 软件研发类
 | Java开发工程师
 | 25-50W/年
 | 软件测试工程师（中/日区域）
 | 软件测试开发工程师
 | 营销交付类
 | 战略分析岗
 | 交付运营岗（韩国区域）
 | 解决方案岗
 | （中/日/韩区域/战略大客户/集成设备方向）
 | 20-35W/年
 | 数据分析岗
 | 项目助理（中/日区域）
 | 产品市场岗（美/欧/亚太区域）
 | 销售助理（中/日区域）
 | 技术支持工程师（中/美/澳/韩/新区域）
 | 设计类
 | UI/UX设计
 | 20-35W/年
 | 品牌设计
 | ID工业设计
 | 供应链类
 | 20-30W/年
 | 采购工程师
 | 物料计划工程师
 | 供应商质量工程师
 | 职能类
 | 20-30W/年
 | 财务岗
 | 国际物流工程师
 | 采购跟单
 | 人力资源岗",2025-09-02,
,,,招满即停,http://mp.weixin.qq.com/s/SFwcYSDe_322ASAFcOqSmg,26届秋招,,游戏,含免笔试,https://jobs.66y.com/campus/position/list,,游酷盛世,北京 | 广州,,校招岗位： 客户端开发工程师 运维工程师 服务器开发工程师 游戏测试工程师 游戏策划 渠道运营(投放方向) 广告优化师 游戏发行运营 3D动作设计师 3D特效设计师 原画设计师 3D模型设计师 动效师 技术美术(美术向),2025-10-27,
,,,招满即停,https://mp.weixin.qq.com/s/RUvg2v5jk4_VcTvlIPxiWA,26届秋招,伟经集团的本科和大专均需求多个岗位,其他,含免笔试,https://m.zhaopin.com/xiaoyuan/company/detail?redirect=mxiaoyuan&comid=KA0550426729P90000003000&productId=-1&channelId=-1,,伟经集团,佛山,,会计助理 人力资源助理专员 结构设计助理工程师 模具设计助理工程师 工业设计助理工程师 外贸业务助理 跨境电商 PIE助理工程师 品管员 模具学徒 样板学徒 线切学徒 CNC学徒 班组长后备 PMC助理专员,2025-10-29,
,,,招满即停,https://mp.weixin.qq.com/s/Cel86DUadaKbiz2XCInoUQ?click_id=12,26届秋招,兴储世纪有五险一金，补充医疗，双休，各种假期，补贴,能源,含免笔试,https://mp.weixin.qq.com/s/Cel86DUadaKbiz2XCInoUQ?click_id=12,,兴储世纪,成都 | 深圳 | 自贡 | 天津 | 海外,,海外销售类、生产工艺类、质量管理类、品牌宣传类、财务类、软件工程师、工程交付管理、技术交付工程师,2025-10-25,
,,,招满即停,https://mp.weixin.qq.com/s/NQbFAvTa60UPYHl9wec15A,26届秋招,费森尤斯卡比（中国）投资有限公司招聘城市广,外企 | 生物医药,含免笔试,https://app.mokahr.com/campus-recruitment/fresenius/150661?sharePageId=4321163#/jobs/4321163,,费森尤斯卡比（中国）投资有限公司,北京 | 太原 | 呼和浩特 | 上海 | 南京 | 无锡 | 徐州 | 苏州 | 镇江 | 杭州 | 宁波 | 绍兴 | 台州 | 合肥 | 济南 | 泰安 | 武汉 | 长沙 | 广州 | 深圳 | 汕头 | 中山 | 重庆 | 成都 | 贵阳 | 昆明 | 西安 | 兰州,,医药代表实习生 中央准入策略实习生 中央招标实习生 合规监控团队实习生 合规部实习生 企业传播实习生 HROperation实习生,2025-10-13,
,,,10月,https://mp.weixin.qq.com/s/tbPzCiFLQVzslgmU-Te18w,26届秋招,西门子医疗也是老牌外企了,外企 | 生物医药,含免笔试,👈文中扫码投递,,西门子医疗,北京 | 上海 | 深圳 | 无锡,,培训生 研发制造岗,2025-09-11,
,,,招满即停,https://mp.weixin.qq.com/s/y5ubcSQmhSc5SiCoIrO5dw,26届秋招,中国飞鹤招聘九大类型岗位，只有在线测评，免笔试的,快消零售,含免笔试,https://wecruit.hotjob.cn/SU65b7693c1eb8053c62ea6f47/mc/position/campus,,中国飞鹤,北京 | 黑龙江,,"食品研发
 | 市场营销
 | 电商运营
 | 品牌运营
 | 职能
 | 销售
 | 生产管理
 | 质量管理
 | 牧业管理",2025-09-07,
,,,招满即停,https://mp.weixin.qq.com/s/9gO4gxMm73bsNmNWjlz_rQ?scene=1&click_id=85,26届秋招,广联达也是只有技术岗有笔试，其他免笔试,互联网,含免笔试,👈邮箱投递,,广联达,北京 | 西安 | 上海 | 广州,,开发类、算法类、测试类、产品类、销售类等,2025-08-31,
,,,招满即停,https://mp.weixin.qq.com/s/kByihatECqh7TxNHOuP0MA,26届秋招,罗德传播集团面向语言、新闻传播、广告类专业,外企,含免笔试,https://mp.weixin.qq.com/s/kByihatECqh7TxNHOuP0MA,,罗德传播集团,北京 | 上海 | 广州,,AAE（传播方向） PR Intern（公关实习生） Designer（助理设计师）（）,2025-10-20,
,,,招满即停,https://mp.weixin.qq.com/s/qhruHuVhqmwG5sUjV_KXqQ,26届秋招,陕西莱特光电有五险一金，人才培养，激励奖金，免笔试,制造业,含免笔试,https://mp.weixin.qq.com/s/qhruHuVhqmwG5sUjV_KXqQ,,陕西莱特光电,西安 | 渭南,,OLED高级主任工程师 OLED材料研发工程师 有机合成工程师 OLED器件助理工程师 分析检测工程师 设备助理工程师 品质助理工程师 技术助理工程师 国内大客户销售管培生 海外大客户销售管培生 采购专员 财务专员,2025-10-14,
,,,招满即停,https://mp.weixin.qq.com/s/6_UQfxyL86QSmVmWIo3tTA,26届秋招,Cytiva有五险一金，上海落户，补充医疗，灵活办公多种福利,外企 | 生物医药,含免笔试,https://xym.51job.com/wechat/vuectmjobs/#/index?id=4764CB77-D93C-498E-97A5-8D9F8C67CA1F&color=31BE88&prd=yddzy,,Cytiva,上海 | 杭州 | 台湾省,,管培生（生产工程师 数字营销专家 产品专员 技术专家 项目管理专家，生化环材等相关专业优先）,2025-10-13,
,,,招满即停,https://mp.weixin.qq.com/s/dROQE6KGH0vGSYVOgrsP8g?scene=1&click_id=12,26届秋招,,其他,含免笔试,https://app.mokahr.com/campus-recruitment/reach24h/94498#/jobs?page=1&anchorName=jobsList,,杭州瑞欧科技有限公司,杭州,,法规技术工程师(毒理) 法规技术工程师(化工安全) 法规技术工程师(双碳) 法规技术工程师(化妆品) 客户经理(日语) 法规技术工程师(农用化学品) 法规技术工程师(化学品) 客户经理(消费品) 客户经理(农用化学品),2025-10-10,
,,,招满即停,https://mp.weixin.qq.com/s/bLwRx3YbWeFsg-1VCdiVHg,26届秋招,,国央企,含免笔试,https://xyzp.hnxg.com.cn/,,湖南钢铁集团,湘潭,,冶金、材料类（冶金工程、材料科学与工程（金属材料、焊接或无损检测方向）、材料成型及控制工程、金属材料及热处理、焊接工艺与技术、无损检测技术、无机非金属材料、热能与动力工程、矿物加工工程（团矿方向）、化学工艺与工程、采矿工程等相关专业）；机械类（机械工程及其自动化、液压传动与控制 / 机械电子工程（液压方向）等相关专业）；电气类（电气工程及其自动化、自动化、控制科学与控制工程、智能制造等相关专业）；计算机类（软件工程、计算机科学与技术、网络工程、信息安全、大数据、机器人工程、电子信息等相关专业）；交通运输类（铁道工程、交通运输工程（铁路方向）、热能与动力工程（内燃机车方向）、车辆工程、物流管理等相关专业）；建筑类（土木工程、结构工程、建筑学等相关专业）；安全环保类（安全、环境、园林、植物保护等相关专业）；职能管理类（会计学 / 财务管理、外国语、国际贸易、市场营销、多媒体制作、图书 / 档案类、旅游管理、舞蹈 / 编导、体育特长生（篮球、羽毛球、网球或足球）等相关专业）。,2025-10-08,
,,,招满即停,https://mp.weixin.qq.com/s/bhmeeGyB1W_p4C829fTkvQ,26届秋招,,农业,含免笔试,https://www.wjx.cn/vm/exttBmC.aspx,,优然牧业,全国各地,,畜牧生产类、研发技术类、安全管理类、设备管理类、环保工程类、质量检验类、供应采购类、财务会计类、人事行政类、信息技术类、事业农技类 •,2025-10-04,
,,,招满即止,https://mp.weixin.qq.com/s/rONe2vLgtmmYcVODNgwJEw,26届秋招,,外企,含免笔试,https://campus.51job.com/sds/zpgw.html,,纳铁福,上海 | 武汉,,研发方向、制造方向、质量方向,2025-09-28,
,公告,,北京,2026-02-11,互联网/人工智能,投递,央国企,Java后端开发测试 基础架构 数据产品行业营销 干部人事,2026-03-15,会员可查看,朴道征信,春招,会员可查看,,,-
,,,招满即停,https://mp.weixin.qq.com/s/M32N7jVJalXkUZYYQBUggg,26届秋招,植德律师事务所工作地点广,咨询法律,含免笔试,https://meritsandtree.zhiye.com/campus/jobs?LocId=id1100label,,植德律师事务所,北京 | 上海 | 杭州 | 武汉 | 深圳 | 香港,,特殊资产与破产重组（争议解决与重组方向）法律实习生，不动产部实习生（争议解决方向），反垄断与竞争法实习生，项目实习生 - 特殊资产与破产重组，特殊资产与破产重组法律实习生，家事服务与财富管理法律实习生，投融资并购法律实习生，投资并购法律实习生，投融资并购实习生，特殊资产与破产重组留用实习生（含商事争议），争议解决法律实习生，资本市场实习生，银行与金融实习生，投资基金法律实习生，政府监管与合规实习生，争议解决实习生,2025-10-15,
,,,招满即停,https://mp.weixin.qq.com/s/JjtF5XJ_red9uSctY_UvBg,26届秋招,鼎捷数智有多个工作地点，招收海内外毕业生,科技,含免笔试,https://www.digiwin.com/jobs/job-school.html?select=jbrjh,,鼎捷数智,上海 | 南京 | 苏州 | 杭州 | 绍兴 | 武汉 | 广州 | 全国各地,,产品研发类 AI算法、AI产品经理 交付实施类 实施顾问、售前顾问 业务销售类 软件大客户销售 战略支持类 人资、法务、财务,2025-10-27,
,,,招满即停,https://mp.weixin.qq.com/s/VloeKY1gTLiNsDc4CwKVgQ?scene=1,26届秋招,扬翔股份招聘专业广，五险一金，员工福利,其他,含免笔试,https://yangxiang.zhiye.com/Campus/jobs,,扬翔股份,全国各地,,管培生 采购管理 物流管理 财务管理 行政管理 人力资源管理 公共关系专员 新媒体运营 兽医师 营养师 育种师 生产管理 技术服务员 环保专员 生产统计员 食品品管员 疫病检测员 客户经理 电商运营 销售内勤 电商主播 设备管理员（专业要求：金融学，经济学，国贸，数学，物流，供应链，财务，会计，行政管理，工商管理，人力资源管理，公共管理，社会学，秘书学，新闻，广告，美术，编导，传媒，动物医学，兽医，动物科学，动物饲料与营养，动物遗传育种与繁殖，畜牧兽医，生物技术，环境工程，资源环境科学，食品质量与安全，食品科学与工程，市场营销，电子商务，传播，主持，市场，播音，电气，自动化，机电，机械）,2025-10-13,
,,,招满即停,https://mp.weixin.qq.com/s/j49KpwzaiigoPbJPlaLqUQ,26届秋招,,制造业,含免笔试,https://goldwind.zhiye.com/campus/jobs,,Goldwin 金风,北京,,详情见官网,2025-09-16,
,,,招满即停,https://mp.weixin.qq.com/s/qLUqkBh-35vZzcJmRtdn5Q,春招,信誉楼百货集团有五险一金、带薪年休假,快消零售,含免笔试,https://hr.xylbh.cn:8088/Mobile/application/resumeAddIndex.html?api=https://hr.xylbh.cn:8088/&hr=https://hr.xylbh.cn:8088/&key=eKgDaxeXDEoBie0csZQTwA==,,信誉楼百货集团,北京 | 天津 | 全国各地,,管培生,2026-02-01,
,,,招满即停,http://mp.weixin.qq.com/s/ShLMtVEIa82zWfvcbVgFHA,26届秋招,金光纸业（中国）投资有限公司招聘专业广，就业地点多,外企,含免笔试,https://app.mokahr.com/campus-recruitment/jinguangapp/146948?locale=zh-CN#/jobs,,金光纸业（中国）投资有限公司,上海 | 南通 | 镇江 | 宁波 | 潍坊 | 钦州 | 儋州,,采购管培生 财务管培生 商用客户销售管培生,2025-10-15,
,,,11月底,https://mp.weixin.qq.com/s/EA7Eupx31ff9hae53NSRdw,26届秋招,斯堪尼亚制造不愧是是免笔试的外企，通过HR初筛就发起面试,外企,含免笔试,https://app.mokahr.com/su/vjdqeb,,斯堪尼亚制造(中国),南通 | 上海,,研发未来人才培训生生产与物流工程师培训生管理培训生,2025-09-10,
,,,招满即停,https://mp.weixin.qq.com/s/P7TEyxcG73EVlOccLRkuwg,26届秋招,雀巢有全国各地办公，人才培养，专业培训,外企 | 快消零售,含免笔试,https://nestle.tupu360.com/position/list?business=Omni+Grocery+Retail+Sales&enter=menu&lang=zh_CN&type=GROUPMANAGEMENTRUITMENT&state=181e3e5d0da0364d61e63f7512ce1018&code=0518ae100AKAhV1yy6400gnKnp38ae1z&_t=1762311781149,,雀巢,北京 | 沈阳 | 上海 | 南昌 | 武汉 | 长沙 | 广州 | 成都 | 西安,,销售管培生 Sales Trainee,2025-11-04,
,,,招满即停,https://mp.weixin.qq.com/s/9iybhUTTcfIq8P9qlSLIww,26届秋招,,建筑,含免笔试,https://mp.weixin.qq.com/s/9iybhUTTcfIq8P9qlSLIww,,索菲亚,广州,,"家居设计师（环境艺术设计、家具室内设计、产品设计、建筑室内设计等设计专业） 家居销售（专业不限,有意向从事家居行业类销售）",2025-10-27,
,,,招满即停,https://mp.weixin.qq.com/s/DGp0nHDR018V7GCHzTQNbQ,26届秋招,哈尔滨三联药业有五险一金，年度休假，人才政策补贴多种福利,生物医药,含免笔试,https://mp.weixin.qq.com/s/DGp0nHDR018V7GCHzTQNbQ,,哈尔滨三联药业,哈尔滨 | 绥化,,工艺员 QA、QC 电气、机械工程师 销售代表（相关专业：药学、中药学相关专业，电气、机械等相关专业，医药类相关专业，动物医学、动物药学、兽医等相关专业，医药类相关专业）,2025-10-13,
,,,招满即停,https://mp.weixin.qq.com/s/ESxNs1SZr1DHJnWDmP2q9g,26届秋招,,国央企,含免笔试,https://zhaopin.chnenergy.com.cn/,,龙源电力,全国各地,,检修员 值班员 运行分析专责 电力系统工程师 智能设备研发工程师 数据质量工程师 财务专责 人资专责 市场营销专责,2025-10-08,
,,,招满即停,https://mp.weixin.qq.com/s/dxEN4c1ntE0NZ5cqDgxEHg,26届秋招,新城市集团的管培生工资更高一些,其他,含免笔试,👈扫码投递,,新城市集团,广州,,(政企)联络及品牌专员、开发助理/专员、政策研究及宣传助理、园林/土建/水电装修助理工程师、设计助理工程师、策划助理/专员、置业顾问、客服助理/专员、小区物业服务专员、会计专员、出纳/资金管理专员、招商证券专员、秘书,2025-10-02,
,,,招满即停,https://mp.weixin.qq.com/s/-kEyUlu-x1OaqKESh4v4NQ,26届秋招,,国央企,含免笔试,👈扫码投递,,中国电子迈普通信,成都 | 全国各地,,"软件开发工程师（嵌入式）
 | 硬件开发工程师
 | 行业销售经理
 | 技术工程师
 | 海外技术工程师",2025-09-30,
,,,招满即停,https://mp.weixin.qq.com/s/eOZcapJYk4mV-P_T9Mhowg?scene=1&click_id=8,春招,捷迅光电六险一金、有竞争力的酬薪，福利公寓和工作餐,互联网,含免笔试,https://mp.weixin.qq.com/s/eOZcapJYk4mV-P_T9Mhowg?scene=1&click_id=8,,捷迅光电,安徽,,海外销售经理，国内销售经理，售后服务工程师，软件工程师，电气工程师，机械工程师，应用工程师，生产管培生，采购专员，行政专员，合规法务专员，信息化专员,2026-01-17,
,,,10.31,https://mp.weixin.qq.com/s/qx-z947XqgGwaLpCrDXVvw,26届秋招,,事业单位,含免笔试,https://cdsgbdst2026.zhaopin.com/,,成都市广播电视台,成都,,全媒体采编岗 新媒体运营岗 视频制作包装岗 导演岗 编导岗 视觉设计岗 摄像岗 双语主持人（兼编导）岗 XR技术设计工程师岗 XR技术运维工程师岗 行政文秘岗 法务管理岗,2025-10-10,
,,,招满即停,https://mp.weixin.qq.com/s/A_VpWP8jYJl9rdpWod8b3Q,26届秋招,康师傅百饮不限专业，工作地点遍布全国,外企 | 快消零售,含免笔试,👈文中扫码投递,,康师傅百饮,全国各地,,详情见官网,2025-09-24,
,,,26.1.9,https://mp.weixin.qq.com/s/gXtIZOVwZmLQN41h6xB3Ow,26届秋招,北京环球度假区岗位多，福利待遇好，对员工人文关怀,外企,含免笔试,https://app.mokahr.com/campus-recruitment/ubr/117987#/jobs,,北京环球度假区,北京,,园区运营 技术服务 服装运营 安保运营 餐饮服务 零售运营 烹饪烘焙 仓库管理 娱乐运营 公寓运营,2025-10-20,
,,,招满即停,https://mp.weixin.qq.com/s/wyyUnc66uf5YBY-8cmYsXA,26届秋招,徐福记前景好，海内外岗位，晋升通道，免笔试。看似是国产品牌，但它是雀巢子公司，有很多品牌，乍一听以为是国内的，其实都是外企,外企 | 快消零售,含免笔试,https://app.mokahr.com/campus-recruitment/hfc-foods/102201?locale=zh-cn#/jobs,,徐福记,东莞,,财务管培生 供应链管培生 销售管培生 研发及应用管培生 品牌管培生 技术管培生 采购管培生,2025-10-18,
,,,招满即停,https://mp.weixin.qq.com/s/sKLGRu5tPyTBt19HK7VdeQ,春招,谷仓海外仓有六险一金、带薪年假、节日福利等,电商,含免笔试,https://zongteng.zhiye.com/campus/jobs,,谷仓海外仓,深圳,,仓储解决方案销售支持(海外)尾程渠道,2026-02-05,
,,,招满即停,http://mp.weixin.qq.com/s?__biz=Mzk4ODk5OTI5Ng==&mid=2247487412&idx=1&sn=d4b0b439a6ba796318fd917fd0051991&chksm=c5fdf45bf28a7d4dc280ede3869d7f4e8a5ad0e2ab2e5b9085529651b13150d1811b93a72531#rd,26届秋招,晨鸣集团五险一金，薪资高，双休节假日，女性友好,国央企,含免笔试,http://mp.weixin.qq.com/s?__biz=Mzk4ODk5OTI5Ng==&mid=2247487412&idx=1&sn=d4b0b439a6ba796318fd917fd0051991&chksm=c5fdf45bf28a7d4dc280ede3869d7f4e8a5ad0e2ab2e5b9085529651b13150d1811b93a72531#rd,,晨鸣集团,吉林 | 南昌 | 寿光 | 黄冈 | 湛江,,生产技术类（轻化工程、制浆造纸、印刷/包装工程、林产化工等相关专业） 设备管理类（电气工程及自动化、机械设计 制造、过程装备与控制工程等相关专业） 财务类（会计学、经济学、税务学、审计学等相关专业） 管理类（人力资源管理、企业管理、工商管理、行政管理等相关专业）,2025-10-19,
,,,招满即停,https://mp.weixin.qq.com/s/bP2nN_s5bILbAOr5OSpgSQ,26届秋招,兴发集团有较高薪酬，女性友好，企业年金，人才政策，公积金优待,国央企,含免笔试,https://xym.51job.com/wechat/vuectmjobs/#/index?id=C88056D5-49C8-4A31-ACE0-3C793FF7AC31&color=31BE88&prd=yddzy,,兴发集团,上海 | 宜昌 | 襄阳 | 天门 | 宜都,,化学工程与工艺、高分子材料与工程、材料化学、应用化学、新能源材料与器件、过程装备与控制工程、机械设计制造及其自动化、化工机械、电气工程及其自动化、智能电网信息工程、测控技术与仪器、农学、矿物加工工程、矿业工程、计算机、信息安全、自动化、市场营销、旅游管理、经济学、国际贸易、化工类、英语、俄语等小语种相关专业、会计学、财务管理、金融学、汉语言文学、秘书学、新闻学、法学、马克思主义理论、思想政治教育传播学等相关专业。,2025-10-26,
,,,招满即停,https://mp.weixin.qq.com/s/HMcVSoeFKteXnbQLrHAX4w,26届秋招,,国央企 | 建筑,含免笔试,https://mp.weixin.qq.com/s/HMcVSoeFKteXnbQLrHAX4w,,广州安居集团,广州,,投融资管理 财务管理 商业运营 企业数字化 党建 纪检 品牌 综合材料 人力资源 法律合规（金融、经济学、管理学、财务管理、会计学，市场营销、运营策划，计算机，文史、哲学、法律、政治、马列，人力资源管理，民商法、经济法、诉讼法）,2025-10-13,
,,,招满即停,https://mp.weixin.qq.com/s/hl0KXOaGL40gW6aE3Pas_g,26届秋招,,国央企,含免笔试,https://zhaopin.chng.com.cn/h5/#/pages/recruit/recruit?columnId=25&columnStyle=OutsideOfBeijing,,华能新疆能源开发有限公司,乌鲁木齐 | 新疆,,人力资源管理岗 新能源生产技术岗 财务岗 压缩空气储能生产技术岗 煤矿生产技术岗,2025-10-09,
,,,招满即停,https://mp.weixin.qq.com/s/-1fLoy51ERMklCDti2OklQ,26届秋招,上海先积集成电路有限公司也在招27届实习生,半导体,含免笔试,👈扫码投递,,上海先积集成电路有限公司,上海 | 深圳 | 西安,,OPERATION ASSISTANT 模拟设计实习生 FAE实习生 AE实习生 项目管理实习生 市场推广助理实习生 数字实习生,2025-10-02,
,,,招满即停,➡️校招公告,26届秋招,东方电气集团六险二金、工作地点很多，只有一场面试，流程超快！,国央企,含免笔试,👈文中扫码投递,,东方电气集团,成都 | 德阳 | 自贡 | 广州 | 武汉 | 福州 | 杭州 | 北京 | 上海 | 天津 | 国外,,"研发
 | O1l
 | 营销
 | 党建
 | 设计
 | 项目管理
 | 人力
 | 工艺
 | 采购管理
 | more
 | 机械类
 | 电气类
 | 材料类
 | 能源动力类
 | 自动化类
 | 新能源类
 | 计算机类
 | 化学与化工类
 | 工程类
 | 软件工程类
 | 力学
 | 工业工程类
 | 管理类
 | 工商管理
 | 金融财会类
 | 法学
 | 
 | 物理学
 | 电子商务类
 | more",2025-09-14,
,,,招满即停,https://mp.weixin.qq.com/s/JMDFlCTti_AEbmZvsIKe6Q,26届秋招,丰疆智能的部分岗位有测评，非技术岗免笔试,国央企,含免笔试,👈文中扫码投递,,丰疆智能,深圳 | 南京 | 西安 | 武汉 | 福州,,"
 | 研发类
 | 算法工程师
 | Android开发工程师
 | 嵌入式开发工程师
 | 后端开发工程师
 | 
 | 软件测试工程师
 | Al架构师
 | 系统开发管培生
 | 机械结构工程师
 | 产品类
 | 产品管培生
 | 营销类
 | 海外市场管培生
 | 
 | 海外销售管培生
 | 海外 FAE 管培生
 | 
 | 职能类
 | 审计专员
 | HRBP",2025-09-10,
,,,招满即停,http://mp.weixin.qq.com/s?__biz=Mzg4MjA2MTMzOA==&mid=2247486146&idx=1&sn=8e4abd69132515f20949e5398383edd8&chksm=cf5d33b7f82abaa136e41a3f8134a2774241a312588b1745bb84c55202d70eb214e991ef6038#rd,26届秋招,锦泓时装集团有竞争力薪酬，五险一金，节假日福利，商业保险，晋升通道,快消零售,含免笔试,https://app.mokahr.com/campus-recruitment/vgrass/141156?locale=zh-CN#/,,锦泓时装集团,北京 | 上海 | 南京 | 深圳 | 重庆 | 成都 | 西安 | 嘉兴,,设计方向、企划方向、营销方向、商品运营、内容运营、电商运营、零售校招生、物流运营、供应链运营、生产管理、采购管理、质量管理、工艺技术、人力资源、财务管理、项目管理、IT系统运维、开发工程师、流程专员、资金管理、税务管理,2025-10-27,
,,,11.9,http://mp.weixin.qq.com/s/F1xQTA1Yogu9vxIreQhGoA,26届秋招,vivo招聘免笔试，截止到11.9日,互联网,含免笔试,https://hr-campus.vivo.com/campus/jobs,,vivo,东莞 | 南京 | 深圳,,CMF设计、ID设计、交互设计、UI设计、影像产品经理实习生,2025-10-27,
,,,招满即停,https://mp.weixin.qq.com/s/UPAhrYa3zA7IgMKzJNgChw,26届秋招,全球佳运八小时工作制，双休节假日，福利好，海内外岗位,其他,含免笔试,https://mp.weixin.qq.com/s/UPAhrYa3zA7IgMKzJNgChw,,全球佳运,青岛 | 海外,,销售管培生 运营管培生(操作、外场等方向) 销售管培生 运营管培生（相关专业：语言类，国际贸易类，物流类，船舶类，英语，俄语，集装箱类，法语类，阿拉伯语类，葡萄牙语类）,2025-10-15,
,,,招满即停,https://mp.weixin.qq.com/s/TU7ejRNeUC2g6Hzcpzl8Ag,26届秋招,中兴通讯所有岗位都要做测评，但部分岗位才有笔试，其他岗位都是免笔试的,其他,含免笔试,👈文中扫码投递,,中兴通讯,深圳 | 西安 | 南京 | 上海 | 武汉 | 长沙 | 全国各地,,研发类、营销类、供应链类运营支撑类,2025-08-31,
,,,11.9,https://mp.weixin.qq.com/s/UWUydvuHFZHAuXMWGZtbOg,26届秋招,,国央企,含免笔试,https://jsdg.zhaopin.com/zk/?sessionid=#/pages/notice-group/index?detailId=6f9a26955772fc5a90ad7fb5025c3e58&groupId=3e732e922b38dc34de0834af64b359c9&prantMenuid=5fcc7b2c8dcef12e1278433b22f354fe,,江苏省数据集团,南京,,校招岗位：人力资源岗 会计信息化岗 AI研发工程师 信息化运维岗 信息化运营岗 运营服务岗,2025-10-22,
,,,招满即停,https://mp.weixin.qq.com/s/aGYiGqsQI__MlDNOYwvf2g,春招,,教育,含免笔试,https://zhaopin.xdf.cn/jobs?activityGuid=209b4396-d3c0-401b-ab03-7b67494b5764,,北京新东方,北京,,教师类，运营类,2026-02-04,
,,,26.3.15,https://mp.weixin.qq.com/s/7csRul-q_k0rjvasTR_rdQ?scene=1&click_id=10,春招,冰山集团有竞争力的薪资与全面系统的培养,其他,含免笔试,https://mp.weixin.qq.com/s/7csRul-q_k0rjvasTR_rdQ?scene=1&click_id=10,,冰山集团,大连,,财务管培生 研发设计 销售 工程设计 项目经理 焊接 工艺设计 无损检测 品质管培生 研发设计 (结构) 工程设计 (制冷) 市场技术 电气设计 (武汉) 采购员 (武汉) 销售 (北京或武汉) 俄语商务助理 产品开发设计工程师 电机开发工程师 产品技术销售工程师 海外技术销售工程师 生产技术工程师 设备维修工程师 西班牙语销售经理 英语销售经理 销售工程师 产品开发（财务管理、会计、审计、能动、机械设计、过程装备与控制工程、电气、建环（建筑环境与设备工程）、机械、焊接、材料、动力工程、自动化、供应链管理、物流管理、市场营销、俄语、国际贸易、机电、智能制造、电气工程及其自动化（电机方向）、制冷及低温工程、能源与动力工程、制冷等专业优先）,2026-01-29,
,,,招满即停,https://mp.weixin.qq.com/s/T9fWa-tmvymEr6Zkd5dyZA,26届秋招,,国央企 | 建筑,含免笔试,https://mp.weixin.qq.com/s/T9fWa-tmvymEr6Zkd5dyZA,,中铁十八局,全国各地,,战略产业类、工程技术类、工程预算类、物资设备类、安全环保类、试验检测类、财务会计类、行政管理类,2025-10-08,
,,,招满即停,https://www.xiaoshan.gov.cn/art/2025/10/11/art_1229893469_4410087.html,26届秋招,,国央企,含免笔试,https://xiaoshan.pta.zj.cn:8233/,,萧山区国有企业,杭州,,运营公司招商专员 运营公司投资岗 宣传策划岗 财务管理 财务管理02 园区运营管理岗 产业对接岗 流动人员人事档案管理岗 视觉设计岗,2025-10-14,
,,,招满即停,https://mp.weixin.qq.com/s/EdmGds-Q6oB0NqiVdDkgpg,26届秋招,,其他,含免笔试,https://mp.weixin.qq.com/s/EdmGds-Q6oB0NqiVdDkgpg,,图特精密,全国各地,,国内营销管培生（专业不限）,2025-10-19,
,,,10.30,➡️校招公告,26届秋招,海油工程给985、QS30、博士、拿过两次国奖的研究生免笔试,国央企,含免笔试,➡️投递渠道,,海油工程,天津,,专业技术 / 研发岗：结构类（船舶与海洋工程、工程力学、港口航道与海岸工程、土木工程、岩土工程等相关专业）；材料类（材料科学与工程、焊接技术与工程、油气储运、化学工程与工艺、海洋化学、材料科学与工程等相关专业）；石油化工类（石油工程、油气储运、化学工程等相关专业）；电仪类（电气工程及其自动化、测控技术与仪器、电子信息工程、通信工程、过程装备与控制工程、新能源科学与工程、物理等相关专业）；机械类（机械设计制造及其自动化、能源与动力工程、过程装备与控制工程、轮机工程、新能源科学与工程等相关专业）；信息类（计算机研究与应用、软件工程、网络安全、信息安全、信息管理与信息系统、仿真科学与技术、智能科学与技术、数学等相关专业）；航海类（航海技术、轮机工程、船舶电气、船舶电子等相关专业）；项目管理岗（工程管理、工程造价、国际商务、工商管理、国际贸易等相关专业）；经营管理岗（财务管理、会计学、税收学、审计、国际法、海商法、民商法等相关专业）,2025-09-24,
,,,招满即停,➡️校招公告,26届秋招,神州数码集团提供7险1金，非常优秀者跳过初试复试，直面BOSS,互联网,含免笔试,👈文中扫码投递,,神州数码集团,北京 | 上海 | 广州 | 深圳 | 武汉 | 合肥 | 全国各地,,"AI 专项英才：
 | AI 研究员、AI 开发工程师、AI解決方案、算法工程师⋯..
 | 技术类英才：
 | 产品经理、数据开发、项目管理、咨询顾问、云运维工程师、FAE.....
 | 营销类英才：
 | 大客户销售、渠道销售、客户运营、产品运营…..
 | 职能类英才：
 | 人力、财务、运营",2025-09-14,
,,,招满即停,https://mp.weixin.qq.com/s/fac-7i6fqnTz95oR9JG3yQ,26届秋招,湖北市政建设集团有多种工资，绩效奖金，六险二金，证书补贴，多种福利,国央企,含免笔试,https://hblt.zhiye.com/campus,,湖北市政建设集团,全国各地,,园林景观工程师(工程技术类)(2人)（需求专业:园林工程(技术)、园林、风景园林、土木工程等） 项目技术员(工程技术类)(7人)（需求专业: 土木工程、工程管理、道路工程、公路与城市道路工程等） 项目质量员(工程技术类)(2人)（需求专业: 建筑工程技术、建筑施工技术、水利水电建筑工程、建设工程管理等） 安全员(安全管理类)(12人)（需求专业:安全工程、安全管理、安全科学与工程、土木工程、工程管理等） 项目会计(财务资金类)(7人)（需求专业: 财务、财政学、税收学、会计、经济学、经济统计、金融学等） 纪检员(法务审计类)(1人)（需求专业:法学等相关专业） 园林景观设计师(设计类)(1人)（需求专业:景观设计、风景园林、园艺、环境艺术设计等)项目综合办人员(综合管理类)(2人)（需求专业:行政管理、汉语言文学、新闻学、政治学等）项目施工员(工程技术类)(14人)（需求专业: 土木工程、建筑施工技术、市政工程、给排水工程等） 合同员(工程管理类)(7人)（需求专业: 工程造价、建筑工程预决算、建筑设计(技术)、基础工程技术、市政工程(技术)等） 项目物资员(设备物资类)(8人)（需求专业: 物流管理、物流工程、采购管理、供应链管理等 市场开发岗(市场开发类)(2人)（需求专业: 工程管理、市场开发等相关专业）,2025-11-03,
,,,招满即停,https://mp.weixin.qq.com/s/hD_CQ4ojRVTjcsYjWnejQQ,春招提前批,北京学而思有六险一金、福利假、节日礼盒等,教育,含免笔试,https://jinshuju.com/f/BQERYh,,北京学而思,北京,,素养教师;中学教师;竞赛教练理科、编程(C++,2026-01-30,
,,,招满即停,https://mp.weixin.qq.com/s/JtOmc0nGDNxU57CIKZ-Emg,26届秋招,,国央企 | 快消零售,含免笔试,https://tsingtao.zhiye.com/campus/jobs,,青岛啤酒,天津 | 石家庄 | 邯郸 | 邢台 | 保定 | 沧州 | 廊坊 | 衡水 | 太原 | 长春 | 吉林 | 哈尔滨 | 上海 | 苏州 | 昆山 | 太仓 | 福州 | 青岛 | 郑州 | 广州 | 西安 | 雄安新区,,菁英计划(销售)：专业不限； 菁英计划(财务管理)：财务管理、会计学等相关专业； 菁英计划(人力资源)：人力资源管理、心理学、企业管理等相关专业,2025-10-12,
,,,招满即停,https://mp.weixin.qq.com/s/B4eZA70--IFzaBGMrISbcw,26届秋招,浙江省矿产资源集团可以领杭州的本硕博补贴和租房补贴,国央企 | 能源,含免笔试,👈扫码投递,,浙江省矿产资源集团,浙江,,地质勘察类、矿业开发类,2025-10-01,
,,,招满即停,https://mp.weixin.qq.com/s/AkZlDGYUdZqK1eQ7Jl8etA?scene=1&click_id=92,26届秋招,佳力图有电话面试和现场面试,制造业,含免笔试,👈文中邮箱投递,,佳力图,南京,,研发类技术类市场类,2025-09-23,
,,,招满即停,https://mp.weixin.qq.com/s/uTlb95Yn0ph53fiSToZOpQ,26届秋招,,外企,含免笔试,,,敏实集团,嘉兴 | 宁波 | 湖州 | 天津 | 沈阳 | 广州 | 全国各地,,研发设计类、生产运营类、项目管理类、质量管理类、销售类、职能类,2025-09-10,
,,,招满即停,http://mp.weixin.qq.com/s?__biz=Mzk0NjY0MzgxNg==&mid=2247494453&idx=1&sn=3e9fc7fd386280ee484fac3c5d6c28a8&chksm=c3005d32f477d4240fa8adff1fa2733fa501844f25a70bbee6304e5f6974acac2edaca2aec6a#rd,26届秋招,香港澳美制药有竞争力的薪资，五险一金，海外商业保险，生活保障，交通费报销,生物医药,含免笔试,http://mp.weixin.qq.com/s?__biz=Mzk0NjY0MzgxNg==&mid=2247494453&idx=1&sn=3e9fc7fd386280ee484fac3c5d6c28a8&chksm=c3005d32f477d4240fa8adff1fa2733fa501844f25a70bbee6304e5f6974acac2edaca2aec6a#rd,,香港澳美制药,海外,,海外国家助理经理（需求专业：语言类 国际贸易类 营养学类） 海外财务专员（需求专业：财务类） 市场专员（需求专业：市场营销类 食品类 语言类）,2025-10-26,
,,,招满即停,https://mp.weixin.qq.com/s/BYK9tFg_CgJr5Fd1dA_f3Q,26届秋招,浙农股份有竞争力的薪酬体系，好的前景，丰富员工活动,农业,含免笔试,https://jobs.51job.com/all/coB2dQMVEyATwHagBrUjA.html?timestamp__1258=Yqfh0KYK7KDvqiqGNDQReBKc42eGCFUeD,,浙农股份,杭州,,农技业务岗、农技服务岗、贸易业务岗、综合运营岗、汽车业务岗、中药生产技术/业务岗,2025-10-25,
,,,招满即停,http://mp.weixin.qq.com/s?__biz=MzU4NTU2NDE3Nw==&mid=2247489075&idx=1&sn=58a30d0cc0eb2aa70b03b61cfdafc36e&chksm=fd89ff4dcafe765b57685dbb3e1239839639dec144d99d9ca328beb383a569adf135ebfe9292#rd,26届秋招,热联物流有五险一金，人文关怀，团建活动，补贴，专业培养,其他,含免笔试,https://www.wjx.cn/vm/wYLOWvP.aspx,,热联物流,全国各地,,现场类管培生 海外现场类管培生（不限专业(物流优先)、不限学历）,2025-10-19,
,,,招满即停,https://mp.weixin.qq.com/s/VFNJC5Utpv_SoHfkA6UkTg,26届秋招,,国央企,含免笔试,https://shenergy.m.zhiye.com/xzzw.html,,申能环境科技有限公司,全国各地,,环保技术岗-运维 环保技术岗-工程 技术岗,2025-10-09,
,,,招满即停,https://mp.weixin.qq.com/s/PGv5ct5m-XYxY2P_-hqhAQ,26届秋招,,制造业,含免笔试,👈文中邮箱投递,,艾郎科技,上海 | 南通 | 玉门 | 国外,,工艺工程师机械工程师质量工程师,2025-09-23,
,,,招满即停,➡️校招公告,26届秋招,中国电气装备集团旗下子公司很多，文理都要，工作地点覆盖全国各地，还给北京/上海的户口,国央企,含免笔试,https://ideal.51job.com/CEE2026/,,中国电气装备集团,北京 | 上海 | 郑州 | 天津 | 济南 | 重庆 | 合肥 | 杭州 | 成都 | 全国各地,,"技术类
 | 研发技术|产品设计 | 工程设计|产品调试产品工艺 | 技术支持⋯••
 | 营销类
 | 国内营销经理 |海外营销经理
 | 市场管理 |市场支持⋯
 | 管理类
 | 生产管理 | 供应链管理 | 法务 |审计
 | 财务管理 | 行政管理 | 人力资源管理
 | 党群管理⋯⋯",2025-09-14,
,,,招满即止,https://mp.weixin.qq.com/s/O4kWwSquvmvs62Y_u5ilcw,26届秋招,,外企,含免笔试,https://mp.weixin.qq.com/s/O4kWwSquvmvs62Y_u5ilcw,,OAE出版公司,北京 | 西安,,学术期刊编辑（医学、生物、化学、材料、环境、机械、计算机等专业）,2025-09-29,
,,,招满即停,https://mp.weixin.qq.com/s/kipLkBF_iMMWY30J5NTVRg,26届秋招,横琴长隆国际海洋度假区有八小时工作制，周休两天，多种福利,快消零售,含免笔试,https://chimelong.zhiye.com/jobs?activityGuid=de86340b-cc67-489f-895b-afe254e4f167,,横琴长隆国际海洋度假区,珠海,,2025年横琴长隆度假区秋招实习生（有转正机会）：营运服务岗:接待类、商品类、客房类、餐饮服务类、餐饮出品类；专业技术岗:工程技术类、演艺技术类、动管维生类、救生类；行政职能岗:人力资源类、财务类、后勤类,2025-10-26,
,,,10.31,https://gzw.cq.gov.cn/gqzp/202510/t20251024_15111880.html,26届秋招,,国央企,含免笔试,https://www.cqrc.net/gzw/index/enteritem-104272.html?h=140067&pages=1,,重庆两江假日酒店管理有限公司,重庆,,行政岗（酒店管理、中文、行政管理、工商管理等相关专业） 人力资源岗（人力资源管理、行政管理、酒店管理相关专业）,2025-10-27,
,,,招满即停,https://mp.weixin.qq.com/s/1Vjd4VewMRAo98SBrsn43w,26届秋招,佳农水果有五险一金，绩效奖金，年度奖金，弹性工作，法定节假日,快消零售,含免笔试,https://mp.weixin.qq.com/s/1Vjd4VewMRAo98SBrsn43w,,佳农水果,上海 | 海外,,佳农水果事业部管培生（产品、销售、品牌营销、农业种植方向）,2025-10-18,
,,,招满即停,https://mp.weixin.qq.com/s/viteRsOlWmwJL_CH-hzjCQ,26届秋招,,国央企,含免笔试,https://campus.boe.com,,京东方,北京 | 合肥 | 烟台,,"半导体显示
 | 岗位方向：机器人、3D AI、研发数字化、键合工艺、超声传感、量子点电致发光器件、AI算法、渲
 | 染
 | 工作地：北京
 | 新材料
 | 岗位方向：高分子材料、固态电池、钙钛矿新材料、钙钛矿新工艺、钙钛矿产品开发工作地：合肥/烟台
 | 生物工程
 | 岗位方向：分子生物研究工作地：北京",2025-09-17,
,,,招满即停,https://mp.weixin.qq.com/s/y6DOP9ePxz_hbswHju-TzQ,26届秋招,,国央企,含免笔试,https://careersite.tupu360.com/iscas/position/index?recruitmentType=CAMPUSRECRUITMENT,,中国科学院软件研究所,北京,,计算机、软件、电子信息、网络空间安全、电子科学与技术、信息与通信、控制科学、自动化相关专业数学、声学、光学、光学工程、航空航天、天体力学、导航、测绘、海洋科学、地球物理等相关专业,2025-09-17,
,,,12.31,https://mp.weixin.qq.com/s/58vNuwzpinuQmtFfGJUAbQ,26届秋招,NSK是日企，机械制造业，免笔试，符合招聘条件的往届生也可以投提供五险一金，免费人才公寓等,制造业 | 外企,含免笔试,https://xym.51job.com/wechat/vuectmjobs/#/index?id=29718612-5D33-4A78-B766-A8CE3FC32B32&color=31BE88&prd=yddzy,,NSK,昆山,,机械动力系统   生产技术方向     CAE方向方向,2025-09-15,
,,,招满即停,https://mp.weixin.qq.com/s/mXyJaz6VFstkXMzTi6AC1g,26届秋招,,互联网,含免笔试,➡️投递渠道,,嘉为科技,武汉 | 广州 | 深圳,,后端研发工程师 前端研发工程师 产品助理 测试工程师 运维工程师,2025-09-10,
,,,招满即停,https://mp.weixin.qq.com/s/R-PjzlEhv4jEB7dVhgrIUg,26届秋招,新凯来留学生招聘多类岗位，多个岗位,半导体,含免笔试,https://career.sicarrier.com/#/campus,,新凯来,北京 | 长春 | 上海 | 杭州 | 武汉 | 深圳 | 东莞 | 西安,,软件开发工程师 嵌入式开发工程师 光学技术工程师 电子光学工程师 光电工程师 机械设计工程师 自动化控制工程师 热设计工程师 多物理场仿真工程师 先进材料开发工程师 真空与环控工程师 机电一体化技术工程师 逻辑工程师 射频技术工程师 ASIC设计工程师 电气工程师 信号完整性工程师 器件设计工程师 单板硬件开发工程师 半导体工艺工程师 算法技术工程师 系统集成工程师 软件测试工程师 硬件测试工程师 质量工程师 试制工程师 设备工程师 制造工艺工程师 应用现场工程师 设备应用工程师 客户经理 人力资源专员 秘书 财经专员 律师 知识产权工程师,2025-10-23,
,,,招满即停,https://mp.weixin.qq.com/s/lzLry0RhwTnqKHNcm-EDKQ,26届秋招,,咨询法律,含免笔试,https://haholding.iguopin.com/job,,海安控股,北京 | 海外,,国家安全学类、计算机类、政治学类、安全工程类、工商管理类、外国语言文学类、金融财务类、法学类,2025-10-18,
,,,招满即停,http://mp.weixin.qq.com/s?__biz=Mzg4ODgwOTUxNA==&mid=2247493860&idx=1&sn=d7c29e8f4742afde11646a70ab733aa6&chksm=cff7d9a1f88050b7529e5b48fecdee3306583f396a56669c268a2db88a65d344b210c0341813#rd,26届秋招,,生物医药,含免笔试,👈扫码投递,,鹭燕集团,福州 | 厦门 | 泉州 | 福建,,管培生 人力资源管理 财务管理 资金管理 审计管理 资产管理 物流管理 采购 销售 业务管理 药学管理 零售经营管理 商品管理 电商 新零售 生产制造工艺 质量管控 市场营销 人工智能大数据分析 信息科技技术 电子商务管理 物流管理 储备店长,2025-10-05,
,,,招满即停,➡️校招公告,26届秋招,,其他,含免笔试,https://tingchaoge.zhiye.com/campus,,听潮阁,杭州,,拍策剪实习生 营销实习生 音乐发行中台实习生 混音实习生 二创剪辑实习生 编曲实习生 平面实习生 原画实习生 个人策划实习生 厅策划实习生 招募实习生 直播运营实习生 活动策划实习生 语音厅管理实习生 后期实习生 泛娱乐策划实习生 直播综艺实习生 音乐商务实习生 制片实习生,2025-09-28,
,,,招满即停,https://mp.weixin.qq.com/s/m9F_akngOeeDizoLQxU9oA,26届秋招,,制造业,含免笔试,👈文中扫码投递,,大华集团,上海 | 南京 | 海南 | 西安 | 大连 | 云南 | 广州,,"工程岗
 | 营销岗
 | 人力岗",2025-09-11,
,,,招满即停,https://mp.weixin.qq.com/s/i3TmDQsrk-3kw21KJfu6aA,26届秋招,北森有高竞争力薪资，九险一金，女性友好，多个补贴,互联网,含免笔试,https://beisen.zhiye.com/campus/jobs,,北森,北京 | 大连 | 上海 | 南京 | 苏州 | 杭州 | 郑州 | 武汉 | 长沙 | 广州 | 深圳 | 成都 | 西安,,软件产品经理 测评产品经理 前端工程师 后端工程师 测试工程师 DBA工程师 运维工程师 安全工程师 AI算法工程师 交付经理 客户成功经理 系统支持顾问 销售管培生 交付管培生 UX设计,2025-10-21,
,,,招满即停,http://mp.weixin.qq.com/s?__biz=MzU2MjQ2ODUyNA==&mid=2247564131&idx=1&sn=ea8e494b3de08774cfadc1990c5367f2&chksm=fc6ab8a0cb1d31b688916c10e8196803e06680c9ff22670309e0c71dee62be17f1d8d812007b#rd,26届秋招,,生物医药,含免笔试,http://mp.weixin.qq.com/s?__biz=MzU2MjQ2ODUyNA==&mid=2247564131&idx=1&sn=ea8e494b3de08774cfadc1990c5367f2&chksm=fc6ab8a0cb1d31b688916c10e8196803e06680c9ff22670309e0c71dee62be17f1d8d812007b#rd,,中红医疗,北京 | 上海 | 宜春 | 九江 | 唐山,,战略投资部实习生 出纳 英语翻译 人力实习生 业务员 文档专员 结构工程师 注册专员 机械工程师 电气工程师 行政人事专员,2025-10-10,
,,,招满即停,https://mp.weixin.qq.com/s/qPQRu-loQAKuG6CbFohWUA,26届秋招,杰创智能的技术岗需要笔试，非技术岗是免笔试的,互联网,含免笔试,👈文中扫码投递,,杰创智能,广州 | 北京 | 武汉 | 成都 | 西安,,"产品研发类
 | 规划控制算法工程师：计算机、电子通信、机器人、导航与控制、人工智能等相关专业
 | 视觉算法工程师：人工智能、计算机、电子信息类、数学等相关专业
 | 嵌入式软件工程师：通信工程、电子信息等相关专业硬件工程师：通信工程、电子信息等相关专业安卓开发工程师：计算机、软件工程、电子通信等相关专业Go软件工程师（云计算与人工智能）：计算机、软件工程等相关专业
 | 市场销售类
 | 销售管培生：专业不限
 | 售前产品类
 | 售前产品工程师：通信、人工智能、机器人、计算机、自动化等相关专业
 | 售前技术工程师：智能化、自动化、物联网、计算机、电子信息工程等相关专业
 | 职能类
 | 高管助理管培生：专业不限
 | 采购管培生：通信电子、计算机、物流供应链、经济管理类专业
 | 法务管培生：法学相关专业
 | 人力资源管培生：人力资源、工商管理、行政管理等相关专
 | 业",2025-09-11,
,,,招满即止,https://mp.weixin.qq.com/s/nEOAG3_hAroY_39yGWfrwg,26届秋招,,外企,含免笔试,https://smbccn.zhiye.com/campus/jobs,,三井住友银行（中国）,上海,,前台营业、风险控制、后台运营、职能支持,2025-09-26,
,,,招满即停,https://mp.weixin.qq.com/s/ItUQTCjzekM2lnMO0ZYaVg,26届秋招,美钛中国发展前景好,外企,含免笔试,https://allegischina.wjx.cn/vm/YpsWPVg.aspx,,美钛中国,上海 | 广州 | 苏州 | 北京 | 西安 | 成都 | 全国各地,,客户经理、招聘顾问、招聘顾问实习生,2025-10-19,
,,,招满即停,https://mp.weixin.qq.com/s/TcvZ17qH_xCXmM2MGLTDFA?scene=1,春招,优衣库福利待遇较好WLB,快消零售,含免笔试,https://mp.weixin.qq.com/s/TcvZ17qH_xCXmM2MGLTDFA?scene=1,,优衣库,全国各地,,优衣库经营管理培训生,2026-01-26,
,公告,,北京,2026-02-11,建筑地产/市政工程,投递,央国企,风险内控岗 财务管理岗 干部管理岗 党建宣传岗战略管理岗法务管理岗资产运营管理岗 机电管理岗机构管理岗 绩效管理岗商业策划岗施工管理岗信息运维岗物业管理工程管理讲解服务岗人力资源岗成本核算岗,招满为止,会员可查看,首开集团,春招,会员可查看,,,-
,,,招满即停,http://mp.weixin.qq.com/s/SFwcYSDe_322ASAFcOqSmg,26届秋招,,游戏,含免笔试,https://jobs.66y.com/campus/position/list,,游酷盛世,北京 | 广州,,校招岗位： 客户端开发工程师 运维工程师 服务器开发工程师 游戏测试工程师 游戏策划 渠道运营(投放方向) 广告优化师 游戏发行运营 3D动作设计师 3D特效设计师 原画设计师 3D模型设计师 动效师 技术美术(美术向),2025-10-27,
,,,招满即停,https://mp.weixin.qq.com/s/MxDrmXUOJkGsGAkXt1sSrg,26届秋招,天华集团招聘岗位多，工作城市多，学历要求本科及以上,建筑,含免笔试,https://tianhua.gllue.com/portal/campus,,天华集团,北京 | 天津 | 沈阳 | 上海 | 南京 | 杭州 | 厦门 | 青岛 | 郑州 | 武汉 | 广州 | 深圳 | 重庆 | 成都 | 西安,,建筑设计师 暖通工程师 规划设计师 实习生 结构工程师 给排水工程师 室内设计师 电气工程师 景观设计师 管理培训生,2025-10-13,
,,,招满即停,➡️校招公告,26届秋招,,能源,含免笔试,扫码投递,,方大集团,北京 | 沈阳 | 上海 | 南昌 | 成都 | 重庆 | 兰州,,技术研发类、药学类、临床医学类（专业要求：物理类、化学类、材料类、冶金类、机械类、电气类、自动化类、计算机类、飞行器设计制造类、药学类、临床医学类等）,2025-09-28,
,,,招满即停,https://mp.weixin.qq.com/s?__biz=MzI4MDY5NzcwMg==&mid=2247507289&idx=2&sn=11faf43b62cb8db7ee8a1815d0bf9f2a&chksm=ebb61350dcc19a465484e2d6112449804ac2800e5723affd32e3355c4dcea4c14ee5d575df4b#rd,26届秋招,,制造业,含免笔试,➡️投递渠道,,芜湖造船厂,上海 | 芜湖 | 威海,,生产制造岗 产品研发岗 职能管理岗 质量保证岗 采购管理岗 销售与服务岗,2025-09-10,
,,,招满即停,http://mp.weixin.qq.com/s?__biz=MzI5OTg4MjY2MA==&mid=2247486080&idx=1&sn=c3988782ea97bba9778c104a638fd07a&chksm=ec8e8b4bdbf9025d6e9036c63e6f7ffa92bc342c25a3cfe4af850164ed4efd1c51611cb687fd#rd,26届秋招,天士力医药集团有竞争力薪酬，好的办公环境，人才公寓,生物医药,含免笔试,https://taslypharma.zhaopin.com/,,天士力医药集团,天津 | 本溪,,研发类 生产技术类 市场营销类 职能支持类,2025-10-26,
,,,11.20,https://mp.weixin.qq.com/s/WSMV1Kz5FNLe7TKsFhIi0g?scene=1&click_id=106,26届秋招,新华报业传媒集团有住房，医疗，人才公寓等各种补贴，女性友好，企业年金,国央企,含免笔试,https://job.xhby.net/,,新华报业传媒集团,南京,,英语采编，调研写作，编辑，记者，全媒体采编，视频拍摄与制作，视觉设计，人力资源部工作人员，财务投资部会计,2025-10-22,
,,,26.3.1,https://mp.weixin.qq.com/s/lR-kxtFTeRmVVgeutROZ_Q,春招,涂鸦智能免笔试，可直接面试，提前批不影响正式春招,科技,含免笔试,https://app.mokahr.com/campus-recruitment/tuya/147434?locale=zh-CN#/jobs,,涂鸦智能,杭州 | 深圳,,嵌入式开发、硬件开发、C++开发、AI应用开发、前端开发、iOS/Android开发、客户端跨端开发、音频算法、Al大模型算法、软件测试、嵌入式测试、AI开发者平台产品、Al硬件产品、技术支持、服务运营、产品运营、项目经理,2026-01-19,
,,,招满即停,https://mp.weixin.qq.com/s/sWuSyYcMxeTI4xAsho8wgA,26届秋招,,研究所,含免笔试,👈文中扫码投递,,IDEA研究院AI金融与深度学习中心,深圳,," 量化投研实习生（因子）
 |  量化开发实习生
 |  金融量化研究员-因子方向
 |  算法交易研究岗
 |  期权量化研究员
 |  量化投研实习生（模型）
 |  金融衍生品研究实习生
 |  股票模型研究员
 |  AI金融研究实习生
 |  大模型应用算法实习生
 |  3D视觉算法实习生
 |  AI算法部署实习生
 |  AI视觉研究员
 |  AI算法部署工程师",2025-09-17,
,,,招满即停,https://mp.weixin.qq.com/s/WW5CNsPHYC0bCr4PTkLFKQ,26届秋招,中铁国际解决北京户口，补贴也很多，只有简历筛选，过了之后直接面试，是免笔试的,建筑,含免笔试,👈文中邮箱投递,,中铁国际,北京,,土木工程、工民建、铁道工程、工程造价、 会计学、财务管理等,2025-09-07,
,,,10.15,https://mp.weixin.qq.com/s/QtOoFJfQ4sRV-8VAhSVteg?wxwork_userid=YangZhiHong#wechat_redirect,26届秋招,,外企 | 汽车新能源,含免笔试,https://careersite.tupu360.com/bmw-brilliance/position/index?projectId=686dc85c66fd982d3c4df23c&recruitmentType=CAMPUSRECRUITMENT&sessionid=,,华晨宝马,沈阳,,"产品审核规划工程师
 | 电子电气验证工程师
 | 电子电气工艺规划工程师
 | 动力总成及底盘验证工程师
 | 内外饰系统集成工程师",2025-08-28,
,,,,https://mp.weixin.qq.com/s/OSDBuz0eV_3CEXLmljcsBg,26届提前批,滴滴免笔试，7.17号开始陆续面试，九月初发意向书，一般一天就能面完所有流程。女性友好,互联网,含免笔试,https://app.mokahr.com/m/campus_apply/didiglobal/96064?recommendCode=DShcF4Db&hash=%23%2Fjobs#/jobs,,滴滴,北京 | 杭州,DShcF4Db,工程类、算法类、机器人类、数据类、产品类、安全技术类、金融业务类、运营类、商业分析类；,2025-07-10,
,,,招满即止,https://mp.weixin.qq.com/s/Urns7_WZ8A4pfh31RJdb9g,26届秋招,,外企,含免笔试,https://mp.weixin.qq.com/s/Urns7_WZ8A4pfh31RJdb9g,,FTA Group,上海 | 苏州,,建筑实习生/设计师 规划实习生/设计师 企业室内设计实习生/设计师 产业研究实习生/研究员,2025-09-29,
,,,招满即停,http://mp.weixin.qq.com/s/FN3speyiv0GH3nr2IbJDZw,26届秋招,正略集团免笔试,咨询法律,含免笔试,https://jsj.top/f/RzJ4Ew,,正略集团,北京 | 上海 | 广州,,全职实习分析师、短期实习分析师、文案策划实习生、培训运营实习生,2025-10-28,
,,,招满即停,https://mp.weixin.qq.com/s/EovvbRqEwUu11qniaOX1BA,26届秋招,宜人智科有六险一金，年度体检，年终奖，培养体系,科技,含免笔试,https://wecruit.hotjob.cn/SU664eadff1eb8051cd205d15b/pb/school.html,,宜人智科,北京 | 上海,,风险策略专员 风险模型专员 Java工程师 前端工程师 测试工程师 数据分析专员 经营分析专员 新媒体运营专员 海外资金管理专员 业务支持专员 用户运营专员 产品经理 流量商务助理,2025-10-25,
,,,招满即停,https://mp.weixin.qq.com/s/wPlpTX_eJaZ85mdlorcX-A,26届秋招,华银康集团有五险一金，竞争力薪资，节假日，双晋升通道，多个工作地点,生物医药,含免笔试,https://zp-hyk.huayinlab.com/h5/list?title=2,,华银康集团,全国各地,,营销管培生 销售工程师 病理医生 病理技术员 临检技术员 市场专员 职能类,2025-10-22,
,,,招满即停,https://mp.weixin.qq.com/s/bLwRx3YbWeFsg-1VCdiVHg,26届秋招,,国央企,含免笔试,https://xyzp.hnxg.com.cn/#/,,湖南钢铁（湘钢）,湘潭,,冶金/材料类、机械类、电气类、计算机类、交通运输类、建筑类、安全环保类、职能管理类,2025-10-07,
,,,招满即停,https://mp.weixin.qq.com/s/YmMaOHBOP-isXQgkqmLwwA,26届秋招,德州仪器福利待遇很顶，这次是成都制造基地的招聘,外企 | 半导体,含免笔试,https://app.mokahr.com/campus-recruitment/ti/143986#/jobs,,德州仪器,广州 | 北京 | 杭州 | 上海 | 青岛 | 东莞 | 深圳,,"生产制造类
 | 设备工程师
 | 工艺工程师
 | 工业工程师
 | ＆量产产品管控部门工程师
 | 产品工程师
 | 制造部生产主管（需倒班）
 | 质量工程师
 | 工艺技术员（需倒班）
 | 设备技术员（需倒班）
 | w业务支持类www
 | 人力资源发展项目
 | 采购专员
 | 财务专员
 | 供应链专员
 | 生产计划专员",2025-09-15,
,,,招满即停,https://mp.weixin.qq.com/s/17RY64zd0HPyrQ9d05CpgQ,26届秋招,小猿AI智能硬件的非技术岗免笔试，部分岗位才要面试,互联网,含免笔试,https://hr.yuanfudao.com/campus-recruitment/fenbi/47742/#/,,小猿AI智能硬件,北京,,"产品类
 | 市场类
 | 商分类
 | 
 | 
 | 供应链类
 | 硬件研发类
 | 软件研发类",2025-09-03,
,,,招满即停,https://mp.weixin.qq.com/s/BIDaecoUhBFzyDDheQsrvg,26届秋招,上影集团招聘多类岗位,国央企,含免笔试,https://www.zhaopin.com/companydetail/CZ237387220.htm,,上影集团,上海,,影视产业 / 技术类（后期制作，制片管理，项目执行，影视策划，场景美术，分镜师，AIGC 项目助理）；市场营销 / 管理类（管培生，投资管理，财务专员，人事助理，商务拓展，市场助理，行政文员）；产品设计 / 开发类（产品设计，展陈设计，策划运营）；运营支持（项目助理，接待，讲解员）,2025-11-04,
,,,招满即停,https://mp.weixin.qq.com/s/RIo2IwF1PAzjVDOLsIey0g,26届秋招,,其他,含免笔试,https://7sef.zhiye.com/campus/jobs,,七色纺,成都,,运营管培生、物流管培生、财务管培生、人力管培生,2025-10-12,
,,,招满即停,https://mp.weixin.qq.com/s/X2iP4ZRAwN76dh8Q-tBdMw?scene=1&click_id=91,26届秋招,海特克只有一个测评，没有笔试,制造业,含免笔试,https://xym.51job.com/wechat/vuectmjobs/#/index?id=1A22C9CD-2CA5-410E-BAD1-8D32DE587362&amp;color=31BE88&amp;prd=yddzy,,海特克,上海 | 温州,,质量管理类装配测试类泵、马达、阀研发类市场应用类,2025-09-23,
,,,招满即止,https://mp.weixin.qq.com/s/OZBiuIaLMuoiE-AZUYmAeg,26届秋招,,外企,含免笔试,https://career.newaim.com.au/,,New Aim,广州,,电商运营管培生 采购管培生 IT技术管培生 电商运营应届生 采购应届生 销售应届生 人力资源应届生 财务应届生,2025-09-27,
,,,招满即停,https://mp.weixin.qq.com/s/BUO8fILst2oYZmNNtSQccg,26届秋招,,制造业,含免笔试,https://mp.weixin.qq.com/s/BUO8fILst2oYZmNNtSQccg,,环新集团,安庆,,技术研发类 质量技术类 采购管理类 财务管理类 生产管理类 人力资源、企业发展与文化宣传 市场营销类 IT类(程序开发),2025-10-10,
,,,招满即停,https://mp.weixin.qq.com/s/xYESm5BVXs-03q7Pw2qezQ,26届秋招,,教育,含免笔试,https://www.wjx.top/vm/OtiNirv.aspx,,经纬生涯,全国各地,,区域校园经理 新媒体运营 储备校区负责人 校园经理,2025-10-08,
,,,12月,https://mp.weixin.qq.com/s/EQz2e1jbf-O_63U5qt4TVA,26届秋招,,外企,含免笔试,文末扫码投递,,药明生物,上海 | 苏州 | 成都,,研发、制药生产 生产科技质量、项目管理、数字化、工程、自动化、运营管理,2025-09-22,
,,,11.10,https://mp.weixin.qq.com/s/enpVv1HEX4Jw15q-Wm3-4Q,26届秋招,欧力士集团有双休节假日，住房福利，女性友好，奖金,外企,含免笔试,https://sbylg3si8h.jiandaoyun.com/f/6709dce2a16c810d680c77b0,,欧力士集团,海外,,风险管理方向 会计方向 企业价值提升方向,2025-10-22,
,,,招满即停,https://mp.weixin.qq.com/s/Ovp13jSA3OaWO0FbAwsHXA,26届秋招,鸣鸣很忙集团五险一金，专业培训，节日生日福利,快消零售,含免笔试,https://hnlshm3.zhiye.com/campus/jobs,,鸣鸣很忙集团,全国各地,,开发运营管培生,2025-10-19,
,,,招满即停,https://mp.weixin.qq.com/s/96Leumz0BhnKu8D7tETkZA,26届秋招,,快消零售,含免笔试,https://mp.weixin.qq.com/s/96Leumz0BhnKu8D7tETkZA,,超级猩猩,上海 | 深圳,,区域运营管培生 HR管培生 测试管培生 教练,2025-10-14,
,,,招满即停,➡️校招公告,26届秋招,,半导体,含免笔试,➡️投递渠道,,厦门三安广电,厦门 | 泉州,,工艺工程师 设备工程师 滤波器设计 工程师 器件研发 工程师 长晶工艺 工程师 GaAs研发 工程师 减薄工艺 工程师 GaN研发 工程师 外延研发 工程师 制程整合 工程师,2025-09-10,
,公告,,深圳,2026-02-11,教育培训/在线教育,投递,民企,教师岗教学管培生,招满为止,会员可查看,深圳新东方,春招,会员可查看,,,-
,,,招满即停,https://mp.weixin.qq.com/s/sFyh8Rn8utrGE2nLzq_Vgw,26届秋招,EPO时尚集团五险一金，各种年假，奖金补贴,快消零售,含免笔试,https://app.mokahr.com/campus-recruitment/mocohr/144854?locale=zh-CN#/,,EPO时尚集团,广州,,面辅料跟单培训生，鞋包配饰培训生，供应链运营培训生，平面设计培训生，纸样培训生，品控培训生，商品企划培训生，图案设计培训生，服装设计培训生，空间设计培训生，服装跟单培训生，毛衫设计培训生，品牌推广培训生（服装设计相关专业、服装/纺织工程、时尚管理、建筑设计、视觉传达等专业）,2025-10-15,
,,,招满即停,https://mp.weixin.qq.com/s/fff0Mwx7EGMkAqlf2lddrg,26届秋招,同创集团是服装类，偏向纺织设计类专业,其他,含免笔试,👈扫码投递,,同创集团,深圳,,零售类、设计类、职能类、工艺制版类、实习类,2025-10-01,
,,,招满即停,➡️校招公告,26届秋招,,其他,含免笔试,	 | http://zhaopin.deppon.com/campus,,德邦快递,全国各地,,经营方向 运营方向 销售方向 运营规划类 解决方案类 产品类 财审类 战略支持类 品牌营销类 仓储与供应链类 人力资源类 科技类 客户体验类,2025-09-28,
,,,招满即停,https://mp.weixin.qq.com/s/wbFKCBF2OVWBi4SXeFOUmA,26届秋招,爱普生有五险一金，带薪休假，补贴保障，八小时工作制，食宿高标准,外企,含免笔试,https://epson.zhaopin.com/jobs/index.html,,爱普生,深圳,,厂房电气工程师，安全环境工程师，报关专员，订单管理专员，日语行政专员，制程工程师，部品技术工程师，生产技术工程师，品质工程师，电气设计工程师，机械设计工程师，机器视觉运用工程师,2025-11-03,
,,,招满即停,https://mp.weixin.qq.com/s/QUbTtMXIvSjUotsardyBSA,26届秋招,新城悦服务集团有优越底薪，五险一金，年终奖和节假日福利,建筑,含免笔试,http://campus.51job.com/xinchengyue/jobs.html,,新城悦服务集团,天津 | 上海 | 南京 | 常州 | 苏州 | 南通 | 杭州 | 合肥 | 济南 | 青岛 | 武汉 | 长沙 | 重庆 | 昆明,,项目管理 运营管理 法务管理 人力资源 客户服务 财务管理 资产管理,2025-10-13,
,,,招满即停,https://mp.weixin.qq.com/s/EhtGYITgeneM9k6aOEZezA,26届秋招,,国央企,含免笔试,https://wxmetro.zhaopin.com/company/index.html,,无锡地铁集团,无锡,,智能化技术管理 车载技术管理 AFC系统技术管理 票务技术管理 乘务组织技术管理 机电技术管理（给排水） 自动化技术管理 质量技术管理 站务技术管理 电力调度 行车调度 综合监控系统运维员 AFC系统运维员 项目管理,2025-10-09,
,,,招满即停,https://mp.weixin.qq.com/s/SO_VUVxLzgw7tZaaOINisg,26届秋招,,外企,含免笔试,,,FMC Consulting,北京 | 天津 | 沈阳 | 全国各地,,猎头顾问管培生/实习生,2025-09-10,
,,,招满即停,https://mp.weixin.qq.com/s/duDHvOYlov_KpJYMm7YWdQ,26届秋招,健萌有五险一金，带薪年假，节日关怀，节日补贴，体育类相关专业,快消零售,含免笔试,https://mp.weixin.qq.com/s/duDHvOYlov_KpJYMm7YWdQ,,健萌,南京 | 苏州 | 长沙 | 深圳,,健身教练（体育类相关专业，如:体育教育，健身指导与管理，社会体育指导与管理，运动康复，运动人体科学等专业）,2025-11-02,
,,,12.31,https://mp.weixin.qq.com/s/WAihQqLrwBv0Ddhgvwqmww,26届秋招,富德生命置地免笔试，五险一金，补充商业险，人文关怀，培训体系,建筑,含免笔试,https://xyz.51job.com/External/Apply.aspx?CtmID=8939090,,富德生命置地,深圳,,会计 法务 品牌宣传 物业管理 租赁运营 客户关系 智慧楼宇 产业运营,2025-10-20,
,,,招满即停,https://mp.weixin.qq.com/s/Ovp13jSA3OaWO0FbAwsHXA,26届秋招,鸣鸣很忙集团五险一金，专业培训，节日生日福利,快消零售,含免笔试,https://hnlshm3.zhiye.com/campus/jobs,,鸣鸣很忙集团,全国各地,,开发运营管培生,2025-10-19,
,,,招满即停,https://mp.weixin.qq.com/s/1yQkTLlePrzcEVN8vnXwwg,26届秋招,豪氏威马（中国）六险二金，弹性工作，生活、出差补贴，各种福利,外企 | 制造业,含免笔试,https://mp.weixin.qq.com/s/1yQkTLlePrzcEVN8vnXwwg,,豪氏威马（中国）,福建漳州,,机械工程师培训生、设计工程师培训生、电气工程师培训生、控制系统工程师培训生、计划工程师培训生、调试工程师培训生、初级自动化工程师、初级AI工程师,2025-10-18,
,,,招满即停,https://mp.weixin.qq.com/s/C5ManqleS8LVoAGJsBEgHA,26届秋招,中咨公司有完善培养机制，双通道晋升，人才培养计划,国央企,含免笔试,https://hcmcloud.ciecc.com.cn/recruit/#/portal_job_list?job_class=_HB4_Y2FtcHVz,,中咨公司,全国各地 | 北京,,人力资源管理中心职员 工程监理岗 水利项目咨询人员 生态领域咨询人员 区域经济咨询人员 煤炭规划及项目咨询人员 核电项目咨询人员 水电项目咨询人员 有色金属新材料项目咨询人员 油气项目咨询人员 社会事业项目咨询人员 汽车行业项目咨询人员 生命科学与生物技术领域科技创新咨询人员 核领域项目咨询人员 水资源节约与保护项目咨询人员 节能评审咨询人员 国际项目咨询人员 资本业务创新咨询人员 咨询业发展研究人员,2025-10-26,
,,,招满即停,http://mp.weixin.qq.com/s?__biz=MzA3NzUzMjkxMA==&mid=2454541170&idx=1&sn=8a912850f8f4f1a7ed2685f1307bcec9&chksm=88e968f3bf9ee1e5142ab3a10fe0911f65c08508ed8d794c2a077f6a115858adeb7d393bafe8#rd,26届秋招,海底捞面向多个岗位，有双导师带训,快消零售,含免笔试,https://haidilao.jobs.feishu.cn/412456/?spread=WDC4B3D,,海底捞,上海 | 苏州 | 杭州 | 宁波 | 青岛 | 北京 | 南京 | 深圳 | 全国各地,,未来之星管培生、门店管培生（两个管培的岗位投递链接不同，可从小纸团看板-简章详情-点击不同链接投递）,2025-10-28,
,,,26.5.1,https://mp.weixin.qq.com/s/s0ka9QGiWDyFfOORNookmA,26届秋招,SE德国美高音响岗位众多，前景好，本科起薪6000,外企,含免笔试,https://mp.weixin.qq.com/s/s0ka9QGiWDyFfOORNookmA,,SE德国美高音响,嘉兴,,系统应用工程师(演出) 系统应用助理工程师(演出) 系统设计工程师（固定安装） 系统设计助理工程师（固定安装） 产品教育工程师 销售代表 新媒体运营 视频内容编导 工业设计工程师 产品工程师 / 产品助理 实习岗位,2025-10-20,
,,,11.7,https://mp.weixin.qq.com/s/TwjAwdcy4hpqdT5Ffbqb8w,26届秋招,江苏凤凰新华书店有多个岗位，多个分公司，截止到11.7日,国央企,含免笔试,https://fhxhsd.zhaopin.com/jobs/index.html,,江苏凤凰新华书店,南京 | 江阴 | 徐州 | 溧阳 | 常熟 | 南通 | 淮安 | 盐城 | 扬州 | 扬中,,新媒体运营专员 研学专员 行政专员 会计 渠道拓展专员 商业运营专员 空间视觉设计专员 财务主管 信息技术专员 数字技术专员 人力资源专员 项目策划专员,2025-10-25,
,,,招满即停,http://mp.weixin.qq.com/s/c2Vz9CCqV_7UpGfqxNN6ZQ,26届秋招,锐捷网络招聘专业广，海内外岗位，免笔试,互联网,含免笔试,https://app.mokahr.com/campus-recruitment/ruijie/136206#/jobs?page=1&anchorName=jobsList,,锐捷网络,北京 | 上海 | 南京 | 杭州 | 福州 | 深圳 | 成都 | 海外,,研发 产品 设计 市场 技服 职能 管培 星辰计划（各种学科专业均有需求）,2025-10-15,
,,,招满即停,https://mp.weixin.qq.com/s/iRo2qHMG84nVf1kt10qOhQ,26届秋招,明天集团提供免费食宿、班车,制造业,含免笔试,👈扫码投递,,明天集团,济南,,销售工程师、外贸业务、机械工程师、化工工艺工程师、电气工程师、电子工程师、电机工程师、流体工程师,2025-10-02,
,,,10.20,➡️校招公告,26届秋招,中信银行的信用卡中心，在10.20就截止网申了,国央企,含免笔试,https://wecruit.hotjob.cn/SU621d903fbef57c221e5ca37f/pb/index.html#/,,中信银行信用卡中心,全国各地 | 国外,,"本部岗位
 | 
 | •管理培训生• •产品及渠道类。
 | •风险管理类。
 | •财务管理类、
 | •纪律检查类。
 | • 人力资源类。
 | •战略规划类
 | •信息技术类。
 | 大数据类
 | 营销管理方向
 | 分中心优才生
 | •分期业务方向
 | •",2025-09-14,
,,,招满即停,➡️校招公告,26届秋招,横店集团其实有五万员工，主要从事电气电子、医药健康、影视文旅、现代服务等四大产业。岗位挺丰富的,其他,含免笔试,https://career.hengdian.com,,横店集团,横店 | 杭州 | 上海,,"园研发类
 | 拿智能制造类
 | 6。供应链类
 | 3营销类
 | 国市场类
 | 贝IT类
 | •影视类
 | 奥运营类
 | 子教育类
 | o 财经类
 | 职能类",2025-09-14,
,,,招满即停,https://mp.weixin.qq.com/s/bIEOwTkz-yhcPLG-wpTWCg,26届秋招,,制造业,含免笔试,➡️投递渠道,,依视路陆逊梯卡,东莞,,IE助理工程师 助理工程师 环境运营助理 初级会计,2025-09-10,
,,,招满即停,https://mp.weixin.qq.com/s/Q6mx37RnXClA1TH15MdcPQ,26届秋招,Unity中国免笔试,外企,含免笔试,https://recruiting.unity.cn/982864/?keywords=&category=&location=&project=7554286187838785801&type=&job_hot_flag=&current=1&limit=10&functionCategory=&tag=,,Unity中国,北京 | 上海 | 广州,,创意视觉设计培训生 销售培训生 项目管理培训生 软件开发实习生 - 引擎/图形 产品实习生 - 团结引擎 引擎研发实习生 - 实时全局光照 引擎研发实习生 - 动画系统 引擎研发实习生 - 图形渲染 引擎研发实习生 - VFX粒子特效 引擎研发实习生 - 小游戏平台,2025-10-22,
,,,12.31,https://mp.weixin.qq.com/s/WAihQqLrwBv0Ddhgvwqmww,26届秋招,富德生命置地免笔试，五险一金，补充商业险，人文关怀，培训体系,建筑,含免笔试,https://xyz.51job.com/External/Apply.aspx?CtmID=8939090,,富德生命置地,深圳,,会计 法务 品牌宣传 物业管理 租赁运营 客户关系 智慧楼宇 产业运营,2025-10-20,
,,,招满即停,https://mp.weixin.qq.com/s/AAavsL6g_l3UL-8yAhMqDw,26届秋招,,其他,含免笔试,👈文中扫码投递,,传化集团,杭州,,管培生,2025-09-27,
,,,招满即停,https://mp.weixin.qq.com/s/MDBaT0yzztISY-urusvRrw,26届秋招,,外企,含免笔试,👈文中邮箱投递,,HM集团招聘,上海,,培训生,2025-09-17,
,,,招满即停,https://mp.weixin.qq.com/s/vpUBxS4OcY3Hxai7g_pzOA,26届秋招,顺丰科技只有技术岗才有笔试，其他岗位都是免笔试,互联网,含免笔试,https://campus.sf-express.com/#/homePage,,顺丰科技,深圳 | 武汉 | 上海,,具体参见官网,2025-08-28,
,,,招满即止,https://mp.weixin.qq.com/s/Ic1vJLoPknNRYkurBU2jNQ,26届秋招,阿斯麦光刻的含金量没得说,外企,含免笔试,https://campus.51job.com/asml2026/job.html,,ASML阿斯麦光刻,北京 | 上海 | 深圳 | 武汉 | 合肥,,客户服务工程师、应用工程师,2025-10-02,
,,,招满即停,https://mp.weixin.qq.com/s/DZbJpQoUub6vTsPvzXt0Yg,26届秋招,千里智驾免笔试，招聘多个岗位,汽车新能源,含免笔试,https://app.mokahr.com/campus-recruitment/mhr/140893?sourceToken=2a00bcf5639b990ddfdd51e9e9cf0df3&locale=zh-CN#/jobs?keyword=&page=1&anchorName=jobsList&commitment0=,,千里智驾,上海 | 北京 | 宁波 | 重庆,,算法类、开发类、交付类,2025-11-01,
,,,招满即停,https://mp.weixin.qq.com/s/KV2ubLzqOID2-dhiWIJFYQ,26届秋招,,国央企,含免笔试,https://campus.51job.com/avinex2026,,上海机场集团,上海,,管理培训生、工程师选调培养生、机坪管制、航站楼运行管理、安全管理、陆侧交通运行管理、电气技术支持、暖通技术支持、给排水技术支持、助航灯光设备管理、机电设备管理、信息系统管理、生态净空技术支持、工程管理、工程设计管理、商业资源开发、物流管理,2025-10-10,
,,,招满即停,https://mp.weixin.qq.com/s/b1lNtDnhTwV1BPw3rJpB1w,26届秋招,,国央企,含免笔试,https://www.cbridge.com.cn/rczp,,中铁桥隧技术有限公司,南京,,加固改造设计 施工监控监测 检测试验评估 健康监测系统 特种工程实施 运营养护管理 防腐除湿系统 桥梁船撞防护 软件产品研发 检查检修装备,2025-10-09,
,,,招满即停,https://mp.weixin.qq.com/s/AYAI-COaV696e4l-Kpi5Hw,26届秋招,东海实验室只要硕博，还有补贴,国央企,含免笔试,👈扫码投递,,东海实验室-南京专场,南京,,材料科学与工程、软件工程、电子信息、计算机工程师、海洋科学、测绘科学与技术、光学工程、机械工程、航空宇航科学与技术、人工智能、自动控制科学与工程、电气工程、飞行器控制与信息化、力学、水声工程、飞行器设计与工程、船舶与海洋工程,2025-10-01,
,,,招满即停,https://mp.weixin.qq.com/s/KHEChMhu1yxID8pIFd5JCA,26届秋招,贝克休斯是一家能源外企,外企,含免笔试,文末扫码投递,,贝克休斯（中国）,北京 | 深圳 | 天津 | 成都,,LEAD油田现场工程师/LEAD油田现场工程实习生,2025-09-18,
,,,10.11,https://mp.weixin.qq.com/s/V4AY3PS17BNZpowGGZrb3A,26届秋招,罗兰贝格在10.11截止了,外企,含免笔试,,,罗兰贝格,北京 | 上海,,咨询顾问,2025-08-12,
,,,招满即停,https://mp.weixin.qq.com/s?__biz=Mzk0MDMyMTg0NA==&mid=2247500859&idx=1&sn=c6a2acbe4120904143998dfd53ad5d46&chksm=c2e1f960f5967076123916fa9f034993d38fe39365d88433c5a530264e290d81976c291861c0#rd,26届秋招,北京市市政工程设计研究总院招聘专业多，岗位多，五险一金，年金，补充医疗保险,国央企,含免笔试,https://jqzp.fesco.com.cn/details?infoid=MTAz&cmierscode=1f7755e716494551ae90964e90301dac,,北京市市政工程设计研究总院,石家庄 | 保定 | 呼和浩特 | 上海 | 南京 | 徐州 | 苏州 | 杭州 | 厦门 | 武汉 | 长沙 | 广州 | 深圳 | 佛山 | 东莞 | 南宁 | 海口 | 重庆 | 成都 | 贵阳 | 昆明 | 西安 | 兰州 | 银川 | 乌鲁木齐 | 雄安新区 | 北京,,道路工程 桥梁工程 交通规划与交通运输工程 给排水及环境工程 水利工程 水工结构 暖通工程 供热能源 道路与铁路工程 车辆工程 铁道工程 建筑学 结构工程 风景园林 城乡规划 地图学与地理信息科学 地球物理勘探 岩土工程 电气工程和自动化 控制工程 机械工程 人工智能 数据科学与大数据技术 数字工程 软件工程 信息管理与信息系统 计算机科学与技术 工程管理 工程造价,2025-10-16,
,,,招满即停,https://mp.weixin.qq.com/s/-SumTqss2MZQTYoIlSSTjQ?scene=1&click_id=38,26届秋招,,国央企,含免笔试,https://jinmao.hotjob.cn/,,中国金茂,北京 | 上海 | 南京 | 青岛 | 长沙 | 成都 | 西安 | 全国各地,,工程类 营销类 综合类 商业管理类 酒店管理类 市场拓展类 技术研发类 资源拓展类 社区增值类 基础物管类,2025-10-10,
,,,10.15,https://mp.weixin.qq.com/s/ovuVrRojsFEA2BSZsG72iA,26届秋招,百事的待遇很好,外企,含免笔试,https://young.yingjiesheng.com/xyzlogin?ctmid=9D5809DA-69C8-465A-A3ED-244F8C9C0050&ehirejobid=&jumpurl=https%3A%2F%2Fxyz.51job.com%2Fconsumer%2Fpc%2Fresume%2Findex%3Fctmid%3D8908663%26prd%26prp%26cd%26cp%26ruid%26backurl%26auid%26uuid%26partner,,百事,全国各地,,管培生,2025-08-31,
,,,11.30,https://mp.weixin.qq.com/s/-uLYNqywppV6mdKx4k0Gtw,26届秋招,,外企,含免笔试,https://m.liepin.com/campus/project-detail/14134133/,,BHS博凯机械,上海,,软件开发工程师 机械工程师 机械开发工程师 电气工程师 电气开发工程师 电气服务工程师 质量工程师 产品工程师 工艺培训师 业务分析师,2025-09-30,
,,,招满即停,https://mp.weixin.qq.com/s/f9Jt85DwoDQVadGwwVyJKA,26届秋招,金田新材招聘岗位多，免笔试,制造业,含免笔试,https://mp.weixin.qq.com/s/f9Jt85DwoDQVadGwwVyJKA,,金田新材,盘锦 | 连云港 | 宿迁 | 温州 | 桐城 | 重庆,,技术研发类 制造管理类 制造技术类 市场营销类 专业职能类 供应链类,2025-10-13,
,,,招满即停,https://mp.weixin.qq.com/s/F9gZkYp_XV70KYAceDVvWg,26届秋招,隆基绿能通过简历筛选后可以直接面试,能源,含免笔试,https://longi.hotjob.cn,,隆基绿能,西安 | 咸阳 | 铜川 | 嘉兴 | 上海 | 全国各地,,"研发技术类
 | 
 | 营销市场类
 | 
 | 制造技术类
 | 
 | 职能支持类
 | 
 | 信息技术类",2025-09-15,
,,,,,,,,,,,最新的免笔试在总表筛选👉（教程）,,,,,
,,,招满即停,https://mp.weixin.qq.com/s/3f1y0YSdHqM3QR4_TwS_JA,26届秋招,中建七局六公司有五险二金，带薪休假，各种补贴，人才政策，晋升通道,国央企,含免笔试,https://recruit.cscec.com/recruit#/portal_job_list?job_class=campus&company_id=1873&contract_unit=32046479,,中建七局六公司,全国各地,,工程管理岗 技术质量岗 商务合约岗 安全监督岗 物资管理岗 项目测量岗 人事管理岗 财务管理岗 行政管理岗 党群管理岗 法务管理岗,2025-10-23,
,,,招满即停,https://mp.weixin.qq.com/s/1XpnrlM0qUwo-hYiPc32DQ,26届秋招,博洋家居有五险一金，带薪年假，各种补贴,其他,含免笔试,https://mp.weixin.qq.com/s/1XpnrlM0qUwo-hYiPc32DQ,,博洋家居,宁波,,电商运营(销售中心/产品企划)、电商主播、工艺核算、家纺设计、摄影摄像,2025-10-18,
,,,招满即停,https://mp.weixin.qq.com/s/qXtPvyHvBilvI3Tiepp3dA,26届秋招,天津普林有五险一金，双休，年假年终奖，员工关怀,国央企,含免笔试,https://campus.tcl.com/campus/recruiting.html,,天津普林,天津,,营销类 研发类 工艺类 设备设施类 质量管理类 供应链类 采购类 财务类,2025-10-25,
,,,招满即停,https://mp.weixin.qq.com/s/x3T3oauNPO_NT_fmVew5fg,春招,石家庄新东方有五险一金、法定节假日、节日福利等,教育,含免笔试,https://m.xdf.cn/opt/?state=403706#/,,石家庄新东方,石家庄,,"高中教师,智慧学习教师,青少素养教师（专业要求：语文、数学、英语、物理、化学、生物、政治、历史、地理）",2026-01-18,
,,,招满即停,https://mp.weixin.qq.com/s/N4VpPsfEP7VYReALE0UhAQ,26届秋招,太阳纸业有五险一金，股权激励，职业发展，公司住宿,制造业,含免笔试,https://www.wjx.cn/vm/OtO2p2B.aspx,,太阳纸业,济宁 | 南宁 | 北海 | 海外,,工艺工程师 生产主控 电仪工程师 机械工程师 储备骨干(生产方向) 采购员 会计 运维工程师 环保专员 广西生产储备,2025-10-23,
,,,招满即停,https://mp.weixin.qq.com/s/V6hT2hjvUf6YbXt4XIayvQ,26届秋招,,其他,含免笔试,https://mrs.cugroup.com/campus-recruitment?recruiterId=1856609921547735041,,人本股份,上海 | 无锡 | 杭州 | 温州 | 海外,,产品设计工程师 设备开发工程师 计量检测工程师 试验工程师 技术工程师 工艺工程师 质量工程师 设备工程师 材料工程师 现场工程师 行政职能 物流管理 财务&审计 施工员 IT工程师 销售业务员 外贸业务员 采购业务员,2025-10-10,
,,,招满即停,https://mp.weixin.qq.com/s/XM_It_n5szInsaoLLJe5jQ,26届秋招,花西子免笔试,快消零售,含免笔试,https://yige-group.zhiye.com/campus/jobs,,花西子,杭州,,产品开发,2025-09-24,
,,,招满即停,https://mp.weixin.qq.com/s/f5HdQ0d7UQzXBf2PfKi7hQ,26届秋招,,生物医药,含免笔试,https://app.mokahr.com/campus-recruitment/jiuzhoupharma/74059#/,,九洲药业,杭州 | 台州 | 苏州 | 南京 | 中山 | 盐城,,"研发类
 | 生产技术类
 | EHS
 | EHS类
 | 销售类
 | AI
 | 信息技术类
 | 工程技术类
 | 质量类
 | 项目管理类
 | 职能支持类",2025-09-17,
,,,招满即停,https://mp.weixin.qq.com/s/pSEOeYzLnR-yyblcZU8KIQ,26届秋招,联通数科是中国联通的子公司，给七险二金，可以北京落户,国央企,含免笔试,https://cudt.zhiye.com/campus,,联通数字科技有限公司,北京 | 南京 | 西安,,"技术研发
 | 产品管理
 | 解决方案
 | 项目实施
 | 运营服务",2025-09-15,
,,,招满即停,https://mp.weixin.qq.com/s/5pVfgXUDjVV81Pe5OxX3yg,26届秋招,朝云集团有五险一金，带薪年假，员工活动,快消零售,含免笔试,https://app.mokahr.com/campus-recruitment/cheerwin/147205?locale=zh-CN#/,,朝云集团,广州 | 吉安,,品牌管理类、产品研发类、生产制造类、质量管理类、财务类,2025-10-18,
,,,招满即停,https://mp.weixin.qq.com/s/R7BTfonpEcz0xYCbYjrW1w,秋招补录,塔斯汀补录招聘流程快速,快消零售,含免笔试,https://517tastien.jobs.feishu.cn/071459/position/list,,塔斯汀,福州,,"数据分析管培生,增长产品管培生(C端),产品经理管培生(B端)",2026-01-21,
,,,11.9,https://mp.weixin.qq.com/s/UWUydvuHFZHAuXMWGZtbOg,26届秋招,,国央企,含免笔试,https://jsdg.zhaopin.com/zk/?sessionid=#/pages/notice-group/index?detailId=6f9a26955772fc5a90ad7fb5025c3e58&groupId=3e732e922b38dc34de0834af64b359c9&prantMenuid=5fcc7b2c8dcef12e1278433b22f354fe,,江苏省数据集团,南京,,校招岗位：人力资源岗 会计信息化岗 AI研发工程师 信息化运维岗 信息化运营岗 运营服务岗,2025-10-22,
,,,招满即停,https://mp.weixin.qq.com/s/R4Jo9gaFsCcXr6x5ElN5xQ,26届秋招,诚一集团五险一金，各种补贴，员工福利，意外险,农业,含免笔试,https://mp.weixin.qq.com/s/R4Jo9gaFsCcXr6x5ElN5xQ,,诚一集团,广州 | 中山 | 佛山 | 岳阳,,客户经理、技术经理、初级研究员、检测专员、研发助理、生产管培生,2025-10-14,
,,,招满即停,http://mp.weixin.qq.com/s/-RvFvJOf_Hq-SyVsTigBHQ,26届秋招,兴通股份需要很多文科专业，给六险一金，5天7.5小时工作,其他,含免笔试,https://www.zhaopin.com/companydetail/CZ242087810.htm,,兴通股份,泉州,,海务机务 市场运营 金融财管 综合职能,2025-10-05,
,,,招满即止,https://mp.weixin.qq.com/s/KM46e7kzsAjiAowthzNSfg,26届秋招,圣戈班汽车玻璃同时招25、26届的同学,外企,含免笔试,https://campus.51job.com/SG.Sekurit/process.html,,圣戈班汽车玻璃中国,北京 | 青岛,,生产运营（生产、设备、质量）、设计开发（产品设计）、商务（市场、项目）、财务、EHS（环境、健康与安全）,2025-09-30,
,,,26.2.28,https://mp.weixin.qq.com/s/4I93lGeRnWzOtkm67IXMOg,秋招补录,虎牙福利很好、酬薪体系不错,互联网,含免笔试,https://app.mokahr.com/campus_apply/huya/4112?sessionid=#/,,虎牙,广州 | 深圳 | 佛山 | 上海,,产品类、运营类、技术类、设计类,2026-01-17,
,,,招满即停,https://mp.weixin.qq.com/s/NzWetFLCXZlnsqUKGCtQmA,26届秋招,尤安设计招聘城市多，免笔试,建筑,含免笔试,https://mp.weixin.qq.com/s/NzWetFLCXZlnsqUKGCtQmA,,尤安设计,上海 | 南京 | 郑州 | 长沙 | 深圳,,建筑设计师 建筑实习生,2025-10-20,
,,,招满即停,https://mp.weixin.qq.com/s/8ZDIeLNkPTXN7Q_YP9C7-A,26届秋招,中国航空集团招聘空勤和地面多种岗位,国央企,含免笔试,https://zhaopin.airchina.com.cn/cn/about_us/recruitment/index.shtml,,中国航空集团,全国各地 | 北京,,乘务员 安全员 集团管理储备生 职能业务储备 机务维修 签派员 商务营销 信息技术 飞机理论教员 生产运行保障 采购与供应链 地面业务岗位,2025-10-27,
,,,招满即停,https://mcn3fvhkq7iw.jobs.feishu.cn/384691,26届秋招,华望汽车有25个岗位，工作环境好，个人成长,汽车新能源,含免笔试,https://mcn3fvhkq7iw.jobs.feishu.cn/384691/position/list,,华望汽车,广州,,销售与服务、商品企划与产品定义、车型项目管理、造型设计、技术研发、供应链与制造、财经、综合事务,2025-10-23,
,,,招满即停,https://mp.weixin.qq.com/s/_fZJWMZKg_0QDtYNzmpfvg,26届秋招,中裕能源招聘岗位多，遍布全国，薪资丰厚，奖金激励，公司福利，面向专业广,汽车新能源,含免笔试,https://www.zhongyuenergy.com/campus_recruit.html,,中裕能源,全国各地,,工程技术类： 项目管理 工程设计 工程造价 技术管理； 安全运营类： 安全管理 生产运营 设备管理 计量管理； 市场客服类： 市场开发 客户服务 营销策划 计划统计； 综合管理类： 财务管理 文秘 信息管理 法律事务,2025-10-20,
