year,工作类型,考试/招聘类型,用人单位/系统,岗位示例,学历要求,本科生专业要求,研究生专业要求,考试/招聘形式,报名时间,笔试/考试时间,特殊要求,工作地点,信息来源,备注,专业要求（原始）
2024,教师,2024安徽教师招考,三山经开区教育文体局,三山经开区教育文体局 初中语文,本科及以上,中国语言文学类,,笔试+面试,,,学段：初级中学；学科：语文；招聘职位：初中语文；招聘人数：2,安徽 芜湖三山经开区,https://www.xduim.com/zw/jszk,,专业：中国语言文学类
2024,教师,2024安徽教师招考,三山经开区教育文体局,三山经开区教育文体局 初中数学,本科及以上,数学类,,笔试+面试,,,学段：初级中学；学科：数学；招聘职位：初中数学；招聘人数：2,安徽 芜湖三山经开区,https://www.xduim.com/zw/jszk,,专业：数学类
2024,教师,2024安徽教师招考,三山经开区教育文体局,三山经开区教育文体局 初中英语,本科及以上,英语专业,,笔试+面试,,,学段：初级中学；学科：英语；招聘职位：初中英语；招聘人数：2,安徽 芜湖三山经开区,https://www.xduim.com/zw/jszk,,专业：英语专业
2024,教师,2024安徽教师招考,三山经开区教育文体局,三山经开区教育文体局 初中物理,本科及以上,物理学类,,笔试+面试,,,学段：初级中学；学科：物理；招聘职位：初中物理；招聘人数：1,安徽 芜湖三山经开区,https://www.xduim.com/zw/jszk,,专业：物理学类
2024,教师,2024安徽教师招考,三山经开区教育文体局,三山经开区教育文体局 初中历史,本科及以上,历史学类,,笔试+面试,,,学段：初级中学；学科：历史；招聘职位：初中历史；招聘人数：2,安徽 芜湖三山经开区,https://www.xduim.com/zw/jszk,,专业：历史学类
2024,教师,2024安徽教师招考,三山经开区教育文体局,三山经开区教育文体局 小学语文A,本科及以上,中国语言文学类；小学教育专业、教育学专业,,笔试+面试,,,学段：小学；学科：语文；招聘职位：小学语文A；招聘人数：5,安徽 芜湖三山经开区,https://www.xduim.com/zw/jszk,,专业：中国语言文学类；小学教育专业、教育学专业
2024,教师,2024安徽教师招考,三山经开区教育文体局,三山经开区教育文体局 小学语文 B,本科及以上,中国语言文学类；小学教育专业、教育学专业,,笔试+面试,,,学段：小学；学科：语文；招聘职位：小学语文 B；招聘人数：5,安徽 芜湖三山经开区,https://www.xduim.com/zw/jszk,,专业：中国语言文学类；小学教育专业、教育学专业
2024,教师,2024安徽教师招考,三山经开区教育文体局,三山经开区教育文体局 小学数学A,本科及以上,数学类；小学教育专业,,笔试+面试,,,学段：小学；学科：数学；招聘职位：小学数学A；招聘人数：2,安徽 芜湖三山经开区,https://www.xduim.com/zw/jszk,,专业：数学类；小学教育专业
2024,教师,2024安徽教师招考,三山经开区教育文体局,三山经开区教育文体局 小学数学B,本科及以上,数学类；小学教育专业,,笔试+面试,,,学段：小学；学科：数学；招聘职位：小学数学B；招聘人数：2,安徽 芜湖三山经开区,https://www.xduim.com/zw/jszk,,专业：数学类；小学教育专业
2024,教师,2024安徽教师招考,三山经开区教育文体局,三山经开区教育文体局 小学英语,本科及以上,英语专业,,笔试+面试,,,学段：小学；学科：英语；招聘职位：小学英语；招聘人数：1,安徽 芜湖三山经开区,https://www.xduim.com/zw/jszk,,专业：英语专业
2024,教师,2024安徽教师招考,三山经开区教育文体局,三山经开区教育文体局 小学体育与健康,本科及以上,体育教育专业,,笔试+面试,,,学段：小学；学科：体育与健康；招聘职位：小学体育与健康；招聘人数：2,安徽 芜湖三山经开区,https://www.xduim.com/zw/jszk,,专业：体育教育专业
2024,教师,2024安徽教师招考,三山经开区教育文体局,三山经开区教育文体局 小学音乐,本科及以上,音乐学专业、音乐表演专业,,笔试+面试,,,学段：小学；学科：音乐；招聘职位：小学音乐；招聘人数：1,安徽 芜湖三山经开区,https://www.xduim.com/zw/jszk,,专业：音乐学专业、音乐表演专业
2024,教师,2024安徽教师招考,三山经开区教育文体局,三山经开区教育文体局 小学美术,本科及以上,美术学专业,,笔试+面试,,,学段：小学；学科：美术；招聘职位：小学美术；招聘人数：1,安徽 芜湖三山经开区,https://www.xduim.com/zw/jszk,,专业：美术学专业
2024,教师,2024安徽教师招考,三山经开区教育文体局,三山经开区教育文体局 小学科学,本科及以上,物理学专业、化学专业、生物科学专业、地理科学专业、科学教育专业,,笔试+面试,,,学段：小学；学科：科学；招聘职位：小学科学；招聘人数：2,安徽 芜湖三山经开区,https://www.xduim.com/zw/jszk,,专业：物理学专业、化学专业、生物科学专业、地理科学专业、科学教育专业
2023,教师,2023安徽教师招考,芜湖市第三十九中学,芜湖市第三十九中学 初中历史,本科及以上,历史学类,,笔试+面试,,,学段：初级中学；学科：历史；招聘职位：初中历史；招聘人数：1,安徽 芜湖三山经开区,https://www.xduim.com/zw/jszk,,专业：历史学类
2023,教师,2023安徽教师招考,芜湖市第五十中学,芜湖市第五十中学 初中数学,本科及以上,数学类,,笔试+面试,,,学段：初级中学；学科：数学；招聘职位：初中数学；招聘人数：1,安徽 芜湖三山经开区,https://www.xduim.com/zw/jszk,,专业：数学类
2023,教师,2023安徽教师招考,三山经开区教育文体局,三山经开区教育文体局 小学语文,本科及以上,汉语言文学专业、小学教育专业,,笔试+面试,,,学段：小学；学科：语文；招聘职位：小学语文；招聘人数：2,安徽 芜湖三山经开区,https://www.xduim.com/zw/jszk,,专业：汉语言文学专业、小学教育专业
2023,教师,2023安徽教师招考,三山经开区教育文体局,三山经开区教育文体局 小学数学,本科及以上,数学类；小学教育专业,,笔试+面试,,,学段：小学；学科：数学；招聘职位：小学数学；招聘人数：7,安徽 芜湖三山经开区,https://www.xduim.com/zw/jszk,,专业：数学类；小学教育专业
2023,教师,2023安徽教师招考,芜湖市保定中心小学,芜湖市保定中心小学 小学英语,本科及以上,英语专业,,笔试+面试,,,学段：小学；学科：英语；招聘职位：小学英语；招聘人数：1,安徽 芜湖三山经开区,https://www.xduim.com/zw/jszk,,专业：英语专业
2023,教师,2023安徽教师招考,三山经开区教育文体局,三山经开区教育文体局 小学信息技术,本科及以上,计算机类；教育技术学专业,,笔试+面试,,,学段：小学；学科：信息技术；招聘职位：小学信息技术；招聘人数：2,安徽 芜湖三山经开区,https://www.xduim.com/zw/jszk,,专业：计算机类；教育技术学专业
2023,教师,2023安徽教师招考,芜湖市保定中心小学,芜湖市保定中心小学 小学体育与健康,本科及以上,运动训练专业、体育教育专业,,笔试+面试,,,学段：小学；学科：体育与健康；招聘职位：小学体育与健康；招聘人数：1,安徽 芜湖三山经开区,https://www.xduim.com/zw/jszk,,专业：运动训练专业、体育教育专业
2023,教师,2023安徽教师招考,临泉县教育局,临泉县教育局 高中语文,本科及以上,本科：汉语言文学、汉语言、汉语国际教育；硕士研究生及以上：专业不限,,笔试+面试,,,学段：高级中学；学科：语文；招聘职位：高中语文；招聘人数：3,安徽 阜阳临泉县,https://www.xduim.com/zw/jszk,,专业：本科：汉语言文学、汉语言、汉语国际教育；硕士研究生及以上：专业不限
2023,教师,2023安徽教师招考,临泉县教育局,临泉县教育局 高中数学,本科及以上,本科：数学与应用数学；硕士研究生及以上：专业不限,,笔试+面试,,,学段：高级中学；学科：数学；招聘职位：高中数学；招聘人数：3,安徽 阜阳临泉县,https://www.xduim.com/zw/jszk,,专业：本科：数学与应用数学；硕士研究生及以上：专业不限
2023,教师,2023安徽教师招考,临泉县教育局,临泉县教育局 高中英语,本科及以上,本科：英语；硕士研究生及以上：专业不限,,笔试+面试,,,学段：高级中学；学科：英语；招聘职位：高中英语；招聘人数：4,安徽 阜阳临泉县,https://www.xduim.com/zw/jszk,,专业：本科：英语；硕士研究生及以上：专业不限
2023,教师,2023安徽教师招考,临泉县教育局,临泉县教育局 高中政治,本科及以上,本科：思想政治教育；硕士研究生及以上：专业不限,,笔试+面试,,,学段：高级中学；学科：思想政治；招聘职位：高中政治；招聘人数：3,安徽 阜阳临泉县,https://www.xduim.com/zw/jszk,,专业：本科：思想政治教育；硕士研究生及以上：专业不限
2023,教师,2023安徽教师招考,临泉县教育局,临泉县教育局 高中历史,本科及以上,本科：历史学、世界史；硕士研究生以上专业不限,,笔试+面试,,,学段：高级中学；学科：历史；招聘职位：高中历史；招聘人数：2,安徽 阜阳临泉县,https://www.xduim.com/zw/jszk,,专业：本科：历史学、世界史；硕士研究生以上专业不限
2023,教师,2023安徽教师招考,临泉县教育局,临泉县教育局 高中地理,本科及以上,本科：地理科学；硕士研究生及以上：专业不限,,笔试+面试,,,学段：高级中学；学科：地理；招聘职位：高中地理；招聘人数：2,安徽 阜阳临泉县,https://www.xduim.com/zw/jszk,,专业：本科：地理科学；硕士研究生及以上：专业不限
2023,教师,2023安徽教师招考,临泉县教育局,临泉县教育局 高中物理,本科及以上,本科：物理学、应用物理学；硕士研究生及以上：专业不限,,笔试+面试,,,学段：高级中学；学科：物理；招聘职位：高中物理；招聘人数：6,安徽 阜阳临泉县,https://www.xduim.com/zw/jszk,,专业：本科：物理学、应用物理学；硕士研究生及以上：专业不限
2023,教师,2023安徽教师招考,临泉县教育局,临泉县教育局 高中化学,本科及以上,本科：化学、应用化学；硕士研究生及以上：专业不限,,笔试+面试,,,学段：高级中学；学科：化学；招聘职位：高中化学；招聘人数：4,安徽 阜阳临泉县,https://www.xduim.com/zw/jszk,,专业：本科：化学、应用化学；硕士研究生及以上：专业不限
2023,教师,2023安徽教师招考,临泉县教育局,临泉县教育局 高中生物,本科及以上,本科：生物科学、生物技术；硕士研究生及以上：专业不限,,笔试+面试,,,学段：高级中学；学科：生物；招聘职位：高中生物；招聘人数：3,安徽 阜阳临泉县,https://www.xduim.com/zw/jszk,,专业：本科：生物科学、生物技术；硕士研究生及以上：专业不限
2023,教师,2023安徽教师招考,临泉县教育局,临泉县教育局 高中音乐,本科及以上,本科：音乐学、音乐表演；硕士研究生以上专业不限,,笔试+面试,,,学段：高级中学；学科：音乐；招聘职位：高中音乐；招聘人数：1,安徽 阜阳临泉县,https://www.xduim.com/zw/jszk,,专业：本科：音乐学、音乐表演；硕士研究生以上专业不限
2023,教师,2023安徽教师招考,临泉县教育局,临泉县教育局 高中体育,本科及以上,本科：体育教育或运动训练；硕士研究生及以上：专业不限,,笔试+面试,,,学段：高级中学；学科：体育；招聘职位：高中体育；招聘人数：2,安徽 阜阳临泉县,https://www.xduim.com/zw/jszk,,专业：本科：体育教育或运动训练；硕士研究生及以上：专业不限
2023,教师,2023安徽教师招考,临泉县教育局,临泉县教育局 高中美术,本科及以上,本科：美术学类；研究生及以上专业不限,,笔试+面试,,,学段：高级中学；学科：美术；招聘职位：高中美术；招聘人数：1,安徽 阜阳临泉县,https://www.xduim.com/zw/jszk,,专业：本科：美术学类；研究生及以上专业不限
2023,教师,2023安徽教师招考,临泉县教育局,临泉县教育局 高中信息,本科及以上,本科：教育技术学、计算机科学与技术、软件工程；硕士研究生及以上：专业不限,,笔试+面试,,,学段：高级中学；学科：通用技术；招聘职位：高中信息；招聘人数：1,安徽 阜阳临泉县,https://www.xduim.com/zw/jszk,,专业：本科：教育技术学、计算机科学与技术、软件工程；硕士研究生及以上：专业不限
2023,教师,2023安徽教师招考,临泉县教育局,临泉县教育局 初中语文1组,本科及以上,本科：中国语言文学类；研究生及以上专业不限,,笔试+面试,,,学段：初级中学；学科：语文；招聘职位：初中语文1组；招聘人数：11,安徽 阜阳临泉县,https://www.xduim.com/zw/jszk,,专业：本科：中国语言文学类；研究生及以上专业不限
2023,教师,2023安徽教师招考,临泉县教育局,临泉县教育局 初中语文2组,本科及以上,本科：中国语言文学类；研究生及以上专业不限,,笔试+面试,,,学段：初级中学；学科：语文；招聘职位：初中语文2组；招聘人数：11,安徽 阜阳临泉县,https://www.xduim.com/zw/jszk,,专业：本科：中国语言文学类；研究生及以上专业不限
2023,教师,2023安徽教师招考,临泉县教育局,临泉县教育局 初中数学1组,本科及以上,本科：数学类；研究生及以上专业不限,,笔试+面试,,,学段：初级中学；学科：数学；招聘职位：初中数学1组；招聘人数：11,安徽 阜阳临泉县,https://www.xduim.com/zw/jszk,,专业：本科：数学类；研究生及以上专业不限
2023,教师,2023安徽教师招考,临泉县教育局,临泉县教育局 初中数学2组,本科及以上,本科：数学类；研究生及以上专业不限,,笔试+面试,,,学段：初级中学；学科：数学；招聘职位：初中数学2组；招聘人数：10,安徽 阜阳临泉县,https://www.xduim.com/zw/jszk,,专业：本科：数学类；研究生及以上专业不限
2023,教师,2023安徽教师招考,临泉县教育局,临泉县教育局 初中英语1组,本科及以上,本科：英语、商务英语；研究生及以上专业不限,,笔试+面试,,,学段：初级中学；学科：英语；招聘职位：初中英语1组；招聘人数：7,安徽 阜阳临泉县,https://www.xduim.com/zw/jszk,,专业：本科：英语、商务英语；研究生及以上专业不限
2023,教师,2023安徽教师招考,临泉县教育局,临泉县教育局 初中英语2组,本科及以上,本科：英语、商务英语；研究生及以上专业不限,,笔试+面试,,,学段：初级中学；学科：英语；招聘职位：初中英语2组；招聘人数：5,安徽 阜阳临泉县,https://www.xduim.com/zw/jszk,,专业：本科：英语、商务英语；研究生及以上专业不限
2023,教师,2023安徽教师招考,临泉县教育局,临泉县教育局 初中道德与法治,本科及以上,专业不限,,笔试+面试,,,学段：初级中学；学科：道德与法治；招聘职位：初中道德与法治；招聘人数：7,安徽 阜阳临泉县,https://www.xduim.com/zw/jszk,,专业：专业不限
2024,教师,2024安徽教师招考,临泉县教育局,临泉县教育局 高中语文,本科及以上,本科：汉语言文学、汉语言、汉语国际教育；硕士研究生及以上：专业不限,,笔试+面试,,,学段：高级中学；学科：语文；招聘职位：高中语文；招聘人数：9,安徽 阜阳临泉县,https://www.xduim.com/zw/jszk,,专业：本科：汉语言文学、汉语言、汉语国际教育；硕士研究生及以上：专业不限
2024,教师,2024安徽教师招考,临泉县教育局,临泉县教育局 高中数学,本科及以上,本科：数学与应用数学；硕士研究生及以上：专业不限,,笔试+面试,,,学段：高级中学；学科：数学；招聘职位：高中数学；招聘人数：9,安徽 阜阳临泉县,https://www.xduim.com/zw/jszk,,专业：本科：数学与应用数学；硕士研究生及以上：专业不限
2024,教师,2024安徽教师招考,临泉县教育局,临泉县教育局 高中英语,本科及以上,本科：英语；硕士研究生及以上：专业不限,,笔试+面试,,,学段：高级中学；学科：英语；招聘职位：高中英语；招聘人数：11,安徽 阜阳临泉县,https://www.xduim.com/zw/jszk,,专业：本科：英语；硕士研究生及以上：专业不限
2024,教师,2024安徽教师招考,临泉县教育局,临泉县教育局 高中历史,本科及以上,本科：历史学、世界史；硕士研究生及以上:专业不限,,笔试+面试,,,学段：高级中学；学科：历史；招聘职位：高中历史；招聘人数：4,安徽 阜阳临泉县,https://www.xduim.com/zw/jszk,,专业：本科：历史学、世界史；硕士研究生及以上:专业不限
2024,教师,2024安徽教师招考,临泉县教育局,临泉县教育局 高中政治,本科及以上,本科：思想政治教育；硕士研究生及以上：专业不限,,笔试+面试,,,学段：高级中学；学科：思想政治；招聘职位：高中政治；招聘人数：4,安徽 阜阳临泉县,https://www.xduim.com/zw/jszk,,专业：本科：思想政治教育；硕士研究生及以上：专业不限
2024,教师,2024安徽教师招考,临泉县教育局,临泉县教育局 高中地理,本科及以上,本科：地理科学；硕士研究生及以上：专业不限,,笔试+面试,,,学段：高级中学；学科：地理；招聘职位：高中地理；招聘人数：3,安徽 阜阳临泉县,https://www.xduim.com/zw/jszk,,专业：本科：地理科学；硕士研究生及以上：专业不限
2024,教师,2024安徽教师招考,临泉县教育局,临泉县教育局 高中物理,本科及以上,本科：物理学、应用物理学；硕士研究生及以上：专业不限,,笔试+面试,,,学段：高级中学；学科：物理；招聘职位：高中物理；招聘人数：9,安徽 阜阳临泉县,https://www.xduim.com/zw/jszk,,专业：本科：物理学、应用物理学；硕士研究生及以上：专业不限
2024,教师,2024安徽教师招考,临泉县教育局,临泉县教育局 高中化学,本科及以上,本科：化学、应用化学；硕士研究生及以上：专业不限,,笔试+面试,,,学段：高级中学；学科：化学；招聘职位：高中化学；招聘人数：4,安徽 阜阳临泉县,https://www.xduim.com/zw/jszk,,专业：本科：化学、应用化学；硕士研究生及以上：专业不限
2024,教师,2024安徽教师招考,临泉县教育局,临泉县教育局 高中生物,本科及以上,本科：生物科学、生物技术；硕士研究生及以上：专业不限,,笔试+面试,,,学段：高级中学；学科：生物；招聘职位：高中生物；招聘人数：5,安徽 阜阳临泉县,https://www.xduim.com/zw/jszk,,专业：本科：生物科学、生物技术；硕士研究生及以上：专业不限
2024,教师,2024安徽教师招考,临泉县教育局,临泉县教育局 高中心理健康教育,本科及以上,本科：心理学、应用心理学；硕士研究生及以上：专业不限,,笔试+面试,,,学段：高级中学；学科：心理健康教育；招聘职位：高中心理健康教育；招聘人数：1,安徽 阜阳临泉县,https://www.xduim.com/zw/jszk,,专业：本科：心理学、应用心理学；硕士研究生及以上：专业不限
2024,教师,2024安徽教师招考,临泉县教育局,临泉县教育局 高中音乐,本科及以上,本科：音乐学、音乐表演；硕士研究生及以上：专业不限,,笔试+面试,,,学段：高级中学；学科：音乐；招聘职位：高中音乐；招聘人数：1,安徽 阜阳临泉县,https://www.xduim.com/zw/jszk,,专业：本科：音乐学、音乐表演；硕士研究生及以上：专业不限
2024,教师,2024安徽教师招考,临泉县教育局,临泉县教育局 高中体育,本科及以上,本科：体育教育、运动训练；硕士研究生及以上：专业不限,,笔试+面试,,,学段：高级中学；学科：体育；招聘职位：高中体育；招聘人数：1,安徽 阜阳临泉县,https://www.xduim.com/zw/jszk,,专业：本科：体育教育、运动训练；硕士研究生及以上：专业不限
2024,教师,2024安徽教师招考,临泉县教育局,临泉县教育局 高中信息技术,本科及以上,本科：教育技术学、计算机科学与技术、软件工程；硕士研究生及以上：专业不限,,笔试+面试,,,学段：高级中学；学科：信息技术；招聘职位：高中信息技术；招聘人数：1,安徽 阜阳临泉县,https://www.xduim.com/zw/jszk,,专业：本科：教育技术学、计算机科学与技术、软件工程；硕士研究生及以上：专业不限
2024,教师,2024安徽教师招考,临泉县教育局,临泉县教育局 初中语文1组,本科及以上,本科：中国语言文学类；硕士研究生及以上：专业不限,,笔试+面试,,,学段：初级中学；学科：语文；招聘职位：初中语文1组；招聘人数：8,安徽 阜阳临泉县,https://www.xduim.com/zw/jszk,,专业：本科：中国语言文学类；硕士研究生及以上：专业不限
2024,教师,2024安徽教师招考,临泉县教育局,临泉县教育局 初中语文2组,本科及以上,本科：中国语言文学类；硕士研究生及以上：专业不限,,笔试+面试,,,学段：初级中学；学科：语文；招聘职位：初中语文2组；招聘人数：3,安徽 阜阳临泉县,https://www.xduim.com/zw/jszk,,专业：本科：中国语言文学类；硕士研究生及以上：专业不限
2024,教师,2024安徽教师招考,临泉县教育局,临泉县教育局 初中数学1组,本科及以上,本科：数学类；硕士研究生及以上：专业不限,,笔试+面试,,,学段：初级中学；学科：数学；招聘职位：初中数学1组；招聘人数：9,安徽 阜阳临泉县,https://www.xduim.com/zw/jszk,,专业：本科：数学类；硕士研究生及以上：专业不限
2024,教师,2024安徽教师招考,临泉县教育局,临泉县教育局 初中数学2组,本科及以上,本科：数学类；硕士研究生及以上：专业不限,,笔试+面试,,,学段：初级中学；学科：数学；招聘职位：初中数学2组；招聘人数：8,安徽 阜阳临泉县,https://www.xduim.com/zw/jszk,,专业：本科：数学类；硕士研究生及以上：专业不限
2024,教师,2024安徽教师招考,临泉县教育局,临泉县教育局 初中数学3组,本科及以上,本科：数学类；硕士研究生及以上：专业不限,,笔试+面试,,,学段：初级中学；学科：数学；招聘职位：初中数学3组；招聘人数：7,安徽 阜阳临泉县,https://www.xduim.com/zw/jszk,,专业：本科：数学类；硕士研究生及以上：专业不限
2024,教师,2024安徽教师招考,临泉县教育局,临泉县教育局 初中英语1组,本科及以上,本科：英语、商务英语；硕士研究生及以上：专业不限,,笔试+面试,,,学段：初级中学；学科：英语；招聘职位：初中英语1组；招聘人数：14,安徽 阜阳临泉县,https://www.xduim.com/zw/jszk,,专业：本科：英语、商务英语；硕士研究生及以上：专业不限
2024,教师,2024安徽教师招考,临泉县教育局,临泉县教育局 初中英语2组,本科及以上,本科：英语、商务英语；硕士研究生及以上：专业不限,,笔试+面试,,,学段：初级中学；学科：英语；招聘职位：初中英语2组；招聘人数：4,安徽 阜阳临泉县,https://www.xduim.com/zw/jszk,,专业：本科：英语、商务英语；硕士研究生及以上：专业不限
2024,教师,2024安徽教师招考,义安区教育体育局,2024031 义安区教育体育局 初中地理,本科及以上,本科：地理科学专业070501； 硕士研究生及以上：地理学类0705、学科教学（地理）045110,,笔试+面试,,,学段：初级中学；学科：地理；招聘职位：初中地理；招聘人数：1,安徽 铜陵义安区,https://www.xduim.com/zw/jszk,,专业：本科：地理科学专业070501； 硕士研究生及以上：地理学类0705、学科教学（地理）045110
2024,教师,2024安徽教师招考,义安区教育体育局,2024032 义安区教育体育局 初中音乐,本科及以上,本科：音乐学专业130202； 硕士研究生：音乐学专业050402 、学科教学（音乐）045111,,笔试+面试,,,学段：初级中学；学科：音乐；招聘职位：初中音乐；招聘人数：1,安徽 铜陵义安区,https://www.xduim.com/zw/jszk,,专业：本科：音乐学专业130202； 硕士研究生：音乐学专业050402 、学科教学（音乐）045111
2024,教师,2024安徽教师招考,义安区教育体育局,2024033 义安区教育体育局 小学语文,本科及以上,不限,,笔试+面试,,,学段：小学；学科：语文；招聘职位：小学语文；招聘人数：4,安徽 铜陵义安区,https://www.xduim.com/zw/jszk,,专业：不限
2024,教师,2024安徽教师招考,义安区教育体育局,2024034 义安区教育体育局 小学数学,本科及以上,不限,,笔试+面试,,,学段：小学；学科：数学；招聘职位：小学数学；招聘人数：4,安徽 铜陵义安区,https://www.xduim.com/zw/jszk,,专业：不限
2023,教师,2023安徽教师招考,义安区教育体育局,2023039 义安区教育体育局 初中地理,本科及以上,本科：地理科学类（0705） 硕士研究生：地理学类（0705）、学科教学（地理）（045110）,,笔试+面试,,,学段：初级中学；学科：地理；招聘职位：初中地理；招聘人数：2,安徽 铜陵义安区,https://www.xduim.com/zw/jszk,,专业：本科：地理科学类（0705） 硕士研究生：地理学类（0705）、学科教学（地理）（045110）
2023,教师,2023安徽教师招考,义安区教育体育局,2023040 义安区教育体育局 初中语文,本科及以上,本科：汉语言文学专业（050101） 硕士研究生：中国语言文学类（0501）、学科教学（语文）（045103）,,笔试+面试,,,学段：初级中学；学科：语文；招聘职位：初中语文；招聘人数：1,安徽 铜陵义安区,https://www.xduim.com/zw/jszk,,专业：本科：汉语言文学专业（050101） 硕士研究生：中国语言文学类（0501）、学科教学（语文）（045103）
2023,教师,2023安徽教师招考,义安区教育体育局,2023041 义安区教育体育局 小学语文,专科及以上,不限,,笔试+面试,,,学段：小学；学科：语文；招聘职位：小学语文；招聘人数：2,安徽 铜陵义安区,https://www.xduim.com/zw/jszk,,专业：不限
2023,教师,2023安徽教师招考,义安区教育体育局,2023042 义安区教育体育局 小学数学,专科及以上,不限,,笔试+面试,,,学段：小学；学科：数学；招聘职位：小学数学；招聘人数：6,安徽 铜陵义安区,https://www.xduim.com/zw/jszk,,专业：不限
2023,教师,2023安徽教师招考,义安区教育体育局,2023043 义安区教育体育局 小学英语,专科及以上,不限,,笔试+面试,,,学段：小学；学科：英语；招聘职位：小学英语；招聘人数：2,安徽 铜陵义安区,https://www.xduim.com/zw/jszk,,专业：不限
2023,教师,2023安徽教师招考,义安区教育体育局,2023044 义安区教育体育局 小学美术,专科及以上,不限,,笔试+面试,,,学段：小学；学科：美术；招聘职位：小学美术；招聘人数：1,安徽 铜陵义安区,https://www.xduim.com/zw/jszk,,专业：不限
2024,教师,2024安徽教师招考,五河县教育体育局,8010201 五河县教育体育局,本科及以上,汉语言文学,,笔试+面试,,,学段：高级中学；学科：语文；招聘人数：1,安徽 蚌埠五河县,https://www.xduim.com/zw/jszk,,专业：汉语言文学
2024,教师,2024安徽教师招考,五河县教育体育局,8010202 五河县教育体育局,本科及以上,地理科学类,,笔试+面试,,,学段：高级中学；学科：地理；招聘人数：1,安徽 蚌埠五河县,https://www.xduim.com/zw/jszk,,专业：地理科学类
2024,教师,2024安徽教师招考,五河县教育体育局,8010203 五河县教育体育局,本科及以上,生物科学类,,笔试+面试,,,学段：高级中学；学科：生物；招聘人数：1,安徽 蚌埠五河县,https://www.xduim.com/zw/jszk,,专业：生物科学类
2024,教师,2024安徽教师招考,五河县教育体育局,8010204 五河县教育体育局,本科及以上,体育学类,,笔试+面试,,,学段：高级中学；学科：体育；招聘人数：1,安徽 蚌埠五河县,https://www.xduim.com/zw/jszk,,专业：体育学类
2024,教师,2024安徽教师招考,五河县教育体育局,8010105 五河县教育体育局,本科及以上,专业不限,,笔试+面试,,,学段：初级中学；学科：语文；招聘人数：9,安徽 蚌埠五河县,https://www.xduim.com/zw/jszk,,专业：专业不限
2024,教师,2024安徽教师招考,五河县教育体育局,8010106 五河县教育体育局,本科及以上,专业不限,,笔试+面试,,,学段：初级中学；学科：数学；招聘人数：12,安徽 蚌埠五河县,https://www.xduim.com/zw/jszk,,专业：专业不限
2024,教师,2024安徽教师招考,五河县教育体育局,8010107 五河县教育体育局,本科及以上,专业不限,,笔试+面试,,,学段：初级中学；学科：英语；招聘人数：9,安徽 蚌埠五河县,https://www.xduim.com/zw/jszk,,专业：专业不限
2024,教师,2024安徽教师招考,五河县教育体育局,8010108 五河县教育体育局,本科及以上,专业不限,,笔试+面试,,,学段：初级中学；学科：政治；招聘人数：2,安徽 蚌埠五河县,https://www.xduim.com/zw/jszk,,专业：专业不限
2024,教师,2024安徽教师招考,五河县教育体育局,8010109 五河县教育体育局,本科及以上,专业不限,,笔试+面试,,,学段：初级中学；学科：历史；招聘人数：3,安徽 蚌埠五河县,https://www.xduim.com/zw/jszk,,专业：专业不限
2024,教师,2024安徽教师招考,五河县教育体育局,8010110 五河县教育体育局,本科及以上,专业不限,,笔试+面试,,,学段：初级中学；学科：地理；招聘人数：2,安徽 蚌埠五河县,https://www.xduim.com/zw/jszk,,专业：专业不限
2024,教师,2024安徽教师招考,五河县教育体育局,8010111 五河县教育体育局,本科及以上,专业不限,,笔试+面试,,,学段：初级中学；学科：物理；招聘人数：5,安徽 蚌埠五河县,https://www.xduim.com/zw/jszk,,专业：专业不限
2024,教师,2024安徽教师招考,五河县教育体育局,8010112 五河县教育体育局,本科及以上,专业不限,,笔试+面试,,,学段：初级中学；学科：化学；招聘人数：2,安徽 蚌埠五河县,https://www.xduim.com/zw/jszk,,专业：专业不限
2024,教师,2024安徽教师招考,五河县教育体育局,8010113 五河县教育体育局,本科及以上,专业不限,,笔试+面试,,,学段：初级中学；学科：生物；招聘人数：2,安徽 蚌埠五河县,https://www.xduim.com/zw/jszk,,专业：专业不限
2024,教师,2024安徽教师招考,五河县教育体育局,8010114 五河县教育体育局,本科及以上,专业不限,,笔试+面试,,,学段：初级中学；学科：音乐；招聘人数：1,安徽 蚌埠五河县,https://www.xduim.com/zw/jszk,,专业：专业不限
2024,教师,2024安徽教师招考,五河县教育体育局,8010115 五河县教育体育局,本科及以上,专业不限,,笔试+面试,,,学段：初级中学；学科：体育；招聘人数：2,安徽 蚌埠五河县,https://www.xduim.com/zw/jszk,,专业：专业不限
2024,教师,2024安徽教师招考,五河县教育体育局,8010116 五河县教育体育局,本科及以上,专业不限,,笔试+面试,,,学段：初级中学；学科：美术；招聘人数：1,安徽 蚌埠五河县,https://www.xduim.com/zw/jszk,,专业：专业不限
2024,教师,2024安徽教师招考,五河县教育体育局,8010117 五河县教育体育局,本科及以上,专业不限,,笔试+面试,,,学段：初级中学；学科：信息科技；招聘人数：1,安徽 蚌埠五河县,https://www.xduim.com/zw/jszk,,专业：专业不限
2024,教师,2024安徽教师招考,五河县教育体育局,8010018 五河县教育体育局,本科及以上,专业不限,,笔试+面试,,,学段：小学；学科：语文；招聘人数：13,安徽 蚌埠五河县,https://www.xduim.com/zw/jszk,,专业：专业不限
2024,教师,2024安徽教师招考,五河县教育体育局,8010019 五河县教育体育局,本科及以上,专业不限,,笔试+面试,,,学段：小学；学科：语文；招聘人数：13,安徽 蚌埠五河县,https://www.xduim.com/zw/jszk,,专业：专业不限
2024,教师,2024安徽教师招考,五河县教育体育局,8010020 五河县教育体育局,本科及以上,专业不限,,笔试+面试,,,学段：小学；学科：语文；招聘人数：12,安徽 蚌埠五河县,https://www.xduim.com/zw/jszk,,专业：专业不限
2023,教师,2023安徽教师招考,五河县教育体育局,2023001 五河县教育体育局 高中政治,本科及以上,政治学类,,笔试+面试,,,学段：高级中学；学科：政治；招聘职位：高中政治；招聘人数：1,安徽 蚌埠五河县,https://www.xduim.com/zw/jszk,,专业：政治学类
2023,教师,2023安徽教师招考,五河县教育体育局,2023002 五河县教育体育局 初中语文,本科及以上,汉语言文学,,笔试+面试,,,学段：初级中学；学科：语文；招聘职位：初中语文；招聘人数：9,安徽 蚌埠五河县,https://www.xduim.com/zw/jszk,,专业：汉语言文学
2023,教师,2023安徽教师招考,五河县教育体育局,2023003 五河县教育体育局 初中数学A组,本科及以上,数学与应用数学,,笔试+面试,,,学段：初级中学；学科：数学；招聘职位：初中数学A组；招聘人数：10,安徽 蚌埠五河县,https://www.xduim.com/zw/jszk,,专业：数学与应用数学
2023,教师,2023安徽教师招考,五河县教育体育局,2023004 五河县教育体育局 初中数学B组,本科及以上,数学与应用数学,,笔试+面试,,,学段：初级中学；学科：数学；招聘职位：初中数学B组；招聘人数：10,安徽 蚌埠五河县,https://www.xduim.com/zw/jszk,,专业：数学与应用数学
2023,教师,2023安徽教师招考,五河县教育体育局,2023005 五河县教育体育局 初中英语A组,本科及以上,英语,,笔试+面试,,,学段：初级中学；学科：英语；招聘职位：初中英语A组；招聘人数：9,安徽 蚌埠五河县,https://www.xduim.com/zw/jszk,,专业：英语
2023,教师,2023安徽教师招考,五河县教育体育局,2023006 五河县教育体育局 初中英语B组,本科及以上,英语,,笔试+面试,,,学段：初级中学；学科：英语；招聘职位：初中英语B组；招聘人数：8,安徽 蚌埠五河县,https://www.xduim.com/zw/jszk,,专业：英语
2023,教师,2023安徽教师招考,五河县教育体育局,2023007 五河县教育体育局 初中道德与法治,本科及以上,思想政治教育 政治学类,,笔试+面试,,,学段：初级中学；学科：道德与法治；招聘职位：初中道德与法治；招聘人数：2,安徽 蚌埠五河县,https://www.xduim.com/zw/jszk,,专业：思想政治教育 政治学类
2023,教师,2023安徽教师招考,五河县教育体育局,2023008 五河县教育体育局 初中历史,本科及以上,历史学类,,笔试+面试,,,学段：初级中学；学科：历史；招聘职位：初中历史；招聘人数：4,安徽 蚌埠五河县,https://www.xduim.com/zw/jszk,,专业：历史学类
2023,教师,2023安徽教师招考,五河县教育体育局,2023009 五河县教育体育局 初中地理,本科及以上,地理科学类,,笔试+面试,,,学段：初级中学；学科：地理；招聘职位：初中地理；招聘人数：4,安徽 蚌埠五河县,https://www.xduim.com/zw/jszk,,专业：地理科学类
2023,教师,2023安徽教师招考,五河县教育体育局,2023010 五河县教育体育局 初中物理,本科及以上,物理学类,,笔试+面试,,,学段：初级中学；学科：物理；招聘职位：初中物理；招聘人数：8,安徽 蚌埠五河县,https://www.xduim.com/zw/jszk,,专业：物理学类
2023,教师,2023安徽教师招考,五河县教育体育局,2023011 五河县教育体育局 初中化学,本科及以上,化学类,,笔试+面试,,,学段：初级中学；学科：化学；招聘职位：初中化学；招聘人数：2,安徽 蚌埠五河县,https://www.xduim.com/zw/jszk,,专业：化学类
2023,教师,2023安徽教师招考,五河县教育体育局,2023012 五河县教育体育局 初中生物,本科及以上,生物科学类,,笔试+面试,,,学段：初级中学；学科：生物；招聘职位：初中生物；招聘人数：3,安徽 蚌埠五河县,https://www.xduim.com/zw/jszk,,专业：生物科学类
2023,教师,2023安徽教师招考,五河县教育体育局,2023013 五河县教育体育局 初中音乐,本科及以上,音乐与舞蹈学类,,笔试+面试,,,学段：初级中学；学科：音乐；招聘职位：初中音乐；招聘人数：2,安徽 蚌埠五河县,https://www.xduim.com/zw/jszk,,专业：音乐与舞蹈学类
2023,教师,2023安徽教师招考,五河县教育体育局,2023014 五河县教育体育局 初中体育,本科及以上,体育学类,,笔试+面试,,,学段：初级中学；学科：体育；招聘职位：初中体育；招聘人数：2,安徽 蚌埠五河县,https://www.xduim.com/zw/jszk,,专业：体育学类
2023,教师,2023安徽教师招考,五河县教育体育局,2023015 五河县教育体育局 初中美术,本科及以上,美术学类,,笔试+面试,,,学段：初级中学；学科：美术；招聘职位：初中美术；招聘人数：2,安徽 蚌埠五河县,https://www.xduim.com/zw/jszk,,专业：美术学类
2023,教师,2023安徽教师招考,五河县教育体育局,2023016 五河县教育体育局 初中信息技术,本科及以上,计算机类,,笔试+面试,,,学段：初级中学；学科：信息技术；招聘职位：初中信息技术；招聘人数：1,安徽 蚌埠五河县,https://www.xduim.com/zw/jszk,,专业：计算机类
2023,教师,2023安徽教师招考,五河县教育体育局,2023017 五河县教育体育局 小学语文A组,专科及以上,专业不限,,笔试+面试,,,学段：小学；学科：语文；招聘职位：小学语文A组；招聘人数：14,安徽 蚌埠五河县,https://www.xduim.com/zw/jszk,,专业：专业不限
2023,教师,2023安徽教师招考,五河县教育体育局,2023018 五河县教育体育局 小学语文B组,专科及以上,专业不限,,笔试+面试,,,学段：小学；学科：语文；招聘职位：小学语文B组；招聘人数：13,安徽 蚌埠五河县,https://www.xduim.com/zw/jszk,,专业：专业不限
2023,教师,2023安徽教师招考,五河县教育体育局,2023019 五河县教育体育局 小学语文C组,专科及以上,专业不限,,笔试+面试,,,学段：小学；学科：语文；招聘职位：小学语文C组；招聘人数：13,安徽 蚌埠五河县,https://www.xduim.com/zw/jszk,,专业：专业不限
2023,教师,2023安徽教师招考,五河县教育体育局,2023020 五河县教育体育局 小学数学A组,专科及以上,专业不限,,笔试+面试,,,学段：小学；学科：数学；招聘职位：小学数学A组；招聘人数：11,安徽 蚌埠五河县,https://www.xduim.com/zw/jszk,,专业：专业不限
2024,教师,2024安徽教师招考,休宁县教育局,34102201 休宁县教育局 高中语文,本科及以上,本科：汉语言文学专业、汉语言专业 研究生：中国语言文学（一级学科）、学科教学（语文）,,笔试+面试,,,学段：高级中学；招聘职位：高中语文；招聘人数：3,安徽 黄山休宁县,https://www.xduim.com/zw/jszk,,专业：本科：汉语言文学专业、汉语言专业 研究生：中国语言文学（一级学科）、学科教学（语文）
2024,教师,2024安徽教师招考,休宁县教育局,34102202 休宁县教育局 高中物理,本科及以上,本科：物理学专业、应用物理学专业 研究生：物理学（一级学科）、学科教学（物理）,,笔试+面试,,,学段：高级中学；招聘职位：高中物理；招聘人数：2,安徽 黄山休宁县,https://www.xduim.com/zw/jszk,,专业：本科：物理学专业、应用物理学专业 研究生：物理学（一级学科）、学科教学（物理）
2024,教师,2024安徽教师招考,休宁县教育局,34102203 休宁县教育局 高中生物,本科及以上,本科：生物科学专业 研究生：生物学（一级学科）、学科教学（生物）,,笔试+面试,,,学段：高级中学；招聘职位：高中生物；招聘人数：1,安徽 黄山休宁县,https://www.xduim.com/zw/jszk,,专业：本科：生物科学专业 研究生：生物学（一级学科）、学科教学（生物）
2024,教师,2024安徽教师招考,休宁县教育局,34102204 休宁县教育局 高中地理,本科及以上,本科：地理科学专业 研究生：地理学（一级学科）、学科教学（地理）,,笔试+面试,,,学段：高级中学；招聘职位：高中地理；招聘人数：1,安徽 黄山休宁县,https://www.xduim.com/zw/jszk,,专业：本科：地理科学专业 研究生：地理学（一级学科）、学科教学（地理）
2024,教师,2024安徽教师招考,休宁县教育局,34102205 休宁县教育局 高中政治,本科及以上,本科：马克思主义理论类、政治学类 研究生：马克思主义理论（一级学科）、政治学（一级学科）、学科教学（思政）,,笔试+面试,,,学段：高级中学；招聘职位：高中政治；招聘人数：1,安徽 黄山休宁县,https://www.xduim.com/zw/jszk,,专业：本科：马克思主义理论类、政治学类 研究生：马克思主义理论（一级学科）、政治学（一级学科）、学科教学（思政）
2024,教师,2024安徽教师招考,休宁县教育局,34102206 休宁县教育局 高中化学,本科及以上,本科：化学专业、应用化学专业 研究生：化学（一级学科）、学科教学（化学）,,笔试+面试,,,学段：高级中学；招聘职位：高中化学；招聘人数：1,安徽 黄山休宁县,https://www.xduim.com/zw/jszk,,专业：本科：化学专业、应用化学专业 研究生：化学（一级学科）、学科教学（化学）
2024,教师,2024安徽教师招考,休宁县教育局,34102207 休宁县教育局 初中语文,本科及以上,本科：汉语言文学专业、汉语言专业 研究生：中国语言文学（一级学科）、学科教学（语文）,,笔试+面试,,,学段：初级中学；招聘职位：初中语文；招聘人数：1,安徽 黄山休宁县,https://www.xduim.com/zw/jszk,,专业：本科：汉语言文学专业、汉语言专业 研究生：中国语言文学（一级学科）、学科教学（语文）
2024,教师,2024安徽教师招考,休宁县教育局,34102208 休宁县教育局 初中物理,本科及以上,本科：物理学类 研究生：物理学（一级学科）、学科教学（物理）,,笔试+面试,,,学段：初级中学；招聘职位：初中物理；招聘人数：1,安徽 黄山休宁县,https://www.xduim.com/zw/jszk,,专业：本科：物理学类 研究生：物理学（一级学科）、学科教学（物理）
2024,教师,2024安徽教师招考,休宁县教育局,34102209 休宁县教育局 初中道德 与法治,本科及以上,本科：马克思主义理论类、政治学类 研究生：马克思主义理论（一级学科）、政治学（一级学科）、学科教学（思政）,,笔试+面试,,,学段：初级中学；招聘职位：初中道德 与法治；招聘人数：1,安徽 黄山休宁县,https://www.xduim.com/zw/jszk,,专业：本科：马克思主义理论类、政治学类 研究生：马克思主义理论（一级学科）、政治学（一级学科）、学科教学（思政）
2024,教师,2024安徽教师招考,休宁县教育局,34102210 休宁县教育局 初中历史,本科及以上,本科：历史学类 研究生：历史学（一级学科）、学科教学（历史）,,笔试+面试,,,学段：初级中学；招聘职位：初中历史；招聘人数：2,安徽 黄山休宁县,https://www.xduim.com/zw/jszk,,专业：本科：历史学类 研究生：历史学（一级学科）、学科教学（历史）
2023,教师,2023安徽教师招考,休宁县教育局,34102201 休宁县教育局 高中数学,本科及以上,本科：数学类 研究生：专业不限,,笔试+面试,,,招聘职位：高中数学；招聘人数：1,安徽 黄山休宁县,https://www.xduim.com/zw/jszk,,专业：本科：数学类 研究生：专业不限
2023,教师,2023安徽教师招考,休宁县教育局,34102202 休宁县教育局 高中物理,本科及以上,本科：物理学类 研究生：专业不限,,笔试+面试,,,招聘职位：高中物理；招聘人数：1,安徽 黄山休宁县,https://www.xduim.com/zw/jszk,,专业：本科：物理学类 研究生：专业不限
2023,教师,2023安徽教师招考,休宁县教育局,34102203 休宁县教育局 初中数学,本科及以上,本科：数学类 研究生：专业不限,,笔试+面试,,,招聘职位：初中数学；招聘人数：4,安徽 黄山休宁县,https://www.xduim.com/zw/jszk,,专业：本科：数学类 研究生：专业不限
2023,教师,2023安徽教师招考,休宁县教育局,34102204 休宁县教育局 初中物理,本科及以上,本科：物理学类 研究生：专业不限,,笔试+面试,,,招聘职位：初中物理；招聘人数：1,安徽 黄山休宁县,https://www.xduim.com/zw/jszk,,专业：本科：物理学类 研究生：专业不限
2023,教师,2023安徽教师招考,休宁县教育局,34102205 休宁县教育局 初中地理,本科及以上,本科：地理科学类 研究生：专业不限,,笔试+面试,,,招聘职位：初中地理；招聘人数：1,安徽 黄山休宁县,https://www.xduim.com/zw/jszk,,专业：本科：地理科学类 研究生：专业不限
2023,教师,2023安徽教师招考,休宁县教育局,34102206 休宁县教育局 初中历史,本科及以上,本科：历史学类 研究生：专业不限,,笔试+面试,,,招聘职位：初中历史；招聘人数：1,安徽 黄山休宁县,https://www.xduim.com/zw/jszk,,专业：本科：历史学类 研究生：专业不限
2023,教师,2023安徽教师招考,休宁县教育局,34102207 休宁县教育局 初中生物,本科及以上,本科：生物科学类 研究生：专业不限,,笔试+面试,,,招聘职位：初中生物；招聘人数：1,安徽 黄山休宁县,https://www.xduim.com/zw/jszk,,专业：本科：生物科学类 研究生：专业不限
2023,教师,2023安徽教师招考,休宁县教育局,34102208 休宁县教育局 初中政治,本科及以上,本科：政治学类 研究生：专业不限,,笔试+面试,,,招聘职位：初中政治；招聘人数：1,安徽 黄山休宁县,https://www.xduim.com/zw/jszk,,专业：本科：政治学类 研究生：专业不限
2023,教师,2023安徽教师招考,休宁县教育局,34102209 休宁县教育局 初中体育,本科及以上,本科：体育学类 研究生：专业不限,,笔试+面试,,,招聘职位：初中体育；招聘人数：1,安徽 黄山休宁县,https://www.xduim.com/zw/jszk,,专业：本科：体育学类 研究生：专业不限
2023,教师,2023安徽教师招考,休宁县教育局,34102210 休宁县教育局 小学语文,本科及以上,专业不限,,笔试+面试,,,招聘职位：小学语文；招聘人数：5,安徽 黄山休宁县,https://www.xduim.com/zw/jszk,,专业：专业不限
2023,教师,2023安徽教师招考,休宁县教育局,34102211 休宁县教育局 小学数学A,本科及以上,专业不限,,笔试+面试,,,招聘职位：小学数学A；招聘人数：4,安徽 黄山休宁县,https://www.xduim.com/zw/jszk,,专业：专业不限
2023,教师,2023安徽教师招考,休宁县教育局,34102212 休宁县教育局 小学数学B,本科及以上,专业不限,,笔试+面试,,,招聘职位：小学数学B；招聘人数：4,安徽 黄山休宁县,https://www.xduim.com/zw/jszk,,专业：专业不限
2023,教师,2023安徽教师招考,休宁县教育局,34102213 休宁县教育局 小学英语,本科及以上,专业不限,,笔试+面试,,,招聘职位：小学英语；招聘人数：3,安徽 黄山休宁县,https://www.xduim.com/zw/jszk,,专业：专业不限
2023,教师,2023安徽教师招考,休宁县教育局,34102214 休宁县教育局 小学体育,本科及以上,专业不限,,笔试+面试,,,招聘职位：小学体育；招聘人数：1,安徽 黄山休宁县,https://www.xduim.com/zw/jszk,,专业：专业不限
2023,教师,2023安徽教师招考,休宁县教育局,34102215 休宁县教育局 小学美术,本科及以上,专业不限,,笔试+面试,,,招聘职位：小学美术；招聘人数：1,安徽 黄山休宁县,https://www.xduim.com/zw/jszk,,专业：专业不限
2023,教师,2023安徽教师招考,休宁县教育局,34102216 休宁县教育局 小学音乐,本科及以上,专业不限,,笔试+面试,,,招聘职位：小学音乐；招聘人数：1,安徽 黄山休宁县,https://www.xduim.com/zw/jszk,,专业：专业不限
2024,教师,2024安徽教师招考,全椒县教育体育局,全椒县教育体育局 初中语文,本科及以上,本科：汉语言文学、汉语言、汉语国际教育；研究生：专业不限,,笔试+面试,,,学段：初级中学；学科：语文；招聘职位：初中语文；招聘人数：1,安徽 滁州全椒县,https://www.xduim.com/zw/jszk,,专业：本科：汉语言文学、汉语言、汉语国际教育；研究生：专业不限
2024,教师,2024安徽教师招考,全椒县教育体育局,全椒县教育体育局 初中数学,本科及以上,本科：数学类、统计学类；研究生：专业不限,,笔试+面试,,,学段：初级中学；学科：数学；招聘职位：初中数学；招聘人数：1,安徽 滁州全椒县,https://www.xduim.com/zw/jszk,,专业：本科：数学类、统计学类；研究生：专业不限
2024,教师,2024安徽教师招考,全椒县教育体育局,全椒县教育体育局 初中英语,本科及以上,本科：外国语言文学类、教育学类；研究生：专业不限,,笔试+面试,,,学段：初级中学；学科：英语；招聘职位：初中英语；招聘人数：1,安徽 滁州全椒县,https://www.xduim.com/zw/jszk,,专业：本科：外国语言文学类、教育学类；研究生：专业不限
2024,教师,2024安徽教师招考,全椒县教育体育局,全椒县教育体育局 初中道德与法治,本科及以上,本科：政治学类、马克思主义理论类、人文教育；研究生：专业不限,,笔试+面试,,,学段：初级中学；学科：道德与法治；招聘职位：初中道德与法治；招聘人数：1,安徽 滁州全椒县,https://www.xduim.com/zw/jszk,,专业：本科：政治学类、马克思主义理论类、人文教育；研究生：专业不限
2024,教师,2024安徽教师招考,全椒县教育体育局,全椒县教育体育局 小学语文,本科及以上,本科：汉语言文学、汉语言、汉语国际教育、小学教育；研究生：专业不限,,笔试+面试,,,学段：小学；学科：语文；招聘职位：小学语文；招聘人数：7,安徽 滁州全椒县,https://www.xduim.com/zw/jszk,,专业：本科：汉语言文学、汉语言、汉语国际教育、小学教育；研究生：专业不限
2024,教师,2024安徽教师招考,全椒县教育体育局,全椒县教育体育局 小学数学,本科及以上,本科：数学类、统计学类、小学教育；研究生：专业不限,,笔试+面试,,,学段：小学；学科：数学；招聘职位：小学数学；招聘人数：3,安徽 滁州全椒县,https://www.xduim.com/zw/jszk,,专业：本科：数学类、统计学类、小学教育；研究生：专业不限
2024,教师,2024安徽教师招考,全椒县教育体育局,全椒县教育体育局 小学体育,本科及以上,本科：体育学类；研究生：专业不限,,笔试+面试,,,学段：小学；学科：体育；招聘职位：小学体育；招聘人数：1,安徽 滁州全椒县,https://www.xduim.com/zw/jszk,,专业：本科：体育学类；研究生：专业不限
2024,教师,2024安徽教师招考,全椒县教育体育局,全椒县教育体育局 特殊教育,本科及以上,本科：特殊教育、教育康复学、认知科学与技术；研究生：特殊教育学、特殊教育,,笔试+面试,,,学段：小学；学科：特殊教育；招聘职位：特殊教育；招聘人数：1,安徽 滁州全椒县,https://www.xduim.com/zw/jszk,,专业：本科：特殊教育、教育康复学、认知科学与技术；研究生：特殊教育学、特殊教育
2024,教师,2024安徽教师招考,全椒县教育体育局,全椒县教育体育局 小学信息科技,本科及以上,专业不限,,笔试+面试,,,学段：小学；学科：信息科技；招聘职位：小学信息科技；招聘人数：1,安徽 滁州全椒县,https://www.xduim.com/zw/jszk,,专业：专业不限
2023,教师,2023安徽教师招考,全椒县教育体育局,全椒县教育体育局 初中道德与法治,本科及以上,专业不限,,笔试+面试,,,学段：初级中学；学科：道德与法治；招聘职位：初中道德与法治；招聘人数：1,安徽 滁州全椒县,https://www.xduim.com/zw/jszk,,专业：专业不限
2023,教师,2023安徽教师招考,全椒县教育体育局,全椒县教育体育局 初中生物,本科及以上,本科：生物科学类；研究生专业不限,,笔试+面试,,,学段：初级中学；学科：生物；招聘职位：初中生物；招聘人数：1,安徽 滁州全椒县,https://www.xduim.com/zw/jszk,,专业：本科：生物科学类；研究生专业不限
2023,教师,2023安徽教师招考,全椒县教育体育局,全椒县教育体育局 初中历史,本科及以上,专业不限,,笔试+面试,,,学段：初级中学；学科：历史；招聘职位：初中历史；招聘人数：1,安徽 滁州全椒县,https://www.xduim.com/zw/jszk,,专业：专业不限
2023,教师,2023安徽教师招考,全椒县教育体育局,全椒县教育体育局 初中地理,本科及以上,专业不限,,笔试+面试,,,学段：初级中学；学科：地理；招聘职位：初中地理；招聘人数：1,安徽 滁州全椒县,https://www.xduim.com/zw/jszk,,专业：专业不限
2023,教师,2023安徽教师招考,全椒县教育体育局,全椒县教育体育局 初中数学,本科及以上,本科：数学类、统计学类；研究生专业不限,,笔试+面试,,,学段：初级中学；学科：数学；招聘职位：初中数学；招聘人数：2,安徽 滁州全椒县,https://www.xduim.com/zw/jszk,,专业：本科：数学类、统计学类；研究生专业不限
2023,教师,2023安徽教师招考,全椒县教育体育局,全椒县教育体育局 小学语文A,本科及以上,专业不限,,笔试+面试,,,学段：小学；学科：语文；招聘职位：小学语文A；招聘人数：10,安徽 滁州全椒县,https://www.xduim.com/zw/jszk,,专业：专业不限
2023,教师,2023安徽教师招考,全椒县教育体育局,全椒县教育体育局 小学语文B,本科及以上,专业不限,,笔试+面试,,,学段：小学；学科：语文；招聘职位：小学语文B；招聘人数：10,安徽 滁州全椒县,https://www.xduim.com/zw/jszk,,专业：专业不限
2023,教师,2023安徽教师招考,全椒县教育体育局,全椒县教育体育局 小学语文C,本科及以上,专业不限,,笔试+面试,,,学段：小学；学科：语文；招聘职位：小学语文C；招聘人数：1,安徽 滁州全椒县,https://www.xduim.com/zw/jszk,,专业：专业不限
2023,教师,2023安徽教师招考,全椒县教育体育局,全椒县教育体育局 小学语文D,本科及以上,专业不限,,笔试+面试,,,学段：小学；学科：语文；招聘职位：小学语文D；招聘人数：1,安徽 滁州全椒县,https://www.xduim.com/zw/jszk,,专业：专业不限
2023,教师,2023安徽教师招考,全椒县教育体育局,全椒县教育体育局 小学数学,本科及以上,本科：数学类、统计学类、小学教育；研究生专业不限,,笔试+面试,,,学段：小学；学科：数学；招聘职位：小学数学；招聘人数：7,安徽 滁州全椒县,https://www.xduim.com/zw/jszk,,专业：本科：数学类、统计学类、小学教育；研究生专业不限
2023,教师,2023安徽教师招考,全椒县教育体育局,全椒县教育体育局 小学英语,本科及以上,专业不限,,笔试+面试,,,学段：小学；学科：英语；招聘职位：小学英语；招聘人数：3,安徽 滁州全椒县,https://www.xduim.com/zw/jszk,,专业：专业不限
2023,教师,2023安徽教师招考,全椒县教育体育局,全椒县教育体育局 小学音乐,本科及以上,本科：音乐与舞蹈学类 小学教育 艺术教育； 研究生专业不限,,笔试+面试,,,学段：小学；学科：音乐；招聘职位：小学音乐；招聘人数：2,安徽 滁州全椒县,https://www.xduim.com/zw/jszk,,专业：本科：音乐与舞蹈学类 小学教育 艺术教育； 研究生专业不限
2023,教师,2023安徽教师招考,全椒县教育体育局,全椒县教育体育局 小学体育,本科及以上,本科：体育学类 小学教育；研究生专业不限,,笔试+面试,,,学段：小学；学科：体育；招聘职位：小学体育；招聘人数：3,安徽 滁州全椒县,https://www.xduim.com/zw/jszk,,专业：本科：体育学类 小学教育；研究生专业不限
2023,教师,2023安徽教师招考,全椒县教育体育局,全椒县教育体育局 小学美术,本科及以上,本科：美术学类、设计学类、戏剧影视美术设计、动画、艺术教育、小学教育； 研究生专业不限,,笔试+面试,,,学段：小学；学科：美术；招聘职位：小学美术；招聘人数：1,安徽 滁州全椒县,https://www.xduim.com/zw/jszk,,专业：本科：美术学类、设计学类、戏剧影视美术设计、动画、艺术教育、小学教育； 研究生专业不限
2024,教师,2024安徽教师招考,八公山区第一小学,340405001001 八公山区第一小学 小学美术,本科及以上,美术学类(专业代码前四位为1304),,笔试+面试,,,学段：小学；学科：美术；招聘职位：小学美术；招聘人数：1,安徽 淮南八公山区,https://www.xduim.com/zw/jszk,,专业：美术学类(专业代码前四位为1304)
2024,教师,2024安徽教师招考,八公山区第一中学,340405001002 八公山区第一中学 初中物理,本科及以上,物理学类(专业代码前四位为0702),,笔试+面试,,,学段：初级中学；学科：物理；招聘职位：初中物理；招聘人数：1,安徽 淮南八公山区,https://www.xduim.com/zw/jszk,,专业：物理学类(专业代码前四位为0702)
2023,教师,2023安徽教师招考,八公山区教育体育局,340405001001 八公山区教育体育局 小学语文,本科及以上,不限,,笔试+面试,,,学段：小学；学科：语文；招聘职位：小学语文；招聘人数：3,安徽 淮南八公山区,https://www.xduim.com/zw/jszk,,专业：不限
2023,教师,2023安徽教师招考,八公山区教育体育局,340405001002 八公山区教育体育局 小学数学,本科及以上,不限,,笔试+面试,,,学段：小学；学科：数学；招聘职位：小学数学；招聘人数：3,安徽 淮南八公山区,https://www.xduim.com/zw/jszk,,专业：不限
2023,教师,2023安徽教师招考,安徽省六安第一中学,901116 安徽省六安第一中学 专业技术岗,本科及以上,本科：汉语言文学（050101） 汉语言（050102） 研究生：本科专业为汉语言文学（050101）、汉语言（050102），研究生专业与岗位学科一致。,,笔试+面试,,,学科：中学教师岗位（D类）；招聘职位：专业技术岗；招聘人数：3,安徽 六安市直,https://www.xduim.com/zw/jszk,,专业：本科：汉语言文学（050101） 汉语言（050102） 研究生：本科专业为汉语言文学（050101）、汉语言（050102），研究生专业与岗位学科一致。
2023,教师,2023安徽教师招考,安徽省六安第一中学,901117 安徽省六安第一中学 专业技术岗,本科及以上,本科：汉语言文学（050101） 汉语言（050102） 研究生：本科专业为汉语言文学（050101）、汉语言（050102），研究生专业与岗位学科一致。,,笔试+面试,,,学科：中学教师岗位（D类）；招聘职位：专业技术岗；招聘人数：3,安徽 六安市直,https://www.xduim.com/zw/jszk,,专业：本科：汉语言文学（050101） 汉语言（050102） 研究生：本科专业为汉语言文学（050101）、汉语言（050102），研究生专业与岗位学科一致。
2023,教师,2023安徽教师招考,安徽省六安第一中学,901118 安徽省六安第一中学 专业技术岗,本科及以上,本科：数学类（0701） 研究生：本科专业为数学类（0701），研究生专业与岗位学科一致。,,笔试+面试,,,学科：中学教师岗位（D类）；招聘职位：专业技术岗；招聘人数：3,安徽 六安市直,https://www.xduim.com/zw/jszk,,专业：本科：数学类（0701） 研究生：本科专业为数学类（0701），研究生专业与岗位学科一致。
2023,教师,2023安徽教师招考,安徽省六安第一中学,901119 安徽省六安第一中学 专业技术岗,本科及以上,本科：数学类（0701） 研究生：本科专业为数学类（0701），研究生专业与岗位学科一致。,,笔试+面试,,,学科：中学教师岗位（D类）；招聘职位：专业技术岗；招聘人数：3,安徽 六安市直,https://www.xduim.com/zw/jszk,,专业：本科：数学类（0701） 研究生：本科专业为数学类（0701），研究生专业与岗位学科一致。
2023,教师,2023安徽教师招考,安徽省六安第一中学,901120 安徽省六安第一中学 专业技术岗,本科及以上,本科：英语（050201）、商务英语（050262） 研究生：本科专业为英语（050201）、商务英语（050262），研究生专业与岗位学科一致。,,笔试+面试,,,学科：中学教师岗位（D类）；招聘职位：专业技术岗；招聘人数：2,安徽 六安市直,https://www.xduim.com/zw/jszk,,专业：本科：英语（050201）、商务英语（050262） 研究生：本科专业为英语（050201）、商务英语（050262），研究生专业与岗位学科一致。
2023,教师,2023安徽教师招考,安徽省六安第一中学,901121 安徽省六安第一中学 专业技术岗,本科及以上,本科：英语（050201）、商务英语（050262） 研究生：本科专业为英语（050201）、商务英语（050262），研究生专业与岗位学科一致。,,笔试+面试,,,学科：中学教师岗位（D类）；招聘职位：专业技术岗；招聘人数：2,安徽 六安市直,https://www.xduim.com/zw/jszk,,专业：本科：英语（050201）、商务英语（050262） 研究生：本科专业为英语（050201）、商务英语（050262），研究生专业与岗位学科一致。
2023,教师,2023安徽教师招考,安徽省六安第一中学,901122 安徽省六安第一中学 专业技术岗,本科及以上,本科：物理学类（0702） 研究生：本科专业为物理学类（0702），研究生专业与岗位学科一致。,,笔试+面试,,,学科：中学教师岗位（D类）；招聘职位：专业技术岗；招聘人数：3,安徽 六安市直,https://www.xduim.com/zw/jszk,,专业：本科：物理学类（0702） 研究生：本科专业为物理学类（0702），研究生专业与岗位学科一致。
2023,教师,2023安徽教师招考,安徽省六安第一中学,901123 安徽省六安第一中学 专业技术岗,本科及以上,本科：物理学类（0702） 研究生：本科专业为物理学类（0702），研究生专业与岗位学科一致。,,笔试+面试,,,学科：中学教师岗位（D类）；招聘职位：专业技术岗；招聘人数：1,安徽 六安市直,https://www.xduim.com/zw/jszk,,专业：本科：物理学类（0702） 研究生：本科专业为物理学类（0702），研究生专业与岗位学科一致。
2023,教师,2023安徽教师招考,安徽省六安第一中学,901124 安徽省六安第一中学 专业技术岗,本科及以上,本科：化学类（0703） 研究生：本科专业为化学类（0703），研究生专业与岗位学科一致。,,笔试+面试,,,学科：中学教师岗位（D类）；招聘职位：专业技术岗；招聘人数：2,安徽 六安市直,https://www.xduim.com/zw/jszk,,专业：本科：化学类（0703） 研究生：本科专业为化学类（0703），研究生专业与岗位学科一致。
2023,教师,2023安徽教师招考,安徽省六安第一中学,901125 安徽省六安第一中学 专业技术岗,本科及以上,本科：化学类（0703） 研究生：本科专业为化学类（0703），研究生专业与岗位学科一致。,,笔试+面试,,,学科：中学教师岗位（D类）；招聘职位：专业技术岗；招聘人数：2,安徽 六安市直,https://www.xduim.com/zw/jszk,,专业：本科：化学类（0703） 研究生：本科专业为化学类（0703），研究生专业与岗位学科一致。
2023,教师,2023安徽教师招考,安徽省六安第一中学,901126 安徽省六安第一中学 专业技术岗,本科及以上,本科：生物科学类（0710） 研究生：本科专业为生物科学类（0710），研究生专业与岗位学科一致。,,笔试+面试,,,学科：中学教师岗位（D类）；招聘职位：专业技术岗；招聘人数：1,安徽 六安市直,https://www.xduim.com/zw/jszk,,专业：本科：生物科学类（0710） 研究生：本科专业为生物科学类（0710），研究生专业与岗位学科一致。
2023,教师,2023安徽教师招考,安徽省六安第一中学,901127 安徽省六安第一中学 专业技术岗,本科及以上,本科：生物科学类（0710） 研究生：本科专业为生物科学类（0710），研究生专业与岗位学科一致。,,笔试+面试,,,学科：中学教师岗位（D类）；招聘职位：专业技术岗；招聘人数：1,安徽 六安市直,https://www.xduim.com/zw/jszk,,专业：本科：生物科学类（0710） 研究生：本科专业为生物科学类（0710），研究生专业与岗位学科一致。
2023,教师,2023安徽教师招考,安徽省六安第一中学,901128 安徽省六安第一中学 专业技术岗,本科及以上,本科：马克思主义理论类（0305） 研究生：本科专业为马克思主义理论类（0305），研究生专业与岗位学科一致。,,笔试+面试,,,学科：中学教师岗位（D类）；招聘职位：专业技术岗；招聘人数：3,安徽 六安市直,https://www.xduim.com/zw/jszk,,专业：本科：马克思主义理论类（0305） 研究生：本科专业为马克思主义理论类（0305），研究生专业与岗位学科一致。
2023,教师,2023安徽教师招考,安徽省六安第二中学,901129 安徽省六安第二中学 专业技术岗,本科及以上,本科：汉语言文学（050101）、汉语言（050102） 研究生：本科专业为汉语言文学（050101）、汉语言（050102），研究生专业与岗位学科一致。,,笔试+面试,,,学科：中学教师岗位（D类）；招聘职位：专业技术岗；招聘人数：4,安徽 六安市直,https://www.xduim.com/zw/jszk,,专业：本科：汉语言文学（050101）、汉语言（050102） 研究生：本科专业为汉语言文学（050101）、汉语言（050102），研究生专业与岗位学科一致。
2023,教师,2023安徽教师招考,安徽省六安第二中学,901130 安徽省六安第二中学 专业技术岗,本科及以上,本科：英语（050201） 研究生：本科专业为英语（050201），研究生专业与岗位学科一致。,,笔试+面试,,,学科：中学教师岗位（D类）；招聘职位：专业技术岗；招聘人数：2,安徽 六安市直,https://www.xduim.com/zw/jszk,,专业：本科：英语（050201） 研究生：本科专业为英语（050201），研究生专业与岗位学科一致。
2023,教师,2023安徽教师招考,安徽省六安第二中学,901131 安徽省六安第二中学 专业技术岗,本科及以上,本科：物理学类（0702） 研究生：本科专业为物理学类（0702），研究生专业与岗位学科一致。,,笔试+面试,,,学科：中学教师岗位（D类）；招聘职位：专业技术岗；招聘人数：1,安徽 六安市直,https://www.xduim.com/zw/jszk,,专业：本科：物理学类（0702） 研究生：本科专业为物理学类（0702），研究生专业与岗位学科一致。
2023,教师,2023安徽教师招考,安徽省六安第二中学,901132 安徽省六安第二中学 专业技术岗,本科及以上,本科：化学类（0703） 研究生：本科专业为化学类（0703），研究生专业与岗位学科一致。,,笔试+面试,,,学科：中学教师岗位（D类）；招聘职位：专业技术岗；招聘人数：1,安徽 六安市直,https://www.xduim.com/zw/jszk,,专业：本科：化学类（0703） 研究生：本科专业为化学类（0703），研究生专业与岗位学科一致。
2023,教师,2023安徽教师招考,安徽省六安第二中学,901133 安徽省六安第二中学 专业技术岗,本科及以上,本科：生物科学类（0710） 研究生：本科专业为生物科学类（0710），研究生专业与岗位学科一致。,,笔试+面试,,,学科：中学教师岗位（D类）；招聘职位：专业技术岗；招聘人数：1,安徽 六安市直,https://www.xduim.com/zw/jszk,,专业：本科：生物科学类（0710） 研究生：本科专业为生物科学类（0710），研究生专业与岗位学科一致。
2023,教师,2023安徽教师招考,安徽省六安第一中学东校区,901134 安徽省六安第一中学东校区 专业技术岗,本科及以上,本科：汉语言文学（050101）；研究生：本科专业为汉语言文学（050101），研究生专业与岗位学科一致。,,笔试+面试,,,学科：中学教师岗位（D类）；招聘职位：专业技术岗；招聘人数：1,安徽 六安市直,https://www.xduim.com/zw/jszk,,专业：本科：汉语言文学（050101）；研究生：本科专业为汉语言文学（050101），研究生专业与岗位学科一致。
2023,教师,2023安徽教师招考,安徽省六安第一中学东校区,901135 安徽省六安第一中学东校区 专业技术岗,本科及以上,本科：汉语言文学（050101）；研究生：本科专业为汉语言文学（050101），研究生专业与岗位学科一致。,,笔试+面试,,,学科：中学教师岗位（D类）；招聘职位：专业技术岗；招聘人数：1,安徽 六安市直,https://www.xduim.com/zw/jszk,,专业：本科：汉语言文学（050101）；研究生：本科专业为汉语言文学（050101），研究生专业与岗位学科一致。
2024,教师,2024安徽教师招考,凤台县教育局,340421001001 凤台县教育局 高中语文,本科及以上,汉语言文学,,笔试+面试,,,学段：高级中学；学科：语文；招聘职位：高中语文；招聘人数：3,安徽 淮南凤台县,https://www.xduim.com/zw/jszk,,专业：汉语言文学
2024,教师,2024安徽教师招考,凤台县教育局,340421001002 凤台县教育局 高中数学,本科及以上,数学与应用数学,,笔试+面试,,,学段：高级中学；学科：数学；招聘职位：高中数学；招聘人数：2,安徽 淮南凤台县,https://www.xduim.com/zw/jszk,,专业：数学与应用数学
2024,教师,2024安徽教师招考,凤台县教育局,340421001003 凤台县教育局 高中英语,本科及以上,英语,,笔试+面试,,,学段：高级中学；学科：英语；招聘职位：高中英语；招聘人数：3,安徽 淮南凤台县,https://www.xduim.com/zw/jszk,,专业：英语
2024,教师,2024安徽教师招考,凤台县教育局,340421001004 凤台县教育局 高中思想政治,本科及以上,思想政治教育,,笔试+面试,,,学段：高级中学；学科：思想政治；招聘职位：高中思想政治；招聘人数：3,安徽 淮南凤台县,https://www.xduim.com/zw/jszk,,专业：思想政治教育
2024,教师,2024安徽教师招考,凤台县教育局,340421001005 凤台县教育局 高中物理,本科及以上,物理学,,笔试+面试,,,学段：高级中学；学科：物理；招聘职位：高中物理；招聘人数：2,安徽 淮南凤台县,https://www.xduim.com/zw/jszk,,专业：物理学
2024,教师,2024安徽教师招考,凤台县教育局,340421001006 凤台县教育局 高中化学,本科及以上,化学,,笔试+面试,,,学段：高级中学；学科：化学；招聘职位：高中化学；招聘人数：1,安徽 淮南凤台县,https://www.xduim.com/zw/jszk,,专业：化学
2024,教师,2024安徽教师招考,凤台县教育局,340421001007 凤台县教育局 高中地理,本科及以上,地理科学,,笔试+面试,,,学段：高级中学；学科：地理；招聘职位：高中地理；招聘人数：1,安徽 淮南凤台县,https://www.xduim.com/zw/jszk,,专业：地理科学
2024,教师,2024安徽教师招考,凤台县教育局,340421001008 凤台县教育局 高中历史,本科及以上,历史学,,笔试+面试,,,学段：高级中学；学科：历史；招聘职位：高中历史；招聘人数：1,安徽 淮南凤台县,https://www.xduim.com/zw/jszk,,专业：历史学
2024,教师,2024安徽教师招考,凤台县教育局,340421001009 凤台县教育局 高中生物学,本科及以上,生物科学,,笔试+面试,,,学段：高级中学；学科：生物；招聘职位：高中生物学；招聘人数：3,安徽 淮南凤台县,https://www.xduim.com/zw/jszk,,专业：生物科学
2024,教师,2024安徽教师招考,凤台县教育局,340421001010 凤台县教育局 高中信息技术,本科及以上,计算机科学与技术,,笔试+面试,,,学段：高级中学；学科：信息技术；招聘职位：高中信息技术；招聘人数：1,安徽 淮南凤台县,https://www.xduim.com/zw/jszk,,专业：计算机科学与技术
2024,教师,2024安徽教师招考,凤台县教育局,340421001011 凤台县教育局 初中语文A组,本科及以上,汉语言文学、汉语言文学教育、汉语言,,笔试+面试,,,学段：初级中学；学科：语文；招聘职位：初中语文A组；招聘人数：8,安徽 淮南凤台县,https://www.xduim.com/zw/jszk,,专业：汉语言文学、汉语言文学教育、汉语言
2024,教师,2024安徽教师招考,凤台县教育局,340421001012 凤台县教育局 初中语文B组,本科及以上,汉语言文学、汉语言文学教育、汉语言,,笔试+面试,,,学段：初级中学；学科：语文；招聘职位：初中语文B组；招聘人数：9,安徽 淮南凤台县,https://www.xduim.com/zw/jszk,,专业：汉语言文学、汉语言文学教育、汉语言
2024,教师,2024安徽教师招考,凤台县教育局,340421001013 凤台县教育局 初中数学,本科及以上,数学与应用数学,,笔试+面试,,,学段：初级中学；学科：数学；招聘职位：初中数学；招聘人数：15,安徽 淮南凤台县,https://www.xduim.com/zw/jszk,,专业：数学与应用数学
2024,教师,2024安徽教师招考,凤台县教育局,340421001014 凤台县教育局 初中英语,本科及以上,英语,,笔试+面试,,,学段：初级中学；学科：英语；招聘职位：初中英语；招聘人数：11,安徽 淮南凤台县,https://www.xduim.com/zw/jszk,,专业：英语
2024,教师,2024安徽教师招考,凤台县教育局,340421001015 凤台县教育局 初中思想政治,本科及以上,思想政治教育,,笔试+面试,,,学段：初级中学；学科：道德与法治；招聘职位：初中思想政治；招聘人数：7,安徽 淮南凤台县,https://www.xduim.com/zw/jszk,,专业：思想政治教育
2024,教师,2024安徽教师招考,凤台县教育局,340421001016 凤台县教育局 初中音乐,本科及以上,音乐学,,笔试+面试,,,学段：初级中学；学科：音乐；招聘职位：初中音乐；招聘人数：2,安徽 淮南凤台县,https://www.xduim.com/zw/jszk,,专业：音乐学
2024,教师,2024安徽教师招考,凤台县教育局,340421001017 凤台县教育局 初中体育,本科及以上,体育教育,,笔试+面试,,,学段：初级中学；学科：体育；招聘职位：初中体育；招聘人数：2,安徽 淮南凤台县,https://www.xduim.com/zw/jszk,,专业：体育教育
2024,教师,2024安徽教师招考,凤台县教育局,340421001018 凤台县教育局 初中历史,本科及以上,历史学,,笔试+面试,,,学段：初级中学；学科：历史；招聘职位：初中历史；招聘人数：6,安徽 淮南凤台县,https://www.xduim.com/zw/jszk,,专业：历史学
2024,教师,2024安徽教师招考,凤台县教育局,340421001019 凤台县教育局 初中化学,本科及以上,化学,,笔试+面试,,,学段：初级中学；学科：化学；招聘职位：初中化学；招聘人数：1,安徽 淮南凤台县,https://www.xduim.com/zw/jszk,,专业：化学
2024,教师,2024安徽教师招考,凤台县教育局,340421001020 凤台县教育局 初中地理,本科及以上,地理科学,,笔试+面试,,,学段：初级中学；学科：地理；招聘职位：初中地理；招聘人数：3,安徽 淮南凤台县,https://www.xduim.com/zw/jszk,,专业：地理科学
2023,教师,2023安徽教师招考,凤台县教育局,340421001001 凤台县教育局 高中语文,本科及以上,汉语言文学,,笔试+面试,,,学段：高级中学；学科：语文；招聘职位：高中语文；招聘人数：9,安徽 淮南凤台县,https://www.xduim.com/zw/jszk,,专业：汉语言文学
2023,教师,2023安徽教师招考,凤台县教育局,340421001002 凤台县教育局 高中数学,本科及以上,数学与应用数学,,笔试+面试,,,学段：高级中学；学科：数学；招聘职位：高中数学；招聘人数：12,安徽 淮南凤台县,https://www.xduim.com/zw/jszk,,专业：数学与应用数学
2023,教师,2023安徽教师招考,凤台县教育局,340421001003 凤台县教育局 高中英语,本科及以上,英语,,笔试+面试,,,学段：高级中学；学科：英语；招聘职位：高中英语；招聘人数：8,安徽 淮南凤台县,https://www.xduim.com/zw/jszk,,专业：英语
2023,教师,2023安徽教师招考,凤台县教育局,340421001004 凤台县教育局 高中思想政治,本科及以上,思想政治教育,,笔试+面试,,,学段：高级中学；学科：思想政治；招聘职位：高中思想政治；招聘人数：4,安徽 淮南凤台县,https://www.xduim.com/zw/jszk,,专业：思想政治教育
2023,教师,2023安徽教师招考,凤台县教育局,340421001005 凤台县教育局 高中物理,本科及以上,物理学,,笔试+面试,,,学段：高级中学；学科：物理；招聘职位：高中物理；招聘人数：7,安徽 淮南凤台县,https://www.xduim.com/zw/jszk,,专业：物理学
2023,教师,2023安徽教师招考,凤台县教育局,340421001006 凤台县教育局 高中化学,本科及以上,化学,,笔试+面试,,,学段：高级中学；学科：化学；招聘职位：高中化学；招聘人数：5,安徽 淮南凤台县,https://www.xduim.com/zw/jszk,,专业：化学
2023,教师,2023安徽教师招考,凤台县教育局,340421001007 凤台县教育局 高中地理,本科及以上,地理科学,,笔试+面试,,,学段：高级中学；学科：地理；招聘职位：高中地理；招聘人数：3,安徽 淮南凤台县,https://www.xduim.com/zw/jszk,,专业：地理科学
2023,教师,2023安徽教师招考,凤台县教育局,340421001008 凤台县教育局 高中历史,本科及以上,历史学,,笔试+面试,,,学段：高级中学；学科：历史；招聘职位：高中历史；招聘人数：3,安徽 淮南凤台县,https://www.xduim.com/zw/jszk,,专业：历史学
2023,教师,2023安徽教师招考,凤台县教育局,340421001009 凤台县教育局 高中生物学,本科及以上,生物科学,,笔试+面试,,,学段：高级中学；学科：生物；招聘职位：高中生物学；招聘人数：3,安徽 淮南凤台县,https://www.xduim.com/zw/jszk,,专业：生物科学
2023,教师,2023安徽教师招考,凤台县教育局,340421001010 凤台县教育局 高中体育,本科及以上,体育教育,,笔试+面试,,,学段：高级中学；学科：体育；招聘职位：高中体育；招聘人数：5,安徽 淮南凤台县,https://www.xduim.com/zw/jszk,,专业：体育教育
2023,教师,2023安徽教师招考,凤台县教育局,340421001011 凤台县教育局 高中美术,本科及以上,美术学,,笔试+面试,,,学段：高级中学；学科：美术；招聘职位：高中美术；招聘人数：1,安徽 淮南凤台县,https://www.xduim.com/zw/jszk,,专业：美术学
2023,教师,2023安徽教师招考,凤台县教育局,340421001012 凤台县教育局 初中语文A组,本科及以上,汉语言文学、汉语言文学教育、语文教育、汉语言,,笔试+面试,,,学段：初级中学；学科：语文；招聘职位：初中语文A组；招聘人数：9,安徽 淮南凤台县,https://www.xduim.com/zw/jszk,,专业：汉语言文学、汉语言文学教育、语文教育、汉语言
2023,教师,2023安徽教师招考,凤台县教育局,340421001013 凤台县教育局 初中语文B组,本科及以上,汉语言文学、汉语言文学教育、语文教育、汉语言,,笔试+面试,,,学段：初级中学；学科：语文；招聘职位：初中语文B组；招聘人数：8,安徽 淮南凤台县,https://www.xduim.com/zw/jszk,,专业：汉语言文学、汉语言文学教育、语文教育、汉语言
2023,教师,2023安徽教师招考,凤台县教育局,340421001014 凤台县教育局 初中数学,本科及以上,数学与应用数学、数学教育,,笔试+面试,,,学段：初级中学；学科：数学；招聘职位：初中数学；招聘人数：14,安徽 淮南凤台县,https://www.xduim.com/zw/jszk,,专业：数学与应用数学、数学教育
2023,教师,2023安徽教师招考,凤台县教育局,340421001015 凤台县教育局 初中英语,本科及以上,英语、英语教育,,笔试+面试,,,学段：初级中学；学科：英语；招聘职位：初中英语；招聘人数：14,安徽 淮南凤台县,https://www.xduim.com/zw/jszk,,专业：英语、英语教育
2023,教师,2023安徽教师招考,凤台县教育局,340421001016 凤台县教育局 初中思想政治,本科及以上,思想政治教育,,笔试+面试,,,学段：初级中学；学科：道德与法治；招聘职位：初中思想政治；招聘人数：3,安徽 淮南凤台县,https://www.xduim.com/zw/jszk,,专业：思想政治教育
2023,教师,2023安徽教师招考,凤台县教育局,340421001017 凤台县教育局 初中音乐,本科及以上,音乐学、音乐教育,,笔试+面试,,,学段：初级中学；学科：音乐；招聘职位：初中音乐；招聘人数：1,安徽 淮南凤台县,https://www.xduim.com/zw/jszk,,专业：音乐学、音乐教育
2023,教师,2023安徽教师招考,凤台县教育局,340421001018 凤台县教育局 初中体育,本科及以上,体育教育,,笔试+面试,,,学段：初级中学；学科：体育；招聘职位：初中体育；招聘人数：3,安徽 淮南凤台县,https://www.xduim.com/zw/jszk,,专业：体育教育
2023,教师,2023安徽教师招考,凤台县教育局,340421001019 凤台县教育局 初中历史,本科及以上,历史学,,笔试+面试,,,学段：初级中学；学科：历史；招聘职位：初中历史；招聘人数：4,安徽 淮南凤台县,https://www.xduim.com/zw/jszk,,专业：历史学
2023,教师,2023安徽教师招考,凤台县教育局,340421001020 凤台县教育局 初中化学,本科及以上,化学、化学教育,,笔试+面试,,,学段：初级中学；学科：化学；招聘职位：初中化学；招聘人数：2,安徽 淮南凤台县,https://www.xduim.com/zw/jszk,,专业：化学、化学教育
2023,教师,2023安徽教师招考,凤阳县教育体育局,凤阳县教育体育局 高中数学,本科及以上,本科：数学类 研究生：数学、学科教学（数学）、课程与教学论（数学方向）,,笔试+面试,,,学段：高级中学；学科：数学；招聘职位：高中数学；招聘人数：1,安徽 滁州凤阳县,https://www.xduim.com/zw/jszk,,专业：本科：数学类 研究生：数学、学科教学（数学）、课程与教学论（数学方向）
2023,教师,2023安徽教师招考,凤阳县教育体育局,凤阳县教育体育局 高中物理,本科及以上,本科：物理学类 研究生：物理学、学科教学（物理）、课程与教学论（物理方向）,,笔试+面试,,,学段：高级中学；学科：物理；招聘职位：高中物理；招聘人数：7,安徽 滁州凤阳县,https://www.xduim.com/zw/jszk,,专业：本科：物理学类 研究生：物理学、学科教学（物理）、课程与教学论（物理方向）
2023,教师,2023安徽教师招考,凤阳县教育体育局,凤阳县教育体育局 高中化学,本科及以上,本科：化学类 研究生：化学、学科教学（化学）、课程与教学论（化学方向）,,笔试+面试,,,学段：高级中学；学科：化学；招聘职位：高中化学；招聘人数：1,安徽 滁州凤阳县,https://www.xduim.com/zw/jszk,,专业：本科：化学类 研究生：化学、学科教学（化学）、课程与教学论（化学方向）
2023,教师,2023安徽教师招考,凤阳县教育体育局,凤阳县教育体育局 高中生物,本科及以上,本科：生物科学类 研究生：生物学、学科教学（生物）、课程与教学论（生物方向）,,笔试+面试,,,学段：高级中学；学科：生物；招聘职位：高中生物；招聘人数：2,安徽 滁州凤阳县,https://www.xduim.com/zw/jszk,,专业：本科：生物科学类 研究生：生物学、学科教学（生物）、课程与教学论（生物方向）
2023,教师,2023安徽教师招考,凤阳县教育体育局,凤阳县教育体育局 高中政治,本科及以上,本科：政治学类、马克思主义理论类 研究生：政治学、马克思主义理论、学科教学（思政）、课程与教学论（思政方向）,,笔试+面试,,,学段：高级中学；学科：政治；招聘职位：高中政治；招聘人数：1,安徽 滁州凤阳县,https://www.xduim.com/zw/jszk,,专业：本科：政治学类、马克思主义理论类 研究生：政治学、马克思主义理论、学科教学（思政）、课程与教学论（思政方向）
2023,教师,2023安徽教师招考,凤阳县教育体育局,凤阳县教育体育局 高中地理,本科及以上,本科：地理科学类 研究生：地理学、学科教学（地理）、课程与教学论（地理方向）,,笔试+面试,,,学段：高级中学；学科：地理；招聘职位：高中地理；招聘人数：1,安徽 滁州凤阳县,https://www.xduim.com/zw/jszk,,专业：本科：地理科学类 研究生：地理学、学科教学（地理）、课程与教学论（地理方向）
2023,教师,2023安徽教师招考,凤阳县教育体育局,凤阳县教育体育局 初中语文,本科及以上,本科：中国语言文学类、教育学类 研究生：中国语言文学、学科教学（语文）、汉语国际教育、课程与教学论（语文方向）,,笔试+面试,,,学段：初级中学；学科：语文；招聘职位：初中语文；招聘人数：1,安徽 滁州凤阳县,https://www.xduim.com/zw/jszk,,专业：本科：中国语言文学类、教育学类 研究生：中国语言文学、学科教学（语文）、汉语国际教育、课程与教学论（语文方向）
2023,教师,2023安徽教师招考,凤阳县教育体育局,凤阳县教育体育局 初中数学,本科及以上,本科：数学类 研究生：数学、学科教学（数学）、课程与教学论（数学方向）,,笔试+面试,,,学段：初级中学；学科：数学；招聘职位：初中数学；招聘人数：1,安徽 滁州凤阳县,https://www.xduim.com/zw/jszk,,专业：本科：数学类 研究生：数学、学科教学（数学）、课程与教学论（数学方向）
2023,教师,2023安徽教师招考,凤阳县教育体育局,凤阳县教育体育局 初中英语,本科及以上,本科：外国语言文学类、教育学类 研究生：英语语言文学、外国语言文学、外国语言学及应用语言学、学科教学（英语）、翻译（英语方向）、、课程与教学论（英语方向）,,笔试+面试,,,学段：初级中学；学科：英语；招聘职位：初中英语；招聘人数：1,安徽 滁州凤阳县,https://www.xduim.com/zw/jszk,,专业：本科：外国语言文学类、教育学类 研究生：英语语言文学、外国语言文学、外国语言学及应用语言学、学科教学（英语）、翻译（英语方向）、、课程与教学论（英语方向）
2023,教师,2023安徽教师招考,凤阳县教育体育局,凤阳县教育体育局 初中化学,本科及以上,本科：化学类 研究生：化学、学科教学（化学）、课程与教学论（化学方向）,,笔试+面试,,,学段：初级中学；学科：化学；招聘职位：初中化学；招聘人数：1,安徽 滁州凤阳县,https://www.xduim.com/zw/jszk,,专业：本科：化学类 研究生：化学、学科教学（化学）、课程与教学论（化学方向）
2023,教师,2023安徽教师招考,凤阳县教育体育局,凤阳县教育体育局 初中道德与法治,本科及以上,本科：政治学类、马克思主义理论类 研究生：政治学、马克思主义理论、学科教学（思政）、课程与教学论（思政方向）,,笔试+面试,,,学段：初级中学；学科：道德与法治；招聘职位：初中道德与法治；招聘人数：4,安徽 滁州凤阳县,https://www.xduim.com/zw/jszk,,专业：本科：政治学类、马克思主义理论类 研究生：政治学、马克思主义理论、学科教学（思政）、课程与教学论（思政方向）
2023,教师,2023安徽教师招考,凤阳县教育体育局,凤阳县教育体育局 初中历史,本科及以上,本科：历史学类、教育学类 研究生：历史学、学科教学（历史）、课程与教学论（历史方向）,,笔试+面试,,,学段：初级中学；学科：历史；招聘职位：初中历史；招聘人数：6,安徽 滁州凤阳县,https://www.xduim.com/zw/jszk,,专业：本科：历史学类、教育学类 研究生：历史学、学科教学（历史）、课程与教学论（历史方向）
2023,教师,2023安徽教师招考,凤阳县教育体育局,凤阳县教育体育局 初中地理,本科及以上,本科：地理科学类 研究生：地理学、学科教学（地理）、课程与教学论（地理方向）,,笔试+面试,,,学段：初级中学；学科：地理；招聘职位：初中地理；招聘人数：2,安徽 滁州凤阳县,https://www.xduim.com/zw/jszk,,专业：本科：地理科学类 研究生：地理学、学科教学（地理）、课程与教学论（地理方向）
2023,教师,2023安徽教师招考,凤阳县教育体育局,凤阳县教育体育局 小学语文A,本科及以上,专业不限,,笔试+面试,,,学段：小学；学科：语文；招聘职位：小学语文A；招聘人数：2,安徽 滁州凤阳县,https://www.xduim.com/zw/jszk,,专业：专业不限
2023,教师,2023安徽教师招考,凤阳县教育体育局,凤阳县教育体育局 小学语文B,本科及以上,本科：中国语言文学类、教育学类 研究生：中国语言文学、学科教学（语文）、汉语国际教育、课程与教学论（语文方向）,,笔试+面试,,,学段：小学；学科：语文；招聘职位：小学语文B；招聘人数：8,安徽 滁州凤阳县,https://www.xduim.com/zw/jszk,,专业：本科：中国语言文学类、教育学类 研究生：中国语言文学、学科教学（语文）、汉语国际教育、课程与教学论（语文方向）
2023,教师,2023安徽教师招考,凤阳县教育体育局,凤阳县教育体育局 小学语文C,本科及以上,本科：中国语言文学类、教育学类 研究生：中国语言文学、学科教学（语文）、汉语国际教育、课程与教学论（语文方向）,,笔试+面试,,,学段：小学；学科：语文；招聘职位：小学语文C；招聘人数：8,安徽 滁州凤阳县,https://www.xduim.com/zw/jszk,,专业：本科：中国语言文学类、教育学类 研究生：中国语言文学、学科教学（语文）、汉语国际教育、课程与教学论（语文方向）
2023,教师,2023安徽教师招考,凤阳县教育体育局,凤阳县教育体育局 小学语文D,专科及以上,专业不限,,笔试+面试,,,学段：小学；学科：语文；招聘职位：小学语文D；招聘人数：9,安徽 滁州凤阳县,https://www.xduim.com/zw/jszk,,专业：专业不限
2023,教师,2023安徽教师招考,凤阳县教育体育局,凤阳县教育体育局 小学数学A,本科及以上,专业不限,,笔试+面试,,,学段：小学；学科：数学；招聘职位：小学数学A；招聘人数：1,安徽 滁州凤阳县,https://www.xduim.com/zw/jszk,,专业：专业不限
2023,教师,2023安徽教师招考,凤阳县教育体育局,凤阳县教育体育局 小学数学B,本科及以上,本科：数学类、小学教育 研究生：数学、学科教学（数学）、课程与教学论（数学方向）,,笔试+面试,,,学段：小学；学科：数学；招聘职位：小学数学B；招聘人数：10,安徽 滁州凤阳县,https://www.xduim.com/zw/jszk,,专业：本科：数学类、小学教育 研究生：数学、学科教学（数学）、课程与教学论（数学方向）
2023,教师,2023安徽教师招考,凤阳县教育体育局,凤阳县教育体育局 小学数学C,本科及以上,本科：数学类、小学教育 研究生：数学、学科教学（数学）、课程与教学论（数学方向）,,笔试+面试,,,学段：小学；学科：数学；招聘职位：小学数学C；招聘人数：11,安徽 滁州凤阳县,https://www.xduim.com/zw/jszk,,专业：本科：数学类、小学教育 研究生：数学、学科教学（数学）、课程与教学论（数学方向）
2024,教师,2024安徽教师招考,凤阳县教育体育局,凤阳县教育体育局 高中语文,本科及以上,本科：中国语言文学类、教育学；研究生：中国语言文学、国际中文教育、学科教学（语文）、课程与教学论（语文方向）,,笔试+面试,,,学段：高级中学；学科：语文；招聘职位：高中语文；招聘人数：7,安徽 滁州凤阳县,https://www.xduim.com/zw/jszk,,专业：本科：中国语言文学类、教育学；研究生：中国语言文学、国际中文教育、学科教学（语文）、课程与教学论（语文方向）
2024,教师,2024安徽教师招考,凤阳县教育体育局,凤阳县教育体育局 高中数学,本科及以上,本科：数学类、统计学类；研究生：数学、统计学、学科教学（数学）、课程与教学论（数学方向）,,笔试+面试,,,学段：高级中学；学科：数学；招聘职位：高中数学；招聘人数：4,安徽 滁州凤阳县,https://www.xduim.com/zw/jszk,,专业：本科：数学类、统计学类；研究生：数学、统计学、学科教学（数学）、课程与教学论（数学方向）
2024,教师,2024安徽教师招考,凤阳县教育体育局,凤阳县教育体育局 高中英语,本科及以上,本科：英语、商务英语、翻译（英语方向）；研究生：外国语言文学（英语方向）、翻译（英语方向）、学科教学（英语）、课程与教学论（英语方向）,,笔试+面试,,,学段：高级中学；学科：英语；招聘职位：高中英语；招聘人数：3,安徽 滁州凤阳县,https://www.xduim.com/zw/jszk,,专业：本科：英语、商务英语、翻译（英语方向）；研究生：外国语言文学（英语方向）、翻译（英语方向）、学科教学（英语）、课程与教学论（英语方向）
2024,教师,2024安徽教师招考,凤阳县教育体育局,凤阳县教育体育局 高中物理,本科及以上,本科：物理学类、天文学类、力学类、电子信息类；研究生：物理学、天文学、力学、电子科学与技术、电子信息、遥感（智能、纳米）科学与技术、学科教学（物理）、课程与教学论（物理方向）,,笔试+面试,,,学段：高级中学；学科：物理；招聘职位：高中物理；招聘人数：3,安徽 滁州凤阳县,https://www.xduim.com/zw/jszk,,专业：本科：物理学类、天文学类、力学类、电子信息类；研究生：物理学、天文学、力学、电子科学与技术、电子信息、遥感（智能、纳米）科学与技术、学科教学（物理）、课程与教学论（物理方向）
2024,教师,2024安徽教师招考,凤阳县教育体育局,凤阳县教育体育局 高中生物,本科及以上,本科：生物科学类、生物工程类、生物医学工程类；研究生：生物学、生物工程、生物医学工程、学科教学（生物）、课程与教学论（生物方向）,,笔试+面试,,,学段：高级中学；学科：生物；招聘职位：高中生物；招聘人数：1,安徽 滁州凤阳县,https://www.xduim.com/zw/jszk,,专业：本科：生物科学类、生物工程类、生物医学工程类；研究生：生物学、生物工程、生物医学工程、学科教学（生物）、课程与教学论（生物方向）
2024,教师,2024安徽教师招考,凤阳县教育体育局,凤阳县教育体育局 高中政治,本科及以上,本科：政治学类、马克思主义理论类、人文教育；研究生：政治学、马克思主义理论、学科教学（思政）、课程与教学论（思政方向）,,笔试+面试,,,学段：高级中学；学科：政治；招聘职位：高中政治；招聘人数：1,安徽 滁州凤阳县,https://www.xduim.com/zw/jszk,,专业：本科：政治学类、马克思主义理论类、人文教育；研究生：政治学、马克思主义理论、学科教学（思政）、课程与教学论（思政方向）
2024,教师,2024安徽教师招考,凤阳县教育体育局,凤阳县教育体育局 高中体育,本科及以上,本科：体育学类；研究生：体育学、体育、学科教学(体育),,笔试+面试,,,学段：高级中学；学科：体育；招聘职位：高中体育；招聘人数：1,安徽 滁州凤阳县,https://www.xduim.com/zw/jszk,,专业：本科：体育学类；研究生：体育学、体育、学科教学(体育)
2024,教师,2024安徽教师招考,凤阳县教育体育局,凤阳县教育体育局 初中语文,本科及以上,本科：中国语言文学类、教育学；研究生：中国语言文学、国际中文教育、学科教学（语文）、课程与教学论（语文方向）,,笔试+面试,,,学段：初级中学；学科：语文；招聘职位：初中语文；招聘人数：2,安徽 滁州凤阳县,https://www.xduim.com/zw/jszk,,专业：本科：中国语言文学类、教育学；研究生：中国语言文学、国际中文教育、学科教学（语文）、课程与教学论（语文方向）
2024,教师,2024安徽教师招考,凤阳县教育体育局,凤阳县教育体育局 初中数学,本科及以上,本科：数学类、统计学类；研究生：数学、统计学、学科教学（数学）、课程与教学论（数学方向）,,笔试+面试,,,学段：初级中学；学科：数学；招聘职位：初中数学；招聘人数：2,安徽 滁州凤阳县,https://www.xduim.com/zw/jszk,,专业：本科：数学类、统计学类；研究生：数学、统计学、学科教学（数学）、课程与教学论（数学方向）
2024,教师,2024安徽教师招考,凤阳县教育体育局,凤阳县教育体育局 初中英语,本科及以上,本科：英语、商务英语、翻译（英语方向）；研究生：外国语言文学（英语方向）、翻译（英语方向）、学科教学（英语）、课程与教学论（英语方向）,,笔试+面试,,,学段：初级中学；学科：英语；招聘职位：初中英语；招聘人数：3,安徽 滁州凤阳县,https://www.xduim.com/zw/jszk,,专业：本科：英语、商务英语、翻译（英语方向）；研究生：外国语言文学（英语方向）、翻译（英语方向）、学科教学（英语）、课程与教学论（英语方向）
2024,教师,2024安徽教师招考,凤阳县教育体育局,凤阳县教育体育局 初中生物,本科及以上,本科：生物科学类、生物工程类、生物医学工程类；研究生：生物学、生物工程、生物医学工程、学科教学（生物）、课程与教学论（生物方向）,,笔试+面试,,,学段：初级中学；学科：生物；招聘职位：初中生物；招聘人数：1,安徽 滁州凤阳县,https://www.xduim.com/zw/jszk,,专业：本科：生物科学类、生物工程类、生物医学工程类；研究生：生物学、生物工程、生物医学工程、学科教学（生物）、课程与教学论（生物方向）
2024,教师,2024安徽教师招考,凤阳县教育体育局,凤阳县教育体育局 初中政治,本科及以上,本科：政治学类、马克思主义理论类、人文教育；研究生：政治学、马克思主义理论、学科教学（思政）、课程与教学论（思政方向）,,笔试+面试,,,学段：初级中学；学科：政治；招聘职位：初中政治；招聘人数：1,安徽 滁州凤阳县,https://www.xduim.com/zw/jszk,,专业：本科：政治学类、马克思主义理论类、人文教育；研究生：政治学、马克思主义理论、学科教学（思政）、课程与教学论（思政方向）
2024,教师,2024安徽教师招考,凤阳县教育体育局,凤阳县教育体育局 初中历史,本科及以上,本科：历史学类、教育学；研究生：历史学、教育学、学科教学（历史）、课程与教学论（历史方向）,,笔试+面试,,,学段：初级中学；学科：历史；招聘职位：初中历史；招聘人数：2,安徽 滁州凤阳县,https://www.xduim.com/zw/jszk,,专业：本科：历史学类、教育学；研究生：历史学、教育学、学科教学（历史）、课程与教学论（历史方向）
2024,教师,2024安徽教师招考,凤阳县教育体育局,凤阳县教育体育局 心理健康教育,本科及以上,本科：心理学类；研究生：心理学、心理健康教育、应用心理,,笔试+面试,,,学段：初级中学；学科：心理健康；招聘职位：心理健康教育；招聘人数：1,安徽 滁州凤阳县,https://www.xduim.com/zw/jszk,,专业：本科：心理学类；研究生：心理学、心理健康教育、应用心理
2024,教师,2024安徽教师招考,凤阳县教育体育局,凤阳县教育体育局 小学语文A,本科及以上,专业不限,,笔试+面试,,,学段：小学；学科：语文；招聘职位：小学语文A；招聘人数：1,安徽 滁州凤阳县,https://www.xduim.com/zw/jszk,,专业：专业不限
2024,教师,2024安徽教师招考,凤阳县教育体育局,凤阳县教育体育局 小学语文B,本科及以上,专业不限,,笔试+面试,,,学段：小学；学科：语文；招聘职位：小学语文B；招聘人数：1,安徽 滁州凤阳县,https://www.xduim.com/zw/jszk,,专业：专业不限
2024,教师,2024安徽教师招考,凤阳县教育体育局,凤阳县教育体育局 小学语文C,本科及以上,本科：中国语言文学类、教育学、小学教育；研究生：中国语言文学、小学教育、学科教学（语文）、汉语国际教育、课程与教学论（语文方向）,,笔试+面试,,,学段：小学；学科：语文；招聘职位：小学语文C；招聘人数：7,安徽 滁州凤阳县,https://www.xduim.com/zw/jszk,,专业：本科：中国语言文学类、教育学、小学教育；研究生：中国语言文学、小学教育、学科教学（语文）、汉语国际教育、课程与教学论（语文方向）
2024,教师,2024安徽教师招考,凤阳县教育体育局,凤阳县教育体育局 小学数学,本科及以上,本科：数学类、统计学类、小学教育；研究生：数学、统计学、小学教育、学科教学（数学）、课程与教学论（数学方向）。,,笔试+面试,,,学段：小学；学科：数学；招聘职位：小学数学；招聘人数：2,安徽 滁州凤阳县,https://www.xduim.com/zw/jszk,,专业：本科：数学类、统计学类、小学教育；研究生：数学、统计学、小学教育、学科教学（数学）、课程与教学论（数学方向）。
2024,教师,2024安徽教师招考,凤阳县教育体育局,凤阳县教育体育局 小学英语,本科及以上,本科：英语、商务英语、翻译（英语方向）、小学教育；研究生：外国语言文学（英语方向）、翻译（英语方向）、小学教育、学科教学（英语）、课程与教学论（英语方向）,,笔试+面试,,,学段：小学；学科：英语；招聘职位：小学英语；招聘人数：5,安徽 滁州凤阳县,https://www.xduim.com/zw/jszk,,专业：本科：英语、商务英语、翻译（英语方向）、小学教育；研究生：外国语言文学（英语方向）、翻译（英语方向）、小学教育、学科教学（英语）、课程与教学论（英语方向）
2024,教师,2024安徽教师招考,凤阳县教育体育局,凤阳县教育体育局 小学音乐,本科及以上,本科：音乐与舞蹈学类、艺术教育；研究生：音乐学、舞蹈学、音乐与舞蹈学、音乐、舞蹈、学科教学（音乐）,,笔试+面试,,,学段：小学；学科：音乐；招聘职位：小学音乐；招聘人数：3,安徽 滁州凤阳县,https://www.xduim.com/zw/jszk,,专业：本科：音乐与舞蹈学类、艺术教育；研究生：音乐学、舞蹈学、音乐与舞蹈学、音乐、舞蹈、学科教学（音乐）
2023,教师,2023安徽教师招考,,50101 小学语文A组,专科及以上,,,笔试+面试,,,学段：小学；学科：小学语文(小学)；招聘职位：小学语文A组；招聘人数：10,安徽 合肥包河区,https://www.xduim.com/zw/jszk,,
2023,教师,2023安徽教师招考,,50102 小学语文B组,专科及以上,,,笔试+面试,,,学段：小学；学科：小学语文(小学)；招聘职位：小学语文B组；招聘人数：10,安徽 合肥包河区,https://www.xduim.com/zw/jszk,,
2023,教师,2023安徽教师招考,,50103 小学语文C组,专科及以上,,,笔试+面试,,,学段：小学；学科：小学语文(小学)；招聘职位：小学语文C组；招聘人数：10,安徽 合肥包河区,https://www.xduim.com/zw/jszk,,
2023,教师,2023安徽教师招考,,50104 小学语文D组,专科及以上,,,笔试+面试,,,学段：小学；学科：小学语文(小学)；招聘职位：小学语文D组；招聘人数：10,安徽 合肥包河区,https://www.xduim.com/zw/jszk,,
2023,教师,2023安徽教师招考,,50105 小学数学A组,专科及以上,,,笔试+面试,,,学段：小学；学科：小学数学(小学)；招聘职位：小学数学A组；招聘人数：8,安徽 合肥包河区,https://www.xduim.com/zw/jszk,,
2023,教师,2023安徽教师招考,,50106 小学数学B组,专科及以上,,,笔试+面试,,,学段：小学；学科：小学数学(小学)；招聘职位：小学数学B组；招聘人数：8,安徽 合肥包河区,https://www.xduim.com/zw/jszk,,
2023,教师,2023安徽教师招考,,50107 小学数学C组,专科及以上,,,笔试+面试,,,学段：小学；学科：小学数学(小学)；招聘职位：小学数学C组；招聘人数：8,安徽 合肥包河区,https://www.xduim.com/zw/jszk,,
2023,教师,2023安徽教师招考,,50108 小学英语组,专科及以上,,,笔试+面试,,,学段：小学；学科：小学英语(小学)；招聘职位：小学英语组；招聘人数：2,安徽 合肥包河区,https://www.xduim.com/zw/jszk,,
2024,教师,2024安徽教师招考,南谯区教育体育局,南谯区教育体育局 小学语文A,专科及以上,专业不限,,笔试+面试,,,学段：小学；学科：语文；招聘职位：小学语文A；招聘人数：3,安徽 滁州南谯区,https://www.xduim.com/zw/jszk,,专业：专业不限
2024,教师,2024安徽教师招考,南谯区教育体育局,南谯区教育体育局 小学语文B,本科及以上,专业不限,,笔试+面试,,,学段：小学；学科：语文；招聘职位：小学语文B；招聘人数：12,安徽 滁州南谯区,https://www.xduim.com/zw/jszk,,专业：专业不限
2024,教师,2024安徽教师招考,南谯区教育体育局,南谯区教育体育局 小学语文C,本科及以上,本科：汉语言文学、汉语言、汉语国际教育、小学教育；研究生：中国语言文学、汉语国际教育、小学教育、学科教学（语文）、课程与教学论（语文方向）,,笔试+面试,,,学段：小学；学科：语文；招聘职位：小学语文C；招聘人数：11,安徽 滁州南谯区,https://www.xduim.com/zw/jszk,,专业：本科：汉语言文学、汉语言、汉语国际教育、小学教育；研究生：中国语言文学、汉语国际教育、小学教育、学科教学（语文）、课程与教学论（语文方向）
2024,教师,2024安徽教师招考,南谯区教育体育局,南谯区教育体育局 小学语文D,本科及以上,本科：汉语言文学、汉语言、汉语国际教育、小学教育；研究生：中国语言文学、汉语国际教育、小学教育、学科教学（语文）、课程与教学论（语文方向）,,笔试+面试,,,学段：小学；学科：语文；招聘职位：小学语文D；招聘人数：12,安徽 滁州南谯区,https://www.xduim.com/zw/jszk,,专业：本科：汉语言文学、汉语言、汉语国际教育、小学教育；研究生：中国语言文学、汉语国际教育、小学教育、学科教学（语文）、课程与教学论（语文方向）
2024,教师,2024安徽教师招考,南谯区教育体育局,南谯区教育体育局 初中语文,本科及以上,本科：汉语言文学、汉语言、汉语国际教育；研究生：中国语言文学、国际中文教育、学科教学（语文）、课程与教学论（语文方向）,,笔试+面试,,,学段：初级中学；学科：语文；招聘职位：初中语文；招聘人数：12,安徽 滁州南谯区,https://www.xduim.com/zw/jszk,,专业：本科：汉语言文学、汉语言、汉语国际教育；研究生：中国语言文学、国际中文教育、学科教学（语文）、课程与教学论（语文方向）
2024,教师,2024安徽教师招考,南谯区教育体育局,南谯区教育体育局 小学数学A,专科及以上,专业不限,,笔试+面试,,,学段：小学；学科：数学；招聘职位：小学数学A；招聘人数：3,安徽 滁州南谯区,https://www.xduim.com/zw/jszk,,专业：专业不限
2024,教师,2024安徽教师招考,南谯区教育体育局,南谯区教育体育局 小学数学B,本科及以上,专业不限,,笔试+面试,,,学段：小学；学科：数学；招聘职位：小学数学B；招聘人数：13,安徽 滁州南谯区,https://www.xduim.com/zw/jszk,,专业：专业不限
2024,教师,2024安徽教师招考,南谯区教育体育局,南谯区教育体育局 小学数学C,本科及以上,本科：数学类、统计学类、小学教育；研究生：数学、统计学、小学教育、学科教学（数学）、课程与教学论（数学方向）。,,笔试+面试,,,学段：小学；学科：数学；招聘职位：小学数学C；招聘人数：11,安徽 滁州南谯区,https://www.xduim.com/zw/jszk,,专业：本科：数学类、统计学类、小学教育；研究生：数学、统计学、小学教育、学科教学（数学）、课程与教学论（数学方向）。
2024,教师,2024安徽教师招考,南谯区教育体育局,南谯区教育体育局 小学数学D,本科及以上,本科：数学类、统计学类、小学教育；研究生：数学、统计学、小学教育、学科教学（数学）、课程与教学论（数学方向）。,,笔试+面试,,,学段：小学；学科：数学；招聘职位：小学数学D；招聘人数：12,安徽 滁州南谯区,https://www.xduim.com/zw/jszk,,专业：本科：数学类、统计学类、小学教育；研究生：数学、统计学、小学教育、学科教学（数学）、课程与教学论（数学方向）。
2024,教师,2024安徽教师招考,南谯区教育体育局,南谯区教育体育局 初中数学,本科及以上,本科：数学类、统计学类；研究生：数学、统计学、学科教学（数学）、课程与教学论（数学方向）,,笔试+面试,,,学段：初级中学；学科：数学；招聘职位：初中数学；招聘人数：12,安徽 滁州南谯区,https://www.xduim.com/zw/jszk,,专业：本科：数学类、统计学类；研究生：数学、统计学、学科教学（数学）、课程与教学论（数学方向）
2024,教师,2024安徽教师招考,南谯区教育体育局,南谯区教育体育局 小学英语,本科及以上,本科：英语、商务英语、翻译（英语方向）、小学教育；研究生：外国语言文学（英语方向）、翻译（英语方向）、小学教育、学科教学（英语）、课程与教学论（英语方向）,,笔试+面试,,,学段：小学；学科：英语；招聘职位：小学英语；招聘人数：7,安徽 滁州南谯区,https://www.xduim.com/zw/jszk,,专业：本科：英语、商务英语、翻译（英语方向）、小学教育；研究生：外国语言文学（英语方向）、翻译（英语方向）、小学教育、学科教学（英语）、课程与教学论（英语方向）
2024,教师,2024安徽教师招考,南谯区教育体育局,南谯区教育体育局 初中英语,本科及以上,本科：英语、商务英语、翻译（英语方向）；研究生：外国语言文学（英语方向）、翻译（英语方向）、学科教学（英语）、课程与教学论（英语方向）,,笔试+面试,,,学段：初级中学；学科：英语；招聘职位：初中英语；招聘人数：10,安徽 滁州南谯区,https://www.xduim.com/zw/jszk,,专业：本科：英语、商务英语、翻译（英语方向）；研究生：外国语言文学（英语方向）、翻译（英语方向）、学科教学（英语）、课程与教学论（英语方向）
2024,教师,2024安徽教师招考,南谯区教育体育局,南谯区教育体育局 初中物理,本科及以上,本科：物理学类、天文学类、力学类、电子信息类；研究生：物理学、天文学、力学、电子科学与技术、电子信息、遥感（智能、纳米）科学与技术、学科教学（物理）、课程与教学论（物理方向）,,笔试+面试,,,学段：初级中学；学科：物理；招聘职位：初中物理；招聘人数：10,安徽 滁州南谯区,https://www.xduim.com/zw/jszk,,专业：本科：物理学类、天文学类、力学类、电子信息类；研究生：物理学、天文学、力学、电子科学与技术、电子信息、遥感（智能、纳米）科学与技术、学科教学（物理）、课程与教学论（物理方向）
2024,教师,2024安徽教师招考,南谯区教育体育局,南谯区教育体育局 小学道德与法治,本科及以上,本科：政治学类、马克思主义理论类、人文教育；研究生：政治学、马克思主义理论、学科教学（思政）、课程与教学论（思政方向）,,笔试+面试,,,学段：小学；学科：道德与法治；招聘职位：小学道德与法治；招聘人数：2,安徽 滁州南谯区,https://www.xduim.com/zw/jszk,,专业：本科：政治学类、马克思主义理论类、人文教育；研究生：政治学、马克思主义理论、学科教学（思政）、课程与教学论（思政方向）
2024,教师,2024安徽教师招考,南谯区教育体育局,南谯区教育体育局 初中道德与法治,本科及以上,本科：政治学类、马克思主义理论类、人文教育；研究生：政治学、马克思主义理论、学科教学（思政）、课程与教学论（思政方向）,,笔试+面试,,,学段：初级中学；学科：道德与法治；招聘职位：初中道德与法治；招聘人数：3,安徽 滁州南谯区,https://www.xduim.com/zw/jszk,,专业：本科：政治学类、马克思主义理论类、人文教育；研究生：政治学、马克思主义理论、学科教学（思政）、课程与教学论（思政方向）
2024,教师,2024安徽教师招考,南谯区教育体育局,南谯区教育体育局 初中历史,本科及以上,本科：历史学类、人文教育；研究生：历史学、学科教学（历史）、课程与教学论（历史方向）,,笔试+面试,,,学段：初级中学；学科：历史；招聘职位：初中历史；招聘人数：5,安徽 滁州南谯区,https://www.xduim.com/zw/jszk,,专业：本科：历史学类、人文教育；研究生：历史学、学科教学（历史）、课程与教学论（历史方向）
2024,教师,2024安徽教师招考,南谯区教育体育局,南谯区教育体育局 初中地理,本科及以上,本科：地理科学类；研究生：地理学、大气科学、海洋科学、地球物理学、地质学、学科教学（地理）、课程与教学论（地理方向）,,笔试+面试,,,学段：初级中学；学科：地理；招聘职位：初中地理；招聘人数：5,安徽 滁州南谯区,https://www.xduim.com/zw/jszk,,专业：本科：地理科学类；研究生：地理学、大气科学、海洋科学、地球物理学、地质学、学科教学（地理）、课程与教学论（地理方向）
2024,教师,2024安徽教师招考,南谯区教育体育局,南谯区教育体育局 初中生物,本科及以上,本科：生物科学类、生物工程类、生物医学工程类；研究生：生物学、生物工程、生物医学工程、学科教学（生物）、课程与教学论（生物方向）,,笔试+面试,,,学段：初级中学；学科：生物；招聘职位：初中生物；招聘人数：5,安徽 滁州南谯区,https://www.xduim.com/zw/jszk,,专业：本科：生物科学类、生物工程类、生物医学工程类；研究生：生物学、生物工程、生物医学工程、学科教学（生物）、课程与教学论（生物方向）
2024,教师,2024安徽教师招考,南谯区教育体育局,南谯区教育体育局 小学体育A,本科及以上,本科：体育学类；研究生：体育学、体育、学科教学(体育),,笔试+面试,,,学段：小学；学科：体育；招聘职位：小学体育A；招聘人数：6,安徽 滁州南谯区,https://www.xduim.com/zw/jszk,,专业：本科：体育学类；研究生：体育学、体育、学科教学(体育)
2024,教师,2024安徽教师招考,南谯区教育体育局,南谯区教育体育局 小学体育B,专科及以上,专业不限,,笔试+面试,,,学段：小学；学科：体育；招聘职位：小学体育B；招聘人数：1,安徽 滁州南谯区,https://www.xduim.com/zw/jszk,,专业：专业不限
2023,教师,2023安徽教师招考,南谯区教育体育局,南谯区教育体育局 小学语文A,专科及以上,专业不限,,笔试+面试,,,学段：小学；学科：语文；招聘职位：小学语文A；招聘人数：3,安徽 滁州南谯区,https://www.xduim.com/zw/jszk,,专业：专业不限
2023,教师,2023安徽教师招考,南谯区教育体育局,南谯区教育体育局 小学语文B,本科及以上,本科：汉语言文学、汉语言、汉语国际教育、小学教育，研究生：中国语言文学、汉语国际教育、学科教学（语文）、课程与教学论（语文方向）、小学教育。,,笔试+面试,,,学段：小学；学科：语文；招聘职位：小学语文B；招聘人数：12,安徽 滁州南谯区,https://www.xduim.com/zw/jszk,,专业：本科：汉语言文学、汉语言、汉语国际教育、小学教育，研究生：中国语言文学、汉语国际教育、学科教学（语文）、课程与教学论（语文方向）、小学教育。
2023,教师,2023安徽教师招考,南谯区教育体育局,南谯区教育体育局 小学语文C,本科及以上,本科：汉语言文学、汉语言、汉语国际教育、小学教育，研究生：中国语言文学、汉语国际教育、学科教学（语文）、课程与教学论（语文方向）、小学教育。,,笔试+面试,,,学段：小学；学科：语文；招聘职位：小学语文C；招聘人数：12,安徽 滁州南谯区,https://www.xduim.com/zw/jszk,,专业：本科：汉语言文学、汉语言、汉语国际教育、小学教育，研究生：中国语言文学、汉语国际教育、学科教学（语文）、课程与教学论（语文方向）、小学教育。
2023,教师,2023安徽教师招考,南谯区教育体育局,南谯区教育体育局 小学语文D,本科及以上,本科：汉语言文学、汉语言、汉语国际教育、小学教育，研究生：中国语言文学、汉语国际教育、学科教学（语文）、课程与教学论（语文方向）、小学教育。,,笔试+面试,,,学段：小学；学科：语文；招聘职位：小学语文D；招聘人数：13,安徽 滁州南谯区,https://www.xduim.com/zw/jszk,,专业：本科：汉语言文学、汉语言、汉语国际教育、小学教育，研究生：中国语言文学、汉语国际教育、学科教学（语文）、课程与教学论（语文方向）、小学教育。
2023,教师,2023安徽教师招考,南谯区教育体育局,南谯区教育体育局 初中语文,本科及以上,本科：汉语言文学、汉语言、汉语国际教育，研究生：中国语言文学、汉语国际教育、学科教学（语文）、课程与教学论（语文方向）,,笔试+面试,,,学段：初级中学；学科：语文；招聘职位：初中语文；招聘人数：8,安徽 滁州南谯区,https://www.xduim.com/zw/jszk,,专业：本科：汉语言文学、汉语言、汉语国际教育，研究生：中国语言文学、汉语国际教育、学科教学（语文）、课程与教学论（语文方向）
2023,教师,2023安徽教师招考,南谯区教育体育局,南谯区教育体育局 小学数学A,专科及以上,专业不限,,笔试+面试,,,学段：小学；学科：数学；招聘职位：小学数学A；招聘人数：2,安徽 滁州南谯区,https://www.xduim.com/zw/jszk,,专业：专业不限
2023,教师,2023安徽教师招考,南谯区教育体育局,南谯区教育体育局 小学数学B,本科及以上,本科：数学类，小学教育；研究生：数学、基础数学、应用数学、计算数学、学科教学（数学）、课程与教学论（数学方向）、小学教育。,,笔试+面试,,,学段：小学；学科：数学；招聘职位：小学数学B；招聘人数：13,安徽 滁州南谯区,https://www.xduim.com/zw/jszk,,专业：本科：数学类，小学教育；研究生：数学、基础数学、应用数学、计算数学、学科教学（数学）、课程与教学论（数学方向）、小学教育。
2023,教师,2023安徽教师招考,南谯区教育体育局,南谯区教育体育局 小学数学C,本科及以上,本科：数学类，小学教育；研究生：数学、基础数学、应用数学、计算数学、学科教学（数学）、课程与教学论（数学方向）、小学教育。,,笔试+面试,,,学段：小学；学科：数学；招聘职位：小学数学C；招聘人数：13,安徽 滁州南谯区,https://www.xduim.com/zw/jszk,,专业：本科：数学类，小学教育；研究生：数学、基础数学、应用数学、计算数学、学科教学（数学）、课程与教学论（数学方向）、小学教育。
2023,教师,2023安徽教师招考,南谯区教育体育局,南谯区教育体育局 小学数学D,本科及以上,本科：数学类，小学教育；研究生：数学、基础数学、应用数学、计算数学、学科教学（数学）、课程与教学论（数学方向）、小学教育。,,笔试+面试,,,学段：小学；学科：数学；招聘职位：小学数学D；招聘人数：12,安徽 滁州南谯区,https://www.xduim.com/zw/jszk,,专业：本科：数学类，小学教育；研究生：数学、基础数学、应用数学、计算数学、学科教学（数学）、课程与教学论（数学方向）、小学教育。
2023,教师,2023安徽教师招考,南谯区教育体育局,南谯区教育体育局 初中数学,本科及以上,本科：数学类；研究生：数学、基础数学、应用数学、计算数学、学科教学（数学）、课程与教学论（数学方向）。,,笔试+面试,,,学段：初级中学；学科：数学；招聘职位：初中数学；招聘人数：9,安徽 滁州南谯区,https://www.xduim.com/zw/jszk,,专业：本科：数学类；研究生：数学、基础数学、应用数学、计算数学、学科教学（数学）、课程与教学论（数学方向）。
2023,教师,2023安徽教师招考,南谯区教育体育局,南谯区教育体育局 小学英语,本科及以上,本科：英语、商务英语、翻译、小学教育；研究生：英语语言文学、翻译（英语方向）、外国语言学及应用语言学、小学教育、学科教学（英语）、课程与教学论（英语方向）,,笔试+面试,,,学段：小学；学科：英语；招聘职位：小学英语；招聘人数：4,安徽 滁州南谯区,https://www.xduim.com/zw/jszk,,专业：本科：英语、商务英语、翻译、小学教育；研究生：英语语言文学、翻译（英语方向）、外国语言学及应用语言学、小学教育、学科教学（英语）、课程与教学论（英语方向）
2023,教师,2023安徽教师招考,南谯区教育体育局,南谯区教育体育局 初中英语,本科及以上,本科：英语、商务英语、翻译；研究生：英语语言文学、翻译（英语方向）、外国语言学及应用语言学、学科教学（英语）、课程与教学论（英语方向）,,笔试+面试,,,学段：初级中学；学科：英语；招聘职位：初中英语；招聘人数：8,安徽 滁州南谯区,https://www.xduim.com/zw/jszk,,专业：本科：英语、商务英语、翻译；研究生：英语语言文学、翻译（英语方向）、外国语言学及应用语言学、学科教学（英语）、课程与教学论（英语方向）
2023,教师,2023安徽教师招考,南谯区教育体育局,南谯区教育体育局 初中物理,本科及以上,本科：物理学类、天文学；研究生：物理学、天文学、学科教学（物理）、课程与教学论（物理方向）,,笔试+面试,,,学段：初级中学；学科：物理；招聘职位：初中物理；招聘人数：5,安徽 滁州南谯区,https://www.xduim.com/zw/jszk,,专业：本科：物理学类、天文学；研究生：物理学、天文学、学科教学（物理）、课程与教学论（物理方向）
2023,教师,2023安徽教师招考,南谯区教育体育局,南谯区教育体育局 小学道德与法治,本科及以上,本科：政治学类、马克思主义理论类、人文教育、小学教育；研究生：政治学、马克思主义理论、学科教学（思政）、课程与教学论（思政方向）、小学教育。,,笔试+面试,,,学段：小学；学科：道德与法治；招聘职位：小学道德与法治；招聘人数：4,安徽 滁州南谯区,https://www.xduim.com/zw/jszk,,专业：本科：政治学类、马克思主义理论类、人文教育、小学教育；研究生：政治学、马克思主义理论、学科教学（思政）、课程与教学论（思政方向）、小学教育。
2023,教师,2023安徽教师招考,南谯区教育体育局,南谯区教育体育局 初中道德与法治,本科及以上,本科：政治学类、马克思主义理论类、人文教育；研究生：政治学、马克思主义理论、学科教学（思政）、课程与教学论（思政方向）,,笔试+面试,,,学段：初级中学；学科：道德与法治；招聘职位：初中道德与法治；招聘人数：5,安徽 滁州南谯区,https://www.xduim.com/zw/jszk,,专业：本科：政治学类、马克思主义理论类、人文教育；研究生：政治学、马克思主义理论、学科教学（思政）、课程与教学论（思政方向）
2023,教师,2023安徽教师招考,南谯区教育体育局,南谯区教育体育局 初中历史,本科及以上,本科：历史学类、人文教育；研究生：历史学、学科教学（历史）、课程与教学论（历史方向）,,笔试+面试,,,学段：初级中学；学科：历史；招聘职位：初中历史；招聘人数：5,安徽 滁州南谯区,https://www.xduim.com/zw/jszk,,专业：本科：历史学类、人文教育；研究生：历史学、学科教学（历史）、课程与教学论（历史方向）
2023,教师,2023安徽教师招考,南谯区教育体育局,南谯区教育体育局 初中地理,本科及以上,本科：地理科学类；研究生：地理学、自然地理、人文地理、学科教学（地理）、课程与教学论（地理方向）,,笔试+面试,,,学段：初级中学；学科：地理；招聘职位：初中地理；招聘人数：5,安徽 滁州南谯区,https://www.xduim.com/zw/jszk,,专业：本科：地理科学类；研究生：地理学、自然地理、人文地理、学科教学（地理）、课程与教学论（地理方向）
2023,教师,2023安徽教师招考,南谯区教育体育局,南谯区教育体育局 初中生物,本科及以上,本科：生物科学类；研究生：生物学、学科教学（生物）、课程与教学论（生物方向）、生物技术与工程。,,笔试+面试,,,学段：初级中学；学科：生物；招聘职位：初中生物；招聘人数：6,安徽 滁州南谯区,https://www.xduim.com/zw/jszk,,专业：本科：生物科学类；研究生：生物学、学科教学（生物）、课程与教学论（生物方向）、生物技术与工程。
2023,教师,2023安徽教师招考,南谯区教育体育局,南谯区教育体育局 小学体育,本科及以上,专业不限,,笔试+面试,,,学段：小学；学科：体育；招聘职位：小学体育；招聘人数：12,安徽 滁州南谯区,https://www.xduim.com/zw/jszk,,专业：专业不限
2023,教师,2023安徽教师招考,南谯区教育体育局,南谯区教育体育局 初中体育,本科及以上,本科：体育学类，研究生：体育学、体育、学科教学(体育),,笔试+面试,,,学段：初级中学；学科：体育；招聘职位：初中体育；招聘人数：6,安徽 滁州南谯区,https://www.xduim.com/zw/jszk,,专业：本科：体育学类，研究生：体育学、体育、学科教学(体育)
2024,教师,2024安徽教师招考,南陵县教育局,南陵县教育局 高中语文,本科及以上,中国语言文学类,,笔试+面试,,,学段：高级中学；学科：语文；招聘职位：高中语文；招聘人数：1,安徽 芜湖南陵县,https://www.xduim.com/zw/jszk,,专业：中国语言文学类
2024,教师,2024安徽教师招考,南陵县教育局,南陵县教育局 高中数学,本科及以上,数学类,,笔试+面试,,,学段：高级中学；学科：数学；招聘职位：高中数学；招聘人数：1,安徽 芜湖南陵县,https://www.xduim.com/zw/jszk,,专业：数学类
2024,教师,2024安徽教师招考,南陵县教育局,南陵县教育局 高中地理,本科及以上,地理科学类,,笔试+面试,,,学段：高级中学；学科：地理；招聘职位：高中地理；招聘人数：1,安徽 芜湖南陵县,https://www.xduim.com/zw/jszk,,专业：地理科学类
2024,教师,2024安徽教师招考,南陵县教育局,南陵县教育局 高中生物学,本科及以上,生物科学类,,笔试+面试,,,学段：高级中学；学科：生物学；招聘职位：高中生物学；招聘人数：1,安徽 芜湖南陵县,https://www.xduim.com/zw/jszk,,专业：生物科学类
2024,教师,2024安徽教师招考,南陵县教育局,南陵县教育局 初中语文,本科及以上,中国语言文学类,,笔试+面试,,,学段：初级中学；学科：语文；招聘职位：初中语文；招聘人数：3,安徽 芜湖南陵县,https://www.xduim.com/zw/jszk,,专业：中国语言文学类
2024,教师,2024安徽教师招考,南陵县教育局,南陵县教育局 初中数学,本科及以上,数学类,,笔试+面试,,,学段：初级中学；学科：数学；招聘职位：初中数学；招聘人数：3,安徽 芜湖南陵县,https://www.xduim.com/zw/jszk,,专业：数学类
2024,教师,2024安徽教师招考,南陵县教育局,南陵县教育局 初中英语,本科及以上,英语专业,,笔试+面试,,,学段：初级中学；学科：英语；招聘职位：初中英语；招聘人数：3,安徽 芜湖南陵县,https://www.xduim.com/zw/jszk,,专业：英语专业
2024,教师,2024安徽教师招考,南陵县教育局,南陵县教育局 初中物理,本科及以上,物理学类,,笔试+面试,,,学段：初级中学；学科：物理；招聘职位：初中物理；招聘人数：4,安徽 芜湖南陵县,https://www.xduim.com/zw/jszk,,专业：物理学类
2024,教师,2024安徽教师招考,南陵县教育局,南陵县教育局 初中道德与法治,本科及以上,政治学类；思想政治教育专业,,笔试+面试,,,学段：初级中学；学科：道德与法治；招聘职位：初中道德与法治；招聘人数：3,安徽 芜湖南陵县,https://www.xduim.com/zw/jszk,,专业：政治学类；思想政治教育专业
2024,教师,2024安徽教师招考,南陵县教育局,南陵县教育局 初中历史,本科及以上,历史学类,,笔试+面试,,,学段：初级中学；学科：历史；招聘职位：初中历史；招聘人数：2,安徽 芜湖南陵县,https://www.xduim.com/zw/jszk,,专业：历史学类
2024,教师,2024安徽教师招考,南陵县教育局,南陵县教育局 初中心理健康教育,本科及以上,心理学类,,笔试+面试,,,学段：初级中学；学科：心理健康教育；招聘职位：初中心理健康教育；招聘人数：1,安徽 芜湖南陵县,https://www.xduim.com/zw/jszk,,专业：心理学类
2024,教师,2024安徽教师招考,南陵县教育局,南陵县教育局 初中音乐,本科及以上,音乐与舞蹈学类,,笔试+面试,,,学段：初级中学；学科：音乐；招聘职位：初中音乐；招聘人数：1,安徽 芜湖南陵县,https://www.xduim.com/zw/jszk,,专业：音乐与舞蹈学类
2024,教师,2024安徽教师招考,南陵县教育局,南陵县教育局 初中美术,本科及以上,美术学类,,笔试+面试,,,学段：初级中学；学科：美术；招聘职位：初中美术；招聘人数：1,安徽 芜湖南陵县,https://www.xduim.com/zw/jszk,,专业：美术学类
2024,教师,2024安徽教师招考,南陵县教育局,南陵县教育局 小学语文,本科及以上,专业不限,,笔试+面试,,,学段：小学；学科：语文；招聘职位：小学语文；招聘人数：3,安徽 芜湖南陵县,https://www.xduim.com/zw/jszk,,专业：专业不限
2024,教师,2024安徽教师招考,南陵县教育局,南陵县教育局 小学数学,本科及以上,专业不限,,笔试+面试,,,学段：小学；学科：数学；招聘职位：小学数学；招聘人数：1,安徽 芜湖南陵县,https://www.xduim.com/zw/jszk,,专业：专业不限
2024,教师,2024安徽教师招考,南陵县教育局,南陵县教育局 小学音乐,本科及以上,专业不限,,笔试+面试,,,学段：小学；学科：音乐；招聘职位：小学音乐；招聘人数：1,安徽 芜湖南陵县,https://www.xduim.com/zw/jszk,,专业：专业不限
2024,教师,2024安徽教师招考,南陵县教育局,南陵县教育局 小学体育与健康,本科及以上,专业不限,,笔试+面试,,,学段：小学；学科：体育与健康；招聘职位：小学体育与健康；招聘人数：4,安徽 芜湖南陵县,https://www.xduim.com/zw/jszk,,专业：专业不限
2024,教师,2024安徽教师招考,南陵县教育局,南陵县教育局 小学美术,本科及以上,专业不限,,笔试+面试,,,学段：小学；学科：美术；招聘职位：小学美术；招聘人数：1,安徽 芜湖南陵县,https://www.xduim.com/zw/jszk,,专业：专业不限
2024,教师,2024安徽教师招考,南陵县教育局,南陵县教育局 小学信息技术,本科及以上,专业不限,,笔试+面试,,,学段：小学；学科：信息技术；招聘职位：小学信息技术；招聘人数：1,安徽 芜湖南陵县,https://www.xduim.com/zw/jszk,,专业：专业不限
2024,教师,2024安徽教师招考,南陵县教育局,南陵县教育局 特殊教育,本科及以上,特殊教育专业,,笔试+面试,,,学段：小学；学科：特殊教育；招聘职位：特殊教育；招聘人数：1,安徽 芜湖南陵县,https://www.xduim.com/zw/jszk,,专业：特殊教育专业
2023,教师,2023安徽教师招考,南陵县教育局,南陵县教育局 高中语文,本科及以上,中国语言文学类,,笔试+面试,,,学段：高级中学；学科：语文；招聘职位：高中语文；招聘人数：1,安徽 芜湖南陵县,https://www.xduim.com/zw/jszk,,专业：中国语言文学类
2023,教师,2023安徽教师招考,南陵县教育局,南陵县教育局 高中数学,本科及以上,数学类,,笔试+面试,,,学段：高级中学；学科：数学；招聘职位：高中数学；招聘人数：1,安徽 芜湖南陵县,https://www.xduim.com/zw/jszk,,专业：数学类
2023,教师,2023安徽教师招考,南陵县教育局,南陵县教育局 高中英语,本科及以上,英语专业,,笔试+面试,,,学段：高级中学；学科：英语；招聘职位：高中英语；招聘人数：1,安徽 芜湖南陵县,https://www.xduim.com/zw/jszk,,专业：英语专业
2023,教师,2023安徽教师招考,南陵县教育局,南陵县教育局 高中地理,本科及以上,地理科学类,,笔试+面试,,,学段：高级中学；学科：地理；招聘职位：高中地理；招聘人数：1,安徽 芜湖南陵县,https://www.xduim.com/zw/jszk,,专业：地理科学类
2023,教师,2023安徽教师招考,南陵县教育局,南陵县教育局 高中化学,本科及以上,化学类,,笔试+面试,,,学段：高级中学；学科：化学；招聘职位：高中化学；招聘人数：1,安徽 芜湖南陵县,https://www.xduim.com/zw/jszk,,专业：化学类
2023,教师,2023安徽教师招考,南陵县教育局,南陵县教育局 初中语文,本科及以上,中国语言文学类,,笔试+面试,,,学段：初级中学；学科：语文；招聘职位：初中语文；招聘人数：2,安徽 芜湖南陵县,https://www.xduim.com/zw/jszk,,专业：中国语言文学类
2023,教师,2023安徽教师招考,南陵县教育局,南陵县教育局 初中物理,本科及以上,物理学类,,笔试+面试,,,学段：初级中学；学科：物理；招聘职位：初中物理；招聘人数：1,安徽 芜湖南陵县,https://www.xduim.com/zw/jszk,,专业：物理学类
2023,教师,2023安徽教师招考,南陵县教育局,南陵县教育局 特殊教育,本科及以上,特殊教育专业,,笔试+面试,,,学段：小学；学科：特殊教育；招聘职位：特殊教育；招聘人数：2,安徽 芜湖南陵县,https://www.xduim.com/zw/jszk,,专业：特殊教育专业
2023,教师,2023安徽教师招考,马鞍山市博望区教育局,马鞍山市博望区教育局 初中语文,本科及以上,专业不限,,笔试+面试,,,学段：初级中学；学科：语文；招聘职位：初中语文；招聘人数：1,安徽 马鞍山博望区,https://www.xduim.com/zw/jszk,,专业：专业不限
2023,教师,2023安徽教师招考,马鞍山市博望区教育局,马鞍山市博望区教育局 初中数学,本科及以上,专业不限,,笔试+面试,,,学段：初级中学；学科：数学；招聘职位：初中数学；招聘人数：2,安徽 马鞍山博望区,https://www.xduim.com/zw/jszk,,专业：专业不限
2023,教师,2023安徽教师招考,马鞍山市博望区教育局,马鞍山市博望区教育局 初中英语,本科及以上,专业不限,,笔试+面试,,,学段：初级中学；学科：英语；招聘职位：初中英语；招聘人数：2,安徽 马鞍山博望区,https://www.xduim.com/zw/jszk,,专业：专业不限
2023,教师,2023安徽教师招考,马鞍山市博望区教育局,马鞍山市博望区教育局 初中体育,本科及以上,专业不限,,笔试+面试,,,学段：初级中学；学科：体育；招聘职位：初中体育；招聘人数：1,安徽 马鞍山博望区,https://www.xduim.com/zw/jszk,,专业：专业不限
2023,教师,2023安徽教师招考,马鞍山市博望区教育局,马鞍山市博望区教育局 初中音乐,本科及以上,专业不限,,笔试+面试,,,学段：初级中学；学科：音乐；招聘职位：初中音乐；招聘人数：1,安徽 马鞍山博望区,https://www.xduim.com/zw/jszk,,专业：专业不限
2023,教师,2023安徽教师招考,马鞍山市博望区教育局,马鞍山市博望区教育局 小学体育,本科及以上,专业不限,,笔试+面试,,,学段：小学；学科：体育；招聘职位：小学体育；招聘人数：2,安徽 马鞍山博望区,https://www.xduim.com/zw/jszk,,专业：专业不限
2023,教师,2023安徽教师招考,马鞍山市博望区教育局,马鞍山市博望区教育局 小学语文,本科及以上,专业不限,,笔试+面试,,,学段：小学；学科：语文；招聘职位：小学语文；招聘人数：2,安徽 马鞍山博望区,https://www.xduim.com/zw/jszk,,专业：专业不限
2023,教师,2023安徽教师招考,马鞍山市博望区教育局,马鞍山市博望区教育局 小学英语,本科及以上,专业不限,,笔试+面试,,,学段：小学；学科：英语；招聘职位：小学英语；招聘人数：2,安徽 马鞍山博望区,https://www.xduim.com/zw/jszk,,专业：专业不限
2024,教师,2024安徽教师招考,合肥市第一中学,10101 合肥市第一中学 高中语文,研究生及以上,硕士研究生及以上专业不限，其本科须是汉语言文学专业、汉语言专业。,,笔试+面试,,,学段：高级中学；学科：语文（高级中学）；招聘职位：高中语文；招聘人数：4,安徽 合肥市直,https://www.xduim.com/zw/jszk,,专业：硕士研究生及以上专业不限，其本科须是汉语言文学专业、汉语言专业。
2024,教师,2024安徽教师招考,合肥市第一中学,10102 合肥市第一中学 高中数学,研究生及以上,硕士研究生及以上专业不限，其本科须是数学与应用数学专业。,,笔试+面试,,,学段：高级中学；学科：数学（高级中学）；招聘职位：高中数学；招聘人数：4,安徽 合肥市直,https://www.xduim.com/zw/jszk,,专业：硕士研究生及以上专业不限，其本科须是数学与应用数学专业。
2024,教师,2024安徽教师招考,合肥市第一中学,10103 合肥市第一中学 高中英语,研究生及以上,硕士研究生及以上专业不限，其本科须是英语专业。,,笔试+面试,,,学段：高级中学；学科：英语（高级中学）；招聘职位：高中英语；招聘人数：3,安徽 合肥市直,https://www.xduim.com/zw/jszk,,专业：硕士研究生及以上专业不限，其本科须是英语专业。
2024,教师,2024安徽教师招考,合肥市第一中学,10104 合肥市第一中学 高中物理,研究生及以上,硕士研究生及以上专业不限，其本科须是物理学专业、应用物理学专业。,,笔试+面试,,,学段：高级中学；学科：物理（高级中学）；招聘职位：高中物理；招聘人数：4,安徽 合肥市直,https://www.xduim.com/zw/jszk,,专业：硕士研究生及以上专业不限，其本科须是物理学专业、应用物理学专业。
2024,教师,2024安徽教师招考,合肥市第一中学,10105 合肥市第一中学 高中化学,研究生及以上,硕士研究生及以上专业不限，其本科须是化学专业、应用化学专业。,,笔试+面试,,,学段：高级中学；学科：化学（高级中学）；招聘职位：高中化学；招聘人数：4,安徽 合肥市直,https://www.xduim.com/zw/jszk,,专业：硕士研究生及以上专业不限，其本科须是化学专业、应用化学专业。
2024,教师,2024安徽教师招考,合肥市第一中学,10106 合肥市第一中学 高中生物,研究生及以上,硕士研究生及以上专业不限，其本科须是生物科学专业。,,笔试+面试,,,学段：高级中学；学科：生物（高级中学）；招聘职位：高中生物；招聘人数：1,安徽 合肥市直,https://www.xduim.com/zw/jszk,,专业：硕士研究生及以上专业不限，其本科须是生物科学专业。
2024,教师,2024安徽教师招考,合肥市第一中学,10107 合肥市第一中学 高中政治,研究生及以上,硕士研究生及以上专业不限，其本科须是思想政治教育专业。,,笔试+面试,,,学段：高级中学；学科：政治（高级中学）；招聘职位：高中政治；招聘人数：2,安徽 合肥市直,https://www.xduim.com/zw/jszk,,专业：硕士研究生及以上专业不限，其本科须是思想政治教育专业。
2024,教师,2024安徽教师招考,合肥市第一中学,10108 合肥市第一中学 高中地理,研究生及以上,硕士研究生及以上专业不限，其本科须是地理科学专业、自然地理与资源环境专业。,,笔试+面试,,,学段：高级中学；学科：地理（高级中学）；招聘职位：高中地理；招聘人数：1,安徽 合肥市直,https://www.xduim.com/zw/jszk,,专业：硕士研究生及以上专业不限，其本科须是地理科学专业、自然地理与资源环境专业。
2024,教师,2024安徽教师招考,合肥市第一中学,10109 合肥市第一中学 高中通用技术,研究生及以上,硕士研究生及以上专业不限，其本科须是科学教育专业、教育技术学专业、计算机科学与技术专业、物理学专业。,,笔试+面试,,,学段：高级中学；学科：通用技术（高级中学）；招聘职位：高中通用技术；招聘人数：1,安徽 合肥市直,https://www.xduim.com/zw/jszk,,专业：硕士研究生及以上专业不限，其本科须是科学教育专业、教育技术学专业、计算机科学与技术专业、物理学专业。
2024,教师,2024安徽教师招考,合肥市第二中学,10201 合肥市第二中学 高中数学,研究生及以上,硕士研究生及以上专业不限，其本科须是数学与应用数学专业。,,笔试+面试,,,学段：高级中学；学科：数学(高级中学)；招聘职位：高中数学；招聘人数：1,安徽 合肥市直,https://www.xduim.com/zw/jszk,,专业：硕士研究生及以上专业不限，其本科须是数学与应用数学专业。
2024,教师,2024安徽教师招考,合肥市第二中学,10202 合肥市第二中学 高中数学,研究生及以上,硕士研究生及以上专业不限，其本科须是数学与应用数学专业。,,笔试+面试,,,学段：高级中学；学科：数学(高级中学)；招聘职位：高中数学；招聘人数：1,安徽 合肥市直,https://www.xduim.com/zw/jszk,,专业：硕士研究生及以上专业不限，其本科须是数学与应用数学专业。
2024,教师,2024安徽教师招考,合肥市第三中学,10301 合肥市第三中学 高中语文,本科及以上,本科：汉语言文学专业、 汉语言专业；硕士研究生及以上专业不限，其本科须是汉语言文学专业、 汉语言专业。,,笔试+面试,,,学段：高级中学；学科：语文(高级中学)；招聘职位：高中语文；招聘人数：1,安徽 合肥市直,https://www.xduim.com/zw/jszk,,专业：本科：汉语言文学专业、 汉语言专业；硕士研究生及以上专业不限，其本科须是汉语言文学专业、 汉语言专业。
2024,教师,2024安徽教师招考,合肥市第三中学,10302 合肥市第三中学 高中英语,本科及以上,本科：英语专业； 硕士研究生及以上专业不限，其本科须是英语专业。,,笔试+面试,,,学段：高级中学；学科：英语(高级中学)；招聘职位：高中英语；招聘人数：1,安徽 合肥市直,https://www.xduim.com/zw/jszk,,专业：本科：英语专业； 硕士研究生及以上专业不限，其本科须是英语专业。
2024,教师,2024安徽教师招考,合肥市第三中学,10303 合肥市第三中学 高中数学,本科及以上,本科：数学与应用数学专业；硕士研究生及以上专业不限，其本科须是数学与应用数学专业。,,笔试+面试,,,学段：高级中学；学科：数学(高级中学)；招聘职位：高中数学；招聘人数：2,安徽 合肥市直,https://www.xduim.com/zw/jszk,,专业：本科：数学与应用数学专业；硕士研究生及以上专业不限，其本科须是数学与应用数学专业。
2024,教师,2024安徽教师招考,合肥市第三中学,10304 合肥市第三中学 高中物理,本科及以上,本科：物理学专业；硕士研究生及以上专业不限，其本科须是物理学专业。,,笔试+面试,,,学段：高级中学；学科：物理(高级中学)；招聘职位：高中物理；招聘人数：2,安徽 合肥市直,https://www.xduim.com/zw/jszk,,专业：本科：物理学专业；硕士研究生及以上专业不限，其本科须是物理学专业。
2024,教师,2024安徽教师招考,合肥市第四中学,10401 合肥市第四中学 高中数学,本科及以上,本科：数学与应用数学专业、信息与计算科学专业； 硕士研究生及以上专业不限，其本科须是数学与应用数学专业、信息与计算科学专业。,,笔试+面试,,,学段：高级中学；学科：数学(高级中学)；招聘职位：高中数学；招聘人数：1,安徽 合肥市直,https://www.xduim.com/zw/jszk,,专业：本科：数学与应用数学专业、信息与计算科学专业； 硕士研究生及以上专业不限，其本科须是数学与应用数学专业、信息与计算科学专业。
2024,教师,2024安徽教师招考,合肥市第五中学,10501 合肥市第五中学 高中语文,本科及以上,本科：汉语言文学专业、 汉语言专业；硕士研究生及以上专业不限，其本科须是汉语言文学专业、 汉语言专业。,,笔试+面试,,,学段：高级中学；学科：语文(高级中学)；招聘职位：高中语文；招聘人数：3,安徽 合肥市直,https://www.xduim.com/zw/jszk,,专业：本科：汉语言文学专业、 汉语言专业；硕士研究生及以上专业不限，其本科须是汉语言文学专业、 汉语言专业。
2024,教师,2024安徽教师招考,合肥市第五中学,10502 合肥市第五中学 高中数学,本科及以上,本科：数学与应用数学专业；硕士研究生及以上专业不限，其本科须是数学与应用数学专业。,,笔试+面试,,,学段：高级中学；学科：数学(高级中学)；招聘职位：高中数学；招聘人数：4,安徽 合肥市直,https://www.xduim.com/zw/jszk,,专业：本科：数学与应用数学专业；硕士研究生及以上专业不限，其本科须是数学与应用数学专业。
2024,教师,2024安徽教师招考,合肥市第五中学,10503 合肥市第五中学 高中英语,本科及以上,本科：英语专业；硕士研究生以上专业不限，其本科须是英语专业。,,笔试+面试,,,学段：高级中学；学科：英语(高级中学)；招聘职位：高中英语；招聘人数：5,安徽 合肥市直,https://www.xduim.com/zw/jszk,,专业：本科：英语专业；硕士研究生以上专业不限，其本科须是英语专业。
2024,教师,2024安徽教师招考,合肥市第五中学,10504 合肥市第五中学 高中物理,本科及以上,本科：物理学专业、应用物理学专业；硕士研究生及以上专业不限，其本科须是物理学专业、应用物理学专业。,,笔试+面试,,,学段：高级中学；学科：物理(高级中学)；招聘职位：高中物理；招聘人数：2,安徽 合肥市直,https://www.xduim.com/zw/jszk,,专业：本科：物理学专业、应用物理学专业；硕士研究生及以上专业不限，其本科须是物理学专业、应用物理学专业。
2023,教师,2023安徽教师招考,合肥市第一中学,10101 合肥市第一中学 高中语文,本科及以上,本科：汉语言文学（050101）、 汉语言（050102）；硕士研究生及以上专业不限，本科须是汉语言文学（050101）、汉语言（050102）专业。,,笔试+面试,,,学段：高级中学；学科：语文(高级中学)；招聘职位：高中语文；招聘人数：18,安徽 合肥市直,https://www.xduim.com/zw/jszk,,专业：本科：汉语言文学（050101）、 汉语言（050102）；硕士研究生及以上专业不限，本科须是汉语言文学（050101）、汉语言（050102）专业。
2023,教师,2023安徽教师招考,合肥市第一中学,10102 合肥市第一中学 高中数学,本科及以上,本科：数学与应用数学（070101） 、信息与计算科学（070102）；硕士研究生及以上专业不限，本科须是数学与应用数学（070101）、信息与计算科学（070102）专业。,,笔试+面试,,,学段：高级中学；学科：数学(高级中学)；招聘职位：高中数学；招聘人数：9,安徽 合肥市直,https://www.xduim.com/zw/jszk,,专业：本科：数学与应用数学（070101） 、信息与计算科学（070102）；硕士研究生及以上专业不限，本科须是数学与应用数学（070101）、信息与计算科学（070102）专业。
2023,教师,2023安徽教师招考,合肥市第一中学,10103 合肥市第一中学 高中英语,本科及以上,本科：英语（050201）；硕士研究生及以上专业不限，本科须是英语（050201）专业。,,笔试+面试,,,学段：高级中学；学科：英语(高级中学)；招聘职位：高中英语；招聘人数：13,安徽 合肥市直,https://www.xduim.com/zw/jszk,,专业：本科：英语（050201）；硕士研究生及以上专业不限，本科须是英语（050201）专业。
2023,教师,2023安徽教师招考,合肥市第一中学,10104 合肥市第一中学 高中物理,本科及以上,本科：物理学（070201）、应用物理学（070202）；硕士研究生及以上专业不限，本科须是物理学（070201）、应用物理学（070202）专业。,,笔试+面试,,,学段：高级中学；学科：物理(高级中学)；招聘职位：高中物理；招聘人数：16,安徽 合肥市直,https://www.xduim.com/zw/jszk,,专业：本科：物理学（070201）、应用物理学（070202）；硕士研究生及以上专业不限，本科须是物理学（070201）、应用物理学（070202）专业。
2023,教师,2023安徽教师招考,合肥市第一中学,10105 合肥市第一中学 高中化学,本科及以上,本科：化学（070301）、应用化学（070302）；硕士研究生及以上专业不限，本科须是化学（070301）、应用化学（070302）专业。,,笔试+面试,,,学段：高级中学；学科：化学(高级中学)；招聘职位：高中化学；招聘人数：14,安徽 合肥市直,https://www.xduim.com/zw/jszk,,专业：本科：化学（070301）、应用化学（070302）；硕士研究生及以上专业不限，本科须是化学（070301）、应用化学（070302）专业。
2023,教师,2023安徽教师招考,合肥市第一中学,10106 合肥市第一中学 高中生物,本科及以上,本科：生物科学（071001）；硕士研究生及以上专业不限，本科须是生物科学（071001）专业。,,笔试+面试,,,学段：高级中学；学科：生物(高级中学)；招聘职位：高中生物；招聘人数：7,安徽 合肥市直,https://www.xduim.com/zw/jszk,,专业：本科：生物科学（071001）；硕士研究生及以上专业不限，本科须是生物科学（071001）专业。
2023,教师,2023安徽教师招考,合肥市第一中学,10107 合肥市第一中学 高中政治,本科及以上,本科：思想政治教育（030503）；硕士研究生及以上专业不限，本科须是思想政治教育（030503）专业。,,笔试+面试,,,学段：高级中学；学科：思想政治(高级中学)；招聘职位：高中政治；招聘人数：6,安徽 合肥市直,https://www.xduim.com/zw/jszk,,专业：本科：思想政治教育（030503）；硕士研究生及以上专业不限，本科须是思想政治教育（030503）专业。
2023,教师,2023安徽教师招考,合肥市第一中学,10108 合肥市第一中学 高中历史,本科及以上,本科：历史学（060101）、世界史（060102）； 硕士研究生及以上专业不限，本科须是历史学（060101）、世界史（060102）专业。,,笔试+面试,,,学段：高级中学；学科：历史(高级中学)；招聘职位：高中历史；招聘人数：2,安徽 合肥市直,https://www.xduim.com/zw/jszk,,专业：本科：历史学（060101）、世界史（060102）； 硕士研究生及以上专业不限，本科须是历史学（060101）、世界史（060102）专业。
2023,教师,2023安徽教师招考,合肥市第一中学,10109 合肥市第一中学 高中地理,本科及以上,本科：地理科学（070501）、自然地理与资源环境（070502）； 硕士研究生及以上专业不限，本科须是地理科学（070501）、自然地理与资源环境（070502）专业。,,笔试+面试,,,学段：高级中学；学科：地理(高级中学)；招聘职位：高中地理；招聘人数：5,安徽 合肥市直,https://www.xduim.com/zw/jszk,,专业：本科：地理科学（070501）、自然地理与资源环境（070502）； 硕士研究生及以上专业不限，本科须是地理科学（070501）、自然地理与资源环境（070502）专业。
2023,教师,2023安徽教师招考,合肥市第一中学,10110 合肥市第一中学 高中体育,本科及以上,本科：体育教育（040201）； 硕士研究生及以上专业不限，本科须是体育教育（040201）专业。,,笔试+面试,,,学段：高级中学；学科：体育与健康(高级中学)；招聘职位：高中体育；招聘人数：2,安徽 合肥市直,https://www.xduim.com/zw/jszk,,专业：本科：体育教育（040201）； 硕士研究生及以上专业不限，本科须是体育教育（040201）专业。
2023,教师,2023安徽教师招考,合肥市第一中学,10111 合肥市第一中学 高中心理健康,本科及以上,本科：心理学（071101）、应用心理学（071102）、心理健康教育（340102）；硕士研究生及以上专业不限，本科须是心理学（071101）、应用心理学（071102）、心理健康教育（340102）专业。,,笔试+面试,,,学段：高级中学；学科：心理健康教育(高级中学)；招聘职位：高中心理健康；招聘人数：1,安徽 合肥市直,https://www.xduim.com/zw/jszk,,专业：本科：心理学（071101）、应用心理学（071102）、心理健康教育（340102）；硕士研究生及以上专业不限，本科须是心理学（071101）、应用心理学（071102）、心理健康教育（340102）专业。
2023,教师,2023安徽教师招考,合肥市第一中学,10112 合肥市第一中学 高中音乐,本科及以上,本科：音乐表演（130201）、音乐学（130202）；硕士研究生及以上专业不限，本科须是音乐表演（130201）、音乐学（130202）专业。,,笔试+面试,,,学段：高级中学；学科：音乐(高级中学)；招聘职位：高中音乐；招聘人数：2,安徽 合肥市直,https://www.xduim.com/zw/jszk,,专业：本科：音乐表演（130201）、音乐学（130202）；硕士研究生及以上专业不限，本科须是音乐表演（130201）、音乐学（130202）专业。
2023,教师,2023安徽教师招考,合肥市第一中学,10113 合肥市第一中学 高中美术,本科及以上,本科：美术学（130401）、绘画（130402）；硕士研究生及以上专业不限，本科须是美术学（130401）、绘画（130402）专业。,,笔试+面试,,,学段：高级中学；学科：美术(高级中学)；招聘职位：高中美术；招聘人数：3,安徽 合肥市直,https://www.xduim.com/zw/jszk,,专业：本科：美术学（130401）、绘画（130402）；硕士研究生及以上专业不限，本科须是美术学（130401）、绘画（130402）专业。
2023,教师,2023安徽教师招考,合肥市第一中学,10114 合肥市第一中学 高中信息技术,本科及以上,本科：教育技术学（040104）、物理学（070201）、工业设计（080205）；硕士研究生及以上专业不限，本科须是教育技术学（040104）、物理学（070201）、工业设计（080205）专业。,,笔试+面试,,,学段：高级中学；学科：信息技术(高级中学)；招聘职位：高中信息技术；招聘人数：2,安徽 合肥市直,https://www.xduim.com/zw/jszk,,专业：本科：教育技术学（040104）、物理学（070201）、工业设计（080205）；硕士研究生及以上专业不限，本科须是教育技术学（040104）、物理学（070201）、工业设计（080205）专业。
2023,教师,2023安徽教师招考,合肥市第二中学,10201 合肥市第二中学 高中思想政治,本科及以上,本科：思想政治教育（030503）；硕士研究生及以上专业不限，本科须是思想政治教育（030503）专业。,,笔试+面试,,,学段：高级中学；学科：思想政治(高级中学)；招聘职位：高中思想政治；招聘人数：1,安徽 合肥市直,https://www.xduim.com/zw/jszk,,专业：本科：思想政治教育（030503）；硕士研究生及以上专业不限，本科须是思想政治教育（030503）专业。
2023,教师,2023安徽教师招考,合肥市第二中学,10202 合肥市第二中学 高中数学,本科及以上,本科：数学与应用数学（070101） 、信息与计算科学（070102）；硕士研究生及以上专业不限，本科须是数学与应用数学（070101）、信息与计算科学专业。,,笔试+面试,,,学段：高级中学；学科：数学(高级中学)；招聘职位：高中数学；招聘人数：1,安徽 合肥市直,https://www.xduim.com/zw/jszk,,专业：本科：数学与应用数学（070101） 、信息与计算科学（070102）；硕士研究生及以上专业不限，本科须是数学与应用数学（070101）、信息与计算科学专业。
2023,教师,2023安徽教师招考,合肥市第二中学,10203 合肥市第二中学 高中语文,本科及以上,本科：汉语言文学（050101）、 汉语言（050102）；硕士研究生及以上专业不限，本科须是汉语言文学（050101）、汉语言（050102）专业。,,笔试+面试,,,学段：高级中学；学科：语文(高级中学)；招聘职位：高中语文；招聘人数：1,安徽 合肥市直,https://www.xduim.com/zw/jszk,,专业：本科：汉语言文学（050101）、 汉语言（050102）；硕士研究生及以上专业不限，本科须是汉语言文学（050101）、汉语言（050102）专业。
2023,教师,2023安徽教师招考,合肥市第二中学,10204 合肥市第二中学 高中英语,本科及以上,本科：英语（050201）；硕士研究生及以上专业不限，本科须是英语（050201）专业。,,笔试+面试,,,学段：高级中学；学科：英语(高级中学)；招聘职位：高中英语；招聘人数：1,安徽 合肥市直,https://www.xduim.com/zw/jszk,,专业：本科：英语（050201）；硕士研究生及以上专业不限，本科须是英语（050201）专业。
2023,教师,2023安徽教师招考,合肥市第三中学,10301 合肥市第三中学 高中数学,本科及以上,本科：数学与应用数学（070101）；硕士研究生及以上专业不限，本科须是数学与应用数学（070101）专业。,,笔试+面试,,,学段：高级中学；学科：数学(高级中学)；招聘职位：高中数学；招聘人数：1,安徽 合肥市直,https://www.xduim.com/zw/jszk,,专业：本科：数学与应用数学（070101）；硕士研究生及以上专业不限，本科须是数学与应用数学（070101）专业。
2023,教师,2023安徽教师招考,合肥市第三中学,10302 合肥市第三中学 高中数学,本科及以上,本科：数学与应用数学（070101）；硕士研究生及以上专业不限，本科须是数学与应用数学（070101）专业。,,笔试+面试,,,学段：高级中学；学科：数学(高级中学)；招聘职位：高中数学；招聘人数：1,安徽 合肥市直,https://www.xduim.com/zw/jszk,,专业：本科：数学与应用数学（070101）；硕士研究生及以上专业不限，本科须是数学与应用数学（070101）专业。
2023,教师,2023安徽教师招考,含山县教育局,含山县教育局 高中语文,本科及以上,本科：汉语言文学（ 050101）、汉语言（ 050102）；研究生：中国语言文学（0501）,,笔试+面试,,,学段：高级中学；学科：语文；招聘职位：高中语文；招聘人数：1,安徽 马鞍山含山县,https://www.xduim.com/zw/jszk,,专业：本科：汉语言文学（ 050101）、汉语言（ 050102）；研究生：中国语言文学（0501）
2023,教师,2023安徽教师招考,含山县教育局,含山县教育局 高中英语,本科及以上,本科：英语（ 050201）、 研究生：英语（050201）,,笔试+面试,,,学段：高级中学；学科：英语；招聘职位：高中英语；招聘人数：2,安徽 马鞍山含山县,https://www.xduim.com/zw/jszk,,专业：本科：英语（ 050201）、 研究生：英语（050201）
2023,教师,2023安徽教师招考,含山县教育局,含山县教育局 高中物理,本科及以上,本科：物理学（070201）、应用物理学（070202）；研究生：物理学（0702）,,笔试+面试,,,学段：高级中学；学科：物理；招聘职位：高中物理；招聘人数：1,安徽 马鞍山含山县,https://www.xduim.com/zw/jszk,,专业：本科：物理学（070201）、应用物理学（070202）；研究生：物理学（0702）
2023,教师,2023安徽教师招考,含山县教育局,含山县教育局 高中化学,本科及以上,本科：化学（070301）、应用化学（070302 ）；研究生：化学（0703）,,笔试+面试,,,学段：高级中学；学科：化学；招聘职位：高中化学；招聘人数：3,安徽 马鞍山含山县,https://www.xduim.com/zw/jszk,,专业：本科：化学（070301）、应用化学（070302 ）；研究生：化学（0703）
2023,教师,2023安徽教师招考,含山县教育局,含山县教育局 高中思想政治,本科及以上,本科：政治学类（0302）；研究生：政治学（0302）,,笔试+面试,,,学段：高级中学；学科：思想政治；招聘职位：高中思想政治；招聘人数：1,安徽 马鞍山含山县,https://www.xduim.com/zw/jszk,,专业：本科：政治学类（0302）；研究生：政治学（0302）
2023,教师,2023安徽教师招考,含山县教育局,含山县教育局 初中化学,本科及以上,本科：化学（070301）、应用化学（，070302 ）；研究生：化学（0703）,,笔试+面试,,,学段：初级中学；学科：化学；招聘职位：初中化学；招聘人数：1,安徽 马鞍山含山县,https://www.xduim.com/zw/jszk,,专业：本科：化学（070301）、应用化学（，070302 ）；研究生：化学（0703）
2023,教师,2023安徽教师招考,含山县教育局,含山县教育局 初中物理,本科及以上,本科：物理学（070201）、应用物理学（070202）；研究生：物理学（0702）,,笔试+面试,,,学段：初级中学；学科：物理；招聘职位：初中物理；招聘人数：2,安徽 马鞍山含山县,https://www.xduim.com/zw/jszk,,专业：本科：物理学（070201）、应用物理学（070202）；研究生：物理学（0702）
2023,教师,2023安徽教师招考,含山县教育局,含山县教育局 初中音乐,本科及以上,本科：音乐学（130202）；研究生：音乐学（050402）,,笔试+面试,,,学段：初级中学；学科：音乐；招聘职位：初中音乐；招聘人数：3,安徽 马鞍山含山县,https://www.xduim.com/zw/jszk,,专业：本科：音乐学（130202）；研究生：音乐学（050402）
2023,教师,2023安徽教师招考,含山县教育局,含山县教育局 初中语文,本科及以上,本科：汉语言文学（050101）、汉语言（050102）；研究生：中国语言文学（0501）,,笔试+面试,,,学段：初级中学；学科：语文；招聘职位：初中语文；招聘人数：3,安徽 马鞍山含山县,https://www.xduim.com/zw/jszk,,专业：本科：汉语言文学（050101）、汉语言（050102）；研究生：中国语言文学（0501）
2023,教师,2023安徽教师招考,含山县教育局,含山县教育局 初中英语,本科及以上,本科：英语（050201）、；研究生：英语（050201）,,笔试+面试,,,学段：初级中学；学科：英语；招聘职位：初中英语；招聘人数：1,安徽 马鞍山含山县,https://www.xduim.com/zw/jszk,,专业：本科：英语（050201）、；研究生：英语（050201）
2023,教师,2023安徽教师招考,含山县教育局,含山县教育局 初中道德与法治,本科及以上,本科：政治学类（0302）；研究生：政治学（0302）,,笔试+面试,,,学段：初级中学；学科：道德与法治；招聘职位：初中道德与法治；招聘人数：1,安徽 马鞍山含山县,https://www.xduim.com/zw/jszk,,专业：本科：政治学类（0302）；研究生：政治学（0302）
2023,教师,2023安徽教师招考,含山县教育局,含山县教育局 初中历史,本科及以上,本科：历史学类（0601）、研究生：历史学（06）,,笔试+面试,,,学段：初级中学；学科：历史；招聘职位：初中历史；招聘人数：1,安徽 马鞍山含山县,https://www.xduim.com/zw/jszk,,专业：本科：历史学类（0601）、研究生：历史学（06）
2023,教师,2023安徽教师招考,含山县教育局,含山县教育局 初中信息技术,本科及以上,本科：计算机科学与技术（080901）；研究生：计算机科学与技术（0812）,,笔试+面试,,,学段：初级中学；学科：信息技术；招聘职位：初中信息技术；招聘人数：1,安徽 马鞍山含山县,https://www.xduim.com/zw/jszk,,专业：本科：计算机科学与技术（080901）；研究生：计算机科学与技术（0812）
2023,教师,2023安徽教师招考,含山县教育局,含山县教育局 初中体育,本科及以上,本科：体育教育（040201）、运动训练（040202K）；研究生：体育学（0403）,,笔试+面试,,,学段：初级中学；学科：体育；招聘职位：初中体育；招聘人数：2,安徽 马鞍山含山县,https://www.xduim.com/zw/jszk,,专业：本科：体育教育（040201）、运动训练（040202K）；研究生：体育学（0403）
2023,教师,2023安徽教师招考,含山县教育局,含山县教育局 小学语文,本科及以上,专业不限,,笔试+面试,,,学段：小学；学科：语文；招聘职位：小学语文；招聘人数：6,安徽 马鞍山含山县,https://www.xduim.com/zw/jszk,,专业：专业不限
2023,教师,2023安徽教师招考,含山县教育局,含山县教育局 小学数学,本科及以上,专业不限,,笔试+面试,,,学段：小学；学科：数学；招聘职位：小学数学；招聘人数：2,安徽 马鞍山含山县,https://www.xduim.com/zw/jszk,,专业：专业不限
2023,教师,2023安徽教师招考,含山县教育局,含山县教育局 小学英语,本科及以上,专业不限,,笔试+面试,,,学段：小学；学科：英语；招聘职位：小学英语；招聘人数：1,安徽 马鞍山含山县,https://www.xduim.com/zw/jszk,,专业：专业不限
2023,教师,2023安徽教师招考,和县教 育局,和县教 育局 高中语 文,本科及以上,专业 不限,,笔试+面试,,,学段：高级中学；学科：语文；招聘职位：高中语 文；招聘人数：7,安徽 马鞍山和县,https://www.xduim.com/zw/jszk,,专业：专业 不限
2023,教师,2023安徽教师招考,和县教 育局,和县教 育局 高中数 学,本科及以上,专业 不限,,笔试+面试,,,学段：高级中学；学科：数学；招聘职位：高中数 学；招聘人数：7,安徽 马鞍山和县,https://www.xduim.com/zw/jszk,,专业：专业 不限
2023,教师,2023安徽教师招考,和县教 育局,和县教 育局 高中英 语,本科及以上,专业 不限,,笔试+面试,,,学段：高级中学；学科：英语；招聘职位：高中英 语；招聘人数：3,安徽 马鞍山和县,https://www.xduim.com/zw/jszk,,专业：专业 不限
2023,教师,2023安徽教师招考,和县教 育局,和县教 育局 高中物 理,本科及以上,专业 不限,,笔试+面试,,,学段：高级中学；学科：物理；招聘职位：高中物 理；招聘人数：1,安徽 马鞍山和县,https://www.xduim.com/zw/jszk,,专业：专业 不限
2023,教师,2023安徽教师招考,和县教 育局,和县教 育局 高中化 学,本科及以上,专业 不限,,笔试+面试,,,学段：高级中学；学科：化学；招聘职位：高中化 学；招聘人数：3,安徽 马鞍山和县,https://www.xduim.com/zw/jszk,,专业：专业 不限
2023,教师,2023安徽教师招考,和县教 育局,和县教 育局 高中政 治,本科及以上,专业 不限,,笔试+面试,,,学段：高级中学；学科：思想政治；招聘职位：高中政 治；招聘人数：1,安徽 马鞍山和县,https://www.xduim.com/zw/jszk,,专业：专业 不限
2023,教师,2023安徽教师招考,和县教 育局,和县教 育局 初中政 治,本科及以上,专业 不限,,笔试+面试,,,学段：初级中学；学科：道德与法治 （品德与社 会）；招聘职位：初中政 治；招聘人数：1,安徽 马鞍山和县,https://www.xduim.com/zw/jszk,,专业：专业 不限
2023,教师,2023安徽教师招考,固镇县教育体育局,230101 固镇县教育体育局 初中语文A组,本科及以上,中国语言文学类（硕士研究生及以上学历专业不限）,,笔试+面试,,,学段：初级中学；学科：语文；招聘职位：初中语文A组；招聘人数：12,安徽 蚌埠固镇县,https://www.xduim.com/zw/jszk,,专业：中国语言文学类（硕士研究生及以上学历专业不限）
2023,教师,2023安徽教师招考,固镇县教育体育局,230102 固镇县教育体育局 初中语文B组,本科及以上,中国语言文学类（硕士研究生及以上学历专业不限）,,笔试+面试,,,学段：初级中学；学科：语文；招聘职位：初中语文B组；招聘人数：11,安徽 蚌埠固镇县,https://www.xduim.com/zw/jszk,,专业：中国语言文学类（硕士研究生及以上学历专业不限）
2023,教师,2023安徽教师招考,固镇县教育体育局,230103 固镇县教育体育局 初中语文C组,本科及以上,中国语言文学类（硕士研究生及以上学历专业不限）,,笔试+面试,,,学段：初级中学；学科：语文；招聘职位：初中语文C组；招聘人数：11,安徽 蚌埠固镇县,https://www.xduim.com/zw/jszk,,专业：中国语言文学类（硕士研究生及以上学历专业不限）
2023,教师,2023安徽教师招考,固镇县教育体育局,230104 固镇县教育体育局 初中数学A组,本科及以上,数学类（硕士研究生及以上学历专业不限）,,笔试+面试,,,学段：初级中学；学科：数学；招聘职位：初中数学A组；招聘人数：12,安徽 蚌埠固镇县,https://www.xduim.com/zw/jszk,,专业：数学类（硕士研究生及以上学历专业不限）
2023,教师,2023安徽教师招考,固镇县教育体育局,230105 固镇县教育体育局 初中数学B组,本科及以上,数学类（硕士研究生及以上学历专业不限）,,笔试+面试,,,学段：初级中学；学科：数学；招聘职位：初中数学B组；招聘人数：12,安徽 蚌埠固镇县,https://www.xduim.com/zw/jszk,,专业：数学类（硕士研究生及以上学历专业不限）
2023,教师,2023安徽教师招考,固镇县教育体育局,230106 固镇县教育体育局 初中数学C组,本科及以上,数学类（硕士研究生及以上学历专业不限）,,笔试+面试,,,学段：初级中学；学科：数学；招聘职位：初中数学C组；招聘人数：13,安徽 蚌埠固镇县,https://www.xduim.com/zw/jszk,,专业：数学类（硕士研究生及以上学历专业不限）
2023,教师,2023安徽教师招考,固镇县教育体育局,230107 固镇县教育体育局 初中英语A组,本科及以上,英语专业（硕士研究生及以上学历专业不限）,,笔试+面试,,,学段：初级中学；学科：英语；招聘职位：初中英语A组；招聘人数：12,安徽 蚌埠固镇县,https://www.xduim.com/zw/jszk,,专业：英语专业（硕士研究生及以上学历专业不限）
2023,教师,2023安徽教师招考,固镇县教育体育局,230108 固镇县教育体育局 初中英语B组,本科及以上,英语专业（硕士研究生及以上学历专业不限）,,笔试+面试,,,学段：初级中学；学科：英语；招聘职位：初中英语B组；招聘人数：12,安徽 蚌埠固镇县,https://www.xduim.com/zw/jszk,,专业：英语专业（硕士研究生及以上学历专业不限）
2023,教师,2023安徽教师招考,固镇县教育体育局,230109 固镇县教育体育局 初中英语C组,本科及以上,英语专业（硕士研究生及以上学历专业不限）,,笔试+面试,,,学段：初级中学；学科：英语；招聘职位：初中英语C组；招聘人数：12,安徽 蚌埠固镇县,https://www.xduim.com/zw/jszk,,专业：英语专业（硕士研究生及以上学历专业不限）
2023,教师,2023安徽教师招考,固镇县教育体育局,230110 固镇县教育体育局 初中英语D组,本科及以上,英语专业（硕士研究生及以上学历专业不限）,,笔试+面试,,,学段：初级中学；学科：英语；招聘职位：初中英语D组；招聘人数：12,安徽 蚌埠固镇县,https://www.xduim.com/zw/jszk,,专业：英语专业（硕士研究生及以上学历专业不限）
2023,教师,2023安徽教师招考,固镇县教育体育局,230111 固镇县教育体育局 初中物理A组,本科及以上,专业不限,,笔试+面试,,,学段：初级中学；学科：物理；招聘职位：初中物理A组；招聘人数：10,安徽 蚌埠固镇县,https://www.xduim.com/zw/jszk,,专业：专业不限
2023,教师,2023安徽教师招考,固镇县教育体育局,230112 固镇县教育体育局 初中物理B组,本科及以上,专业不限,,笔试+面试,,,学段：初级中学；学科：物理；招聘职位：初中物理B组；招聘人数：10,安徽 蚌埠固镇县,https://www.xduim.com/zw/jszk,,专业：专业不限
2023,教师,2023安徽教师招考,固镇县教育体育局,230113 固镇县教育体育局 初中地理,本科及以上,地理科学类（硕士研究生及以上学历专业不限）,,笔试+面试,,,学段：初级中学；学科：地理；招聘职位：初中地理；招聘人数：12,安徽 蚌埠固镇县,https://www.xduim.com/zw/jszk,,专业：地理科学类（硕士研究生及以上学历专业不限）
2023,教师,2023安徽教师招考,固镇县教育体育局,230114 固镇县教育体育局 初中生物,本科及以上,生物科学类（硕士研究生及以上学历专业不限）,,笔试+面试,,,学段：初级中学；学科：生物；招聘职位：初中生物；招聘人数：11,安徽 蚌埠固镇县,https://www.xduim.com/zw/jszk,,专业：生物科学类（硕士研究生及以上学历专业不限）
2023,教师,2023安徽教师招考,固镇县教育体育局,230115 固镇县教育体育局 初中化学,本科及以上,化学类、材料化学专业（硕士研究生及以上学历专业不限）,,笔试+面试,,,学段：初级中学；学科：化学；招聘职位：初中化学；招聘人数：5,安徽 蚌埠固镇县,https://www.xduim.com/zw/jszk,,专业：化学类、材料化学专业（硕士研究生及以上学历专业不限）
2023,教师,2023安徽教师招考,固镇县教育体育局,230116 固镇县教育体育局 初中政治,本科及以上,政治学类、马克思主义理论类（硕士研究生及以上学历专业不限）,,笔试+面试,,,学段：初级中学；学科：思想政治；招聘职位：初中政治；招聘人数：15,安徽 蚌埠固镇县,https://www.xduim.com/zw/jszk,,专业：政治学类、马克思主义理论类（硕士研究生及以上学历专业不限）
2023,教师,2023安徽教师招考,固镇县教育体育局,230117 固镇县教育体育局 初中历史,本科及以上,历史学类（硕士研究生及以上学历专业不限）,,笔试+面试,,,学段：初级中学；学科：历史；招聘职位：初中历史；招聘人数：9,安徽 蚌埠固镇县,https://www.xduim.com/zw/jszk,,专业：历史学类（硕士研究生及以上学历专业不限）
2023,教师,2023安徽教师招考,固镇县教育体育局,230118 固镇县教育体育局 初中音乐,本科及以上,音乐与舞蹈学类（硕士研究生及以上学历专业不限）,,笔试+面试,,,学段：初级中学；学科：音乐；招聘职位：初中音乐；招聘人数：3,安徽 蚌埠固镇县,https://www.xduim.com/zw/jszk,,专业：音乐与舞蹈学类（硕士研究生及以上学历专业不限）
2023,教师,2023安徽教师招考,固镇县教育体育局,230119 固镇县教育体育局 初中体育,本科及以上,体育学类（硕士研究生及以上学历专业不限）,,笔试+面试,,,学段：初级中学；学科：体育；招聘职位：初中体育；招聘人数：12,安徽 蚌埠固镇县,https://www.xduim.com/zw/jszk,,专业：体育学类（硕士研究生及以上学历专业不限）
2023,教师,2023安徽教师招考,固镇县教育体育局,230120 固镇县教育体育局 初中美术,本科及以上,美术学类（硕士研究生及以上学历专业不限）,,笔试+面试,,,学段：初级中学；学科：美术；招聘职位：初中美术；招聘人数：1,安徽 蚌埠固镇县,https://www.xduim.com/zw/jszk,,专业：美术学类（硕士研究生及以上学历专业不限）
2024,教师,2024安徽教师招考,固镇县教育体育局,9010101 固镇县教育体育局 初中语文A组,本科及以上,本科： 中国语言文学类（0501）专业 。 （硕士研究生及以上学历专业不限）,,笔试+面试,,,学段：初级中学；学科：语文；招聘职位：初中语文A组；招聘人数：13,安徽 蚌埠固镇县,https://www.xduim.com/zw/jszk,,专业：本科： 中国语言文学类（0501）专业 。 （硕士研究生及以上学历专业不限）
2024,教师,2024安徽教师招考,固镇县教育体育局,9010102 固镇县教育体育局 初中语文B组,本科及以上,本科： 中国语言文学类（0501）专业 。 （硕士研究生及以上学历专业不限）,,笔试+面试,,,学段：初级中学；学科：语文；招聘职位：初中语文B组；招聘人数：12,安徽 蚌埠固镇县,https://www.xduim.com/zw/jszk,,专业：本科： 中国语言文学类（0501）专业 。 （硕士研究生及以上学历专业不限）
2024,教师,2024安徽教师招考,固镇县教育体育局,9010103 固镇县教育体育局 初中语文C组,本科及以上,本科： 中国语言文学类（0501）专业 。 （硕士研究生及以上学历专业不限）,,笔试+面试,,,学段：初级中学；学科：语文；招聘职位：初中语文C组；招聘人数：12,安徽 蚌埠固镇县,https://www.xduim.com/zw/jszk,,专业：本科： 中国语言文学类（0501）专业 。 （硕士研究生及以上学历专业不限）
2024,教师,2024安徽教师招考,固镇县教育体育局,9011104 固镇县教育体育局 初中语文D组,本科及以上,专业不限。,,笔试+面试,,,学段：初级中学；学科：语文；招聘职位：初中语文D组；招聘人数：8,安徽 蚌埠固镇县,https://www.xduim.com/zw/jszk,,专业：专业不限。
2024,教师,2024安徽教师招考,固镇县教育体育局,9011105 固镇县教育体育局 初中语文E组,本科及以上,专业不限。,,笔试+面试,,,学段：初级中学；学科：语文；招聘职位：初中语文E组；招聘人数：8,安徽 蚌埠固镇县,https://www.xduim.com/zw/jszk,,专业：专业不限。
2024,教师,2024安徽教师招考,固镇县教育体育局,9010106 固镇县教育体育局 初中数学A组,本科及以上,本科：数学类（0701）专业。 （硕士研究生及以上学历专业不限）,,笔试+面试,,,学段：初级中学；学科：数学；招聘职位：初中数学A组；招聘人数：14,安徽 蚌埠固镇县,https://www.xduim.com/zw/jszk,,专业：本科：数学类（0701）专业。 （硕士研究生及以上学历专业不限）
2024,教师,2024安徽教师招考,固镇县教育体育局,9010107 固镇县教育体育局 初中数学B组,本科及以上,本科：数学类（0701）专业。 （硕士研究生及以上学历专业不限）,,笔试+面试,,,学段：初级中学；学科：数学；招聘职位：初中数学B组；招聘人数：14,安徽 蚌埠固镇县,https://www.xduim.com/zw/jszk,,专业：本科：数学类（0701）专业。 （硕士研究生及以上学历专业不限）
2024,教师,2024安徽教师招考,固镇县教育体育局,9011108 固镇县教育体育局 初中数学C组,本科及以上,专业不限。,,笔试+面试,,,学段：初级中学；学科：数学；招聘职位：初中数学C组；招聘人数：9,安徽 蚌埠固镇县,https://www.xduim.com/zw/jszk,,专业：专业不限。
2024,教师,2024安徽教师招考,固镇县教育体育局,9011109 固镇县教育体育局 初中数学D组,本科及以上,专业不限。,,笔试+面试,,,学段：初级中学；学科：数学；招聘职位：初中数学D组；招聘人数：8,安徽 蚌埠固镇县,https://www.xduim.com/zw/jszk,,专业：专业不限。
2024,教师,2024安徽教师招考,固镇县教育体育局,9010110 固镇县教育体育局 初中英语A组,本科及以上,本科：英语（050201）专业。 （硕士研究生及以上学历专业不限）,,笔试+面试,,,学段：初级中学；学科：英语；招聘职位：初中英语A组；招聘人数：13,安徽 蚌埠固镇县,https://www.xduim.com/zw/jszk,,专业：本科：英语（050201）专业。 （硕士研究生及以上学历专业不限）
2024,教师,2024安徽教师招考,固镇县教育体育局,9010111 固镇县教育体育局 初中英语B组,本科及以上,本科：英语（050201）专业。 （硕士研究生及以上学历专业不限）,,笔试+面试,,,学段：初级中学；学科：英语；招聘职位：初中英语B组；招聘人数：12,安徽 蚌埠固镇县,https://www.xduim.com/zw/jszk,,专业：本科：英语（050201）专业。 （硕士研究生及以上学历专业不限）
2024,教师,2024安徽教师招考,固镇县教育体育局,9011112 固镇县教育体育局 初中英语C组,本科及以上,本科：英语（050201）专业、商务英 语专业（050262）。 （硕士研究生及以上学历专业不限）,,笔试+面试,,,学段：初级中学；学科：英语；招聘职位：初中英语C组；招聘人数：14,安徽 蚌埠固镇县,https://www.xduim.com/zw/jszk,,专业：本科：英语（050201）专业、商务英 语专业（050262）。 （硕士研究生及以上学历专业不限）
2024,教师,2024安徽教师招考,固镇县教育体育局,9010113 固镇县教育体育局 初中物理组,本科及以上,专业不限。,,笔试+面试,,,学段：初级中学；学科：物理；招聘职位：初中物理组；招聘人数：10,安徽 蚌埠固镇县,https://www.xduim.com/zw/jszk,,专业：专业不限。
2024,教师,2024安徽教师招考,固镇县教育体育局,9010114 固镇县教育体育局 初中化学组,本科及以上,本科：化学类专业（0703）、材料化 学专业（080403）。 （硕士研究生及以上学历专业不限）,,笔试+面试,,,学段：初级中学；学科：化学；招聘职位：初中化学组；招聘人数：7,安徽 蚌埠固镇县,https://www.xduim.com/zw/jszk,,专业：本科：化学类专业（0703）、材料化 学专业（080403）。 （硕士研究生及以上学历专业不限）
2024,教师,2024安徽教师招考,固镇县教育体育局,9010115 固镇县教育体育局 初中生物组,本科及以上,本科：生物科学类（0710）专业。 （硕士研究生及以上学历专业不限）,,笔试+面试,,,学段：初级中学；学科：生物；招聘职位：初中生物组；招聘人数：9,安徽 蚌埠固镇县,https://www.xduim.com/zw/jszk,,专业：本科：生物科学类（0710）专业。 （硕士研究生及以上学历专业不限）
2024,教师,2024安徽教师招考,固镇县教育体育局,9010116 固镇县教育体育局 初中道德与法治 A组,本科及以上,专业不限。,,笔试+面试,,,学段：初级中学；学科：道德与法治；招聘职位：初中道德与法治 A组；招聘人数：11,安徽 蚌埠固镇县,https://www.xduim.com/zw/jszk,,专业：专业不限。
2024,教师,2024安徽教师招考,固镇县教育体育局,9010117 固镇县教育体育局 初中道德与法治 B组,本科及以上,专业不限。,,笔试+面试,,,学段：初级中学；学科：道德与法治；招聘职位：初中道德与法治 B组；招聘人数：11,安徽 蚌埠固镇县,https://www.xduim.com/zw/jszk,,专业：专业不限。
2024,教师,2024安徽教师招考,固镇县教育体育局,9010118 固镇县教育体育局 初中道德与法治 C组,本科及以上,专业不限。,,笔试+面试,,,学段：初级中学；学科：道德与法治；招聘职位：初中道德与法治 C组；招聘人数：11,安徽 蚌埠固镇县,https://www.xduim.com/zw/jszk,,专业：专业不限。
2024,教师,2024安徽教师招考,固镇县教育体育局,9010119 固镇县教育体育局 初中历史A组,本科及以上,本科：历史学类（0601）专业。 （硕士研究生及以上学历专业不限）,,笔试+面试,,,学段：初级中学；学科：历史；招聘职位：初中历史A组；招聘人数：9,安徽 蚌埠固镇县,https://www.xduim.com/zw/jszk,,专业：本科：历史学类（0601）专业。 （硕士研究生及以上学历专业不限）
2024,教师,2024安徽教师招考,固镇县教育体育局,9010120 固镇县教育体育局 初中历史B组,本科及以上,本科：历史学类（0601）专业。 （硕士研究生及以上学历专业不限）,,笔试+面试,,,学段：初级中学；学科：历史；招聘职位：初中历史B组；招聘人数：9,安徽 蚌埠固镇县,https://www.xduim.com/zw/jszk,,专业：本科：历史学类（0601）专业。 （硕士研究生及以上学历专业不限）
2024,教师,2024安徽教师招考,区直小学,202401 区直小学 小学语文教师A,本科及以上,不限,,笔试+面试,,,学段：小学；招聘职位：小学语文教师A；招聘人数：14,安徽 宿州埇桥区,https://www.xduim.com/zw/jszk,,专业：不限
2024,教师,2024安徽教师招考,区直小学,202402 区直小学 小学语文教师B,本科及以上,不限,,笔试+面试,,,学段：小学；招聘职位：小学语文教师B；招聘人数：14,安徽 宿州埇桥区,https://www.xduim.com/zw/jszk,,专业：不限
2024,教师,2024安徽教师招考,区直小学,202403 区直小学 小学语文教师C,本科及以上,不限,,笔试+面试,,,学段：小学；招聘职位：小学语文教师C；招聘人数：14,安徽 宿州埇桥区,https://www.xduim.com/zw/jszk,,专业：不限
2024,教师,2024安徽教师招考,区直小学,202404 区直小学 小学语文教师D,本科及以上,不限,,笔试+面试,,,学段：小学；招聘职位：小学语文教师D；招聘人数：14,安徽 宿州埇桥区,https://www.xduim.com/zw/jszk,,专业：不限
2024,教师,2024安徽教师招考,区直小学,202405 区直小学 小学语文教师E,本科及以上,不限,,笔试+面试,,,学段：小学；招聘职位：小学语文教师E；招聘人数：14,安徽 宿州埇桥区,https://www.xduim.com/zw/jszk,,专业：不限
2024,教师,2024安徽教师招考,区直小学,202406 区直小学 小学语文教师F,本科及以上,不限,,笔试+面试,,,学段：小学；招聘职位：小学语文教师F；招聘人数：13,安徽 宿州埇桥区,https://www.xduim.com/zw/jszk,,专业：不限
2024,教师,2024安徽教师招考,区直小学,202407 区直小学 小学数学教师A,本科及以上,不限,,笔试+面试,,,学段：小学；招聘职位：小学数学教师A；招聘人数：14,安徽 宿州埇桥区,https://www.xduim.com/zw/jszk,,专业：不限
2024,教师,2024安徽教师招考,区直小学,202408 区直小学 小学数学教师B,本科及以上,不限,,笔试+面试,,,学段：小学；招聘职位：小学数学教师B；招聘人数：14,安徽 宿州埇桥区,https://www.xduim.com/zw/jszk,,专业：不限
2024,教师,2024安徽教师招考,区直小学,202409 区直小学 小学数学教师C,本科及以上,不限,,笔试+面试,,,学段：小学；招聘职位：小学数学教师C；招聘人数：14,安徽 宿州埇桥区,https://www.xduim.com/zw/jszk,,专业：不限
2024,教师,2024安徽教师招考,区直小学,202410 区直小学 小学数学教师D,本科及以上,不限,,笔试+面试,,,学段：小学；招聘职位：小学数学教师D；招聘人数：13,安徽 宿州埇桥区,https://www.xduim.com/zw/jszk,,专业：不限
2024,教师,2024安徽教师招考,区直小学,202411 区直小学 小学数学教师E,本科及以上,不限,,笔试+面试,,,学段：小学；招聘职位：小学数学教师E；招聘人数：13,安徽 宿州埇桥区,https://www.xduim.com/zw/jszk,,专业：不限
2024,教师,2024安徽教师招考,区直小学,202412 区直小学 小学英语教师,本科及以上,不限,,笔试+面试,,,学段：小学；招聘职位：小学英语教师；招聘人数：11,安徽 宿州埇桥区,https://www.xduim.com/zw/jszk,,专业：不限
2024,教师,2024安徽教师招考,区直小学,202413 区直小学 小学音乐教师,本科及以上,不限,,笔试+面试,,,学段：小学；招聘职位：小学音乐教师；招聘人数：10,安徽 宿州埇桥区,https://www.xduim.com/zw/jszk,,专业：不限
2024,教师,2024安徽教师招考,区直小学,202414 区直小学 小学体育教师,本科及以上,不限,,笔试+面试,,,学段：小学；招聘职位：小学体育教师；招聘人数：15,安徽 宿州埇桥区,https://www.xduim.com/zw/jszk,,专业：不限
2024,教师,2024安徽教师招考,区直小学,202415 区直小学 小学美术教师,本科及以上,不限,,笔试+面试,,,学段：小学；招聘职位：小学美术教师；招聘人数：7,安徽 宿州埇桥区,https://www.xduim.com/zw/jszk,,专业：不限
2024,教师,2024安徽教师招考,区直小学,202416 区直小学 小学信息技术教师,本科及以上,不限,,笔试+面试,,,学段：小学；招聘职位：小学信息技术教师；招聘人数：5,安徽 宿州埇桥区,https://www.xduim.com/zw/jszk,,专业：不限
2024,教师,2024安徽教师招考,区直小学,202417 区直小学 小学心理健康教师,本科及以上,不限,,笔试+面试,,,学段：小学；招聘职位：小学心理健康教师；招聘人数：2,安徽 宿州埇桥区,https://www.xduim.com/zw/jszk,,专业：不限
2024,教师,2024安徽教师招考,区直小学,202418 区直小学 小学科学教师,本科及以上,不限,,笔试+面试,,,学段：小学；招聘职位：小学科学教师；招聘人数：4,安徽 宿州埇桥区,https://www.xduim.com/zw/jszk,,专业：不限
2024,教师,2024安徽教师招考,区直小学,202419 区直小学 小学道德与法治教师,本科及以上,不限,,笔试+面试,,,学段：小学；招聘职位：小学道德与法治教师；招聘人数：2,安徽 宿州埇桥区,https://www.xduim.com/zw/jszk,,专业：不限
2024,教师,2024安徽教师招考,区直初中,202420 区直初中 初中语文教师A,本科及以上,不限,,笔试+面试,,,学段：初级中学；招聘职位：初中语文教师A；招聘人数：9,安徽 宿州埇桥区,https://www.xduim.com/zw/jszk,,专业：不限
2023,教师,2023安徽教师招考,区属小学,2023001 区属小学 小学语文教师A,专科及以上,不限,,笔试+面试,,,招聘职位：小学语文教师A；招聘人数：9,安徽 宿州埇桥区,https://www.xduim.com/zw/jszk,,专业：不限
2023,教师,2023安徽教师招考,区属小学,2023002 区属小学 小学语文教师B,专科及以上,不限,,笔试+面试,,,招聘职位：小学语文教师B；招聘人数：9,安徽 宿州埇桥区,https://www.xduim.com/zw/jszk,,专业：不限
2023,教师,2023安徽教师招考,区属小学,2023003 区属小学 小学数学教师A,专科及以上,不限,,笔试+面试,,,招聘职位：小学数学教师A；招聘人数：9,安徽 宿州埇桥区,https://www.xduim.com/zw/jszk,,专业：不限
2023,教师,2023安徽教师招考,区属小学,2023004 区属小学 小学数学教师B,专科及以上,不限,,笔试+面试,,,招聘职位：小学数学教师B；招聘人数：9,安徽 宿州埇桥区,https://www.xduim.com/zw/jszk,,专业：不限
2023,教师,2023安徽教师招考,区属小学,2023005 区属小学 小学体育教师,专科及以上,不限,,笔试+面试,,,招聘职位：小学体育教师；招聘人数：4,安徽 宿州埇桥区,https://www.xduim.com/zw/jszk,,专业：不限
2023,教师,2023安徽教师招考,区属小学,2023006 区属小学 小学音乐教师,专科及以上,不限,,笔试+面试,,,招聘职位：小学音乐教师；招聘人数：4,安徽 宿州埇桥区,https://www.xduim.com/zw/jszk,,专业：不限
2023,教师,2023安徽教师招考,区属小学,2023007 区属小学 小学心理健康教师,专科及以上,不限,,笔试+面试,,,招聘职位：小学心理健康教师；招聘人数：3,安徽 宿州埇桥区,https://www.xduim.com/zw/jszk,,专业：不限
2023,教师,2023安徽教师招考,区属初中,2023008 区属初中 初中语文教师,本科及以上,不限,,笔试+面试,,,招聘职位：初中语文教师；招聘人数：7,安徽 宿州埇桥区,https://www.xduim.com/zw/jszk,,专业：不限
2023,教师,2023安徽教师招考,区属初中,2023009 区属初中 初中数学教师,本科及以上,不限,,笔试+面试,,,招聘职位：初中数学教师；招聘人数：6,安徽 宿州埇桥区,https://www.xduim.com/zw/jszk,,专业：不限
2023,教师,2023安徽教师招考,区属初中,2023010 区属初中 初中地理教师,本科及以上,不限,,笔试+面试,,,招聘职位：初中地理教师；招聘人数：3,安徽 宿州埇桥区,https://www.xduim.com/zw/jszk,,专业：不限
2023,教师,2023安徽教师招考,区属初中,2023011 区属初中 初中物理教师,本科及以上,不限,,笔试+面试,,,招聘职位：初中物理教师；招聘人数：4,安徽 宿州埇桥区,https://www.xduim.com/zw/jszk,,专业：不限
2023,教师,2023安徽教师招考,区属初中,2023012 区属初中 初中化学教师,本科及以上,不限,,笔试+面试,,,招聘职位：初中化学教师；招聘人数：2,安徽 宿州埇桥区,https://www.xduim.com/zw/jszk,,专业：不限
2023,教师,2023安徽教师招考,区属初中,2023013 区属初中 初中生物教师,本科及以上,不限,,笔试+面试,,,招聘职位：初中生物教师；招聘人数：3,安徽 宿州埇桥区,https://www.xduim.com/zw/jszk,,专业：不限
2023,教师,2023安徽教师招考,区属初中,2023014 区属初中 初中历史教师,本科及以上,不限,,笔试+面试,,,招聘职位：初中历史教师；招聘人数：2,安徽 宿州埇桥区,https://www.xduim.com/zw/jszk,,专业：不限
2023,教师,2023安徽教师招考,区属初中,2023015 区属初中 初中体育教师,本科及以上,不限,,笔试+面试,,,招聘职位：初中体育教师；招聘人数：4,安徽 宿州埇桥区,https://www.xduim.com/zw/jszk,,专业：不限
2023,教师,2023安徽教师招考,宿州市特殊教育中心,2023016 宿州市特殊教育中心 特殊教育教师,本科及以上,不限,,笔试+面试,,,招聘职位：特殊教育教师；招聘人数：1,安徽 宿州埇桥区,https://www.xduim.com/zw/jszk,,专业：不限
2024,教师,2024安徽教师招考,大观区教育体育局,340803101 大观区教育体育局 小学语文,本科及以上,专业不限,,笔试+面试,,,学段：小学；学科：语文；招聘职位：小学语文；招聘人数：6,安徽 安庆大观区,https://www.xduim.com/zw/jszk,,专业：专业不限
2024,教师,2024安徽教师招考,大观区教育体育局,340803102 大观区教育体育局 小学数学,本科及以上,专业不限,,笔试+面试,,,学段：小学；学科：数学；招聘职位：小学数学；招聘人数：2,安徽 安庆大观区,https://www.xduim.com/zw/jszk,,专业：专业不限
2024,教师,2024安徽教师招考,大观区教育体育局,340803106 大观区教育体育局 小学美术,本科及以上,专业不限,,笔试+面试,,,学段：小学；学科：美术；招聘职位：小学美术；招聘人数：1,安徽 安庆大观区,https://www.xduim.com/zw/jszk,,专业：专业不限
2024,教师,2024安徽教师招考,大观区教育体育局,340803107 大观区教育体育局 小学道德与法治,本科及以上,专业不限,,笔试+面试,,,学段：小学；学科：道德与法治；招聘职位：小学道德与法治；招聘人数：1,安徽 安庆大观区,https://www.xduim.com/zw/jszk,,专业：专业不限
2023,教师,2023安徽教师招考,大观区教育体育局,80301101 大观区教育体育局 小学语文,本科及以上,专业不限,,笔试+面试,,,学段：小学；学科：语文；招聘职位：小学语文；招聘人数：7,安徽 安庆大观区,https://www.xduim.com/zw/jszk,,专业：专业不限
2023,教师,2023安徽教师招考,大观区教育体育局,80301102 大观区教育体育局 小学数学,本科及以上,专业不限,,笔试+面试,,,学段：小学；学科：数学；招聘职位：小学数学；招聘人数：5,安徽 安庆大观区,https://www.xduim.com/zw/jszk,,专业：专业不限
2024,教师,2024安徽教师招考,淮南市大通区上窑中心学校,340402001001 淮南市大通区上窑中心学校 小学体育,本科及以上,体育学类专业代码前四位为0402,,笔试+面试,,,学段：小学；学科：体育；招聘职位：小学体育；招聘人数：1,安徽 淮南大通区,https://www.xduim.com/zw/jszk,,专业：体育学类专业代码前四位为0402
2024,教师,2024安徽教师招考,淮南市大通区瀚城小学,340402002001 淮南市大通区瀚城小学 小学数学,本科及以上,数学类专业代码前四位为0701、小学教育数学方向040107,,笔试+面试,,,学段：小学；学科：数学；招聘职位：小学数学；招聘人数：1,安徽 淮南大通区,https://www.xduim.com/zw/jszk,,专业：数学类专业代码前四位为0701、小学教育数学方向040107
2024,教师,2024安徽教师招考,淮南市大通区第三小学,340402003001 淮南市大通区第三小学 小学数学,本科及以上,数学类专业代码前四位为0701、小学教育数学方向040107,,笔试+面试,,,学段：小学；学科：数学；招聘职位：小学数学；招聘人数：1,安徽 淮南大通区,https://www.xduim.com/zw/jszk,,专业：数学类专业代码前四位为0701、小学教育数学方向040107
2024,教师,2024安徽教师招考,天长市教育体育局,天长市教育体育局 小学语文,本科及以上,本科：汉语言文学、汉语言、汉语国际教育、小学教育；研究生：中国语言文学、汉语国际教育、小学教育、学科教学（语文）、课程与教学论（语文方向）,,笔试+面试,,,学段：小学；学科：语文；招聘职位：小学语文；招聘人数：4,安徽 滁州天长市,https://www.xduim.com/zw/jszk,,专业：本科：汉语言文学、汉语言、汉语国际教育、小学教育；研究生：中国语言文学、汉语国际教育、小学教育、学科教学（语文）、课程与教学论（语文方向）
2024,教师,2024安徽教师招考,天长市教育体育局,天长市教育体育局 小学数学,本科及以上,本科：数学类、统计学类、小学教育；研究生：数学、统计学、小学教育、学科教学（数学）、课程与教学论（数学方向）。,,笔试+面试,,,学段：小学；学科：数学；招聘职位：小学数学；招聘人数：3,安徽 滁州天长市,https://www.xduim.com/zw/jszk,,专业：本科：数学类、统计学类、小学教育；研究生：数学、统计学、小学教育、学科教学（数学）、课程与教学论（数学方向）。
2024,教师,2024安徽教师招考,天长市教育体育局,天长市教育体育局 小学英语,本科及以上,本科：英语、商务英语、翻译（英语方向）、小学教育；研究生：外国语言文学（英语方向）、翻译（英语方向）、小学教育、学科教学（英语）、课程与教学论（英语方向）,,笔试+面试,,,学段：小学；学科：英语；招聘职位：小学英语；招聘人数：2,安徽 滁州天长市,https://www.xduim.com/zw/jszk,,专业：本科：英语、商务英语、翻译（英语方向）、小学教育；研究生：外国语言文学（英语方向）、翻译（英语方向）、小学教育、学科教学（英语）、课程与教学论（英语方向）
2024,教师,2024安徽教师招考,天长市教育体育局,天长市教育体育局 小学体育,本科及以上,本科：体育学类；研究生：体育学、体育、学科教学(体育),,笔试+面试,,,学段：小学；学科：体育；招聘职位：小学体育；招聘人数：1,安徽 滁州天长市,https://www.xduim.com/zw/jszk,,专业：本科：体育学类；研究生：体育学、体育、学科教学(体育)
2024,教师,2024安徽教师招考,天长市教育体育局,天长市教育体育局 小学美术,本科及以上,本科：美术学类、设计学类、戏剧影视美术设计、动画、艺术教育；研究生：美术学、设计学、设计艺术学、艺术设计、学科教学（美术）,,笔试+面试,,,学段：小学；学科：美术；招聘职位：小学美术；招聘人数：1,安徽 滁州天长市,https://www.xduim.com/zw/jszk,,专业：本科：美术学类、设计学类、戏剧影视美术设计、动画、艺术教育；研究生：美术学、设计学、设计艺术学、艺术设计、学科教学（美术）
2024,教师,2024安徽教师招考,天长市教育体育局,天长市教育体育局 小学科学,本科及以上,专业不限,,笔试+面试,,,学段：小学；学科：科学；招聘职位：小学科学；招聘人数：1,安徽 滁州天长市,https://www.xduim.com/zw/jszk,,专业：专业不限
2024,教师,2024安徽教师招考,天长市教育体育局,天长市教育体育局 小学信息科技,本科及以上,本科：计算机类、教育技术学；研究生：计算机科学与技术、教育技术学、现代教育技术、科学与技术教育、计算机技术、软件工程、人工智能、大数据、网络信息（空间）安全、遥感（智能）科学与技术,,笔试+面试,,,学段：小学；学科：信息科技；招聘职位：小学信息科技；招聘人数：1,安徽 滁州天长市,https://www.xduim.com/zw/jszk,,专业：本科：计算机类、教育技术学；研究生：计算机科学与技术、教育技术学、现代教育技术、科学与技术教育、计算机技术、软件工程、人工智能、大数据、网络信息（空间）安全、遥感（智能）科学与技术
2023,教师,2023安徽教师招考,天长市教育体育局,天长市教育体育局 高中语文,本科及以上,本科：汉语言文学、汉语言、汉语国际教育；研究生：中国语言文学、汉语国际教育、学科教学（语文）、课程与教学论（语文方向）,,笔试+面试,,,学段：高级中学；学科：语文；招聘职位：高中语文；招聘人数：1,安徽 滁州天长市,https://www.xduim.com/zw/jszk,,专业：本科：汉语言文学、汉语言、汉语国际教育；研究生：中国语言文学、汉语国际教育、学科教学（语文）、课程与教学论（语文方向）
2023,教师,2023安徽教师招考,天长市教育体育局,天长市教育体育局 高中物理,本科及以上,本科：物理学类、天文学；研究生：物理学、天文学、学科教学（物理）、课程与教学论（物理方向）,,笔试+面试,,,学段：高级中学；学科：物理；招聘职位：高中物理；招聘人数：1,安徽 滁州天长市,https://www.xduim.com/zw/jszk,,专业：本科：物理学类、天文学；研究生：物理学、天文学、学科教学（物理）、课程与教学论（物理方向）
2023,教师,2023安徽教师招考,天长市教育体育局,天长市教育体育局 初中语文,本科及以上,本科：汉语言文学、汉语言、汉语国际教育；研究生：中国语言文学、汉语国际教育、学科教学（语文）、课程与教学论（语文方向）,,笔试+面试,,,学段：初级中学；学科：语文；招聘职位：初中语文；招聘人数：4,安徽 滁州天长市,https://www.xduim.com/zw/jszk,,专业：本科：汉语言文学、汉语言、汉语国际教育；研究生：中国语言文学、汉语国际教育、学科教学（语文）、课程与教学论（语文方向）
2023,教师,2023安徽教师招考,天长市教育体育局,天长市教育体育局 初中数学,本科及以上,本科：数学类；研究生：数学、学科教学（数学）、课程与教学论（数学方向）,,笔试+面试,,,学段：初级中学；学科：数学；招聘职位：初中数学；招聘人数：5,安徽 滁州天长市,https://www.xduim.com/zw/jszk,,专业：本科：数学类；研究生：数学、学科教学（数学）、课程与教学论（数学方向）
2023,教师,2023安徽教师招考,天长市教育体育局,天长市教育体育局 初中英语,本科及以上,本科：英语、商务英语、翻译；研究生：英语语言文学、翻译（英语方向）、外国语言学及应用语言学、学科教学（英语）、课程与教学论（英语方向）,,笔试+面试,,,学段：初级中学；学科：英语；招聘职位：初中英语；招聘人数：4,安徽 滁州天长市,https://www.xduim.com/zw/jszk,,专业：本科：英语、商务英语、翻译；研究生：英语语言文学、翻译（英语方向）、外国语言学及应用语言学、学科教学（英语）、课程与教学论（英语方向）
2023,教师,2023安徽教师招考,天长市教育体育局,天长市教育体育局 初中物理,本科及以上,本科：物理学类、天文学；研究生：物理学、天文学、学科教学（物理）、课程与教学论（物理方向）,,笔试+面试,,,学段：初级中学；学科：物理；招聘职位：初中物理；招聘人数：1,安徽 滁州天长市,https://www.xduim.com/zw/jszk,,专业：本科：物理学类、天文学；研究生：物理学、天文学、学科教学（物理）、课程与教学论（物理方向）
2023,教师,2023安徽教师招考,天长市教育体育局,天长市教育体育局 初中化学,本科及以上,本科：化学类；研究生：化学、学科教学（化学）、课程与教学论（化学方向）,,笔试+面试,,,学段：初级中学；学科：化学；招聘职位：初中化学；招聘人数：1,安徽 滁州天长市,https://www.xduim.com/zw/jszk,,专业：本科：化学类；研究生：化学、学科教学（化学）、课程与教学论（化学方向）
2023,教师,2023安徽教师招考,天长市教育体育局,天长市教育体育局 初中生物,本科及以上,本科：生物科学类；研究生：生物学、学科教学（生物）、课程与教学论（生物方向）,,笔试+面试,,,学段：初级中学；学科：生物；招聘职位：初中生物；招聘人数：2,安徽 滁州天长市,https://www.xduim.com/zw/jszk,,专业：本科：生物科学类；研究生：生物学、学科教学（生物）、课程与教学论（生物方向）
2023,教师,2023安徽教师招考,天长市教育体育局,天长市教育体育局 初中道德与法治,本科及以上,本科：政治学类、马克思主义理论类、人文教育；研究生：政治学、马克思主义理论、学科教学（思政）、课程与教学论（思政方向）,,笔试+面试,,,学段：初级中学；学科：道德与法治；招聘职位：初中道德与法治；招聘人数：3,安徽 滁州天长市,https://www.xduim.com/zw/jszk,,专业：本科：政治学类、马克思主义理论类、人文教育；研究生：政治学、马克思主义理论、学科教学（思政）、课程与教学论（思政方向）
2023,教师,2023安徽教师招考,天长市教育体育局,天长市教育体育局 初中历史,本科及以上,本科：历史学类、人文教育；研究生：历史学、学科教学（历史）、课程与教学论（历史方向）,,笔试+面试,,,学段：初级中学；学科：历史；招聘职位：初中历史；招聘人数：2,安徽 滁州天长市,https://www.xduim.com/zw/jszk,,专业：本科：历史学类、人文教育；研究生：历史学、学科教学（历史）、课程与教学论（历史方向）
2023,教师,2023安徽教师招考,天长市教育体育局,天长市教育体育局 初中地理,本科及以上,本科：地理科学类、地质学类、土地资源管理；研究生：地理学、地质学、学科教学（地理）、课程与教学论（地理方向）,,笔试+面试,,,学段：初级中学；学科：地理；招聘职位：初中地理；招聘人数：1,安徽 滁州天长市,https://www.xduim.com/zw/jszk,,专业：本科：地理科学类、地质学类、土地资源管理；研究生：地理学、地质学、学科教学（地理）、课程与教学论（地理方向）
2023,教师,2023安徽教师招考,天长市教育体育局,天长市教育体育局 初中音乐,本科及以上,本科：音乐与舞蹈学类、艺术教育；研究生：音乐学、舞蹈学、音乐与舞蹈学、音乐、舞蹈、学科教学（音乐）,,笔试+面试,,,学段：初级中学；学科：音乐；招聘职位：初中音乐；招聘人数：1,安徽 滁州天长市,https://www.xduim.com/zw/jszk,,专业：本科：音乐与舞蹈学类、艺术教育；研究生：音乐学、舞蹈学、音乐与舞蹈学、音乐、舞蹈、学科教学（音乐）
2023,教师,2023安徽教师招考,天长市教育体育局,天长市教育体育局 初中体育,本科及以上,本科：体育学类；研究生：体育学、体育、学科教学(体育),,笔试+面试,,,学段：初级中学；学科：体育；招聘职位：初中体育；招聘人数：2,安徽 滁州天长市,https://www.xduim.com/zw/jszk,,专业：本科：体育学类；研究生：体育学、体育、学科教学(体育)
2023,教师,2023安徽教师招考,天长市教育体育局,天长市教育体育局 初中信息科技,本科及以上,本科：计算机类、教育技术学；研究生：计算机科学与技术、教育技术学,,笔试+面试,,,学段：初级中学；学科：信息科技；招聘职位：初中信息科技；招聘人数：1,安徽 滁州天长市,https://www.xduim.com/zw/jszk,,专业：本科：计算机类、教育技术学；研究生：计算机科学与技术、教育技术学
2023,教师,2023安徽教师招考,天长市教育体育局,天长市教育体育局 小学语文A,本科及以上,本科：汉语言文学、汉语言、汉语国际教育、小学教育；研究生：中国语言文学、汉语国际教育、小学教育、学科教学（语文）、课程与教学论（语文方向）,,笔试+面试,,,学段：小学；学科：语文；招聘职位：小学语文A；招聘人数：14,安徽 滁州天长市,https://www.xduim.com/zw/jszk,,专业：本科：汉语言文学、汉语言、汉语国际教育、小学教育；研究生：中国语言文学、汉语国际教育、小学教育、学科教学（语文）、课程与教学论（语文方向）
2023,教师,2023安徽教师招考,天长市教育体育局,天长市教育体育局 小学语文B,本科及以上,本科：汉语言文学、汉语言、汉语国际教育、小学教育；研究生：中国语言文学、汉语国际教育、小学教育、学科教学（语文）、课程与教学论（语文方向）,,笔试+面试,,,学段：小学；学科：语文；招聘职位：小学语文B；招聘人数：14,安徽 滁州天长市,https://www.xduim.com/zw/jszk,,专业：本科：汉语言文学、汉语言、汉语国际教育、小学教育；研究生：中国语言文学、汉语国际教育、小学教育、学科教学（语文）、课程与教学论（语文方向）
2023,教师,2023安徽教师招考,天长市教育体育局,天长市教育体育局 小学数学A,本科及以上,本科：数学类、小学教育；研究生：数学、小学教育、学科教学（数学）、课程与教学论（数学方向）,,笔试+面试,,,学段：小学；学科：数学；招聘职位：小学数学A；招聘人数：9,安徽 滁州天长市,https://www.xduim.com/zw/jszk,,专业：本科：数学类、小学教育；研究生：数学、小学教育、学科教学（数学）、课程与教学论（数学方向）
2023,教师,2023安徽教师招考,天长市教育体育局,天长市教育体育局 小学数学B,本科及以上,本科：数学类、小学教育；研究生：数学、小学教育、学科教学（数学）、课程与教学论（数学方向）,,笔试+面试,,,学段：小学；学科：数学；招聘职位：小学数学B；招聘人数：9,安徽 滁州天长市,https://www.xduim.com/zw/jszk,,专业：本科：数学类、小学教育；研究生：数学、小学教育、学科教学（数学）、课程与教学论（数学方向）
2023,教师,2023安徽教师招考,天长市教育体育局,天长市教育体育局 小学英语,本科及以上,本科：英语、商务英语、翻译、小学教育；研究生：英语语言文学、翻译（英语方向）、外国语言学及应用语言学、小学教育、学科教学（英语）、课程与教学论（英语方向）,,笔试+面试,,,学段：小学；学科：英语；招聘职位：小学英语；招聘人数：3,安徽 滁州天长市,https://www.xduim.com/zw/jszk,,专业：本科：英语、商务英语、翻译、小学教育；研究生：英语语言文学、翻译（英语方向）、外国语言学及应用语言学、小学教育、学科教学（英语）、课程与教学论（英语方向）
2023,教师,2023安徽教师招考,天长市教育体育局,天长市教育体育局 小学音乐,本科及以上,本科：音乐与舞蹈学类、艺术教育；研究生：音乐学、舞蹈学、音乐与舞蹈学、音乐、舞蹈、学科教学（音乐）,,笔试+面试,,,学段：小学；学科：音乐；招聘职位：小学音乐；招聘人数：2,安徽 滁州天长市,https://www.xduim.com/zw/jszk,,专业：本科：音乐与舞蹈学类、艺术教育；研究生：音乐学、舞蹈学、音乐与舞蹈学、音乐、舞蹈、学科教学（音乐）
2024,教师,2024安徽教师招考,太和县教育局,太和县教育局 小学语文A,本科及以上,本科：汉语言文学、汉语国际教育、小学教育； 硕士研究生及以上专业不限,,笔试+面试,,,学段：小学；学科：语文；招聘职位：小学语文A；招聘人数：14,安徽 阜阳太和县,https://www.xduim.com/zw/jszk,,专业：本科：汉语言文学、汉语国际教育、小学教育； 硕士研究生及以上专业不限
2024,教师,2024安徽教师招考,太和县教育局,太和县教育局 小学语文B,本科及以上,本科：汉语言文学、汉语国际教育、小学教育； 硕士研究生及以上专业不限,,笔试+面试,,,学段：小学；学科：语文；招聘职位：小学语文B；招聘人数：15,安徽 阜阳太和县,https://www.xduim.com/zw/jszk,,专业：本科：汉语言文学、汉语国际教育、小学教育； 硕士研究生及以上专业不限
2024,教师,2024安徽教师招考,太和县教育局,太和县教育局 小学数学A,本科及以上,本科：数学与应用数学、信息与计算科学、小学教育； 硕士研究生及以上专业不限,,笔试+面试,,,学段：小学；学科：数学；招聘职位：小学数学A；招聘人数：12,安徽 阜阳太和县,https://www.xduim.com/zw/jszk,,专业：本科：数学与应用数学、信息与计算科学、小学教育； 硕士研究生及以上专业不限
2024,教师,2024安徽教师招考,太和县教育局,太和县教育局 小学数学B,本科及以上,本科：数学与应用数学、信息与计算科学、小学教育； 硕士研究生及以上专业不限,,笔试+面试,,,学段：小学；学科：数学；招聘职位：小学数学B；招聘人数：11,安徽 阜阳太和县,https://www.xduim.com/zw/jszk,,专业：本科：数学与应用数学、信息与计算科学、小学教育； 硕士研究生及以上专业不限
2024,教师,2024安徽教师招考,太和县教育局,太和县教育局 小学数学C,本科及以上,本科：数学与应用数学、信息与计算科学、小学教育； 硕士研究生及以上专业不限,,笔试+面试,,,学段：小学；学科：数学；招聘职位：小学数学C；招聘人数：11,安徽 阜阳太和县,https://www.xduim.com/zw/jszk,,专业：本科：数学与应用数学、信息与计算科学、小学教育； 硕士研究生及以上专业不限
2024,教师,2024安徽教师招考,太和县教育局,太和县教育局 小学英语,本科及以上,本科：英语、小学教育； 硕士研究生及以上专业不限,,笔试+面试,,,学段：小学；学科：英语；招聘职位：小学英语；招聘人数：6,安徽 阜阳太和县,https://www.xduim.com/zw/jszk,,专业：本科：英语、小学教育； 硕士研究生及以上专业不限
2024,教师,2024安徽教师招考,太和县教育局,太和县教育局 小学音乐,本科及以上,本科：音乐学、音乐表演； 硕士研究生及以上学历专业不限,,笔试+面试,,,学段：小学；学科：音乐；招聘职位：小学音乐；招聘人数：1,安徽 阜阳太和县,https://www.xduim.com/zw/jszk,,专业：本科：音乐学、音乐表演； 硕士研究生及以上学历专业不限
2024,教师,2024安徽教师招考,太和县教育局,太和县教育局 小学体育,本科及以上,本科：体育教育、运动训练、武术与民族传统体育； 硕士研究生及以上学历专业不限,,笔试+面试,,,学段：小学；学科：体育；招聘职位：小学体育；招聘人数：5,安徽 阜阳太和县,https://www.xduim.com/zw/jszk,,专业：本科：体育教育、运动训练、武术与民族传统体育； 硕士研究生及以上学历专业不限
2024,教师,2024安徽教师招考,太和县教育局,太和县教育局 小学美术,本科及以上,专业不限,,笔试+面试,,,学段：小学；学科：美术；招聘职位：小学美术；招聘人数：4,安徽 阜阳太和县,https://www.xduim.com/zw/jszk,,专业：专业不限
2024,教师,2024安徽教师招考,太和县教育局,太和县教育局 小学特殊教育,本科及以上,专业：特殊教育,,笔试+面试,,,学段：小学；学科：特殊教育；招聘职位：小学特殊教育；招聘人数：1,安徽 阜阳太和县,https://www.xduim.com/zw/jszk,,专业：专业：特殊教育
2024,教师,2024安徽教师招考,太和县教育局,太和县教育局 初中语文,本科及以上,本科：汉语言文学、汉语国际教育； 硕士研究生及以上学历专业不限,,笔试+面试,,,学段：初级中学；学科：语文；招聘职位：初中语文；招聘人数：9,安徽 阜阳太和县,https://www.xduim.com/zw/jszk,,专业：本科：汉语言文学、汉语国际教育； 硕士研究生及以上学历专业不限
2024,教师,2024安徽教师招考,太和县教育局,太和县教育局 初中数学,本科及以上,本科：数学与应用数学、信息与计算科学； 硕士研究生及以上学历专业不限,,笔试+面试,,,学段：初级中学；学科：数学；招聘职位：初中数学；招聘人数：14,安徽 阜阳太和县,https://www.xduim.com/zw/jszk,,专业：本科：数学与应用数学、信息与计算科学； 硕士研究生及以上学历专业不限
2024,教师,2024安徽教师招考,太和县教育局,太和县教育局 初中英语,本科及以上,本科：英语； 硕士研究生及以上学历专业不限,,笔试+面试,,,学段：初级中学；学科：英语；招聘职位：初中英语；招聘人数：15,安徽 阜阳太和县,https://www.xduim.com/zw/jszk,,专业：本科：英语； 硕士研究生及以上学历专业不限
2024,教师,2024安徽教师招考,太和县教育局,太和县教育局 初中物理,本科及以上,专业不限,,笔试+面试,,,学段：初级中学；学科：物理；招聘职位：初中物理；招聘人数：8,安徽 阜阳太和县,https://www.xduim.com/zw/jszk,,专业：专业不限
2024,教师,2024安徽教师招考,太和县教育局,太和县教育局 初中生物,本科及以上,本科：生物科学、应用生物科学、生物技术； 硕士研究生及以上学历专业不限,,笔试+面试,,,学段：初级中学；学科：生物；招聘职位：初中生物；招聘人数：2,安徽 阜阳太和县,https://www.xduim.com/zw/jszk,,专业：本科：生物科学、应用生物科学、生物技术； 硕士研究生及以上学历专业不限
2024,教师,2024安徽教师招考,太和县教育局,太和县教育局 初中道德与法治,本科及以上,本科：思想政治教育； 硕士研究生及以上学历专业不限,,笔试+面试,,,学段：初级中学；学科：道德与法治；招聘职位：初中道德与法治；招聘人数：4,安徽 阜阳太和县,https://www.xduim.com/zw/jszk,,专业：本科：思想政治教育； 硕士研究生及以上学历专业不限
2024,教师,2024安徽教师招考,太和县教育局,太和县教育局 初中历史,本科及以上,本科：历史学、世界史； 硕士研究生及以上学历专业不限,,笔试+面试,,,学段：初级中学；学科：历史；招聘职位：初中历史；招聘人数：4,安徽 阜阳太和县,https://www.xduim.com/zw/jszk,,专业：本科：历史学、世界史； 硕士研究生及以上学历专业不限
2024,教师,2024安徽教师招考,太和县教育局,太和县教育局 初中音乐,本科及以上,本科：音乐学、音乐表演； 硕士研究生及以上学历专业不限,,笔试+面试,,,学段：初级中学；学科：音乐；招聘职位：初中音乐；招聘人数：1,安徽 阜阳太和县,https://www.xduim.com/zw/jszk,,专业：本科：音乐学、音乐表演； 硕士研究生及以上学历专业不限
2024,教师,2024安徽教师招考,太和县教育局,太和县教育局 初中体育,本科及以上,本科：体育教育、运动训练、武术与民族传统体育； 硕士研究生及以上学历专业不限,,笔试+面试,,,学段：初级中学；学科：体育；招聘职位：初中体育；招聘人数：3,安徽 阜阳太和县,https://www.xduim.com/zw/jszk,,专业：本科：体育教育、运动训练、武术与民族传统体育； 硕士研究生及以上学历专业不限
2024,教师,2024安徽教师招考,太和县教育局,太和县教育局 高中语文,本科及以上,本科：汉语言文学、汉语国际教育； 硕士研究生及以上学历专业不限,,笔试+面试,,,学段：高级中学；学科：语文；招聘职位：高中语文；招聘人数：7,安徽 阜阳太和县,https://www.xduim.com/zw/jszk,,专业：本科：汉语言文学、汉语国际教育； 硕士研究生及以上学历专业不限
2023,教师,2023安徽教师招考,太和县教育局,太和县教育局 小学语文A,专科及以上,专科：语文教育、小学语文教育、小学教育 本科及以上专业不限,,笔试+面试,,,学段：小学；学科：语文；招聘职位：小学语文A；招聘人数：15,安徽 阜阳太和县,https://www.xduim.com/zw/jszk,,专业：专科：语文教育、小学语文教育、小学教育 本科及以上专业不限
2023,教师,2023安徽教师招考,太和县教育局,太和县教育局 小学语文B,专科及以上,专科：语文教育、小学语文教育、小学教育 本科及以上专业不限,,笔试+面试,,,学段：小学；学科：语文；招聘职位：小学语文B；招聘人数：15,安徽 阜阳太和县,https://www.xduim.com/zw/jszk,,专业：专科：语文教育、小学语文教育、小学教育 本科及以上专业不限
2023,教师,2023安徽教师招考,太和县教育局,太和县教育局 小学语文C,专科及以上,专科：语文教育、小学语文教育、小学教育 本科及以上专业不限,,笔试+面试,,,学段：小学；学科：语文；招聘职位：小学语文C；招聘人数：15,安徽 阜阳太和县,https://www.xduim.com/zw/jszk,,专业：专科：语文教育、小学语文教育、小学教育 本科及以上专业不限
2023,教师,2023安徽教师招考,太和县教育局,太和县教育局 小学语文D,专科及以上,专科：语文教育、小学语文教育、小学教育 本科及以上专业不限,,笔试+面试,,,学段：小学；学科：语文；招聘职位：小学语文D；招聘人数：15,安徽 阜阳太和县,https://www.xduim.com/zw/jszk,,专业：专科：语文教育、小学语文教育、小学教育 本科及以上专业不限
2023,教师,2023安徽教师招考,太和县教育局,太和县教育局 小学语文E,专科及以上,专科：语文教育、小学语文教育、小学教育 本科及以上专业不限,,笔试+面试,,,学段：小学；学科：语文；招聘职位：小学语文E；招聘人数：15,安徽 阜阳太和县,https://www.xduim.com/zw/jszk,,专业：专科：语文教育、小学语文教育、小学教育 本科及以上专业不限
2023,教师,2023安徽教师招考,太和县教育局,太和县教育局 小学数学A,专科及以上,专科：数学教育、小学数学教育、小学教育 本科及以上专业不限,,笔试+面试,,,学段：小学；学科：数学；招聘职位：小学数学A；招聘人数：13,安徽 阜阳太和县,https://www.xduim.com/zw/jszk,,专业：专科：数学教育、小学数学教育、小学教育 本科及以上专业不限
2023,教师,2023安徽教师招考,太和县教育局,太和县教育局 小学数学B,专科及以上,专科：数学教育、小学数学教育、小学教育 本科及以上专业不限,,笔试+面试,,,学段：小学；学科：数学；招聘职位：小学数学B；招聘人数：13,安徽 阜阳太和县,https://www.xduim.com/zw/jszk,,专业：专科：数学教育、小学数学教育、小学教育 本科及以上专业不限
2023,教师,2023安徽教师招考,太和县教育局,太和县教育局 小学数学C,专科及以上,专科：数学教育、小学数学教育、小学教育 本科及以上专业不限,,笔试+面试,,,学段：小学；学科：数学；招聘职位：小学数学C；招聘人数：13,安徽 阜阳太和县,https://www.xduim.com/zw/jszk,,专业：专科：数学教育、小学数学教育、小学教育 本科及以上专业不限
2023,教师,2023安徽教师招考,太和县教育局,太和县教育局 小学数学D,专科及以上,专科：数学教育、小学数学教育、小学教育 本科及以上专业不限,,笔试+面试,,,学段：小学；学科：数学；招聘职位：小学数学D；招聘人数：12,安徽 阜阳太和县,https://www.xduim.com/zw/jszk,,专业：专科：数学教育、小学数学教育、小学教育 本科及以上专业不限
2023,教师,2023安徽教师招考,太和县教育局,太和县教育局 小学数学E,专科及以上,专科：数学教育、小学数学教育、小学教育 本科及以上专业不限,,笔试+面试,,,学段：小学；学科：数学；招聘职位：小学数学E；招聘人数：12,安徽 阜阳太和县,https://www.xduim.com/zw/jszk,,专业：专科：数学教育、小学数学教育、小学教育 本科及以上专业不限
2023,教师,2023安徽教师招考,太和县教育局,太和县教育局 小学英语,专科及以上,专科：英语教育、小学英语教育、小学教育 本科及以上专业不限,,笔试+面试,,,学段：小学；学科：英语；招聘职位：小学英语；招聘人数：5,安徽 阜阳太和县,https://www.xduim.com/zw/jszk,,专业：专科：英语教育、小学英语教育、小学教育 本科及以上专业不限
2023,教师,2023安徽教师招考,太和县教育局,太和县教育局 小学音乐,专科及以上,专科：音乐教育 本科：音乐学、音乐表演 硕士研究生及以上学历专业不限,,笔试+面试,,,学段：小学；学科：音乐；招聘职位：小学音乐；招聘人数：9,安徽 阜阳太和县,https://www.xduim.com/zw/jszk,,专业：专科：音乐教育 本科：音乐学、音乐表演 硕士研究生及以上学历专业不限
2023,教师,2023安徽教师招考,太和县教育局,太和县教育局 小学体育,专科及以上,专科：体育教育 本科：体育教育、运动训练、武术与民族传统体育 硕士研究生及以上学历专业不限,,笔试+面试,,,学段：小学；学科：体育；招聘职位：小学体育；招聘人数：9,安徽 阜阳太和县,https://www.xduim.com/zw/jszk,,专业：专科：体育教育 本科：体育教育、运动训练、武术与民族传统体育 硕士研究生及以上学历专业不限
2023,教师,2023安徽教师招考,太和县教育局,太和县教育局 小学美术,专科及以上,专科：美术教育 本科：美术学 硕士研究生及以上学历专业不限,,笔试+面试,,,学段：小学；学科：美术；招聘职位：小学美术；招聘人数：8,安徽 阜阳太和县,https://www.xduim.com/zw/jszk,,专业：专科：美术教育 本科：美术学 硕士研究生及以上学历专业不限
2023,教师,2023安徽教师招考,太和县教育局,太和县教育局 小学心理健康教育,专科及以上,专业：心理学、应用心理学,,笔试+面试,,,学段：小学；学科：心理健康教育；招聘职位：小学心理健康教育；招聘人数：2,安徽 阜阳太和县,https://www.xduim.com/zw/jszk,,专业：专业：心理学、应用心理学
2023,教师,2023安徽教师招考,太和县教育局,太和县教育局 小学特殊教育,专科及以上,专业：特殊教育,,笔试+面试,,,学段：小学；学科：特殊教育；招聘职位：小学特殊教育；招聘人数：1,安徽 阜阳太和县,https://www.xduim.com/zw/jszk,,专业：专业：特殊教育
2023,教师,2023安徽教师招考,太和县教育局,太和县教育局 初中语文A,本科及以上,本科：汉语言、汉语言文学、汉语国际教育 硕士研究生及以上学历专业不限,,笔试+面试,,,学段：初级中学；学科：语文；招聘职位：初中语文A；招聘人数：15,安徽 阜阳太和县,https://www.xduim.com/zw/jszk,,专业：本科：汉语言、汉语言文学、汉语国际教育 硕士研究生及以上学历专业不限
2023,教师,2023安徽教师招考,太和县教育局,太和县教育局 初中语文B,本科及以上,本科：汉语言、汉语言文学、汉语国际教育 硕士研究生及以上学历专业不限,,笔试+面试,,,学段：初级中学；学科：语文；招聘职位：初中语文B；招聘人数：15,安徽 阜阳太和县,https://www.xduim.com/zw/jszk,,专业：本科：汉语言、汉语言文学、汉语国际教育 硕士研究生及以上学历专业不限
2023,教师,2023安徽教师招考,太和县教育局,太和县教育局 初中数学A,本科及以上,本科：数学与应用数学、信息与计算科学、数理基础科学、数据计算及应用 硕士研究生及以上学历专业不限,,笔试+面试,,,学段：初级中学；学科：数学；招聘职位：初中数学A；招聘人数：14,安徽 阜阳太和县,https://www.xduim.com/zw/jszk,,专业：本科：数学与应用数学、信息与计算科学、数理基础科学、数据计算及应用 硕士研究生及以上学历专业不限
2023,教师,2023安徽教师招考,太和县教育局,太和县教育局 初中数学B,本科及以上,本科：数学与应用数学、信息与计算科学、数理基础科学、数据计算及应用 硕士研究生及以上学历专业不限,,笔试+面试,,,学段：初级中学；学科：数学；招聘职位：初中数学B；招聘人数：13,安徽 阜阳太和县,https://www.xduim.com/zw/jszk,,专业：本科：数学与应用数学、信息与计算科学、数理基础科学、数据计算及应用 硕士研究生及以上学历专业不限
2024,教师,2024安徽教师招考,宁国市教育体育局,2401 宁国市教育体育局 初中语文教师,本科及以上,专业不限,,笔试+面试,,,学段：初级中学；学科：语文；招聘职位：初中语文教师；招聘人数：4,安徽 宣城宁国市,https://www.xduim.com/zw/jszk,,专业：专业不限
2024,教师,2024安徽教师招考,宁国市教育体育局,2402 宁国市教育体育局 初中数学教师,本科及以上,专业不限,,笔试+面试,,,学段：初级中学；学科：数学；招聘职位：初中数学教师；招聘人数：3,安徽 宣城宁国市,https://www.xduim.com/zw/jszk,,专业：专业不限
2024,教师,2024安徽教师招考,宁国市教育体育局,2403 宁国市教育体育局 初中英语教师,本科及以上,专业不限,,笔试+面试,,,学段：初级中学；学科：英语；招聘职位：初中英语教师；招聘人数：1,安徽 宣城宁国市,https://www.xduim.com/zw/jszk,,专业：专业不限
2024,教师,2024安徽教师招考,宁国市教育体育局,2404 宁国市教育体育局 初中道德与法治教师,本科及以上,专业不限,,笔试+面试,,,学段：初级中学；学科：道德与法治；招聘职位：初中道德与法治教师；招聘人数：2,安徽 宣城宁国市,https://www.xduim.com/zw/jszk,,专业：专业不限
2024,教师,2024安徽教师招考,宁国市教育体育局,2405 宁国市教育体育局 初中历史教师,本科及以上,专业不限,,笔试+面试,,,学段：初级中学；学科：历史；招聘职位：初中历史教师；招聘人数：1,安徽 宣城宁国市,https://www.xduim.com/zw/jszk,,专业：专业不限
2024,教师,2024安徽教师招考,宁国市教育体育局,2406 宁国市教育体育局 初中物理教师,本科及以上,专业不限,,笔试+面试,,,学段：初级中学；学科：物理；招聘职位：初中物理教师；招聘人数：1,安徽 宣城宁国市,https://www.xduim.com/zw/jszk,,专业：专业不限
2024,教师,2024安徽教师招考,宁国市教育体育局,2407 宁国市教育体育局 初中化学教师,本科及以上,专业不限,,笔试+面试,,,学段：初级中学；学科：化学；招聘职位：初中化学教师；招聘人数：1,安徽 宣城宁国市,https://www.xduim.com/zw/jszk,,专业：专业不限
2024,教师,2024安徽教师招考,宁国市教育体育局,2408 宁国市教育体育局 初中体育教师,本科及以上,专业不限,,笔试+面试,,,学段：初级中学；学科：体育；招聘职位：初中体育教师；招聘人数：1,安徽 宣城宁国市,https://www.xduim.com/zw/jszk,,专业：专业不限
2024,教师,2024安徽教师招考,宁国市教育体育局,2409 宁国市教育体育局 初中美术教师,本科及以上,专业不限,,笔试+面试,,,学段：初级中学；学科：美术；招聘职位：初中美术教师；招聘人数：1,安徽 宣城宁国市,https://www.xduim.com/zw/jszk,,专业：专业不限
2024,教师,2024安徽教师招考,宁国市教育体育局,2410 宁国市教育体育局 初中信息科技教师,本科及以上,专业不限,,笔试+面试,,,学段：初级中学；学科：信息科技；招聘职位：初中信息科技教师；招聘人数：1,安徽 宣城宁国市,https://www.xduim.com/zw/jszk,,专业：专业不限
2024,教师,2024安徽教师招考,宁国市教育体育局,2411 宁国市教育体育局 初中心理健康教师,本科及以上,专业不限,,笔试+面试,,,学段：初级中学；学科：心理健康；招聘职位：初中心理健康教师；招聘人数：1,安徽 宣城宁国市,https://www.xduim.com/zw/jszk,,专业：专业不限
2024,教师,2024安徽教师招考,宁国市教育体育局,2412 宁国市教育体育局 小学语文教师,本科及以上,专业不限,,笔试+面试,,,学段：小学；学科：语文；招聘职位：小学语文教师；招聘人数：5,安徽 宣城宁国市,https://www.xduim.com/zw/jszk,,专业：专业不限
2024,教师,2024安徽教师招考,宁国市教育体育局,2413 宁国市教育体育局 小学数学教师,本科及以上,专业不限,,笔试+面试,,,学段：小学；学科：数学；招聘职位：小学数学教师；招聘人数：3,安徽 宣城宁国市,https://www.xduim.com/zw/jszk,,专业：专业不限
2024,教师,2024安徽教师招考,宁国市教育体育局,2414 宁国市教育体育局 小学英语教师,本科及以上,专业不限,,笔试+面试,,,学段：小学；学科：英语；招聘职位：小学英语教师；招聘人数：1,安徽 宣城宁国市,https://www.xduim.com/zw/jszk,,专业：专业不限
2024,教师,2024安徽教师招考,宁国市教育体育局,2415 宁国市教育体育局 小学道德与法治教师,本科及以上,专业不限,,笔试+面试,,,学段：小学；学科：道德与法治；招聘职位：小学道德与法治教师；招聘人数：1,安徽 宣城宁国市,https://www.xduim.com/zw/jszk,,专业：专业不限
2024,教师,2024安徽教师招考,宁国市教育体育局,2416 宁国市教育体育局 小学音乐教师,本科及以上,专业不限,,笔试+面试,,,学段：小学；学科：音乐；招聘职位：小学音乐教师；招聘人数：1,安徽 宣城宁国市,https://www.xduim.com/zw/jszk,,专业：专业不限
2024,教师,2024安徽教师招考,宁国市教育体育局,2417 宁国市教育体育局 小学体育教师,本科及以上,专业不限,,笔试+面试,,,学段：小学；学科：体育；招聘职位：小学体育教师；招聘人数：1,安徽 宣城宁国市,https://www.xduim.com/zw/jszk,,专业：专业不限
2023,教师,2023安徽教师招考,宁国市教育体育局,2301 宁国市教育体育局 初中语文教师,本科及以上,专业不限,,笔试+面试,,,学段：初级中学；学科：语文；招聘职位：初中语文教师；招聘人数：5,安徽 宣城宁国市,https://www.xduim.com/zw/jszk,,专业：专业不限
2023,教师,2023安徽教师招考,宁国市教育体育局,2302 宁国市教育体育局 初中数学教师,本科及以上,专业不限,,笔试+面试,,,学段：初级中学；学科：数学；招聘职位：初中数学教师；招聘人数：3,安徽 宣城宁国市,https://www.xduim.com/zw/jszk,,专业：专业不限
2023,教师,2023安徽教师招考,宁国市教育体育局,2303 宁国市教育体育局 初中英语教师,本科及以上,专业不限,,笔试+面试,,,学段：初级中学；学科：英语；招聘职位：初中英语教师；招聘人数：3,安徽 宣城宁国市,https://www.xduim.com/zw/jszk,,专业：专业不限
2023,教师,2023安徽教师招考,宁国市教育体育局,2304 宁国市教育体育局 初中道德与法治教师,本科及以上,专业不限,,笔试+面试,,,学段：初级中学；学科：道德与法治；招聘职位：初中道德与法治教师；招聘人数：2,安徽 宣城宁国市,https://www.xduim.com/zw/jszk,,专业：专业不限
2023,教师,2023安徽教师招考,宁国市教育体育局,2305 宁国市教育体育局 初中历史教师,本科及以上,专业不限,,笔试+面试,,,学段：初级中学；学科：历史；招聘职位：初中历史教师；招聘人数：1,安徽 宣城宁国市,https://www.xduim.com/zw/jszk,,专业：专业不限
2023,教师,2023安徽教师招考,宁国市教育体育局,2306 宁国市教育体育局 初中物理教师,本科及以上,专业不限,,笔试+面试,,,学段：初级中学；学科：物理；招聘职位：初中物理教师；招聘人数：1,安徽 宣城宁国市,https://www.xduim.com/zw/jszk,,专业：专业不限
2023,教师,2023安徽教师招考,宁国市教育体育局,2307 宁国市教育体育局 初中体育教师,本科及以上,专业不限,,笔试+面试,,,学段：初级中学；学科：体育；招聘职位：初中体育教师；招聘人数：1,安徽 宣城宁国市,https://www.xduim.com/zw/jszk,,专业：专业不限
2023,教师,2023安徽教师招考,宁国市教育体育局,2308 宁国市教育体育局 初中美术教师,本科及以上,专业不限,,笔试+面试,,,学段：初级中学；学科：美术；招聘职位：初中美术教师；招聘人数：1,安徽 宣城宁国市,https://www.xduim.com/zw/jszk,,专业：专业不限
2023,教师,2023安徽教师招考,宁国市教育体育局,2309 宁国市教育体育局 初中信息技术教师,本科及以上,专业不限,,笔试+面试,,,学段：初级中学；学科：信息科技；招聘职位：初中信息技术教师；招聘人数：1,安徽 宣城宁国市,https://www.xduim.com/zw/jszk,,专业：专业不限
2023,教师,2023安徽教师招考,宁国市教育体育局,2310 宁国市教育体育局 小学语文教师,本科及以上,专业不限,,笔试+面试,,,学段：小学；学科：语文；招聘职位：小学语文教师；招聘人数：7,安徽 宣城宁国市,https://www.xduim.com/zw/jszk,,专业：专业不限
2023,教师,2023安徽教师招考,宁国市教育体育局,2311 宁国市教育体育局 小学数学教师,本科及以上,专业不限,,笔试+面试,,,学段：小学；学科：数学；招聘职位：小学数学教师；招聘人数：5,安徽 宣城宁国市,https://www.xduim.com/zw/jszk,,专业：专业不限
2023,教师,2023安徽教师招考,宁国市教育体育局,2312 宁国市教育体育局 小学英语教师,本科及以上,专业不限,,笔试+面试,,,学段：小学；学科：英语；招聘职位：小学英语教师；招聘人数：1,安徽 宣城宁国市,https://www.xduim.com/zw/jszk,,专业：专业不限
2023,教师,2023安徽教师招考,宁国市教育体育局,2313 宁国市教育体育局 小学道德与法治教师,本科及以上,专业不限,,笔试+面试,,,学段：小学；学科：道德与法治；招聘职位：小学道德与法治教师；招聘人数：1,安徽 宣城宁国市,https://www.xduim.com/zw/jszk,,专业：专业不限
2023,教师,2023安徽教师招考,宁国市教育体育局,2314 宁国市教育体育局 小学音乐教师,本科及以上,专业不限,,笔试+面试,,,学段：小学；学科：音乐；招聘职位：小学音乐教师；招聘人数：1,安徽 宣城宁国市,https://www.xduim.com/zw/jszk,,专业：专业不限
2023,教师,2023安徽教师招考,宁国市教育体育局,2315 宁国市教育体育局 小学体育教师,本科及以上,专业不限,,笔试+面试,,,学段：小学；学科：体育；招聘职位：小学体育教师；招聘人数：1,安徽 宣城宁国市,https://www.xduim.com/zw/jszk,,专业：专业不限
2023,教师,2023安徽教师招考,宁国市教育体育局,2316 宁国市教育体育局 小学美术教师,本科及以上,专业不限,,笔试+面试,,,学段：小学；学科：美术；招聘职位：小学美术教师；招聘人数：1,安徽 宣城宁国市,https://www.xduim.com/zw/jszk,,专业：专业不限
2023,教师,2023安徽教师招考,宁国市教育体育局,2317 宁国市教育体育局 小学信息技术教师,本科及以上,专业不限,,笔试+面试,,,学段：小学；学科：信息科技；招聘职位：小学信息技术教师；招聘人数：1,安徽 宣城宁国市,https://www.xduim.com/zw/jszk,,专业：专业不限
2023,教师,2023安徽教师招考,宁国市教育体育局,2318 宁国市教育体育局 小学科学教师,本科及以上,专业不限,,笔试+面试,,,学段：小学；学科：科学；招聘职位：小学科学教师；招聘人数：1,安徽 宣城宁国市,https://www.xduim.com/zw/jszk,,专业：专业不限
2023,教师,2023安徽教师招考,安庆市第一中学,80101301 安庆市第一中学 学科教师,研究生及以上,045103学科教学（语文）、0501中国语言文学,,笔试+面试,,,学段：高级中学；学科：语文；招聘职位：学科教师；招聘人数：1,安徽 安庆市直,https://www.xduim.com/zw/jszk,,专业：045103学科教学（语文）、0501中国语言文学
2023,教师,2023安徽教师招考,安庆市第一中学,80101302 安庆市第一中学 学科教师,研究生及以上,045104学科教学（数学）、0701数学,,笔试+面试,,,学段：高级中学；学科：数学；招聘职位：学科教师；招聘人数：1,安徽 安庆市直,https://www.xduim.com/zw/jszk,,专业：045104学科教学（数学）、0701数学
2023,教师,2023安徽教师招考,安庆市第一中学,80101304 安庆市第一中学 学科教师,研究生及以上,045105学科教学（物理）、0702物理学、08工学,,笔试+面试,,,学段：高级中学；学科：物理；招聘职位：学科教师；招聘人数：2,安徽 安庆市直,https://www.xduim.com/zw/jszk,,专业：045105学科教学（物理）、0702物理学、08工学
2023,教师,2023安徽教师招考,安庆市第一中学,80101306 安庆市第一中学 学科教师,研究生及以上,045107学科教学（生物）、0710生物学,,笔试+面试,,,学段：高级中学；学科：生物；招聘职位：学科教师；招聘人数：1,安徽 安庆市直,https://www.xduim.com/zw/jszk,,专业：045107学科教学（生物）、0710生物学
2023,教师,2023安徽教师招考,安庆市第一中学,80101311 安庆市第一中学 学科教师,研究生及以上,045112学科教学（体育）、0452体育,,笔试+面试,,,学段：高级中学；学科：体育与健康；招聘职位：学科教师；招聘人数：1,安徽 安庆市直,https://www.xduim.com/zw/jszk,,专业：045112学科教学（体育）、0452体育
2023,教师,2023安徽教师招考,安庆市第二中学北区,80102301 安庆市第二中学北区 学科教师,本科及以上,本科生：050101汉语言文学、050102汉语言 研究生：0501中国语言文学,,笔试+面试,,,学段：高级中学；学科：语文；招聘职位：学科教师；招聘人数：1,安徽 安庆市直,https://www.xduim.com/zw/jszk,,专业：本科生：050101汉语言文学、050102汉语言 研究生：0501中国语言文学
2023,教师,2023安徽教师招考,安庆市第二中学北区,80102303 安庆市第二中学北区 学科教师,本科及以上,本科生：050201英语 研究生：0502外国语言文学（英语）,,笔试+面试,,,学段：高级中学；学科：英语；招聘职位：学科教师；招聘人数：1,安徽 安庆市直,https://www.xduim.com/zw/jszk,,专业：本科生：050201英语 研究生：0502外国语言文学（英语）
2023,教师,2023安徽教师招考,安庆市第二中学北区,80102304 安庆市第二中学北区 学科教师,本科及以上,本科生：070201物理学、070202应用物理学 研究生：0702物理学,,笔试+面试,,,学段：高级中学；学科：物理；招聘职位：学科教师；招聘人数：1,安徽 安庆市直,https://www.xduim.com/zw/jszk,,专业：本科生：070201物理学、070202应用物理学 研究生：0702物理学
2023,教师,2023安徽教师招考,安庆市第二中东区,80103302 安庆市第二中东区 学科教师,本科及以上,本科生：070101数学与应用数学 研究生：0701数学,,笔试+面试,,,学段：高级中学；学科：数学；招聘职位：学科教师；招聘人数：1,安徽 安庆市直,https://www.xduim.com/zw/jszk,,专业：本科生：070101数学与应用数学 研究生：0701数学
2023,教师,2023安徽教师招考,安庆市第二中南区,80104203 安庆市第二中南区 学科教师,本科及以上,本科生：050201英语 研究生：0502外国语言文学（英语）,,笔试+面试,,,学段：初级中学；学科：英语；招聘职位：学科教师；招聘人数：1,安徽 安庆市直,https://www.xduim.com/zw/jszk,,专业：本科生：050201英语 研究生：0502外国语言文学（英语）
2023,教师,2023安徽教师招考,安庆市第四中学,80105201 安庆市第四中学 学科教师,本科及以上,本科：050101汉语言文学、050102汉语言 研究生：专业不限,,笔试+面试,,,学段：初级中学；学科：语文；招聘职位：学科教师；招聘人数：3,安徽 安庆市直,https://www.xduim.com/zw/jszk,,专业：本科：050101汉语言文学、050102汉语言 研究生：专业不限
2023,教师,2023安徽教师招考,安庆市第四中学,80105202 安庆市第四中学 学科教师,本科及以上,本科：070101数学与应用数学 研究生：专业不限,,笔试+面试,,,学段：初级中学；学科：数学；招聘职位：学科教师；招聘人数：2,安徽 安庆市直,https://www.xduim.com/zw/jszk,,专业：本科：070101数学与应用数学 研究生：专业不限
2023,教师,2023安徽教师招考,安庆市第四中学,80105203 安庆市第四中学 学科教师,本科及以上,本科：050201英语 研究生：专业不限,,笔试+面试,,,学段：初级中学；学科：英语；招聘职位：学科教师；招聘人数：2,安徽 安庆市直,https://www.xduim.com/zw/jszk,,专业：本科：050201英语 研究生：专业不限
2023,教师,2023安徽教师招考,安庆市第四中学,80105205 安庆市第四中学 学科教师,本科及以上,本科：070301化学、070302应用化学 研究生：专业不限,,笔试+面试,,,学段：初级中学；学科：化学；招聘职位：学科教师；招聘人数：1,安徽 安庆市直,https://www.xduim.com/zw/jszk,,专业：本科：070301化学、070302应用化学 研究生：专业不限
2023,教师,2023安徽教师招考,安庆市第四中学,80105208 安庆市第四中学 学科教师,本科及以上,本科：060101历史学、060102世界史 研究生：专业不限,,笔试+面试,,,学段：初级中学；学科：历史；招聘职位：学科教师；招聘人数：1,安徽 安庆市直,https://www.xduim.com/zw/jszk,,专业：本科：060101历史学、060102世界史 研究生：专业不限
2023,教师,2023安徽教师招考,安庆市第四中学,80105209 安庆市第四中学 学科教师,本科及以上,本科：030503思想政治教育 研究生：专业不限,,笔试+面试,,,学段：初级中学；学科：道德与法治；招聘职位：学科教师；招聘人数：1,安徽 安庆市直,https://www.xduim.com/zw/jszk,,专业：本科：030503思想政治教育 研究生：专业不限
2023,教师,2023安徽教师招考,安庆市第四中学,80105210 安庆市第四中学 学科教师,本科及以上,本科：040104教育技术学、080901计算机科学与技术 研究生：专业不限,,笔试+面试,,,学段：初级中学；学科：信息技术；招聘职位：学科教师；招聘人数：1,安徽 安庆市直,https://www.xduim.com/zw/jszk,,专业：本科：040104教育技术学、080901计算机科学与技术 研究生：专业不限
2023,教师,2023安徽教师招考,安庆市第四中学,80105211 安庆市第四中学 学科教师,本科及以上,本科：040201体育教育 研究生：专业不限,,笔试+面试,,,学段：初级中学；学科：体育与健康；招聘职位：学科教师；招聘人数：2,安徽 安庆市直,https://www.xduim.com/zw/jszk,,专业：本科：040201体育教育 研究生：专业不限
2023,教师,2023安徽教师招考,安庆市第九中学,80106304 安庆市第九中学 学科教师,本科及以上,本科生：070201物理学、070202应用物理学、070203核物理、070204T声学、070205T系统科学与工程、070206T量子信息科学 研究生：专业不限,,笔试+面试,,,学段：高级中学；学科：物理；招聘职位：学科教师；招聘人数：1,安徽 安庆市直,https://www.xduim.com/zw/jszk,,专业：本科生：070201物理学、070202应用物理学、070203核物理、070204T声学、070205T系统科学与工程、070206T量子信息科学 研究生：专业不限
2023,教师,2023安徽教师招考,安庆市第九中学,80106306 安庆市第九中学 学科教师,本科及以上,本科生：071001生物科学、071002生物技术、071003生物信息学、071004生态学、071005T整合科学、071006T神经科学 研究生：专业不限,,笔试+面试,,,学段：高级中学；学科：生物；招聘职位：学科教师；招聘人数：1,安徽 安庆市直,https://www.xduim.com/zw/jszk,,专业：本科生：071001生物科学、071002生物技术、071003生物信息学、071004生态学、071005T整合科学、071006T神经科学 研究生：专业不限
2023,教师,2023安徽教师招考,定远县教育体育局,定远县教育体育局 小学语文,本科及以上,本科：汉语言文学、汉语言 、汉语国际教育、小学教育；研究生：中国语言文学、小学教育、汉语国际教育、学科教学（语文）、课程与教学论（语文方向）,,笔试+面试,,,学段：小学；学科：语文；招聘职位：小学语文；招聘人数：6,安徽 滁州定远县,https://www.xduim.com/zw/jszk,,专业：本科：汉语言文学、汉语言 、汉语国际教育、小学教育；研究生：中国语言文学、小学教育、汉语国际教育、学科教学（语文）、课程与教学论（语文方向）
2023,教师,2023安徽教师招考,定远县教育体育局,定远县教育体育局 小学数学,本科及以上,本科：数学类、小学教育；研究生：数学、小学教育、学科教学（数学）、课程与教学论（数学方向）,,笔试+面试,,,学段：小学；学科：数学；招聘职位：小学数学；招聘人数：6,安徽 滁州定远县,https://www.xduim.com/zw/jszk,,专业：本科：数学类、小学教育；研究生：数学、小学教育、学科教学（数学）、课程与教学论（数学方向）
2023,教师,2023安徽教师招考,定远县教育体育局,定远县教育体育局 小学英语,本科及以上,本科：英语、商务英语、翻译、小学教育；研究生：英语语言文学、翻译（英语方向）、外国语言学及应用语言学、小学教育、学科教学（英语）、课程与教学论（英语方向）,,笔试+面试,,,学段：小学；学科：英语；招聘职位：小学英语；招聘人数：1,安徽 滁州定远县,https://www.xduim.com/zw/jszk,,专业：本科：英语、商务英语、翻译、小学教育；研究生：英语语言文学、翻译（英语方向）、外国语言学及应用语言学、小学教育、学科教学（英语）、课程与教学论（英语方向）
2023,教师,2023安徽教师招考,定远县教育体育局,定远县教育体育局 初中数学,本科及以上,本科：数学类；研究生：数学、学科教学（数学）、课程与教学论（数学方向）,,笔试+面试,,,学段：初级中学；学科：数学；招聘职位：初中数学；招聘人数：4,安徽 滁州定远县,https://www.xduim.com/zw/jszk,,专业：本科：数学类；研究生：数学、学科教学（数学）、课程与教学论（数学方向）
2023,教师,2023安徽教师招考,定远县教育体育局,定远县教育体育局 初中物理,本科及以上,本科：物理学类、天文学；研究生：物理学、天文学、学科教学（物理）、课程与教学论（物理方向）,,笔试+面试,,,学段：初级中学；学科：物理；招聘职位：初中物理；招聘人数：3,安徽 滁州定远县,https://www.xduim.com/zw/jszk,,专业：本科：物理学类、天文学；研究生：物理学、天文学、学科教学（物理）、课程与教学论（物理方向）
2023,教师,2023安徽教师招考,定远县教育体育局,定远县教育体育局 初中化学,本科及以上,本科：化学类；研究生：化学、学科教学（化学）、课程与教学论（化学方向）,,笔试+面试,,,学段：初级中学；学科：化学；招聘职位：初中化学；招聘人数：3,安徽 滁州定远县,https://www.xduim.com/zw/jszk,,专业：本科：化学类；研究生：化学、学科教学（化学）、课程与教学论（化学方向）
2023,教师,2023安徽教师招考,定远县教育体育局,定远县教育体育局 初中道德与法治,本科及以上,本科：政治学类、马克思主义理论类、人文教育；研究生：政治学、马克思主义理论、学科教学（思政）、课程与教学论（思政方向）,,笔试+面试,,,学段：初级中学；学科：道德与法治；招聘职位：初中道德与法治；招聘人数：1,安徽 滁州定远县,https://www.xduim.com/zw/jszk,,专业：本科：政治学类、马克思主义理论类、人文教育；研究生：政治学、马克思主义理论、学科教学（思政）、课程与教学论（思政方向）
2023,教师,2023安徽教师招考,定远县教育体育局,定远县教育体育局 初中历史,本科及以上,本科：历史学类、人文教育；研究生：历史学、学科教学（历史）、课程与教学论（历史方向）,,笔试+面试,,,学段：初级中学；学科：历史；招聘职位：初中历史；招聘人数：2,安徽 滁州定远县,https://www.xduim.com/zw/jszk,,专业：本科：历史学类、人文教育；研究生：历史学、学科教学（历史）、课程与教学论（历史方向）
2023,教师,2023安徽教师招考,定远县教育体育局,定远县教育体育局 初中地理,本科及以上,本科：地理科学类；研究生：地理学、学科教学（地理）、课程与教学论（地理方向）,,笔试+面试,,,学段：初级中学；学科：地理；招聘职位：初中地理；招聘人数：2,安徽 滁州定远县,https://www.xduim.com/zw/jszk,,专业：本科：地理科学类；研究生：地理学、学科教学（地理）、课程与教学论（地理方向）
2023,教师,2023安徽教师招考,定远县教育体育局,定远县教育体育局 初中生物,本科及以上,本科：生物科学类；研究生：生物学、学科教学（生物）、课程与教学论（生物方向）,,笔试+面试,,,学段：初级中学；学科：生物；招聘职位：初中生物；招聘人数：1,安徽 滁州定远县,https://www.xduim.com/zw/jszk,,专业：本科：生物科学类；研究生：生物学、学科教学（生物）、课程与教学论（生物方向）
2023,教师,2023安徽教师招考,定远县教育体育局,定远县教育体育局 初中信息科技,本科及以上,本科：计算机类，教育技术学（师范）； 研究生：计算机科学与技术,,笔试+面试,,,学段：初级中学；学科：信息科技；招聘职位：初中信息科技；招聘人数：1,安徽 滁州定远县,https://www.xduim.com/zw/jszk,,专业：本科：计算机类，教育技术学（师范）； 研究生：计算机科学与技术
2023,教师,2023安徽教师招考,定远县教育体育局,定远县教育体育局 初中体育,本科及以上,本科：体育学类 研究生：体育学、体育、学科教学(体育),,笔试+面试,,,学段：初级中学；学科：体育；招聘职位：初中体育；招聘人数：1,安徽 滁州定远县,https://www.xduim.com/zw/jszk,,专业：本科：体育学类 研究生：体育学、体育、学科教学(体育)
2023,教师,2023安徽教师招考,定远县教育体育局,定远县教育体育局 高中语文,本科及以上,本科：汉语言文学、汉语言、汉语国际教育；研究生：中国语言文学、汉语国际教育、学科教学（语文）、课程与教学论（语文方向）,,笔试+面试,,,学段：高级中学；学科：语文；招聘职位：高中语文；招聘人数：4,安徽 滁州定远县,https://www.xduim.com/zw/jszk,,专业：本科：汉语言文学、汉语言、汉语国际教育；研究生：中国语言文学、汉语国际教育、学科教学（语文）、课程与教学论（语文方向）
2023,教师,2023安徽教师招考,定远县教育体育局,定远县教育体育局 高中数学,本科及以上,本科：数学类 研究生：数学、学科教学（数学）、课程与教学论（数学方向）,,笔试+面试,,,学段：高级中学；学科：数学；招聘职位：高中数学；招聘人数：4,安徽 滁州定远县,https://www.xduim.com/zw/jszk,,专业：本科：数学类 研究生：数学、学科教学（数学）、课程与教学论（数学方向）
2023,教师,2023安徽教师招考,定远县教育体育局,定远县教育体育局 高中英语,本科及以上,本科：英语、商务英语、翻译； 研究生：英语语言文学、翻译（英语方向）、外国语言学及应用语言学、学科教学（英语）、课程与教学论（英语方向）,,笔试+面试,,,学段：高级中学；学科：英语；招聘职位：高中英语；招聘人数：4,安徽 滁州定远县,https://www.xduim.com/zw/jszk,,专业：本科：英语、商务英语、翻译； 研究生：英语语言文学、翻译（英语方向）、外国语言学及应用语言学、学科教学（英语）、课程与教学论（英语方向）
2023,教师,2023安徽教师招考,定远县教育体育局,定远县教育体育局 高中物理,本科及以上,本科：物理学类、天文学；研究生：物理学、天文学、学科教学（物理）、课程与教学论（物理方向）,,笔试+面试,,,学段：高级中学；学科：物理；招聘职位：高中物理；招聘人数：2,安徽 滁州定远县,https://www.xduim.com/zw/jszk,,专业：本科：物理学类、天文学；研究生：物理学、天文学、学科教学（物理）、课程与教学论（物理方向）
2024,教师,2024安徽教师招考,定远县教育体育局,定远县教育体育局 小学语文,本科及以上,本科：汉语言文学、汉语言、汉语国际教育、小学教育；研究生：中国语言文学、汉语国际教育、小学教育、学科教学（语文）、课程与教学论（语文方向）,,笔试+面试,,,学段：小学；学科：语文；招聘职位：小学语文；招聘人数：3,安徽 滁州定远县,https://www.xduim.com/zw/jszk,,专业：本科：汉语言文学、汉语言、汉语国际教育、小学教育；研究生：中国语言文学、汉语国际教育、小学教育、学科教学（语文）、课程与教学论（语文方向）
2024,教师,2024安徽教师招考,定远县教育体育局,定远县教育体育局 小学数学,本科及以上,本科：数学类、统计学类、小学教育；研究生：数学、统计学、小学教育、学科教学（数学）、课程与教学论（数学方向）。,,笔试+面试,,,学段：小学；学科：数学；招聘职位：小学数学；招聘人数：1,安徽 滁州定远县,https://www.xduim.com/zw/jszk,,专业：本科：数学类、统计学类、小学教育；研究生：数学、统计学、小学教育、学科教学（数学）、课程与教学论（数学方向）。
2024,教师,2024安徽教师招考,定远县教育体育局,定远县教育体育局 小学音乐,本科及以上,本科：音乐与舞蹈学类、艺术教育；研究生：音乐学、舞蹈学、音乐与舞蹈学、音乐、舞蹈、学科教学（音乐）,,笔试+面试,,,学段：小学；学科：音乐；招聘职位：小学音乐；招聘人数：4,安徽 滁州定远县,https://www.xduim.com/zw/jszk,,专业：本科：音乐与舞蹈学类、艺术教育；研究生：音乐学、舞蹈学、音乐与舞蹈学、音乐、舞蹈、学科教学（音乐）
2024,教师,2024安徽教师招考,定远县教育体育局,定远县教育体育局 小学体育,本科及以上,本科：体育学类；研究生：体育学、体育、学科教学(体育),,笔试+面试,,,学段：小学；学科：体育；招聘职位：小学体育；招聘人数：6,安徽 滁州定远县,https://www.xduim.com/zw/jszk,,专业：本科：体育学类；研究生：体育学、体育、学科教学(体育)
2024,教师,2024安徽教师招考,定远县教育体育局,定远县教育体育局 小学美术,本科及以上,本科：美术学类、设计学类、戏剧影视美术设计、动画、艺术教育；研究生：美术学、设计学、设计艺术学、艺术设计、学科教学（美术）,,笔试+面试,,,学段：小学；学科：美术；招聘职位：小学美术；招聘人数：3,安徽 滁州定远县,https://www.xduim.com/zw/jszk,,专业：本科：美术学类、设计学类、戏剧影视美术设计、动画、艺术教育；研究生：美术学、设计学、设计艺术学、艺术设计、学科教学（美术）
2024,教师,2024安徽教师招考,定远县教育体育局,定远县教育体育局 初中语文,本科及以上,本科：汉语言文学、汉语言、汉语国际教育；研究生：中国语言文学、国际中文教育、学科教学（语文）、课程与教学论（语文方向）,,笔试+面试,,,学段：初级中学；学科：语文；招聘职位：初中语文；招聘人数：3,安徽 滁州定远县,https://www.xduim.com/zw/jszk,,专业：本科：汉语言文学、汉语言、汉语国际教育；研究生：中国语言文学、国际中文教育、学科教学（语文）、课程与教学论（语文方向）
2024,教师,2024安徽教师招考,定远县教育体育局,定远县教育体育局 初中数学,本科及以上,本科：数学类、统计学类；研究生：数学、统计学、学科教学（数学）、课程与教学论（数学方向）,,笔试+面试,,,学段：初级中学；学科：数学；招聘职位：初中数学；招聘人数：1,安徽 滁州定远县,https://www.xduim.com/zw/jszk,,专业：本科：数学类、统计学类；研究生：数学、统计学、学科教学（数学）、课程与教学论（数学方向）
2024,教师,2024安徽教师招考,定远县教育体育局,定远县教育体育局 初中英语,本科及以上,本科：英语、商务英语、翻译（英语方向）；研究生：外国语言文学（英语方向）、翻译（英语方向）、学科教学（英语）、课程与教学论（英语方向）,,笔试+面试,,,学段：初级中学；学科：英语；招聘职位：初中英语；招聘人数：3,安徽 滁州定远县,https://www.xduim.com/zw/jszk,,专业：本科：英语、商务英语、翻译（英语方向）；研究生：外国语言文学（英语方向）、翻译（英语方向）、学科教学（英语）、课程与教学论（英语方向）
2024,教师,2024安徽教师招考,定远县教育体育局,定远县教育体育局 初中化学,本科及以上,本科：化学类；研究生：化学、学科教学（化学）、课程与教学论（化学方向）,,笔试+面试,,,学段：初级中学；学科：化学；招聘职位：初中化学；招聘人数：1,安徽 滁州定远县,https://www.xduim.com/zw/jszk,,专业：本科：化学类；研究生：化学、学科教学（化学）、课程与教学论（化学方向）
2024,教师,2024安徽教师招考,定远县教育体育局,定远县教育体育局 初中体育,本科及以上,本科：体育学类；研究生：体育学、体育、学科教学(体育),,笔试+面试,,,学段：初级中学；学科：体育；招聘职位：初中体育；招聘人数：1,安徽 滁州定远县,https://www.xduim.com/zw/jszk,,专业：本科：体育学类；研究生：体育学、体育、学科教学(体育)
2024,教师,2024安徽教师招考,定远县教育体育局,定远县教育体育局 高中语文,本科及以上,本科：汉语言文学、汉语言、汉语国际教育；研究生：中国语言文学、国际中文教育、学科教学（语文）、课程与教学论（语文方向）,,笔试+面试,,,学段：高级中学；学科：语文；招聘职位：高中语文；招聘人数：2,安徽 滁州定远县,https://www.xduim.com/zw/jszk,,专业：本科：汉语言文学、汉语言、汉语国际教育；研究生：中国语言文学、国际中文教育、学科教学（语文）、课程与教学论（语文方向）
2024,教师,2024安徽教师招考,定远县教育体育局,定远县教育体育局 高中数学,本科及以上,本科：数学类、统计学类；研究生：数学、统计学、学科教学（数学）、课程与教学论（数学方向）,,笔试+面试,,,学段：高级中学；学科：数学；招聘职位：高中数学；招聘人数：3,安徽 滁州定远县,https://www.xduim.com/zw/jszk,,专业：本科：数学类、统计学类；研究生：数学、统计学、学科教学（数学）、课程与教学论（数学方向）
2024,教师,2024安徽教师招考,定远县教育体育局,定远县教育体育局 高中英语,本科及以上,本科：英语、商务英语、翻译（英语方向）；研究生：外国语言文学（英语方向）、翻译（英语方向）、学科教学（英语）、课程与教学论（英语方向）,,笔试+面试,,,学段：高级中学；学科：英语；招聘职位：高中英语；招聘人数：2,安徽 滁州定远县,https://www.xduim.com/zw/jszk,,专业：本科：英语、商务英语、翻译（英语方向）；研究生：外国语言文学（英语方向）、翻译（英语方向）、学科教学（英语）、课程与教学论（英语方向）
2024,教师,2024安徽教师招考,定远县教育体育局,定远县教育体育局 高中物理,本科及以上,本科：物理学类、天文学类、力学类、电子信息类；研究生：物理学、天文学、力学、电子科学与技术、电子信息、遥感（智能、纳米）科学与技术、学科教学（物理）、课程与教学论（物理方向）,,笔试+面试,,,学段：高级中学；学科：物理；招聘职位：高中物理；招聘人数：5,安徽 滁州定远县,https://www.xduim.com/zw/jszk,,专业：本科：物理学类、天文学类、力学类、电子信息类；研究生：物理学、天文学、力学、电子科学与技术、电子信息、遥感（智能、纳米）科学与技术、学科教学（物理）、课程与教学论（物理方向）
2024,教师,2024安徽教师招考,定远县教育体育局,定远县教育体育局 高中化学,本科及以上,本科：化学类；研究生：化学、学科教学（化学）、课程与教学论（化学方向）,,笔试+面试,,,学段：高级中学；学科：化学；招聘职位：高中化学；招聘人数：2,安徽 滁州定远县,https://www.xduim.com/zw/jszk,,专业：本科：化学类；研究生：化学、学科教学（化学）、课程与教学论（化学方向）
2024,教师,2024安徽教师招考,定远县教育体育局,定远县教育体育局 高中政治,本科及以上,本科：政治学类、马克思主义理论类、人文教育；研究生：政治学、马克思主义理论、学科教学（思政）、课程与教学论（思政方向）,,笔试+面试,,,学段：高级中学；学科：政治；招聘职位：高中政治；招聘人数：1,安徽 滁州定远县,https://www.xduim.com/zw/jszk,,专业：本科：政治学类、马克思主义理论类、人文教育；研究生：政治学、马克思主义理论、学科教学（思政）、课程与教学论（思政方向）
2024,教师,2024安徽教师招考,宜秀区教育体育局,340804101 宜秀区教育体育局 小学语文,本科及以上,专业不限,,笔试+面试,,,学段：小学；学科：语文；招聘职位：小学语文；招聘人数：6,安徽 安庆宜秀区,https://www.xduim.com/zw/jszk,,专业：专业不限
2024,教师,2024安徽教师招考,宜秀区教育体育局,340804102 宜秀区教育体育局 小学数学,本科及以上,专业不限,,笔试+面试,,,学段：小学；学科：数学；招聘职位：小学数学；招聘人数：5,安徽 安庆宜秀区,https://www.xduim.com/zw/jszk,,专业：专业不限
2024,教师,2024安徽教师招考,宜秀区教育体育局,340804107 宜秀区教育体育局 小学道德与法治,本科及以上,专业不限,,笔试+面试,,,学段：小学；学科：道德与法治；招聘职位：小学道德与法治；招聘人数：1,安徽 安庆宜秀区,https://www.xduim.com/zw/jszk,,专业：专业不限
2024,教师,2024安徽教师招考,宜秀区教育体育局,340804105 宜秀区教育体育局 小学体育,本科及以上,专业不限,,笔试+面试,,,学段：小学；学科：体育；招聘职位：小学体育；招聘人数：1,安徽 安庆宜秀区,https://www.xduim.com/zw/jszk,,专业：专业不限
2023,教师,2023安徽教师招考,宜秀区教育体育局,80401101 宜秀区教育体育局,本科及以上,教育学类（0401） 中国语言文学类（0501） 硕士研究生及以上：专业不限。,,笔试+面试,,,学段：小学；学科：语文；招聘人数：5,安徽 安庆宜秀区,https://www.xduim.com/zw/jszk,,专业：教育学类（0401） 中国语言文学类（0501） 硕士研究生及以上：专业不限。
2023,教师,2023安徽教师招考,宜秀区教育体育局,80401102 宜秀区教育体育局,本科及以上,"数学类（0701） 小学教育（040107,040105w) 硕士研究生及以上：专业不限。",,笔试+面试,,,学段：小学；学科：数学；招聘人数：5,安徽 安庆宜秀区,https://www.xduim.com/zw/jszk,,"专业：数学类（0701） 小学教育（040107,040105w) 硕士研究生及以上：专业不限。"
2023,教师,2023安徽教师招考,宜秀区教育体育局,80401103 宜秀区教育体育局,本科及以上,050201英语 硕士研究生及以上：专业不限。,,笔试+面试,,,学段：小学；学科：英语；招聘人数：1,安徽 安庆宜秀区,https://www.xduim.com/zw/jszk,,专业：050201英语 硕士研究生及以上：专业不限。
2023,教师,2023安徽教师招考,宜秀区教育体育局,80401210 宜秀区教育体育局,本科及以上,教育技术学（040104）、计算机科学与技术（080901）； 硕士研究生及以上：专业不限。,,笔试+面试,,,学段：初级中学；学科：信息技术；招聘人数：1,安徽 安庆宜秀区,https://www.xduim.com/zw/jszk,,专业：教育技术学（040104）、计算机科学与技术（080901）； 硕士研究生及以上：专业不限。
2024,教师,2024安徽教师招考,宣州区教育体育局,18022401 宣州区教育体育局 初中语文,本科及以上,专业不限,,笔试+面试,,,学段：初级中学；学科：语文；招聘职位：初中语文；招聘人数：2,安徽 宣城宣州区,https://www.xduim.com/zw/jszk,,专业：专业不限
2024,教师,2024安徽教师招考,宣州区教育体育局,18022402 宣州区教育体育局 初中数学,本科及以上,专业不限,,笔试+面试,,,学段：初级中学；学科：数学；招聘职位：初中数学；招聘人数：3,安徽 宣城宣州区,https://www.xduim.com/zw/jszk,,专业：专业不限
2024,教师,2024安徽教师招考,宣州区教育体育局,18022403 宣州区教育体育局 初中英语,本科及以上,专业不限,,笔试+面试,,,学段：初级中学；学科：英语；招聘职位：初中英语；招聘人数：1,安徽 宣城宣州区,https://www.xduim.com/zw/jszk,,专业：专业不限
2024,教师,2024安徽教师招考,宣州区教育体育局,18022404 宣州区教育体育局 初中道法,本科及以上,专业不限,,笔试+面试,,,学段：初级中学；学科：道法；招聘职位：初中道法；招聘人数：1,安徽 宣城宣州区,https://www.xduim.com/zw/jszk,,专业：专业不限
2024,教师,2024安徽教师招考,宣州区教育体育局,18022405 宣州区教育体育局 初中历史,本科及以上,专业不限,,笔试+面试,,,学段：初级中学；学科：历史；招聘职位：初中历史；招聘人数：1,安徽 宣城宣州区,https://www.xduim.com/zw/jszk,,专业：专业不限
2024,教师,2024安徽教师招考,宣州区教育体育局,18022406 宣州区教育体育局 初中物理,本科及以上,专业不限,,笔试+面试,,,学段：初级中学；学科：物理；招聘职位：初中物理；招聘人数：1,安徽 宣城宣州区,https://www.xduim.com/zw/jszk,,专业：专业不限
2024,教师,2024安徽教师招考,宣州区教育体育局,18022407 宣州区教育体育局 初中化学,本科及以上,专业不限,,笔试+面试,,,学段：初级中学；学科：化学；招聘职位：初中化学；招聘人数：2,安徽 宣城宣州区,https://www.xduim.com/zw/jszk,,专业：专业不限
2024,教师,2024安徽教师招考,宣州区教育体育局,18022408 宣州区教育体育局 初中体育,本科及以上,专业不限,,笔试+面试,,,学段：初级中学；学科：体育；招聘职位：初中体育；招聘人数：2,安徽 宣城宣州区,https://www.xduim.com/zw/jszk,,专业：专业不限
2024,教师,2024安徽教师招考,宣州区教育体育局,18022409 宣州区教育体育局 小学语文A组,本科及以上,专业不限,,笔试+面试,,,学段：小学；学科：语文；招聘职位：小学语文A组；招聘人数：8,安徽 宣城宣州区,https://www.xduim.com/zw/jszk,,专业：专业不限
2024,教师,2024安徽教师招考,宣州区教育体育局,18022410 宣州区教育体育局 小学语文B组,本科及以上,专业不限,,笔试+面试,,,学段：小学；学科：语文；招聘职位：小学语文B组；招聘人数：8,安徽 宣城宣州区,https://www.xduim.com/zw/jszk,,专业：专业不限
2024,教师,2024安徽教师招考,宣州区教育体育局,18022411 宣州区教育体育局 小学语文C组,本科及以上,专业不限,,笔试+面试,,,学段：小学；学科：语文；招聘职位：小学语文C组；招聘人数：7,安徽 宣城宣州区,https://www.xduim.com/zw/jszk,,专业：专业不限
2024,教师,2024安徽教师招考,宣州区教育体育局,18022412 宣州区教育体育局 小学语文D组,本科及以上,专业不限,,笔试+面试,,,学段：小学；学科：语文；招聘职位：小学语文D组；招聘人数：6,安徽 宣城宣州区,https://www.xduim.com/zw/jszk,,专业：专业不限
2024,教师,2024安徽教师招考,宣州区教育体育局,18022413 宣州区教育体育局 小学数学A组,本科及以上,专业不限,,笔试+面试,,,学段：小学；学科：数学；招聘职位：小学数学A组；招聘人数：7,安徽 宣城宣州区,https://www.xduim.com/zw/jszk,,专业：专业不限
2024,教师,2024安徽教师招考,宣州区教育体育局,18022414 宣州区教育体育局 小学数学B组,本科及以上,专业不限,,笔试+面试,,,学段：小学；学科：数学；招聘职位：小学数学B组；招聘人数：6,安徽 宣城宣州区,https://www.xduim.com/zw/jszk,,专业：专业不限
2024,教师,2024安徽教师招考,宣州区教育体育局,18022415 宣州区教育体育局 小学数学C组,本科及以上,专业不限,,笔试+面试,,,学段：小学；学科：数学；招聘职位：小学数学C组；招聘人数：6,安徽 宣城宣州区,https://www.xduim.com/zw/jszk,,专业：专业不限
2024,教师,2024安徽教师招考,宣州区教育体育局,18022416 宣州区教育体育局 小学英语,本科及以上,专业不限,,笔试+面试,,,学段：小学；学科：英语；招聘职位：小学英语；招聘人数：2,安徽 宣城宣州区,https://www.xduim.com/zw/jszk,,专业：专业不限
2024,教师,2024安徽教师招考,宣州区教育体育局,18022417 宣州区教育体育局 小学音乐,本科及以上,专业不限,,笔试+面试,,,学段：小学；学科：音乐；招聘职位：小学音乐；招聘人数：2,安徽 宣城宣州区,https://www.xduim.com/zw/jszk,,专业：专业不限
2024,教师,2024安徽教师招考,宣州区教育体育局,18022418 宣州区教育体育局 小学体育,本科及以上,专业不限,,笔试+面试,,,学段：小学；学科：体育；招聘职位：小学体育；招聘人数：6,安徽 宣城宣州区,https://www.xduim.com/zw/jszk,,专业：专业不限
2024,教师,2024安徽教师招考,宣州区教育体育局,18022419 宣州区教育体育局 小学美术,本科及以上,专业不限,,笔试+面试,,,学段：小学；学科：美术；招聘职位：小学美术；招聘人数：2,安徽 宣城宣州区,https://www.xduim.com/zw/jszk,,专业：专业不限
2024,教师,2024安徽教师招考,宣州区教育体育局,18022420 宣州区教育体育局 小学信息科技,本科及以上,专业不限,,笔试+面试,,,学段：小学；学科：信息科技；招聘职位：小学信息科技；招聘人数：2,安徽 宣城宣州区,https://www.xduim.com/zw/jszk,,专业：专业不限
2023,教师,2023安徽教师招考,宣州区教育体育局,18022301 宣州区教育体育局 初中语文,本科及以上,专业不限,,笔试+面试,,,学段：初级中学；学科：语文；招聘职位：初中语文；招聘人数：3,安徽 宣城宣州区,https://www.xduim.com/zw/jszk,,专业：专业不限
2023,教师,2023安徽教师招考,宣州区教育体育局,18022302 宣州区教育体育局 初中数学,本科及以上,专业不限,,笔试+面试,,,学段：初级中学；学科：数学；招聘职位：初中数学；招聘人数：2,安徽 宣城宣州区,https://www.xduim.com/zw/jszk,,专业：专业不限
2023,教师,2023安徽教师招考,宣州区教育体育局,18022303 宣州区教育体育局 初中英语,本科及以上,专业不限,,笔试+面试,,,学段：初级中学；学科：英语；招聘职位：初中英语；招聘人数：3,安徽 宣城宣州区,https://www.xduim.com/zw/jszk,,专业：专业不限
2023,教师,2023安徽教师招考,宣州区教育体育局,18022304 宣州区教育体育局 初中政治,本科及以上,专业不限,,笔试+面试,,,学段：初级中学；学科：政治；招聘职位：初中政治；招聘人数：3,安徽 宣城宣州区,https://www.xduim.com/zw/jszk,,专业：专业不限
2023,教师,2023安徽教师招考,宣州区教育体育局,18022305 宣州区教育体育局 初中地理,本科及以上,专业不限,,笔试+面试,,,学段：初级中学；学科：地理；招聘职位：初中地理；招聘人数：2,安徽 宣城宣州区,https://www.xduim.com/zw/jszk,,专业：专业不限
2023,教师,2023安徽教师招考,宣州区教育体育局,18022306 宣州区教育体育局 初中物理,本科及以上,专业不限,,笔试+面试,,,学段：初级中学；学科：物理；招聘职位：初中物理；招聘人数：1,安徽 宣城宣州区,https://www.xduim.com/zw/jszk,,专业：专业不限
2023,教师,2023安徽教师招考,宣州区教育体育局,18022307 宣州区教育体育局 初中化学,本科及以上,专业不限,,笔试+面试,,,学段：初级中学；学科：化学；招聘职位：初中化学；招聘人数：1,安徽 宣城宣州区,https://www.xduim.com/zw/jszk,,专业：专业不限
2023,教师,2023安徽教师招考,宣州区教育体育局,18022308 宣州区教育体育局 初中音乐,本科及以上,专业不限,,笔试+面试,,,学段：初级中学；学科：音乐；招聘职位：初中音乐；招聘人数：2,安徽 宣城宣州区,https://www.xduim.com/zw/jszk,,专业：专业不限
2023,教师,2023安徽教师招考,宣州区教育体育局,18022309 宣州区教育体育局 初中体育,本科及以上,专业不限,,笔试+面试,,,学段：初级中学；学科：体育；招聘职位：初中体育；招聘人数：1,安徽 宣城宣州区,https://www.xduim.com/zw/jszk,,专业：专业不限
2023,教师,2023安徽教师招考,宣州区教育体育局,18022310 宣州区教育体育局 初中信息技术,本科及以上,专业不限,,笔试+面试,,,学段：初级中学；学科：信息技术；招聘职位：初中信息技术；招聘人数：1,安徽 宣城宣州区,https://www.xduim.com/zw/jszk,,专业：专业不限
2023,教师,2023安徽教师招考,宣州区教育体育局,18022311 宣州区教育体育局 小学语文A组,本科及以上,专业不限,,笔试+面试,,,学段：小学；学科：语文；招聘职位：小学语文A组；招聘人数：10,安徽 宣城宣州区,https://www.xduim.com/zw/jszk,,专业：专业不限
2023,教师,2023安徽教师招考,宣州区教育体育局,18022312 宣州区教育体育局 小学语文B组,本科及以上,专业不限,,笔试+面试,,,学段：小学；学科：语文；招聘职位：小学语文B组；招聘人数：10,安徽 宣城宣州区,https://www.xduim.com/zw/jszk,,专业：专业不限
2023,教师,2023安徽教师招考,宣州区教育体育局,18022313 宣州区教育体育局 小学语文C组,本科及以上,专业不限,,笔试+面试,,,学段：小学；学科：语文；招聘职位：小学语文C组；招聘人数：10,安徽 宣城宣州区,https://www.xduim.com/zw/jszk,,专业：专业不限
2023,教师,2023安徽教师招考,宣州区教育体育局,18022314 宣州区教育体育局 小学语文D组,本科及以上,专业不限,,笔试+面试,,,学段：小学；学科：语文；招聘职位：小学语文D组；招聘人数：10,安徽 宣城宣州区,https://www.xduim.com/zw/jszk,,专业：专业不限
2023,教师,2023安徽教师招考,宣州区教育体育局,18022315 宣州区教育体育局 小学数学A组,本科及以上,专业不限,,笔试+面试,,,学段：小学；学科：数学；招聘职位：小学数学A组；招聘人数：8,安徽 宣城宣州区,https://www.xduim.com/zw/jszk,,专业：专业不限
2023,教师,2023安徽教师招考,宣州区教育体育局,18022316 宣州区教育体育局 小学数学B组,本科及以上,专业不限,,笔试+面试,,,学段：小学；学科：数学；招聘职位：小学数学B组；招聘人数：9,安徽 宣城宣州区,https://www.xduim.com/zw/jszk,,专业：专业不限
2023,教师,2023安徽教师招考,宣州区教育体育局,18022317 宣州区教育体育局 小学数学C组,本科及以上,专业不限,,笔试+面试,,,学段：小学；学科：数学；招聘职位：小学数学C组；招聘人数：8,安徽 宣城宣州区,https://www.xduim.com/zw/jszk,,专业：专业不限
2023,教师,2023安徽教师招考,宣州区教育体育局,18022318 宣州区教育体育局 小学英语,本科及以上,专业不限,,笔试+面试,,,学段：小学；学科：英语；招聘职位：小学英语；招聘人数：6,安徽 宣城宣州区,https://www.xduim.com/zw/jszk,,专业：专业不限
2023,教师,2023安徽教师招考,宣州区教育体育局,18022319 宣州区教育体育局 小学音乐,本科及以上,专业不限,,笔试+面试,,,学段：小学；学科：音乐；招聘职位：小学音乐；招聘人数：2,安徽 宣城宣州区,https://www.xduim.com/zw/jszk,,专业：专业不限
2023,教师,2023安徽教师招考,宣州区教育体育局,18022320 宣州区教育体育局 小学体育,本科及以上,专业不限,,笔试+面试,,,学段：小学；学科：体育；招聘职位：小学体育；招聘人数：7,安徽 宣城宣州区,https://www.xduim.com/zw/jszk,,专业：专业不限
2023,教师,2023安徽教师招考,安徽省宿城第一初级中学,安徽省宿城第一初级中学 初中语文,本科及以上,汉语言文学,,笔试+面试,,,学段：初级中学；学科：语文；招聘职位：初中语文；招聘人数：3,安徽 宿州市直,https://www.xduim.com/zw/jszk,,专业：汉语言文学
2023,教师,2023安徽教师招考,安徽省宿城第一初级中学,安徽省宿城第一初级中学 初中数学,本科及以上,数学与应用数学,,笔试+面试,,,学段：初级中学；学科：数学；招聘职位：初中数学；招聘人数：3,安徽 宿州市直,https://www.xduim.com/zw/jszk,,专业：数学与应用数学
2023,教师,2023安徽教师招考,安徽省宿城第一初级中学,安徽省宿城第一初级中学 初中英语,本科及以上,英语,,笔试+面试,,,学段：初级中学；学科：英语；招聘职位：初中英语；招聘人数：3,安徽 宿州市直,https://www.xduim.com/zw/jszk,,专业：英语
2023,教师,2023安徽教师招考,安徽省宿城第一初级中学,安徽省宿城第一初级中学 初中物理,本科及以上,物理学,,笔试+面试,,,学段：初级中学；学科：物理；招聘职位：初中物理；招聘人数：2,安徽 宿州市直,https://www.xduim.com/zw/jszk,,专业：物理学
2023,教师,2023安徽教师招考,安徽省宿城第一初级中学,安徽省宿城第一初级中学 初中政治,本科及以上,思想政治教育,,笔试+面试,,,学段：初级中学；学科：政治；招聘职位：初中政治；招聘人数：2,安徽 宿州市直,https://www.xduim.com/zw/jszk,,专业：思想政治教育
2023,教师,2023安徽教师招考,安徽省宿城第一初级中学,安徽省宿城第一初级中学 初中历史,本科及以上,历史学,,笔试+面试,,,学段：初级中学；学科：历史；招聘职位：初中历史；招聘人数：2,安徽 宿州市直,https://www.xduim.com/zw/jszk,,专业：历史学
2023,教师,2023安徽教师招考,安徽省宿城第一初级中学,安徽省宿城第一初级中学 初中化学,本科及以上,化学,,笔试+面试,,,学段：初级中学；学科：化学；招聘职位：初中化学；招聘人数：2,安徽 宿州市直,https://www.xduim.com/zw/jszk,,专业：化学
2023,教师,2023安徽教师招考,安徽省宿城第一初级中学,安徽省宿城第一初级中学 初中信息技术,本科及以上,计算机科学与技术,,笔试+面试,,,学段：初级中学；学科：信息技术；招聘职位：初中信息技术；招聘人数：1,安徽 宿州市直,https://www.xduim.com/zw/jszk,,专业：计算机科学与技术
2023,教师,2023安徽教师招考,安徽省宿城第一初级中学,安徽省宿城第一初级中学 初中体育,本科及以上,体育教育,,笔试+面试,,,学段：初级中学；学科：体育；招聘职位：初中体育；招聘人数：2,安徽 宿州市直,https://www.xduim.com/zw/jszk,,专业：体育教育
2023,教师,2023安徽教师招考,宿州二中,宿州二中 高中语文,本科及以上,本科：汉语言文学（050101）汉语言（050102）应用语言学（050106T）汉语国际教育（050103） 研究生：中国语言文学（0501）中国语言文学、汉语国际教育、学科教学（语文）、课程与教学论（语文方向）,,笔试+面试,,,学段：高级中学；学科：高中语文；招聘职位：高中语文；招聘人数：4,安徽 宿州市直,https://www.xduim.com/zw/jszk,,专业：本科：汉语言文学（050101）汉语言（050102）应用语言学（050106T）汉语国际教育（050103） 研究生：中国语言文学（0501）中国语言文学、汉语国际教育、学科教学（语文）、课程与教学论（语文方向）
2023,教师,2023安徽教师招考,宿州二中,宿州二中 高中数学,本科及以上,本科：数学类（0701） 研究生：数学（0701）学科教学（数学）、课程与教学论（数学方向）,,笔试+面试,,,学段：高级中学；学科：高中数学；招聘职位：高中数学；招聘人数：3,安徽 宿州市直,https://www.xduim.com/zw/jszk,,专业：本科：数学类（0701） 研究生：数学（0701）学科教学（数学）、课程与教学论（数学方向）
2023,教师,2023安徽教师招考,宿州二中,宿州二中 高中英语,本科及以上,本科：英语（050201） 研究生：英语语言文学（050201）翻译（英语方向）、学科教学（英语）、课程与教学论（英语方向）,,笔试+面试,,,学段：高级中学；学科：高中英语；招聘职位：高中英语；招聘人数：2,安徽 宿州市直,https://www.xduim.com/zw/jszk,,专业：本科：英语（050201） 研究生：英语语言文学（050201）翻译（英语方向）、学科教学（英语）、课程与教学论（英语方向）
2023,教师,2023安徽教师招考,宿州二中,宿州二中 高中物理,本科及以上,本科：物理学类（0702） 研究生：物理学（0702）天文学、学科教学（物理）、课程与教学论（物理方向）,,笔试+面试,,,学段：高级中学；学科：高中物理；招聘职位：高中物理；招聘人数：5,安徽 宿州市直,https://www.xduim.com/zw/jszk,,专业：本科：物理学类（0702） 研究生：物理学（0702）天文学、学科教学（物理）、课程与教学论（物理方向）
2023,教师,2023安徽教师招考,宿州二中,宿州二中 高中化学,本科及以上,本科：化学类（0703） 研究生：化学（0703学科教学（化学）、课程与教学论（化学方向））,,笔试+面试,,,学段：高级中学；学科：高中化学；招聘职位：高中化学；招聘人数：2,安徽 宿州市直,https://www.xduim.com/zw/jszk,,专业：本科：化学类（0703） 研究生：化学（0703学科教学（化学）、课程与教学论（化学方向））
2023,教师,2023安徽教师招考,宿州二中,宿州二中 高中历史,本科及以上,本科：历史学类（0601） 研究生：历史学（0601）学科教学（历史）、课程与教学论（历史方向）,,笔试+面试,,,学段：高级中学；学科：高中历史；招聘职位：高中历史；招聘人数：1,安徽 宿州市直,https://www.xduim.com/zw/jszk,,专业：本科：历史学类（0601） 研究生：历史学（0601）学科教学（历史）、课程与教学论（历史方向）
2023,教师,2023安徽教师招考,宿州二中,宿州二中 高中地理,本科及以上,本科：地理科学类（0705） 研究生：地理学（0705）学科教学（地理）、课程与教学论（地理方向）,,笔试+面试,,,学段：高级中学；学科：高中地理；招聘职位：高中地理；招聘人数：1,安徽 宿州市直,https://www.xduim.com/zw/jszk,,专业：本科：地理科学类（0705） 研究生：地理学（0705）学科教学（地理）、课程与教学论（地理方向）
2023,教师,2023安徽教师招考,宿州二中,宿州二中 高中心理,本科及以上,本科： 心理学类（0711） 研究生：心理学类（0402）,,笔试+面试,,,学段：高级中学；学科：高中心理；招聘职位：高中心理；招聘人数：1,安徽 宿州市直,https://www.xduim.com/zw/jszk,,专业：本科： 心理学类（0711） 研究生：心理学类（0402）
2024,教师,2024安徽教师招考,安徽省宿城第一初级中学,安徽省宿城第一初级中学 初中语文,本科及以上,本科：汉语言文学（050101） 研究生：汉语言文字学（050103）、中国古代文学（050105）、中国现当代文学（050106）,,笔试+面试,,,学段：初级中学；学科：语文；招聘职位：初中语文；招聘人数：4,安徽 宿州市直,https://www.xduim.com/zw/jszk,,专业：本科：汉语言文学（050101） 研究生：汉语言文字学（050103）、中国古代文学（050105）、中国现当代文学（050106）
2024,教师,2024安徽教师招考,安徽省宿城第一初级中学,安徽省宿城第一初级中学 初中数学,本科及以上,本科：数学与应用数学（070101） 研究生：基础数学（070101）、计算数学（070102）、应用数学（070104）,,笔试+面试,,,学段：初级中学；学科：数学；招聘职位：初中数学；招聘人数：4,安徽 宿州市直,https://www.xduim.com/zw/jszk,,专业：本科：数学与应用数学（070101） 研究生：基础数学（070101）、计算数学（070102）、应用数学（070104）
2024,教师,2024安徽教师招考,安徽省宿城第一初级中学,安徽省宿城第一初级中学 初中英语,本科及以上,本科：英语（050201） 研究生：英语语言文学（050201）,,笔试+面试,,,学段：初级中学；学科：英语；招聘职位：初中英语；招聘人数：3,安徽 宿州市直,https://www.xduim.com/zw/jszk,,专业：本科：英语（050201） 研究生：英语语言文学（050201）
2024,教师,2024安徽教师招考,安徽省宿城第一初级中学,安徽省宿城第一初级中学 初中物理,本科及以上,本科：物理学（070201） 研究生：原子与分子物理（070203）、声学（070206）、光学（070207）,,笔试+面试,,,学段：初级中学；学科：物理；招聘职位：初中物理；招聘人数：2,安徽 宿州市直,https://www.xduim.com/zw/jszk,,专业：本科：物理学（070201） 研究生：原子与分子物理（070203）、声学（070206）、光学（070207）
2024,教师,2024安徽教师招考,安徽省宿城第一初级中学,安徽省宿城第一初级中学 初中化学,本科及以上,本科：化学（070301） 研究生：无机化学（070301）、分析化学（070302）、有机化学（070303）,,笔试+面试,,,学段：初级中学；学科：化学；招聘职位：初中化学；招聘人数：2,安徽 宿州市直,https://www.xduim.com/zw/jszk,,专业：本科：化学（070301） 研究生：无机化学（070301）、分析化学（070302）、有机化学（070303）
2024,教师,2024安徽教师招考,安徽省宿城第一初级中学,安徽省宿城第一初级中学 初中政治,本科及以上,本科：思想政治教育（030503） 研究生：马克思主义基本原理（030501）、思想政治教育（030505）,,笔试+面试,,,学段：初级中学；学科：政治；招聘职位：初中政治；招聘人数：3,安徽 宿州市直,https://www.xduim.com/zw/jszk,,专业：本科：思想政治教育（030503） 研究生：马克思主义基本原理（030501）、思想政治教育（030505）
2024,教师,2024安徽教师招考,安徽省宿城第一初级中学,安徽省宿城第一初级中学 初中历史,本科及以上,本科：历史学（060101） 研究生：中国古代史（060106）、中国近现代史（060107）、世界史（060108）,,笔试+面试,,,学段：初级中学；学科：历史；招聘职位：初中历史；招聘人数：2,安徽 宿州市直,https://www.xduim.com/zw/jszk,,专业：本科：历史学（060101） 研究生：中国古代史（060106）、中国近现代史（060107）、世界史（060108）
2024,教师,2024安徽教师招考,安徽省宿城第一初级中学,安徽省宿城第一初级中学 初中地理,本科及以上,本科：地理科学（070501） 研究生：地理学（0705）,,笔试+面试,,,学段：初级中学；学科：地理；招聘职位：初中地理；招聘人数：3,安徽 宿州市直,https://www.xduim.com/zw/jszk,,专业：本科：地理科学（070501） 研究生：地理学（0705）
2024,教师,2024安徽教师招考,安徽省宿城第一初级中学,安徽省宿城第一初级中学 初中生物,本科及以上,本科：生物科学（071001） 研究生：植物学（071001）、动物学（071002）、生理学（071003）、水生生物学（071004）、微生物学（071005）,,笔试+面试,,,学段：初级中学；学科：生物；招聘职位：初中生物；招聘人数：2,安徽 宿州市直,https://www.xduim.com/zw/jszk,,专业：本科：生物科学（071001） 研究生：植物学（071001）、动物学（071002）、生理学（071003）、水生生物学（071004）、微生物学（071005）
2024,教师,2024安徽教师招考,安徽省宿城第一初级中学,安徽省宿城第一初级中学 初中信息技术,本科及以上,本科：计算机科学与技术（080901） 研究生：计算机科学与技术（0812）,,笔试+面试,,,学段：初级中学；学科：信息技术；招聘职位：初中信息技术；招聘人数：1,安徽 宿州市直,https://www.xduim.com/zw/jszk,,专业：本科：计算机科学与技术（080901） 研究生：计算机科学与技术（0812）
2024,教师,2024安徽教师招考,安徽省宿城第一初级中学,安徽省宿城第一初级中学 初中美术,本科及以上,本科：美术学（130401） 研究生：美术学（050403）,,笔试+面试,,,学段：初级中学；学科：美术；招聘职位：初中美术；招聘人数：1,安徽 宿州市直,https://www.xduim.com/zw/jszk,,专业：本科：美术学（130401） 研究生：美术学（050403）
2024,教师,2024安徽教师招考,安徽省宿城第一初级中学,安徽省宿城第一初级中学 初中体育,本科及以上,本科：体育教育（040201） 研究生：体育教育训练学（040303）、民族传统体育学（040304）,,笔试+面试,,,学段：初级中学；学科：体育；招聘职位：初中体育；招聘人数：3,安徽 宿州市直,https://www.xduim.com/zw/jszk,,专业：本科：体育教育（040201） 研究生：体育教育训练学（040303）、民族传统体育学（040304）
2024,教师,2024安徽教师招考,宿松县教育局,20240101 宿松县教育局 高中语文教师,本科及以上,本科：中国语言文学类 研究生：中国语言文学类、学科教学（语文）、课程与教学论（语文）、国际中文教育,,笔试+面试,,,学段：高级中学；学科：语文；招聘职位：高中语文教师；招聘人数：4,安徽 安庆宿松县,https://www.xduim.com/zw/jszk,,专业：本科：中国语言文学类 研究生：中国语言文学类、学科教学（语文）、课程与教学论（语文）、国际中文教育
2024,教师,2024安徽教师招考,宿松县教育局,20240102 宿松县教育局 高中语文教师,本科及以上,本科：中国语言文学类 研究生：中国语言文学类、学科教学（语文）、课程与教学论（语文）、国际中文教育,,笔试+面试,,,学段：高级中学；学科：语文；招聘职位：高中语文教师；招聘人数：1,安徽 安庆宿松县,https://www.xduim.com/zw/jszk,,专业：本科：中国语言文学类 研究生：中国语言文学类、学科教学（语文）、课程与教学论（语文）、国际中文教育
2024,教师,2024安徽教师招考,宿松县教育局,20240103 宿松县教育局 高中数学教师,本科及以上,本科：数学类 研究生：数学类、学科教学（数学）、课程与教学论（数学）,,笔试+面试,,,学段：高级中学；学科：数学；招聘职位：高中数学教师；招聘人数：4,安徽 安庆宿松县,https://www.xduim.com/zw/jszk,,专业：本科：数学类 研究生：数学类、学科教学（数学）、课程与教学论（数学）
2024,教师,2024安徽教师招考,宿松县教育局,20240104 宿松县教育局 高中英语教师,本科及以上,本科：英语、商务英语 研究生：：外国语言文学类、学科教学（英语）、课程与教学论（外语）,,笔试+面试,,,学段：高级中学；学科：英语；招聘职位：高中英语教师；招聘人数：4,安徽 安庆宿松县,https://www.xduim.com/zw/jszk,,专业：本科：英语、商务英语 研究生：：外国语言文学类、学科教学（英语）、课程与教学论（外语）
2024,教师,2024安徽教师招考,宿松县教育局,20240105 宿松县教育局 高中物理教师,本科及以上,专业不限,,笔试+面试,,,学段：高级中学；学科：物理；招聘职位：高中物理教师；招聘人数：2,安徽 安庆宿松县,https://www.xduim.com/zw/jszk,,专业：专业不限
2024,教师,2024安徽教师招考,宿松县教育局,20240106 宿松县教育局 高中化学教师,本科及以上,本科：化学类 研究生：化学类、学科教学（化学）、课程与教学论（化学）,,笔试+面试,,,学段：高级中学；学科：化学；招聘职位：高中化学教师；招聘人数：1,安徽 安庆宿松县,https://www.xduim.com/zw/jszk,,专业：本科：化学类 研究生：化学类、学科教学（化学）、课程与教学论（化学）
2024,教师,2024安徽教师招考,宿松县教育局,20240107 宿松县教育局 高中生物教师,本科及以上,本科：生物科学类 研究生：生物学类、学科教学（生物）、课程与教学论（生物）,,笔试+面试,,,学段：高级中学；学科：生物；招聘职位：高中生物教师；招聘人数：1,安徽 安庆宿松县,https://www.xduim.com/zw/jszk,,专业：本科：生物科学类 研究生：生物学类、学科教学（生物）、课程与教学论（生物）
2024,教师,2024安徽教师招考,宿松县教育局,20240108 宿松县教育局 高中地理教师,本科及以上,本科：地理科学类 研究生：地理学类、学科教学（地理）、课程与教学论（地理）,,笔试+面试,,,学段：高级中学；学科：地理；招聘职位：高中地理教师；招聘人数：1,安徽 安庆宿松县,https://www.xduim.com/zw/jszk,,专业：本科：地理科学类 研究生：地理学类、学科教学（地理）、课程与教学论（地理）
2024,教师,2024安徽教师招考,宿松县教育局,20240109 宿松县教育局 高中政治教师,本科及以上,专业不限,,笔试+面试,,,学段：高级中学；学科：政治；招聘职位：高中政治教师；招聘人数：1,安徽 安庆宿松县,https://www.xduim.com/zw/jszk,,专业：专业不限
2024,教师,2024安徽教师招考,宿松县教育局,20240110 宿松县教育局 初中语文教师,本科及以上,本科：中国语言文学类 研究生：中国语言文学类、学科教学（语文）、课程与教学论（语文）、国际中文教育,,笔试+面试,,,学段：初级中学；学科：语文；招聘职位：初中语文教师；招聘人数：3,安徽 安庆宿松县,https://www.xduim.com/zw/jszk,,专业：本科：中国语言文学类 研究生：中国语言文学类、学科教学（语文）、课程与教学论（语文）、国际中文教育
2024,教师,2024安徽教师招考,宿松县教育局,20240111 宿松县教育局 初中语文教师,本科及以上,本科：中国语言文学类 研究生：中国语言文学类、学科教学（语文）、课程与教学论（语文）、国际中文教育,,笔试+面试,,,学段：初级中学；学科：语文；招聘职位：初中语文教师；招聘人数：1,安徽 安庆宿松县,https://www.xduim.com/zw/jszk,,专业：本科：中国语言文学类 研究生：中国语言文学类、学科教学（语文）、课程与教学论（语文）、国际中文教育
2024,教师,2024安徽教师招考,宿松县教育局,20240112 宿松县教育局 初中数学教师,本科及以上,本科：数学类 研究生：数学类、学科教学（数学）、课程与教学论（数学）,,笔试+面试,,,学段：初级中学；学科：数学；招聘职位：初中数学教师；招聘人数：5,安徽 安庆宿松县,https://www.xduim.com/zw/jszk,,专业：本科：数学类 研究生：数学类、学科教学（数学）、课程与教学论（数学）
2024,教师,2024安徽教师招考,宿松县教育局,20240113 宿松县教育局 初中英语教师,本科及以上,专业不限,,笔试+面试,,,学段：初级中学；学科：英语；招聘职位：初中英语教师；招聘人数：2,安徽 安庆宿松县,https://www.xduim.com/zw/jszk,,专业：专业不限
2024,教师,2024安徽教师招考,宿松县教育局,20240114 宿松县教育局 初中物理教师,本科及以上,专业不限,,笔试+面试,,,学段：初级中学；学科：物理；招聘职位：初中物理教师；招聘人数：4,安徽 安庆宿松县,https://www.xduim.com/zw/jszk,,专业：专业不限
2024,教师,2024安徽教师招考,宿松县教育局,20240115 宿松县教育局 初中生物教师,本科及以上,本科：生物科学类，师范类专业毕业生不限专业 研究生：专业不限,,笔试+面试,,,学段：初级中学；学科：生物；招聘职位：初中生物教师；招聘人数：1,安徽 安庆宿松县,https://www.xduim.com/zw/jszk,,专业：本科：生物科学类，师范类专业毕业生不限专业 研究生：专业不限
2024,教师,2024安徽教师招考,宿松县教育局,20240116 宿松县教育局 初中地理教师,本科及以上,本科：地理科学类，师范类专业毕业生不限专业 研究生：专业不限,,笔试+面试,,,学段：初级中学；学科：地理；招聘职位：初中地理教师；招聘人数：1,安徽 安庆宿松县,https://www.xduim.com/zw/jszk,,专业：本科：地理科学类，师范类专业毕业生不限专业 研究生：专业不限
2024,教师,2024安徽教师招考,宿松县教育局,20240117 宿松县教育局 初中历史教师,本科及以上,本科：历史学类 研究生：历史学门类、学科教学（历史）、课程与教学论（历史）,,笔试+面试,,,学段：初级中学；学科：历史；招聘职位：初中历史教师；招聘人数：5,安徽 安庆宿松县,https://www.xduim.com/zw/jszk,,专业：本科：历史学类 研究生：历史学门类、学科教学（历史）、课程与教学论（历史）
2024,教师,2024安徽教师招考,宿松县教育局,20240118 宿松县教育局 初中美术教师,本科及以上,本科：艺术学门类 研究生：艺术学门类、学科教学（美术）、课程与教学论（美术）,,笔试+面试,,,学段：初级中学；学科：美术；招聘职位：初中美术教师；招聘人数：1,安徽 安庆宿松县,https://www.xduim.com/zw/jszk,,专业：本科：艺术学门类 研究生：艺术学门类、学科教学（美术）、课程与教学论（美术）
2024,教师,2024安徽教师招考,宿松县教育局,20240119 宿松县教育局 初中体育教师,本科及以上,本科：体育学类 研究生：体育学类、体育类、学科教学（体育）、课程与教学论（体育）,,笔试+面试,,,学段：初级中学；学科：体育；招聘职位：初中体育教师；招聘人数：1,安徽 安庆宿松县,https://www.xduim.com/zw/jszk,,专业：本科：体育学类 研究生：体育学类、体育类、学科教学（体育）、课程与教学论（体育）
2024,教师,2024安徽教师招考,宿松县教育局,20240120 宿松县教育局 初中道德与法治教师,本科及以上,专业不限,,笔试+面试,,,学段：初级中学；学科：道德与法治；招聘职位：初中道德与法治教师；招聘人数：4,安徽 安庆宿松县,https://www.xduim.com/zw/jszk,,专业：专业不限
2023,教师,2023安徽教师招考,,230201 高中语文教师,本科及以上,不限,,笔试+面试,,,学段：高级中学；学科：语文；招聘职位：高中语文教师；招聘人数：7,安徽 安庆宿松县,https://www.xduim.com/zw/jszk,,专业：不限
2023,教师,2023安徽教师招考,,230202 高中语文教师,本科及以上,不限,,笔试+面试,,,学段：高级中学；学科：语文；招聘职位：高中语文教师；招聘人数：1,安徽 安庆宿松县,https://www.xduim.com/zw/jszk,,专业：不限
2023,教师,2023安徽教师招考,,230203 高中数学教师,本科及以上,不限,,笔试+面试,,,学段：高级中学；学科：数学；招聘职位：高中数学教师；招聘人数：5,安徽 安庆宿松县,https://www.xduim.com/zw/jszk,,专业：不限
2023,教师,2023安徽教师招考,,230204 高中英语教师,本科及以上,不限,,笔试+面试,,,学段：高级中学；学科：英语；招聘职位：高中英语教师；招聘人数：3,安徽 安庆宿松县,https://www.xduim.com/zw/jszk,,专业：不限
2023,教师,2023安徽教师招考,,230205 高中物理教师,本科及以上,不限,,笔试+面试,,,学段：高级中学；学科：物理；招聘职位：高中物理教师；招聘人数：4,安徽 安庆宿松县,https://www.xduim.com/zw/jszk,,专业：不限
2023,教师,2023安徽教师招考,,230206 高中化学教师,本科及以上,不限,,笔试+面试,,,学段：高级中学；学科：化学；招聘职位：高中化学教师；招聘人数：1,安徽 安庆宿松县,https://www.xduim.com/zw/jszk,,专业：不限
2023,教师,2023安徽教师招考,,230207 高中生物教师,本科及以上,不限,,笔试+面试,,,学段：高级中学；学科：生物；招聘职位：高中生物教师；招聘人数：1,安徽 安庆宿松县,https://www.xduim.com/zw/jszk,,专业：不限
2023,教师,2023安徽教师招考,,230208 高中音乐教师,本科及以上,不限,,笔试+面试,,,学段：高级中学；学科：音乐；招聘职位：高中音乐教师；招聘人数：1,安徽 安庆宿松县,https://www.xduim.com/zw/jszk,,专业：不限
2023,教师,2023安徽教师招考,,230209 高中心理健康教育教师,本科及以上,不限,,笔试+面试,,,学段：高级中学；学科：心理健康教育；招聘职位：高中心理健康教育教师；招聘人数：1,安徽 安庆宿松县,https://www.xduim.com/zw/jszk,,专业：不限
2023,教师,2023安徽教师招考,,230210 幼儿园 教师,专科及以上,大专：学前教育 本科及以上：不限,,笔试+面试,,,学段：幼儿园；学科：/；招聘职位：幼儿园 教师；招聘人数：10,安徽 安庆宿松县,https://www.xduim.com/zw/jszk,,专业：大专：学前教育 本科及以上：不限
2023,教师,2023安徽教师招考,屯溪百鸟亭小学 （尤溪小学）,34100201 屯溪百鸟亭小学 （尤溪小学） 小学语文,本科及以上,不限,,笔试+面试,,,招聘职位：小学语文；招聘人数：3,安徽 黄山屯溪区,https://www.xduim.com/zw/jszk,,专业：不限
2023,教师,2023安徽教师招考,屯溪百鸟亭小学 （尤溪小学）,34100202 屯溪百鸟亭小学 （尤溪小学） 小学语文,专科及以上,不限,,笔试+面试,,,招聘职位：小学语文；招聘人数：1,安徽 黄山屯溪区,https://www.xduim.com/zw/jszk,,专业：不限
2023,教师,2023安徽教师招考,屯溪百鸟亭小学 （尤溪小学）,34100203 屯溪百鸟亭小学 （尤溪小学） 小学数学,本科及以上,不限,,笔试+面试,,,招聘职位：小学数学；招聘人数：3,安徽 黄山屯溪区,https://www.xduim.com/zw/jszk,,专业：不限
2023,教师,2023安徽教师招考,屯溪百鸟亭小学 （尤溪小学）,34100204 屯溪百鸟亭小学 （尤溪小学） 小学数学,专科及以上,不限,,笔试+面试,,,招聘职位：小学数学；招聘人数：1,安徽 黄山屯溪区,https://www.xduim.com/zw/jszk,,专业：不限
2023,教师,2023安徽教师招考,屯溪百鸟亭小学 （尤溪小学）,34100205 屯溪百鸟亭小学 （尤溪小学） 小学英语,本科及以上,本科：英语专业、英语教育专业 研究生：学科教学（英语）,,笔试+面试,,,招聘职位：小学英语；招聘人数：1,安徽 黄山屯溪区,https://www.xduim.com/zw/jszk,,专业：本科：英语专业、英语教育专业 研究生：学科教学（英语）
2023,教师,2023安徽教师招考,屯溪百鸟亭小学 （尤溪小学）,34100206 屯溪百鸟亭小学 （尤溪小学） 小学信息技术,本科及以上,本科：教育技术学专业、计算机类； 研究生：教育技术学（二级学科）、计算机科学与技术（一级学科）,,笔试+面试,,,招聘职位：小学信息技术；招聘人数：1,安徽 黄山屯溪区,https://www.xduim.com/zw/jszk,,专业：本科：教育技术学专业、计算机类； 研究生：教育技术学（二级学科）、计算机科学与技术（一级学科）
2023,教师,2023安徽教师招考,屯溪百鸟亭小学 （尤溪小学）,34100207 屯溪百鸟亭小学 （尤溪小学） 小学体育,本科及以上,本科：体育学类； 研究生：体育学（一级学科）,,笔试+面试,,,招聘职位：小学体育；招聘人数：1,安徽 黄山屯溪区,https://www.xduim.com/zw/jszk,,专业：本科：体育学类； 研究生：体育学（一级学科）
2023,教师,2023安徽教师招考,屯溪百鸟亭小学 （尤溪小学）,34100208 屯溪百鸟亭小学 （尤溪小学） 小学体育,专科及以上,本科：体育学类； 研究生：体育学（一级学科）,,笔试+面试,,,招聘职位：小学体育；招聘人数：1,安徽 黄山屯溪区,https://www.xduim.com/zw/jszk,,专业：本科：体育学类； 研究生：体育学（一级学科）
2023,教师,2023安徽教师招考,屯溪江南实验小学（柏山小学）,34100209 屯溪江南实验小学（柏山小学） 小学语文,专科及以上,不限,,笔试+面试,,,招聘职位：小学语文；招聘人数：2,安徽 黄山屯溪区,https://www.xduim.com/zw/jszk,,专业：不限
2023,教师,2023安徽教师招考,屯溪江南实验小学（柏山小学）,34100210 屯溪江南实验小学（柏山小学） 小学数学,专科及以上,不限,,笔试+面试,,,招聘职位：小学数学；招聘人数：1,安徽 黄山屯溪区,https://www.xduim.com/zw/jszk,,专业：不限
2023,教师,2023安徽教师招考,屯溪江南实验小学（柏山小学）,34100211 屯溪江南实验小学（柏山小学） 小学美术,本科及以上,本科：美术学类、设计学类； 研究生：美术学（二级学科）、设计艺术学（二级学科）、艺术学（二级学科）,,笔试+面试,,,招聘职位：小学美术；招聘人数：2,安徽 黄山屯溪区,https://www.xduim.com/zw/jszk,,专业：本科：美术学类、设计学类； 研究生：美术学（二级学科）、设计艺术学（二级学科）、艺术学（二级学科）
2023,教师,2023安徽教师招考,屯溪长干小学,34100212 屯溪长干小学 小学信息技术,本科及以上,本科：教育技术学专业、计算机类； 研究生：教育技术学（二级学科）、计算机科学与技术（一级学科）,,笔试+面试,,,招聘职位：小学信息技术；招聘人数：1,安徽 黄山屯溪区,https://www.xduim.com/zw/jszk,,专业：本科：教育技术学专业、计算机类； 研究生：教育技术学（二级学科）、计算机科学与技术（一级学科）
2023,教师,2023安徽教师招考,屯溪大位小学,34100213 屯溪大位小学 小学语文,本科及以上,不限,,笔试+面试,,,招聘职位：小学语文；招聘人数：1,安徽 黄山屯溪区,https://www.xduim.com/zw/jszk,,专业：不限
2023,教师,2023安徽教师招考,屯溪现代实验学校,34100214 屯溪现代实验学校 小学语文,本科及以上,不限,,笔试+面试,,,招聘职位：小学语文；招聘人数：1,安徽 黄山屯溪区,https://www.xduim.com/zw/jszk,,专业：不限
2023,教师,2023安徽教师招考,屯溪现代实验学校,34100215 屯溪现代实验学校 小学数学,本科及以上,不限,,笔试+面试,,,招聘职位：小学数学；招聘人数：2,安徽 黄山屯溪区,https://www.xduim.com/zw/jszk,,专业：不限
2023,教师,2023安徽教师招考,屯溪现代实验学校,34100216 屯溪现代实验学校 小学英语,本科及以上,本科：英语专业、英语教育专业 研究生：学科教学（英语）,,笔试+面试,,,招聘职位：小学英语；招聘人数：1,安徽 黄山屯溪区,https://www.xduim.com/zw/jszk,,专业：本科：英语专业、英语教育专业 研究生：学科教学（英语）
2023,教师,2023安徽教师招考,屯溪现代实验学校,34100217 屯溪现代实验学校 小学科学,本科及以上,本科：科学教育专业、物理学类、化学类、地理科学类、生物科学类 研究生：物理学（一级学科）、化学（一级学科）、地理学（一级学科）、生物学（一级学科）、学科教学（物理）、学科教学（化学）、学科教学（地理）、学科教学（生物）,,笔试+面试,,,招聘职位：小学科学；招聘人数：1,安徽 黄山屯溪区,https://www.xduim.com/zw/jszk,,专业：本科：科学教育专业、物理学类、化学类、地理科学类、生物科学类 研究生：物理学（一级学科）、化学（一级学科）、地理学（一级学科）、生物学（一级学科）、学科教学（物理）、学科教学（化学）、学科教学（地理）、学科教学（生物）
2023,教师,2023安徽教师招考,屯溪现代实验学校,34100218 屯溪现代实验学校 小学体育,本科及以上,本科：体育学类； 研究生：体育学（一级学科）,,笔试+面试,,,招聘职位：小学体育；招聘人数：1,安徽 黄山屯溪区,https://www.xduim.com/zw/jszk,,专业：本科：体育学类； 研究生：体育学（一级学科）
2023,教师,2023安徽教师招考,屯溪龙山实验小学,34100219 屯溪龙山实验小学 小学语文,专科及以上,不限,,笔试+面试,,,招聘职位：小学语文；招聘人数：1,安徽 黄山屯溪区,https://www.xduim.com/zw/jszk,,专业：不限
2023,教师,2023安徽教师招考,屯溪龙山实验小学,34100220 屯溪龙山实验小学 小学数学,专科及以上,不限,,笔试+面试,,,招聘职位：小学数学；招聘人数：1,安徽 黄山屯溪区,https://www.xduim.com/zw/jszk,,专业：不限
2024,教师,2024安徽教师招考,屯溪百鸟亭小学,34100201 屯溪百鸟亭小学 小学语文,本科及以上,本科：汉语言文学专业、小学教育专业 研究生：中国语言文学（一级学科）、 学科教学（语文）、小学教育,,笔试+面试,,,学段：小学；招聘职位：小学语文；招聘人数：4,安徽 黄山屯溪区,https://www.xduim.com/zw/jszk,,专业：本科：汉语言文学专业、小学教育专业 研究生：中国语言文学（一级学科）、 学科教学（语文）、小学教育
2024,教师,2024安徽教师招考,屯溪百鸟亭小学,34100202 屯溪百鸟亭小学 小学数学,本科及以上,本科：数学类，小学教育专业； 研究生：数学（一级学科）、学科教学（数学）、小学教育,,笔试+面试,,,学段：小学；招聘职位：小学数学；招聘人数：3,安徽 黄山屯溪区,https://www.xduim.com/zw/jszk,,专业：本科：数学类，小学教育专业； 研究生：数学（一级学科）、学科教学（数学）、小学教育
2024,教师,2024安徽教师招考,屯溪百鸟亭小学,34100203 屯溪百鸟亭小学 小学英语,本科及以上,本科：英语专业、小学教育专业； 研究生：学科教学（英语）、小学教育,,笔试+面试,,,学段：小学；招聘职位：小学英语；招聘人数：1,安徽 黄山屯溪区,https://www.xduim.com/zw/jszk,,专业：本科：英语专业、小学教育专业； 研究生：学科教学（英语）、小学教育
2024,教师,2024安徽教师招考,屯溪百鸟亭小学 （尤溪小学）,34100204 屯溪百鸟亭小学 （尤溪小学） 小学英语,本科及以上,本科：英语专业、小学教育专业； 研究生：学科教学（英语）、小学教育,,笔试+面试,,,学段：小学；招聘职位：小学英语；招聘人数：1,安徽 黄山屯溪区,https://www.xduim.com/zw/jszk,,专业：本科：英语专业、小学教育专业； 研究生：学科教学（英语）、小学教育
2024,教师,2024安徽教师招考,屯溪百鸟亭小学,34100205 屯溪百鸟亭小学 小学美术,本科及以上,本科：美术学类、设计学类； 研究生：美术学（二级学科）、设计艺术学（二级学科）、学科教学（美术）、美术、艺术设计,,笔试+面试,,,学段：小学；招聘职位：小学美术；招聘人数：1,安徽 黄山屯溪区,https://www.xduim.com/zw/jszk,,专业：本科：美术学类、设计学类； 研究生：美术学（二级学科）、设计艺术学（二级学科）、学科教学（美术）、美术、艺术设计
2024,教师,2024安徽教师招考,屯溪百鸟亭小学,34100206 屯溪百鸟亭小学 小学体育,本科及以上,本科：体育学类； 研究生：体育学（一级学科）、学科教学（体育）,,笔试+面试,,,学段：小学；招聘职位：小学体育；招聘人数：1,安徽 黄山屯溪区,https://www.xduim.com/zw/jszk,,专业：本科：体育学类； 研究生：体育学（一级学科）、学科教学（体育）
2024,教师,2024安徽教师招考,屯溪百鸟亭小学 （尤溪小学）,34100207 屯溪百鸟亭小学 （尤溪小学） 小学体育,本科及以上,本科：体育学类； 研究生：体育学（一级学科）、学科教学（体育）,,笔试+面试,,,学段：小学；招聘职位：小学体育；招聘人数：1,安徽 黄山屯溪区,https://www.xduim.com/zw/jszk,,专业：本科：体育学类； 研究生：体育学（一级学科）、学科教学（体育）
2024,教师,2024安徽教师招考,屯溪百鸟亭小学,34100208 屯溪百鸟亭小学 小学道德与法治,本科及以上,不限,,笔试+面试,,,学段：小学；招聘职位：小学道德与法治；招聘人数：1,安徽 黄山屯溪区,https://www.xduim.com/zw/jszk,,专业：不限
2024,教师,2024安徽教师招考,屯溪江南实验小学,34100209 屯溪江南实验小学 小学语文,本科及以上,本科：汉语言文学专业、小学教育专业 研究生：中国语言文学（一级学科）、 学科教学（语文）、小学教育,,笔试+面试,,,学段：小学；招聘职位：小学语文；招聘人数：1,安徽 黄山屯溪区,https://www.xduim.com/zw/jszk,,专业：本科：汉语言文学专业、小学教育专业 研究生：中国语言文学（一级学科）、 学科教学（语文）、小学教育
2024,教师,2024安徽教师招考,屯溪江南实验小学,34100210 屯溪江南实验小学 小学数学,本科及以上,本科：数学类，小学教育专业； 研究生：数学（一级学科）、学科教学（数学）、小学教育,,笔试+面试,,,学段：小学；招聘职位：小学数学；招聘人数：2,安徽 黄山屯溪区,https://www.xduim.com/zw/jszk,,专业：本科：数学类，小学教育专业； 研究生：数学（一级学科）、学科教学（数学）、小学教育
2024,教师,2024安徽教师招考,屯溪江南实验小学,34100211 屯溪江南实验小学 小学英语,本科及以上,本科：英语专业、小学教育专业； 研究生：学科教学（英语）、小学教育,,笔试+面试,,,学段：小学；招聘职位：小学英语；招聘人数：1,安徽 黄山屯溪区,https://www.xduim.com/zw/jszk,,专业：本科：英语专业、小学教育专业； 研究生：学科教学（英语）、小学教育
2024,教师,2024安徽教师招考,屯溪江南实验小学,34100212 屯溪江南实验小学 小学科学,本科及以上,不限,,笔试+面试,,,学段：小学；招聘职位：小学科学；招聘人数：1,安徽 黄山屯溪区,https://www.xduim.com/zw/jszk,,专业：不限
2024,教师,2024安徽教师招考,屯溪江南实验小学,34100213 屯溪江南实验小学 小学音乐,本科及以上,本科：音乐与舞蹈学类； 研究生：学科教学（音乐）、音乐学（二级学科）、舞蹈学（二级学科）、音乐、舞蹈,,笔试+面试,,,学段：小学；招聘职位：小学音乐；招聘人数：1,安徽 黄山屯溪区,https://www.xduim.com/zw/jszk,,专业：本科：音乐与舞蹈学类； 研究生：学科教学（音乐）、音乐学（二级学科）、舞蹈学（二级学科）、音乐、舞蹈
2024,教师,2024安徽教师招考,屯溪江南实验小学（柏山小学）,34100214 屯溪江南实验小学（柏山小学） 小学音乐,本科及以上,本科：音乐与舞蹈学类； 研究生：学科教学（音乐）、音乐学（二级学科）、舞蹈学（二级学科）、音乐、舞蹈,,笔试+面试,,,学段：小学；招聘职位：小学音乐；招聘人数：1,安徽 黄山屯溪区,https://www.xduim.com/zw/jszk,,专业：本科：音乐与舞蹈学类； 研究生：学科教学（音乐）、音乐学（二级学科）、舞蹈学（二级学科）、音乐、舞蹈
2024,教师,2024安徽教师招考,屯溪江南实验小学,34100215 屯溪江南实验小学 小学体育,本科及以上,本科：体育学类； 研究生：体育学（一级学科）、学科教学（体育）,,笔试+面试,,,学段：小学；招聘职位：小学体育；招聘人数：2,安徽 黄山屯溪区,https://www.xduim.com/zw/jszk,,专业：本科：体育学类； 研究生：体育学（一级学科）、学科教学（体育）
2024,教师,2024安徽教师招考,屯溪柏树小学,34100216 屯溪柏树小学 小学美术,本科及以上,本科：美术学类、设计学类； 研究生：美术学（二级学科）、设计艺术学（二级学科）、学科教学（美术）、美术、艺术设计,,笔试+面试,,,学段：小学；招聘职位：小学美术；招聘人数：1,安徽 黄山屯溪区,https://www.xduim.com/zw/jszk,,专业：本科：美术学类、设计学类； 研究生：美术学（二级学科）、设计艺术学（二级学科）、学科教学（美术）、美术、艺术设计
2024,教师,2024安徽教师招考,屯溪柏树小学,34100217 屯溪柏树小学 小学体育,本科及以上,本科：体育学类； 研究生：体育学（一级学科）、学科教学（体育）,,笔试+面试,,,学段：小学；招聘职位：小学体育；招聘人数：1,安徽 黄山屯溪区,https://www.xduim.com/zw/jszk,,专业：本科：体育学类； 研究生：体育学（一级学科）、学科教学（体育）
2024,教师,2024安徽教师招考,屯溪长干小学,34100218 屯溪长干小学 小学语文,本科及以上,本科：汉语言文学专业、小学教育专业 研究生：中国语言文学（一级学科）、 学科教学（语文）、小学教育,,笔试+面试,,,学段：小学；招聘职位：小学语文；招聘人数：1,安徽 黄山屯溪区,https://www.xduim.com/zw/jszk,,专业：本科：汉语言文学专业、小学教育专业 研究生：中国语言文学（一级学科）、 学科教学（语文）、小学教育
2024,教师,2024安徽教师招考,屯溪长干小学,34100219 屯溪长干小学 小学音乐,本科及以上,本科：音乐与舞蹈学类； 研究生：学科教学（音乐）、音乐学（二级学科）、舞蹈学（二级学科）、音乐、舞蹈,,笔试+面试,,,学段：小学；招聘职位：小学音乐；招聘人数：1,安徽 黄山屯溪区,https://www.xduim.com/zw/jszk,,专业：本科：音乐与舞蹈学类； 研究生：学科教学（音乐）、音乐学（二级学科）、舞蹈学（二级学科）、音乐、舞蹈
2024,教师,2024安徽教师招考,屯溪荷花池小学,34100220 屯溪荷花池小学 小学语文,本科及以上,本科：汉语言文学专业、小学教育专业 研究生：中国语言文学（一级学科）、 学科教学（语文）、小学教育,,笔试+面试,,,学段：小学；招聘职位：小学语文；招聘人数：1,安徽 黄山屯溪区,https://www.xduim.com/zw/jszk,,专业：本科：汉语言文学专业、小学教育专业 研究生：中国语言文学（一级学科）、 学科教学（语文）、小学教育
2024,教师,2024安徽教师招考,巢湖市市 属学校,90101 巢湖市市 属学校 高中语文,本科及以上,本科：汉语言文学 (050101);硕士研究生以 上专业不限，但本科须是汉 语言文学(050101)专业。,,笔试+面试,,,学段：高级中学；学科：语文 (高级 中学)；招聘职位：高中语文；招聘人数：3,安徽 合肥巢湖市,https://www.xduim.com/zw/jszk,,专业：本科：汉语言文学 (050101);硕士研究生以 上专业不限，但本科须是汉 语言文学(050101)专业。
2024,教师,2024安徽教师招考,巢湖市市 属学校,90102 巢湖市市 属学校 高中数学,本科及以上,本科：数学与应用数学 (070101)、信息与计算科 学(070102);硕士研究生以 上专业不限，但本科须是数 学与应用数学(070101)、 信息与计算科学(070102)专 业。,,笔试+面试,,,学段：高级中学；学科：数学 (高级 中学)；招聘职位：高中数学；招聘人数：2,安徽 合肥巢湖市,https://www.xduim.com/zw/jszk,,专业：本科：数学与应用数学 (070101)、信息与计算科 学(070102);硕士研究生以 上专业不限，但本科须是数 学与应用数学(070101)、 信息与计算科学(070102)专 业。
2024,教师,2024安徽教师招考,巢湖市市 属学校,90103 巢湖市市 属学校 高中物理,本科及以上,本科：物理学类(0702); 硕士研究生以上专业不限， 但本科须是物理学类 (0702)专业。,,笔试+面试,,,学段：高级中学；学科：物理 (高级 中学)；招聘职位：高中物理；招聘人数：5,安徽 合肥巢湖市,https://www.xduim.com/zw/jszk,,专业：本科：物理学类(0702); 硕士研究生以上专业不限， 但本科须是物理学类 (0702)专业。
2024,教师,2024安徽教师招考,巢湖市市 属学校,90104 巢湖市市 属学校 高中化学,本科及以上,本科：化学(070301);硕 士研究生以上专业不限，但 本科须是化学(070301)专 业。,,笔试+面试,,,学段：高级中学；学科：化学 (高级 中学)；招聘职位：高中化学；招聘人数：1,安徽 合肥巢湖市,https://www.xduim.com/zw/jszk,,专业：本科：化学(070301);硕 士研究生以上专业不限，但 本科须是化学(070301)专 业。
2024,教师,2024安徽教师招考,巢湖市市 属学校,90105 巢湖市市 属学校 高中生物,本科及以上,本科：生物科学 (071001);硕士研究生以 上专业不限，但本科须是生 物科学(071001)专业。,,笔试+面试,,,学段：高级中学；学科：生物 (高级 中学)；招聘职位：高中生物；招聘人数：1,安徽 合肥巢湖市,https://www.xduim.com/zw/jszk,,专业：本科：生物科学 (071001);硕士研究生以 上专业不限，但本科须是生 物科学(071001)专业。
2024,教师,2024安徽教师招考,巢湖市市 属学校,90106 巢湖市市 属学校 高中政治,本科及以上,本科：思想政治教育 (030503);硕士研究生以 上专业不限，但本科须是思 想政治教育(030503)专业,,笔试+面试,,,学段：高级中学；学科：思想政 治(高 级中  学 )；招聘职位：高中政治；招聘人数：1,安徽 合肥巢湖市,https://www.xduim.com/zw/jszk,,专业：本科：思想政治教育 (030503);硕士研究生以 上专业不限，但本科须是思 想政治教育(030503)专业
2023,教师,2023安徽教师招考,巢湖市市属学校,90101 巢湖市市属学校 高中语文,本科及以上,本科：汉语言文学(专业代码050101）；硕士研究生及以上报考者专业不限,,笔试+面试,,,学段：高级中学；学科：语文(高级中学)；招聘职位：高中语文；招聘人数：2,安徽 合肥巢湖市,https://www.xduim.com/zw/jszk,,专业：本科：汉语言文学(专业代码050101）；硕士研究生及以上报考者专业不限
2023,教师,2023安徽教师招考,巢湖市市属学校,90102 巢湖市市属学校 高中数学,本科及以上,本科：数学与应用数学(专业代码070101）；硕士研究生及以上报考者专业不限,,笔试+面试,,,学段：高级中学；学科：数学(高级中学)；招聘职位：高中数学；招聘人数：6,安徽 合肥巢湖市,https://www.xduim.com/zw/jszk,,专业：本科：数学与应用数学(专业代码070101）；硕士研究生及以上报考者专业不限
2023,教师,2023安徽教师招考,巢湖市市属学校,90103 巢湖市市属学校 高中英语,本科及以上,本科：英语(专业代码050201）；硕士研究生及以上报考者专业不限,,笔试+面试,,,学段：高级中学；学科：英语(高级中学)；招聘职位：高中英语；招聘人数：1,安徽 合肥巢湖市,https://www.xduim.com/zw/jszk,,专业：本科：英语(专业代码050201）；硕士研究生及以上报考者专业不限
2023,教师,2023安徽教师招考,巢湖市市属学校,90104 巢湖市市属学校 高中物理,本科及以上,本科：物理学类(专业代码0702）；硕士研究生及以上报考者专业不限,,笔试+面试,,,学段：高级中学；学科：物理(高级中学)；招聘职位：高中物理；招聘人数：10,安徽 合肥巢湖市,https://www.xduim.com/zw/jszk,,专业：本科：物理学类(专业代码0702）；硕士研究生及以上报考者专业不限
2023,教师,2023安徽教师招考,巢湖市市属学校,90105 巢湖市市属学校 高中化学,本科及以上,本科：化学类(专业代码0703）；硕士研究生及以上报考者专业不限,,笔试+面试,,,学段：高级中学；学科：化学(高级中学)；招聘职位：高中化学；招聘人数：4,安徽 合肥巢湖市,https://www.xduim.com/zw/jszk,,专业：本科：化学类(专业代码0703）；硕士研究生及以上报考者专业不限
2023,教师,2023安徽教师招考,巢湖市市属学校,90106 巢湖市市属学校 高中生物,本科及以上,本科：生物科学类(专业代码0710）；硕士研究生及以上报考者专业不限,,笔试+面试,,,学段：高级中学；学科：生物(高级中学)；招聘职位：高中生物；招聘人数：2,安徽 合肥巢湖市,https://www.xduim.com/zw/jszk,,专业：本科：生物科学类(专业代码0710）；硕士研究生及以上报考者专业不限
2023,教师,2023安徽教师招考,巢湖市市属学校,90107 巢湖市市属学校 高中政治,本科及以上,本科：思想政治教育(专业代码030503）；硕士研究生及以上报考者专业不限,,笔试+面试,,,学段：高级中学；学科：思想政治(高级中学)；招聘职位：高中政治；招聘人数：1,安徽 合肥巢湖市,https://www.xduim.com/zw/jszk,,专业：本科：思想政治教育(专业代码030503）；硕士研究生及以上报考者专业不限
2023,教师,2023安徽教师招考,巢湖市市属学校,90108 巢湖市市属学校 高中地理,本科及以上,本科：地理科学类(专业代码0705）；硕士研究生及以上报考者专业不限,,笔试+面试,,,学段：高级中学；学科：地理(高级中学)；招聘职位：高中地理；招聘人数：1,安徽 合肥巢湖市,https://www.xduim.com/zw/jszk,,专业：本科：地理科学类(专业代码0705）；硕士研究生及以上报考者专业不限
2023,教师,2023安徽教师招考,巢湖市市属学校,90109 巢湖市市属学校 初中语文,本科及以上,本科：汉语言文学(专业代码050101）；硕士研究生及以上报考者专业不限,,笔试+面试,,,学段：初级中学；学科：语文(初级中学)；招聘职位：初中语文；招聘人数：2,安徽 合肥巢湖市,https://www.xduim.com/zw/jszk,,专业：本科：汉语言文学(专业代码050101）；硕士研究生及以上报考者专业不限
2023,教师,2023安徽教师招考,巢湖市市属学校,90110 巢湖市市属学校 初中数学,本科及以上,本科：数学与应用数学(专业代码070101）；硕士研究生及以上报考者专业不限,,笔试+面试,,,学段：初级中学；学科：数学(初级中学)；招聘职位：初中数学；招聘人数：1,安徽 合肥巢湖市,https://www.xduim.com/zw/jszk,,专业：本科：数学与应用数学(专业代码070101）；硕士研究生及以上报考者专业不限
2023,教师,2023安徽教师招考,巢湖市市属学校,90111 巢湖市市属学校 初中英语,本科及以上,本科：英语(专业代码050201）；硕士研究生及以上报考者专业不限,,笔试+面试,,,学段：初级中学；学科：英语(初级中学)；招聘职位：初中英语；招聘人数：1,安徽 合肥巢湖市,https://www.xduim.com/zw/jszk,,专业：本科：英语(专业代码050201）；硕士研究生及以上报考者专业不限
2023,教师,2023安徽教师招考,巢湖市市属学校,90112 巢湖市市属学校 初中物理,本科及以上,本科：物理学类(专业代码0702）；硕士研究生及以上报考者专业不限,,笔试+面试,,,学段：初级中学；学科：物理(初级中学)；招聘职位：初中物理；招聘人数：1,安徽 合肥巢湖市,https://www.xduim.com/zw/jszk,,专业：本科：物理学类(专业代码0702）；硕士研究生及以上报考者专业不限
2023,教师,2023安徽教师招考,巢湖市市属学校,90113 巢湖市市属学校 初中政治,本科及以上,本科：思想政治教育(专业代码030503）；硕士研究生及以上报考者专业不限,,笔试+面试,,,学段：初级中学；学科：道德与法治(初级中学)；招聘职位：初中政治；招聘人数：2,安徽 合肥巢湖市,https://www.xduim.com/zw/jszk,,专业：本科：思想政治教育(专业代码030503）；硕士研究生及以上报考者专业不限
2023,教师,2023安徽教师招考,巢湖市市属学校,90114 巢湖市市属学校 初中历史,本科及以上,本科：历史学(专业代码060101）；硕士研究生及以上报考者专业不限,,笔试+面试,,,学段：初级中学；学科：历史(初级中学)；招聘职位：初中历史；招聘人数：2,安徽 合肥巢湖市,https://www.xduim.com/zw/jszk,,专业：本科：历史学(专业代码060101）；硕士研究生及以上报考者专业不限
2023,教师,2023安徽教师招考,巢湖市市属学校,90115 巢湖市市属学校 小学语文,本科及以上,专业不限,,笔试+面试,,,学段：小学；学科：小学语文(小学)；招聘职位：小学语文；招聘人数：5,安徽 合肥巢湖市,https://www.xduim.com/zw/jszk,,专业：专业不限
2023,教师,2023安徽教师招考,巢湖市市属学校,90116 巢湖市市属学校 小学数学,本科及以上,专业不限,,笔试+面试,,,学段：小学；学科：小学数学(小学)；招聘职位：小学数学；招聘人数：4,安徽 合肥巢湖市,https://www.xduim.com/zw/jszk,,专业：专业不限
2024,教师,2024安徽教师招考,广德市教育体育局,2401 广德市教育体育局 小学语文A组,本科及以上,专业不限,,笔试+面试,,,学段：小学；学科：语文；招聘职位：小学语文A组；招聘人数：9,安徽 宣城广德市,https://www.xduim.com/zw/jszk,,专业：专业不限
2024,教师,2024安徽教师招考,广德市教育体育局,2402 广德市教育体育局 小学语文B组,本科及以上,专业不限,,笔试+面试,,,学段：小学；学科：语文；招聘职位：小学语文B组；招聘人数：9,安徽 宣城广德市,https://www.xduim.com/zw/jszk,,专业：专业不限
2024,教师,2024安徽教师招考,广德市教育体育局,2403 广德市教育体育局 小学数学A组,本科及以上,专业不限,,笔试+面试,,,学段：小学；学科：数学；招聘职位：小学数学A组；招聘人数：8,安徽 宣城广德市,https://www.xduim.com/zw/jszk,,专业：专业不限
2024,教师,2024安徽教师招考,广德市教育体育局,2404 广德市教育体育局 小学数学B组,本科及以上,专业不限,,笔试+面试,,,学段：小学；学科：数学；招聘职位：小学数学B组；招聘人数：8,安徽 宣城广德市,https://www.xduim.com/zw/jszk,,专业：专业不限
2024,教师,2024安徽教师招考,广德市教育体育局,2405 广德市教育体育局 小学英语,本科及以上,专业不限,,笔试+面试,,,学段：小学；学科：英语；招聘职位：小学英语；招聘人数：2,安徽 宣城广德市,https://www.xduim.com/zw/jszk,,专业：专业不限
2024,教师,2024安徽教师招考,广德市教育体育局,2406 广德市教育体育局 小学信息技术,本科及以上,专业不限,,笔试+面试,,,学段：小学；学科：信息技术；招聘职位：小学信息技术；招聘人数：1,安徽 宣城广德市,https://www.xduim.com/zw/jszk,,专业：专业不限
2024,教师,2024安徽教师招考,广德市教育体育局,2407 广德市教育体育局 小学特殊教育,本科及以上,特殊教育、教育康复学、特殊教育学（特殊教育院校高校毕业生专业不限）,,笔试+面试,,,学段：小学；学科：特殊教育；招聘职位：小学特殊教育；招聘人数：1,安徽 宣城广德市,https://www.xduim.com/zw/jszk,,专业：特殊教育、教育康复学、特殊教育学（特殊教育院校高校毕业生专业不限）
2024,教师,2024安徽教师招考,广德市教育体育局,2408 广德市教育体育局 中学语文,本科及以上,专业不限,,笔试+面试,,,学段：初级中学；学科：语文；招聘职位：中学语文；招聘人数：2,安徽 宣城广德市,https://www.xduim.com/zw/jszk,,专业：专业不限
2024,教师,2024安徽教师招考,广德市教育体育局,2409 广德市教育体育局 中学英语,本科及以上,专业不限,,笔试+面试,,,学段：初级中学；学科：英语；招聘职位：中学英语；招聘人数：2,安徽 宣城广德市,https://www.xduim.com/zw/jszk,,专业：专业不限
2024,教师,2024安徽教师招考,广德市教育体育局,2410 广德市教育体育局 中学道德与法治,本科及以上,专业不限,,笔试+面试,,,学段：初级中学；学科：道德与法治；招聘职位：中学道德与法治；招聘人数：1,安徽 宣城广德市,https://www.xduim.com/zw/jszk,,专业：专业不限
2024,教师,2024安徽教师招考,广德市教育体育局,2411 广德市教育体育局 中学历史,本科及以上,专业不限,,笔试+面试,,,学段：初级中学；学科：历史；招聘职位：中学历史；招聘人数：1,安徽 宣城广德市,https://www.xduim.com/zw/jszk,,专业：专业不限
2024,教师,2024安徽教师招考,广德市教育体育局,2412 广德市教育体育局 中学体育与健康,本科及以上,专业不限,,笔试+面试,,,学段：初级中学；学科：体育与健康；招聘职位：中学体育与健康；招聘人数：2,安徽 宣城广德市,https://www.xduim.com/zw/jszk,,专业：专业不限
2023,教师,2023安徽教师招考,广德市教育体育局,2301 广德市教育体育局 小学语文A组,本科及以上,专业不限,,笔试+面试,,,学段：小学；学科：语文；招聘职位：小学语文A组；招聘人数：9,安徽 宣城广德市,https://www.xduim.com/zw/jszk,,专业：专业不限
2023,教师,2023安徽教师招考,广德市教育体育局,2302 广德市教育体育局 小学语文B组,本科及以上,专业不限,,笔试+面试,,,学段：小学；学科：语文；招聘职位：小学语文B组；招聘人数：9,安徽 宣城广德市,https://www.xduim.com/zw/jszk,,专业：专业不限
2023,教师,2023安徽教师招考,广德市教育体育局,2303 广德市教育体育局 小学数学,本科及以上,专业不限,,笔试+面试,,,学段：小学；学科：数学；招聘职位：小学数学；招聘人数：11,安徽 宣城广德市,https://www.xduim.com/zw/jszk,,专业：专业不限
2023,教师,2023安徽教师招考,广德市教育体育局,2304 广德市教育体育局 小学英语,本科及以上,专业不限,,笔试+面试,,,学段：小学；学科：英语；招聘职位：小学英语；招聘人数：2,安徽 宣城广德市,https://www.xduim.com/zw/jszk,,专业：专业不限
2023,教师,2023安徽教师招考,广德市教育体育局,2305 广德市教育体育局 小学特殊教育,本科及以上,特殊教育专业（特殊教育院校毕业生专业不限）,,笔试+面试,,,学段：小学；学科：特殊教育；招聘职位：小学特殊教育；招聘人数：1,安徽 宣城广德市,https://www.xduim.com/zw/jszk,,专业：特殊教育专业（特殊教育院校毕业生专业不限）
2023,教师,2023安徽教师招考,广德市教育体育局,2306 广德市教育体育局 中学语文,本科及以上,专业不限,,笔试+面试,,,学段：初级中学；学科：语文；招聘职位：中学语文；招聘人数：5,安徽 宣城广德市,https://www.xduim.com/zw/jszk,,专业：专业不限
2023,教师,2023安徽教师招考,广德市教育体育局,2307 广德市教育体育局 中学数学,本科及以上,专业不限,,笔试+面试,,,学段：初级中学；学科：数学；招聘职位：中学数学；招聘人数：5,安徽 宣城广德市,https://www.xduim.com/zw/jszk,,专业：专业不限
2023,教师,2023安徽教师招考,广德市教育体育局,2308 广德市教育体育局 中学历史,本科及以上,专业不限,,笔试+面试,,,学段：初级中学；学科：历史；招聘职位：中学历史；招聘人数：2,安徽 宣城广德市,https://www.xduim.com/zw/jszk,,专业：专业不限
2023,教师,2023安徽教师招考,广德市教育体育局,2309 广德市教育体育局 中学体育与健康,本科及以上,本科专业：运动训练、武术与民族传统体育；研究生及以上专业不限,,笔试+面试,,,学段：初级中学；学科：体育与健康；招聘职位：中学体育与健康；招聘人数：2,安徽 宣城广德市,https://www.xduim.com/zw/jszk,,专业：本科专业：运动训练、武术与民族传统体育；研究生及以上专业不限
2024,教师,2024安徽教师招考,庐阳区区属学校,30101 庐阳区区属学校 高中思想政治,本科及以上,本科：思想政治教育；硕士研究生及以上专业不限，其本科须是思想政治教育。,,笔试+面试,,,学段：高级中学；学科：思想政治(高级中学)；招聘职位：高中思想政治；招聘人数：1,安徽 合肥庐阳区,https://www.xduim.com/zw/jszk,,专业：本科：思想政治教育；硕士研究生及以上专业不限，其本科须是思想政治教育。
2024,教师,2024安徽教师招考,庐阳区区属学校,30102 庐阳区区属学校 高中心理健康教育,本科及以上,心理健康教育；心理学；应用心理学；应用心理,,笔试+面试,,,学段：高级中学；学科：心理健康教育(高级中学)；招聘职位：高中心理健康教育；招聘人数：1,安徽 合肥庐阳区,https://www.xduim.com/zw/jszk,,专业：心理健康教育；心理学；应用心理学；应用心理
2024,教师,2024安徽教师招考,庐阳区区属学校,30103 庐阳区区属学校 初中语文,本科及以上,专业不限,,笔试+面试,,,学段：初级中学；学科：语文(初级中学)；招聘职位：初中语文；招聘人数：9,安徽 合肥庐阳区,https://www.xduim.com/zw/jszk,,专业：专业不限
2024,教师,2024安徽教师招考,庐阳区区属学校,30104 庐阳区区属学校 初中数学,本科及以上,专业不限,,笔试+面试,,,学段：初级中学；学科：数学(初级中学)；招聘职位：初中数学；招聘人数：8,安徽 合肥庐阳区,https://www.xduim.com/zw/jszk,,专业：专业不限
2024,教师,2024安徽教师招考,庐阳区区属学校,30105 庐阳区区属学校 初中英语,本科及以上,专业不限,,笔试+面试,,,学段：初级中学；学科：英语(初级中学)；招聘职位：初中英语；招聘人数：9,安徽 合肥庐阳区,https://www.xduim.com/zw/jszk,,专业：专业不限
2024,教师,2024安徽教师招考,庐阳区区属学校,30106 庐阳区区属学校 初中物理,本科及以上,专业不限,,笔试+面试,,,学段：初级中学；学科：物理(初级中学)；招聘职位：初中物理；招聘人数：4,安徽 合肥庐阳区,https://www.xduim.com/zw/jszk,,专业：专业不限
2024,教师,2024安徽教师招考,庐阳区区属学校,30107 庐阳区区属学校 初中化学,本科及以上,专业不限,,笔试+面试,,,学段：初级中学；学科：化学(初级中学)；招聘职位：初中化学；招聘人数：4,安徽 合肥庐阳区,https://www.xduim.com/zw/jszk,,专业：专业不限
2024,教师,2024安徽教师招考,庐阳区区属学校,30108 庐阳区区属学校 初中道德与法治,本科及以上,专业不限,,笔试+面试,,,学段：初级中学；学科：道德与法治(初级中学)；招聘职位：初中道德与法治；招聘人数：2,安徽 合肥庐阳区,https://www.xduim.com/zw/jszk,,专业：专业不限
2024,教师,2024安徽教师招考,庐阳区区属学校,30109 庐阳区区属学校 初中体育,本科及以上,体育学科相关专业,,笔试+面试,,,学段：初级中学；学科：体育与健康(初级中学)；招聘职位：初中体育；招聘人数：6,安徽 合肥庐阳区,https://www.xduim.com/zw/jszk,,专业：体育学科相关专业
2024,教师,2024安徽教师招考,庐阳区区属学校,30110 庐阳区区属学校 小学语文A组,本科及以上,专业不限,,笔试+面试,,,学段：小学；学科：小学语文(小学)；招聘职位：小学语文A组；招聘人数：12,安徽 合肥庐阳区,https://www.xduim.com/zw/jszk,,专业：专业不限
2024,教师,2024安徽教师招考,庐阳区区属学校,30111 庐阳区区属学校 小学语文B组,本科及以上,专业不限,,笔试+面试,,,学段：小学；学科：小学语文(小学)；招聘职位：小学语文B组；招聘人数：12,安徽 合肥庐阳区,https://www.xduim.com/zw/jszk,,专业：专业不限
2024,教师,2024安徽教师招考,庐阳区区属学校,30112 庐阳区区属学校 小学语文C组,本科及以上,专业不限,,笔试+面试,,,学段：小学；学科：小学语文(小学)；招聘职位：小学语文C组；招聘人数：12,安徽 合肥庐阳区,https://www.xduim.com/zw/jszk,,专业：专业不限
2024,教师,2024安徽教师招考,庐阳区区属学校,30113 庐阳区区属学校 小学语文D组,本科及以上,专业不限,,笔试+面试,,,学段：小学；学科：小学语文(小学)；招聘职位：小学语文D组；招聘人数：12,安徽 合肥庐阳区,https://www.xduim.com/zw/jszk,,专业：专业不限
2024,教师,2024安徽教师招考,庐阳区区属学校,30114 庐阳区区属学校 小学数学A组,本科及以上,专业不限,,笔试+面试,,,学段：小学；学科：小学数学(小学)；招聘职位：小学数学A组；招聘人数：7,安徽 合肥庐阳区,https://www.xduim.com/zw/jszk,,专业：专业不限
2024,教师,2024安徽教师招考,庐阳区区属学校,30115 庐阳区区属学校 小学数学B组,本科及以上,专业不限,,笔试+面试,,,学段：小学；学科：小学数学(小学)；招聘职位：小学数学B组；招聘人数：7,安徽 合肥庐阳区,https://www.xduim.com/zw/jszk,,专业：专业不限
2024,教师,2024安徽教师招考,庐阳区区属学校,30116 庐阳区区属学校 小学数学C组,本科及以上,专业不限,,笔试+面试,,,学段：小学；学科：小学数学(小学)；招聘职位：小学数学C组；招聘人数：11,安徽 合肥庐阳区,https://www.xduim.com/zw/jszk,,专业：专业不限
2024,教师,2024安徽教师招考,庐阳区区属学校,30117 庐阳区区属学校 小学美术,本科及以上,专业不限,,笔试+面试,,,学段：小学；学科：小学美术(小学)；招聘职位：小学美术；招聘人数：2,安徽 合肥庐阳区,https://www.xduim.com/zw/jszk,,专业：专业不限
2024,教师,2024安徽教师招考,庐阳区区属学校,30118 庐阳区区属学校 小学音乐,本科及以上,专业不限,,笔试+面试,,,学段：小学；学科：小学音乐(小学)；招聘职位：小学音乐；招聘人数：2,安徽 合肥庐阳区,https://www.xduim.com/zw/jszk,,专业：专业不限
2024,教师,2024安徽教师招考,庐阳区区属学校,30119 庐阳区区属学校 小学科学,本科及以上,专业不限,,笔试+面试,,,学段：小学；学科：小学科学(小学)；招聘职位：小学科学；招聘人数：2,安徽 合肥庐阳区,https://www.xduim.com/zw/jszk,,专业：专业不限
2024,教师,2024安徽教师招考,庐阳区区属学校,30120 庐阳区区属学校 小学道德与法治,本科及以上,专业不限,,笔试+面试,,,学段：小学；学科：小学道德与法治(小学)；招聘职位：小学道德与法治；招聘人数：3,安徽 合肥庐阳区,https://www.xduim.com/zw/jszk,,专业：专业不限
2023,教师,2023安徽教师招考,庐阳区区属学校,庐阳区区属学校 高中数学,本科及以上,专业不限,,笔试+面试,,,学段：高级中学；学科：数学(高级中学)；招聘职位：高中数学；招聘人数：1,安徽 合肥庐阳区,https://www.xduim.com/zw/jszk,,专业：专业不限
2023,教师,2023安徽教师招考,庐阳区区属学校,庐阳区区属学校 高中物理,本科及以上,专业不限,,笔试+面试,,,学段：高级中学；学科：物理(高级中学)；招聘职位：高中物理；招聘人数：1,安徽 合肥庐阳区,https://www.xduim.com/zw/jszk,,专业：专业不限
2023,教师,2023安徽教师招考,庐阳区区属学校,庐阳区区属学校 高中思想政治,本科及以上,专业不限,,笔试+面试,,,学段：高级中学；学科：思想政治(高级中学)；招聘职位：高中思想政治；招聘人数：1,安徽 合肥庐阳区,https://www.xduim.com/zw/jszk,,专业：专业不限
2023,教师,2023安徽教师招考,庐阳区区属学校,庐阳区区属学校 初中语文,本科及以上,专业不限,,笔试+面试,,,学段：初级中学；学科：语文(初级中学)；招聘职位：初中语文；招聘人数：11,安徽 合肥庐阳区,https://www.xduim.com/zw/jszk,,专业：专业不限
2023,教师,2023安徽教师招考,庐阳区区属学校,庐阳区区属学校 初中数学,本科及以上,专业不限,,笔试+面试,,,学段：初级中学；学科：数学(初级中学)；招聘职位：初中数学；招聘人数：13,安徽 合肥庐阳区,https://www.xduim.com/zw/jszk,,专业：专业不限
2023,教师,2023安徽教师招考,庐阳区区属学校,庐阳区区属学校 初中英语,本科及以上,专业不限,,笔试+面试,,,学段：初级中学；学科：英语(初级中学)；招聘职位：初中英语；招聘人数：14,安徽 合肥庐阳区,https://www.xduim.com/zw/jszk,,专业：专业不限
2023,教师,2023安徽教师招考,庐阳区区属学校,庐阳区区属学校 初中物理,本科及以上,专业不限,,笔试+面试,,,学段：初级中学；学科：物理(初级中学)；招聘职位：初中物理；招聘人数：8,安徽 合肥庐阳区,https://www.xduim.com/zw/jszk,,专业：专业不限
2023,教师,2023安徽教师招考,庐阳区区属学校,庐阳区区属学校 初中化学,本科及以上,专业不限,,笔试+面试,,,学段：初级中学；学科：化学(初级中学)；招聘职位：初中化学；招聘人数：2,安徽 合肥庐阳区,https://www.xduim.com/zw/jszk,,专业：专业不限
2023,教师,2023安徽教师招考,庐阳区区属学校,庐阳区区属学校 初中生物,本科及以上,专业不限,,笔试+面试,,,学段：初级中学；学科：生物(初级中学)；招聘职位：初中生物；招聘人数：1,安徽 合肥庐阳区,https://www.xduim.com/zw/jszk,,专业：专业不限
2023,教师,2023安徽教师招考,庐阳区区属学校,庐阳区区属学校 初中道德与法治,本科及以上,专业不限,,笔试+面试,,,学段：初级中学；学科：道德与法治(初级中学)；招聘职位：初中道德与法治；招聘人数：5,安徽 合肥庐阳区,https://www.xduim.com/zw/jszk,,专业：专业不限
2023,教师,2023安徽教师招考,庐阳区区属学校,庐阳区区属学校 初中历史,本科及以上,专业不限,,笔试+面试,,,学段：初级中学；学科：历史(初级中学)；招聘职位：初中历史；招聘人数：4,安徽 合肥庐阳区,https://www.xduim.com/zw/jszk,,专业：专业不限
2023,教师,2023安徽教师招考,庐阳区区属学校,庐阳区区属学校 初中地理,本科及以上,专业不限,,笔试+面试,,,学段：初级中学；学科：地理(初级中学)；招聘职位：初中地理；招聘人数：2,安徽 合肥庐阳区,https://www.xduim.com/zw/jszk,,专业：专业不限
2023,教师,2023安徽教师招考,庐阳区区属学校,庐阳区区属学校 初中信息技术,本科及以上,专业不限,,笔试+面试,,,学段：初级中学；学科：信息技术(初级中学)；招聘职位：初中信息技术；招聘人数：2,安徽 合肥庐阳区,https://www.xduim.com/zw/jszk,,专业：专业不限
2023,教师,2023安徽教师招考,庐阳区区属学校,庐阳区区属学校 初中美术,本科及以上,专业不限,,笔试+面试,,,学段：初级中学；学科：美术(初级中学)；招聘职位：初中美术；招聘人数：2,安徽 合肥庐阳区,https://www.xduim.com/zw/jszk,,专业：专业不限
2023,教师,2023安徽教师招考,庐阳区区属学校,庐阳区区属学校 初中音乐,本科及以上,专业不限,,笔试+面试,,,学段：初级中学；学科：音乐(初级中学)；招聘职位：初中音乐；招聘人数：2,安徽 合肥庐阳区,https://www.xduim.com/zw/jszk,,专业：专业不限
2023,教师,2023安徽教师招考,庐阳区区属学校,庐阳区区属学校 初中体育A组,本科及以上,专业不限,,笔试+面试,,,学段：初级中学；学科：体育与健康(初级中学)；招聘职位：初中体育A组；招聘人数：4,安徽 合肥庐阳区,https://www.xduim.com/zw/jszk,,专业：专业不限
2023,教师,2023安徽教师招考,庐阳区区属学校,庐阳区区属学校 初中体育B组,本科及以上,篮球,,笔试+面试,,,学段：初级中学；学科：体育与健康(初级中学)；招聘职位：初中体育B组；招聘人数：1,安徽 合肥庐阳区,https://www.xduim.com/zw/jszk,,专业：篮球
2023,教师,2023安徽教师招考,庐阳区区属学校,庐阳区区属学校 初中体育C组,本科及以上,足球,,笔试+面试,,,学段：初级中学；学科：体育与健康(初级中学)；招聘职位：初中体育C组；招聘人数：1,安徽 合肥庐阳区,https://www.xduim.com/zw/jszk,,专业：足球
2023,教师,2023安徽教师招考,庐阳区区属学校,庐阳区区属学校 初中心理健康教育,本科及以上,心理健康教育；心理学；应用心理学,,笔试+面试,,,学段：初级中学；学科：心理健康教育(初级中学)；招聘职位：初中心理健康教育；招聘人数：1,安徽 合肥庐阳区,https://www.xduim.com/zw/jszk,,专业：心理健康教育；心理学；应用心理学
2023,教师,2023安徽教师招考,庐阳区区属学校,庐阳区区属学校 小学语文A组,专科及以上,专业不限,,笔试+面试,,,学段：小学；学科：小学语文(小学)；招聘职位：小学语文A组；招聘人数：10,安徽 合肥庐阳区,https://www.xduim.com/zw/jszk,,专业：专业不限
2024,教师,2024安徽教师招考,芜湖市利民路小学,芜湖市利民路小学 小学语文,本科及以上,汉语言文学专业、汉语言专业、汉语国际教育专业、小学教育专业,,笔试+面试,,,学段：小学；学科：语文；招聘职位：小学语文；招聘人数：8,安徽 芜湖弋江区,https://www.xduim.com/zw/jszk,,专业：汉语言文学专业、汉语言专业、汉语国际教育专业、小学教育专业
2024,教师,2024安徽教师招考,芜湖市利民路小学,芜湖市利民路小学 小学数学,本科及以上,数学类；小学教育专业,,笔试+面试,,,学段：小学；学科：数学；招聘职位：小学数学；招聘人数：2,安徽 芜湖弋江区,https://www.xduim.com/zw/jszk,,专业：数学类；小学教育专业
2024,教师,2024安徽教师招考,芜湖市利民路小学,芜湖市利民路小学 小学英语,本科及以上,英语专业、小学教育专业,,笔试+面试,,,学段：小学；学科：英语；招聘职位：小学英语；招聘人数：1,安徽 芜湖弋江区,https://www.xduim.com/zw/jszk,,专业：英语专业、小学教育专业
2024,教师,2024安徽教师招考,芜湖市利民路小学,芜湖市利民路小学 小学音乐,本科及以上,音乐学专业,,笔试+面试,,,学段：小学；学科：音乐；招聘职位：小学音乐；招聘人数：1,安徽 芜湖弋江区,https://www.xduim.com/zw/jszk,,专业：音乐学专业
2024,教师,2024安徽教师招考,芜湖市利民路小学,芜湖市利民路小学 小学信息技术,本科及以上,计算机科学与技术专业、教育技术学专业,,笔试+面试,,,学段：小学；学科：信息技术；招聘职位：小学信息技术；招聘人数：1,安徽 芜湖弋江区,https://www.xduim.com/zw/jszk,,专业：计算机科学与技术专业、教育技术学专业
2024,教师,2024安徽教师招考,芜湖市利民路小学,芜湖市利民路小学 小学体育与健康,本科及以上,体育教育专业,,笔试+面试,,,学段：小学；学科：体育与健康；招聘职位：小学体育与健康；招聘人数：1,安徽 芜湖弋江区,https://www.xduim.com/zw/jszk,,专业：体育教育专业
2024,教师,2024安徽教师招考,芜湖市利民路小学,芜湖市利民路小学 小学美术,本科及以上,美术学专业,,笔试+面试,,,学段：小学；学科：美术；招聘职位：小学美术；招聘人数：1,安徽 芜湖弋江区,https://www.xduim.com/zw/jszk,,专业：美术学专业
2024,教师,2024安徽教师招考,芜湖市利民路小学,芜湖市利民路小学 小学科学,本科及以上,科学教育专业、物理学专业、化学专业、生物科学专业、小学教育专业,,笔试+面试,,,学段：小学；学科：科学；招聘职位：小学科学；招聘人数：1,安徽 芜湖弋江区,https://www.xduim.com/zw/jszk,,专业：科学教育专业、物理学专业、化学专业、生物科学专业、小学教育专业
2024,教师,2024安徽教师招考,芜湖市南关小学,芜湖市南关小学 小学数学,本科及以上,数学类；小学教育专业,,笔试+面试,,,学段：小学；学科：数学；招聘职位：小学数学；招聘人数：1,安徽 芜湖弋江区,https://www.xduim.com/zw/jszk,,专业：数学类；小学教育专业
2024,教师,2024安徽教师招考,芜湖市澛港小学,芜湖市澛港小学 小学信息技术,本科及以上,计算机科学与技术专业、教育技术学专业,,笔试+面试,,,学段：小学；学科：信息技术；招聘职位：小学信息技术；招聘人数：1,安徽 芜湖弋江区,https://www.xduim.com/zw/jszk,,专业：计算机科学与技术专业、教育技术学专业
2024,教师,2024安徽教师招考,芜湖市延安小学,芜湖市延安小学 小学语文,本科及以上,汉语言文学专业、汉语言专业、汉语国际教育专业、小学教育专业,,笔试+面试,,,学段：小学；学科：语文；招聘职位：小学语文；招聘人数：2,安徽 芜湖弋江区,https://www.xduim.com/zw/jszk,,专业：汉语言文学专业、汉语言专业、汉语国际教育专业、小学教育专业
2024,教师,2024安徽教师招考,芜湖市延安小学,芜湖市延安小学 小学数学,本科及以上,数学类；小学教育专业,,笔试+面试,,,学段：小学；学科：数学；招聘职位：小学数学；招聘人数：1,安徽 芜湖弋江区,https://www.xduim.com/zw/jszk,,专业：数学类；小学教育专业
2024,教师,2024安徽教师招考,芜湖市松元小学,芜湖市松元小学 小学语文,本科及以上,汉语言文学专业、汉语言专业、汉语国际教育专业、小学教育专业,,笔试+面试,,,学段：小学；学科：语文；招聘职位：小学语文；招聘人数：7,安徽 芜湖弋江区,https://www.xduim.com/zw/jszk,,专业：汉语言文学专业、汉语言专业、汉语国际教育专业、小学教育专业
2024,教师,2024安徽教师招考,芜湖市松元小学,芜湖市松元小学 小学数学,本科及以上,数学类；小学教育专业,,笔试+面试,,,学段：小学；学科：数学；招聘职位：小学数学；招聘人数：5,安徽 芜湖弋江区,https://www.xduim.com/zw/jszk,,专业：数学类；小学教育专业
2024,教师,2024安徽教师招考,芜湖市松元小学,芜湖市松元小学 小学英语,本科及以上,英语专业、小学教育专业,,笔试+面试,,,学段：小学；学科：英语；招聘职位：小学英语；招聘人数：1,安徽 芜湖弋江区,https://www.xduim.com/zw/jszk,,专业：英语专业、小学教育专业
2024,教师,2024安徽教师招考,芜湖市松元小学,芜湖市松元小学 小学科学,本科及以上,科学教育专业、物理学专业、化学专业、生物科学专业、小学教育专业,,笔试+面试,,,学段：小学；学科：科学；招聘职位：小学科学；招聘人数：1,安徽 芜湖弋江区,https://www.xduim.com/zw/jszk,,专业：科学教育专业、物理学专业、化学专业、生物科学专业、小学教育专业
2024,教师,2024安徽教师招考,芜湖市松元小学,芜湖市松元小学 小学信息技术,本科及以上,计算机科学与技术专业、教育技术学专业,,笔试+面试,,,学段：小学；学科：信息技术；招聘职位：小学信息技术；招聘人数：1,安徽 芜湖弋江区,https://www.xduim.com/zw/jszk,,专业：计算机科学与技术专业、教育技术学专业
2024,教师,2024安徽教师招考,芜湖市南瑞实验学校,芜湖市南瑞实验学校 小学语文,本科及以上,汉语言文学专业、汉语言专业、汉语国际教育专业、小学教育专业,,笔试+面试,,,学段：小学；学科：语文；招聘职位：小学语文；招聘人数：1,安徽 芜湖弋江区,https://www.xduim.com/zw/jszk,,专业：汉语言文学专业、汉语言专业、汉语国际教育专业、小学教育专业
2024,教师,2024安徽教师招考,芜湖市瑞阳小学,芜湖市瑞阳小学 小学数学,本科及以上,数学类；小学教育专业,,笔试+面试,,,学段：小学；学科：数学；招聘职位：小学数学；招聘人数：1,安徽 芜湖弋江区,https://www.xduim.com/zw/jszk,,专业：数学类；小学教育专业
2024,教师,2024安徽教师招考,芜湖市火龙岗中心学校,芜湖市火龙岗中心学校 小学语文,本科及以上,汉语言文学专业、汉语言专业、汉语国际教育专业、小学教育专业,,笔试+面试,,,学段：小学；学科：语文；招聘职位：小学语文；招聘人数：3,安徽 芜湖弋江区,https://www.xduim.com/zw/jszk,,专业：汉语言文学专业、汉语言专业、汉语国际教育专业、小学教育专业
2023,教师,2023安徽教师招考,安徽师范大学 附属萃文中学,安徽师范大学 附属萃文中学 初中英语,本科及以上,英语专业,,笔试+面试,,,学段：初级中学；学科：英语；招聘职位：初中英语；招聘人数：1,安徽 芜湖弋江区,https://www.xduim.com/zw/jszk,,专业：英语专业
2023,教师,2023安徽教师招考,安徽师范大学 附属萃文中学,安徽师范大学 附属萃文中学 初中道德与法治,本科及以上,思想政治教育专业,,笔试+面试,,,学段：初级中学；学科：道德与法治；招聘职位：初中道德与法治；招聘人数：1,安徽 芜湖弋江区,https://www.xduim.com/zw/jszk,,专业：思想政治教育专业
2023,教师,2023安徽教师招考,安徽师范大学 附属萃文中学,安徽师范大学 附属萃文中学 初中物理,本科及以上,物理学专业,,笔试+面试,,,学段：初级中学；学科：物理；招聘职位：初中物理；招聘人数：4,安徽 芜湖弋江区,https://www.xduim.com/zw/jszk,,专业：物理学专业
2023,教师,2023安徽教师招考,安徽师范大学 附属萃文中学,安徽师范大学 附属萃文中学 初中生物学,本科及以上,生物科学专业,,笔试+面试,,,学段：初级中学；学科：生物学；招聘职位：初中生物学；招聘人数：1,安徽 芜湖弋江区,https://www.xduim.com/zw/jszk,,专业：生物科学专业
2023,教师,2023安徽教师招考,安徽师范大学 附属萃文中学,安徽师范大学 附属萃文中学 初中信息技术,本科及以上,计算机科学与技术专业、教育技术学专业,,笔试+面试,,,学段：初级中学；学科：信息技术；招聘职位：初中信息技术；招聘人数：1,安徽 芜湖弋江区,https://www.xduim.com/zw/jszk,,专业：计算机科学与技术专业、教育技术学专业
2023,教师,2023安徽教师招考,芜湖市善瑞中学,芜湖市善瑞中学 初中语文,本科及以上,汉语言文学专业,,笔试+面试,,,学段：初级中学；学科：语文；招聘职位：初中语文；招聘人数：1,安徽 芜湖弋江区,https://www.xduim.com/zw/jszk,,专业：汉语言文学专业
2023,教师,2023安徽教师招考,芜湖市善瑞中学,芜湖市善瑞中学 初中英语,本科及以上,英语专业,,笔试+面试,,,学段：初级中学；学科：英语；招聘职位：初中英语；招聘人数：1,安徽 芜湖弋江区,https://www.xduim.com/zw/jszk,,专业：英语专业
2023,教师,2023安徽教师招考,芜湖市马饮学校 (安师大教育集团）,芜湖市马饮学校 (安师大教育集团） 初中英语,本科及以上,英语专业,,笔试+面试,,,学段：初级中学；学科：英语；招聘职位：初中英语；招聘人数：1,安徽 芜湖弋江区,https://www.xduim.com/zw/jszk,,专业：英语专业
2023,教师,2023安徽教师招考,芜湖市利民路小学,芜湖市利民路小学 小学数学,本科及以上,数学与应用数学专业、小学教育专业,,笔试+面试,,,学段：小学；学科：数学；招聘职位：小学数学；招聘人数：2,安徽 芜湖弋江区,https://www.xduim.com/zw/jszk,,专业：数学与应用数学专业、小学教育专业
2023,教师,2023安徽教师招考,芜湖市利民路小学,芜湖市利民路小学 小学英语,本科及以上,英语专业、小学教育专业,,笔试+面试,,,学段：小学；学科：英语；招聘职位：小学英语；招聘人数：1,安徽 芜湖弋江区,https://www.xduim.com/zw/jszk,,专业：英语专业、小学教育专业
2023,教师,2023安徽教师招考,芜湖市利民路小学,芜湖市利民路小学 小学信息技术,本科及以上,计算机科学与技术专业、教育技术学专业,,笔试+面试,,,学段：小学；学科：信息技术；招聘职位：小学信息技术；招聘人数：1,安徽 芜湖弋江区,https://www.xduim.com/zw/jszk,,专业：计算机科学与技术专业、教育技术学专业
2023,教师,2023安徽教师招考,芜湖市利民路小学,芜湖市利民路小学 小学美术,本科及以上,美术学专业,,笔试+面试,,,学段：小学；学科：美术；招聘职位：小学美术；招聘人数：1,安徽 芜湖弋江区,https://www.xduim.com/zw/jszk,,专业：美术学专业
2023,教师,2023安徽教师招考,芜湖市利民路小学,芜湖市利民路小学 小学音乐,本科及以上,音乐学专业,,笔试+面试,,,学段：小学；学科：音乐；招聘职位：小学音乐；招聘人数：1,安徽 芜湖弋江区,https://www.xduim.com/zw/jszk,,专业：音乐学专业
2023,教师,2023安徽教师招考,芜湖市利民路小学,芜湖市利民路小学 小学体育与健康,本科及以上,体育教育专业,,笔试+面试,,,学段：小学；学科：体育与健康；招聘职位：小学体育与健康；招聘人数：1,安徽 芜湖弋江区,https://www.xduim.com/zw/jszk,,专业：体育教育专业
2023,教师,2023安徽教师招考,芜湖市澛港小学,芜湖市澛港小学 小学语文,本科及以上,汉语言文学专业、小学教育专业,,笔试+面试,,,学段：小学；学科：语文；招聘职位：小学语文；招聘人数：2,安徽 芜湖弋江区,https://www.xduim.com/zw/jszk,,专业：汉语言文学专业、小学教育专业
2023,教师,2023安徽教师招考,芜湖市澛港小学,芜湖市澛港小学 小学数学,本科及以上,数学与应用数学专业、小学教育专业,,笔试+面试,,,学段：小学；学科：数学；招聘职位：小学数学；招聘人数：1,安徽 芜湖弋江区,https://www.xduim.com/zw/jszk,,专业：数学与应用数学专业、小学教育专业
2023,教师,2023安徽教师招考,芜湖市澛港小学,芜湖市澛港小学 小学英语,本科及以上,英语专业、小学教育专业,,笔试+面试,,,学段：小学；学科：英语；招聘职位：小学英语；招聘人数：1,安徽 芜湖弋江区,https://www.xduim.com/zw/jszk,,专业：英语专业、小学教育专业
2023,教师,2023安徽教师招考,芜湖市延安小学 （芜湖一中教育集团）,芜湖市延安小学 （芜湖一中教育集团） 小学数学,本科及以上,数学与应用数学专业、小学教育专业,,笔试+面试,,,学段：小学；学科：数学；招聘职位：小学数学；招聘人数：3,安徽 芜湖弋江区,https://www.xduim.com/zw/jszk,,专业：数学与应用数学专业、小学教育专业
2023,教师,2023安徽教师招考,芜湖市松元小学 （芜湖一中教育集团）,芜湖市松元小学 （芜湖一中教育集团） 小学语文,本科及以上,汉语言文学专业、小学教育专业,,笔试+面试,,,学段：小学；学科：语文；招聘职位：小学语文；招聘人数：2,安徽 芜湖弋江区,https://www.xduim.com/zw/jszk,,专业：汉语言文学专业、小学教育专业
2023,教师,2023安徽教师招考,芜湖市瑞阳小学,芜湖市瑞阳小学 小学语文,本科及以上,汉语言文学专业、小学教育专业,,笔试+面试,,,学段：小学；学科：语文；招聘职位：小学语文；招聘人数：1,安徽 芜湖弋江区,https://www.xduim.com/zw/jszk,,专业：汉语言文学专业、小学教育专业
2023,教师,2023安徽教师招考,当涂县教育局,当涂县教育局 高中数学,本科及以上,本科：师范类专业，  研究生及以上专业不限,,笔试+面试,,,学段：高级中学；学科：数学；招聘职位：高中数学；招聘人数：1,安徽 马鞍山当涂县,https://www.xduim.com/zw/jszk,,专业：本科：师范类专业，  研究生及以上专业不限
2023,教师,2023安徽教师招考,当涂县教育局,当涂县教育局 高中生物,本科及以上,本科：师范类专业，  研究生及以上专业不限,,笔试+面试,,,学段：高级中学；学科：生物；招聘职位：高中生物；招聘人数：1,安徽 马鞍山当涂县,https://www.xduim.com/zw/jszk,,专业：本科：师范类专业，  研究生及以上专业不限
2023,教师,2023安徽教师招考,当涂县教育局,当涂县教育局 初中语文,本科及以上,本科：师范类专业，  研究生及以上专业不限,,笔试+面试,,,学段：初级中学；学科：语文；招聘职位：初中语文；招聘人数：1,安徽 马鞍山当涂县,https://www.xduim.com/zw/jszk,,专业：本科：师范类专业，  研究生及以上专业不限
2023,教师,2023安徽教师招考,当涂县教育局,当涂县教育局 初中数学,本科及以上,本科：师范类专业，  研究生及以上专业不限,,笔试+面试,,,学段：初级中学；学科：数学；招聘职位：初中数学；招聘人数：1,安徽 马鞍山当涂县,https://www.xduim.com/zw/jszk,,专业：本科：师范类专业，  研究生及以上专业不限
2023,教师,2023安徽教师招考,当涂县教育局,当涂县教育局 初中美术,本科及以上,本科：师范类专业，  研究生及以上专业不限,,笔试+面试,,,学段：初级中学；学科：美术；招聘职位：初中美术；招聘人数：1,安徽 马鞍山当涂县,https://www.xduim.com/zw/jszk,,专业：本科：师范类专业，  研究生及以上专业不限
2023,教师,2023安徽教师招考,当涂县教育局,当涂县教育局 小学语文,本科及以上,专业不限,,笔试+面试,,,学段：小学；学科：语文；招聘职位：小学语文；招聘人数：9,安徽 马鞍山当涂县,https://www.xduim.com/zw/jszk,,专业：专业不限
2023,教师,2023安徽教师招考,当涂县教育局,当涂县教育局 小学数学,本科及以上,专业不限,,笔试+面试,,,学段：小学；学科：数学；招聘职位：小学数学；招聘人数：6,安徽 马鞍山当涂县,https://www.xduim.com/zw/jszk,,专业：专业不限
2023,教师,2023安徽教师招考,当涂县教育局,当涂县教育局 小学英语,本科及以上,专业不限,,笔试+面试,,,学段：小学；学科：英语；招聘职位：小学英语；招聘人数：2,安徽 马鞍山当涂县,https://www.xduim.com/zw/jszk,,专业：专业不限
2023,教师,2023安徽教师招考,当涂县教育局,当涂县教育局 小学音乐,本科及以上,专业不限,,笔试+面试,,,学段：小学；学科：音乐；招聘职位：小学音乐；招聘人数：1,安徽 马鞍山当涂县,https://www.xduim.com/zw/jszk,,专业：专业不限
2023,教师,2023安徽教师招考,当涂县教育局,当涂县教育局 小学体育,本科及以上,专业不限,,笔试+面试,,,学段：小学；学科：体育；招聘职位：小学体育；招聘人数：2,安徽 马鞍山当涂县,https://www.xduim.com/zw/jszk,,专业：专业不限
2023,教师,2023安徽教师招考,当涂县教育局,当涂县教育局 小学美术,本科及以上,专业不限,,笔试+面试,,,学段：小学；学科：美术；招聘职位：小学美术；招聘人数：1,安徽 马鞍山当涂县,https://www.xduim.com/zw/jszk,,专业：专业不限
2023,教师,2023安徽教师招考,徽州区第二中学,34100401 徽州区第二中学 初中数学,本科及以上,本科：数学与应用数学专业、信息与计算科学专业 研究生：数学（一级学科）、学科教学（数学）,,笔试+面试,,,招聘职位：初中数学；招聘人数：1,安徽 黄山徽州区,https://www.xduim.com/zw/jszk,,专业：本科：数学与应用数学专业、信息与计算科学专业 研究生：数学（一级学科）、学科教学（数学）
2023,教师,2023安徽教师招考,徽州区第二中学,34100402 徽州区第二中学 初中道德与法治,本科及以上,本科：政治学类、马克思主义理论类 研究生：政治学（一级学科）、马克思主义理论（一级学科）、学科教学（思政）,,笔试+面试,,,招聘职位：初中道德与法治；招聘人数：1,安徽 黄山徽州区,https://www.xduim.com/zw/jszk,,专业：本科：政治学类、马克思主义理论类 研究生：政治学（一级学科）、马克思主义理论（一级学科）、学科教学（思政）
2023,教师,2023安徽教师招考,徽州区第二中学,34100403 徽州区第二中学 初中物理,本科及以上,本科：物理学类、地球物理学类 研究生：物理学（一级学科）、地球物理学（一级学科）、学科教学（物理）,,笔试+面试,,,招聘职位：初中物理；招聘人数：1,安徽 黄山徽州区,https://www.xduim.com/zw/jszk,,专业：本科：物理学类、地球物理学类 研究生：物理学（一级学科）、地球物理学（一级学科）、学科教学（物理）
2023,教师,2023安徽教师招考,徽州区教育局下属事业单位,34100404 徽州区教育局下属事业单位 初中体育,本科及以上,本科：体育教育专业、运动训练专业、武术与民族传统体育专业 研究生：体育学（一级学科）、学科教学（体育）、体育硕士,,笔试+面试,,,招聘职位：初中体育；招聘人数：2,安徽 黄山徽州区,https://www.xduim.com/zw/jszk,,专业：本科：体育教育专业、运动训练专业、武术与民族传统体育专业 研究生：体育学（一级学科）、学科教学（体育）、体育硕士
2023,教师,2023安徽教师招考,徽州区岩寺小学,34100405 徽州区岩寺小学 小学美术,专科及以上,专科：艺术设计类、美术教育专业 本科：美术学类，设计学类 研究生：美术学（二级学科）、设计艺术学（二级学科）、学科教学（美术）、艺术硕士（美术）,,笔试+面试,,,招聘职位：小学美术；招聘人数：1,安徽 黄山徽州区,https://www.xduim.com/zw/jszk,,专业：专科：艺术设计类、美术教育专业 本科：美术学类，设计学类 研究生：美术学（二级学科）、设计艺术学（二级学科）、学科教学（美术）、艺术硕士（美术）
2023,教师,2023安徽教师招考,徽州区教育局 下属事业单位,34100406 徽州区教育局 下属事业单位 小学语文,本科及以上,专业不限,,笔试+面试,,,招聘职位：小学语文；招聘人数：4,安徽 黄山徽州区,https://www.xduim.com/zw/jszk,,专业：专业不限
2023,教师,2023安徽教师招考,徽州区教育局 下属事业单位,34100407 徽州区教育局 下属事业单位 小学数学,本科及以上,专业不限,,笔试+面试,,,招聘职位：小学数学；招聘人数：2,安徽 黄山徽州区,https://www.xduim.com/zw/jszk,,专业：专业不限
2023,教师,2023安徽教师招考,徽州区岩寺镇中心学校,34100408 徽州区岩寺镇中心学校 小学科学,专科及以上,专科：科学教育专业、物理教育专业、化学教育专业、生物教育专业 本科：理学类 研究生：理学（一级学科）,,笔试+面试,,,招聘职位：小学科学；招聘人数：1,安徽 黄山徽州区,https://www.xduim.com/zw/jszk,,专业：专科：科学教育专业、物理教育专业、化学教育专业、生物教育专业 本科：理学类 研究生：理学（一级学科）
2023,教师,2023安徽教师招考,徽州区岩寺小学,34100409 徽州区岩寺小学 小学体育,专科及以上,专科：体育教育专业、运动训练专业、民族传统体育专业 本科：体育教育专业、运动训练专业、武术与民族传统体育专业 研究生：体育学（一级学科）、学科教学（体育）、体育硕士,,笔试+面试,,,招聘职位：小学体育；招聘人数：1,安徽 黄山徽州区,https://www.xduim.com/zw/jszk,,专业：专科：体育教育专业、运动训练专业、民族传统体育专业 本科：体育教育专业、运动训练专业、武术与民族传统体育专业 研究生：体育学（一级学科）、学科教学（体育）、体育硕士
2023,教师,2023安徽教师招考,徽州区西溪南镇中心学校,34100410 徽州区西溪南镇中心学校 小学信息技术,专科及以上,专科：计算机类、电子信息类、现代教育技术专业 本科：计算机类、电子信息类、信息技术教育专业 研究生：专业不限,,笔试+面试,,,招聘职位：小学信息技术；招聘人数：1,安徽 黄山徽州区,https://www.xduim.com/zw/jszk,,专业：专科：计算机类、电子信息类、现代教育技术专业 本科：计算机类、电子信息类、信息技术教育专业 研究生：专业不限
2023,教师,2023安徽教师招考,怀宁县教育局下属事业单位,23001 怀宁县教育局下属事业单位 高中物理,本科及以上,本科：物理学（070201）、应用物理学（070202）。 研究生：不限，本科所学专业应与本岗位招聘条件一致。,,笔试+面试,,,招聘职位：高中物理；招聘人数：2,安徽 安庆怀宁县,https://www.xduim.com/zw/jszk,,专业：本科：物理学（070201）、应用物理学（070202）。 研究生：不限，本科所学专业应与本岗位招聘条件一致。
2023,教师,2023安徽教师招考,怀宁县教育局下属事业单位,23002 怀宁县教育局下属事业单位 初中数学,本科及以上,本科：数学与应用数学（070101）。 研究生：不限，本科所学专业应与本岗位招聘条件一致。,,笔试+面试,,,招聘职位：初中数学；招聘人数：2,安徽 安庆怀宁县,https://www.xduim.com/zw/jszk,,专业：本科：数学与应用数学（070101）。 研究生：不限，本科所学专业应与本岗位招聘条件一致。
2023,教师,2023安徽教师招考,怀宁县教育局下属事业单位,23003 怀宁县教育局下属事业单位 初中英语,本科及以上,本科：英语（050201）、商务英语（050262）。 研究生：不限，本科所学专业应与本岗位招聘条件一致。,,笔试+面试,,,招聘职位：初中英语；招聘人数：2,安徽 安庆怀宁县,https://www.xduim.com/zw/jszk,,专业：本科：英语（050201）、商务英语（050262）。 研究生：不限，本科所学专业应与本岗位招聘条件一致。
2023,教师,2023安徽教师招考,怀宁县教育局下属事业单位,23004 怀宁县教育局下属事业单位 初中生物,本科及以上,本科：生物科学（071001）、生物技术（071002）。 研究生：不限，本科所学专业应与本岗位招聘条件一致。,,笔试+面试,,,招聘职位：初中生物；招聘人数：3,安徽 安庆怀宁县,https://www.xduim.com/zw/jszk,,专业：本科：生物科学（071001）、生物技术（071002）。 研究生：不限，本科所学专业应与本岗位招聘条件一致。
2023,教师,2023安徽教师招考,怀宁县教育局下属事业单位,23005 怀宁县教育局下属事业单位 初中道德与法治,本科及以上,本科：思想政治教育（030503），马克思主义理论（030504T），政治学、经济学与哲学（030205T）。 研究生：不限，本科所学专业应与本岗位招聘条件一致。,,笔试+面试,,,招聘职位：初中道德与法治；招聘人数：4,安徽 安庆怀宁县,https://www.xduim.com/zw/jszk,,专业：本科：思想政治教育（030503），马克思主义理论（030504T），政治学、经济学与哲学（030205T）。 研究生：不限，本科所学专业应与本岗位招聘条件一致。
2023,教师,2023安徽教师招考,怀宁县教育局下属事业单位,23006 怀宁县教育局下属事业单位 初中历史,本科及以上,本科：中国共产党历史（030502）、历史学（060101）、世界史（060102）。 研究生：不限，本科所学专业应与本岗位招聘条件一致。,,笔试+面试,,,招聘职位：初中历史；招聘人数：1,安徽 安庆怀宁县,https://www.xduim.com/zw/jszk,,专业：本科：中国共产党历史（030502）、历史学（060101）、世界史（060102）。 研究生：不限，本科所学专业应与本岗位招聘条件一致。
2023,教师,2023安徽教师招考,怀宁县教育局下属事业单位,23007 怀宁县教育局下属事业单位 初中音乐,本科及以上,本科：艺术教育（040105）、音乐学（130202）、舞蹈教育（130207T）。 研究生：不限，本科所学专业应与本岗位招聘条件一致。,,笔试+面试,,,招聘职位：初中音乐；招聘人数：3,安徽 安庆怀宁县,https://www.xduim.com/zw/jszk,,专业：本科：艺术教育（040105）、音乐学（130202）、舞蹈教育（130207T）。 研究生：不限，本科所学专业应与本岗位招聘条件一致。
2023,教师,2023安徽教师招考,怀宁县教育局下属事业单位,23008 怀宁县教育局下属事业单位 小学音乐,本科及以上,本科：艺术教育（040105）、音乐学（130202）、舞蹈教育（130207T）。 研究生：不限，本科所学专业应与本岗位招聘条件一致。,,笔试+面试,,,招聘职位：小学音乐；招聘人数：3,安徽 安庆怀宁县,https://www.xduim.com/zw/jszk,,专业：本科：艺术教育（040105）、音乐学（130202）、舞蹈教育（130207T）。 研究生：不限，本科所学专业应与本岗位招聘条件一致。
2023,教师,2023安徽教师招考,怀宁县教育局下属事业单位,23009 怀宁县教育局下属事业单位 小学语文,本科及以上,本科：汉语言文学（050101）、汉语言（050102）。 研究生：不限，本科所学专业应与本岗位招聘条件一致。,,笔试+面试,,,招聘职位：小学语文；招聘人数：2,安徽 安庆怀宁县,https://www.xduim.com/zw/jszk,,专业：本科：汉语言文学（050101）、汉语言（050102）。 研究生：不限，本科所学专业应与本岗位招聘条件一致。
2023,教师,2023安徽教师招考,怀宁县教育局下属事业单位,23010 怀宁县教育局下属事业单位 小学体育与健康,本科及以上,本科：体育教育（040201）、社会体育指导与管理（040203）、休闲体育（040207T）。 研究生：不限，本科所学专业应与本岗位招聘条件一致。,,笔试+面试,,,招聘职位：小学体育与健康；招聘人数：6,安徽 安庆怀宁县,https://www.xduim.com/zw/jszk,,专业：本科：体育教育（040201）、社会体育指导与管理（040203）、休闲体育（040207T）。 研究生：不限，本科所学专业应与本岗位招聘条件一致。
2023,教师,2023安徽教师招考,怀宁县教育局下属事业单位,23011 怀宁县教育局下属事业单位 小学体育与健康,专科及以上,不限,,笔试+面试,,,招聘职位：小学体育与健康；招聘人数：1,安徽 安庆怀宁县,https://www.xduim.com/zw/jszk,,专业：不限
2023,教师,2023安徽教师招考,怀宁县教育局下属事业单位,23012 怀宁县教育局下属事业单位 小学美术,本科及以上,本科：艺术教育（040105）、美术学（130401）、绘画（130402）。 研究生：不限，本科所学专业应与本岗位招聘条件一致。,,笔试+面试,,,招聘职位：小学美术；招聘人数：4,安徽 安庆怀宁县,https://www.xduim.com/zw/jszk,,专业：本科：艺术教育（040105）、美术学（130401）、绘画（130402）。 研究生：不限，本科所学专业应与本岗位招聘条件一致。
2023,教师,2023安徽教师招考,怀宁县教育局下属事业单位,23013 怀宁县教育局下属事业单位 特殊教育,本科及以上,本科：特殊教育（040108）。 研究生：不限，本科所学专业应与本岗位招聘条件一致。,,笔试+面试,,,招聘职位：特殊教育；招聘人数：2,安徽 安庆怀宁县,https://www.xduim.com/zw/jszk,,专业：本科：特殊教育（040108）。 研究生：不限，本科所学专业应与本岗位招聘条件一致。
2023,教师,2023安徽教师招考,怀宁县教育局下属事业单位,23014 怀宁县教育局下属事业单位 幼儿教育,专科及以上,大专：学前教育（570102K）。 本科：学前教育（040106）。 研究生：不限，本科所学专业应与本岗位招聘条件一致。,,笔试+面试,,,招聘职位：幼儿教育；招聘人数：11,安徽 安庆怀宁县,https://www.xduim.com/zw/jszk,,专业：大专：学前教育（570102K）。 本科：学前教育（040106）。 研究生：不限，本科所学专业应与本岗位招聘条件一致。
2023,教师,2023安徽教师招考,怀远县部分高中（完中）,230101 怀远县部分高中（完中） 高中语文,本科及以上,专业相近,,笔试+面试,,,学段：高级中学；学科：语文；招聘职位：高中语文；招聘人数：8,安徽 蚌埠怀远县,https://www.xduim.com/zw/jszk,,专业：专业相近
2023,教师,2023安徽教师招考,怀远县部分高中（完中）,230102 怀远县部分高中（完中） 高中数学,本科及以上,专业相近,,笔试+面试,,,学段：高级中学；学科：数学；招聘职位：高中数学；招聘人数：8,安徽 蚌埠怀远县,https://www.xduim.com/zw/jszk,,专业：专业相近
2023,教师,2023安徽教师招考,怀远县部分高中（完中）,230103 怀远县部分高中（完中） 高中英语,本科及以上,专业相近,,笔试+面试,,,学段：高级中学；学科：英语；招聘职位：高中英语；招聘人数：6,安徽 蚌埠怀远县,https://www.xduim.com/zw/jszk,,专业：专业相近
2023,教师,2023安徽教师招考,怀远县部分高中（完中）,230104 怀远县部分高中（完中） 高中物理,本科及以上,专业相近,,笔试+面试,,,学段：高级中学；学科：物理；招聘职位：高中物理；招聘人数：3,安徽 蚌埠怀远县,https://www.xduim.com/zw/jszk,,专业：专业相近
2023,教师,2023安徽教师招考,怀远县部分高中（完中）,230105 怀远县部分高中（完中） 高中化学,本科及以上,专业相近,,笔试+面试,,,学段：高级中学；学科：化学；招聘职位：高中化学；招聘人数：3,安徽 蚌埠怀远县,https://www.xduim.com/zw/jszk,,专业：专业相近
2023,教师,2023安徽教师招考,怀远县部分高中（完中）,230106 怀远县部分高中（完中） 高中生物,本科及以上,专业相近,,笔试+面试,,,学段：高级中学；学科：生物；招聘职位：高中生物；招聘人数：4,安徽 蚌埠怀远县,https://www.xduim.com/zw/jszk,,专业：专业相近
2023,教师,2023安徽教师招考,怀远县部分高中（完中）,230107 怀远县部分高中（完中） 高中政治,本科及以上,专业相近,,笔试+面试,,,学段：高级中学；学科：思想政治；招聘职位：高中政治；招聘人数：5,安徽 蚌埠怀远县,https://www.xduim.com/zw/jszk,,专业：专业相近
2023,教师,2023安徽教师招考,怀远县部分高中（完中）,230108 怀远县部分高中（完中） 高中历史,本科及以上,专业相近,,笔试+面试,,,学段：高级中学；学科：历史；招聘职位：高中历史；招聘人数：4,安徽 蚌埠怀远县,https://www.xduim.com/zw/jszk,,专业：专业相近
2023,教师,2023安徽教师招考,怀远县部分高中（完中）,230109 怀远县部分高中（完中） 高中地理,本科及以上,专业相近,,笔试+面试,,,学段：高级中学；学科：地理；招聘职位：高中地理；招聘人数：6,安徽 蚌埠怀远县,https://www.xduim.com/zw/jszk,,专业：专业相近
2023,教师,2023安徽教师招考,怀远县部分高中（完中）,230110 怀远县部分高中（完中） 高中信息技术,本科及以上,专业相近,,笔试+面试,,,学段：高级中学；学科：信息技术；招聘职位：高中信息技术；招聘人数：2,安徽 蚌埠怀远县,https://www.xduim.com/zw/jszk,,专业：专业相近
2023,教师,2023安徽教师招考,怀远县部分高中（完中）,230111 怀远县部分高中（完中） 高中日语,本科及以上,专业相近,,笔试+面试,,,学段：高级中学；学科：日语；招聘职位：高中日语；招聘人数：2,安徽 蚌埠怀远县,https://www.xduim.com/zw/jszk,,专业：专业相近
2023,教师,2023安徽教师招考,怀远县部分高中（完中）,230112 怀远县部分高中（完中） 高中俄语,本科及以上,专业相近,,笔试+面试,,,学段：高级中学；学科：俄语；招聘职位：高中俄语；招聘人数：1,安徽 蚌埠怀远县,https://www.xduim.com/zw/jszk,,专业：专业相近
2023,教师,2023安徽教师招考,怀远县城区初中,230201 怀远县城区初中 初中语文1组,本科及以上,专业不限,,笔试+面试,,,学段：初级中学；学科：语文；招聘职位：初中语文1组；招聘人数：8,安徽 蚌埠怀远县,https://www.xduim.com/zw/jszk,,专业：专业不限
2023,教师,2023安徽教师招考,怀远县城区初中,230202 怀远县城区初中 初中数学1组,本科及以上,专业不限,,笔试+面试,,,学段：初级中学；学科：数学；招聘职位：初中数学1组；招聘人数：5,安徽 蚌埠怀远县,https://www.xduim.com/zw/jszk,,专业：专业不限
2023,教师,2023安徽教师招考,怀远县城区初中,230203 怀远县城区初中 初中英语1组,本科及以上,专业不限,,笔试+面试,,,学段：初级中学；学科：英语；招聘职位：初中英语1组；招聘人数：4,安徽 蚌埠怀远县,https://www.xduim.com/zw/jszk,,专业：专业不限
2023,教师,2023安徽教师招考,怀远县城区初中,230204 怀远县城区初中 初中物理1组,本科及以上,专业不限,,笔试+面试,,,学段：初级中学；学科：物理；招聘职位：初中物理1组；招聘人数：5,安徽 蚌埠怀远县,https://www.xduim.com/zw/jszk,,专业：专业不限
2023,教师,2023安徽教师招考,怀远县城区初中,230205 怀远县城区初中 初中化学1组,本科及以上,专业不限,,笔试+面试,,,学段：初级中学；学科：化学；招聘职位：初中化学1组；招聘人数：1,安徽 蚌埠怀远县,https://www.xduim.com/zw/jszk,,专业：专业不限
2023,教师,2023安徽教师招考,怀远县城区初中,230206 怀远县城区初中 初中生物1组,本科及以上,专业不限,,笔试+面试,,,学段：初级中学；学科：生物；招聘职位：初中生物1组；招聘人数：2,安徽 蚌埠怀远县,https://www.xduim.com/zw/jszk,,专业：专业不限
2023,教师,2023安徽教师招考,怀远县城区初中,230207 怀远县城区初中 初中道德与法治1组,本科及以上,专业不限,,笔试+面试,,,学段：初级中学；学科：道德与法治；招聘职位：初中道德与法治1组；招聘人数：5,安徽 蚌埠怀远县,https://www.xduim.com/zw/jszk,,专业：专业不限
2023,教师,2023安徽教师招考,怀远县城区初中,230208 怀远县城区初中 初中历史1组,本科及以上,专业不限,,笔试+面试,,,学段：初级中学；学科：历史；招聘职位：初中历史1组；招聘人数：4,安徽 蚌埠怀远县,https://www.xduim.com/zw/jszk,,专业：专业不限
2024,教师,2024安徽教师招考,怀远县部分完中高中部,7010201 怀远县部分完中高中部,本科及以上,专业相近,,笔试+面试,,,学段：高级中学；学科：语文；招聘人数：1,安徽 蚌埠怀远县,https://www.xduim.com/zw/jszk,,专业：专业相近
2024,教师,2024安徽教师招考,怀远县部分完中高中部,7010202 怀远县部分完中高中部,本科及以上,专业相近,,笔试+面试,,,学段：高级中学；学科：数学；招聘人数：2,安徽 蚌埠怀远县,https://www.xduim.com/zw/jszk,,专业：专业相近
2024,教师,2024安徽教师招考,怀远县部分完中高中部,7010203 怀远县部分完中高中部,本科及以上,专业相近,,笔试+面试,,,学段：高级中学；学科：英语；招聘人数：2,安徽 蚌埠怀远县,https://www.xduim.com/zw/jszk,,专业：专业相近
2024,教师,2024安徽教师招考,怀远县部分完中高中部,7010204 怀远县部分完中高中部,本科及以上,专业相近,,笔试+面试,,,学段：高级中学；学科：物理；招聘人数：3,安徽 蚌埠怀远县,https://www.xduim.com/zw/jszk,,专业：专业相近
2024,教师,2024安徽教师招考,怀远县部分完中高中部,7010205 怀远县部分完中高中部,本科及以上,专业相近,,笔试+面试,,,学段：高级中学；学科：化学；招聘人数：1,安徽 蚌埠怀远县,https://www.xduim.com/zw/jszk,,专业：专业相近
2024,教师,2024安徽教师招考,怀远县部分完中高中部,7010206 怀远县部分完中高中部,本科及以上,专业相近,,笔试+面试,,,学段：高级中学；学科：生物；招聘人数：1,安徽 蚌埠怀远县,https://www.xduim.com/zw/jszk,,专业：专业相近
2024,教师,2024安徽教师招考,怀远县部分完中高中部,7010207 怀远县部分完中高中部,本科及以上,专业相近,,笔试+面试,,,学段：高级中学；学科：历史；招聘人数：2,安徽 蚌埠怀远县,https://www.xduim.com/zw/jszk,,专业：专业相近
2024,教师,2024安徽教师招考,怀远县部分完中高中部,7010208 怀远县部分完中高中部,本科及以上,专业相近,,笔试+面试,,,学段：高级中学；学科：地理；招聘人数：2,安徽 蚌埠怀远县,https://www.xduim.com/zw/jszk,,专业：专业相近
2024,教师,2024安徽教师招考,怀远县城区学校初中部,7020109 怀远县城区学校初中部,本科及以上,专业不限,,笔试+面试,,,学段：初级中学；学科：语文；招聘人数：1,安徽 蚌埠怀远县,https://www.xduim.com/zw/jszk,,专业：专业不限
2024,教师,2024安徽教师招考,怀远县城区学校初中部,7020110 怀远县城区学校初中部,本科及以上,专业不限,,笔试+面试,,,学段：初级中学；学科：数学；招聘人数：1,安徽 蚌埠怀远县,https://www.xduim.com/zw/jszk,,专业：专业不限
2024,教师,2024安徽教师招考,怀远县城区学校初中部,7020111 怀远县城区学校初中部,本科及以上,专业不限,,笔试+面试,,,学段：初级中学；学科：英语；招聘人数：1,安徽 蚌埠怀远县,https://www.xduim.com/zw/jszk,,专业：专业不限
2024,教师,2024安徽教师招考,怀远县城区学校初中部,7020112 怀远县城区学校初中部,本科及以上,专业不限,,笔试+面试,,,学段：初级中学；学科：物理；招聘人数：1,安徽 蚌埠怀远县,https://www.xduim.com/zw/jszk,,专业：专业不限
2024,教师,2024安徽教师招考,怀远县城区学校初中部,7020113 怀远县城区学校初中部,本科及以上,专业不限,,笔试+面试,,,学段：初级中学；学科：生物；招聘人数：2,安徽 蚌埠怀远县,https://www.xduim.com/zw/jszk,,专业：专业不限
2024,教师,2024安徽教师招考,怀远县城区学校初中部,7020114 怀远县城区学校初中部,本科及以上,专业不限,,笔试+面试,,,学段：初级中学；学科：道德与法治；招聘人数：5,安徽 蚌埠怀远县,https://www.xduim.com/zw/jszk,,专业：专业不限
2024,教师,2024安徽教师招考,怀远县城区学校初中部,7020115 怀远县城区学校初中部,本科及以上,专业不限,,笔试+面试,,,学段：初级中学；学科：历史；招聘人数：3,安徽 蚌埠怀远县,https://www.xduim.com/zw/jszk,,专业：专业不限
2024,教师,2024安徽教师招考,怀远县城区学校初中部,7020116 怀远县城区学校初中部,本科及以上,专业不限,,笔试+面试,,,学段：初级中学；学科：地理；招聘人数：1,安徽 蚌埠怀远县,https://www.xduim.com/zw/jszk,,专业：专业不限
2024,教师,2024安徽教师招考,怀远县城区学校初中部,7020117 怀远县城区学校初中部,本科及以上,专业不限,,笔试+面试,,,学段：初级中学；学科：音乐；招聘人数：4,安徽 蚌埠怀远县,https://www.xduim.com/zw/jszk,,专业：专业不限
2024,教师,2024安徽教师招考,怀远县城区学校初中部,7020118 怀远县城区学校初中部,本科及以上,专业不限,,笔试+面试,,,学段：初级中学；学科：体育；招聘人数：4,安徽 蚌埠怀远县,https://www.xduim.com/zw/jszk,,专业：专业不限
2024,教师,2024安徽教师招考,怀远县城区学校初中部,7020119 怀远县城区学校初中部,本科及以上,专业不限,,笔试+面试,,,学段：初级中学；学科：美术；招聘人数：3,安徽 蚌埠怀远县,https://www.xduim.com/zw/jszk,,专业：专业不限
2024,教师,2024安徽教师招考,怀远县城区学校初中部,7020120 怀远县城区学校初中部,本科及以上,专业不限,,笔试+面试,,,学段：初级中学；学科：信息技术；招聘人数：1,安徽 蚌埠怀远县,https://www.xduim.com/zw/jszk,,专业：专业不限
2024,教师,2024安徽教师招考,新站区区属学校,80101 新站区区属学校 初中语文,本科及以上,本科：汉语言文学（050101） 硕士研究生及以上：专业不限,,笔试+面试,,,学段：初级中学；学科：语文(初级中学)；招聘职位：初中语文；招聘人数：5,安徽 合肥新站区,https://www.xduim.com/zw/jszk,,专业：本科：汉语言文学（050101） 硕士研究生及以上：专业不限
2024,教师,2024安徽教师招考,新站区区属学校,80201 新站区区属学校 初中数学,本科及以上,本科：数学与应用数学（070101） 硕士研究生及以上：不限专业。,,笔试+面试,,,学段：初级中学；学科：数学(初级中学)；招聘职位：初中数学；招聘人数：7,安徽 合肥新站区,https://www.xduim.com/zw/jszk,,专业：本科：数学与应用数学（070101） 硕士研究生及以上：不限专业。
2024,教师,2024安徽教师招考,新站区区属学校,80301 新站区区属学校 初中英语,本科及以上,本科：英语（050201） 硕士研究生及以上：不限专业,,笔试+面试,,,学段：初级中学；学科：英语(初级中学)；招聘职位：初中英语；招聘人数：9,安徽 合肥新站区,https://www.xduim.com/zw/jszk,,专业：本科：英语（050201） 硕士研究生及以上：不限专业
2024,教师,2024安徽教师招考,新站区区属学校,80401 新站区区属学校 初中音乐,本科及以上,本科：音乐与舞蹈学类（1302） 硕士研究生及以上：不限专业。,,笔试+面试,,,学段：初级中学；学科：音乐(初级中学)；招聘职位：初中音乐；招聘人数：4,安徽 合肥新站区,https://www.xduim.com/zw/jszk,,专业：本科：音乐与舞蹈学类（1302） 硕士研究生及以上：不限专业。
2024,教师,2024安徽教师招考,新站区区属学校,80501 新站区区属学校 初中体育与健康,本科及以上,本科：体育教育(040201)、运动训练（040202K） 硕士研究生及以上：不限专业。,,笔试+面试,,,学段：初级中学；学科：体育与健康(初级中学)；招聘职位：初中体育与健康；招聘人数：8,安徽 合肥新站区,https://www.xduim.com/zw/jszk,,专业：本科：体育教育(040201)、运动训练（040202K） 硕士研究生及以上：不限专业。
2024,教师,2024安徽教师招考,新站区区属学校,80601 新站区区属学校 初中美术,本科及以上,本科：美术学类（1304） 硕士研究生及以上：不限专业。,,笔试+面试,,,学段：初级中学；学科：美术(初级中学)；招聘职位：初中美术；招聘人数：4,安徽 合肥新站区,https://www.xduim.com/zw/jszk,,专业：本科：美术学类（1304） 硕士研究生及以上：不限专业。
2024,教师,2024安徽教师招考,新站区区属学校,80701 新站区区属学校 初中心理健康,本科及以上,本科：心理学（071101）；应用心理学（071102）；硕士研究生及以上：不限专业,,笔试+面试,,,学段：初级中学；学科：心理健康教育(初级中学)；招聘职位：初中心理健康；招聘人数：3,安徽 合肥新站区,https://www.xduim.com/zw/jszk,,专业：本科：心理学（071101）；应用心理学（071102）；硕士研究生及以上：不限专业
2024,教师,2024安徽教师招考,新站区区属学校,80801 新站区区属学校 初中道德与法治,本科及以上,本科：思想政治教育（030503） 硕士研究生及以上：不限专业,,笔试+面试,,,学段：初级中学；学科：道德与法治(初级中学)；招聘职位：初中道德与法治；招聘人数：3,安徽 合肥新站区,https://www.xduim.com/zw/jszk,,专业：本科：思想政治教育（030503） 硕士研究生及以上：不限专业
2024,教师,2024安徽教师招考,新站区区属学校,80802 新站区区属学校 初中道德与法治,本科及以上,不限专业,,笔试+面试,,,学段：初级中学；学科：道德与法治(初级中学)；招聘职位：初中道德与法治；招聘人数：1,安徽 合肥新站区,https://www.xduim.com/zw/jszk,,专业：不限专业
2024,教师,2024安徽教师招考,新站区区属学校,80901 新站区区属学校 初中历史,本科及以上,本科：历史学（060101） 硕士研究生及以上：不限专业。,,笔试+面试,,,学段：初级中学；学科：历史(初级中学)；招聘职位：初中历史；招聘人数：3,安徽 合肥新站区,https://www.xduim.com/zw/jszk,,专业：本科：历史学（060101） 硕士研究生及以上：不限专业。
2024,教师,2024安徽教师招考,新站区区属学校,81001 新站区区属学校 初中地理,本科及以上,本科：地理科学类、地质学类、土地资源管理；硕士研究生及以上：不限专业,,笔试+面试,,,学段：初级中学；学科：地理(初级中学)；招聘职位：初中地理；招聘人数：1,安徽 合肥新站区,https://www.xduim.com/zw/jszk,,专业：本科：地理科学类、地质学类、土地资源管理；硕士研究生及以上：不限专业
2024,教师,2024安徽教师招考,新站区区属学校,81101 新站区区属学校 初中物理,本科及以上,本科：物理学(070201）、应用物理学（070202） 硕士研究生及以上：不限专业。,,笔试+面试,,,学段：初级中学；学科：物理(初级中学)；招聘职位：初中物理；招聘人数：2,安徽 合肥新站区,https://www.xduim.com/zw/jszk,,专业：本科：物理学(070201）、应用物理学（070202） 硕士研究生及以上：不限专业。
2024,教师,2024安徽教师招考,新站区区属学校,81201 新站区区属学校 初中化学,本科及以上,本科：化学类；硕士研究生及以上：专业不限,,笔试+面试,,,学段：初级中学；学科：化学(初级中学)；招聘职位：初中化学；招聘人数：1,安徽 合肥新站区,https://www.xduim.com/zw/jszk,,专业：本科：化学类；硕士研究生及以上：专业不限
2024,教师,2024安徽教师招考,新站区区属学校,81301 新站区区属学校 初中生物,本科及以上,本科：生物科学类；硕士研究生及以上：不限专业,,笔试+面试,,,学段：初级中学；学科：生物(初级中学)；招聘职位：初中生物；招聘人数：3,安徽 合肥新站区,https://www.xduim.com/zw/jszk,,专业：本科：生物科学类；硕士研究生及以上：不限专业
2024,教师,2024安徽教师招考,新站区区属学校,81401 新站区区属学校 初中信息与技术,本科及以上,本科：计算机类、教育技术学；硕士研究生及以上：不限专业,,笔试+面试,,,学段：初级中学；学科：信息技术(初级中学)；招聘职位：初中信息与技术；招聘人数：1,安徽 合肥新站区,https://www.xduim.com/zw/jszk,,专业：本科：计算机类、教育技术学；硕士研究生及以上：不限专业
2024,教师,2024安徽教师招考,新站区区属学校,81501 新站区区属学校 小学语文A组,本科及以上,本科：汉语言文学（050101） 硕士研究生及以上：专业不限,,笔试+面试,,,学段：小学；学科：小学语文(小学)；招聘职位：小学语文A组；招聘人数：15,安徽 合肥新站区,https://www.xduim.com/zw/jszk,,专业：本科：汉语言文学（050101） 硕士研究生及以上：专业不限
2024,教师,2024安徽教师招考,新站区区属学校,81502 新站区区属学校 小学语文B组,本科及以上,本科：汉语言文学（050101） 硕士研究生及以上：专业不限,,笔试+面试,,,学段：小学；学科：小学语文(小学)；招聘职位：小学语文B组；招聘人数：15,安徽 合肥新站区,https://www.xduim.com/zw/jszk,,专业：本科：汉语言文学（050101） 硕士研究生及以上：专业不限
2024,教师,2024安徽教师招考,新站区区属学校,81601 新站区区属学校 小学数学A组,本科及以上,本科：数学与应用数学（070101） 硕士研究生及以上：不限专业。,,笔试+面试,,,学段：小学；学科：小学数学(小学)；招聘职位：小学数学A组；招聘人数：10,安徽 合肥新站区,https://www.xduim.com/zw/jszk,,专业：本科：数学与应用数学（070101） 硕士研究生及以上：不限专业。
2024,教师,2024安徽教师招考,新站区区属学校,81602 新站区区属学校 小学数学B组,本科及以上,本科：数学与应用数学（070101） 硕士研究生及以上：不限专业。,,笔试+面试,,,学段：小学；学科：小学数学(小学)；招聘职位：小学数学B组；招聘人数：11,安徽 合肥新站区,https://www.xduim.com/zw/jszk,,专业：本科：数学与应用数学（070101） 硕士研究生及以上：不限专业。
2024,教师,2024安徽教师招考,新站区区属学校,81701 新站区区属学校 小学英语,本科及以上,本科：英语（050201） 硕士研究生及以上：不限专业,,笔试+面试,,,学段：小学；学科：小学英语(小学)；招聘职位：小学英语；招聘人数：11,安徽 合肥新站区,https://www.xduim.com/zw/jszk,,专业：本科：英语（050201） 硕士研究生及以上：不限专业
2023,教师,2023安徽教师招考,新站区区属学校,80101 新站区区属学校 初中语文,本科及以上,专业不限,,笔试+面试,,,学段：初级中学；学科：语文(初级中学)；招聘职位：初中语文；招聘人数：6,安徽 合肥新站区,https://www.xduim.com/zw/jszk,,专业：专业不限
2023,教师,2023安徽教师招考,新站区区属学校,80201 新站区区属学校 初中数学,本科及以上,专业不限,,笔试+面试,,,学段：初级中学；学科：数学（初级中学）；招聘职位：初中数学；招聘人数：11,安徽 合肥新站区,https://www.xduim.com/zw/jszk,,专业：专业不限
2023,教师,2023安徽教师招考,新站区区属学校,80301 新站区区属学校 初中英语,本科及以上,专业不限,,笔试+面试,,,学段：初级中学；学科：英语（初级中学）；招聘职位：初中英语；招聘人数：5,安徽 合肥新站区,https://www.xduim.com/zw/jszk,,专业：专业不限
2023,教师,2023安徽教师招考,新站区区属学校,80401 新站区区属学校 初中道德与法治,本科及以上,专业不限,,笔试+面试,,,学段：初级中学；学科：道德与法治(初级中学)；招聘职位：初中道德与法治；招聘人数：2,安徽 合肥新站区,https://www.xduim.com/zw/jszk,,专业：专业不限
2023,教师,2023安徽教师招考,新站区区属学校,80501 新站区区属学校 初中物理,本科及以上,专业不限,,笔试+面试,,,学段：初级中学；学科：物理(初级中学)；招聘职位：初中物理；招聘人数：2,安徽 合肥新站区,https://www.xduim.com/zw/jszk,,专业：专业不限
2023,教师,2023安徽教师招考,新站区区属学校,80601 新站区区属学校 初中历史,本科及以上,专业不限,,笔试+面试,,,学段：初级中学；学科：历史(初级中学)；招聘职位：初中历史；招聘人数：2,安徽 合肥新站区,https://www.xduim.com/zw/jszk,,专业：专业不限
2023,教师,2023安徽教师招考,新站区区属学校,80701 新站区区属学校 小学语文A组,专科及以上,专业不限,,笔试+面试,,,学段：小学；学科：小学语文(小学)；招聘职位：小学语文A组；招聘人数：15,安徽 合肥新站区,https://www.xduim.com/zw/jszk,,专业：专业不限
2023,教师,2023安徽教师招考,新站区区属学校,80702 新站区区属学校 小学语文B组,专科及以上,专业不限,,笔试+面试,,,学段：小学；学科：小学语文(小学)；招聘职位：小学语文B组；招聘人数：15,安徽 合肥新站区,https://www.xduim.com/zw/jszk,,专业：专业不限
2023,教师,2023安徽教师招考,新站区区属学校,80703 新站区区属学校 小学语文C组,专科及以上,专业不限,,笔试+面试,,,学段：小学；学科：小学语文(小学)；招聘职位：小学语文C组；招聘人数：15,安徽 合肥新站区,https://www.xduim.com/zw/jszk,,专业：专业不限
2023,教师,2023安徽教师招考,新站区区属学校,80801 新站区区属学校 小学数学,专科及以上,专业不限,,笔试+面试,,,学段：小学；学科：小学数学(小学)；招聘职位：小学数学；招聘人数：12,安徽 合肥新站区,https://www.xduim.com/zw/jszk,,专业：专业不限
2023,教师,2023安徽教师招考,新站区区属学校,80901 新站区区属学校 小学英语,专科及以上,专业不限,,笔试+面试,,,学段：小学；学科：小学英语(小学)；招聘职位：小学英语；招聘人数：1,安徽 合肥新站区,https://www.xduim.com/zw/jszk,,专业：专业不限
2023,教师,2023安徽教师招考,新站区区属学校,81001 新站区区属学校 小学体育,专科及以上,专业不限,,笔试+面试,,,学段：小学；学科：小学体育(小学)；招聘职位：小学体育；招聘人数：5,安徽 合肥新站区,https://www.xduim.com/zw/jszk,,专业：专业不限
2023,教师,2023安徽教师招考,新站区区属学校,81101 新站区区属学校 小学音乐,专科及以上,专业不限,,笔试+面试,,,学段：小学；学科：小学音乐(小学)；招聘职位：小学音乐；招聘人数：1,安徽 合肥新站区,https://www.xduim.com/zw/jszk,,专业：专业不限
2023,教师,2023安徽教师招考,新站区区属学校,81201 新站区区属学校 小学信息技术,专科及以上,专业不限,,笔试+面试,,,学段：小学；学科：小学信息技术(小学)；招聘职位：小学信息技术；招聘人数：1,安徽 合肥新站区,https://www.xduim.com/zw/jszk,,专业：专业不限
2023,教师,2023安徽教师招考,新站区区属学校,81301 新站区区属学校 小学心理健康教育,专科及以上,专业不限,,笔试+面试,,,学段：小学；学科：小学心理健康教育(小学)；招聘职位：小学心理健康教育；招聘人数：1,安徽 合肥新站区,https://www.xduim.com/zw/jszk,,专业：专业不限
2023,教师,2023安徽教师招考,新站区区属学校,81401 新站区区属学校 小学特殊教育,专科及以上,特殊教育专业,,笔试+面试,,,学段：小学；学科：小学特殊教育(小学)；招聘职位：小学特殊教育；招聘人数：2,安徽 合肥新站区,https://www.xduim.com/zw/jszk,,专业：特殊教育专业
2023,教师,2023安徽教师招考,旌德梓阳学校,20001 旌德梓阳学校 初中语文,本科及以上,本科：中国语言文学类（0501） 研究生：中国语言文学（0501）,,笔试+面试,,,招聘职位：初中语文；招聘人数：2,安徽 宣城旌德县,https://www.xduim.com/zw/jszk,,专业：本科：中国语言文学类（0501） 研究生：中国语言文学（0501）
2023,教师,2023安徽教师招考,旌德梓阳学校,20002 旌德梓阳学校 初中历史,本科及以上,本科：历史学类（0601）、研究生：历史学（0601）,,笔试+面试,,,招聘职位：初中历史；招聘人数：1,安徽 宣城旌德县,https://www.xduim.com/zw/jszk,,专业：本科：历史学类（0601）、研究生：历史学（0601）
2023,教师,2023安徽教师招考,旌德梓阳学校,20003 旌德梓阳学校 初中地理,本科及以上,本科：地理科学类（0705） 研究生：地理学（0705）,,笔试+面试,,,招聘职位：初中地理；招聘人数：1,安徽 宣城旌德县,https://www.xduim.com/zw/jszk,,专业：本科：地理科学类（0705） 研究生：地理学（0705）
2023,教师,2023安徽教师招考,旌德梓阳学校,20004 旌德梓阳学校 初中音乐,本科及以上,本科：音乐与舞蹈学类（1302） 研究生：音乐学（050402）,,笔试+面试,,,招聘职位：初中音乐；招聘人数：1,安徽 宣城旌德县,https://www.xduim.com/zw/jszk,,专业：本科：音乐与舞蹈学类（1302） 研究生：音乐学（050402）
2023,教师,2023安徽教师招考,县、镇学校,20005 县、镇学校 初中数学,本科及以上,本科：数学类（0701）、计算机类（0809） 研究生：数学（0701）,,笔试+面试,,,招聘职位：初中数学；招聘人数：3,安徽 宣城旌德县,https://www.xduim.com/zw/jszk,,专业：本科：数学类（0701）、计算机类（0809） 研究生：数学（0701）
2023,教师,2023安徽教师招考,旌德梓阳学校,20006 旌德梓阳学校 初中英语,本科及以上,本科：英语（050201） 研究生：英语语言文学（050201）,,笔试+面试,,,招聘职位：初中英语；招聘人数：2,安徽 宣城旌德县,https://www.xduim.com/zw/jszk,,专业：本科：英语（050201） 研究生：英语语言文学（050201）
2023,教师,2023安徽教师招考,县、镇学校,20007 县、镇学校 小学数学,本科及以上,本科：专业不限；研究生：专业不限,,笔试+面试,,,招聘职位：小学数学；招聘人数：5,安徽 宣城旌德县,https://www.xduim.com/zw/jszk,,专业：本科：专业不限；研究生：专业不限
2023,教师,2023安徽教师招考,县、镇学校,20008 县、镇学校 小学语文,本科及以上,本科：专业不限；研究生：专业不限,,笔试+面试,,,招聘职位：小学语文；招聘人数：5,安徽 宣城旌德县,https://www.xduim.com/zw/jszk,,专业：本科：专业不限；研究生：专业不限
2023,教师,2023安徽教师招考,城区学校,20009 城区学校 小学体育与健康,本科及以上,本科：体育学类（0402） 研究生：体育学（0403）,,笔试+面试,,,招聘职位：小学体育与健康；招聘人数：1,安徽 宣城旌德县,https://www.xduim.com/zw/jszk,,专业：本科：体育学类（0402） 研究生：体育学（0403）
2023,教师,2023安徽教师招考,城区学校,20010 城区学校 小学信息技术,本科及以上,本科：计算机类（0809）、数学类（0701） 研究生：计算机科学与技术（0812）,,笔试+面试,,,招聘职位：小学信息技术；招聘人数：2,安徽 宣城旌德县,https://www.xduim.com/zw/jszk,,专业：本科：计算机类（0809）、数学类（0701） 研究生：计算机科学与技术（0812）
2023,教师,2023安徽教师招考,镇学校,20011 镇学校 小学美术,本科及以上,本科：美术学类（1304）、设计学类（1305） 研究生：美术学（050403）,,笔试+面试,,,招聘职位：小学美术；招聘人数：1,安徽 宣城旌德县,https://www.xduim.com/zw/jszk,,专业：本科：美术学类（1304）、设计学类（1305） 研究生：美术学（050403）
2023,教师,2023安徽教师招考,城区学校,20012 城区学校 心理健康,本科及以上,本科：心理学类（0711） 研究生：心理学（0402）,,笔试+面试,,,招聘职位：心理健康；招聘人数：1,安徽 宣城旌德县,https://www.xduim.com/zw/jszk,,专业：本科：心理学类（0711） 研究生：心理学（0402）
2023,教师,2023安徽教师招考,旌德特殊教育学校,20013 旌德特殊教育学校 小学特教,专科及以上,专科：特殊教育专业（670118K） 本科：特殊教育（040108）研究生：特殊教育学（040109）,,笔试+面试,,,招聘职位：小学特教；招聘人数：2,安徽 宣城旌德县,https://www.xduim.com/zw/jszk,,专业：专科：特殊教育专业（670118K） 本科：特殊教育（040108）研究生：特殊教育学（040109）
2023,教师,2023安徽教师招考,示范幼儿园,20014 示范幼儿园 幼儿教师,专科及以上,专科：早期教育(670101k)、学前教育（670102k） 本科：学前教育（040106） 研究生：学前教育学（040105）,,笔试+面试,,,招聘职位：幼儿教师；招聘人数：6,安徽 宣城旌德县,https://www.xduim.com/zw/jszk,,专业：专科：早期教育(670101k)、学前教育（670102k） 本科：学前教育（040106） 研究生：学前教育学（040105）
2024,教师,2024安徽教师招考,旌德县教育体育局,20001 旌德县教育体育局 教学研究室,本科及以上,本科：中国语言文学类（0501） 研究生：专业不限,,笔试+面试,,,学段：初级中学；学科：语文；招聘职位：教学研究室；招聘人数：1,安徽 宣城旌德县,https://www.xduim.com/zw/jszk,,专业：本科：中国语言文学类（0501） 研究生：专业不限
2024,教师,2024安徽教师招考,旌德县教育体育局,20002 旌德县教育体育局 城区初中,本科及以上,本科：数学类（0701） 研究生：专业不限,,笔试+面试,,,学段：初级中学；学科：数学；招聘职位：城区初中；招聘人数：1,安徽 宣城旌德县,https://www.xduim.com/zw/jszk,,专业：本科：数学类（0701） 研究生：专业不限
2024,教师,2024安徽教师招考,旌德县教育体育局,20003 旌德县教育体育局 城区初中,本科及以上,本科：英语（050201） 研究生：专业不限,,笔试+面试,,,学段：初级中学；学科：英语；招聘职位：城区初中；招聘人数：1,安徽 宣城旌德县,https://www.xduim.com/zw/jszk,,专业：本科：英语（050201） 研究生：专业不限
2024,教师,2024安徽教师招考,旌德县教育体育局,20004 旌德县教育体育局 城区初中,本科及以上,本科：生物科学类（0710） 研究生：专业不限,,笔试+面试,,,学段：初级中学；学科：生物；招聘职位：城区初中；招聘人数：1,安徽 宣城旌德县,https://www.xduim.com/zw/jszk,,专业：本科：生物科学类（0710） 研究生：专业不限
2024,教师,2024安徽教师招考,旌德县教育体育局,20005 旌德县教育体育局 旌德县业余体校,本科及以上,本科：体育学类（0402） 研究生：专业不限,,笔试+面试,,,学段：小学；学科：体育；招聘职位：旌德县业余体校；招聘人数：1,安徽 宣城旌德县,https://www.xduim.com/zw/jszk,,专业：本科：体育学类（0402） 研究生：专业不限
2024,教师,2024安徽教师招考,旌德县教育体育局,20006 旌德县教育体育局 城区小学,本科及以上,本科：音乐与舞蹈学类（1302） 研究生：专业不限,,笔试+面试,,,学段：小学；学科：音乐；招聘职位：城区小学；招聘人数：1,安徽 宣城旌德县,https://www.xduim.com/zw/jszk,,专业：本科：音乐与舞蹈学类（1302） 研究生：专业不限
2024,教师,2024安徽教师招考,旌德县教育体育局,20007 旌德县教育体育局 城区小学,本科及以上,本科：美术学类（1304）、设计学类（1305） 研究生：专业不限,,笔试+面试,,,学段：小学；学科：美术；招聘职位：城区小学；招聘人数：1,安徽 宣城旌德县,https://www.xduim.com/zw/jszk,,专业：本科：美术学类（1304）、设计学类（1305） 研究生：专业不限
2024,教师,2024安徽教师招考,旌德县教育体育局,20008 旌德县教育体育局 示范幼儿园,专科及以上,专科：早期教育(670101k)、学前教育（670102k） 本科：学前教育（040106） 研究生：专业不限,,笔试+面试,,,学段：幼儿园；学科：幼教；招聘职位：示范幼儿园；招聘人数：6,安徽 宣城旌德县,https://www.xduim.com/zw/jszk,,专业：专科：早期教育(670101k)、学前教育（670102k） 本科：学前教育（040106） 研究生：专业不限
2024,教师,2024安徽教师招考,明光市教育体育局,明光市教育体育局 高中地理,本科及以上,本科：地理科学类；研究生：地理学、大气科学、海洋科学、地球物理学、地质学、学科教学（地理）、课程与教学论（地理方向）,,笔试+面试,,,学段：高级中学；学科：地理；招聘职位：高中地理；招聘人数：1,安徽 滁州明光市,https://www.xduim.com/zw/jszk,,专业：本科：地理科学类；研究生：地理学、大气科学、海洋科学、地球物理学、地质学、学科教学（地理）、课程与教学论（地理方向）
2024,教师,2024安徽教师招考,明光市教育体育局,明光市教育体育局 高中生物,本科及以上,本科：生物科学类、生物工程类、生物医学工程类；研究生：生物学、生物工程、生物医学工程、学科教学（生物）、课程与教学论（生物方向）,,笔试+面试,,,学段：高级中学；学科：生物；招聘职位：高中生物；招聘人数：1,安徽 滁州明光市,https://www.xduim.com/zw/jszk,,专业：本科：生物科学类、生物工程类、生物医学工程类；研究生：生物学、生物工程、生物医学工程、学科教学（生物）、课程与教学论（生物方向）
2024,教师,2024安徽教师招考,明光市教育体育局,明光市教育体育局 高中物理,本科及以上,本科：物理学类、天文学类、力学类、电子信息类；研究生：物理学、天文学、力学、电子科学与技术、电子信息、遥感（智能、纳米）科学与技术、学科教学（物理）、课程与教学论（物理方向）,,笔试+面试,,,学段：高级中学；学科：物理；招聘职位：高中物理；招聘人数：1,安徽 滁州明光市,https://www.xduim.com/zw/jszk,,专业：本科：物理学类、天文学类、力学类、电子信息类；研究生：物理学、天文学、力学、电子科学与技术、电子信息、遥感（智能、纳米）科学与技术、学科教学（物理）、课程与教学论（物理方向）
2024,教师,2024安徽教师招考,明光市教育体育局,明光市教育体育局 初中语文,本科及以上,本科：汉语言文学、汉语言、汉语国际教育；研究生：中国语言文学、国际中文教育、学科教学（语文）、课程与教学论（语文方向）,,笔试+面试,,,学段：初级中学；学科：语文；招聘职位：初中语文；招聘人数：4,安徽 滁州明光市,https://www.xduim.com/zw/jszk,,专业：本科：汉语言文学、汉语言、汉语国际教育；研究生：中国语言文学、国际中文教育、学科教学（语文）、课程与教学论（语文方向）
2024,教师,2024安徽教师招考,明光市教育体育局,明光市教育体育局 初中数学,本科及以上,本科：数学类、统计学类；研究生：数学、统计学、学科教学（数学）、课程与教学论（数学方向）,,笔试+面试,,,学段：初级中学；学科：数学；招聘职位：初中数学；招聘人数：3,安徽 滁州明光市,https://www.xduim.com/zw/jszk,,专业：本科：数学类、统计学类；研究生：数学、统计学、学科教学（数学）、课程与教学论（数学方向）
2024,教师,2024安徽教师招考,明光市教育体育局,明光市教育体育局 初中英语,本科及以上,本科：英语、商务英语、翻译（英语方向）；研究生：外国语言文学（英语方向）、翻译（英语方向）、学科教学（英语）、课程与教学论（英语方向）,,笔试+面试,,,学段：初级中学；学科：英语；招聘职位：初中英语；招聘人数：2,安徽 滁州明光市,https://www.xduim.com/zw/jszk,,专业：本科：英语、商务英语、翻译（英语方向）；研究生：外国语言文学（英语方向）、翻译（英语方向）、学科教学（英语）、课程与教学论（英语方向）
2024,教师,2024安徽教师招考,明光市教育体育局,明光市教育体育局 初中物理,本科及以上,本科：物理学类、天文学类、力学类、电子信息类；研究生：物理学、天文学、力学、电子科学与技术、电子信息、遥感（智能、纳米）科学与技术、学科教学（物理）、课程与教学论（物理方向）,,笔试+面试,,,学段：初级中学；学科：物理；招聘职位：初中物理；招聘人数：1,安徽 滁州明光市,https://www.xduim.com/zw/jszk,,专业：本科：物理学类、天文学类、力学类、电子信息类；研究生：物理学、天文学、力学、电子科学与技术、电子信息、遥感（智能、纳米）科学与技术、学科教学（物理）、课程与教学论（物理方向）
2024,教师,2024安徽教师招考,明光市教育体育局,明光市教育体育局 初中地理,本科及以上,本科：地理科学类；研究生：地理学、大气科学、海洋科学、地球物理学、地质学、学科教学（地理）、课程与教学论（地理方向）,,笔试+面试,,,学段：初级中学；学科：地理；招聘职位：初中地理；招聘人数：2,安徽 滁州明光市,https://www.xduim.com/zw/jszk,,专业：本科：地理科学类；研究生：地理学、大气科学、海洋科学、地球物理学、地质学、学科教学（地理）、课程与教学论（地理方向）
2024,教师,2024安徽教师招考,明光市教育体育局,明光市教育体育局 特殊教育,本科及以上,本科：特殊教育、教育康复学、认知科学与技术；研究生：特殊教育学、特殊教育,,笔试+面试,,,学段：初级中学；学科：特殊教育；招聘职位：特殊教育；招聘人数：1,安徽 滁州明光市,https://www.xduim.com/zw/jszk,,专业：本科：特殊教育、教育康复学、认知科学与技术；研究生：特殊教育学、特殊教育
2024,教师,2024安徽教师招考,明光市教育体育局,明光市教育体育局 小学语文A,本科及以上,本科：汉语言文学、汉语言、汉语国际教育、小学教育；研究生：中国语言文学、汉语国际教育、小学教育、学科教学（语文）、课程与教学论（语文方向）,,笔试+面试,,,学段：小学；学科：语文；招聘职位：小学语文A；招聘人数：4,安徽 滁州明光市,https://www.xduim.com/zw/jszk,,专业：本科：汉语言文学、汉语言、汉语国际教育、小学教育；研究生：中国语言文学、汉语国际教育、小学教育、学科教学（语文）、课程与教学论（语文方向）
2024,教师,2024安徽教师招考,明光市教育体育局,明光市教育体育局 小学语文B,本科及以上,专业不限,,笔试+面试,,,学段：小学；学科：语文；招聘职位：小学语文B；招聘人数：1,安徽 滁州明光市,https://www.xduim.com/zw/jszk,,专业：专业不限
2024,教师,2024安徽教师招考,明光市教育体育局,明光市教育体育局 小学数学,本科及以上,本科：数学类、统计学类、小学教育；研究生：数学、统计学、小学教育、学科教学（数学）、课程与教学论（数学方向）。,,笔试+面试,,,学段：小学；学科：数学；招聘职位：小学数学；招聘人数：3,安徽 滁州明光市,https://www.xduim.com/zw/jszk,,专业：本科：数学类、统计学类、小学教育；研究生：数学、统计学、小学教育、学科教学（数学）、课程与教学论（数学方向）。
2024,教师,2024安徽教师招考,明光市教育体育局,明光市教育体育局 小学美术,本科及以上,本科：美术学类、设计学类、戏剧影视美术设计、动画、艺术教育；研究生：美术学、设计学、设计艺术学、艺术设计、学科教学（美术）,,笔试+面试,,,学段：小学；学科：美术；招聘职位：小学美术；招聘人数：1,安徽 滁州明光市,https://www.xduim.com/zw/jszk,,专业：本科：美术学类、设计学类、戏剧影视美术设计、动画、艺术教育；研究生：美术学、设计学、设计艺术学、艺术设计、学科教学（美术）
2024,教师,2024安徽教师招考,明光市教育体育局,明光市教育体育局 小学科学,本科及以上,本科：物理学类、天文学类、化学类、生物科学类、地理科学类、教育学、科学教育、小学教育；研究生：物理学、天文学、化学、生物学、地理学、地质学、教育学、学科教学和课程与教学论上述方向,,笔试+面试,,,学段：小学；学科：科学；招聘职位：小学科学；招聘人数：1,安徽 滁州明光市,https://www.xduim.com/zw/jszk,,专业：本科：物理学类、天文学类、化学类、生物科学类、地理科学类、教育学、科学教育、小学教育；研究生：物理学、天文学、化学、生物学、地理学、地质学、教育学、学科教学和课程与教学论上述方向
2024,教师,2024安徽教师招考,明光市教育体育局,明光市教育体育局 小学体育,本科及以上,本科：体育学类；研究生：体育学、体育、学科教学(体育),,笔试+面试,,,学段：小学；学科：体育；招聘职位：小学体育；招聘人数：4,安徽 滁州明光市,https://www.xduim.com/zw/jszk,,专业：本科：体育学类；研究生：体育学、体育、学科教学(体育)
2024,教师,2024安徽教师招考,明光市教育体育局,明光市教育体育局 心理健康教育,本科及以上,本科：心理学类；研究生：心理学、心理健康教育、应用心理,,笔试+面试,,,学段：小学；学科：心理健康；招聘职位：心理健康教育；招聘人数：1,安徽 滁州明光市,https://www.xduim.com/zw/jszk,,专业：本科：心理学类；研究生：心理学、心理健康教育、应用心理
2023,教师,2023安徽教师招考,明光市教育体育局,明光市教育体育局 初中语文,本科及以上,本科：汉语言文学、汉语言、汉语国际教育；研究生：中国语言文学、汉语国际教育、学科教学(语文)、课程与教学论（语文方向）,,笔试+面试,,,学段：初级中学；学科：语文；招聘职位：初中语文；招聘人数：3,安徽 滁州明光市,https://www.xduim.com/zw/jszk,,专业：本科：汉语言文学、汉语言、汉语国际教育；研究生：中国语言文学、汉语国际教育、学科教学(语文)、课程与教学论（语文方向）
2023,教师,2023安徽教师招考,明光市教育体育局,明光市教育体育局 初中数学,本科及以上,本科：数学类；研究生：数学、学科教学（数学）、课程与教学论（数学方向）,,笔试+面试,,,学段：初级中学；学科：数学；招聘职位：初中数学；招聘人数：3,安徽 滁州明光市,https://www.xduim.com/zw/jszk,,专业：本科：数学类；研究生：数学、学科教学（数学）、课程与教学论（数学方向）
2023,教师,2023安徽教师招考,明光市教育体育局,明光市教育体育局 初中英语,本科及以上,本科：英语、商务英语、翻译；研究生：英语语言文学、翻译（英语方向）、外国语言学及应用语言学、学科教学（英语）、课程与教学论（英语方向）,,笔试+面试,,,学段：初级中学；学科：英语；招聘职位：初中英语；招聘人数：2,安徽 滁州明光市,https://www.xduim.com/zw/jszk,,专业：本科：英语、商务英语、翻译；研究生：英语语言文学、翻译（英语方向）、外国语言学及应用语言学、学科教学（英语）、课程与教学论（英语方向）
2023,教师,2023安徽教师招考,明光市教育体育局,明光市教育体育局 初中物理,本科及以上,本科：物理学类、天文学；研究生：物理学、天文学、学科教学（物理）、课程与教学论（物理方向）,,笔试+面试,,,学段：初级中学；学科：物理；招聘职位：初中物理；招聘人数：1,安徽 滁州明光市,https://www.xduim.com/zw/jszk,,专业：本科：物理学类、天文学；研究生：物理学、天文学、学科教学（物理）、课程与教学论（物理方向）
2023,教师,2023安徽教师招考,明光市教育体育局,明光市教育体育局 初中化学,本科及以上,本科：化学类；研究生：化学、学科教学（化学）、课程与教学论（化学方向）,,笔试+面试,,,学段：初级中学；学科：化学；招聘职位：初中化学；招聘人数：1,安徽 滁州明光市,https://www.xduim.com/zw/jszk,,专业：本科：化学类；研究生：化学、学科教学（化学）、课程与教学论（化学方向）
2023,教师,2023安徽教师招考,明光市教育体育局,明光市教育体育局 初中道德与法治,本科及以上,本科：政治学类、马克思主义理论类、人文教育；研究生：政治学、马克思主义理论、学科教学（思政）、课程与教学论（思政方向）,,笔试+面试,,,学段：初级中学；学科：道德与法治；招聘职位：初中道德与法治；招聘人数：2,安徽 滁州明光市,https://www.xduim.com/zw/jszk,,专业：本科：政治学类、马克思主义理论类、人文教育；研究生：政治学、马克思主义理论、学科教学（思政）、课程与教学论（思政方向）
2023,教师,2023安徽教师招考,明光市教育体育局,明光市教育体育局 初中历史,本科及以上,本科：历史学类、人文教育；研究生：历史学、学科教学（历史）、课程与教学论（历史方向）,,笔试+面试,,,学段：初级中学；学科：历史；招聘职位：初中历史；招聘人数：2,安徽 滁州明光市,https://www.xduim.com/zw/jszk,,专业：本科：历史学类、人文教育；研究生：历史学、学科教学（历史）、课程与教学论（历史方向）
2023,教师,2023安徽教师招考,明光市教育体育局,明光市教育体育局 初中心理健康,本科及以上,本科：心理学类、教育学；研究生：心理学、教育学（一级学科）、心理健康教育、应用心理,,笔试+面试,,,学段：初级中学；学科：心理健康；招聘职位：初中心理健康；招聘人数：1,安徽 滁州明光市,https://www.xduim.com/zw/jszk,,专业：本科：心理学类、教育学；研究生：心理学、教育学（一级学科）、心理健康教育、应用心理
2023,教师,2023安徽教师招考,明光市教育体育局,明光市教育体育局 初中体育,本科及以上,本科：体育学类；研究生：体育学、体育、学科教学(体育),,笔试+面试,,,学段：初级中学；学科：体育；招聘职位：初中体育；招聘人数：1,安徽 滁州明光市,https://www.xduim.com/zw/jszk,,专业：本科：体育学类；研究生：体育学、体育、学科教学(体育)
2023,教师,2023安徽教师招考,明光市教育体育局,明光市教育体育局 小学语文,本科及以上,本科：汉语言文学、汉语言、汉语国际教育、小学教育；研究生：中国语言文学、汉语国际教育、小学教育、学科教学（语文）、课程与教学论（语文方向）,,笔试+面试,,,学段：小学；学科：语文；招聘职位：小学语文；招聘人数：5,安徽 滁州明光市,https://www.xduim.com/zw/jszk,,专业：本科：汉语言文学、汉语言、汉语国际教育、小学教育；研究生：中国语言文学、汉语国际教育、小学教育、学科教学（语文）、课程与教学论（语文方向）
2023,教师,2023安徽教师招考,明光市教育体育局,明光市教育体育局 小学语文,本科及以上,本科：汉语言文学、汉语言、汉语国际教育、小学教育；研究生：中国语言文学、汉语国际教育、小学教育、学科教学（语文）、课程与教学论（语文方向）,,笔试+面试,,,学段：小学；学科：语文；招聘职位：小学语文；招聘人数：1,安徽 滁州明光市,https://www.xduim.com/zw/jszk,,专业：本科：汉语言文学、汉语言、汉语国际教育、小学教育；研究生：中国语言文学、汉语国际教育、小学教育、学科教学（语文）、课程与教学论（语文方向）
2023,教师,2023安徽教师招考,明光市教育体育局,明光市教育体育局 小学数学A,本科及以上,本科：数学类、小学教育；研究生：数学、小学教育、学科教学（数学）、课程与教学论（数学方向）,,笔试+面试,,,学段：小学；学科：数学；招聘职位：小学数学A；招聘人数：3,安徽 滁州明光市,https://www.xduim.com/zw/jszk,,专业：本科：数学类、小学教育；研究生：数学、小学教育、学科教学（数学）、课程与教学论（数学方向）
2023,教师,2023安徽教师招考,明光市教育体育局,明光市教育体育局 小学数学B,本科及以上,本科：数学类、小学教育；研究生：数学、小学教育、学科教学（数学）、课程与教学论（数学方向）,,笔试+面试,,,学段：小学；学科：数学；招聘职位：小学数学B；招聘人数：1,安徽 滁州明光市,https://www.xduim.com/zw/jszk,,专业：本科：数学类、小学教育；研究生：数学、小学教育、学科教学（数学）、课程与教学论（数学方向）
2023,教师,2023安徽教师招考,明光市教育体育局,明光市教育体育局 小学英语,本科及以上,本科：英语、商务英语、翻译、小学教育；研究生：英语语言文学、翻译（英语方向）、外国语言学及应用语言学、小学教育、学科教学（英语）、课程与教学论（英语方向）,,笔试+面试,,,学段：小学；学科：英语；招聘职位：小学英语；招聘人数：1,安徽 滁州明光市,https://www.xduim.com/zw/jszk,,专业：本科：英语、商务英语、翻译、小学教育；研究生：英语语言文学、翻译（英语方向）、外国语言学及应用语言学、小学教育、学科教学（英语）、课程与教学论（英语方向）
2023,教师,2023安徽教师招考,明光市教育体育局,明光市教育体育局 小学音乐,本科及以上,本科：音乐与舞蹈学类、艺术教育；研究生：音乐学、舞蹈学、音乐与舞蹈学、音乐、舞蹈、学科教学（音乐）,,笔试+面试,,,学段：小学；学科：音乐；招聘职位：小学音乐；招聘人数：1,安徽 滁州明光市,https://www.xduim.com/zw/jszk,,专业：本科：音乐与舞蹈学类、艺术教育；研究生：音乐学、舞蹈学、音乐与舞蹈学、音乐、舞蹈、学科教学（音乐）
2023,教师,2023安徽教师招考,明光市教育体育局,明光市教育体育局 小学体育,本科及以上,本科：体育学类；研究生：体育学、体育、学科教学(体育),,笔试+面试,,,学段：小学；学科：体育；招聘职位：小学体育；招聘人数：1,安徽 滁州明光市,https://www.xduim.com/zw/jszk,,专业：本科：体育学类；研究生：体育学、体育、学科教学(体育)
2023,教师,2023安徽教师招考,明光市教育体育局,明光市教育体育局 小学心理健康,本科及以上,本科：心理学类、教育学；研究生：心理学、教育学（一级学科）、心理健康教育、应用心理,,笔试+面试,,,学段：小学；学科：心理健康；招聘职位：小学心理健康；招聘人数：1,安徽 滁州明光市,https://www.xduim.com/zw/jszk,,专业：本科：心理学类、教育学；研究生：心理学、教育学（一级学科）、心理健康教育、应用心理
2023,教师,2023安徽教师招考,杜集区教育局,4001 杜集区教育局 初中语文,本科及以上,本科：中国语言文学类 研究生：中国语言文学类、或其他与岗位学科相近专业,,笔试+面试,,,招聘职位：初中语文；招聘人数：5,安徽 淮北杜集区,https://www.xduim.com/zw/jszk,,专业：本科：中国语言文学类 研究生：中国语言文学类、或其他与岗位学科相近专业
2023,教师,2023安徽教师招考,杜集区教育局,4002 杜集区教育局 初中数学,本科及以上,本科： 数学类 研究生：数学、或其他与岗位学科相近专业,,笔试+面试,,,招聘职位：初中数学；招聘人数：5,安徽 淮北杜集区,https://www.xduim.com/zw/jszk,,专业：本科： 数学类 研究生：数学、或其他与岗位学科相近专业
2023,教师,2023安徽教师招考,杜集区教育局,4003 杜集区教育局 初中英语,本科及以上,本科： 英语、翻译、商务英语 研究生：英语语言文学、或其他与岗位学科相近专业,,笔试+面试,,,招聘职位：初中英语；招聘人数：3,安徽 淮北杜集区,https://www.xduim.com/zw/jszk,,专业：本科： 英语、翻译、商务英语 研究生：英语语言文学、或其他与岗位学科相近专业
2023,教师,2023安徽教师招考,杜集区教育局,4004 杜集区教育局 初中道德与法治,本科及以上,本科：政治学类、马克思主义理论类、人文教育、哲学类 研究生：政治学、马克思主义理论、哲学、或其他与岗位学科相近专业,,笔试+面试,,,招聘职位：初中道德与法治；招聘人数：2,安徽 淮北杜集区,https://www.xduim.com/zw/jszk,,专业：本科：政治学类、马克思主义理论类、人文教育、哲学类 研究生：政治学、马克思主义理论、哲学、或其他与岗位学科相近专业
2023,教师,2023安徽教师招考,杜集区教育局,4005 杜集区教育局 初中历史,本科及以上,本科： 历史学类 研究生：历史学、或其他与岗位学科相近专业,,笔试+面试,,,招聘职位：初中历史；招聘人数：2,安徽 淮北杜集区,https://www.xduim.com/zw/jszk,,专业：本科： 历史学类 研究生：历史学、或其他与岗位学科相近专业
2023,教师,2023安徽教师招考,杜集区教育局,4006 杜集区教育局 初中地理,本科及以上,本科：地理科学类 研究生：地理学类、或其他与岗位学科相近专业,,笔试+面试,,,招聘职位：初中地理；招聘人数：2,安徽 淮北杜集区,https://www.xduim.com/zw/jszk,,专业：本科：地理科学类 研究生：地理学类、或其他与岗位学科相近专业
2023,教师,2023安徽教师招考,杜集区教育局,4007 杜集区教育局 初中物理,本科及以上,本科：物理学类 研究生：物理学、或其他与岗位学科相近专业,,笔试+面试,,,招聘职位：初中物理；招聘人数：2,安徽 淮北杜集区,https://www.xduim.com/zw/jszk,,专业：本科：物理学类 研究生：物理学、或其他与岗位学科相近专业
2023,教师,2023安徽教师招考,杜集区教育局,4008 杜集区教育局 初中生物,本科及以上,本科：生物科学类、生物工程类 研究生：生物学、或其他与岗位学科相近专业,,笔试+面试,,,招聘职位：初中生物；招聘人数：1,安徽 淮北杜集区,https://www.xduim.com/zw/jszk,,专业：本科：生物科学类、生物工程类 研究生：生物学、或其他与岗位学科相近专业
2023,教师,2023安徽教师招考,杜集区教育局,4009 杜集区教育局 初中化学,本科及以上,本科：化学类 研究生：化学 、化学工程与技术、或其他与岗位学科相近专业,,笔试+面试,,,招聘职位：初中化学；招聘人数：1,安徽 淮北杜集区,https://www.xduim.com/zw/jszk,,专业：本科：化学类 研究生：化学 、化学工程与技术、或其他与岗位学科相近专业
2023,教师,2023安徽教师招考,杜集区教育局,4010 杜集区教育局 初中体育,本科及以上,本科：体育学类 研究生：体育学、或其他与岗位学科相近专业,,笔试+面试,,,招聘职位：初中体育；招聘人数：2,安徽 淮北杜集区,https://www.xduim.com/zw/jszk,,专业：本科：体育学类 研究生：体育学、或其他与岗位学科相近专业
2023,教师,2023安徽教师招考,杜集区教育局,4011 杜集区教育局 初中音乐,本科及以上,本科：音乐表演、音乐学 研究生：音乐学、或其他与岗位学科相近专业,,笔试+面试,,,招聘职位：初中音乐；招聘人数：1,安徽 淮北杜集区,https://www.xduim.com/zw/jszk,,专业：本科：音乐表演、音乐学 研究生：音乐学、或其他与岗位学科相近专业
2023,教师,2023安徽教师招考,杜集区教育局,4012 杜集区教育局 初中美术,本科及以上,本科：美术学类、设计学类、戏剧影视美术设计、动画、艺术教育 研究生：美术学、设计艺术学、或其他与岗位学科相近专业,,笔试+面试,,,招聘职位：初中美术；招聘人数：1,安徽 淮北杜集区,https://www.xduim.com/zw/jszk,,专业：本科：美术学类、设计学类、戏剧影视美术设计、动画、艺术教育 研究生：美术学、设计艺术学、或其他与岗位学科相近专业
2023,教师,2023安徽教师招考,杜集区教育局,4013 杜集区教育局 小学语文,专科及以上,专业不限,,笔试+面试,,,招聘职位：小学语文；招聘人数：1,安徽 淮北杜集区,https://www.xduim.com/zw/jszk,,专业：专业不限
2023,教师,2023安徽教师招考,杜集区教育局,4014 杜集区教育局 小学数学,专科及以上,专业不限,,笔试+面试,,,招聘职位：小学数学；招聘人数：1,安徽 淮北杜集区,https://www.xduim.com/zw/jszk,,专业：专业不限
2023,教师,2023安徽教师招考,杜集区教育局,4015 杜集区教育局 小学心理健康教育,专科及以上,专科：心理健康教育 本科：心理学类 研究生：心理学,,笔试+面试,,,招聘职位：小学心理健康教育；招聘人数：1,安徽 淮北杜集区,https://www.xduim.com/zw/jszk,,专业：专科：心理健康教育 本科：心理学类 研究生：心理学
2023,教师,2023安徽教师招考,杜集区教育局,4016 杜集区教育局 小学道德与法治,专科及以上,专科：思想政治教育 本科： 政治学类 、马克思主义理论类 研究生：政治学、马克思主义理论、 或其他与岗位学科相近专业,,笔试+面试,,,招聘职位：小学道德与法治；招聘人数：1,安徽 淮北杜集区,https://www.xduim.com/zw/jszk,,专业：专科：思想政治教育 本科： 政治学类 、马克思主义理论类 研究生：政治学、马克思主义理论、 或其他与岗位学科相近专业
2023,教师,2023安徽教师招考,杜集区教育局,4017 杜集区教育局 小学体育,专科及以上,专科：体育教育、体育类 本科：体育学类 研究生：体育学、或其他与岗位学科相近专业,,笔试+面试,,,招聘职位：小学体育；招聘人数：1,安徽 淮北杜集区,https://www.xduim.com/zw/jszk,,专业：专科：体育教育、体育类 本科：体育学类 研究生：体育学、或其他与岗位学科相近专业
2023,教师,2023安徽教师招考,杜集区教育局,4018 杜集区教育局 小学音乐,专科及以上,专科：音乐教育、音乐表演、艺术教育 本科：音乐表演、音乐学 研究生：音乐学、或其他与岗位学科相近专业,,笔试+面试,,,招聘职位：小学音乐；招聘人数：1,安徽 淮北杜集区,https://www.xduim.com/zw/jszk,,专业：专科：音乐教育、音乐表演、艺术教育 本科：音乐表演、音乐学 研究生：音乐学、或其他与岗位学科相近专业
2023,教师,2023安徽教师招考,杜集区教育局,4019 杜集区教育局 小学美术,专科及以上,专科：美术教育、艺术教育 本科：美术学类、设计学类、戏剧影视美术设计、动画、艺术教育 研究生：美术学、设计艺术学、或其他与岗位学科相近专业,,笔试+面试,,,招聘职位：小学美术；招聘人数：1,安徽 淮北杜集区,https://www.xduim.com/zw/jszk,,专业：专科：美术教育、艺术教育 本科：美术学类、设计学类、戏剧影视美术设计、动画、艺术教育 研究生：美术学、设计艺术学、或其他与岗位学科相近专业
2023,教师,2023安徽教师招考,来安县教育体育局,来安县教育体育局 高中数学,本科及以上,本科：数学与应用数学、数理基础科学；研究生：基础数学、应用数学、计算数学、学科教学（数学）课程与教学论（数学方向）,,笔试+面试,,,学段：高级中学；学科：数学；招聘职位：高中数学；招聘人数：1,安徽 滁州来安县,https://www.xduim.com/zw/jszk,,专业：本科：数学与应用数学、数理基础科学；研究生：基础数学、应用数学、计算数学、学科教学（数学）课程与教学论（数学方向）
2023,教师,2023安徽教师招考,来安县教育体育局,来安县教育体育局 初中语文,本科及以上,本科：汉语言文学、汉语言。 研究生：汉语言文字学、学科教学（语文）、课程与教学论（语文方向）,,笔试+面试,,,学段：初级中学；学科：语文；招聘职位：初中语文；招聘人数：2,安徽 滁州来安县,https://www.xduim.com/zw/jszk,,专业：本科：汉语言文学、汉语言。 研究生：汉语言文字学、学科教学（语文）、课程与教学论（语文方向）
2023,教师,2023安徽教师招考,来安县教育体育局,来安县教育体育局 初中英语,本科及以上,本科：英语； 研究生：英语语言文学、学科教学（英语）、课程与教学论（英语方向）,,笔试+面试,,,学段：初级中学；学科：英语；招聘职位：初中英语；招聘人数：1,安徽 滁州来安县,https://www.xduim.com/zw/jszk,,专业：本科：英语； 研究生：英语语言文学、学科教学（英语）、课程与教学论（英语方向）
2023,教师,2023安徽教师招考,来安县教育体育局,来安县教育体育局 初中道德与法治,本科及以上,本科：政治学与行政学、思想政治教育、马克思主义理论；研究生：政治学、马克思主义理论、学科教学（思政）、课程与教学论（思政方向）,,笔试+面试,,,学段：初级中学；学科：道德与法治；招聘职位：初中道德与法治；招聘人数：1,安徽 滁州来安县,https://www.xduim.com/zw/jszk,,专业：本科：政治学与行政学、思想政治教育、马克思主义理论；研究生：政治学、马克思主义理论、学科教学（思政）、课程与教学论（思政方向）
2023,教师,2023安徽教师招考,来安县教育体育局,来安县教育体育局 小学语文A,本科及以上,专业不限,,笔试+面试,,,学段：小学；学科：语文；招聘职位：小学语文A；招聘人数：1,安徽 滁州来安县,https://www.xduim.com/zw/jszk,,专业：专业不限
2023,教师,2023安徽教师招考,来安县教育体育局,来安县教育体育局 小学语文B,本科及以上,本科：汉语言文学、汉语言、小学教育； 研究生：汉语言文字学、小学教育、学科教学（语文）、课程与教学论（语文方向）,,笔试+面试,,,学段：小学；学科：语文；招聘职位：小学语文B；招聘人数：7,安徽 滁州来安县,https://www.xduim.com/zw/jszk,,专业：本科：汉语言文学、汉语言、小学教育； 研究生：汉语言文字学、小学教育、学科教学（语文）、课程与教学论（语文方向）
2023,教师,2023安徽教师招考,来安县教育体育局,来安县教育体育局 小学数学,本科及以上,本科：数学与应用数学、数理基础科学、小学教育；研究生：基础数学、应用数学、计算数学、学科教学（数学）课程与教学论（数学方向）,,笔试+面试,,,学段：小学；学科：数学；招聘职位：小学数学；招聘人数：6,安徽 滁州来安县,https://www.xduim.com/zw/jszk,,专业：本科：数学与应用数学、数理基础科学、小学教育；研究生：基础数学、应用数学、计算数学、学科教学（数学）课程与教学论（数学方向）
2023,教师,2023安徽教师招考,来安县教育体育局,来安县教育体育局 小学英语,本科及以上,本科：英语、小学教育； 研究生：英语语言文学、小学教育、学科教学（英语）、课程与教学论（英语方向）,,笔试+面试,,,学段：小学；学科：英语；招聘职位：小学英语；招聘人数：1,安徽 滁州来安县,https://www.xduim.com/zw/jszk,,专业：本科：英语、小学教育； 研究生：英语语言文学、小学教育、学科教学（英语）、课程与教学论（英语方向）
2023,教师,2023安徽教师招考,来安县教育体育局,来安县教育体育局 小学音乐,本科及以上,本科：音乐学、艺术教育、音乐表演； 研究生：音乐学、音乐、学科教学（音乐）,,笔试+面试,,,学段：小学；学科：音乐；招聘职位：小学音乐；招聘人数：5,安徽 滁州来安县,https://www.xduim.com/zw/jszk,,专业：本科：音乐学、艺术教育、音乐表演； 研究生：音乐学、音乐、学科教学（音乐）
2023,教师,2023安徽教师招考,来安县教育体育局,来安县教育体育局 小学体育A,本科及以上,本科：体育教育、运动训练、武术与民族传统体育； 研究生：体育学、体育、学科教学(体育),,笔试+面试,,,学段：小学；学科：体育；招聘职位：小学体育A；招聘人数：3,安徽 滁州来安县,https://www.xduim.com/zw/jszk,,专业：本科：体育教育、运动训练、武术与民族传统体育； 研究生：体育学、体育、学科教学(体育)
2023,教师,2023安徽教师招考,来安县教育体育局,来安县教育体育局 小学体育B,本科及以上,专业不限,,笔试+面试,,,学段：小学；学科：体育；招聘职位：小学体育B；招聘人数：1,安徽 滁州来安县,https://www.xduim.com/zw/jszk,,专业：专业不限
2023,教师,2023安徽教师招考,来安县教育体育局,来安县教育体育局 小学美术,本科及以上,本科：美术学、艺术教育、书法学； 研究生：美术学、美术、学科教学（美术）,,笔试+面试,,,学段：小学；学科：美术；招聘职位：小学美术；招聘人数：2,安徽 滁州来安县,https://www.xduim.com/zw/jszk,,专业：本科：美术学、艺术教育、书法学； 研究生：美术学、美术、学科教学（美术）
2023,教师,2023安徽教师招考,枞阳县教育体育局,2023015 枞阳县教育体育局 初中生物,本科及以上,生物类,,笔试+面试,,,学段：初级中学；学科：生物；招聘职位：初中生物；招聘人数：2,安徽 铜陵枞阳县,https://www.xduim.com/zw/jszk,,专业：生物类
2023,教师,2023安徽教师招考,枞阳县教育体育局,2023016 枞阳县教育体育局 初中音乐,本科及以上,艺术学,,笔试+面试,,,学段：初级中学；学科：音乐；招聘职位：初中音乐；招聘人数：2,安徽 铜陵枞阳县,https://www.xduim.com/zw/jszk,,专业：艺术学
2023,教师,2023安徽教师招考,枞阳县教育体育局,2023017 枞阳县教育体育局 初中地理,本科及以上,地理类,,笔试+面试,,,学段：初级中学；学科：地理；招聘职位：初中地理；招聘人数：2,安徽 铜陵枞阳县,https://www.xduim.com/zw/jszk,,专业：地理类
2023,教师,2023安徽教师招考,枞阳县教育体育局,2023018 枞阳县教育体育局 初中心理健康教育,本科及以上,心理学类,,笔试+面试,,,学段：初级中学；学科：心理健康教育；招聘职位：初中心理健康教育；招聘人数：1,安徽 铜陵枞阳县,https://www.xduim.com/zw/jszk,,专业：心理学类
2023,教师,2023安徽教师招考,枞阳县教育体育局,2023019 枞阳县教育体育局 初中化学,本科及以上,化学类,,笔试+面试,,,学段：初级中学；学科：化学；招聘职位：初中化学；招聘人数：2,安徽 铜陵枞阳县,https://www.xduim.com/zw/jszk,,专业：化学类
2023,教师,2023安徽教师招考,枞阳县教育体育局,2023020 枞阳县教育体育局 初中物理,本科及以上,物理类,,笔试+面试,,,学段：初级中学；学科：物理；招聘职位：初中物理；招聘人数：1,安徽 铜陵枞阳县,https://www.xduim.com/zw/jszk,,专业：物理类
2023,教师,2023安徽教师招考,枞阳县教育体育局,2023021 枞阳县教育体育局 初中体育,本科及以上,体育类,,笔试+面试,,,学段：初级中学；学科：体育；招聘职位：初中体育；招聘人数：3,安徽 铜陵枞阳县,https://www.xduim.com/zw/jszk,,专业：体育类
2023,教师,2023安徽教师招考,枞阳县教育体育局,2023022 枞阳县教育体育局 初中美术,本科及以上,艺术学,,笔试+面试,,,学段：初级中学；学科：美术；招聘职位：初中美术；招聘人数：1,安徽 铜陵枞阳县,https://www.xduim.com/zw/jszk,,专业：艺术学
2023,教师,2023安徽教师招考,枞阳县教育体育局,2023023 枞阳县教育体育局 高中物理,本科及以上,物理类,,笔试+面试,,,学段：高级中学；学科：物理；招聘职位：高中物理；招聘人数：1,安徽 铜陵枞阳县,https://www.xduim.com/zw/jszk,,专业：物理类
2023,教师,2023安徽教师招考,枞阳县教育体育局,2023024 枞阳县教育体育局 小学心理健康教育,专科及以上,心理学类,,笔试+面试,,,学段：小学；学科：心理健康教育；招聘职位：小学心理健康教育；招聘人数：1,安徽 铜陵枞阳县,https://www.xduim.com/zw/jszk,,专业：心理学类
2023,教师,2023安徽教师招考,枞阳县教育体育局,2023025 枞阳县教育体育局 小学音乐,专科及以上,专业不限,,笔试+面试,,,学段：小学；学科：音乐；招聘职位：小学音乐；招聘人数：1,安徽 铜陵枞阳县,https://www.xduim.com/zw/jszk,,专业：专业不限
2023,教师,2023安徽教师招考,枞阳县教育体育局,2023026 枞阳县教育体育局 小学美术,专科及以上,专业不限,,笔试+面试,,,学段：小学；学科：美术；招聘职位：小学美术；招聘人数：1,安徽 铜陵枞阳县,https://www.xduim.com/zw/jszk,,专业：专业不限
2023,教师,2023安徽教师招考,枞阳县教育体育局,2023027 枞阳县教育体育局 小学体育,专科及以上,专业不限,,笔试+面试,,,学段：小学；学科：体育；招聘职位：小学体育；招聘人数：2,安徽 铜陵枞阳县,https://www.xduim.com/zw/jszk,,专业：专业不限
2024,教师,2024安徽教师招考,歙县教育局,34102101 歙县教育局 高中政治,本科及以上,本科：哲学专业，逻辑学专业，政治学与行政学专业，政治学、经济学与哲学专业，马克思主义理论类 研究生：法学（一级学科）、政治学（一级学科）、马克思主义理论（一级学科）、学科教学（思政）（专业领域）,,笔试+面试,,,学段：高级中学；招聘职位：高中政治；招聘人数：1,安徽 黄山歙县,https://www.xduim.com/zw/jszk,,专业：本科：哲学专业，逻辑学专业，政治学与行政学专业，政治学、经济学与哲学专业，马克思主义理论类 研究生：法学（一级学科）、政治学（一级学科）、马克思主义理论（一级学科）、学科教学（思政）（专业领域）
2024,教师,2024安徽教师招考,歙县教育局,34102102 歙县教育局 高中历史,本科及以上,本科：历史学专业、世界史专业、考古学专业； 研究生：历史学（一级学科）、学科教学（历史）（专业领域）,,笔试+面试,,,学段：高级中学；招聘职位：高中历史；招聘人数：1,安徽 黄山歙县,https://www.xduim.com/zw/jszk,,专业：本科：历史学专业、世界史专业、考古学专业； 研究生：历史学（一级学科）、学科教学（历史）（专业领域）
2024,教师,2024安徽教师招考,歙县教育局,34102103 歙县教育局 高中物理,本科及以上,本科：物理学专业、应用物理学专业； 研究生：物理学（一级学科）、学科教学（物理）（专业领域）,,笔试+面试,,,学段：高级中学；招聘职位：高中物理；招聘人数：2,安徽 黄山歙县,https://www.xduim.com/zw/jszk,,专业：本科：物理学专业、应用物理学专业； 研究生：物理学（一级学科）、学科教学（物理）（专业领域）
2024,教师,2024安徽教师招考,歙县教育局,34102104 歙县教育局 高中语文,本科及以上,本科：汉语言文学专业、汉语言专业； 研究生：中国语言文学（一级学科）、学科教学（语文）（专业领域）,,笔试+面试,,,学段：高级中学；招聘职位：高中语文；招聘人数：1,安徽 黄山歙县,https://www.xduim.com/zw/jszk,,专业：本科：汉语言文学专业、汉语言专业； 研究生：中国语言文学（一级学科）、学科教学（语文）（专业领域）
2023,教师,2023安徽教师招考,歙县教育局,34102101 歙县教育局 初中语文,本科及以上,本科：汉语言文学专业、汉语言专业、国际汉语教育专业； 研究生：专业不限,,笔试+面试,,,招聘职位：初中语文；招聘人数：2,安徽 黄山歙县,https://www.xduim.com/zw/jszk,,专业：本科：汉语言文学专业、汉语言专业、国际汉语教育专业； 研究生：专业不限
2023,教师,2023安徽教师招考,歙县教育局,34102102 歙县教育局 初中数学,本科及以上,本科：数学与应用数学专业、信息与计算科学专业、数理基础科学专业； 研究生：专业不限,,笔试+面试,,,招聘职位：初中数学；招聘人数：3,安徽 黄山歙县,https://www.xduim.com/zw/jszk,,专业：本科：数学与应用数学专业、信息与计算科学专业、数理基础科学专业； 研究生：专业不限
2023,教师,2023安徽教师招考,歙县教育局,34102103 歙县教育局 初中英语,本科及以上,本科：英语专业； 研究生：专业不限,,笔试+面试,,,招聘职位：初中英语；招聘人数：3,安徽 黄山歙县,https://www.xduim.com/zw/jszk,,专业：本科：英语专业； 研究生：专业不限
2023,教师,2023安徽教师招考,歙县教育局,34102104 歙县教育局 初中道德与法治,本科及以上,本科：思想政治教育专业、政治学与行政学专业、 政治学、经济学与哲学专业； 研究生：专业不限,,笔试+面试,,,招聘职位：初中道德与法治；招聘人数：2,安徽 黄山歙县,https://www.xduim.com/zw/jszk,,专业：本科：思想政治教育专业、政治学与行政学专业、 政治学、经济学与哲学专业； 研究生：专业不限
2023,教师,2023安徽教师招考,歙县教育局,34102105 歙县教育局 初中历史,本科及以上,本科：历史学专业、世界史专业； 研究生：专业不限,,笔试+面试,,,招聘职位：初中历史；招聘人数：1,安徽 黄山歙县,https://www.xduim.com/zw/jszk,,专业：本科：历史学专业、世界史专业； 研究生：专业不限
2023,教师,2023安徽教师招考,歙县教育局,34102106 歙县教育局 初中物理,本科及以上,本科：物理学专业、应用物理学专业； 研究生：专业不限,,笔试+面试,,,招聘职位：初中物理；招聘人数：1,安徽 黄山歙县,https://www.xduim.com/zw/jszk,,专业：本科：物理学专业、应用物理学专业； 研究生：专业不限
2023,教师,2023安徽教师招考,歙县教育局,34102107 歙县教育局 初中信息技术,本科及以上,本科：计算机类； 研究生：专业不限,,笔试+面试,,,招聘职位：初中信息技术；招聘人数：1,安徽 黄山歙县,https://www.xduim.com/zw/jszk,,专业：本科：计算机类； 研究生：专业不限
2023,教师,2023安徽教师招考,歙县教育局,34102108 歙县教育局 小学音乐,本科及以上,本科：音乐表演专业、音乐学专业、舞蹈表演专业、舞蹈学专业、舞蹈编导专业。 研究生：专业不限,,笔试+面试,,,招聘职位：小学音乐；招聘人数：1,安徽 黄山歙县,https://www.xduim.com/zw/jszk,,专业：本科：音乐表演专业、音乐学专业、舞蹈表演专业、舞蹈学专业、舞蹈编导专业。 研究生：专业不限
2023,教师,2023安徽教师招考,歙县教育局,34102109 歙县教育局 小学美术,本科及以上,本科：美术学专业、绘画专业、书法学专业、中国画专业； 研究生：专业不限,,笔试+面试,,,招聘职位：小学美术；招聘人数：2,安徽 黄山歙县,https://www.xduim.com/zw/jszk,,专业：本科：美术学专业、绘画专业、书法学专业、中国画专业； 研究生：专业不限
2023,教师,2023安徽教师招考,歙县教育局,34102110 歙县教育局 小学语文,本科及以上,专业不限,,笔试+面试,,,招聘职位：小学语文；招聘人数：1,安徽 黄山歙县,https://www.xduim.com/zw/jszk,,专业：专业不限
2023,教师,2023安徽教师招考,歙县教育局,34102111 歙县教育局 小学数学,本科及以上,专业不限,,笔试+面试,,,招聘职位：小学数学；招聘人数：1,安徽 黄山歙县,https://www.xduim.com/zw/jszk,,专业：专业不限
2023,教师,2023安徽教师招考,淮南市毛集实验区教育局,340407001001 淮南市毛集实验区教育局 小学语文,专科及以上,专业不限,,笔试+面试,,,学段：小学；学科：语文；招聘职位：小学语文；招聘人数：4,安徽 淮南毛集区,https://www.xduim.com/zw/jszk,,专业：专业不限
2023,教师,2023安徽教师招考,淮南市毛集实验区教育局,340407001002 淮南市毛集实验区教育局 小学数学,专科及以上,专业不限,,笔试+面试,,,学段：小学；学科：数学；招聘职位：小学数学；招聘人数：3,安徽 淮南毛集区,https://www.xduim.com/zw/jszk,,专业：专业不限
2023,教师,2023安徽教师招考,淮南市毛集实验区教育局,340407001003 淮南市毛集实验区教育局 小学英语,专科及以上,专业不限,,笔试+面试,,,学段：小学；学科：英语；招聘职位：小学英语；招聘人数：1,安徽 淮南毛集区,https://www.xduim.com/zw/jszk,,专业：专业不限
2023,教师,2023安徽教师招考,淮南市毛集实验区教育局,340407001004 淮南市毛集实验区教育局 小学体育,专科及以上,专业不限,,笔试+面试,,,学段：小学；学科：体育；招聘职位：小学体育；招聘人数：2,安徽 淮南毛集区,https://www.xduim.com/zw/jszk,,专业：专业不限
2023,教师,2023安徽教师招考,淮南市毛集实验区教育局,340407001005 淮南市毛集实验区教育局 初中语文,本科及以上,汉语言文学、汉语言文学教育、语文教育、汉语言,,笔试+面试,,,学段：初级中学；学科：语文；招聘职位：初中语文；招聘人数：3,安徽 淮南毛集区,https://www.xduim.com/zw/jszk,,专业：汉语言文学、汉语言文学教育、语文教育、汉语言
2023,教师,2023安徽教师招考,淮南市毛集实验区教育局,340407001006 淮南市毛集实验区教育局 初中数学,本科及以上,数学类专业,,笔试+面试,,,学段：初级中学；学科：数学；招聘职位：初中数学；招聘人数：2,安徽 淮南毛集区,https://www.xduim.com/zw/jszk,,专业：数学类专业
2023,教师,2023安徽教师招考,淮南市毛集实验区教育局,340407001007 淮南市毛集实验区教育局 初中英语,本科及以上,英语系列专业,,笔试+面试,,,学段：初级中学；学科：英语；招聘职位：初中英语；招聘人数：2,安徽 淮南毛集区,https://www.xduim.com/zw/jszk,,专业：英语系列专业
2023,教师,2023安徽教师招考,淮南市毛集实验区教育局,340407001008 淮南市毛集实验区教育局 初中体育,本科及以上,体育教育,,笔试+面试,,,学段：初级中学；学科：体育；招聘职位：初中体育；招聘人数：2,安徽 淮南毛集区,https://www.xduim.com/zw/jszk,,专业：体育教育
2023,教师,2023安徽教师招考,淮南市毛集实验区教育局,340407001009 淮南市毛集实验区教育局 初中物理,本科及以上,专业不限,,笔试+面试,,,学段：初级中学；学科：物理；招聘职位：初中物理；招聘人数：1,安徽 淮南毛集区,https://www.xduim.com/zw/jszk,,专业：专业不限
2023,教师,2023安徽教师招考,淮南市毛集实验区教育局,340407001010 淮南市毛集实验区教育局 初中思想政治,本科及以上,政治学类或马克思主义理论类,,笔试+面试,,,学段：初级中学；学科：道德与法治；招聘职位：初中思想政治；招聘人数：1,安徽 淮南毛集区,https://www.xduim.com/zw/jszk,,专业：政治学类或马克思主义理论类
2023,教师,2023安徽教师招考,淮南市毛集实验区教育局,340407001011 淮南市毛集实验区教育局 初中生物,本科及以上,专业不限,,笔试+面试,,,学段：初级中学；学科：生物；招聘职位：初中生物；招聘人数：1,安徽 淮南毛集区,https://www.xduim.com/zw/jszk,,专业：专业不限
2024,教师,2024安徽教师招考,淮南市毛集实验区教育局,340407001001 淮南市毛集实验区教育局 初中语文,本科及以上,中国语言文学类（专业代码前四位为0501）,,笔试+面试,,,学段：初级中学；学科：语文；招聘职位：初中语文；招聘人数：3,安徽 淮南毛集实验区,https://www.xduim.com/zw/jszk,,专业：中国语言文学类（专业代码前四位为0501）
2024,教师,2024安徽教师招考,淮南市毛集实验区教育局,340407001002 淮南市毛集实验区教育局 初中数学,本科及以上,数学类（专业代码前四位为0701）,,笔试+面试,,,学段：初级中学；学科：数学；招聘职位：初中数学；招聘人数：3,安徽 淮南毛集实验区,https://www.xduim.com/zw/jszk,,专业：数学类（专业代码前四位为0701）
2024,教师,2024安徽教师招考,淮南市毛集实验区教育局,340407001003 淮南市毛集实验区教育局 初中体育,本科及以上,体育学类（专业代码前四位为0402）,,笔试+面试,,,学段：初级中学；学科：体育；招聘职位：初中体育；招聘人数：1,安徽 淮南毛集实验区,https://www.xduim.com/zw/jszk,,专业：体育学类（专业代码前四位为0402）
2024,教师,2024安徽教师招考,淮南市毛集实验区教育局,340407001004 淮南市毛集实验区教育局 初中物理,本科及以上,物理学类（专业代码前四位为0702）,,笔试+面试,,,学段：初级中学；学科：物理；招聘职位：初中物理；招聘人数：1,安徽 淮南毛集实验区,https://www.xduim.com/zw/jszk,,专业：物理学类（专业代码前四位为0702）
2024,教师,2024安徽教师招考,淮南市毛集实验区教育局,340407001005 淮南市毛集实验区教育局 小学数学,专科及以上,本科专业不限、专科数学教育类（专业代码为570105K）,,笔试+面试,,,学段：小学；学科：数学；招聘职位：小学数学；招聘人数：2,安徽 淮南毛集实验区,https://www.xduim.com/zw/jszk,,专业：本科专业不限、专科数学教育类（专业代码为570105K）
2023,教师,2023安徽教师招考,池州市第一中学,2023101 池州市第一中学 高中物理,本科及以上,本科：物理学类（0702）； 硕士研究生：物理学（0702）、学科教学（物理045105）,,笔试+面试,,,招聘职位：高中物理；招聘人数：1,安徽 池州市直,https://www.xduim.com/zw/jszk,,专业：本科：物理学类（0702）； 硕士研究生：物理学（0702）、学科教学（物理045105）
2023,教师,2023安徽教师招考,池州市第一中学,2023102 池州市第一中学 高中体育与健康,本科及以上,本科：体育学类（0402）； 硕士研究生：运动人体科学（040302）、体育教育训练学（040303）、学科教学（体育045112）,,笔试+面试,,,招聘职位：高中体育与健康；招聘人数：1,安徽 池州市直,https://www.xduim.com/zw/jszk,,专业：本科：体育学类（0402）； 硕士研究生：运动人体科学（040302）、体育教育训练学（040303）、学科教学（体育045112）
2023,教师,2023安徽教师招考,池州市第十一中学,2023103 池州市第十一中学 初中数学,本科及以上,本科：(070101)数学与应用数学； 研究生：（0701）数学、(045104)学科教学（数学）,,笔试+面试,,,招聘职位：初中数学；招聘人数：2,安徽 池州市直,https://www.xduim.com/zw/jszk,,专业：本科：(070101)数学与应用数学； 研究生：（0701）数学、(045104)学科教学（数学）
2023,教师,2023安徽教师招考,池州市第十一中学,2023104 池州市第十一中学 初中体育与健康,本科及以上,本科：（040201）体育教育、（040202K）运动训练； 研究生：（0402）体育学、（045112）学科教学（体育）,,笔试+面试,,,招聘职位：初中体育与健康；招聘人数：2,安徽 池州市直,https://www.xduim.com/zw/jszk,,专业：本科：（040201）体育教育、（040202K）运动训练； 研究生：（0402）体育学、（045112）学科教学（体育）
2023,教师,2023安徽教师招考,池州市第十一中学,2023105 池州市第十一中学 初中化学,本科及以上,本科：（070301）化学； 研究生：（0703）化学、（040102）课程与教学论（化学）、（045106）学科教学（化学）,,笔试+面试,,,招聘职位：初中化学；招聘人数：1,安徽 池州市直,https://www.xduim.com/zw/jszk,,专业：本科：（070301）化学； 研究生：（0703）化学、（040102）课程与教学论（化学）、（045106）学科教学（化学）
2023,教师,2023安徽教师招考,池州市特殊教育学校,2023106 池州市特殊教育学校 特殊教育,专科及以上,专科：670118K特殊教育； 本科：040108特殊教育、教育康复学040110TK； 研究生：040109特殊教育学,,笔试+面试,,,招聘职位：特殊教育；招聘人数：1,安徽 池州市直,https://www.xduim.com/zw/jszk,,专业：专科：670118K特殊教育； 本科：040108特殊教育、教育康复学040110TK； 研究生：040109特殊教育学
2024,教师,2024安徽教师招考,泗县教体局,泗县教体局 高中语文,本科及以上,中国语言文学类（专业代码 0501）、研究生学历：课程与教学论、学科教学类,,笔试+面试,,,学段：高级中学；学科：语文；招聘职位：高中语文；招聘人数：3,安徽 宿州泗县,https://www.xduim.com/zw/jszk,,专业：中国语言文学类（专业代码 0501）、研究生学历：课程与教学论、学科教学类
2024,教师,2024安徽教师招考,泗县教体局,泗县教体局 高中数学,本科及以上,数学类（专业代码0701），研究生学历：课程与教学论、学科教学类,,笔试+面试,,,学段：高级中学；学科：数学；招聘职位：高中数学；招聘人数：4,安徽 宿州泗县,https://www.xduim.com/zw/jszk,,专业：数学类（专业代码0701），研究生学历：课程与教学论、学科教学类
2024,教师,2024安徽教师招考,泗县教体局,泗县教体局 高中英语,本科及以上,英语（专业代码050201）研研究生学历：课程与教学论、学科教学类,,笔试+面试,,,学段：高级中学；学科：英语；招聘职位：高中英语；招聘人数：2,安徽 宿州泗县,https://www.xduim.com/zw/jszk,,专业：英语（专业代码050201）研研究生学历：课程与教学论、学科教学类
2024,教师,2024安徽教师招考,泗县教体局,泗县教体局 高中物理,本科及以上,本科：物理学类（专业代码0702），研究生学历：课程与教学论、学科教学类,,笔试+面试,,,学段：高级中学；学科：物理；招聘职位：高中物理；招聘人数：5,安徽 宿州泗县,https://www.xduim.com/zw/jszk,,专业：本科：物理学类（专业代码0702），研究生学历：课程与教学论、学科教学类
2024,教师,2024安徽教师招考,泗县教体局,泗县教体局 高中物理,本科及以上,地理科学类（专业代码0705），研究生学历：课程与教学论、学科教学类,,笔试+面试,,,学段：高级中学；学科：地理；招聘职位：高中物理；招聘人数：1,安徽 宿州泗县,https://www.xduim.com/zw/jszk,,专业：地理科学类（专业代码0705），研究生学历：课程与教学论、学科教学类
2024,教师,2024安徽教师招考,泗县教体局,泗县教体局 高中体育与健康,本科及以上,体育学类（专业代码0402），研究生学历：课程与教学论、学科教学类,,笔试+面试,,,学段：高级中学；学科：体育；招聘职位：高中体育与健康；招聘人数：1,安徽 宿州泗县,https://www.xduim.com/zw/jszk,,专业：体育学类（专业代码0402），研究生学历：课程与教学论、学科教学类
2024,教师,2024安徽教师招考,泗县教体局,泗县教体局 高中信息技术,本科及以上,计算机类（专业代码0809）,,笔试+面试,,,学段：高级中学；学科：信息技术；招聘职位：高中信息技术；招聘人数：1,安徽 宿州泗县,https://www.xduim.com/zw/jszk,,专业：计算机类（专业代码0809）
2024,教师,2024安徽教师招考,泗县教体局,泗县教体局 初中语文1,本科及以上,中国语言文学类（专业代码 0501）、研究生学历：课程与教学论、学科教学类,,笔试+面试,,,学段：初级中学；学科：语文；招聘职位：初中语文1；招聘人数：15,安徽 宿州泗县,https://www.xduim.com/zw/jszk,,专业：中国语言文学类（专业代码 0501）、研究生学历：课程与教学论、学科教学类
2024,教师,2024安徽教师招考,泗县教体局,泗县教体局 初中语文2,本科及以上,中国语言文学类（专业代码 0501）、研究生学历：课程与教学论、学科教学类,,笔试+面试,,,学段：初级中学；学科：语文；招聘职位：初中语文2；招聘人数：17,安徽 宿州泗县,https://www.xduim.com/zw/jszk,,专业：中国语言文学类（专业代码 0501）、研究生学历：课程与教学论、学科教学类
2024,教师,2024安徽教师招考,泗县教体局,泗县教体局 初中语文3,本科及以上,中国语言文学类（专业代码 0501）、研究生学历：课程与教学论、学科教学类,,笔试+面试,,,学段：初级中学；学科：语文；招聘职位：初中语文3；招聘人数：14,安徽 宿州泗县,https://www.xduim.com/zw/jszk,,专业：中国语言文学类（专业代码 0501）、研究生学历：课程与教学论、学科教学类
2024,教师,2024安徽教师招考,泗县教体局,泗县教体局 初中数学1,本科及以上,数学类（专业代码0701）统计学类（专业代码0712），研究生学历：课程与教学论、学科教学类,,笔试+面试,,,学段：初级中学；学科：数学；招聘职位：初中数学1；招聘人数：17,安徽 宿州泗县,https://www.xduim.com/zw/jszk,,专业：数学类（专业代码0701）统计学类（专业代码0712），研究生学历：课程与教学论、学科教学类
2024,教师,2024安徽教师招考,泗县教体局,泗县教体局 初中数学2,本科及以上,数学类（专业代码0701）统计学类（专业代码0712），研究生学历：课程与教学论、学科教学类,,笔试+面试,,,学段：初级中学；学科：数学；招聘职位：初中数学2；招聘人数：13,安徽 宿州泗县,https://www.xduim.com/zw/jszk,,专业：数学类（专业代码0701）统计学类（专业代码0712），研究生学历：课程与教学论、学科教学类
2024,教师,2024安徽教师招考,泗县教体局,泗县教体局 初中英语1,本科及以上,外国语言文学类（专业代码050201、050262）研研究生学历：课程与教学论、学科教学类,,笔试+面试,,,学段：初级中学；学科：英语；招聘职位：初中英语1；招聘人数：17,安徽 宿州泗县,https://www.xduim.com/zw/jszk,,专业：外国语言文学类（专业代码050201、050262）研研究生学历：课程与教学论、学科教学类
2024,教师,2024安徽教师招考,泗县教体局,泗县教体局 初中英语2,本科及以上,外国语言文学类（专业代码050201、050262）研究生学历：课程与教学论、学科教学类,,笔试+面试,,,学段：初级中学；学科：英语；招聘职位：初中英语2；招聘人数：17,安徽 宿州泗县,https://www.xduim.com/zw/jszk,,专业：外国语言文学类（专业代码050201、050262）研究生学历：课程与教学论、学科教学类
2024,教师,2024安徽教师招考,泗县教体局,泗县教体局 初中物理,本科及以上,理学门类、工学门类、教育学门类，研究生学历：课程与教学论、学科教学类,,笔试+面试,,,学段：初级中学；学科：物理；招聘职位：初中物理；招聘人数：13,安徽 宿州泗县,https://www.xduim.com/zw/jszk,,专业：理学门类、工学门类、教育学门类，研究生学历：课程与教学论、学科教学类
2024,教师,2024安徽教师招考,泗县教体局,泗县教体局 初中化学,本科及以上,理学门类、工学门类、教育学门类，研究生学历：课程与教学论、学科教学类,,笔试+面试,,,学段：初级中学；学科：化学；招聘职位：初中化学；招聘人数：10,安徽 宿州泗县,https://www.xduim.com/zw/jszk,,专业：理学门类、工学门类、教育学门类，研究生学历：课程与教学论、学科教学类
2024,教师,2024安徽教师招考,泗县教体局,泗县教体局 初中道德与法治1,本科及以上,法学门类、哲学门类、中国语言文学类（专业代码 0501），研究生学历：课程与教学论、学科教学类,,笔试+面试,,,学段：初级中学；学科：道德与法治；招聘职位：初中道德与法治1；招聘人数：12,安徽 宿州泗县,https://www.xduim.com/zw/jszk,,专业：法学门类、哲学门类、中国语言文学类（专业代码 0501），研究生学历：课程与教学论、学科教学类
2024,教师,2024安徽教师招考,泗县教体局,泗县教体局 初中道德与法治2,本科及以上,法学门类、哲学门类、中国语言文学类（专业代码 0501），研究生学历：课程与教学论、学科教学类,,笔试+面试,,,学段：初级中学；学科：道德与法治；招聘职位：初中道德与法治2；招聘人数：12,安徽 宿州泗县,https://www.xduim.com/zw/jszk,,专业：法学门类、哲学门类、中国语言文学类（专业代码 0501），研究生学历：课程与教学论、学科教学类
2024,教师,2024安徽教师招考,泗县教体局,泗县教体局 初中地理,本科及以上,理学门类、工学门类、教育学门类、自然保护与环境生态类（专业代码0902）,,笔试+面试,,,学段：初级中学；学科：地理；招聘职位：初中地理；招聘人数：12,安徽 宿州泗县,https://www.xduim.com/zw/jszk,,专业：理学门类、工学门类、教育学门类、自然保护与环境生态类（专业代码0902）
2024,教师,2024安徽教师招考,泗县教体局,泗县教体局 初中历史1,本科及以上,法学门类、教育学门类、哲学门类、历史学门类、中国语言文学类（专业代码 0501），研究生学历：课程与教学论、学科教学类,,笔试+面试,,,学段：初级中学；学科：历史；招聘职位：初中历史1；招聘人数：13,安徽 宿州泗县,https://www.xduim.com/zw/jszk,,专业：法学门类、教育学门类、哲学门类、历史学门类、中国语言文学类（专业代码 0501），研究生学历：课程与教学论、学科教学类
2023,教师,2023安徽教师招考,泗县教体局,泗县教体局 高中语文,本科及以上,本科：中国语言文学类（专业代码 0501） 研究生：学科教学（语文）,,笔试+面试,,,学段：高级中学；学科：语文；招聘职位：高中语文；招聘人数：1,安徽 宿州泗县,https://www.xduim.com/zw/jszk,,专业：本科：中国语言文学类（专业代码 0501） 研究生：学科教学（语文）
2023,教师,2023安徽教师招考,泗县教体局,泗县教体局 高中数学,本科及以上,本科：数学类（专业代码0701） 研究生：学科教学（数学）,,笔试+面试,,,学段：高级中学；学科：数学；招聘职位：高中数学；招聘人数：1,安徽 宿州泗县,https://www.xduim.com/zw/jszk,,专业：本科：数学类（专业代码0701） 研究生：学科教学（数学）
2023,教师,2023安徽教师招考,泗县教体局,泗县教体局 高中英语,本科及以上,外国语言文学类（专业代码050201、050262） 研究生：学科教学（英语）,,笔试+面试,,,学段：高级中学；学科：英语；招聘职位：高中英语；招聘人数：1,安徽 宿州泗县,https://www.xduim.com/zw/jszk,,专业：外国语言文学类（专业代码050201、050262） 研究生：学科教学（英语）
2023,教师,2023安徽教师招考,泗县教体局,泗县教体局 高中物理,本科及以上,理学门类、力学类（专业代码0801）、机械类（专业代码0802）材料类（专业代码0804）电气类（专业代码0806）、电子信息类（专业代码0807）、自动化类（专业代码0808） 研究生：学科教学（物理）,,笔试+面试,,,学段：高级中学；学科：物理；招聘职位：高中物理；招聘人数：3,安徽 宿州泗县,https://www.xduim.com/zw/jszk,,专业：理学门类、力学类（专业代码0801）、机械类（专业代码0802）材料类（专业代码0804）电气类（专业代码0806）、电子信息类（专业代码0807）、自动化类（专业代码0808） 研究生：学科教学（物理）
2023,教师,2023安徽教师招考,泗县教体局,泗县教体局 高中生物,本科及以上,生物科学类（专业代码0710） 研究生：学科教学（生物）,,笔试+面试,,,学段：高级中学；学科：生物；招聘职位：高中生物；招聘人数：2,安徽 宿州泗县,https://www.xduim.com/zw/jszk,,专业：生物科学类（专业代码0710） 研究生：学科教学（生物）
2023,教师,2023安徽教师招考,泗县教体局,泗县教体局 高中信息技术,本科及以上,计算机类（专业代码0809）,,笔试+面试,,,学段：高级中学；学科：信息技术；招聘职位：高中信息技术；招聘人数：1,安徽 宿州泗县,https://www.xduim.com/zw/jszk,,专业：计算机类（专业代码0809）
2023,教师,2023安徽教师招考,泗县教体局,泗县教体局 初中语文1,本科及以上,中国语言文学类（专业代码 0501）,,笔试+面试,,,学段：初级中学；学科：语文；招聘职位：初中语文1；招聘人数：10,安徽 宿州泗县,https://www.xduim.com/zw/jszk,,专业：中国语言文学类（专业代码 0501）
2023,教师,2023安徽教师招考,泗县教体局,泗县教体局 初中语文2,本科及以上,中国语言文学类（专业代码 0501）,,笔试+面试,,,学段：初级中学；学科：语文；招聘职位：初中语文2；招聘人数：11,安徽 宿州泗县,https://www.xduim.com/zw/jszk,,专业：中国语言文学类（专业代码 0501）
2023,教师,2023安徽教师招考,泗县教体局,泗县教体局 初中数学1,本科及以上,数学类（专业代码0701）统计学类（专业代码0712）,,笔试+面试,,,学段：初级中学；学科：数学；招聘职位：初中数学1；招聘人数：12,安徽 宿州泗县,https://www.xduim.com/zw/jszk,,专业：数学类（专业代码0701）统计学类（专业代码0712）
2023,教师,2023安徽教师招考,泗县教体局,泗县教体局 初中数学2,本科及以上,数学类（专业代码0701）统计学类（专业代码0712）,,笔试+面试,,,学段：初级中学；学科：数学；招聘职位：初中数学2；招聘人数：11,安徽 宿州泗县,https://www.xduim.com/zw/jszk,,专业：数学类（专业代码0701）统计学类（专业代码0712）
2023,教师,2023安徽教师招考,泗县教体局,泗县教体局 初中英语1,本科及以上,外国语言文学类（专业代码050201、050262）,,笔试+面试,,,学段：初级中学；学科：英语；招聘职位：初中英语1；招聘人数：10,安徽 宿州泗县,https://www.xduim.com/zw/jszk,,专业：外国语言文学类（专业代码050201、050262）
2023,教师,2023安徽教师招考,泗县教体局,泗县教体局 初中英语2,本科及以上,外国语言文学类（专业代码050201、050262）,,笔试+面试,,,学段：初级中学；学科：英语；招聘职位：初中英语2；招聘人数：10,安徽 宿州泗县,https://www.xduim.com/zw/jszk,,专业：外国语言文学类（专业代码050201、050262）
2023,教师,2023安徽教师招考,泗县教体局,泗县教体局 初中物理,本科及以上,理学门类、工学门类,,笔试+面试,,,学段：初级中学；学科：物理；招聘职位：初中物理；招聘人数：9,安徽 宿州泗县,https://www.xduim.com/zw/jszk,,专业：理学门类、工学门类
2023,教师,2023安徽教师招考,泗县教体局,泗县教体局 初中化学,本科及以上,理学门类、工学门类,,笔试+面试,,,学段：初级中学；学科：化学；招聘职位：初中化学；招聘人数：10,安徽 宿州泗县,https://www.xduim.com/zw/jszk,,专业：理学门类、工学门类
2023,教师,2023安徽教师招考,泗县教体局,泗县教体局 初中地理,本科及以上,理学门类、工学门类,,笔试+面试,,,学段：初级中学；学科：地理；招聘职位：初中地理；招聘人数：12,安徽 宿州泗县,https://www.xduim.com/zw/jszk,,专业：理学门类、工学门类
2023,教师,2023安徽教师招考,泗县教体局,泗县教体局 初中生物,本科及以上,理学门类、农学门类、生物工程类（专业代码0830）,,笔试+面试,,,学段：初级中学；学科：生物；招聘职位：初中生物；招聘人数：12,安徽 宿州泗县,https://www.xduim.com/zw/jszk,,专业：理学门类、农学门类、生物工程类（专业代码0830）
2023,教师,2023安徽教师招考,泗县教体局,泗县教体局 初中道德与法治,本科及以上,政治学类（专业代码0302）马克思主义理论类（专业代码0305）、中国语言文学类（专业代码 0501）,,笔试+面试,,,学段：初级中学；学科：道德与法治；招聘职位：初中道德与法治；招聘人数：11,安徽 宿州泗县,https://www.xduim.com/zw/jszk,,专业：政治学类（专业代码0302）马克思主义理论类（专业代码0305）、中国语言文学类（专业代码 0501）
2023,教师,2023安徽教师招考,泗县教体局,泗县教体局 初中历史,本科及以上,历史学类（专业代码0601）、中国语言文学类（专业代码 0501）,,笔试+面试,,,学段：初级中学；学科：历史；招聘职位：初中历史；招聘人数：9,安徽 宿州泗县,https://www.xduim.com/zw/jszk,,专业：历史学类（专业代码0601）、中国语言文学类（专业代码 0501）
2023,教师,2023安徽教师招考,泗县教体局,泗县教体局 初中音乐,本科及以上,音乐与舞蹈学类（专业代码1302）戏剧与影视学类（专业代码1303）,,笔试+面试,,,学段：初级中学；学科：音乐；招聘职位：初中音乐；招聘人数：4,安徽 宿州泗县,https://www.xduim.com/zw/jszk,,专业：音乐与舞蹈学类（专业代码1302）戏剧与影视学类（专业代码1303）
2023,教师,2023安徽教师招考,泗县教体局,泗县教体局 初中体育与健康,本科及以上,体育学类（专业代码0402）,,笔试+面试,,,学段：初级中学；学科：体育；招聘职位：初中体育与健康；招聘人数：4,安徽 宿州泗县,https://www.xduim.com/zw/jszk,,专业：体育学类（专业代码0402）
2024,教师,2024安徽教师招考,泾县千亩园学校,10001 泾县千亩园学校,本科及以上,专业不限,,笔试+面试,,,学段：初级中学；学科：物理；招聘人数：1,安徽 宣城泾县,https://www.xduim.com/zw/jszk,,专业：专业不限
2024,教师,2024安徽教师招考,泾县茂林中学,10002 泾县茂林中学,本科及以上,专业不限,,笔试+面试,,,学段：初级中学；学科：历史；招聘人数：1,安徽 宣城泾县,https://www.xduim.com/zw/jszk,,专业：专业不限
2024,教师,2024安徽教师招考,泾县实验小学,10003 泾县实验小学,本科及以上,专业不限,,笔试+面试,,,学段：小学；学科：音乐；招聘人数：1,安徽 宣城泾县,https://www.xduim.com/zw/jszk,,专业：专业不限
2024,教师,2024安徽教师招考,泾县城关第二小学,10004 泾县城关第二小学,本科及以上,专业不限,,笔试+面试,,,学段：小学；学科：美术；招聘人数：1,安徽 宣城泾县,https://www.xduim.com/zw/jszk,,专业：专业不限
2024,教师,2024安徽教师招考,泾县特殊教育学校,10005 泾县特殊教育学校,本科及以上,本科：特殊教育 研究生：特殊教育学、特殊教育,,笔试+面试,,,学段：小学；学科：特教；招聘人数：1,安徽 宣城泾县,https://www.xduim.com/zw/jszk,,专业：本科：特殊教育 研究生：特殊教育学、特殊教育
2024,教师,2024安徽教师招考,城区小学,10006 城区小学,本科及以上,专业不限,,笔试+面试,,,学段：小学；学科：语文；招聘人数：10,安徽 宣城泾县,https://www.xduim.com/zw/jszk,,专业：专业不限
2024,教师,2024安徽教师招考,城区小学,10007 城区小学,本科及以上,专业不限,,笔试+面试,,,学段：小学；学科：数学；招聘人数：8,安徽 宣城泾县,https://www.xduim.com/zw/jszk,,专业：专业不限
2024,教师,2024安徽教师招考,城区小学,10008 城区小学,本科及以上,专业不限,,笔试+面试,,,学段：小学；学科：英语；招聘人数：2,安徽 宣城泾县,https://www.xduim.com/zw/jszk,,专业：专业不限
2024,教师,2024安徽教师招考,城区小学,10009 城区小学,本科及以上,专业不限,,笔试+面试,,,学段：小学；学科：体育；招聘人数：3,安徽 宣城泾县,https://www.xduim.com/zw/jszk,,专业：专业不限
2024,教师,2024安徽教师招考,农村小学,10010 农村小学,本科及以上,专业不限,,笔试+面试,,,学段：小学；学科：数学；招聘人数：3,安徽 宣城泾县,https://www.xduim.com/zw/jszk,,专业：专业不限
2024,教师,2024安徽教师招考,农村小学,10011 农村小学,本科及以上,专业不限,,笔试+面试,,,学段：小学；学科：英语；招聘人数：1,安徽 宣城泾县,https://www.xduim.com/zw/jszk,,专业：专业不限
2024,教师,2024安徽教师招考,泾县泾川幼儿园农村分园,10012 泾县泾川幼儿园农村分园,专科及以上,专科：早期教育、学前教育 本科：学前教育 研究生：专业不限,,笔试+面试,,,学段：幼儿园；学科：幼儿园；招聘人数：8,安徽 宣城泾县,https://www.xduim.com/zw/jszk,,专业：专科：早期教育、学前教育 本科：学前教育 研究生：专业不限
2023,教师,2023安徽教师招考,城区高中,10001 城区高中 高中物理,本科及以上,专业不限,,笔试+面试,,,招聘职位：高中物理；招聘人数：2,安徽 宣城泾县,https://www.xduim.com/zw/jszk,,专业：专业不限
2023,教师,2023安徽教师招考,农村初中,10002 农村初中 初中语文,本科及以上,专业不限,,笔试+面试,,,招聘职位：初中语文；招聘人数：1,安徽 宣城泾县,https://www.xduim.com/zw/jszk,,专业：专业不限
2023,教师,2023安徽教师招考,农村初中,10003 农村初中 初中数学,本科及以上,专业不限,,笔试+面试,,,招聘职位：初中数学；招聘人数：1,安徽 宣城泾县,https://www.xduim.com/zw/jszk,,专业：专业不限
2023,教师,2023安徽教师招考,农村初中,10004 农村初中 初中英语,本科及以上,专业不限,,笔试+面试,,,招聘职位：初中英语；招聘人数：2,安徽 宣城泾县,https://www.xduim.com/zw/jszk,,专业：专业不限
2023,教师,2023安徽教师招考,农村初中,10005 农村初中 初中物理,本科及以上,专业不限,,笔试+面试,,,招聘职位：初中物理；招聘人数：1,安徽 宣城泾县,https://www.xduim.com/zw/jszk,,专业：专业不限
2023,教师,2023安徽教师招考,农村初中,10006 农村初中 初中体育,本科及以上,专业不限,,笔试+面试,,,招聘职位：初中体育；招聘人数：1,安徽 宣城泾县,https://www.xduim.com/zw/jszk,,专业：专业不限
2023,教师,2023安徽教师招考,农村小学,10007 农村小学 小学语文A,本科及以上,专业不限,,笔试+面试,,,招聘职位：小学语文A；招聘人数：8,安徽 宣城泾县,https://www.xduim.com/zw/jszk,,专业：专业不限
2023,教师,2023安徽教师招考,农村小学,10008 农村小学 小学语文B,本科及以上,专业不限,,笔试+面试,,,招聘职位：小学语文B；招聘人数：8,安徽 宣城泾县,https://www.xduim.com/zw/jszk,,专业：专业不限
2023,教师,2023安徽教师招考,农村小学,10009 农村小学 小学数学,本科及以上,专业不限,,笔试+面试,,,招聘职位：小学数学；招聘人数：9,安徽 宣城泾县,https://www.xduim.com/zw/jszk,,专业：专业不限
2023,教师,2023安徽教师招考,农村小学,10010 农村小学 小学英语,本科及以上,专业不限,,笔试+面试,,,招聘职位：小学英语；招聘人数：2,安徽 宣城泾县,https://www.xduim.com/zw/jszk,,专业：专业不限
2023,教师,2023安徽教师招考,农村小学,10011 农村小学 小学体育,本科及以上,专业不限,,笔试+面试,,,招聘职位：小学体育；招聘人数：1,安徽 宣城泾县,https://www.xduim.com/zw/jszk,,专业：专业不限
2023,教师,2023安徽教师招考,泾县特殊教育学校,10012 泾县特殊教育学校 特殊教育,本科及以上,本科：特殊教育（040108） 研究生：特殊教育学(40109)特殊教育(045119),,笔试+面试,,,招聘职位：特殊教育；招聘人数：2,安徽 宣城泾县,https://www.xduim.com/zw/jszk,,专业：本科：特殊教育（040108） 研究生：特殊教育学(40109)特殊教育(045119)
2023,教师,2023安徽教师招考,泾川幼儿园农村分园,10013 泾川幼儿园农村分园 幼儿园,专科及以上,专科专业：学前教育(670102K) 本科专业：学前教育（040106） 研究生专业：专业不限,,笔试+面试,,,招聘职位：幼儿园；招聘人数：9,安徽 宣城泾县,https://www.xduim.com/zw/jszk,,专业：专科专业：学前教育(670102K) 本科专业：学前教育（040106） 研究生专业：专业不限
2023,教师,2023安徽教师招考,涡阳县义正书院高级中学,20230001 涡阳县义正书院高级中学 普通高中语文,本科及以上,本科：中国语言文学类；硕士研究生及以上：专业不限。,,笔试+面试,,,学段：高级中学；学科：语文；招聘职位：普通高中语文；招聘人数：2,安徽 亳州涡阳县,https://www.xduim.com/zw/jszk,,专业：本科：中国语言文学类；硕士研究生及以上：专业不限。
2023,教师,2023安徽教师招考,涡阳县义正书院高级中学,20230002 涡阳县义正书院高级中学 普通高中数学,本科及以上,本科：数学类；硕士研究生及以上：专业不限。,,笔试+面试,,,学段：高级中学；学科：数学；招聘职位：普通高中数学；招聘人数：2,安徽 亳州涡阳县,https://www.xduim.com/zw/jszk,,专业：本科：数学类；硕士研究生及以上：专业不限。
2023,教师,2023安徽教师招考,涡阳县义正书院高级中学,20230003 涡阳县义正书院高级中学 普通高中英语,本科及以上,本科：外国语言文学类；硕士研究生及以上：专业不限。,,笔试+面试,,,学段：高级中学；学科：英语；招聘职位：普通高中英语；招聘人数：2,安徽 亳州涡阳县,https://www.xduim.com/zw/jszk,,专业：本科：外国语言文学类；硕士研究生及以上：专业不限。
2023,教师,2023安徽教师招考,涡阳县义正书院高级中学,20230004 涡阳县义正书院高级中学 普通高中物理,本科及以上,本科：物理学类；硕士研究生及以上：专业不限。,,笔试+面试,,,学段：高级中学；学科：物理；招聘职位：普通高中物理；招聘人数：5,安徽 亳州涡阳县,https://www.xduim.com/zw/jszk,,专业：本科：物理学类；硕士研究生及以上：专业不限。
2023,教师,2023安徽教师招考,涡阳县义正书院高级中学,20230005 涡阳县义正书院高级中学 普通高中化学,本科及以上,本科：化学类；硕士研究生及以上：专业不限。,,笔试+面试,,,学段：高级中学；学科：化学；招聘职位：普通高中化学；招聘人数：2,安徽 亳州涡阳县,https://www.xduim.com/zw/jszk,,专业：本科：化学类；硕士研究生及以上：专业不限。
2023,教师,2023安徽教师招考,涡阳县义正书院高级中学,20230006 涡阳县义正书院高级中学 普通高中生物,本科及以上,本科：生物科学类；硕士研究生及以上：专业不限。,,笔试+面试,,,学段：高级中学；学科：生物；招聘职位：普通高中生物；招聘人数：3,安徽 亳州涡阳县,https://www.xduim.com/zw/jszk,,专业：本科：生物科学类；硕士研究生及以上：专业不限。
2023,教师,2023安徽教师招考,涡阳县义正书院高级中学,20230007 涡阳县义正书院高级中学 普通高中政治,本科及以上,本科：政治学类、马克思主义理论类；硕士研究生及以上：专业不限。,,笔试+面试,,,学段：高级中学；学科：政治；招聘职位：普通高中政治；招聘人数：3,安徽 亳州涡阳县,https://www.xduim.com/zw/jszk,,专业：本科：政治学类、马克思主义理论类；硕士研究生及以上：专业不限。
2023,教师,2023安徽教师招考,涡阳县义正书院高级中学,20230008 涡阳县义正书院高级中学 普通高中历史,本科及以上,本科：历史学类；硕士研究生及以上：专业不限。,,笔试+面试,,,学段：高级中学；学科：历史；招聘职位：普通高中历史；招聘人数：3,安徽 亳州涡阳县,https://www.xduim.com/zw/jszk,,专业：本科：历史学类；硕士研究生及以上：专业不限。
2023,教师,2023安徽教师招考,涡阳县义正书院高级中学,20230009 涡阳县义正书院高级中学 普通高中地理,本科及以上,本科：地理科学类；硕士研究生及以上：专业不限。,,笔试+面试,,,学段：高级中学；学科：地理；招聘职位：普通高中地理；招聘人数：2,安徽 亳州涡阳县,https://www.xduim.com/zw/jszk,,专业：本科：地理科学类；硕士研究生及以上：专业不限。
2023,教师,2023安徽教师招考,涡阳县义正书院高级中学,20230010 涡阳县义正书院高级中学 普通高中心理健康,本科及以上,本科：心理学类；硕士研究生及以上：专业不限。,,笔试+面试,,,学段：高级中学；学科：心理健康；招聘职位：普通高中心理健康；招聘人数：1,安徽 亳州涡阳县,https://www.xduim.com/zw/jszk,,专业：本科：心理学类；硕士研究生及以上：专业不限。
2024,教师,2024安徽教师招考,蚌埠第八中学初中部,4011101 蚌埠第八中学初中部,本科及以上,专业不限,,笔试+面试,,,学段：初级中学；学科：语文；招聘人数：6,安徽 蚌埠淮上区,https://www.xduim.com/zw/jszk,,专业：专业不限
2024,教师,2024安徽教师招考,蚌埠第八中学初中部,4011102 蚌埠第八中学初中部,本科及以上,专业不限,,笔试+面试,,,学段：初级中学；学科：数学；招聘人数：3,安徽 蚌埠淮上区,https://www.xduim.com/zw/jszk,,专业：专业不限
2024,教师,2024安徽教师招考,蚌埠第八中学初中部,4011103 蚌埠第八中学初中部,本科及以上,专业不限,,笔试+面试,,,学段：初级中学；学科：英语；招聘人数：7,安徽 蚌埠淮上区,https://www.xduim.com/zw/jszk,,专业：专业不限
2024,教师,2024安徽教师招考,蚌埠第八中学初中部,4011104 蚌埠第八中学初中部,本科及以上,专业不限,,笔试+面试,,,学段：初级中学；学科：道德与法治；招聘人数：1,安徽 蚌埠淮上区,https://www.xduim.com/zw/jszk,,专业：专业不限
2024,教师,2024安徽教师招考,蚌埠第八中学初中部,4011105 蚌埠第八中学初中部,本科及以上,专业不限,,笔试+面试,,,学段：初级中学；学科：物理；招聘人数：1,安徽 蚌埠淮上区,https://www.xduim.com/zw/jszk,,专业：专业不限
2024,教师,2024安徽教师招考,蚌埠第八中学初中部,4011106 蚌埠第八中学初中部,本科及以上,专业不限,,笔试+面试,,,学段：初级中学；学科：化学；招聘人数：1,安徽 蚌埠淮上区,https://www.xduim.com/zw/jszk,,专业：专业不限
2024,教师,2024安徽教师招考,蚌埠第八中学初中部,4011107 蚌埠第八中学初中部,本科及以上,专业不限,,笔试+面试,,,学段：初级中学；学科：历史；招聘人数：1,安徽 蚌埠淮上区,https://www.xduim.com/zw/jszk,,专业：专业不限
2024,教师,2024安徽教师招考,蚌埠第八中学初中部,4011108 蚌埠第八中学初中部,本科及以上,专业不限,,笔试+面试,,,学段：初级中学；学科：生物；招聘人数：1,安徽 蚌埠淮上区,https://www.xduim.com/zw/jszk,,专业：专业不限
2024,教师,2024安徽教师招考,蚌埠第八中学初中部,4011109 蚌埠第八中学初中部,本科及以上,专业不限,,笔试+面试,,,学段：初级中学；学科：地理；招聘人数：1,安徽 蚌埠淮上区,https://www.xduim.com/zw/jszk,,专业：专业不限
2024,教师,2024安徽教师招考,蚌埠第八中学初中部,4011110 蚌埠第八中学初中部,本科及以上,专业不限,,笔试+面试,,,学段：初级中学；学科：体育；招聘人数：1,安徽 蚌埠淮上区,https://www.xduim.com/zw/jszk,,专业：专业不限
2024,教师,2024安徽教师招考,蚌埠第八中学小学部,4011011 蚌埠第八中学小学部,本科及以上,专业不限,,笔试+面试,,,学段：小学；学科：语文；招聘人数：3,安徽 蚌埠淮上区,https://www.xduim.com/zw/jszk,,专业：专业不限
2024,教师,2024安徽教师招考,蚌埠第八中学小学部,4011012 蚌埠第八中学小学部,本科及以上,专业不限,,笔试+面试,,,学段：小学；学科：数学；招聘人数：3,安徽 蚌埠淮上区,https://www.xduim.com/zw/jszk,,专业：专业不限
2024,教师,2024安徽教师招考,蚌埠第八中学小学部,4011013 蚌埠第八中学小学部,本科及以上,专业不限,,笔试+面试,,,学段：小学；学科：英语；招聘人数：1,安徽 蚌埠淮上区,https://www.xduim.com/zw/jszk,,专业：专业不限
2024,教师,2024安徽教师招考,蚌埠第八中学小学部,4011014 蚌埠第八中学小学部,本科及以上,专业不限,,笔试+面试,,,学段：小学；学科：音乐；招聘人数：1,安徽 蚌埠淮上区,https://www.xduim.com/zw/jszk,,专业：专业不限
2024,教师,2024安徽教师招考,蚌埠第八中学小学部,4011015 蚌埠第八中学小学部,本科及以上,专业不限,,笔试+面试,,,学段：小学；学科：体育；招聘人数：2,安徽 蚌埠淮上区,https://www.xduim.com/zw/jszk,,专业：专业不限
2024,教师,2024安徽教师招考,蚌埠市淮上实验小学,4021016 蚌埠市淮上实验小学,本科及以上,专业不限,,笔试+面试,,,学段：小学；学科：语文；招聘人数：7,安徽 蚌埠淮上区,https://www.xduim.com/zw/jszk,,专业：专业不限
2024,教师,2024安徽教师招考,蚌埠市淮上实验小学,4021017 蚌埠市淮上实验小学,本科及以上,专业不限,,笔试+面试,,,学段：小学；学科：数学；招聘人数：3,安徽 蚌埠淮上区,https://www.xduim.com/zw/jszk,,专业：专业不限
2024,教师,2024安徽教师招考,蚌埠市淮上实验小学,4021018 蚌埠市淮上实验小学,本科及以上,专业不限,,笔试+面试,,,学段：小学；学科：英语；招聘人数：2,安徽 蚌埠淮上区,https://www.xduim.com/zw/jszk,,专业：专业不限
2024,教师,2024安徽教师招考,蚌埠市吴安小学,4031019 蚌埠市吴安小学,本科及以上,专业不限,,笔试+面试,,,学段：小学；学科：语文；招聘人数：5,安徽 蚌埠淮上区,https://www.xduim.com/zw/jszk,,专业：专业不限
2024,教师,2024安徽教师招考,蚌埠市吴安小学,4031020 蚌埠市吴安小学,本科及以上,专业不限,,笔试+面试,,,学段：小学；学科：数学；招聘人数：3,安徽 蚌埠淮上区,https://www.xduim.com/zw/jszk,,专业：专业不限
2023,教师,2023安徽教师招考,八中初中部,2304001 八中初中部,本科及以上,专业不限,,笔试+面试,,,学段：初级中学；学科：语文；招聘人数：11,安徽 蚌埠淮上区,https://www.xduim.com/zw/jszk,,专业：专业不限
2023,教师,2023安徽教师招考,八中初中部,2304002 八中初中部,本科及以上,专业不限,,笔试+面试,,,学段：初级中学；学科：数学；招聘人数：11,安徽 蚌埠淮上区,https://www.xduim.com/zw/jszk,,专业：专业不限
2023,教师,2023安徽教师招考,八中初中部,2304003 八中初中部,本科及以上,专业不限,,笔试+面试,,,学段：初级中学；学科：英语；招聘人数：9,安徽 蚌埠淮上区,https://www.xduim.com/zw/jszk,,专业：专业不限
2023,教师,2023安徽教师招考,八中初中部,2304004 八中初中部,本科及以上,专业不限,,笔试+面试,,,学段：初级中学；学科：物理；招聘人数：3,安徽 蚌埠淮上区,https://www.xduim.com/zw/jszk,,专业：专业不限
2023,教师,2023安徽教师招考,八中初中部,2304005 八中初中部,本科及以上,专业不限,,笔试+面试,,,学段：初级中学；学科：化学；招聘人数：2,安徽 蚌埠淮上区,https://www.xduim.com/zw/jszk,,专业：专业不限
2023,教师,2023安徽教师招考,二十中学,2304006 二十中学,本科及以上,专业不限,,笔试+面试,,,学段：初级中学；学科：语文；招聘人数：3,安徽 蚌埠淮上区,https://www.xduim.com/zw/jszk,,专业：专业不限
2023,教师,2023安徽教师招考,二十中学,2304007 二十中学,本科及以上,专业不限,,笔试+面试,,,学段：初级中学；学科：数学；招聘人数：4,安徽 蚌埠淮上区,https://www.xduim.com/zw/jszk,,专业：专业不限
2023,教师,2023安徽教师招考,二十中学,2304008 二十中学,本科及以上,专业不限,,笔试+面试,,,学段：初级中学；学科：英语；招聘人数：4,安徽 蚌埠淮上区,https://www.xduim.com/zw/jszk,,专业：专业不限
2023,教师,2023安徽教师招考,二十中学,2304009 二十中学,本科及以上,专业不限,,笔试+面试,,,学段：初级中学；学科：道德与法治；招聘人数：1,安徽 蚌埠淮上区,https://www.xduim.com/zw/jszk,,专业：专业不限
2023,教师,2023安徽教师招考,二十中学,2304010 二十中学,本科及以上,专业不限,,笔试+面试,,,学段：初级中学；学科：物理；招聘人数：2,安徽 蚌埠淮上区,https://www.xduim.com/zw/jszk,,专业：专业不限
2023,教师,2023安徽教师招考,二十中学,2304011 二十中学,本科及以上,专业不限,,笔试+面试,,,学段：初级中学；学科：历史；招聘人数：2,安徽 蚌埠淮上区,https://www.xduim.com/zw/jszk,,专业：专业不限
2023,教师,2023安徽教师招考,二十中学,2304012 二十中学,本科及以上,专业不限,,笔试+面试,,,学段：初级中学；学科：生物；招聘人数：1,安徽 蚌埠淮上区,https://www.xduim.com/zw/jszk,,专业：专业不限
2023,教师,2023安徽教师招考,二十中学,2304013 二十中学,本科及以上,专业不限,,笔试+面试,,,学段：初级中学；学科：地理；招聘人数：2,安徽 蚌埠淮上区,https://www.xduim.com/zw/jszk,,专业：专业不限
2023,教师,2023安徽教师招考,曹老集中学,2304014 曹老集中学,本科及以上,专业不限,,笔试+面试,,,学段：初级中学；学科：语文；招聘人数：1,安徽 蚌埠淮上区,https://www.xduim.com/zw/jszk,,专业：专业不限
2023,教师,2023安徽教师招考,曹老集中学,2304015 曹老集中学,本科及以上,专业不限,,笔试+面试,,,学段：初级中学；学科：数学；招聘人数：4,安徽 蚌埠淮上区,https://www.xduim.com/zw/jszk,,专业：专业不限
2023,教师,2023安徽教师招考,曹老集中学,2304016 曹老集中学,本科及以上,专业不限,,笔试+面试,,,学段：初级中学；学科：英语；招聘人数：3,安徽 蚌埠淮上区,https://www.xduim.com/zw/jszk,,专业：专业不限
2023,教师,2023安徽教师招考,曹老集中学,2304017 曹老集中学,本科及以上,专业不限,,笔试+面试,,,学段：初级中学；学科：体育；招聘人数：1,安徽 蚌埠淮上区,https://www.xduim.com/zw/jszk,,专业：专业不限
2023,教师,2023安徽教师招考,十八中学小学部,2304018 十八中学小学部,本科及以上,专业不限,,笔试+面试,,,学段：小学；学科：语文；招聘人数：1,安徽 蚌埠淮上区,https://www.xduim.com/zw/jszk,,专业：专业不限
2023,教师,2023安徽教师招考,十八中学小学部,2304019 十八中学小学部,本科及以上,专业不限,,笔试+面试,,,学段：小学；学科：数学；招聘人数：1,安徽 蚌埠淮上区,https://www.xduim.com/zw/jszk,,专业：专业不限
2023,教师,2023安徽教师招考,十八中学小学部,2304020 十八中学小学部,本科及以上,专业不限,,笔试+面试,,,学段：小学；学科：英语；招聘人数：2,安徽 蚌埠淮上区,https://www.xduim.com/zw/jszk,,专业：专业不限
2024,教师,2024安徽教师招考,淮北市教育局,1001 淮北市教育局 高中语文A,本科及以上,本科：中国语言文学类 研究生：中国语言文学、教育学、或其他与岗位学科一致专业,,笔试+面试,,,学段：高级中学；学科：语文（高级中学）；招聘职位：高中语文A；招聘人数：2,安徽 淮北市直,https://www.xduim.com/zw/jszk,,专业：本科：中国语言文学类 研究生：中国语言文学、教育学、或其他与岗位学科一致专业
2024,教师,2024安徽教师招考,淮北市教育局,1002 淮北市教育局 高中语文B,本科及以上,本科：中国语言文学类 研究生：中国语言文学、教育学、或其他与岗位学科一致专业,,笔试+面试,,,学段：高级中学；学科：语文（高级中学）；招聘职位：高中语文B；招聘人数：1,安徽 淮北市直,https://www.xduim.com/zw/jszk,,专业：本科：中国语言文学类 研究生：中国语言文学、教育学、或其他与岗位学科一致专业
2024,教师,2024安徽教师招考,淮北市教育局,1003 淮北市教育局 高中数学A,本科及以上,本科：数学类 研究生：数学、教育学、或其他与岗位学科一致专业,,笔试+面试,,,学段：高级中学；学科：数学（高级中学）；招聘职位：高中数学A；招聘人数：1,安徽 淮北市直,https://www.xduim.com/zw/jszk,,专业：本科：数学类 研究生：数学、教育学、或其他与岗位学科一致专业
2024,教师,2024安徽教师招考,淮北市教育局,1004 淮北市教育局 高中数学B,本科及以上,本科：数学类 研究生：数学、教育学、或其他与岗位学科一致专业,,笔试+面试,,,学段：高级中学；学科：数学（高级中学）；招聘职位：高中数学B；招聘人数：1,安徽 淮北市直,https://www.xduim.com/zw/jszk,,专业：本科：数学类 研究生：数学、教育学、或其他与岗位学科一致专业
2024,教师,2024安徽教师招考,淮北市教育局,1005 淮北市教育局 高中英语,本科及以上,本科：英语、翻译、商务英语 研究生：英语语言文学、教育学、或其他与岗位学科一致专业,,笔试+面试,,,学段：高级中学；学科：英语（高级中学）；招聘职位：高中英语；招聘人数：2,安徽 淮北市直,https://www.xduim.com/zw/jszk,,专业：本科：英语、翻译、商务英语 研究生：英语语言文学、教育学、或其他与岗位学科一致专业
2024,教师,2024安徽教师招考,淮北市教育局,1006 淮北市教育局 高中物理A,本科及以上,本科：物理学类、天文学类 研究生：物理学、天文学、或其他与岗位学科一致专业,,笔试+面试,,,学段：高级中学；学科：物理（高级中学）；招聘职位：高中物理A；招聘人数：3,安徽 淮北市直,https://www.xduim.com/zw/jszk,,专业：本科：物理学类、天文学类 研究生：物理学、天文学、或其他与岗位学科一致专业
2024,教师,2024安徽教师招考,淮北市教育局,1007 淮北市教育局 高中物理B,本科及以上,本科：物理学类、天文学类 研究生：物理学、天文学、或其他与岗位学科一致专业,,笔试+面试,,,学段：高级中学；学科：数学（高级中学）；招聘职位：高中物理B；招聘人数：1,安徽 淮北市直,https://www.xduim.com/zw/jszk,,专业：本科：物理学类、天文学类 研究生：物理学、天文学、或其他与岗位学科一致专业
2024,教师,2024安徽教师招考,淮北市教育局,1008 淮北市教育局 高中化学A,本科及以上,本科：化学类 研究生：化学、或其他与岗位学科一致专业,,笔试+面试,,,学段：高级中学；学科：化学（高级中学）；招聘职位：高中化学A；招聘人数：3,安徽 淮北市直,https://www.xduim.com/zw/jszk,,专业：本科：化学类 研究生：化学、或其他与岗位学科一致专业
2024,教师,2024安徽教师招考,淮北市教育局,1009 淮北市教育局 高中化学B,本科及以上,本科：化学类 研究生：化学、或其他与岗位学科一致专业,,笔试+面试,,,学段：高级中学；学科：化学（高级中学）；招聘职位：高中化学B；招聘人数：1,安徽 淮北市直,https://www.xduim.com/zw/jszk,,专业：本科：化学类 研究生：化学、或其他与岗位学科一致专业
2024,教师,2024安徽教师招考,淮北市教育局,1010 淮北市教育局 高中生物,本科及以上,本科：生物科学类 研究生：生物学、或其他与岗位学科一致专业,,笔试+面试,,,学段：高级中学；学科：生物（高级中学）；招聘职位：高中生物；招聘人数：1,安徽 淮北市直,https://www.xduim.com/zw/jszk,,专业：本科：生物科学类 研究生：生物学、或其他与岗位学科一致专业
2024,教师,2024安徽教师招考,淮北市教育局,1011 淮北市教育局 高中历史,本科及以上,本科：历史学类、人文教育 研究生：历史学、教育学、或其他与岗位学科一致专业,,笔试+面试,,,学段：高级中学；学科：历史（高级中学）；招聘职位：高中历史；招聘人数：1,安徽 淮北市直,https://www.xduim.com/zw/jszk,,专业：本科：历史学类、人文教育 研究生：历史学、教育学、或其他与岗位学科一致专业
2024,教师,2024安徽教师招考,淮北市教育局,1012 淮北市教育局 高中地理A,本科及以上,本科：地理科学类、地质学类 研究生：地理学、地质学、地球物理学、或其他与岗位学科一致专业,,笔试+面试,,,学段：高级中学；学科：地理（高级中学）；招聘职位：高中地理A；招聘人数：1,安徽 淮北市直,https://www.xduim.com/zw/jszk,,专业：本科：地理科学类、地质学类 研究生：地理学、地质学、地球物理学、或其他与岗位学科一致专业
2024,教师,2024安徽教师招考,淮北市教育局,1013 淮北市教育局 高中地理B,本科及以上,本科：地理科学类、地质学类 研究生：地理学、地质学、地球物理学、或其他与岗位学科一致专业,,笔试+面试,,,学段：高级中学；学科：地理（高级中学）；招聘职位：高中地理B；招聘人数：1,安徽 淮北市直,https://www.xduim.com/zw/jszk,,专业：本科：地理科学类、地质学类 研究生：地理学、地质学、地球物理学、或其他与岗位学科一致专业
2024,教师,2024安徽教师招考,淮北市教育局,1014 淮北市教育局 高中体育,本科及以上,本科：体育学类 研究生：体育学、或其他与岗位学科一致专业,,笔试+面试,,,学段：高级中学；学科：体育（高级中学）；招聘职位：高中体育；招聘人数：1,安徽 淮北市直,https://www.xduim.com/zw/jszk,,专业：本科：体育学类 研究生：体育学、或其他与岗位学科一致专业
2024,教师,2024安徽教师招考,淮北市教育局,1015 淮北市教育局 高中心理健康,本科及以上,本科：心理学类 研究生：心理学,,笔试+面试,,,学段：高级中学；学科：心理健康（高级中学）；招聘职位：高中心理健康；招聘人数：1,安徽 淮北市直,https://www.xduim.com/zw/jszk,,专业：本科：心理学类 研究生：心理学
2024,教师,2024安徽教师招考,淮北市教育局,1016 淮北市教育局 初中语文A,本科及以上,本科：中国语言文学类 研究生：中国语言文学、教育学、或其他与岗位学科一致专业,,笔试+面试,,,学段：初级中学；学科：语文(初级中学)；招聘职位：初中语文A；招聘人数：2,安徽 淮北市直,https://www.xduim.com/zw/jszk,,专业：本科：中国语言文学类 研究生：中国语言文学、教育学、或其他与岗位学科一致专业
2024,教师,2024安徽教师招考,淮北市教育局,1017 淮北市教育局 初中语文B,本科及以上,本科：中国语言文学类 研究生：中国语言文学、教育学、或其他与岗位学科一致专业,,笔试+面试,,,学段：初级中学；学科：语文(初级中学)；招聘职位：初中语文B；招聘人数：1,安徽 淮北市直,https://www.xduim.com/zw/jszk,,专业：本科：中国语言文学类 研究生：中国语言文学、教育学、或其他与岗位学科一致专业
2024,教师,2024安徽教师招考,淮北市教育局,1018 淮北市教育局 初中语文C,本科及以上,本科：中国语言文学类 研究生：中国语言文学、教育学、或其他与岗位学科一致专业,,笔试+面试,,,学段：初级中学；学科：语文(初级中学)；招聘职位：初中语文C；招聘人数：1,安徽 淮北市直,https://www.xduim.com/zw/jszk,,专业：本科：中国语言文学类 研究生：中国语言文学、教育学、或其他与岗位学科一致专业
2024,教师,2024安徽教师招考,淮北市教育局,1019 淮北市教育局 初中数学,本科及以上,本科：数学类 研究生：数学、教育学、或其他与岗位学科一致专业,,笔试+面试,,,学段：初级中学；学科：数学(初级中学)；招聘职位：初中数学；招聘人数：3,安徽 淮北市直,https://www.xduim.com/zw/jszk,,专业：本科：数学类 研究生：数学、教育学、或其他与岗位学科一致专业
2024,教师,2024安徽教师招考,淮北市教育局,1020 淮北市教育局 初中英语A,本科及以上,本科：英语、翻译、商务英语 研究生：英语语言文学、教育学、或其他与岗位学科一致专业,,笔试+面试,,,学段：初级中学；学科：英语(初级中学)；招聘职位：初中英语A；招聘人数：5,安徽 淮北市直,https://www.xduim.com/zw/jszk,,专业：本科：英语、翻译、商务英语 研究生：英语语言文学、教育学、或其他与岗位学科一致专业
2023,教师,2023安徽教师招考,淮北市教育局,1001 淮北市教育局 小学语文A,专科及以上,专业不限,,笔试+面试,,,招聘职位：小学语文A；招聘人数：10,安徽 淮北市直,https://www.xduim.com/zw/jszk,,专业：专业不限
2023,教师,2023安徽教师招考,淮北市教育局,1002 淮北市教育局 小学语文B,专科及以上,专业不限,,笔试+面试,,,招聘职位：小学语文B；招聘人数：9,安徽 淮北市直,https://www.xduim.com/zw/jszk,,专业：专业不限
2023,教师,2023安徽教师招考,淮北市教育局,1003 淮北市教育局 小学语文C,专科及以上,专业不限,,笔试+面试,,,招聘职位：小学语文C；招聘人数：10,安徽 淮北市直,https://www.xduim.com/zw/jszk,,专业：专业不限
2023,教师,2023安徽教师招考,淮北市教育局,1004 淮北市教育局 小学语文D,专科及以上,专业不限,,笔试+面试,,,招聘职位：小学语文D；招聘人数：8,安徽 淮北市直,https://www.xduim.com/zw/jszk,,专业：专业不限
2023,教师,2023安徽教师招考,淮北市教育局,1005 淮北市教育局 小学数学A,专科及以上,专业不限,,笔试+面试,,,招聘职位：小学数学A；招聘人数：4,安徽 淮北市直,https://www.xduim.com/zw/jszk,,专业：专业不限
2023,教师,2023安徽教师招考,淮北市教育局,1006 淮北市教育局 小学数学B,专科及以上,专业不限,,笔试+面试,,,招聘职位：小学数学B；招聘人数：5,安徽 淮北市直,https://www.xduim.com/zw/jszk,,专业：专业不限
2023,教师,2023安徽教师招考,淮北市教育局,1007 淮北市教育局 小学数学C,专科及以上,专业不限,,笔试+面试,,,招聘职位：小学数学C；招聘人数：3,安徽 淮北市直,https://www.xduim.com/zw/jszk,,专业：专业不限
2023,教师,2023安徽教师招考,淮北市教育局,1008 淮北市教育局 小学英语,专科及以上,专业不限,,笔试+面试,,,招聘职位：小学英语；招聘人数：8,安徽 淮北市直,https://www.xduim.com/zw/jszk,,专业：专业不限
2023,教师,2023安徽教师招考,淮北市教育局,1009 淮北市教育局 小学道德与法治,专科及以上,专业不限,,笔试+面试,,,招聘职位：小学道德与法治；招聘人数：3,安徽 淮北市直,https://www.xduim.com/zw/jszk,,专业：专业不限
2023,教师,2023安徽教师招考,淮北市教育局,1010 淮北市教育局 小学科学,专科及以上,专业不限,,笔试+面试,,,招聘职位：小学科学；招聘人数：3,安徽 淮北市直,https://www.xduim.com/zw/jszk,,专业：专业不限
2023,教师,2023安徽教师招考,淮北市教育局,1011 淮北市教育局 小学心理健康教育,专科及以上,专科：心理健康教育 本科：心理学类 研究生：心理学,,笔试+面试,,,招聘职位：小学心理健康教育；招聘人数：4,安徽 淮北市直,https://www.xduim.com/zw/jszk,,专业：专科：心理健康教育 本科：心理学类 研究生：心理学
2023,教师,2023安徽教师招考,淮北市教育局,1012 淮北市教育局 小学音乐,专科及以上,专科：音乐教育、音乐表演、艺术教育 本科：音乐表演、音乐学 研究生：音乐学、或其他与岗位学科相近专业,,笔试+面试,,,招聘职位：小学音乐；招聘人数：2,安徽 淮北市直,https://www.xduim.com/zw/jszk,,专业：专科：音乐教育、音乐表演、艺术教育 本科：音乐表演、音乐学 研究生：音乐学、或其他与岗位学科相近专业
2023,教师,2023安徽教师招考,淮北市教育局,1013 淮北市教育局 小学体育,专科及以上,专科：体育教育、体育类 本科：体育学类 研究生：体育学、或其他与岗位学科相近专业,,笔试+面试,,,招聘职位：小学体育；招聘人数：4,安徽 淮北市直,https://www.xduim.com/zw/jszk,,专业：专科：体育教育、体育类 本科：体育学类 研究生：体育学、或其他与岗位学科相近专业
2023,教师,2023安徽教师招考,淮北市教育局,1014 淮北市教育局 小学美术,专科及以上,专科：美术教育、艺术教育 本科：美术学类、设计学类、戏剧影视美术设计、动画、艺术教育 研究生：美术学、设计艺术学、或其他与岗位学科相近专业,,笔试+面试,,,招聘职位：小学美术；招聘人数：1,安徽 淮北市直,https://www.xduim.com/zw/jszk,,专业：专科：美术教育、艺术教育 本科：美术学类、设计学类、戏剧影视美术设计、动画、艺术教育 研究生：美术学、设计艺术学、或其他与岗位学科相近专业
2023,教师,2023安徽教师招考,淮北市教育局,1015 淮北市教育局 小学信息技术,专科及以上,专科：现代教育技术、计算机类 本科：教育技术学、计算机类 研究生：计算机科学与技术、教育技术学、或其他与岗位学科相近专业,,笔试+面试,,,招聘职位：小学信息技术；招聘人数：1,安徽 淮北市直,https://www.xduim.com/zw/jszk,,专业：专科：现代教育技术、计算机类 本科：教育技术学、计算机类 研究生：计算机科学与技术、教育技术学、或其他与岗位学科相近专业
2023,教师,2023安徽教师招考,淮北市教育局,1016 淮北市教育局 初中语文,本科及以上,本科：中国语言文学类 研究生：中国语言文学、教育学、或其他与岗位学科相近专业,,笔试+面试,,,招聘职位：初中语文；招聘人数：2,安徽 淮北市直,https://www.xduim.com/zw/jszk,,专业：本科：中国语言文学类 研究生：中国语言文学、教育学、或其他与岗位学科相近专业
2023,教师,2023安徽教师招考,淮北市教育局,1017 淮北市教育局 初中数学,本科及以上,本科：数学类 研究生：数学、教育学、或其他与岗位学科相近专业,,笔试+面试,,,招聘职位：初中数学；招聘人数：3,安徽 淮北市直,https://www.xduim.com/zw/jszk,,专业：本科：数学类 研究生：数学、教育学、或其他与岗位学科相近专业
2023,教师,2023安徽教师招考,淮北市教育局,1018 淮北市教育局 初中英语,本科及以上,本科：英语、翻译、商务英语 研究生：英语语言文学、教育学、或其他与岗位学科相近专业,,笔试+面试,,,招聘职位：初中英语；招聘人数：2,安徽 淮北市直,https://www.xduim.com/zw/jszk,,专业：本科：英语、翻译、商务英语 研究生：英语语言文学、教育学、或其他与岗位学科相近专业
2023,教师,2023安徽教师招考,淮北市教育局,1019 淮北市教育局 初中历史,本科及以上,本科：历史学类、人文教育 研究生：历史学、教育学、或其他与岗位学科相近专业,,笔试+面试,,,招聘职位：初中历史；招聘人数：2,安徽 淮北市直,https://www.xduim.com/zw/jszk,,专业：本科：历史学类、人文教育 研究生：历史学、教育学、或其他与岗位学科相近专业
2023,教师,2023安徽教师招考,淮北市教育局,1020 淮北市教育局 初中地理,本科及以上,本科：地理科学类 研究生：地理学类、教育学、或其他与岗位学科相近专业,,笔试+面试,,,招聘职位：初中地理；招聘人数：2,安徽 淮北市直,https://www.xduim.com/zw/jszk,,专业：本科：地理科学类 研究生：地理学类、教育学、或其他与岗位学科相近专业
2024,教师,2024安徽教师招考,淮南第一中学,340401001001 淮南第一中学 高中物理,本科及以上,物理类专业代码前四位为0702,,笔试+面试,,,学段：高级中学；学科：物理；招聘职位：高中物理；招聘人数：1,安徽 淮南市直,https://www.xduim.com/zw/jszk,,专业：物理类专业代码前四位为0702
2024,教师,2024安徽教师招考,淮师附小山南第十三、十四小学,340401002001 淮师附小山南第十三、十四小学 小学语文,本科及以上,中国语言文学类专业代码前四位为0501、小学教育语文方向040107,,笔试+面试,,,学段：小学；学科：语文；招聘职位：小学语文；招聘人数：11,安徽 淮南市直,https://www.xduim.com/zw/jszk,,专业：中国语言文学类专业代码前四位为0501、小学教育语文方向040107
2024,教师,2024安徽教师招考,淮师附小山南第十三、十四小学,340401002002 淮师附小山南第十三、十四小学 小学数学,本科及以上,数学类专业代码前四位为0701、小学教育数学方向040107,,笔试+面试,,,学段：小学；学科：数学；招聘职位：小学数学；招聘人数：7,安徽 淮南市直,https://www.xduim.com/zw/jszk,,专业：数学类专业代码前四位为0701、小学教育数学方向040107
2024,教师,2024安徽教师招考,淮师附小山南第十五小学,340401003001 淮师附小山南第十五小学 小学语文,本科及以上,中国语言文学类0501、小学教育语文方向040107,,笔试+面试,,,学段：小学；学科：语文；招聘职位：小学语文；招聘人数：4,安徽 淮南市直,https://www.xduim.com/zw/jszk,,专业：中国语言文学类0501、小学教育语文方向040107
2024,教师,2024安徽教师招考,淮师附小山南第十五小学,340401003002 淮师附小山南第十五小学 小学数学,本科及以上,数学类0701、小学教育数学方向040107,,笔试+面试,,,学段：小学；学科：数学；招聘职位：小学数学；招聘人数：3,安徽 淮南市直,https://www.xduim.com/zw/jszk,,专业：数学类0701、小学教育数学方向040107
2024,教师,2024安徽教师招考,淮师附小山南第十五小学,340401003003 淮师附小山南第十五小学 小学音乐,本科及以上,音乐与舞蹈学类1302,,笔试+面试,,,学段：小学；学科：音乐；招聘职位：小学音乐；招聘人数：1,安徽 淮南市直,https://www.xduim.com/zw/jszk,,专业：音乐与舞蹈学类1302
2024,教师,2024安徽教师招考,淮师附小山南第十五小学,340401003004 淮师附小山南第十五小学 小学体育,本科及以上,体育学类0402,,笔试+面试,,,学段：小学；学科：体育；招聘职位：小学体育；招聘人数：1,安徽 淮南市直,https://www.xduim.com/zw/jszk,,专业：体育学类0402
2024,教师,2024安徽教师招考,淮师附小山南第十五小学,340401003005 淮师附小山南第十五小学 小学美术,本科及以上,美术学类1304,,笔试+面试,,,学段：小学；学科：美术；招聘职位：小学美术；招聘人数：1,安徽 淮南市直,https://www.xduim.com/zw/jszk,,专业：美术学类1304
2024,教师,2024安徽教师招考,淮师附小山南第十六小学,340401004001 淮师附小山南第十六小学 小学语文,本科及以上,中国语言文学类专业代码前四位为0501、小学教育语文方向040107,,笔试+面试,,,学段：小学；学科：语文；招聘职位：小学语文；招聘人数：2,安徽 淮南市直,https://www.xduim.com/zw/jszk,,专业：中国语言文学类专业代码前四位为0501、小学教育语文方向040107
2024,教师,2024安徽教师招考,淮师附小山南第十六小学,340401004002 淮师附小山南第十六小学 小学科学,本科及以上,物理学类专业代码前四位为0702、化学类专业代码前四位为0703,,笔试+面试,,,学段：小学；学科：科学；招聘职位：小学科学；招聘人数：1,安徽 淮南市直,https://www.xduim.com/zw/jszk,,专业：物理学类专业代码前四位为0702、化学类专业代码前四位为0703
2024,教师,2024安徽教师招考,淮南第十九中学,340401005001 淮南第十九中学 小学语文,本科及以上,中国语言文学类（专业代码前四位为0501）、 小学教育语文方向（专业代码为040107）,,笔试+面试,,,学段：小学；学科：语文；招聘职位：小学语文；招聘人数：2,安徽 淮南市直,https://www.xduim.com/zw/jszk,,专业：中国语言文学类（专业代码前四位为0501）、 小学教育语文方向（专业代码为040107）
2024,教师,2024安徽教师招考,淮南第二十中学,340401006001 淮南第二十中学 初中化学,本科及以上,化学类专业代码前四位为0703,,笔试+面试,,,学段：初级中学；学科：化学；招聘职位：初中化学；招聘人数：1,安徽 淮南市直,https://www.xduim.com/zw/jszk,,专业：化学类专业代码前四位为0703
2024,教师,2024安徽教师招考,淮南第二十一中学,340401007001 淮南第二十一中学 高中语文,本科及以上,中国语言文学类（专业代码前四位为0501）,,笔试+面试,,,学段：高级中学；学科：语文；招聘职位：高中语文；招聘人数：1,安徽 淮南市直,https://www.xduim.com/zw/jszk,,专业：中国语言文学类（专业代码前四位为0501）
2024,教师,2024安徽教师招考,淮南第二十一中学,340401007002 淮南第二十一中学 高中政治,本科及以上,政治学类（专业代码前四位为0302） 马克思主义理论类（专业代码前四位为0305）,,笔试+面试,,,学段：高级中学；学科：政治；招聘职位：高中政治；招聘人数：1,安徽 淮南市直,https://www.xduim.com/zw/jszk,,专业：政治学类（专业代码前四位为0302） 马克思主义理论类（专业代码前四位为0305）
2024,教师,2024安徽教师招考,淮南第二十六中学,340401008001 淮南第二十六中学 高中生物,本科及以上,生物科学类（专业代码前四位0710）,,笔试+面试,,,学段：高级中学；学科：生物；招聘职位：高中生物；招聘人数：1,安徽 淮南市直,https://www.xduim.com/zw/jszk,,专业：生物科学类（专业代码前四位0710）
2024,教师,2024安徽教师招考,淮南第二十六中学,340401008002 淮南第二十六中学 高中语文,本科及以上,中国语言文学类（专业代码前四位为0501）,,笔试+面试,,,学段：高级中学；学科：语文；招聘职位：高中语文；招聘人数：1,安徽 淮南市直,https://www.xduim.com/zw/jszk,,专业：中国语言文学类（专业代码前四位为0501）
2024,教师,2024安徽教师招考,淮南第二十八中学,340401009001 淮南第二十八中学 高中语文,本科及以上,中国语言文学类（专业代码前四位为0501）,,笔试+面试,,,学段：高级中学；学科：语文；招聘职位：高中语文；招聘人数：1,安徽 淮南市直,https://www.xduim.com/zw/jszk,,专业：中国语言文学类（专业代码前四位为0501）
2024,教师,2024安徽教师招考,淮南第二十八中学,340401009002 淮南第二十八中学 高中数学,本科及以上,数学类（专业代码前四位为0701）,,笔试+面试,,,学段：高级中学；学科：数学；招聘职位：高中数学；招聘人数：1,安徽 淮南市直,https://www.xduim.com/zw/jszk,,专业：数学类（专业代码前四位为0701）
2024,教师,2024安徽教师招考,淮南第二十八中学,340401009003 淮南第二十八中学 高中地理,本科及以上,地理科学类（专业代码前四位为0705）,,笔试+面试,,,学段：高级中学；学科：地理；招聘职位：高中地理；招聘人数：1,安徽 淮南市直,https://www.xduim.com/zw/jszk,,专业：地理科学类（专业代码前四位为0705）
2024,教师,2024安徽教师招考,淮南第二十八中学,340401009004 淮南第二十八中学 高中物理,本科及以上,物理学类（专业代码前四位为0702）,,笔试+面试,,,学段：高级中学；学科：物理；招聘职位：高中物理；招聘人数：1,安徽 淮南市直,https://www.xduim.com/zw/jszk,,专业：物理学类（专业代码前四位为0702）
2023,教师,2023安徽教师招考,淮南九中,340401001001 淮南九中 高中语文,本科及以上,中国语言文学类（专业代码前四位为0501）,,笔试+面试,,,学段：高级中学；学科：语文；招聘职位：高中语文；招聘人数：1,安徽 淮南市直,https://www.xduim.com/zw/jszk,,专业：中国语言文学类（专业代码前四位为0501）
2023,教师,2023安徽教师招考,淮南九中,340401001002 淮南九中 高中数学,本科及以上,数学类（专业代码前四位为0701）,,笔试+面试,,,学段：高级中学；学科：数学；招聘职位：高中数学；招聘人数：1,安徽 淮南市直,https://www.xduim.com/zw/jszk,,专业：数学类（专业代码前四位为0701）
2023,教师,2023安徽教师招考,淮南第二十中学,340401002001 淮南第二十中学 初中语文,本科及以上,中国语言文学类（专业代码前四位为0501）,,笔试+面试,,,学段：初级中学；学科：语文；招聘职位：初中语文；招聘人数：3,安徽 淮南市直,https://www.xduim.com/zw/jszk,,专业：中国语言文学类（专业代码前四位为0501）
2023,教师,2023安徽教师招考,淮南第二十中学,340401002002 淮南第二十中学 初中数学,本科及以上,数学类（专业代码前四位为0701）,,笔试+面试,,,学段：初级中学；学科：数学；招聘职位：初中数学；招聘人数：2,安徽 淮南市直,https://www.xduim.com/zw/jszk,,专业：数学类（专业代码前四位为0701）
2023,教师,2023安徽教师招考,淮南第二十中学,340401002003 淮南第二十中学 初中体育,本科及以上,体育学类（专业代码前四位为0402）,,笔试+面试,,,学段：初级中学；学科：体育；招聘职位：初中体育；招聘人数：1,安徽 淮南市直,https://www.xduim.com/zw/jszk,,专业：体育学类（专业代码前四位为0402）
2023,教师,2023安徽教师招考,淮南第二十中学,340401002004 淮南第二十中学 初中历史,本科及以上,历史学类（专业代码前四位为0601）,,笔试+面试,,,学段：初级中学；学科：历史；招聘职位：初中历史；招聘人数：1,安徽 淮南市直,https://www.xduim.com/zw/jszk,,专业：历史学类（专业代码前四位为0601）
2023,教师,2023安徽教师招考,淮南市第二十一中学,340401003001 淮南市第二十一中学 高中语文,本科及以上,中国语言文学类（专业代码前四位为0501）,,笔试+面试,,,学段：高级中学；学科：语文；招聘职位：高中语文；招聘人数：2,安徽 淮南市直,https://www.xduim.com/zw/jszk,,专业：中国语言文学类（专业代码前四位为0501）
2023,教师,2023安徽教师招考,淮南市第二十一中学,340401003002 淮南市第二十一中学 高中英语,本科及以上,英语系列专业,,笔试+面试,,,学段：高级中学；学科：英语；招聘职位：高中英语；招聘人数：1,安徽 淮南市直,https://www.xduim.com/zw/jszk,,专业：英语系列专业
2023,教师,2023安徽教师招考,淮南实验中学山南第一中学,340401004001 淮南实验中学山南第一中学 初中语文,本科及以上,中国语言文学类（专业代码前四位为0501）,,笔试+面试,,,学段：初级中学；学科：语文；招聘职位：初中语文；招聘人数：4,安徽 淮南市直,https://www.xduim.com/zw/jszk,,专业：中国语言文学类（专业代码前四位为0501）
2023,教师,2023安徽教师招考,淮南实验中学山南第一中学,340401004002 淮南实验中学山南第一中学 初中数学,本科及以上,数学类（专业代码前四位为0701）,,笔试+面试,,,学段：初级中学；学科：数学；招聘职位：初中数学；招聘人数：5,安徽 淮南市直,https://www.xduim.com/zw/jszk,,专业：数学类（专业代码前四位为0701）
2023,教师,2023安徽教师招考,淮南实验中学山南第一中学,340401004003 淮南实验中学山南第一中学 初中英语,本科及以上,英语系列专业,,笔试+面试,,,学段：初级中学；学科：英语；招聘职位：初中英语；招聘人数：4,安徽 淮南市直,https://www.xduim.com/zw/jszk,,专业：英语系列专业
2023,教师,2023安徽教师招考,淮南实验中学山南第一中学,340401004004 淮南实验中学山南第一中学 初中生物,本科及以上,生物科学类（专业代码前四位为0710）,,笔试+面试,,,学段：初级中学；学科：生物；招聘职位：初中生物；招聘人数：2,安徽 淮南市直,https://www.xduim.com/zw/jszk,,专业：生物科学类（专业代码前四位为0710）
2023,教师,2023安徽教师招考,淮南实验中学山南第一中学,340401004005 淮南实验中学山南第一中学 初中政治,本科及以上,政治学类（专业代码前四位为0302） 马克思主义理论类（专业代码前四位为0305）,,笔试+面试,,,学段：初级中学；学科：政治；招聘职位：初中政治；招聘人数：2,安徽 淮南市直,https://www.xduim.com/zw/jszk,,专业：政治学类（专业代码前四位为0302） 马克思主义理论类（专业代码前四位为0305）
2023,教师,2023安徽教师招考,淮南实验中学山南第一中学,340401004006 淮南实验中学山南第一中学 初中历史,本科及以上,历史学类（专业代码前四位为0601）,,笔试+面试,,,学段：初级中学；学科：历史；招聘职位：初中历史；招聘人数：2,安徽 淮南市直,https://www.xduim.com/zw/jszk,,专业：历史学类（专业代码前四位为0601）
2023,教师,2023安徽教师招考,淮南实验中学山南第一中学,340401004007 淮南实验中学山南第一中学 初中地理,本科及以上,地理科学类（专业代码前四位为0705）,,笔试+面试,,,学段：初级中学；学科：地理；招聘职位：初中地理；招聘人数：2,安徽 淮南市直,https://www.xduim.com/zw/jszk,,专业：地理科学类（专业代码前四位为0705）
2023,教师,2023安徽教师招考,淮南实验中学山南第一中学,340401004008 淮南实验中学山南第一中学 初中体育,本科及以上,体育学类（专业代码前四位为0402）,,笔试+面试,,,学段：初级中学；学科：体育；招聘职位：初中体育；招聘人数：2,安徽 淮南市直,https://www.xduim.com/zw/jszk,,专业：体育学类（专业代码前四位为0402）
2023,教师,2023安徽教师招考,淮南实验中学山南第一中学,340401004009 淮南实验中学山南第一中学 初中体育,专科及以上,专业不限,,笔试+面试,,,学段：初级中学；学科：体育；招聘职位：初中体育；招聘人数：2,安徽 淮南市直,https://www.xduim.com/zw/jszk,,专业：专业不限
2023,教师,2023安徽教师招考,淮南实验中学山南第一中学,340401004010 淮南实验中学山南第一中学 初中美术,本科及以上,美术学类(专业代码前四位为1304),,笔试+面试,,,学段：初级中学；学科：美术；招聘职位：初中美术；招聘人数：1,安徽 淮南市直,https://www.xduim.com/zw/jszk,,专业：美术学类(专业代码前四位为1304)
2023,教师,2023安徽教师招考,淮南实验中学山南第一中学,340401004011 淮南实验中学山南第一中学 初中音乐,本科及以上,音乐与舞蹈学类（专业代码前四位为1302）,,笔试+面试,,,学段：初级中学；学科：音乐；招聘职位：初中音乐；招聘人数：1,安徽 淮南市直,https://www.xduim.com/zw/jszk,,专业：音乐与舞蹈学类（专业代码前四位为1302）
2023,教师,2023安徽教师招考,淮南实验中学山南第一中学,340401004012 淮南实验中学山南第一中学 初中信息,本科及以上,计算机类（专业代码前四位为0809）,,笔试+面试,,,学段：初级中学；学科：信息；招聘职位：初中信息；招聘人数：1,安徽 淮南市直,https://www.xduim.com/zw/jszk,,专业：计算机类（专业代码前四位为0809）
2024,教师,2024安徽教师招考,湾沚区教育局,湾沚区教育局 小学语文,本科及以上,汉语言文学专业、小学教育专业、新闻学专业、秘书学专业,,笔试+面试,,,学段：小学；学科：语文；招聘职位：小学语文；招聘人数：4,安徽 芜湖湾沚区,https://www.xduim.com/zw/jszk,,专业：汉语言文学专业、小学教育专业、新闻学专业、秘书学专业
2024,教师,2024安徽教师招考,湾沚区教育局,湾沚区教育局 小学数学,本科及以上,数学与应用数学专业、小学教育专业,,笔试+面试,,,学段：小学；学科：数学；招聘职位：小学数学；招聘人数：3,安徽 芜湖湾沚区,https://www.xduim.com/zw/jszk,,专业：数学与应用数学专业、小学教育专业
2024,教师,2024安徽教师招考,湾沚区教育局,湾沚区教育局 小学体育与健康,本科及以上,体育教育专业、运动训练专业、社会体育指导与管理专业,,笔试+面试,,,学段：小学；学科：体育与健康；招聘职位：小学体育与健康；招聘人数：3,安徽 芜湖湾沚区,https://www.xduim.com/zw/jszk,,专业：体育教育专业、运动训练专业、社会体育指导与管理专业
2024,教师,2024安徽教师招考,湾沚区教育局,湾沚区教育局 小学美术,本科及以上,美术学类；艺术教育专业,,笔试+面试,,,学段：小学；学科：美术；招聘职位：小学美术；招聘人数：2,安徽 芜湖湾沚区,https://www.xduim.com/zw/jszk,,专业：美术学类；艺术教育专业
2024,教师,2024安徽教师招考,湾沚区教育局,湾沚区教育局 小学音乐,本科及以上,音乐与舞蹈学类,,笔试+面试,,,学段：小学；学科：音乐；招聘职位：小学音乐；招聘人数：1,安徽 芜湖湾沚区,https://www.xduim.com/zw/jszk,,专业：音乐与舞蹈学类
2023,教师,2023安徽教师招考,湾沚区教育局,湾沚区教育局 小学语文 A,本科及以上,汉语言文学专业、小学教育专业、新闻学专业、秘书学专业,,笔试+面试,,,学段：小学；学科：语文；招聘职位：小学语文 A；招聘人数：4,安徽 芜湖湾沚区,https://www.xduim.com/zw/jszk,,专业：汉语言文学专业、小学教育专业、新闻学专业、秘书学专业
2023,教师,2023安徽教师招考,湾沚区教育局,湾沚区教育局 小学语文 B,本科及以上,汉语言文学专业、小学教育专业、新闻学专业、秘书学专业,,笔试+面试,,,学段：小学；学科：语文；招聘职位：小学语文 B；招聘人数：2,安徽 芜湖湾沚区,https://www.xduim.com/zw/jszk,,专业：汉语言文学专业、小学教育专业、新闻学专业、秘书学专业
2023,教师,2023安徽教师招考,湾沚区教育局,湾沚区教育局 小学数学,本科及以上,数学与应用数学专业、小学教育专业,,笔试+面试,,,学段：小学；学科：数学；招聘职位：小学数学；招聘人数：2,安徽 芜湖湾沚区,https://www.xduim.com/zw/jszk,,专业：数学与应用数学专业、小学教育专业
2023,教师,2023安徽教师招考,湾沚区教育局,湾沚区教育局 初中心理健康教育,本科及以上,心理学类,,笔试+面试,,,学段：初级中学；学科：心理健康教育；招聘职位：初中心理健康教育；招聘人数：2,安徽 芜湖湾沚区,https://www.xduim.com/zw/jszk,,专业：心理学类
2023,教师,2023安徽教师招考,湾沚区教育局,湾沚区教育局 高中物理,研究生及以上,物理学类；学科教学（物理）专业,,笔试+面试,,,学段：高级中学；学科：物理；招聘职位：高中物理；招聘人数：1,安徽 芜湖湾沚区,https://www.xduim.com/zw/jszk,,专业：物理学类；学科教学（物理）专业
2024,教师,2024安徽教师招考,安徽省滁州中学,安徽省滁州中学 高中语文,研究生及以上,中国语言文学、学科教学（语文）、课程与教学论（语文方向）,,笔试+面试,,,学段：高级中学；学科：语文；招聘职位：高中语文；招聘人数：2,安徽 滁州市直,https://www.xduim.com/zw/jszk,,专业：中国语言文学、学科教学（语文）、课程与教学论（语文方向）
2024,教师,2024安徽教师招考,安徽省滁州中学,安徽省滁州中学 高中物理,研究生及以上,物理学、天文学、力学、电子科学与技术、电子信息、遥感（智能、纳米）科学与技术、学科教学（物理）、课程与教学论（物理方向）,,笔试+面试,,,学段：高级中学；学科：物理；招聘职位：高中物理；招聘人数：2,安徽 滁州市直,https://www.xduim.com/zw/jszk,,专业：物理学、天文学、力学、电子科学与技术、电子信息、遥感（智能、纳米）科学与技术、学科教学（物理）、课程与教学论（物理方向）
2024,教师,2024安徽教师招考,安徽省滁州中学,安徽省滁州中学 高中体育,研究生及以上,体育学、体育、学科教学(体育),,笔试+面试,,,学段：高级中学；学科：体育；招聘职位：高中体育；招聘人数：1,安徽 滁州市直,https://www.xduim.com/zw/jszk,,专业：体育学、体育、学科教学(体育)
2024,教师,2024安徽教师招考,安徽省滁州中学,安徽省滁州中学 高中信息技术,研究生及以上,计算机科学与技术、教育技术学、现代教育技术、科学与技术教育、计算机技术、软件工程、人工智能、大数据、网络信息（空间）安全、遥感（智能）科学与技术,,笔试+面试,,,学段：高级中学；学科：信息科技；招聘职位：高中信息技术；招聘人数：1,安徽 滁州市直,https://www.xduim.com/zw/jszk,,专业：计算机科学与技术、教育技术学、现代教育技术、科学与技术教育、计算机技术、软件工程、人工智能、大数据、网络信息（空间）安全、遥感（智能）科学与技术
2024,教师,2024安徽教师招考,安徽省滁州中学,安徽省滁州中学 高中数学,研究生及以上,数学、统计学、学科教学（数学）、课程与教学论（数学方向）,,笔试+面试,,,学段：高级中学；学科：数学；招聘职位：高中数学；招聘人数：1,安徽 滁州市直,https://www.xduim.com/zw/jszk,,专业：数学、统计学、学科教学（数学）、课程与教学论（数学方向）
2024,教师,2024安徽教师招考,安徽省滁州中学,安徽省滁州中学 高中英语,研究生及以上,外国语言文学（英语方向）、翻译（英语方向）、学科教学（英语）、课程与教学论（英语方向）,,笔试+面试,,,学段：高级中学；学科：英语；招聘职位：高中英语；招聘人数：1,安徽 滁州市直,https://www.xduim.com/zw/jszk,,专业：外国语言文学（英语方向）、翻译（英语方向）、学科教学（英语）、课程与教学论（英语方向）
2024,教师,2024安徽教师招考,安徽省滁州中学,安徽省滁州中学 高中化学,研究生及以上,化学、学科教学（化学）、课程与教学论（化学方向）,,笔试+面试,,,学段：高级中学；学科：化学；招聘职位：高中化学；招聘人数：1,安徽 滁州市直,https://www.xduim.com/zw/jszk,,专业：化学、学科教学（化学）、课程与教学论（化学方向）
2024,教师,2024安徽教师招考,安徽省滁州中学,安徽省滁州中学 高中政治,研究生及以上,政治学、马克思主义理论、学科教学（思政）、课程与教学论（思政方向）,,笔试+面试,,,学段：高级中学；学科：政治；招聘职位：高中政治；招聘人数：1,安徽 滁州市直,https://www.xduim.com/zw/jszk,,专业：政治学、马克思主义理论、学科教学（思政）、课程与教学论（思政方向）
2024,教师,2024安徽教师招考,滁州市第二中学,滁州市第二中学 高中数学,本科及以上,本科：数学类、统计学类；研究生：数学、统计学、学科教学（数学）、课程与教学论（数学方向）,,笔试+面试,,,学段：高级中学；学科：数学；招聘职位：高中数学；招聘人数：2,安徽 滁州市直,https://www.xduim.com/zw/jszk,,专业：本科：数学类、统计学类；研究生：数学、统计学、学科教学（数学）、课程与教学论（数学方向）
2024,教师,2024安徽教师招考,滁州市第二中学,滁州市第二中学 高中物理,本科及以上,本科：物理学类、天文学类、力学类、电子信息类；研究生：物理学、天文学、力学、电子科学与技术、电子信息、遥感（智能、纳米）科学与技术、学科教学（物理）、课程与教学论（物理方向）,,笔试+面试,,,学段：高级中学；学科：物理；招聘职位：高中物理；招聘人数：1,安徽 滁州市直,https://www.xduim.com/zw/jszk,,专业：本科：物理学类、天文学类、力学类、电子信息类；研究生：物理学、天文学、力学、电子科学与技术、电子信息、遥感（智能、纳米）科学与技术、学科教学（物理）、课程与教学论（物理方向）
2024,教师,2024安徽教师招考,滁州市第二中学,滁州市第二中学 高中地理,本科及以上,本科：地理科学类；研究生：地理学、大气科学、海洋科学、地球物理学、地质学、学科教学（地理）、课程与教学论（地理方向）,,笔试+面试,,,学段：高级中学；学科：地理；招聘职位：高中地理；招聘人数：1,安徽 滁州市直,https://www.xduim.com/zw/jszk,,专业：本科：地理科学类；研究生：地理学、大气科学、海洋科学、地球物理学、地质学、学科教学（地理）、课程与教学论（地理方向）
2024,教师,2024安徽教师招考,滁州市第二中学,滁州市第二中学 初中语文,本科及以上,本科：汉语言文学、汉语言、汉语国际教育；研究生：中国语言文学、国际中文教育、学科教学（语文）、课程与教学论（语文方向）,,笔试+面试,,,学段：初级中学；学科：语文；招聘职位：初中语文；招聘人数：1,安徽 滁州市直,https://www.xduim.com/zw/jszk,,专业：本科：汉语言文学、汉语言、汉语国际教育；研究生：中国语言文学、国际中文教育、学科教学（语文）、课程与教学论（语文方向）
2024,教师,2024安徽教师招考,滁州市第二中学,滁州市第二中学 初中数学,本科及以上,本科：数学类、统计学类；研究生：数学、统计学、学科教学（数学）、课程与教学论（数学方向）,,笔试+面试,,,学段：初级中学；学科：数学；招聘职位：初中数学；招聘人数：2,安徽 滁州市直,https://www.xduim.com/zw/jszk,,专业：本科：数学类、统计学类；研究生：数学、统计学、学科教学（数学）、课程与教学论（数学方向）
2024,教师,2024安徽教师招考,滁州市第二中学,滁州市第二中学 初中英语,本科及以上,本科：英语、商务英语、翻译（英语方向）；研究生：外国语言文学（英语方向）、翻译（英语方向）、学科教学（英语）、课程与教学论（英语方向）,,笔试+面试,,,学段：初级中学；学科：英语；招聘职位：初中英语；招聘人数：1,安徽 滁州市直,https://www.xduim.com/zw/jszk,,专业：本科：英语、商务英语、翻译（英语方向）；研究生：外国语言文学（英语方向）、翻译（英语方向）、学科教学（英语）、课程与教学论（英语方向）
2024,教师,2024安徽教师招考,滁州市第二中学,滁州市第二中学 初中物理,本科及以上,本科：物理学类、天文学类、力学类、电子信息类；研究生：物理学、天文学、力学、电子科学与技术、电子信息、遥感（智能、纳米）科学与技术、学科教学（物理）、课程与教学论（物理方向）,,笔试+面试,,,学段：初级中学；学科：物理；招聘职位：初中物理；招聘人数：1,安徽 滁州市直,https://www.xduim.com/zw/jszk,,专业：本科：物理学类、天文学类、力学类、电子信息类；研究生：物理学、天文学、力学、电子科学与技术、电子信息、遥感（智能、纳米）科学与技术、学科教学（物理）、课程与教学论（物理方向）
2024,教师,2024安徽教师招考,滁州市第二中学,滁州市第二中学 初中生物,本科及以上,本科：生物科学类、生物工程类、生物医学工程类；研究生：生物学、生物工程、生物医学工程、学科教学（生物）、课程与教学论（生物方向）,,笔试+面试,,,学段：初级中学；学科：生物；招聘职位：初中生物；招聘人数：1,安徽 滁州市直,https://www.xduim.com/zw/jszk,,专业：本科：生物科学类、生物工程类、生物医学工程类；研究生：生物学、生物工程、生物医学工程、学科教学（生物）、课程与教学论（生物方向）
2024,教师,2024安徽教师招考,滁州市第二中学,滁州市第二中学 初中政治,本科及以上,本科：政治学类、马克思主义理论类、人文教育；研究生：政治学、马克思主义理论、学科教学（思政）、课程与教学论（思政方向）,,笔试+面试,,,学段：初级中学；学科：政治；招聘职位：初中政治；招聘人数：1,安徽 滁州市直,https://www.xduim.com/zw/jszk,,专业：本科：政治学类、马克思主义理论类、人文教育；研究生：政治学、马克思主义理论、学科教学（思政）、课程与教学论（思政方向）
2024,教师,2024安徽教师招考,滁州市第二中学,滁州市第二中学 初中历史,本科及以上,本科：历史学类、人文教育；研究生：历史学、学科教学（历史）、课程与教学论（历史方向）,,笔试+面试,,,学段：初级中学；学科：历史；招聘职位：初中历史；招聘人数：2,安徽 滁州市直,https://www.xduim.com/zw/jszk,,专业：本科：历史学类、人文教育；研究生：历史学、学科教学（历史）、课程与教学论（历史方向）
2024,教师,2024安徽教师招考,滁州市第二中学,滁州市第二中学 初中地理,本科及以上,本科：地理科学类；研究生：地理学、大气科学、海洋科学、地球物理学、地质学、学科教学（地理）、课程与教学论（地理方向）,,笔试+面试,,,学段：初级中学；学科：地理；招聘职位：初中地理；招聘人数：1,安徽 滁州市直,https://www.xduim.com/zw/jszk,,专业：本科：地理科学类；研究生：地理学、大气科学、海洋科学、地球物理学、地质学、学科教学（地理）、课程与教学论（地理方向）
2024,教师,2024安徽教师招考,滁州市第二中学,滁州市第二中学 初中体育,本科及以上,本科：体育学类；研究生：体育学、体育、学科教学(体育),,笔试+面试,,,学段：初级中学；学科：体育；招聘职位：初中体育；招聘人数：1,安徽 滁州市直,https://www.xduim.com/zw/jszk,,专业：本科：体育学类；研究生：体育学、体育、学科教学(体育)
2023,教师,2023安徽教师招考,滁州市第二中学,滁州市第二中学 高中数学,本科及以上,本科：数学类；研究生：数学、学科教学（数学）、课程与教学论（数学方向）,,笔试+面试,,,学段：高级中学；学科：数学；招聘职位：高中数学；招聘人数：2,安徽 滁州市直,https://www.xduim.com/zw/jszk,,专业：本科：数学类；研究生：数学、学科教学（数学）、课程与教学论（数学方向）
2023,教师,2023安徽教师招考,滁州市第二中学,滁州市第二中学 高中英语,本科及以上,本科：英语、商务英语、翻译； 研究生：英语语言文学、翻译（英语方向）、外国语言学及应用语言学、学科教学（英语）、课程与教学论（英语方向）,,笔试+面试,,,学段：高级中学；学科：英语；招聘职位：高中英语；招聘人数：2,安徽 滁州市直,https://www.xduim.com/zw/jszk,,专业：本科：英语、商务英语、翻译； 研究生：英语语言文学、翻译（英语方向）、外国语言学及应用语言学、学科教学（英语）、课程与教学论（英语方向）
2023,教师,2023安徽教师招考,滁州市第二中学,滁州市第二中学 高中物理,本科及以上,本科：物理学类、天文学；研究生：物理学、天文学、学科教学（物理）、课程与教学论（物理方向）,,笔试+面试,,,学段：高级中学；学科：物理；招聘职位：高中物理；招聘人数：2,安徽 滁州市直,https://www.xduim.com/zw/jszk,,专业：本科：物理学类、天文学；研究生：物理学、天文学、学科教学（物理）、课程与教学论（物理方向）
2023,教师,2023安徽教师招考,滁州市第二中学,滁州市第二中学 高中化学,本科及以上,本科：化学类；研究生：化学、学科教学（化学）、课程与教学论（化学方向）,,笔试+面试,,,学段：高级中学；学科：化学；招聘职位：高中化学；招聘人数：2,安徽 滁州市直,https://www.xduim.com/zw/jszk,,专业：本科：化学类；研究生：化学、学科教学（化学）、课程与教学论（化学方向）
2023,教师,2023安徽教师招考,滁州市第二中学,滁州市第二中学 高中生物,本科及以上,本科：生物科学类；研究生：生物学、学科教学（生物）、课程与教学论（生物方向）,,笔试+面试,,,学段：高级中学；学科：生物；招聘职位：高中生物；招聘人数：3,安徽 滁州市直,https://www.xduim.com/zw/jszk,,专业：本科：生物科学类；研究生：生物学、学科教学（生物）、课程与教学论（生物方向）
2023,教师,2023安徽教师招考,滁州市第二中学,滁州市第二中学 高中历史,本科及以上,本科：历史学类、人文教育；研究生：历史学、学科教学（历史）、课程与教学论（历史方向）,,笔试+面试,,,学段：高级中学；学科：历史；招聘职位：高中历史；招聘人数：1,安徽 滁州市直,https://www.xduim.com/zw/jszk,,专业：本科：历史学类、人文教育；研究生：历史学、学科教学（历史）、课程与教学论（历史方向）
2023,教师,2023安徽教师招考,滁州市第二中学,滁州市第二中学 高中政治,本科及以上,本科：政治学类、马克思主义理论类、人文教育；研究生：政治学、马克思主义理论、学科教学（思政）、课程与教学论（思政方向）,,笔试+面试,,,学段：高级中学；学科：政治；招聘职位：高中政治；招聘人数：3,安徽 滁州市直,https://www.xduim.com/zw/jszk,,专业：本科：政治学类、马克思主义理论类、人文教育；研究生：政治学、马克思主义理论、学科教学（思政）、课程与教学论（思政方向）
2023,教师,2023安徽教师招考,滁州市第二中学,滁州市第二中学 高中地理,本科及以上,本科：地理科学类；研究生：地理学、学科教学（地理）、课程与教学论（地理方向）,,笔试+面试,,,学段：高级中学；学科：地理；招聘职位：高中地理；招聘人数：2,安徽 滁州市直,https://www.xduim.com/zw/jszk,,专业：本科：地理科学类；研究生：地理学、学科教学（地理）、课程与教学论（地理方向）
2023,教师,2023安徽教师招考,滁州市第二中学,滁州市第二中学 高中心理健康,本科及以上,本科：心理学类、教育学；研究生：心理学、教育学（一级学科）、心理健康教育、应用心理,,笔试+面试,,,学段：高级中学；学科：心理健康；招聘职位：高中心理健康；招聘人数：1,安徽 滁州市直,https://www.xduim.com/zw/jszk,,专业：本科：心理学类、教育学；研究生：心理学、教育学（一级学科）、心理健康教育、应用心理
2023,教师,2023安徽教师招考,滁州市实验中学,滁州市实验中学 高中语文,本科及以上,本科：汉语言文学、汉语言、汉语国际教育 研究生：中国语言文学、汉语国际教育、学科教学（语文）、课程与教学论（语文方向）,,笔试+面试,,,学段：高级中学；学科：语文；招聘职位：高中语文；招聘人数：1,安徽 滁州市直,https://www.xduim.com/zw/jszk,,专业：本科：汉语言文学、汉语言、汉语国际教育 研究生：中国语言文学、汉语国际教育、学科教学（语文）、课程与教学论（语文方向）
2023,教师,2023安徽教师招考,滁州市实验中学,滁州市实验中学 高中数学,本科及以上,本科：数学类； 研究生：基础数学、应用数学、学科教学（数学）、课程与教学论（数学方向）,,笔试+面试,,,学段：高级中学；学科：数学；招聘职位：高中数学；招聘人数：3,安徽 滁州市直,https://www.xduim.com/zw/jszk,,专业：本科：数学类； 研究生：基础数学、应用数学、学科教学（数学）、课程与教学论（数学方向）
2023,教师,2023安徽教师招考,滁州市实验中学,滁州市实验中学 高中英语,本科及以上,本科：英语、商务英语、翻译； 研究生：英语语言文学、翻译（英语方向）、外国语言学及应用语言学、学科教学（英语）、课程与教学论（英语方向）,,笔试+面试,,,学段：高级中学；学科：英语；招聘职位：高中英语；招聘人数：2,安徽 滁州市直,https://www.xduim.com/zw/jszk,,专业：本科：英语、商务英语、翻译； 研究生：英语语言文学、翻译（英语方向）、外国语言学及应用语言学、学科教学（英语）、课程与教学论（英语方向）
2023,教师,2023安徽教师招考,滁州市实验中学,滁州市实验中学 高中物理,本科及以上,本科：物理学类、天文学； 研究生：物理学、天文学、学科教学（物理）、课程与教学论（物理方向）,,笔试+面试,,,学段：高级中学；学科：物理；招聘职位：高中物理；招聘人数：2,安徽 滁州市直,https://www.xduim.com/zw/jszk,,专业：本科：物理学类、天文学； 研究生：物理学、天文学、学科教学（物理）、课程与教学论（物理方向）
2023,教师,2023安徽教师招考,滁州市实验中学,滁州市实验中学 高中化学,本科及以上,本科：化学类； 研究生：化学、学科教学（化学）、课程与教学论（化学方向）,,笔试+面试,,,学段：高级中学；学科：化学；招聘职位：高中化学；招聘人数：1,安徽 滁州市直,https://www.xduim.com/zw/jszk,,专业：本科：化学类； 研究生：化学、学科教学（化学）、课程与教学论（化学方向）
2023,教师,2023安徽教师招考,滁州市实验中学,滁州市实验中学 高中体育,本科及以上,本科：体育学类 研究生：体育学、体育、学科教学(体育),,笔试+面试,,,学段：高级中学；学科：体育；招聘职位：高中体育；招聘人数：1,安徽 滁州市直,https://www.xduim.com/zw/jszk,,专业：本科：体育学类 研究生：体育学、体育、学科教学(体育)
2023,教师,2023安徽教师招考,滁州市实验中学,滁州市实验中学 初中语文,本科及以上,本科：汉语言文学、汉语言、汉语国际教育；研究生：中国语言文学、汉语国际教育、学科教学（语文）、课程与教学论（语文方向）,,笔试+面试,,,学段：初级中学；学科：语文；招聘职位：初中语文；招聘人数：2,安徽 滁州市直,https://www.xduim.com/zw/jszk,,专业：本科：汉语言文学、汉语言、汉语国际教育；研究生：中国语言文学、汉语国际教育、学科教学（语文）、课程与教学论（语文方向）
2023,教师,2023安徽教师招考,滁州市实验中学,滁州市实验中学 初中数学,本科及以上,本科：数学类； 研究生：基础数学、应用数学、学科教学（数学）、课程与教学论（数学方向）,,笔试+面试,,,学段：初级中学；学科：数学；招聘职位：初中数学；招聘人数：4,安徽 滁州市直,https://www.xduim.com/zw/jszk,,专业：本科：数学类； 研究生：基础数学、应用数学、学科教学（数学）、课程与教学论（数学方向）
2023,教师,2023安徽教师招考,滁州市实验中学,滁州市实验中学 初中英语,本科及以上,本科：英语、商务英语、翻译； 研究生：英语语言文学、翻译（英语方向）、外国语言学及应用语言学、学科教学（英语）、课程与教学论（英语方向）,,笔试+面试,,,学段：初级中学；学科：英语；招聘职位：初中英语；招聘人数：2,安徽 滁州市直,https://www.xduim.com/zw/jszk,,专业：本科：英语、商务英语、翻译； 研究生：英语语言文学、翻译（英语方向）、外国语言学及应用语言学、学科教学（英语）、课程与教学论（英语方向）
2023,教师,2023安徽教师招考,滁州市实验中学,滁州市实验中学 初中物理,本科及以上,本科：物理学类、天文学； 研究生：物理学、天文学、学科教学（物理）、课程与教学论（物理方向）,,笔试+面试,,,学段：初级中学；学科：物理；招聘职位：初中物理；招聘人数：1,安徽 滁州市直,https://www.xduim.com/zw/jszk,,专业：本科：物理学类、天文学； 研究生：物理学、天文学、学科教学（物理）、课程与教学论（物理方向）
2023,教师,2023安徽教师招考,滁州市实验中学,滁州市实验中学 初中道德与法治,本科及以上,本科：政治学类、马克思主义理论类、人文教育； 研究生：政治学、马克思主义理论、学科教学（思政）、课程与教学论（思政方向）,,笔试+面试,,,学段：初级中学；学科：道德与法治；招聘职位：初中道德与法治；招聘人数：1,安徽 滁州市直,https://www.xduim.com/zw/jszk,,专业：本科：政治学类、马克思主义理论类、人文教育； 研究生：政治学、马克思主义理论、学科教学（思政）、课程与教学论（思政方向）
2023,教师,2023安徽教师招考,潘集区教育局,340406001001 潘集区教育局 小学语文,本科及以上,不限,,笔试+面试,,,学段：小学；学科：语文；招聘职位：小学语文；招聘人数：6,安徽 淮南潘集区,https://www.xduim.com/zw/jszk,,专业：不限
2023,教师,2023安徽教师招考,潘集区教育局,340406001002 潘集区教育局 小学数学,本科及以上,不限,,笔试+面试,,,学段：小学；学科：数学；招聘职位：小学数学；招聘人数：6,安徽 淮南潘集区,https://www.xduim.com/zw/jszk,,专业：不限
2023,教师,2023安徽教师招考,潘集区教育局,340406001003 潘集区教育局 小学音乐,本科及以上,不限,,笔试+面试,,,学段：小学；学科：音乐；招聘职位：小学音乐；招聘人数：1,安徽 淮南潘集区,https://www.xduim.com/zw/jszk,,专业：不限
2023,教师,2023安徽教师招考,潘集区教育局,340406001004 潘集区教育局 小学体育,本科及以上,不限,,笔试+面试,,,学段：小学；学科：体育；招聘职位：小学体育；招聘人数：2,安徽 淮南潘集区,https://www.xduim.com/zw/jszk,,专业：不限
2023,教师,2023安徽教师招考,潘集区教育局,340406001005 潘集区教育局 小学美术,本科及以上,不限,,笔试+面试,,,学段：小学；学科：美术；招聘职位：小学美术；招聘人数：1,安徽 淮南潘集区,https://www.xduim.com/zw/jszk,,专业：不限
2023,教师,2023安徽教师招考,潘集区教育局,340406001006 潘集区教育局 小学科学,本科及以上,不限,,笔试+面试,,,学段：小学；学科：科学；招聘职位：小学科学；招聘人数：2,安徽 淮南潘集区,https://www.xduim.com/zw/jszk,,专业：不限
2023,教师,2023安徽教师招考,潘集区教育局,340406001007 潘集区教育局 小学信息技术,本科及以上,不限,,笔试+面试,,,学段：小学；学科：信息技术；招聘职位：小学信息技术；招聘人数：2,安徽 淮南潘集区,https://www.xduim.com/zw/jszk,,专业：不限
2023,教师,2023安徽教师招考,潘集区教育局,340406001008 潘集区教育局 初中数学,本科及以上,不限,,笔试+面试,,,学段：初级中学；学科：数学；招聘职位：初中数学；招聘人数：2,安徽 淮南潘集区,https://www.xduim.com/zw/jszk,,专业：不限
2023,教师,2023安徽教师招考,潘集区教育局,340406001009 潘集区教育局 初中英语,本科及以上,不限,,笔试+面试,,,学段：初级中学；学科：英语；招聘职位：初中英语；招聘人数：3,安徽 淮南潘集区,https://www.xduim.com/zw/jszk,,专业：不限
2023,教师,2023安徽教师招考,潘集区教育局,340406001010 潘集区教育局 初中物理,本科及以上,不限,,笔试+面试,,,学段：初级中学；学科：物理；招聘职位：初中物理；招聘人数：2,安徽 淮南潘集区,https://www.xduim.com/zw/jszk,,专业：不限
2023,教师,2023安徽教师招考,潘集区教育局,340406001011 潘集区教育局 初中化学,本科及以上,不限,,笔试+面试,,,学段：初级中学；学科：化学；招聘职位：初中化学；招聘人数：1,安徽 淮南潘集区,https://www.xduim.com/zw/jszk,,专业：不限
2023,教师,2023安徽教师招考,潘集区教育局,340406001012 潘集区教育局 初中信息技术,本科及以上,不限,,笔试+面试,,,学段：初级中学；学科：信息技术；招聘职位：初中信息技术；招聘人数：2,安徽 淮南潘集区,https://www.xduim.com/zw/jszk,,专业：不限
2024,教师,2024安徽教师招考,潘集区教育局,340406001001 潘集区教育局 初中语文,本科及以上,不限,,笔试+面试,,,学段：初级中学；学科：语文；招聘职位：初中语文；招聘人数：1,安徽 淮南潘集区,https://www.xduim.com/zw/jszk,,专业：不限
2024,教师,2024安徽教师招考,潘集区教育局,340406001002 潘集区教育局 初中数学,本科及以上,不限,,笔试+面试,,,学段：初级中学；学科：数学；招聘职位：初中数学；招聘人数：2,安徽 淮南潘集区,https://www.xduim.com/zw/jszk,,专业：不限
2024,教师,2024安徽教师招考,潘集区教育局,340406001003 潘集区教育局 初中英语,本科及以上,不限,,笔试+面试,,,学段：初级中学；学科：英语；招聘职位：初中英语；招聘人数：1,安徽 淮南潘集区,https://www.xduim.com/zw/jszk,,专业：不限
2024,教师,2024安徽教师招考,潘集区教育局,340406001004 潘集区教育局 初中信息技术,本科及以上,不限,,笔试+面试,,,学段：初级中学；学科：信息技术；招聘职位：初中信息技术；招聘人数：1,安徽 淮南潘集区,https://www.xduim.com/zw/jszk,,专业：不限
2024,教师,2024安徽教师招考,潘集区教育局,340406001005 潘集区教育局 小学语文,本科及以上,不限,,笔试+面试,,,学段：小学；学科：语文；招聘职位：小学语文；招聘人数：1,安徽 淮南潘集区,https://www.xduim.com/zw/jszk,,专业：不限
2024,教师,2024安徽教师招考,潘集区教育局,340406001006 潘集区教育局 小学数学,本科及以上,不限,,笔试+面试,,,学段：小学；学科：数学；招聘职位：小学数学；招聘人数：2,安徽 淮南潘集区,https://www.xduim.com/zw/jszk,,专业：不限
2024,教师,2024安徽教师招考,潘集区教育局,340406001007 潘集区教育局 小学英语,本科及以上,不限,,笔试+面试,,,学段：小学；学科：英语；招聘职位：小学英语；招聘人数：2,安徽 淮南潘集区,https://www.xduim.com/zw/jszk,,专业：不限
2023,教师,2023安徽教师招考,濉溪县教育局,2001 濉溪县教育局 初中语文A,本科及以上,本科：中国语言文学类 研究生：中国语言文学、教育学、或其他与岗位学科相近专业,,笔试+面试,,,招聘职位：初中语文A；招聘人数：13,安徽 淮北濉溪县,https://www.xduim.com/zw/jszk,,专业：本科：中国语言文学类 研究生：中国语言文学、教育学、或其他与岗位学科相近专业
2023,教师,2023安徽教师招考,濉溪县教育局,2002 濉溪县教育局 初中语文B,本科及以上,本科：中国语言文学类 研究生：中国语言文学、教育学、或其他与岗位学科相近专业,,笔试+面试,,,招聘职位：初中语文B；招聘人数：11,安徽 淮北濉溪县,https://www.xduim.com/zw/jszk,,专业：本科：中国语言文学类 研究生：中国语言文学、教育学、或其他与岗位学科相近专业
2023,教师,2023安徽教师招考,濉溪县教育局,2003 濉溪县教育局 初中数学A,本科及以上,本科：数学类 研究生：数学、教育学、或其他与岗位学科相近专业,,笔试+面试,,,招聘职位：初中数学A；招聘人数：8,安徽 淮北濉溪县,https://www.xduim.com/zw/jszk,,专业：本科：数学类 研究生：数学、教育学、或其他与岗位学科相近专业
2023,教师,2023安徽教师招考,濉溪县教育局,2004 濉溪县教育局 初中数学B,本科及以上,本科：数学类 研究生：数学、教育学、或其他与岗位学科相近专业,,笔试+面试,,,招聘职位：初中数学B；招聘人数：9,安徽 淮北濉溪县,https://www.xduim.com/zw/jszk,,专业：本科：数学类 研究生：数学、教育学、或其他与岗位学科相近专业
2023,教师,2023安徽教师招考,濉溪县教育局,2005 濉溪县教育局 初中数学C,本科及以上,本科：数学类 研究生：数学、教育学、或其他与岗位学科相近专业,,笔试+面试,,,招聘职位：初中数学C；招聘人数：7,安徽 淮北濉溪县,https://www.xduim.com/zw/jszk,,专业：本科：数学类 研究生：数学、教育学、或其他与岗位学科相近专业
2023,教师,2023安徽教师招考,濉溪县教育局,2006 濉溪县教育局 初中英语A,本科及以上,本科：英语、翻译（英语方向）、商务英语 研究生：英语语言文学 、教育学、或其他与岗位学科相近专业,,笔试+面试,,,招聘职位：初中英语A；招聘人数：7,安徽 淮北濉溪县,https://www.xduim.com/zw/jszk,,专业：本科：英语、翻译（英语方向）、商务英语 研究生：英语语言文学 、教育学、或其他与岗位学科相近专业
2023,教师,2023安徽教师招考,濉溪县教育局,2007 濉溪县教育局 初中英语B,本科及以上,本科：英语、翻译（英语方向）、商务英语 研究生：英语语言文学 、教育学、或其他与岗位学科相近专业,,笔试+面试,,,招聘职位：初中英语B；招聘人数：8,安徽 淮北濉溪县,https://www.xduim.com/zw/jszk,,专业：本科：英语、翻译（英语方向）、商务英语 研究生：英语语言文学 、教育学、或其他与岗位学科相近专业
2023,教师,2023安徽教师招考,濉溪县教育局,2008 濉溪县教育局 初中英语C,本科及以上,本科：英语、翻译（英语方向）、商务英语 研究生：英语语言文学 、教育学、或其他与岗位学科相近专业,,笔试+面试,,,招聘职位：初中英语C；招聘人数：9,安徽 淮北濉溪县,https://www.xduim.com/zw/jszk,,专业：本科：英语、翻译（英语方向）、商务英语 研究生：英语语言文学 、教育学、或其他与岗位学科相近专业
2023,教师,2023安徽教师招考,濉溪县教育局,2009 濉溪县教育局 初中物理,本科及以上,本科：物理学类 研究生：物理学、教育学、或其他与岗位学科相近专业,,笔试+面试,,,招聘职位：初中物理；招聘人数：4,安徽 淮北濉溪县,https://www.xduim.com/zw/jszk,,专业：本科：物理学类 研究生：物理学、教育学、或其他与岗位学科相近专业
2023,教师,2023安徽教师招考,濉溪县教育局,2010 濉溪县教育局 初中化学,本科及以上,本科：化学类 研究生：化学、教育学、或其他与岗位学科相近专业,,笔试+面试,,,招聘职位：初中化学；招聘人数：2,安徽 淮北濉溪县,https://www.xduim.com/zw/jszk,,专业：本科：化学类 研究生：化学、教育学、或其他与岗位学科相近专业
2023,教师,2023安徽教师招考,濉溪县教育局,2011 濉溪县教育局 初中历史,本科及以上,本科：历史学类、人文教育 研究生：历史学、教育学、或其他与岗位学科相近专业,,笔试+面试,,,招聘职位：初中历史；招聘人数：8,安徽 淮北濉溪县,https://www.xduim.com/zw/jszk,,专业：本科：历史学类、人文教育 研究生：历史学、教育学、或其他与岗位学科相近专业
2023,教师,2023安徽教师招考,濉溪县教育局,2012 濉溪县教育局 初中道德与法治,本科及以上,本科：政治学类、马克思主义理论类、人文教育、哲学类 研究生：政治学、马克思主义理论、哲学、教育学、或其他与岗位学科相近专业,,笔试+面试,,,招聘职位：初中道德与法治；招聘人数：11,安徽 淮北濉溪县,https://www.xduim.com/zw/jszk,,专业：本科：政治学类、马克思主义理论类、人文教育、哲学类 研究生：政治学、马克思主义理论、哲学、教育学、或其他与岗位学科相近专业
2023,教师,2023安徽教师招考,濉溪县教育局,2013 濉溪县教育局 初中生物,本科及以上,本科：生物科学类 研究生：生物学、教育学、或其他与岗位学科相近专业,,笔试+面试,,,招聘职位：初中生物；招聘人数：4,安徽 淮北濉溪县,https://www.xduim.com/zw/jszk,,专业：本科：生物科学类 研究生：生物学、教育学、或其他与岗位学科相近专业
2023,教师,2023安徽教师招考,濉溪县教育局,2014 濉溪县教育局 初中地理,本科及以上,本科：地理科学类 研究生：地理学、教育学、或其他与岗位学科相近专业,,笔试+面试,,,招聘职位：初中地理；招聘人数：8,安徽 淮北濉溪县,https://www.xduim.com/zw/jszk,,专业：本科：地理科学类 研究生：地理学、教育学、或其他与岗位学科相近专业
2023,教师,2023安徽教师招考,濉溪县教育局,2015 濉溪县教育局 初中音乐,本科及以上,本科：音乐学类 研究生：音乐学、教育学、或其他与岗位学科相近专业,,笔试+面试,,,招聘职位：初中音乐；招聘人数：2,安徽 淮北濉溪县,https://www.xduim.com/zw/jszk,,专业：本科：音乐学类 研究生：音乐学、教育学、或其他与岗位学科相近专业
2023,教师,2023安徽教师招考,濉溪县教育局,2016 濉溪县教育局 初中体育,本科及以上,本科：体育学类 研究生：体育学、教育学、或其他与岗位学科相近专业,,笔试+面试,,,招聘职位：初中体育；招聘人数：5,安徽 淮北濉溪县,https://www.xduim.com/zw/jszk,,专业：本科：体育学类 研究生：体育学、教育学、或其他与岗位学科相近专业
2023,教师,2023安徽教师招考,濉溪县教育局,2017 濉溪县教育局 初中心理健康教育,本科及以上,本科：心理学类 研究生：心理学,,笔试+面试,,,招聘职位：初中心理健康教育；招聘人数：4,安徽 淮北濉溪县,https://www.xduim.com/zw/jszk,,专业：本科：心理学类 研究生：心理学
2023,教师,2023安徽教师招考,濉溪县教育局,2018 濉溪县教育局 小学语文A,专科及以上,专业不限,,笔试+面试,,,招聘职位：小学语文A；招聘人数：15,安徽 淮北濉溪县,https://www.xduim.com/zw/jszk,,专业：专业不限
2023,教师,2023安徽教师招考,濉溪县教育局,2019 濉溪县教育局 小学语文B,专科及以上,专业不限,,笔试+面试,,,招聘职位：小学语文B；招聘人数：9,安徽 淮北濉溪县,https://www.xduim.com/zw/jszk,,专业：专业不限
2023,教师,2023安徽教师招考,濉溪县教育局,2020 濉溪县教育局 小学语文C,专科及以上,专业不限,,笔试+面试,,,招聘职位：小学语文C；招聘人数：12,安徽 淮北濉溪县,https://www.xduim.com/zw/jszk,,专业：专业不限
2024,教师,2024安徽教师招考,濉溪县教育局,2001 濉溪县教育局 初中语文,本科及以上,本科：中国语言文学类  研究生：中国语言文学、教育学或其他与岗位学科相近专业,,笔试+面试,,,学段：初级中学；学科：语文(初级中学)；招聘职位：初中语文；招聘人数：14,安徽 淮北濉溪县,https://www.xduim.com/zw/jszk,,专业：本科：中国语言文学类  研究生：中国语言文学、教育学或其他与岗位学科相近专业
2024,教师,2024安徽教师招考,濉溪县教育局,2002 濉溪县教育局 初中数学,本科及以上,本科：数学类  研究生：数学、教育学或其他与岗位学科相近专业,,笔试+面试,,,学段：初级中学；学科：数学(初级中学)；招聘职位：初中数学；招聘人数：14,安徽 淮北濉溪县,https://www.xduim.com/zw/jszk,,专业：本科：数学类  研究生：数学、教育学或其他与岗位学科相近专业
2024,教师,2024安徽教师招考,濉溪县教育局,2003 濉溪县教育局 初中英语,本科及以上,本科：英语、翻译（英语方向）、商务英语  研究生：英语语言文学 、教育学或其他与岗位学科相近专业,,笔试+面试,,,学段：初级中学；学科：英语(初级中学)；招聘职位：初中英语；招聘人数：13,安徽 淮北濉溪县,https://www.xduim.com/zw/jszk,,专业：本科：英语、翻译（英语方向）、商务英语  研究生：英语语言文学 、教育学或其他与岗位学科相近专业
2024,教师,2024安徽教师招考,濉溪县教育局,2004 濉溪县教育局 初中物理,本科及以上,本科：物理学类  研究生：物理学、教育学或其他与岗位学科相近专业,,笔试+面试,,,学段：初级中学；学科：物理(初级中学)；招聘职位：初中物理；招聘人数：2,安徽 淮北濉溪县,https://www.xduim.com/zw/jszk,,专业：本科：物理学类  研究生：物理学、教育学或其他与岗位学科相近专业
2024,教师,2024安徽教师招考,濉溪县教育局,2005 濉溪县教育局 初中道德 与法治,本科及以上,本科：政治学类、马克思主义理论类、人文教育、哲学类  研究生：政治学、马克思主义理论、哲学或其他与岗位学科相近专业,,笔试+面试,,,学段：初级中学；学科：道德 与法治(初级中学)；招聘职位：初中道德 与法治；招聘人数：4,安徽 淮北濉溪县,https://www.xduim.com/zw/jszk,,专业：本科：政治学类、马克思主义理论类、人文教育、哲学类  研究生：政治学、马克思主义理论、哲学或其他与岗位学科相近专业
2024,教师,2024安徽教师招考,濉溪县教育局,2006 濉溪县教育局 初中生物,本科及以上,本科：生物科学类  研究生：生物学、教育学或其他与岗位学科相近专业,,笔试+面试,,,学段：初级中学；学科：生物(初级中学)；招聘职位：初中生物；招聘人数：3,安徽 淮北濉溪县,https://www.xduim.com/zw/jszk,,专业：本科：生物科学类  研究生：生物学、教育学或其他与岗位学科相近专业
2024,教师,2024安徽教师招考,濉溪县教育局,2007 濉溪县教育局 初中地理,本科及以上,本科：地理科学类  研究生：地理学、教育学或其他与岗位学科相近专业,,笔试+面试,,,学段：初级中学；学科：地理(初级中学)；招聘职位：初中地理；招聘人数：6,安徽 淮北濉溪县,https://www.xduim.com/zw/jszk,,专业：本科：地理科学类  研究生：地理学、教育学或其他与岗位学科相近专业
2024,教师,2024安徽教师招考,濉溪县教育局,2008 濉溪县教育局 初中体育,本科及以上,本科：体育学类  研究生：体育学、教育学或其他与岗位学科相近专业,,笔试+面试,,,学段：初级中学；学科：体育(初级中学)；招聘职位：初中体育；招聘人数：6,安徽 淮北濉溪县,https://www.xduim.com/zw/jszk,,专业：本科：体育学类  研究生：体育学、教育学或其他与岗位学科相近专业
2024,教师,2024安徽教师招考,濉溪县教育局,2009 濉溪县教育局 小学语文A,本科及以上,本科：中国语言文学类  研究生：中国语言文学、教育学或其他与岗位学科相近专业,,笔试+面试,,,学段：小学；学科：语文；招聘职位：小学语文A；招聘人数：10,安徽 淮北濉溪县,https://www.xduim.com/zw/jszk,,专业：本科：中国语言文学类  研究生：中国语言文学、教育学或其他与岗位学科相近专业
2024,教师,2024安徽教师招考,濉溪县教育局,2010 濉溪县教育局 小学语文B,本科及以上,本科：中国语言文学类  研究生：中国语言文学、教育学或其他与岗位学科相近专业,,笔试+面试,,,学段：小学；学科：语文；招聘职位：小学语文B；招聘人数：12,安徽 淮北濉溪县,https://www.xduim.com/zw/jszk,,专业：本科：中国语言文学类  研究生：中国语言文学、教育学或其他与岗位学科相近专业
2024,教师,2024安徽教师招考,濉溪县教育局,2011 濉溪县教育局 小学数学A,本科及以上,本科：数学类  研究生：数学、教育学或其他与岗位学科相近专业,,笔试+面试,,,学段：小学；学科：数学；招聘职位：小学数学A；招聘人数：9,安徽 淮北濉溪县,https://www.xduim.com/zw/jszk,,专业：本科：数学类  研究生：数学、教育学或其他与岗位学科相近专业
2024,教师,2024安徽教师招考,濉溪县教育局,2012 濉溪县教育局 小学数学B,本科及以上,本科：数学类  研究生：数学、教育学或其他与岗位学科相近专业,,笔试+面试,,,学段：小学；学科：数学；招聘职位：小学数学B；招聘人数：9,安徽 淮北濉溪县,https://www.xduim.com/zw/jszk,,专业：本科：数学类  研究生：数学、教育学或其他与岗位学科相近专业
2024,教师,2024安徽教师招考,濉溪县教育局,2013 濉溪县教育局 小学英语,本科及以上,本科：英语、翻译（英语方向）、商务英语  研究生：英语语言文学 、教育学或其他与岗位学科相近专业,,笔试+面试,,,学段：小学；学科：英语；招聘职位：小学英语；招聘人数：5,安徽 淮北濉溪县,https://www.xduim.com/zw/jszk,,专业：本科：英语、翻译（英语方向）、商务英语  研究生：英语语言文学 、教育学或其他与岗位学科相近专业
2024,教师,2024安徽教师招考,濉溪县教育局,2014 濉溪县教育局 小学道德 与法治,本科及以上,本科：政治学类、马克思主义理论类、人文教育、哲学类  研究生：政治学、马克思主义理论、哲学或其他与岗位学科相近专业,,笔试+面试,,,学段：小学；学科：道德 与法治；招聘职位：小学道德 与法治；招聘人数：2,安徽 淮北濉溪县,https://www.xduim.com/zw/jszk,,专业：本科：政治学类、马克思主义理论类、人文教育、哲学类  研究生：政治学、马克思主义理论、哲学或其他与岗位学科相近专业
2024,教师,2024安徽教师招考,濉溪县教育局,2015 濉溪县教育局 小学体育,本科及以上,本科：体育学类  研究生：体育学、教育学或其他与岗位学科相近专业,,笔试+面试,,,学段：小学；学科：体育；招聘职位：小学体育；招聘人数：3,安徽 淮北濉溪县,https://www.xduim.com/zw/jszk,,专业：本科：体育学类  研究生：体育学、教育学或其他与岗位学科相近专业
2024,教师,2024安徽教师招考,,341323001 高中数学,本科及以上,本科：数学类（专业代码0701） 研究生：专业不限,,笔试+面试,,,学段：高级中学；招聘职位：高中数学；招聘人数：4,安徽 宿州灵璧县,https://www.xduim.com/zw/jszk,,专业：本科：数学类（专业代码0701） 研究生：专业不限
2024,教师,2024安徽教师招考,,341323002 高中语文,本科及以上,本科：中国语言文学类（专业代码0501） 研究生：专业不限,,笔试+面试,,,学段：高级中学；招聘职位：高中语文；招聘人数：2,安徽 宿州灵璧县,https://www.xduim.com/zw/jszk,,专业：本科：中国语言文学类（专业代码0501） 研究生：专业不限
2024,教师,2024安徽教师招考,,341323003 高中物理,本科及以上,本科：理学门类、力学类（专业代码0801）、机械类（专业代码0802）材料类（专业代码0804）电气类（专业代码0806）、电子信息类（专业代码0807）、自动化类（专业代码0808） 研究生：专业不限,,笔试+面试,,,学段：高级中学；招聘职位：高中物理；招聘人数：2,安徽 宿州灵璧县,https://www.xduim.com/zw/jszk,,专业：本科：理学门类、力学类（专业代码0801）、机械类（专业代码0802）材料类（专业代码0804）电气类（专业代码0806）、电子信息类（专业代码0807）、自动化类（专业代码0808） 研究生：专业不限
2024,教师,2024安徽教师招考,,341323004 初中物理,本科及以上,本科：理学门类、工学门类 研究生：专业不限,,笔试+面试,,,学段：初级中学；招聘职位：初中物理；招聘人数：8,安徽 宿州灵璧县,https://www.xduim.com/zw/jszk,,专业：本科：理学门类、工学门类 研究生：专业不限
2024,教师,2024安徽教师招考,,341323005 初中历史,本科及以上,本科：历史学类（专业代码0601）、中国语言文学类（专业代码 0501） 研究生：专业不限,,笔试+面试,,,学段：初级中学；招聘职位：初中历史；招聘人数：5,安徽 宿州灵璧县,https://www.xduim.com/zw/jszk,,专业：本科：历史学类（专业代码0601）、中国语言文学类（专业代码 0501） 研究生：专业不限
2024,教师,2024安徽教师招考,,341323006 初中地理,本科及以上,本科：理学门类、工学门类 研究生：专业不限,,笔试+面试,,,学段：初级中学；招聘职位：初中地理；招聘人数：4,安徽 宿州灵璧县,https://www.xduim.com/zw/jszk,,专业：本科：理学门类、工学门类 研究生：专业不限
2024,教师,2024安徽教师招考,,341323007 初中生物,本科及以上,本科：理学门类、农学门类、生物工程类（专业代码0830） 研究生：专业不限,,笔试+面试,,,学段：初级中学；招聘职位：初中生物；招聘人数：4,安徽 宿州灵璧县,https://www.xduim.com/zw/jszk,,专业：本科：理学门类、农学门类、生物工程类（专业代码0830） 研究生：专业不限
2024,教师,2024安徽教师招考,,341323008 初中道德与法治,本科及以上,本科：政治学类（专业代码0302）马克思主义理论类（专业代码0305）、中国语言文学类（专业代码 0501） 研究生：专业不限,,笔试+面试,,,学段：初级中学；招聘职位：初中道德与法治；招聘人数：3,安徽 宿州灵璧县,https://www.xduim.com/zw/jszk,,专业：本科：政治学类（专业代码0302）马克思主义理论类（专业代码0305）、中国语言文学类（专业代码 0501） 研究生：专业不限
2023,教师,2023安徽教师招考,,341323001 初中地理 1,本科及以上,本科：理学门类、工学门类 研究生：专业不限,,笔试+面试,,,招聘职位：初中地理 1；招聘人数：10,安徽 宿州灵璧县,https://www.xduim.com/zw/jszk,,专业：本科：理学门类、工学门类 研究生：专业不限
2023,教师,2023安徽教师招考,,341323002 初中地理 2,本科及以上,本科：理学门类、工学门类 研究生：专业不限,,笔试+面试,,,招聘职位：初中地理 2；招聘人数：10,安徽 宿州灵璧县,https://www.xduim.com/zw/jszk,,专业：本科：理学门类、工学门类 研究生：专业不限
2023,教师,2023安徽教师招考,,341323003 初中生物 1,本科及以上,本科：理学门类、农学门类、 生物工程类（专业代码 0830） 研究生：专业不限,,笔试+面试,,,招聘职位：初中生物 1；招聘人数：13,安徽 宿州灵璧县,https://www.xduim.com/zw/jszk,,专业：本科：理学门类、农学门类、 生物工程类（专业代码 0830） 研究生：专业不限
2023,教师,2023安徽教师招考,,341323004 初中生物 2,本科及以上,本科：理学门类、农学门类、 生物工程类（专业代码 0830） 研究生：专业不限,,笔试+面试,,,招聘职位：初中生物 2；招聘人数：12,安徽 宿州灵璧县,https://www.xduim.com/zw/jszk,,专业：本科：理学门类、农学门类、 生物工程类（专业代码 0830） 研究生：专业不限
2023,教师,2023安徽教师招考,,341323005 初中道德与  法治 1,本科及以上,本科：政治学类（专业代码 0302）马克思主义理论类（专 业代码 0305）、中国语言文学 类（专业代码 0501） 研究生：专业不限,,笔试+面试,,,招聘职位：初中道德与  法治 1；招聘人数：10,安徽 宿州灵璧县,https://www.xduim.com/zw/jszk,,专业：本科：政治学类（专业代码 0302）马克思主义理论类（专 业代码 0305）、中国语言文学 类（专业代码 0501） 研究生：专业不限
2023,教师,2023安徽教师招考,,341323006 初中道德与  法治 2,本科及以上,本科：政治学类（专业代码 0302）马克思主义理论类（专 业代码 0305）、中国语言文学 类（专业代码 0501） 研究生：专业不限,,笔试+面试,,,招聘职位：初中道德与  法治 2；招聘人数：10,安徽 宿州灵璧县,https://www.xduim.com/zw/jszk,,专业：本科：政治学类（专业代码 0302）马克思主义理论类（专 业代码 0305）、中国语言文学 类（专业代码 0501） 研究生：专业不限
2023,教师,2023安徽教师招考,,341323007 初中体育,本科及以上,本科：体育学类（专业代码 0402） 研究生：专业不限,,笔试+面试,,,招聘职位：初中体育；招聘人数：6,安徽 宿州灵璧县,https://www.xduim.com/zw/jszk,,专业：本科：体育学类（专业代码 0402） 研究生：专业不限
2023,教师,2023安徽教师招考,,341323008 初中心理健  康教育,本科及以上,本科：心理学类（专业代码 0711） 研究生：专业不限,,笔试+面试,,,招聘职位：初中心理健  康教育；招聘人数：9,安徽 宿州灵璧县,https://www.xduim.com/zw/jszk,,专业：本科：心理学类（专业代码 0711） 研究生：专业不限
2023,教师,2023安徽教师招考,,341323009 初中英语 1,本科及以上,本科：英语（专业代码 050201、 050262） 研究生：专业不限,,笔试+面试,,,招聘职位：初中英语 1；招聘人数：15,安徽 宿州灵璧县,https://www.xduim.com/zw/jszk,,专业：本科：英语（专业代码 050201、 050262） 研究生：专业不限
2023,教师,2023安徽教师招考,,341323010 初中英语 2,本科及以上,本科：英语（专业代码 050201、 050262） 研究生：专业不限,,笔试+面试,,,招聘职位：初中英语 2；招聘人数：15,安徽 宿州灵璧县,https://www.xduim.com/zw/jszk,,专业：本科：英语（专业代码 050201、 050262） 研究生：专业不限
2023,教师,2023安徽教师招考,,341323011 初中语文 1,本科及以上,本科：中国语言文学类（专业 代码 0501） 研究生：专业不限,,笔试+面试,,,招聘职位：初中语文 1；招聘人数：15,安徽 宿州灵璧县,https://www.xduim.com/zw/jszk,,专业：本科：中国语言文学类（专业 代码 0501） 研究生：专业不限
2023,教师,2023安徽教师招考,,341323012 初中语文 2,本科及以上,本科：中国语言文学类（专业 代码 0501） 研究生：专业不限,,笔试+面试,,,招聘职位：初中语文 2；招聘人数：15,安徽 宿州灵璧县,https://www.xduim.com/zw/jszk,,专业：本科：中国语言文学类（专业 代码 0501） 研究生：专业不限
2023,教师,2023安徽教师招考,,341323013 初中数学 1,本科及以上,本科：数学类（专业代码 0701） 统计学类（专业代码 0712） 研究生：专业不限,,笔试+面试,,,招聘职位：初中数学 1；招聘人数：15,安徽 宿州灵璧县,https://www.xduim.com/zw/jszk,,专业：本科：数学类（专业代码 0701） 统计学类（专业代码 0712） 研究生：专业不限
2023,教师,2023安徽教师招考,,341323014 初中数学 2,本科及以上,本科：数学类（专业代码 0701） 统计学类（专业代码 0712） 研究生：专业不限,,笔试+面试,,,招聘职位：初中数学 2；招聘人数：15,安徽 宿州灵璧县,https://www.xduim.com/zw/jszk,,专业：本科：数学类（专业代码 0701） 统计学类（专业代码 0712） 研究生：专业不限
2023,教师,2023安徽教师招考,,341323015 初中物理,本科及以上,本科：理学门类、工学门类 研究生：专业不限,,笔试+面试,,,招聘职位：初中物理；招聘人数：15,安徽 宿州灵璧县,https://www.xduim.com/zw/jszk,,专业：本科：理学门类、工学门类 研究生：专业不限
2023,教师,2023安徽教师招考,,341323016 初中化学,本科及以上,本科：理学门类、工学门类 研究生：专业不限,,笔试+面试,,,招聘职位：初中化学；招聘人数：10,安徽 宿州灵璧县,https://www.xduim.com/zw/jszk,,专业：本科：理学门类、工学门类 研究生：专业不限
2023,教师,2023安徽教师招考,,341323017 初中美术,本科及以上,本科：美术学类（专业代码 1304）设计学类（专业代码 1305） 研究生：专业不限,,笔试+面试,,,招聘职位：初中美术；招聘人数：10,安徽 宿州灵璧县,https://www.xduim.com/zw/jszk,,专业：本科：美术学类（专业代码 1304）设计学类（专业代码 1305） 研究生：专业不限
2023,教师,2023安徽教师招考,,341323018 初中音乐,本科及以上,本科：音乐与舞蹈学类（专业 代码 1302）戏剧与影视学类 （专业代码 1303） 研究生：专业不限,,笔试+面试,,,招聘职位：初中音乐；招聘人数：10,安徽 宿州灵璧县,https://www.xduim.com/zw/jszk,,专业：本科：音乐与舞蹈学类（专业 代码 1302）戏剧与影视学类 （专业代码 1303） 研究生：专业不限
2023,教师,2023安徽教师招考,,341323019 初中历史,本科及以上,本科：历史学类（专业代码 0601）、中国语言文学类（专 业代码 0501） 研究生：专业不限,,笔试+面试,,,招聘职位：初中历史；招聘人数：7,安徽 宿州灵璧县,https://www.xduim.com/zw/jszk,,专业：本科：历史学类（专业代码 0601）、中国语言文学类（专 业代码 0501） 研究生：专业不限
2023,教师,2023安徽教师招考,,341323020 高中物理,本科及以上,本科：理学门类、力学类（专 业代码 0801）、机械类（专业 代码 0802）材料类（专业代码 0804）电气类（专业代码 0806）、电子信息类（专业代 码 0807）、自动化类（专业代 码 0808） 研究生：专业不限,,笔试+面试,,,招聘职位：高中物理；招聘人数：10,安徽 宿州灵璧县,https://www.xduim.com/zw/jszk,,专业：本科：理学门类、力学类（专 业代码 0801）、机械类（专业 代码 0802）材料类（专业代码 0804）电气类（专业代码 0806）、电子信息类（专业代 码 0807）、自动化类（专业代 码 0808） 研究生：专业不限
2023,教师,2023安徽教师招考,烈山区教育局,5001 烈山区教育局 初中数学,本科及以上,本科：数学类；  硕士研究生及以上：不限专业。,,笔试+面试,,,招聘职位：初中数学；招聘人数：1,安徽 淮北烈山区,https://www.xduim.com/zw/jszk,,专业：本科：数学类；  硕士研究生及以上：不限专业。
2023,教师,2023安徽教师招考,烈山区教育局,5002 烈山区教育局 初中历史,本科及以上,本科：历史学类  硕士研究生及以上：不限专业。,,笔试+面试,,,招聘职位：初中历史；招聘人数：1,安徽 淮北烈山区,https://www.xduim.com/zw/jszk,,专业：本科：历史学类  硕士研究生及以上：不限专业。
2023,教师,2023安徽教师招考,烈山区教育局,5003 烈山区教育局 初中数学,本科及以上,本科：数学类；  硕士研究生及以上：不限专业。,,笔试+面试,,,招聘职位：初中数学；招聘人数：1,安徽 淮北烈山区,https://www.xduim.com/zw/jszk,,专业：本科：数学类；  硕士研究生及以上：不限专业。
2023,教师,2023安徽教师招考,琅琊区教育体育局,琅琊区教育体育局 初中语文,本科及以上,本科：汉语言文学、汉语言、汉语国际教育；研究生：中国语言文学、汉语国际教育、学科教学（语文）、课程与教学论（语文方向）,,笔试+面试,,,学段：初级中学；学科：语文；招聘职位：初中语文；招聘人数：3,安徽 滁州琅琊区,https://www.xduim.com/zw/jszk,,专业：本科：汉语言文学、汉语言、汉语国际教育；研究生：中国语言文学、汉语国际教育、学科教学（语文）、课程与教学论（语文方向）
2023,教师,2023安徽教师招考,琅琊区教育体育局,琅琊区教育体育局 初中数学,本科及以上,本科：数学类；研究生：数学、学科教学（数学）、课程与教学论（数学方向）,,笔试+面试,,,学段：初级中学；学科：数学；招聘职位：初中数学；招聘人数：1,安徽 滁州琅琊区,https://www.xduim.com/zw/jszk,,专业：本科：数学类；研究生：数学、学科教学（数学）、课程与教学论（数学方向）
2023,教师,2023安徽教师招考,琅琊区教育体育局,琅琊区教育体育局 初中英语,本科及以上,本科：英语、商务英语、翻译；研究生：英语语言文学、翻译（英语方向）、外国语言学及应用语言学、学科教学（英语）、课程与教学论（英语方向）,,笔试+面试,,,学段：初级中学；学科：英语；招聘职位：初中英语；招聘人数：4,安徽 滁州琅琊区,https://www.xduim.com/zw/jszk,,专业：本科：英语、商务英语、翻译；研究生：英语语言文学、翻译（英语方向）、外国语言学及应用语言学、学科教学（英语）、课程与教学论（英语方向）
2023,教师,2023安徽教师招考,琅琊区教育体育局,琅琊区教育体育局 初中生物,本科及以上,本科：生物科学类；研究生：生物学、学科教学（生物）、课程与教学论（生物方向）,,笔试+面试,,,学段：初级中学；学科：生物；招聘职位：初中生物；招聘人数：1,安徽 滁州琅琊区,https://www.xduim.com/zw/jszk,,专业：本科：生物科学类；研究生：生物学、学科教学（生物）、课程与教学论（生物方向）
2023,教师,2023安徽教师招考,琅琊区教育体育局,琅琊区教育体育局 初中地理,本科及以上,本科：地理科学类；研究生：地理学、学科教学（地理）、课程与教学论（地理方向）,,笔试+面试,,,学段：初级中学；学科：地理；招聘职位：初中地理；招聘人数：2,安徽 滁州琅琊区,https://www.xduim.com/zw/jszk,,专业：本科：地理科学类；研究生：地理学、学科教学（地理）、课程与教学论（地理方向）
2023,教师,2023安徽教师招考,琅琊区教育体育局,琅琊区教育体育局 初中音乐,本科及以上,本科：音乐与舞蹈学类、艺术教育；研究生：音乐学、舞蹈学、音乐与舞蹈学、音乐、舞蹈、学科教学（音乐）,,笔试+面试,,,学段：初级中学；学科：音乐；招聘职位：初中音乐；招聘人数：1,安徽 滁州琅琊区,https://www.xduim.com/zw/jszk,,专业：本科：音乐与舞蹈学类、艺术教育；研究生：音乐学、舞蹈学、音乐与舞蹈学、音乐、舞蹈、学科教学（音乐）
2023,教师,2023安徽教师招考,琅琊区教育体育局,琅琊区教育体育局 初中体育,本科及以上,本科：体育学类；研究生：体育学、体育、学科教学(体育),,笔试+面试,,,学段：初级中学；学科：体育；招聘职位：初中体育；招聘人数：2,安徽 滁州琅琊区,https://www.xduim.com/zw/jszk,,专业：本科：体育学类；研究生：体育学、体育、学科教学(体育)
2023,教师,2023安徽教师招考,琅琊区教育体育局,琅琊区教育体育局 初中美术,本科及以上,本科：美术学类、设计学类、动画、艺术教育；研究生：美术学、设计学、设计艺术学、艺术设计、学科教学（美术）,,笔试+面试,,,学段：初级中学；学科：美术；招聘职位：初中美术；招聘人数：1,安徽 滁州琅琊区,https://www.xduim.com/zw/jszk,,专业：本科：美术学类、设计学类、动画、艺术教育；研究生：美术学、设计学、设计艺术学、艺术设计、学科教学（美术）
2023,教师,2023安徽教师招考,琅琊区教育体育局,琅琊区教育体育局 初中信息科技,本科及以上,本科：计算机类；研究生：计算机科学与技术,,笔试+面试,,,学段：初级中学；学科：信息科技；招聘职位：初中信息科技；招聘人数：1,安徽 滁州琅琊区,https://www.xduim.com/zw/jszk,,专业：本科：计算机类；研究生：计算机科学与技术
2023,教师,2023安徽教师招考,琅琊区教育体育局,琅琊区教育体育局 小学语文A,本科及以上,本科：汉语言文学、汉语言、汉语国际教育、小学教育；研究生：中国语言文学、汉语国际教育、小学教育、学科教学（语文）、课程与教学论（语文方向）,,笔试+面试,,,学段：小学；学科：语文；招聘职位：小学语文A；招聘人数：15,安徽 滁州琅琊区,https://www.xduim.com/zw/jszk,,专业：本科：汉语言文学、汉语言、汉语国际教育、小学教育；研究生：中国语言文学、汉语国际教育、小学教育、学科教学（语文）、课程与教学论（语文方向）
2023,教师,2023安徽教师招考,琅琊区教育体育局,琅琊区教育体育局 小学语文B,本科及以上,本科：汉语言文学、汉语言、汉语国际教育、小学教育；研究生：中国语言文学、汉语国际教育、小学教育、学科教学（语文）、课程与教学论（语文方向）,,笔试+面试,,,学段：小学；学科：语文；招聘职位：小学语文B；招聘人数：15,安徽 滁州琅琊区,https://www.xduim.com/zw/jszk,,专业：本科：汉语言文学、汉语言、汉语国际教育、小学教育；研究生：中国语言文学、汉语国际教育、小学教育、学科教学（语文）、课程与教学论（语文方向）
2023,教师,2023安徽教师招考,琅琊区教育体育局,琅琊区教育体育局 小学语文C,本科及以上,本科：汉语言文学、汉语言、汉语国际教育、小学教育；研究生：中国语言文学、汉语国际教育、小学教育、学科教学（语文）、课程与教学论（语文方向）,,笔试+面试,,,学段：小学；学科：语文；招聘职位：小学语文C；招聘人数：15,安徽 滁州琅琊区,https://www.xduim.com/zw/jszk,,专业：本科：汉语言文学、汉语言、汉语国际教育、小学教育；研究生：中国语言文学、汉语国际教育、小学教育、学科教学（语文）、课程与教学论（语文方向）
2023,教师,2023安徽教师招考,琅琊区教育体育局,琅琊区教育体育局 小学语文D,本科及以上,本科：汉语言文学、汉语言、汉语国际教育、小学教育；研究生：中国语言文学、汉语国际教育、小学教育、学科教学（语文）、课程与教学论（语文方向）,,笔试+面试,,,学段：小学；学科：语文；招聘职位：小学语文D；招聘人数：12,安徽 滁州琅琊区,https://www.xduim.com/zw/jszk,,专业：本科：汉语言文学、汉语言、汉语国际教育、小学教育；研究生：中国语言文学、汉语国际教育、小学教育、学科教学（语文）、课程与教学论（语文方向）
2023,教师,2023安徽教师招考,琅琊区教育体育局,琅琊区教育体育局 小学数学A,本科及以上,本科：数学类、小学教育；研究生：数学、小学教育、学科教学（数学）、课程与教学论（数学方向）,,笔试+面试,,,学段：小学；学科：数学；招聘职位：小学数学A；招聘人数：15,安徽 滁州琅琊区,https://www.xduim.com/zw/jszk,,专业：本科：数学类、小学教育；研究生：数学、小学教育、学科教学（数学）、课程与教学论（数学方向）
2023,教师,2023安徽教师招考,琅琊区教育体育局,琅琊区教育体育局 小学数学B,本科及以上,本科：数学类、小学教育；研究生：数学、小学教育、学科教学（数学）、课程与教学论（数学方向）,,笔试+面试,,,学段：小学；学科：数学；招聘职位：小学数学B；招聘人数：15,安徽 滁州琅琊区,https://www.xduim.com/zw/jszk,,专业：本科：数学类、小学教育；研究生：数学、小学教育、学科教学（数学）、课程与教学论（数学方向）
2023,教师,2023安徽教师招考,琅琊区教育体育局,琅琊区教育体育局 小学数学C,本科及以上,本科：数学类、小学教育；研究生：数学、小学教育、学科教学（数学）、课程与教学论（数学方向）,,笔试+面试,,,学段：小学；学科：数学；招聘职位：小学数学C；招聘人数：15,安徽 滁州琅琊区,https://www.xduim.com/zw/jszk,,专业：本科：数学类、小学教育；研究生：数学、小学教育、学科教学（数学）、课程与教学论（数学方向）
2023,教师,2023安徽教师招考,琅琊区教育体育局,琅琊区教育体育局 小学数学D,本科及以上,本科：数学类、小学教育；研究生：数学、小学教育、学科教学（数学）、课程与教学论（数学方向）,,笔试+面试,,,学段：小学；学科：数学；招聘职位：小学数学D；招聘人数：13,安徽 滁州琅琊区,https://www.xduim.com/zw/jszk,,专业：本科：数学类、小学教育；研究生：数学、小学教育、学科教学（数学）、课程与教学论（数学方向）
2023,教师,2023安徽教师招考,琅琊区教育体育局,琅琊区教育体育局 小学英语,本科及以上,本科：英语、商务英语、翻译、小学教育； 研究生：英语语言文学、翻译（英语方向）、外国语言学及应用语言学、小学教育、学科教学（英语）、课程与教学论（英语方向）,,笔试+面试,,,学段：小学；学科：英语；招聘职位：小学英语；招聘人数：6,安徽 滁州琅琊区,https://www.xduim.com/zw/jszk,,专业：本科：英语、商务英语、翻译、小学教育； 研究生：英语语言文学、翻译（英语方向）、外国语言学及应用语言学、小学教育、学科教学（英语）、课程与教学论（英语方向）
2023,教师,2023安徽教师招考,琅琊区教育体育局,琅琊区教育体育局 小学音乐A,本科及以上,本科：音乐与舞蹈学类、艺术教育；研究生：音乐学、舞蹈学、音乐与舞蹈学、音乐、舞蹈、学科教学（音乐）,,笔试+面试,,,学段：小学；学科：音乐；招聘职位：小学音乐A；招聘人数：5,安徽 滁州琅琊区,https://www.xduim.com/zw/jszk,,专业：本科：音乐与舞蹈学类、艺术教育；研究生：音乐学、舞蹈学、音乐与舞蹈学、音乐、舞蹈、学科教学（音乐）
2023,教师,2023安徽教师招考,琅琊区教育体育局,琅琊区教育体育局 小学音乐B,本科及以上,本科：音乐与舞蹈学类、艺术教育；研究生：音乐学、舞蹈学、音乐与舞蹈学、音乐、舞蹈、学科教学（音乐）,,笔试+面试,,,学段：小学；学科：音乐；招聘职位：小学音乐B；招聘人数：2,安徽 滁州琅琊区,https://www.xduim.com/zw/jszk,,专业：本科：音乐与舞蹈学类、艺术教育；研究生：音乐学、舞蹈学、音乐与舞蹈学、音乐、舞蹈、学科教学（音乐）
2024,教师,2024安徽教师招考,琅琊区教育体育局,琅琊区教育体育局 高中物理,本科及以上,本科：物理学类、天文学类、力学类、电子信息类；研究生：物理学、天文学、力学、电子科学与技术、电子信息、遥感（智能、纳米）科学与技术、学科教学（物理）、课程与教学论（物理方向）,,笔试+面试,,,学段：高级中学；学科：物理；招聘职位：高中物理；招聘人数：1,安徽 滁州琅琊区,https://www.xduim.com/zw/jszk,,专业：本科：物理学类、天文学类、力学类、电子信息类；研究生：物理学、天文学、力学、电子科学与技术、电子信息、遥感（智能、纳米）科学与技术、学科教学（物理）、课程与教学论（物理方向）
2024,教师,2024安徽教师招考,琅琊区教育体育局,琅琊区教育体育局 高中化学,本科及以上,本科：化学类；研究生：化学、学科教学（化学）、课程与教学论（化学方向）,,笔试+面试,,,学段：高级中学；学科：化学；招聘职位：高中化学；招聘人数：1,安徽 滁州琅琊区,https://www.xduim.com/zw/jszk,,专业：本科：化学类；研究生：化学、学科教学（化学）、课程与教学论（化学方向）
2024,教师,2024安徽教师招考,琅琊区教育体育局,琅琊区教育体育局 高中生物,本科及以上,本科：生物科学类、生物工程类、生物医学工程类；研究生：生物学、生物工程、生物医学工程、学科教学（生物）、课程与教学论（生物方向）,,笔试+面试,,,学段：高级中学；学科：生物；招聘职位：高中生物；招聘人数：1,安徽 滁州琅琊区,https://www.xduim.com/zw/jszk,,专业：本科：生物科学类、生物工程类、生物医学工程类；研究生：生物学、生物工程、生物医学工程、学科教学（生物）、课程与教学论（生物方向）
2024,教师,2024安徽教师招考,琅琊区教育体育局,琅琊区教育体育局 初中语文,本科及以上,本科：汉语言文学、汉语言、汉语国际教育；研究生：中国语言文学、国际中文教育、学科教学（语文）、课程与教学论（语文方向）,,笔试+面试,,,学段：初级中学；学科：语文；招聘职位：初中语文；招聘人数：4,安徽 滁州琅琊区,https://www.xduim.com/zw/jszk,,专业：本科：汉语言文学、汉语言、汉语国际教育；研究生：中国语言文学、国际中文教育、学科教学（语文）、课程与教学论（语文方向）
2024,教师,2024安徽教师招考,琅琊区教育体育局,琅琊区教育体育局 初中数学,本科及以上,本科：数学类、统计学类；研究生：数学、统计学、学科教学（数学）、课程与教学论（数学方向）,,笔试+面试,,,学段：初级中学；学科：数学；招聘职位：初中数学；招聘人数：3,安徽 滁州琅琊区,https://www.xduim.com/zw/jszk,,专业：本科：数学类、统计学类；研究生：数学、统计学、学科教学（数学）、课程与教学论（数学方向）
2024,教师,2024安徽教师招考,琅琊区教育体育局,琅琊区教育体育局 初中英语,本科及以上,本科：英语、商务英语、翻译（英语方向）；研究生：外国语言文学（英语方向）、翻译（英语方向）、学科教学（英语）、课程与教学论（英语方向）,,笔试+面试,,,学段：初级中学；学科：英语；招聘职位：初中英语；招聘人数：5,安徽 滁州琅琊区,https://www.xduim.com/zw/jszk,,专业：本科：英语、商务英语、翻译（英语方向）；研究生：外国语言文学（英语方向）、翻译（英语方向）、学科教学（英语）、课程与教学论（英语方向）
2024,教师,2024安徽教师招考,琅琊区教育体育局,琅琊区教育体育局 初中物理,本科及以上,本科：物理学类、天文学类、力学类、电子信息类；研究生：物理学、天文学、力学、电子科学与技术、电子信息、遥感（智能、纳米）科学与技术、学科教学（物理）、课程与教学论（物理方向）,,笔试+面试,,,学段：初级中学；学科：物理；招聘职位：初中物理；招聘人数：3,安徽 滁州琅琊区,https://www.xduim.com/zw/jszk,,专业：本科：物理学类、天文学类、力学类、电子信息类；研究生：物理学、天文学、力学、电子科学与技术、电子信息、遥感（智能、纳米）科学与技术、学科教学（物理）、课程与教学论（物理方向）
2024,教师,2024安徽教师招考,琅琊区教育体育局,琅琊区教育体育局 初中化学,本科及以上,本科：化学类；研究生：化学、学科教学（化学）、课程与教学论（化学方向）,,笔试+面试,,,学段：初级中学；学科：化学；招聘职位：初中化学；招聘人数：2,安徽 滁州琅琊区,https://www.xduim.com/zw/jszk,,专业：本科：化学类；研究生：化学、学科教学（化学）、课程与教学论（化学方向）
2024,教师,2024安徽教师招考,琅琊区教育体育局,琅琊区教育体育局 初中历史,本科及以上,本科：历史学类、人文教育；研究生：历史学、学科教学（历史）、课程与教学论（历史方向）,,笔试+面试,,,学段：初级中学；学科：历史；招聘职位：初中历史；招聘人数：1,安徽 滁州琅琊区,https://www.xduim.com/zw/jszk,,专业：本科：历史学类、人文教育；研究生：历史学、学科教学（历史）、课程与教学论（历史方向）
2024,教师,2024安徽教师招考,琅琊区教育体育局,琅琊区教育体育局 初中地理,本科及以上,本科：地理科学类；研究生：地理学、大气科学、海洋科学、地球物理学、地质学、学科教学（地理）、课程与教学论（地理方向）,,笔试+面试,,,学段：初级中学；学科：地理；招聘职位：初中地理；招聘人数：3,安徽 滁州琅琊区,https://www.xduim.com/zw/jszk,,专业：本科：地理科学类；研究生：地理学、大气科学、海洋科学、地球物理学、地质学、学科教学（地理）、课程与教学论（地理方向）
2024,教师,2024安徽教师招考,琅琊区教育体育局,琅琊区教育体育局 初中体育,本科及以上,本科：体育学类；研究生：体育学、体育、学科教学(体育),,笔试+面试,,,学段：初级中学；学科：体育；招聘职位：初中体育；招聘人数：2,安徽 滁州琅琊区,https://www.xduim.com/zw/jszk,,专业：本科：体育学类；研究生：体育学、体育、学科教学(体育)
2024,教师,2024安徽教师招考,琅琊区教育体育局,琅琊区教育体育局 初中信息科技,本科及以上,本科：计算机类、教育技术学；研究生：计算机科学与技术、教育技术学、现代教育技术、科学与技术教育、计算机技术、软件工程、人工智能、大数据、网络信息（空间）安全、遥感（智能）科学与技术,,笔试+面试,,,学段：初级中学；学科：信息科技；招聘职位：初中信息科技；招聘人数：1,安徽 滁州琅琊区,https://www.xduim.com/zw/jszk,,专业：本科：计算机类、教育技术学；研究生：计算机科学与技术、教育技术学、现代教育技术、科学与技术教育、计算机技术、软件工程、人工智能、大数据、网络信息（空间）安全、遥感（智能）科学与技术
2024,教师,2024安徽教师招考,琅琊区教育体育局,琅琊区教育体育局 小学语文A,本科及以上,本科：汉语言文学、汉语言、汉语国际教育、小学教育；研究生：中国语言文学、汉语国际教育、小学教育、学科教学（语文）、课程与教学论（语文方向）,,笔试+面试,,,学段：小学；学科：语文；招聘职位：小学语文A；招聘人数：12,安徽 滁州琅琊区,https://www.xduim.com/zw/jszk,,专业：本科：汉语言文学、汉语言、汉语国际教育、小学教育；研究生：中国语言文学、汉语国际教育、小学教育、学科教学（语文）、课程与教学论（语文方向）
2024,教师,2024安徽教师招考,琅琊区教育体育局,琅琊区教育体育局 小学语文B,本科及以上,本科：汉语言文学、汉语言、汉语国际教育、小学教育；研究生：中国语言文学、汉语国际教育、小学教育、学科教学（语文）、课程与教学论（语文方向）,,笔试+面试,,,学段：小学；学科：语文；招聘职位：小学语文B；招聘人数：12,安徽 滁州琅琊区,https://www.xduim.com/zw/jszk,,专业：本科：汉语言文学、汉语言、汉语国际教育、小学教育；研究生：中国语言文学、汉语国际教育、小学教育、学科教学（语文）、课程与教学论（语文方向）
2024,教师,2024安徽教师招考,琅琊区教育体育局,琅琊区教育体育局 小学语文C,本科及以上,本科：汉语言文学、汉语言、汉语国际教育、小学教育；研究生：中国语言文学、汉语国际教育、小学教育、学科教学（语文）、课程与教学论（语文方向）,,笔试+面试,,,学段：小学；学科：语文；招聘职位：小学语文C；招聘人数：11,安徽 滁州琅琊区,https://www.xduim.com/zw/jszk,,专业：本科：汉语言文学、汉语言、汉语国际教育、小学教育；研究生：中国语言文学、汉语国际教育、小学教育、学科教学（语文）、课程与教学论（语文方向）
2024,教师,2024安徽教师招考,琅琊区教育体育局,琅琊区教育体育局 小学语文D,本科及以上,本科：汉语言文学、汉语言、汉语国际教育、小学教育；研究生：中国语言文学、汉语国际教育、小学教育、学科教学（语文）、课程与教学论（语文方向）,,笔试+面试,,,学段：小学；学科：语文；招聘职位：小学语文D；招聘人数：2,安徽 滁州琅琊区,https://www.xduim.com/zw/jszk,,专业：本科：汉语言文学、汉语言、汉语国际教育、小学教育；研究生：中国语言文学、汉语国际教育、小学教育、学科教学（语文）、课程与教学论（语文方向）
2024,教师,2024安徽教师招考,琅琊区教育体育局,琅琊区教育体育局 小学数学A,本科及以上,本科：数学类、统计学类、小学教育；研究生：数学、统计学、小学教育、学科教学（数学）、课程与教学论（数学方向）。,,笔试+面试,,,学段：小学；学科：数学；招聘职位：小学数学A；招聘人数：11,安徽 滁州琅琊区,https://www.xduim.com/zw/jszk,,专业：本科：数学类、统计学类、小学教育；研究生：数学、统计学、小学教育、学科教学（数学）、课程与教学论（数学方向）。
2024,教师,2024安徽教师招考,琅琊区教育体育局,琅琊区教育体育局 小学数学B,本科及以上,本科：数学类、统计学类、小学教育；研究生：数学、统计学、小学教育、学科教学（数学）、课程与教学论（数学方向）。,,笔试+面试,,,学段：小学；学科：数学；招聘职位：小学数学B；招聘人数：11,安徽 滁州琅琊区,https://www.xduim.com/zw/jszk,,专业：本科：数学类、统计学类、小学教育；研究生：数学、统计学、小学教育、学科教学（数学）、课程与教学论（数学方向）。
2024,教师,2024安徽教师招考,琅琊区教育体育局,琅琊区教育体育局 小学数学C,本科及以上,本科：数学类、统计学类、小学教育；研究生：数学、统计学、小学教育、学科教学（数学）、课程与教学论（数学方向）。,,笔试+面试,,,学段：小学；学科：数学；招聘职位：小学数学C；招聘人数：11,安徽 滁州琅琊区,https://www.xduim.com/zw/jszk,,专业：本科：数学类、统计学类、小学教育；研究生：数学、统计学、小学教育、学科教学（数学）、课程与教学论（数学方向）。
2024,教师,2024安徽教师招考,琅琊区教育体育局,琅琊区教育体育局 小学英语,本科及以上,本科：英语、商务英语、翻译（英语方向）、小学教育；研究生：外国语言文学（英语方向）、翻译（英语方向）、小学教育、学科教学（英语）、课程与教学论（英语方向）,,笔试+面试,,,学段：小学；学科：英语；招聘职位：小学英语；招聘人数：3,安徽 滁州琅琊区,https://www.xduim.com/zw/jszk,,专业：本科：英语、商务英语、翻译（英语方向）、小学教育；研究生：外国语言文学（英语方向）、翻译（英语方向）、小学教育、学科教学（英语）、课程与教学论（英语方向）
2024,教师,2024安徽教师招考,瑶海区区属学校,20101 瑶海区区属学校 初中数学,本科及以上,专业不限,,笔试+面试,,,学段：初级中学；学科：数学(初级中学)；招聘职位：初中数学；招聘人数：1,安徽 合肥瑶海区,https://www.xduim.com/zw/jszk,,专业：专业不限
2024,教师,2024安徽教师招考,瑶海区区属学校,20102 瑶海区区属学校 初中物理,本科及以上,专业不限,,笔试+面试,,,学段：初级中学；学科：物理(初级中学)；招聘职位：初中物理；招聘人数：2,安徽 合肥瑶海区,https://www.xduim.com/zw/jszk,,专业：专业不限
2024,教师,2024安徽教师招考,瑶海区区属学校,20103 瑶海区区属学校 初中道德与法治,本科及以上,专业不限,,笔试+面试,,,学段：初级中学；学科：道德与法治(初级中学)；招聘职位：初中道德与法治；招聘人数：1,安徽 合肥瑶海区,https://www.xduim.com/zw/jszk,,专业：专业不限
2024,教师,2024安徽教师招考,瑶海区区属学校,20104 瑶海区区属学校 初中历史,本科及以上,专业不限,,笔试+面试,,,学段：初级中学；学科：历史(初级中学)；招聘职位：初中历史；招聘人数：1,安徽 合肥瑶海区,https://www.xduim.com/zw/jszk,,专业：专业不限
2024,教师,2024安徽教师招考,瑶海区区属学校,20105 瑶海区区属学校 初中体育,本科及以上,专业不限,,笔试+面试,,,学段：初级中学；学科：体育与健康(初级中学)；招聘职位：初中体育；招聘人数：4,安徽 合肥瑶海区,https://www.xduim.com/zw/jszk,,专业：专业不限
2024,教师,2024安徽教师招考,瑶海区区属学校,20106 瑶海区区属学校 初中心理健康教育,本科及以上,心理学，应用心理 学，心理健康教 育，应用心理,,笔试+面试,,,学段：初级中学；学科：心理健康教育(初级中学)；招聘职位：初中心理健康教育；招聘人数：1,安徽 合肥瑶海区,https://www.xduim.com/zw/jszk,,专业：心理学，应用心理 学，心理健康教 育，应用心理
2024,教师,2024安徽教师招考,瑶海区区属学校,20107 瑶海区区属学校 小学语文,本科及以上,专业不限,,笔试+面试,,,学段：小学；学科：小学语文(小学)；招聘职位：小学语文；招聘人数：2,安徽 合肥瑶海区,https://www.xduim.com/zw/jszk,,专业：专业不限
2024,教师,2024安徽教师招考,瑶海区区属学校,20108 瑶海区区属学校 小学数学,本科及以上,专业不限,,笔试+面试,,,学段：小学；学科：小学数学(小学)；招聘职位：小学数学；招聘人数：1,安徽 合肥瑶海区,https://www.xduim.com/zw/jszk,,专业：专业不限
2024,教师,2024安徽教师招考,瑶海区区属学校,20109 瑶海区区属学校 小学信息科技,本科及以上,专业不限,,笔试+面试,,,学段：小学；学科：小学信息技术(小学)；招聘职位：小学信息科技；招聘人数：1,安徽 合肥瑶海区,https://www.xduim.com/zw/jszk,,专业：专业不限
2024,教师,2024安徽教师招考,瑶海区区属学校,20110 瑶海区区属学校 小学体育A组,本科及以上,专业不限,,笔试+面试,,,学段：小学；学科：小学体育(小学)；招聘职位：小学体育A组；招聘人数：10,安徽 合肥瑶海区,https://www.xduim.com/zw/jszk,,专业：专业不限
2024,教师,2024安徽教师招考,瑶海区区属学校,20111 瑶海区区属学校 小学体育B组,本科及以上,专业不限,,笔试+面试,,,学段：小学；学科：小学体育(小学)；招聘职位：小学体育B组；招聘人数：1,安徽 合肥瑶海区,https://www.xduim.com/zw/jszk,,专业：专业不限
2024,教师,2024安徽教师招考,瑶海区区属学校,20112 瑶海区区属学校 小学心理健康教育 A组,本科及以上,心理学，应用心理 学，心理健康教 育，应用心理,,笔试+面试,,,学段：小学；学科：小学心理健康教育(小学)；招聘职位：小学心理健康教育 A组；招聘人数：7,安徽 合肥瑶海区,https://www.xduim.com/zw/jszk,,专业：心理学，应用心理 学，心理健康教 育，应用心理
2024,教师,2024安徽教师招考,瑶海区区属学校,20113 瑶海区区属学校 小学心理健康教育 B组,本科及以上,心理学，应用心理 学，心理健康教 育，应用心理,,笔试+面试,,,学段：小学；学科：小学心理健康教育(小学)；招聘职位：小学心理健康教育 B组；招聘人数：8,安徽 合肥瑶海区,https://www.xduim.com/zw/jszk,,专业：心理学，应用心理 学，心理健康教 育，应用心理
2023,教师,2023安徽教师招考,瑶海区区属学校,瑶海区区属学校 高中数学组,研究生及以上,专业不限,,笔试+面试,,,学段：高级中学；学科：数学(高级中学)；招聘职位：高中数学组；招聘人数：1,安徽 合肥瑶海区,https://www.xduim.com/zw/jszk,,专业：专业不限
2023,教师,2023安徽教师招考,瑶海区区属学校,瑶海区区属学校 高中心理健康教育,研究生及以上,专业不限,,笔试+面试,,,学段：高级中学；学科：心理健康教育（高级中学）；招聘职位：高中心理健康教育；招聘人数：1,安徽 合肥瑶海区,https://www.xduim.com/zw/jszk,,专业：专业不限
2023,教师,2023安徽教师招考,瑶海区区属学校,瑶海区区属学校 初中语文A组,本科及以上,专业不限,,笔试+面试,,,学段：初级中学；学科：语文(初级中学)；招聘职位：初中语文A组；招聘人数：6,安徽 合肥瑶海区,https://www.xduim.com/zw/jszk,,专业：专业不限
2023,教师,2023安徽教师招考,瑶海区区属学校,瑶海区区属学校 初中语文B组,本科及以上,专业不限,,笔试+面试,,,学段：初级中学；学科：语文(初级中学)；招聘职位：初中语文B组；招聘人数：6,安徽 合肥瑶海区,https://www.xduim.com/zw/jszk,,专业：专业不限
2023,教师,2023安徽教师招考,瑶海区区属学校,瑶海区区属学校 初中语文C组,本科及以上,专业不限,,笔试+面试,,,学段：初级中学；学科：语文(初级中学)；招聘职位：初中语文C组；招聘人数：5,安徽 合肥瑶海区,https://www.xduim.com/zw/jszk,,专业：专业不限
2023,教师,2023安徽教师招考,瑶海区区属学校,瑶海区区属学校 初中数学A组,本科及以上,专业不限,,笔试+面试,,,学段：初级中学；学科：数学(初级中学)；招聘职位：初中数学A组；招聘人数：5,安徽 合肥瑶海区,https://www.xduim.com/zw/jszk,,专业：专业不限
2023,教师,2023安徽教师招考,瑶海区区属学校,瑶海区区属学校 初中数学B组,本科及以上,专业不限,,笔试+面试,,,学段：初级中学；学科：数学(初级中学)；招聘职位：初中数学B组；招聘人数：5,安徽 合肥瑶海区,https://www.xduim.com/zw/jszk,,专业：专业不限
2023,教师,2023安徽教师招考,瑶海区区属学校,瑶海区区属学校 初中数学C组,本科及以上,专业不限,,笔试+面试,,,学段：初级中学；学科：数学(初级中学)；招聘职位：初中数学C组；招聘人数：7,安徽 合肥瑶海区,https://www.xduim.com/zw/jszk,,专业：专业不限
2023,教师,2023安徽教师招考,瑶海区区属学校,瑶海区区属学校 初中英语组,本科及以上,专业不限,,笔试+面试,,,学段：初级中学；学科：英语(初级中学)；招聘职位：初中英语组；招聘人数：5,安徽 合肥瑶海区,https://www.xduim.com/zw/jszk,,专业：专业不限
2023,教师,2023安徽教师招考,瑶海区区属学校,瑶海区区属学校 初中道德与法治组,本科及以上,专业不限,,笔试+面试,,,学段：初级中学；学科：道德与法治(初级中学)；招聘职位：初中道德与法治组；招聘人数：6,安徽 合肥瑶海区,https://www.xduim.com/zw/jszk,,专业：专业不限
2023,教师,2023安徽教师招考,瑶海区区属学校,瑶海区区属学校 初中历史组,本科及以上,专业不限,,笔试+面试,,,学段：初级中学；学科：历史(初级中学)；招聘职位：初中历史组；招聘人数：7,安徽 合肥瑶海区,https://www.xduim.com/zw/jszk,,专业：专业不限
2023,教师,2023安徽教师招考,瑶海区区属学校,瑶海区区属学校 初中物理组,本科及以上,专业不限,,笔试+面试,,,学段：初级中学；学科：物理(初级中学)；招聘职位：初中物理组；招聘人数：8,安徽 合肥瑶海区,https://www.xduim.com/zw/jszk,,专业：专业不限
2023,教师,2023安徽教师招考,瑶海区区属学校,瑶海区区属学校 初中化学组,本科及以上,专业不限,,笔试+面试,,,学段：初级中学；学科：化学(初级中学)；招聘职位：初中化学组；招聘人数：2,安徽 合肥瑶海区,https://www.xduim.com/zw/jszk,,专业：专业不限
2023,教师,2023安徽教师招考,瑶海区区属学校,瑶海区区属学校 初中地理组,本科及以上,专业不限,,笔试+面试,,,学段：初级中学；学科：地理(初级中学)；招聘职位：初中地理组；招聘人数：3,安徽 合肥瑶海区,https://www.xduim.com/zw/jszk,,专业：专业不限
2023,教师,2023安徽教师招考,瑶海区区属学校,瑶海区区属学校 初中生物组,本科及以上,专业不限,,笔试+面试,,,学段：初级中学；学科：生物(初级中学)；招聘职位：初中生物组；招聘人数：2,安徽 合肥瑶海区,https://www.xduim.com/zw/jszk,,专业：专业不限
2023,教师,2023安徽教师招考,瑶海区区属学校,瑶海区区属学校 初中音乐组,本科及以上,专业不限,,笔试+面试,,,学段：初级中学；学科：音乐(初级中学)；招聘职位：初中音乐组；招聘人数：1,安徽 合肥瑶海区,https://www.xduim.com/zw/jszk,,专业：专业不限
2023,教师,2023安徽教师招考,瑶海区区属学校,瑶海区区属学校 初中体育组,本科及以上,专业不限,,笔试+面试,,,学段：初级中学；学科：体育与健康(初级中学)；招聘职位：初中体育组；招聘人数：9,安徽 合肥瑶海区,https://www.xduim.com/zw/jszk,,专业：专业不限
2023,教师,2023安徽教师招考,瑶海区区属学校,瑶海区区属学校 初中信息技术组,本科及以上,专业不限,,笔试+面试,,,学段：初级中学；学科：信息技术(初级中学)；招聘职位：初中信息技术组；招聘人数：2,安徽 合肥瑶海区,https://www.xduim.com/zw/jszk,,专业：专业不限
2024,教师,2024安徽教师招考,田家庵区第十六小学,340403001001 田家庵区第十六小学 小学语文,本科及以上,中国语言文学类（专业代码前四位为0501）、小学教育语文方向（专业代码为040107）,,笔试+面试,,,学段：小学；学科：语文；招聘职位：小学语文；招聘人数：1,安徽 淮南田家庵区,https://www.xduim.com/zw/jszk,,专业：中国语言文学类（专业代码前四位为0501）、小学教育语文方向（专业代码为040107）
2024,教师,2024安徽教师招考,田家庵区第十六小学,340403001002 田家庵区第十六小学 小学数学,本科及以上,数学类（专业代码前四位为0701）、小学教育数学方向（专业代码为040107）,,笔试+面试,,,学段：小学；学科：数学；招聘职位：小学数学；招聘人数：1,安徽 淮南田家庵区,https://www.xduim.com/zw/jszk,,专业：数学类（专业代码前四位为0701）、小学教育数学方向（专业代码为040107）
2024,教师,2024安徽教师招考,田家庵区洞山中学,340403002001 田家庵区洞山中学 小学语文,本科及以上,中国语言文学类（专业代码前四位为0501）、小学教育语文方向（专业代码为040107）,,笔试+面试,,,学段：小学；学科：语文；招聘职位：小学语文；招聘人数：2,安徽 淮南田家庵区,https://www.xduim.com/zw/jszk,,专业：中国语言文学类（专业代码前四位为0501）、小学教育语文方向（专业代码为040107）
2024,教师,2024安徽教师招考,田家庵区洞山中学,340403002002 田家庵区洞山中学 小学数学,本科及以上,数学类（专业代码前四位为0701）、小学教育数学方向（专业代码为040107）,,笔试+面试,,,学段：小学；学科：数学；招聘职位：小学数学；招聘人数：1,安徽 淮南田家庵区,https://www.xduim.com/zw/jszk,,专业：数学类（专业代码前四位为0701）、小学教育数学方向（专业代码为040107）
2024,教师,2024安徽教师招考,田家庵区朝阳中学,340403003001 田家庵区朝阳中学 初中数学,本科及以上,数学类专业代码前四位为0701,,笔试+面试,,,学段：初级中学；学科：数学；招聘职位：初中数学；招聘人数：1,安徽 淮南田家庵区,https://www.xduim.com/zw/jszk,,专业：数学类专业代码前四位为0701
2024,教师,2024安徽教师招考,田家庵区朝阳中学,340403003002 田家庵区朝阳中学 初中物理,本科及以上,物理学类专业代码前四位为0702,,笔试+面试,,,学段：初级中学；学科：物理；招聘职位：初中物理；招聘人数：1,安徽 淮南田家庵区,https://www.xduim.com/zw/jszk,,专业：物理学类专业代码前四位为0702
2024,教师,2024安徽教师招考,田家庵区朝阳中学,340403003003 田家庵区朝阳中学 初中历史,本科及以上,历史学类专业代码前四位为0601,,笔试+面试,,,学段：初级中学；学科：历史；招聘职位：初中历史；招聘人数：1,安徽 淮南田家庵区,https://www.xduim.com/zw/jszk,,专业：历史学类专业代码前四位为0601
2024,教师,2024安徽教师招考,田家庵区朝阳中学,340403003004 田家庵区朝阳中学 初中道德与法治,本科及以上,马克思主义理论类专业代码前四位为0305，政治学类专业代码前四位为0302,,笔试+面试,,,学段：初级中学；学科：道德与法治；招聘职位：初中道德与法治；招聘人数：1,安徽 淮南田家庵区,https://www.xduim.com/zw/jszk,,专业：马克思主义理论类专业代码前四位为0305，政治学类专业代码前四位为0302
2024,教师,2024安徽教师招考,田家庵区淮河中学,340403004001 田家庵区淮河中学 初中数学,本科及以上,数学类专业代码前四位为0701,,笔试+面试,,,学段：初级中学；学科：数学；招聘职位：初中数学；招聘人数：2,安徽 淮南田家庵区,https://www.xduim.com/zw/jszk,,专业：数学类专业代码前四位为0701
2024,教师,2024安徽教师招考,田家庵区淮河中学,340403004002 田家庵区淮河中学 初中语文,本科及以上,中国语言文学类（专业代码前四位为0501）,,笔试+面试,,,学段：初级中学；学科：语文；招聘职位：初中语文；招聘人数：2,安徽 淮南田家庵区,https://www.xduim.com/zw/jszk,,专业：中国语言文学类（专业代码前四位为0501）
2024,教师,2024安徽教师招考,田家庵区淮河中学,340403004003 田家庵区淮河中学 初中历史,本科及以上,历史学类专业代码前四位为0601,,笔试+面试,,,学段：初级中学；学科：历史；招聘职位：初中历史；招聘人数：1,安徽 淮南田家庵区,https://www.xduim.com/zw/jszk,,专业：历史学类专业代码前四位为0601
2024,教师,2024安徽教师招考,田家庵区淮河中学,340403004004 田家庵区淮河中学 初中道德与法治,本科及以上,马克思主义理论类专业代码前四位为0305，政治学类专业代码前四位为0302,,笔试+面试,,,学段：初级中学；学科：道德与法治；招聘职位：初中道德与法治；招聘人数：1,安徽 淮南田家庵区,https://www.xduim.com/zw/jszk,,专业：马克思主义理论类专业代码前四位为0305，政治学类专业代码前四位为0302
2024,教师,2024安徽教师招考,田家庵区淮河中学,340403004005 田家庵区淮河中学 初中物理,本科及以上,物理学类专业代码前四位为0702,,笔试+面试,,,学段：初级中学；学科：物理；招聘职位：初中物理；招聘人数：1,安徽 淮南田家庵区,https://www.xduim.com/zw/jszk,,专业：物理学类专业代码前四位为0702
2024,教师,2024安徽教师招考,田家庵区曹岭湖中学,340403005001 田家庵区曹岭湖中学 小学语文,本科及以上,中国语言文学类（专业代码前四位为0501）、小学教育语文方向（专业代码为040107）,,笔试+面试,,,学段：小学；学科：语文；招聘职位：小学语文；招聘人数：1,安徽 淮南田家庵区,https://www.xduim.com/zw/jszk,,专业：中国语言文学类（专业代码前四位为0501）、小学教育语文方向（专业代码为040107）
2024,教师,2024安徽教师招考,田家庵区曹岭湖中学,340403005002 田家庵区曹岭湖中学 初中数学,本科及以上,数学类专业代码前四位为0701,,笔试+面试,,,学段：初级中学；学科：数学；招聘职位：初中数学；招聘人数：2,安徽 淮南田家庵区,https://www.xduim.com/zw/jszk,,专业：数学类专业代码前四位为0701
2024,教师,2024安徽教师招考,田家庵区曹岭湖中学,340403005003 田家庵区曹岭湖中学 初中历史,本科及以上,历史学类专业代码前四位为0601,,笔试+面试,,,学段：初级中学；学科：历史；招聘职位：初中历史；招聘人数：1,安徽 淮南田家庵区,https://www.xduim.com/zw/jszk,,专业：历史学类专业代码前四位为0601
2024,教师,2024安徽教师招考,田家庵区曹岭湖中学,340403005004 田家庵区曹岭湖中学 初中物理,本科及以上,物理学类专业代码前四位为0702,,笔试+面试,,,学段：初级中学；学科：物理；招聘职位：初中物理；招聘人数：1,安徽 淮南田家庵区,https://www.xduim.com/zw/jszk,,专业：物理学类专业代码前四位为0702
2024,教师,2024安徽教师招考,田家庵区龙湖中学,340403006001 田家庵区龙湖中学 小学语文,本科及以上,中国语言文学类（专业代码前四位为0501）、小学教育语文方向（专业代码为040107）,,笔试+面试,,,学段：小学；学科：语文；招聘职位：小学语文；招聘人数：2,安徽 淮南田家庵区,https://www.xduim.com/zw/jszk,,专业：中国语言文学类（专业代码前四位为0501）、小学教育语文方向（专业代码为040107）
2024,教师,2024安徽教师招考,田家庵区龙湖中学,340403006002 田家庵区龙湖中学 小学数学,本科及以上,数学类（专业代码前四位为0701）、小学教育数学方向（专业代码为040107）,,笔试+面试,,,学段：小学；学科：数学；招聘职位：小学数学；招聘人数：1,安徽 淮南田家庵区,https://www.xduim.com/zw/jszk,,专业：数学类（专业代码前四位为0701）、小学教育数学方向（专业代码为040107）
2024,教师,2024安徽教师招考,田家庵区龙湖中学,340403006003 田家庵区龙湖中学 初中数学,本科及以上,数学类专业代码前四位为0701,,笔试+面试,,,学段：初级中学；学科：数学；招聘职位：初中数学；招聘人数：1,安徽 淮南田家庵区,https://www.xduim.com/zw/jszk,,专业：数学类专业代码前四位为0701
2023,教师,2023安徽教师招考,田家庵区第五小学,340403001001 田家庵区第五小学 特殊教育,专科及以上,特殊教育,,笔试+面试,,,学段：小学；学科：特殊教育；招聘职位：特殊教育；招聘人数：1,安徽 淮南田家庵区,https://www.xduim.com/zw/jszk,,专业：特殊教育
2023,教师,2023安徽教师招考,田家庵区第七小学,340403002001 田家庵区第七小学 小学语文,本科及以上,专业不限,,笔试+面试,,,学段：小学；学科：语文；招聘职位：小学语文；招聘人数：1,安徽 淮南田家庵区,https://www.xduim.com/zw/jszk,,专业：专业不限
2023,教师,2023安徽教师招考,田家庵区第十六小学,340403003001 田家庵区第十六小学 小学语文,本科及以上,专业不限,,笔试+面试,,,学段：小学；学科：语文；招聘职位：小学语文；招聘人数：1,安徽 淮南田家庵区,https://www.xduim.com/zw/jszk,,专业：专业不限
2023,教师,2023安徽教师招考,田家庵区第十六小学,340403003002 田家庵区第十六小学 小学数学,本科及以上,专业不限,,笔试+面试,,,学段：小学；学科：数学；招聘职位：小学数学；招聘人数：1,安徽 淮南田家庵区,https://www.xduim.com/zw/jszk,,专业：专业不限
2023,教师,2023安徽教师招考,田家庵区第十六小学,340403003003 田家庵区第十六小学 小学科学,本科及以上,专业不限,,笔试+面试,,,学段：小学；学科：科学；招聘职位：小学科学；招聘人数：1,安徽 淮南田家庵区,https://www.xduim.com/zw/jszk,,专业：专业不限
2023,教师,2023安徽教师招考,田家庵区第十六小学,340403003004 田家庵区第十六小学 小学道德与法治,本科及以上,专业不限,,笔试+面试,,,学段：小学；学科：道德与法治；招聘职位：小学道德与法治；招聘人数：1,安徽 淮南田家庵区,https://www.xduim.com/zw/jszk,,专业：专业不限
2023,教师,2023安徽教师招考,田家庵区第十七小学,340403004001 田家庵区第十七小学 小学语文,本科及以上,专业不限,,笔试+面试,,,学段：小学；学科：语文；招聘职位：小学语文；招聘人数：1,安徽 淮南田家庵区,https://www.xduim.com/zw/jszk,,专业：专业不限
2023,教师,2023安徽教师招考,田家庵区第十七小学,340403004002 田家庵区第十七小学 小学数学,本科及以上,专业不限,,笔试+面试,,,学段：小学；学科：数学；招聘职位：小学数学；招聘人数：1,安徽 淮南田家庵区,https://www.xduim.com/zw/jszk,,专业：专业不限
2023,教师,2023安徽教师招考,田家庵区第十八小学,340403005001 田家庵区第十八小学 小学语文,本科及以上,专业不限,,笔试+面试,,,学段：小学；学科：语文；招聘职位：小学语文；招聘人数：1,安徽 淮南田家庵区,https://www.xduim.com/zw/jszk,,专业：专业不限
2023,教师,2023安徽教师招考,田家庵区龙湖中学,340403006001 田家庵区龙湖中学 小学语文,本科及以上,专业不限,,笔试+面试,,,学段：小学；学科：语文；招聘职位：小学语文；招聘人数：1,安徽 淮南田家庵区,https://www.xduim.com/zw/jszk,,专业：专业不限
2023,教师,2023安徽教师招考,田家庵区龙湖中学,340403006002 田家庵区龙湖中学 小学数学,本科及以上,专业不限,,笔试+面试,,,学段：小学；学科：数学；招聘职位：小学数学；招聘人数：1,安徽 淮南田家庵区,https://www.xduim.com/zw/jszk,,专业：专业不限
2023,教师,2023安徽教师招考,田家庵区龙湖中学,340403006003 田家庵区龙湖中学 初中语文,本科及以上,中国语言文学类专业代码前四位为0501,,笔试+面试,,,学段：初级中学；学科：语文；招聘职位：初中语文；招聘人数：3,安徽 淮南田家庵区,https://www.xduim.com/zw/jszk,,专业：中国语言文学类专业代码前四位为0501
2023,教师,2023安徽教师招考,田家庵区龙湖中学,340403006004 田家庵区龙湖中学 初中数学,本科及以上,数学类专业代码前四位为0701,,笔试+面试,,,学段：初级中学；学科：数学；招聘职位：初中数学；招聘人数：4,安徽 淮南田家庵区,https://www.xduim.com/zw/jszk,,专业：数学类专业代码前四位为0701
2023,教师,2023安徽教师招考,田家庵区龙湖中学,340403006005 田家庵区龙湖中学 初中英语,本科及以上,外国语言文学类专业代码前四位为0502,,笔试+面试,,,学段：初级中学；学科：英语；招聘职位：初中英语；招聘人数：2,安徽 淮南田家庵区,https://www.xduim.com/zw/jszk,,专业：外国语言文学类专业代码前四位为0502
2023,教师,2023安徽教师招考,田家庵区民生中学,340403007001 田家庵区民生中学 小学语文,本科及以上,专业不限,,笔试+面试,,,学段：小学；学科：语文；招聘职位：小学语文；招聘人数：3,安徽 淮南田家庵区,https://www.xduim.com/zw/jszk,,专业：专业不限
2023,教师,2023安徽教师招考,田家庵区民生中学,340403007002 田家庵区民生中学 初中语文,本科及以上,中国语言文学类专业代码前四位为0501,,笔试+面试,,,学段：初级中学；学科：语文；招聘职位：初中语文；招聘人数：2,安徽 淮南田家庵区,https://www.xduim.com/zw/jszk,,专业：中国语言文学类专业代码前四位为0501
2023,教师,2023安徽教师招考,田家庵区民生中学,340403007003 田家庵区民生中学 初中数学,本科及以上,数学类专业代码前四位为0701,,笔试+面试,,,学段：初级中学；学科：数学；招聘职位：初中数学；招聘人数：2,安徽 淮南田家庵区,https://www.xduim.com/zw/jszk,,专业：数学类专业代码前四位为0701
2023,教师,2023安徽教师招考,田家庵区民生中学,340403007004 田家庵区民生中学 初中英语,本科及以上,外国语言文学类专业代码前四位为0502,,笔试+面试,,,学段：初级中学；学科：英语；招聘职位：初中英语；招聘人数：2,安徽 淮南田家庵区,https://www.xduim.com/zw/jszk,,专业：外国语言文学类专业代码前四位为0502
2023,教师,2023安徽教师招考,田家庵区朝阳中学,340403008001 田家庵区朝阳中学 小学语文,本科及以上,专业不限,,笔试+面试,,,学段：小学；学科：语文；招聘职位：小学语文；招聘人数：2,安徽 淮南田家庵区,https://www.xduim.com/zw/jszk,,专业：专业不限
2023,教师,2023安徽教师招考,田家庵区朝阳中学,340403008002 田家庵区朝阳中学 小学数学,本科及以上,专业不限,,笔试+面试,,,学段：小学；学科：数学；招聘职位：小学数学；招聘人数：1,安徽 淮南田家庵区,https://www.xduim.com/zw/jszk,,专业：专业不限
2024,教师,2024安徽教师招考,界首市教育局,界首市教育局 高中数学,本科及以上,专业不限,,笔试+面试,,,学段：高级中学；学科：数学；招聘职位：高中数学；招聘人数：3,安徽 阜阳界首市,https://www.xduim.com/zw/jszk,,专业：专业不限
2024,教师,2024安徽教师招考,界首市教育局,界首市教育局 高中数学,本科及以上,专业不限,,笔试+面试,,,学段：高级中学；学科：数学；招聘职位：高中数学；招聘人数：2,安徽 阜阳界首市,https://www.xduim.com/zw/jszk,,专业：专业不限
2024,教师,2024安徽教师招考,界首市教育局,界首市教育局 高中物理,本科及以上,专业不限,,笔试+面试,,,学段：高级中学；学科：物理；招聘职位：高中物理；招聘人数：3,安徽 阜阳界首市,https://www.xduim.com/zw/jszk,,专业：专业不限
2024,教师,2024安徽教师招考,界首市教育局,界首市教育局 高中物理,本科及以上,专业不限,,笔试+面试,,,学段：高级中学；学科：物理；招聘职位：高中物理；招聘人数：2,安徽 阜阳界首市,https://www.xduim.com/zw/jszk,,专业：专业不限
2024,教师,2024安徽教师招考,界首市教育局,界首市教育局 高中政治,本科及以上,专业不限,,笔试+面试,,,学段：高级中学；学科：思想政治；招聘职位：高中政治；招聘人数：2,安徽 阜阳界首市,https://www.xduim.com/zw/jszk,,专业：专业不限
2024,教师,2024安徽教师招考,界首市教育局,界首市教育局 高中地理,本科及以上,专业不限,,笔试+面试,,,学段：高级中学；学科：地理；招聘职位：高中地理；招聘人数：1,安徽 阜阳界首市,https://www.xduim.com/zw/jszk,,专业：专业不限
2024,教师,2024安徽教师招考,界首市教育局,界首市教育局 高中英语,本科及以上,本科：英语； 硕士研究生及以上学历专业不限,,笔试+面试,,,学段：高级中学；学科：英语；招聘职位：高中英语；招聘人数：3,安徽 阜阳界首市,https://www.xduim.com/zw/jszk,,专业：本科：英语； 硕士研究生及以上学历专业不限
2024,教师,2024安徽教师招考,界首市教育局,界首市教育局 高中生物,本科及以上,专业不限,,笔试+面试,,,学段：高级中学；学科：生物；招聘职位：高中生物；招聘人数：2,安徽 阜阳界首市,https://www.xduim.com/zw/jszk,,专业：专业不限
2024,教师,2024安徽教师招考,界首市教育局,界首市教育局 小学特殊教育,本科及以上,特殊教育、教育康复学、运动康复,,笔试+面试,,,学段：小学；学科：特殊教育；招聘职位：小学特殊教育；招聘人数：1,安徽 阜阳界首市,https://www.xduim.com/zw/jszk,,专业：特殊教育、教育康复学、运动康复
2024,教师,2024安徽教师招考,界首市教育局,界首市教育局 小学语文,本科及以上,专业不限,,笔试+面试,,,学段：小学；学科：语文；招聘职位：小学语文；招聘人数：2,安徽 阜阳界首市,https://www.xduim.com/zw/jszk,,专业：专业不限
2024,教师,2024安徽教师招考,界首市教育局,界首市教育局 小学数学,本科及以上,专业不限,,笔试+面试,,,学段：小学；学科：数学；招聘职位：小学数学；招聘人数：8,安徽 阜阳界首市,https://www.xduim.com/zw/jszk,,专业：专业不限
2024,教师,2024安徽教师招考,界首市教育局,界首市教育局 小学音乐,本科及以上,专业不限,,笔试+面试,,,学段：小学；学科：音乐；招聘职位：小学音乐；招聘人数：3,安徽 阜阳界首市,https://www.xduim.com/zw/jszk,,专业：专业不限
2024,教师,2024安徽教师招考,界首市教育局,界首市教育局 小学英语,本科及以上,专业不限,,笔试+面试,,,学段：小学；学科：英语；招聘职位：小学英语；招聘人数：1,安徽 阜阳界首市,https://www.xduim.com/zw/jszk,,专业：专业不限
2023,教师,2023安徽教师招考,界首市第一中学,界首市第一中学 高中物理,本科及以上,物理学类,,笔试+面试,,,学段：高级中学；学科：物理；招聘职位：高中物理；招聘人数：2,安徽 阜阳界首市,https://www.xduim.com/zw/jszk,,专业：物理学类
2023,教师,2023安徽教师招考,界首中学,界首中学 高中物理,本科及以上,物理学类,,笔试+面试,,,学段：高级中学；学科：物理；招聘职位：高中物理；招聘人数：2,安徽 阜阳界首市,https://www.xduim.com/zw/jszk,,专业：物理学类
2023,教师,2023安徽教师招考,界首中学,界首中学 高中政治,本科及以上,专业不限,,笔试+面试,,,学段：高级中学；学科：政治；招聘职位：高中政治；招聘人数：1,安徽 阜阳界首市,https://www.xduim.com/zw/jszk,,专业：专业不限
2023,教师,2023安徽教师招考,界首中学,界首中学 高中地理,本科及以上,专业不限,,笔试+面试,,,学段：高级中学；学科：地理；招聘职位：高中地理；招聘人数：1,安徽 阜阳界首市,https://www.xduim.com/zw/jszk,,专业：专业不限
2023,教师,2023安徽教师招考,界首市第五中学,界首市第五中学 初中语文,本科及以上,专业不限,,笔试+面试,,,学段：初级中学；学科：语文；招聘职位：初中语文；招聘人数：1,安徽 阜阳界首市,https://www.xduim.com/zw/jszk,,专业：专业不限
2023,教师,2023安徽教师招考,界首市第五中学,界首市第五中学 初中数学,本科及以上,专业不限,,笔试+面试,,,学段：初级中学；学科：数学；招聘职位：初中数学；招聘人数：1,安徽 阜阳界首市,https://www.xduim.com/zw/jszk,,专业：专业不限
2023,教师,2023安徽教师招考,界首市第五中学,界首市第五中学 初中英语,本科及以上,专业不限,,笔试+面试,,,学段：初级中学；学科：英语；招聘职位：初中英语；招聘人数：1,安徽 阜阳界首市,https://www.xduim.com/zw/jszk,,专业：专业不限
2023,教师,2023安徽教师招考,界首市第五中学,界首市第五中学 初中物理,本科及以上,专业不限,,笔试+面试,,,学段：初级中学；学科：物理；招聘职位：初中物理；招聘人数：1,安徽 阜阳界首市,https://www.xduim.com/zw/jszk,,专业：专业不限
2023,教师,2023安徽教师招考,界首市第五中学,界首市第五中学 初中化学,本科及以上,专业不限,,笔试+面试,,,学段：初级中学；学科：化学；招聘职位：初中化学；招聘人数：1,安徽 阜阳界首市,https://www.xduim.com/zw/jszk,,专业：专业不限
2023,教师,2023安徽教师招考,界首市第五中学,界首市第五中学 初中政治,本科及以上,专业不限,,笔试+面试,,,学段：初级中学；学科：政治；招聘职位：初中政治；招聘人数：1,安徽 阜阳界首市,https://www.xduim.com/zw/jszk,,专业：专业不限
2023,教师,2023安徽教师招考,界首市第五中学,界首市第五中学 初中历史,本科及以上,专业不限,,笔试+面试,,,学段：初级中学；学科：历史；招聘职位：初中历史；招聘人数：1,安徽 阜阳界首市,https://www.xduim.com/zw/jszk,,专业：专业不限
2023,教师,2023安徽教师招考,界首市第五中学,界首市第五中学 初中生物,本科及以上,专业不限,,笔试+面试,,,学段：初级中学；学科：生物；招聘职位：初中生物；招聘人数：1,安徽 阜阳界首市,https://www.xduim.com/zw/jszk,,专业：专业不限
2023,教师,2023安徽教师招考,界首市第五中学,界首市第五中学 初中音乐,本科及以上,专业不限,,笔试+面试,,,学段：初级中学；学科：音乐；招聘职位：初中音乐；招聘人数：1,安徽 阜阳界首市,https://www.xduim.com/zw/jszk,,专业：专业不限
2023,教师,2023安徽教师招考,界首市第五中学,界首市第五中学 初中美术,本科及以上,专业不限,,笔试+面试,,,学段：初级中学；学科：美术；招聘职位：初中美术；招聘人数：1,安徽 阜阳界首市,https://www.xduim.com/zw/jszk,,专业：专业不限
2023,教师,2023安徽教师招考,界首市第四中学,界首市第四中学 初中语文,本科及以上,专业不限,,笔试+面试,,,学段：初级中学；学科：语文；招聘职位：初中语文；招聘人数：2,安徽 阜阳界首市,https://www.xduim.com/zw/jszk,,专业：专业不限
2023,教师,2023安徽教师招考,界首市第四中学,界首市第四中学 初中英语,本科及以上,专业不限,,笔试+面试,,,学段：初级中学；学科：英语；招聘职位：初中英语；招聘人数：2,安徽 阜阳界首市,https://www.xduim.com/zw/jszk,,专业：专业不限
2023,教师,2023安徽教师招考,界首市第四中学,界首市第四中学 初中数学,本科及以上,专业不限,,笔试+面试,,,学段：初级中学；学科：数学；招聘职位：初中数学；招聘人数：1,安徽 阜阳界首市,https://www.xduim.com/zw/jszk,,专业：专业不限
2023,教师,2023安徽教师招考,界首市第四中学,界首市第四中学 初中物理,本科及以上,专业不限,,笔试+面试,,,学段：初级中学；学科：物理；招聘职位：初中物理；招聘人数：1,安徽 阜阳界首市,https://www.xduim.com/zw/jszk,,专业：专业不限
2023,教师,2023安徽教师招考,界首市第四中学,界首市第四中学 初中政治,本科及以上,专业不限,,笔试+面试,,,学段：初级中学；学科：政治；招聘职位：初中政治；招聘人数：1,安徽 阜阳界首市,https://www.xduim.com/zw/jszk,,专业：专业不限
2023,教师,2023安徽教师招考,界首市第四中学,界首市第四中学 初中历史,本科及以上,专业不限,,笔试+面试,,,学段：初级中学；学科：历史；招聘职位：初中历史；招聘人数：1,安徽 阜阳界首市,https://www.xduim.com/zw/jszk,,专业：专业不限
2023,教师,2023安徽教师招考,相山区教育局,3001 相山区教育局 小学语文,专科及以上,专业不限,,笔试+面试,,,招聘职位：小学语文；招聘人数：10,安徽 淮北相山区,https://www.xduim.com/zw/jszk,,专业：专业不限
2023,教师,2023安徽教师招考,相山区教育局,3002 相山区教育局 小学数学,专科及以上,专业不限,,笔试+面试,,,招聘职位：小学数学；招聘人数：8,安徽 淮北相山区,https://www.xduim.com/zw/jszk,,专业：专业不限
2023,教师,2023安徽教师招考,相山区教育局,3003 相山区教育局 小学英语,专科及以上,专业不限,,笔试+面试,,,招聘职位：小学英语；招聘人数：3,安徽 淮北相山区,https://www.xduim.com/zw/jszk,,专业：专业不限
2023,教师,2023安徽教师招考,相山区教育局,3004 相山区教育局 小学道德与法治,专科及以上,专业不限,,笔试+面试,,,招聘职位：小学道德与法治；招聘人数：9,安徽 淮北相山区,https://www.xduim.com/zw/jszk,,专业：专业不限
2023,教师,2023安徽教师招考,相山区教育局,3005 相山区教育局 小学科学,专科及以上,专业不限,,笔试+面试,,,招聘职位：小学科学；招聘人数：2,安徽 淮北相山区,https://www.xduim.com/zw/jszk,,专业：专业不限
2023,教师,2023安徽教师招考,相山区教育局,3006 相山区教育局 小学心理健康教育,专科及以上,专科：心理健康教育 本科：心理学类 研究生：心理学,,笔试+面试,,,招聘职位：小学心理健康教育；招聘人数：2,安徽 淮北相山区,https://www.xduim.com/zw/jszk,,专业：专科：心理健康教育 本科：心理学类 研究生：心理学
2023,教师,2023安徽教师招考,相山区教育局,3007 相山区教育局 小学音乐,专科及以上,专业不限,,笔试+面试,,,招聘职位：小学音乐；招聘人数：3,安徽 淮北相山区,https://www.xduim.com/zw/jszk,,专业：专业不限
2023,教师,2023安徽教师招考,相山区教育局,3008 相山区教育局 小学美术,专科及以上,专业不限,,笔试+面试,,,招聘职位：小学美术；招聘人数：3,安徽 淮北相山区,https://www.xduim.com/zw/jszk,,专业：专业不限
2023,教师,2023安徽教师招考,相山区教育局,3009 相山区教育局 小学体育A,专科及以上,专业不限,,笔试+面试,,,招聘职位：小学体育A；招聘人数：9,安徽 淮北相山区,https://www.xduim.com/zw/jszk,,专业：专业不限
2023,教师,2023安徽教师招考,相山区教育局,3010 相山区教育局 小学体育B,专科及以上,体育学类（足球专项）,,笔试+面试,,,招聘职位：小学体育B；招聘人数：1,安徽 淮北相山区,https://www.xduim.com/zw/jszk,,专业：体育学类（足球专项）
2023,教师,2023安徽教师招考,相山区教育局,3011 相山区教育局 初中语文,本科及以上,本科：中国语言文学类 研究生：中国语言文学类、教育学、或其他与岗位学科相近专业,,笔试+面试,,,招聘职位：初中语文；招聘人数：6,安徽 淮北相山区,https://www.xduim.com/zw/jszk,,专业：本科：中国语言文学类 研究生：中国语言文学类、教育学、或其他与岗位学科相近专业
2023,教师,2023安徽教师招考,相山区教育局,3012 相山区教育局 初中数学,本科及以上,本科：数学类 研究生：数学类、教育学、或其他与岗位学科相近专业,,笔试+面试,,,招聘职位：初中数学；招聘人数：9,安徽 淮北相山区,https://www.xduim.com/zw/jszk,,专业：本科：数学类 研究生：数学类、教育学、或其他与岗位学科相近专业
2023,教师,2023安徽教师招考,相山区教育局,3013 相山区教育局 初中英语,本科及以上,本科：英语、翻译、商务英语 研究生：英语语言文学、教育学、或其他与岗位学科相近专业,,笔试+面试,,,招聘职位：初中英语；招聘人数：7,安徽 淮北相山区,https://www.xduim.com/zw/jszk,,专业：本科：英语、翻译、商务英语 研究生：英语语言文学、教育学、或其他与岗位学科相近专业
2023,教师,2023安徽教师招考,相山区教育局,3014 相山区教育局 初中道德与法治,本科及以上,本科：政治学类、马克思主义理论类、人文教育、哲学类 研究生：政治学类、马克思主义理论类、哲学、或其他与岗位学科相近专业,,笔试+面试,,,招聘职位：初中道德与法治；招聘人数：6,安徽 淮北相山区,https://www.xduim.com/zw/jszk,,专业：本科：政治学类、马克思主义理论类、人文教育、哲学类 研究生：政治学类、马克思主义理论类、哲学、或其他与岗位学科相近专业
2023,教师,2023安徽教师招考,相山区教育局,3015 相山区教育局 初中历史,本科及以上,本科：历史学类、人文教育 研究生：历史学类、教育学、或其他与岗位学科相近专业,,笔试+面试,,,招聘职位：初中历史；招聘人数：6,安徽 淮北相山区,https://www.xduim.com/zw/jszk,,专业：本科：历史学类、人文教育 研究生：历史学类、教育学、或其他与岗位学科相近专业
2023,教师,2023安徽教师招考,相山区教育局,3016 相山区教育局 初中地理,本科及以上,本科：地理科学类 研究生：地理学类、教育学、或其他与岗位学科相近专业,,笔试+面试,,,招聘职位：初中地理；招聘人数：8,安徽 淮北相山区,https://www.xduim.com/zw/jszk,,专业：本科：地理科学类 研究生：地理学类、教育学、或其他与岗位学科相近专业
2023,教师,2023安徽教师招考,相山区教育局,3017 相山区教育局 初中物理,本科及以上,本科：物理学类 研究生：物理学、教育学、或其他与岗位学科相近专业,,笔试+面试,,,招聘职位：初中物理；招聘人数：5,安徽 淮北相山区,https://www.xduim.com/zw/jszk,,专业：本科：物理学类 研究生：物理学、教育学、或其他与岗位学科相近专业
2023,教师,2023安徽教师招考,相山区教育局,3018 相山区教育局 初中化学,本科及以上,本科：化学类 研究生：化学类、教育学、或其他与岗位学科相近专业,,笔试+面试,,,招聘职位：初中化学；招聘人数：1,安徽 淮北相山区,https://www.xduim.com/zw/jszk,,专业：本科：化学类 研究生：化学类、教育学、或其他与岗位学科相近专业
2023,教师,2023安徽教师招考,相山区教育局,3019 相山区教育局 初中生物,本科及以上,本科：生物科学类、生物工程类 研究生：生物学、教育学、或其他与岗位学科相近专业,,笔试+面试,,,招聘职位：初中生物；招聘人数：4,安徽 淮北相山区,https://www.xduim.com/zw/jszk,,专业：本科：生物科学类、生物工程类 研究生：生物学、教育学、或其他与岗位学科相近专业
2023,教师,2023安徽教师招考,相山区教育局,3020 相山区教育局 初中音乐,本科及以上,本科：音乐表演、音乐学 研究生：音乐学、或其他与岗位学科相近专业,,笔试+面试,,,招聘职位：初中音乐；招聘人数：3,安徽 淮北相山区,https://www.xduim.com/zw/jszk,,专业：本科：音乐表演、音乐学 研究生：音乐学、或其他与岗位学科相近专业
2024,教师,2024安徽教师招考,相山区教育局,3001 相山区教育局 初中语文,本科及以上,本科：中国语言文学类 研究生：中国语言文学类、教育学、或其他与岗位学科相近专业,,笔试+面试,,,学段：初级中学；学科：语文(初级中学)；招聘职位：初中语文；招聘人数：2,安徽 淮北相山区,https://www.xduim.com/zw/jszk,,专业：本科：中国语言文学类 研究生：中国语言文学类、教育学、或其他与岗位学科相近专业
2024,教师,2024安徽教师招考,相山区教育局,3002 相山区教育局 初中数学,本科及以上,本科：数学类 研究生：数学类、教育学、或其他与岗位学科相近专业,,笔试+面试,,,学段：初级中学；学科：数学(初级中学)；招聘职位：初中数学；招聘人数：3,安徽 淮北相山区,https://www.xduim.com/zw/jszk,,专业：本科：数学类 研究生：数学类、教育学、或其他与岗位学科相近专业
2024,教师,2024安徽教师招考,相山区教育局,3003 相山区教育局 初中英语,本科及以上,本科：英语、翻译、商务英语 研究生：英语语言文学、教育学、或其他与岗位学科相近专业,,笔试+面试,,,学段：初级中学；学科：英语(初级中学)；招聘职位：初中英语；招聘人数：2,安徽 淮北相山区,https://www.xduim.com/zw/jszk,,专业：本科：英语、翻译、商务英语 研究生：英语语言文学、教育学、或其他与岗位学科相近专业
2024,教师,2024安徽教师招考,相山区教育局,3004 相山区教育局 初中地理,本科及以上,本科：地理科学类 研究生：地理学类、教育学、或其他与岗位学科相近专业,,笔试+面试,,,学段：初级中学；学科：地理(初级中学)；招聘职位：初中地理；招聘人数：1,安徽 淮北相山区,https://www.xduim.com/zw/jszk,,专业：本科：地理科学类 研究生：地理学类、教育学、或其他与岗位学科相近专业
2024,教师,2024安徽教师招考,相山区教育局,3005 相山区教育局 初中道德与法治,本科及以上,本科：政治学类、马克思主义理论类、人文教育、哲学类 研究生：政治学类、马克思主义理论类、哲学、或其他与岗位学科相近专业,,笔试+面试,,,学段：初级中学；学科：道德与法治(初级中学)；招聘职位：初中道德与法治；招聘人数：2,安徽 淮北相山区,https://www.xduim.com/zw/jszk,,专业：本科：政治学类、马克思主义理论类、人文教育、哲学类 研究生：政治学类、马克思主义理论类、哲学、或其他与岗位学科相近专业
2023,教师,2023安徽教师招考,祁门县教育局,34102401 祁门县教育局 高中语文,本科及以上,本科：汉语言文学专业、汉语言专业、汉语国际教育专业 研究生：语言学及应用语言学（二级学科）,,笔试+面试,,,招聘职位：高中语文；招聘人数：1,安徽 黄山祁门县,https://www.xduim.com/zw/jszk,,专业：本科：汉语言文学专业、汉语言专业、汉语国际教育专业 研究生：语言学及应用语言学（二级学科）
2023,教师,2023安徽教师招考,祁门县教育局,34102402 祁门县教育局 高中数学,本科及以上,本科：数学与应用数学专业 研究生：基础数学（二级学科）、应用数学（二级学科）,,笔试+面试,,,招聘职位：高中数学；招聘人数：2,安徽 黄山祁门县,https://www.xduim.com/zw/jszk,,专业：本科：数学与应用数学专业 研究生：基础数学（二级学科）、应用数学（二级学科）
2023,教师,2023安徽教师招考,祁门县教育局,34102403 祁门县教育局 高中英语,本科及以上,本科：英语专业、商务英语专业 研究生：英语语言文学（二级学科）,,笔试+面试,,,招聘职位：高中英语；招聘人数：1,安徽 黄山祁门县,https://www.xduim.com/zw/jszk,,专业：本科：英语专业、商务英语专业 研究生：英语语言文学（二级学科）
2023,教师,2023安徽教师招考,祁门县教育局,34102404 祁门县教育局 高中物理,本科及以上,本科：物理学类 研究生：理论物理（二级学科）、无线电物理（二级学科）,,笔试+面试,,,招聘职位：高中物理；招聘人数：2,安徽 黄山祁门县,https://www.xduim.com/zw/jszk,,专业：本科：物理学类 研究生：理论物理（二级学科）、无线电物理（二级学科）
2023,教师,2023安徽教师招考,祁门县教育局,34102405 祁门县教育局 高中化学,本科及以上,本科：化学类 研究生：化学（一级学科）,,笔试+面试,,,招聘职位：高中化学；招聘人数：1,安徽 黄山祁门县,https://www.xduim.com/zw/jszk,,专业：本科：化学类 研究生：化学（一级学科）
2023,教师,2023安徽教师招考,祁门县教育局,34102406 祁门县教育局 高中地理,本科及以上,本科：地理科学类 研究生：地理学（一级学科）,,笔试+面试,,,招聘职位：高中地理；招聘人数：1,安徽 黄山祁门县,https://www.xduim.com/zw/jszk,,专业：本科：地理科学类 研究生：地理学（一级学科）
2023,教师,2023安徽教师招考,祁门县教育局,34102407 祁门县教育局 高中体育,本科及以上,本科：体育学类 研究生：体育学（一级学科）,,笔试+面试,,,招聘职位：高中体育；招聘人数：1,安徽 黄山祁门县,https://www.xduim.com/zw/jszk,,专业：本科：体育学类 研究生：体育学（一级学科）
2023,教师,2023安徽教师招考,祁门县教育局,34102408 祁门县教育局 初中语文,本科及以上,专业不限,,笔试+面试,,,招聘职位：初中语文；招聘人数：1,安徽 黄山祁门县,https://www.xduim.com/zw/jszk,,专业：专业不限
2023,教师,2023安徽教师招考,祁门县教育局,34102409 祁门县教育局 初中英语,本科及以上,专业不限,,笔试+面试,,,招聘职位：初中英语；招聘人数：1,安徽 黄山祁门县,https://www.xduim.com/zw/jszk,,专业：专业不限
2023,教师,2023安徽教师招考,祁门县教育局,34102410 祁门县教育局 初中化学,本科及以上,专业不限,,笔试+面试,,,招聘职位：初中化学；招聘人数：1,安徽 黄山祁门县,https://www.xduim.com/zw/jszk,,专业：专业不限
2023,教师,2023安徽教师招考,祁门县教育局,34102411 祁门县教育局 初中道德与法治,本科及以上,专业不限,,笔试+面试,,,招聘职位：初中道德与法治；招聘人数：1,安徽 黄山祁门县,https://www.xduim.com/zw/jszk,,专业：专业不限
2023,教师,2023安徽教师招考,祁门县教育局,34102412 祁门县教育局 小学语文,本科及以上,专业不限,,笔试+面试,,,招聘职位：小学语文；招聘人数：3,安徽 黄山祁门县,https://www.xduim.com/zw/jszk,,专业：专业不限
2023,教师,2023安徽教师招考,祁门县教育局,34102413 祁门县教育局 小学数学,本科及以上,专业不限,,笔试+面试,,,招聘职位：小学数学；招聘人数：2,安徽 黄山祁门县,https://www.xduim.com/zw/jszk,,专业：专业不限
2023,教师,2023安徽教师招考,祁门县教育局,34102414 祁门县教育局 小学英语,本科及以上,专业不限,,笔试+面试,,,招聘职位：小学英语；招聘人数：1,安徽 黄山祁门县,https://www.xduim.com/zw/jszk,,专业：专业不限
2023,教师,2023安徽教师招考,祁门县教育局,34102415 祁门县教育局 小学美术,本科及以上,专业不限,,笔试+面试,,,招聘职位：小学美术；招聘人数：1,安徽 黄山祁门县,https://www.xduim.com/zw/jszk,,专业：专业不限
2023,教师,2023安徽教师招考,祁门县教育局,34102416 祁门县教育局 小学体育,本科及以上,专业不限,,笔试+面试,,,招聘职位：小学体育；招聘人数：1,安徽 黄山祁门县,https://www.xduim.com/zw/jszk,,专业：专业不限
2024,教师,2024安徽教师招考,祁门县教育局,34102401 祁门县教育局 高中语文,本科及以上,本科：汉语言文学专业、汉语言专业、汉语国际教育专业 研究生：语言学及应用语言学（二级学科）,,笔试+面试,,,学段：高级中学；招聘职位：高中语文；招聘人数：3,安徽 黄山祁门县,https://www.xduim.com/zw/jszk,,专业：本科：汉语言文学专业、汉语言专业、汉语国际教育专业 研究生：语言学及应用语言学（二级学科）
2024,教师,2024安徽教师招考,祁门县教育局,34102402 祁门县教育局 高中数学,本科及以上,本科：数学与应用数学专业 研究生：基础数学（二级学科）、应用数学（二级学科）,,笔试+面试,,,学段：高级中学；招聘职位：高中数学；招聘人数：1,安徽 黄山祁门县,https://www.xduim.com/zw/jszk,,专业：本科：数学与应用数学专业 研究生：基础数学（二级学科）、应用数学（二级学科）
2024,教师,2024安徽教师招考,祁门县教育局,34102403 祁门县教育局 高中英语,本科及以上,本科：英语专业、商务英语专业 研究生：英语语言文学（二级学科）,,笔试+面试,,,学段：高级中学；招聘职位：高中英语；招聘人数：2,安徽 黄山祁门县,https://www.xduim.com/zw/jszk,,专业：本科：英语专业、商务英语专业 研究生：英语语言文学（二级学科）
2024,教师,2024安徽教师招考,祁门县教育局,34102404 祁门县教育局 高中物理,本科及以上,本科：物理学类 研究生：理论物理（二级学科）、无线电物理（二级学科）,,笔试+面试,,,学段：高级中学；招聘职位：高中物理；招聘人数：1,安徽 黄山祁门县,https://www.xduim.com/zw/jszk,,专业：本科：物理学类 研究生：理论物理（二级学科）、无线电物理（二级学科）
2024,教师,2024安徽教师招考,祁门县教育局,34102405 祁门县教育局 高中化学,本科及以上,本科：化学类 研究生：化学（一级学科）,,笔试+面试,,,学段：高级中学；招聘职位：高中化学；招聘人数：1,安徽 黄山祁门县,https://www.xduim.com/zw/jszk,,专业：本科：化学类 研究生：化学（一级学科）
2024,教师,2024安徽教师招考,祁门县教育局,34102406 祁门县教育局 初中语文,本科及以上,专业不限,,笔试+面试,,,学段：初级中学；招聘职位：初中语文；招聘人数：2,安徽 黄山祁门县,https://www.xduim.com/zw/jszk,,专业：专业不限
2024,教师,2024安徽教师招考,祁门县教育局,34102407 祁门县教育局 初中数学,本科及以上,专业不限,,笔试+面试,,,学段：初级中学；招聘职位：初中数学；招聘人数：2,安徽 黄山祁门县,https://www.xduim.com/zw/jszk,,专业：专业不限
2024,教师,2024安徽教师招考,祁门县教育局,34102408 祁门县教育局 初中物理,本科及以上,专业不限,,笔试+面试,,,学段：初级中学；招聘职位：初中物理；招聘人数：1,安徽 黄山祁门县,https://www.xduim.com/zw/jszk,,专业：专业不限
2024,教师,2024安徽教师招考,祁门县教育局,34102409 祁门县教育局 初中道德与法治,本科及以上,专业不限,,笔试+面试,,,学段：初级中学；招聘职位：初中道德与法治；招聘人数：1,安徽 黄山祁门县,https://www.xduim.com/zw/jszk,,专业：专业不限
2024,教师,2024安徽教师招考,祁门县教育局,34102410 祁门县教育局 初中地理,本科及以上,专业不限,,笔试+面试,,,学段：初级中学；招聘职位：初中地理；招聘人数：1,安徽 黄山祁门县,https://www.xduim.com/zw/jszk,,专业：专业不限
2024,教师,2024安徽教师招考,蚌埠市秀水实验学校,3010101 蚌埠市秀水实验学校,本科及以上,本科学历：汉语言文学050101、汉语言050102,,笔试+面试,,,学段：初级中学；学科：语文；招聘人数：1,安徽 蚌埠禹会区,https://www.xduim.com/zw/jszk,,专业：本科学历：汉语言文学050101、汉语言050102
2024,教师,2024安徽教师招考,蚌埠市秀水实验学校,3010102 蚌埠市秀水实验学校,本科及以上,本科学历：数学类0701,,笔试+面试,,,学段：初级中学；学科：数学；招聘人数：1,安徽 蚌埠禹会区,https://www.xduim.com/zw/jszk,,专业：本科学历：数学类0701
2024,教师,2024安徽教师招考,蚌埠市秀水实验学校,3010103 蚌埠市秀水实验学校,本科及以上,本科学历：物理学070201、应用物理学070202,,笔试+面试,,,学段：初级中学；学科：物理；招聘人数：1,安徽 蚌埠禹会区,https://www.xduim.com/zw/jszk,,专业：本科学历：物理学070201、应用物理学070202
2024,教师,2024安徽教师招考,蚌埠市秀水实验学校,3010004 蚌埠市秀水实验学校,本科及以上,本科学历：汉语言文学050101、汉语言050102、小学教育040107,,笔试+面试,,,学段：小学；学科：语文；招聘人数：3,安徽 蚌埠禹会区,https://www.xduim.com/zw/jszk,,专业：本科学历：汉语言文学050101、汉语言050102、小学教育040107
2024,教师,2024安徽教师招考,蚌埠市秀水实验学校,3010005 蚌埠市秀水实验学校,本科及以上,本科学历：数学类0701、小学教育040107,,笔试+面试,,,学段：小学；学科：数学；招聘人数：1,安徽 蚌埠禹会区,https://www.xduim.com/zw/jszk,,专业：本科学历：数学类0701、小学教育040107
2024,教师,2024安徽教师招考,蚌埠市秀水实验学校,3010006 蚌埠市秀水实验学校,本科及以上,本科学历：政治学类0302、马克思主义理论类0305,,笔试+面试,,,学段：小学；学科：道德与法治；招聘人数：1,安徽 蚌埠禹会区,https://www.xduim.com/zw/jszk,,专业：本科学历：政治学类0302、马克思主义理论类0305
2024,教师,2024安徽教师招考,蚌埠市秀水实验学校,3010007 蚌埠市秀水实验学校,本科及以上,本科学历：计算机类0809,,笔试+面试,,,学段：小学；学科：信息科技；招聘人数：1,安徽 蚌埠禹会区,https://www.xduim.com/zw/jszk,,专业：本科学历：计算机类0809
2024,教师,2024安徽教师招考,安徽省蚌埠第七中学,3020108 安徽省蚌埠第七中学,本科及以上,本科学历：体育学类0402,,笔试+面试,,,学段：初级中学；学科：体育与健康；招聘人数：1,安徽 蚌埠禹会区,https://www.xduim.com/zw/jszk,,专业：本科学历：体育学类0402
2024,教师,2024安徽教师招考,安徽省蚌埠第七中学,3020109 安徽省蚌埠第七中学,本科及以上,本科学历：英语050201,,笔试+面试,,,学段：初级中学；学科：英语；招聘人数：1,安徽 蚌埠禹会区,https://www.xduim.com/zw/jszk,,专业：本科学历：英语050201
2024,教师,2024安徽教师招考,蚌埠市淮海小学,3030010 蚌埠市淮海小学,本科及以上,本科学历：数学类0701、小学教育040107,,笔试+面试,,,学段：小学；学科：数学；招聘人数：1,安徽 蚌埠禹会区,https://www.xduim.com/zw/jszk,,专业：本科学历：数学类0701、小学教育040107
2024,教师,2024安徽教师招考,蚌埠市淮海小学,3030011 蚌埠市淮海小学,本科及以上,本科学历：音乐与舞蹈学类1302,,笔试+面试,,,学段：小学；学科：音乐；招聘人数：1,安徽 蚌埠禹会区,https://www.xduim.com/zw/jszk,,专业：本科学历：音乐与舞蹈学类1302
2024,教师,2024安徽教师招考,蚌埠市淮海小学,3030012 蚌埠市淮海小学,本科及以上,本科学历：计算机类0809,,笔试+面试,,,学段：小学；学科：信息科技；招聘人数：1,安徽 蚌埠禹会区,https://www.xduim.com/zw/jszk,,专业：本科学历：计算机类0809
2024,教师,2024安徽教师招考,蚌埠市淮海小学,3030013 蚌埠市淮海小学,本科及以上,本科学历：政治学类0302、马克思主义理论类0305,,笔试+面试,,,学段：小学；学科：道德与法治；招聘人数：1,安徽 蚌埠禹会区,https://www.xduim.com/zw/jszk,,专业：本科学历：政治学类0302、马克思主义理论类0305
2024,教师,2024安徽教师招考,蚌埠二中禹会实验学校,3040114 蚌埠二中禹会实验学校,本科及以上,本科学历：地理科学类0705,,笔试+面试,,,学段：初级中学；学科：地理；招聘人数：1,安徽 蚌埠禹会区,https://www.xduim.com/zw/jszk,,专业：本科学历：地理科学类0705
2024,教师,2024安徽教师招考,蚌埠二中禹会实验学校,3040115 蚌埠二中禹会实验学校,本科及以上,本科学历：体育学类0402,,笔试+面试,,,学段：初级中学；学科：体育与健康；招聘人数：1,安徽 蚌埠禹会区,https://www.xduim.com/zw/jszk,,专业：本科学历：体育学类0402
2024,教师,2024安徽教师招考,蚌埠二中禹会实验学校,3040116 蚌埠二中禹会实验学校,本科及以上,本科学历：政治学类0302、马克思主义理论类0305,,笔试+面试,,,学段：初级中学；学科：道德与法治；招聘人数：1,安徽 蚌埠禹会区,https://www.xduim.com/zw/jszk,,专业：本科学历：政治学类0302、马克思主义理论类0305
2024,教师,2024安徽教师招考,蚌埠二中禹会实验学校,3040017 蚌埠二中禹会实验学校,本科及以上,本科学历：汉语言文学050101、汉语言050102、小学教育040107,,笔试+面试,,,学段：小学；学科：语文；招聘人数：2,安徽 蚌埠禹会区,https://www.xduim.com/zw/jszk,,专业：本科学历：汉语言文学050101、汉语言050102、小学教育040107
2024,教师,2024安徽教师招考,蚌埠市禹会区孝仪初级中学,3050118 蚌埠市禹会区孝仪初级中学,本科及以上,专业不限,,笔试+面试,,,学段：初级中学；学科：英语；招聘人数：2,安徽 蚌埠禹会区,https://www.xduim.com/zw/jszk,,专业：专业不限
2024,教师,2024安徽教师招考,蚌埠市禹会区孝仪初级中学,3050119 蚌埠市禹会区孝仪初级中学,本科及以上,专业不限,,笔试+面试,,,学段：初级中学；学科：地理；招聘人数：1,安徽 蚌埠禹会区,https://www.xduim.com/zw/jszk,,专业：专业不限
2024,教师,2024安徽教师招考,蚌埠市禹会区孝仪初级中学,3050120 蚌埠市禹会区孝仪初级中学,本科及以上,专业不限,,笔试+面试,,,学段：初级中学；学科：生物学；招聘人数：1,安徽 蚌埠禹会区,https://www.xduim.com/zw/jszk,,专业：专业不限
2023,教师,2023安徽教师招考,蚌埠市秀水实验学校（初中部）,2301001 蚌埠市秀水实验学校（初中部）,本科及以上,硕士研究生及以上学历：专业不限； 本科学历：汉语言文学050101、汉语言050102,,笔试+面试,,,学段：初级中学；学科：语文；招聘人数：1,安徽 蚌埠禹会区,https://www.xduim.com/zw/jszk,,专业：硕士研究生及以上学历：专业不限； 本科学历：汉语言文学050101、汉语言050102
2023,教师,2023安徽教师招考,蚌埠市秀水实验学校（初中部）,2301002 蚌埠市秀水实验学校（初中部）,本科及以上,硕士研究生及以上学历：专业不限； 本科学历：政治学类0302、马克思主义理论类0305,,笔试+面试,,,学段：初级中学；学科：道德与法治；招聘人数：1,安徽 蚌埠禹会区,https://www.xduim.com/zw/jszk,,专业：硕士研究生及以上学历：专业不限； 本科学历：政治学类0302、马克思主义理论类0305
2023,教师,2023安徽教师招考,蚌埠市秀水实验学校（初中部）,2301003 蚌埠市秀水实验学校（初中部）,本科及以上,硕士研究生及以上学历：专业不限； 本科学历：生物科学类0710,,笔试+面试,,,学段：初级中学；学科：生物；招聘人数：1,安徽 蚌埠禹会区,https://www.xduim.com/zw/jszk,,专业：硕士研究生及以上学历：专业不限； 本科学历：生物科学类0710
2023,教师,2023安徽教师招考,蚌埠市秀水实验学校（初中部）,2301004 蚌埠市秀水实验学校（初中部）,本科及以上,硕士研究生及以上学历：专业不限； 本科学历：体育学类0402,,笔试+面试,,,学段：初级中学；学科：体育；招聘人数：1,安徽 蚌埠禹会区,https://www.xduim.com/zw/jszk,,专业：硕士研究生及以上学历：专业不限； 本科学历：体育学类0402
2023,教师,2023安徽教师招考,蚌埠二中禹会实验学校（初中部）,2301005 蚌埠二中禹会实验学校（初中部）,本科及以上,硕士研究生及以上学历：专业不限； 本科学历：数学类0701,,笔试+面试,,,学段：初级中学；学科：数学；招聘人数：1,安徽 蚌埠禹会区,https://www.xduim.com/zw/jszk,,专业：硕士研究生及以上学历：专业不限； 本科学历：数学类0701
2023,教师,2023安徽教师招考,安徽省蚌埠第七中学,2301006 安徽省蚌埠第七中学,本科及以上,硕士研究生及以上学历：专业不限； 本科学历：物理学070201、应用物理学070202,,笔试+面试,,,学段：初级中学；学科：物理；招聘人数：1,安徽 蚌埠禹会区,https://www.xduim.com/zw/jszk,,专业：硕士研究生及以上学历：专业不限； 本科学历：物理学070201、应用物理学070202
2023,教师,2023安徽教师招考,安徽省蚌埠第七中学,2301007 安徽省蚌埠第七中学,本科及以上,硕士研究生及以上学历：专业不限； 本科学历：音乐表演130201,,笔试+面试,,,学段：初级中学；学科：音乐；招聘人数：1,安徽 蚌埠禹会区,https://www.xduim.com/zw/jszk,,专业：硕士研究生及以上学历：专业不限； 本科学历：音乐表演130201
2023,教师,2023安徽教师招考,蚌埠市马城中学,2301008 蚌埠市马城中学,本科及以上,硕士研究生及以上学历：专业不限； 本科学历：英语050201,,笔试+面试,,,学段：初级中学；学科：英语；招聘人数：1,安徽 蚌埠禹会区,https://www.xduim.com/zw/jszk,,专业：硕士研究生及以上学历：专业不限； 本科学历：英语050201
2023,教师,2023安徽教师招考,安徽省蚌埠第十中学,2301009 安徽省蚌埠第十中学,本科及以上,硕士研究生及以上学历：专业不限； 本科学历：政治学类0302、马克思主义理论类0305,,笔试+面试,,,学段：初级中学；学科：道德与法治；招聘人数：1,安徽 蚌埠禹会区,https://www.xduim.com/zw/jszk,,专业：硕士研究生及以上学历：专业不限； 本科学历：政治学类0302、马克思主义理论类0305
2023,教师,2023安徽教师招考,安徽省蚌埠第十中学,2301010 安徽省蚌埠第十中学,本科及以上,硕士研究生及以上学历：专业不限； 本科学历：地理科学类0705,,笔试+面试,,,学段：初级中学；学科：地理；招聘人数：1,安徽 蚌埠禹会区,https://www.xduim.com/zw/jszk,,专业：硕士研究生及以上学历：专业不限； 本科学历：地理科学类0705
2023,教师,2023安徽教师招考,安徽省蚌埠第十中学,2301011 安徽省蚌埠第十中学,本科及以上,硕士研究生及以上学历：专业不限； 本科学历：物理学070201、应用物理学070202,,笔试+面试,,,学段：初级中学；学科：物理；招聘人数：1,安徽 蚌埠禹会区,https://www.xduim.com/zw/jszk,,专业：硕士研究生及以上学历：专业不限； 本科学历：物理学070201、应用物理学070202
2023,教师,2023安徽教师招考,蚌埠市秀水实验学校（初中部）,2301012 蚌埠市秀水实验学校（初中部）,本科及以上,硕士研究生及以上学历：专业不限； 本科学历：数学类0701,,笔试+面试,,,学段：初级中学；学科：数学；招聘人数：1,安徽 蚌埠禹会区,https://www.xduim.com/zw/jszk,,专业：硕士研究生及以上学历：专业不限； 本科学历：数学类0701
2023,教师,2023安徽教师招考,蚌埠市秀水实验学校（初中部）,2301013 蚌埠市秀水实验学校（初中部）,本科及以上,硕士研究生及以上学历：专业不限； 本科学历：英语050201,,笔试+面试,,,学段：初级中学；学科：英语；招聘人数：1,安徽 蚌埠禹会区,https://www.xduim.com/zw/jszk,,专业：硕士研究生及以上学历：专业不限； 本科学历：英语050201
2023,教师,2023安徽教师招考,蚌埠市秀水实验学校（初中部）,2301014 蚌埠市秀水实验学校（初中部）,本科及以上,硕士研究生及以上学历：专业不限； 本科学历：历史学类0601,,笔试+面试,,,学段：初级中学；学科：历史；招聘人数：1,安徽 蚌埠禹会区,https://www.xduim.com/zw/jszk,,专业：硕士研究生及以上学历：专业不限； 本科学历：历史学类0601
2023,教师,2023安徽教师招考,蚌埠市秀水实验学校（初中部）,2301015 蚌埠市秀水实验学校（初中部）,本科及以上,硕士研究生及以上学历：专业不限； 本科学历：地理科学类0705,,笔试+面试,,,学段：初级中学；学科：地理；招聘人数：1,安徽 蚌埠禹会区,https://www.xduim.com/zw/jszk,,专业：硕士研究生及以上学历：专业不限； 本科学历：地理科学类0705
2023,教师,2023安徽教师招考,蚌埠二中禹会实验学校（初中部）,2301016 蚌埠二中禹会实验学校（初中部）,本科及以上,硕士研究生及以上学历：专业不限； 本科学历：数学类0701,,笔试+面试,,,学段：初级中学；学科：数学；招聘人数：1,安徽 蚌埠禹会区,https://www.xduim.com/zw/jszk,,专业：硕士研究生及以上学历：专业不限； 本科学历：数学类0701
2024,教师,2024安徽教师招考,繁昌区教育局,繁昌区教育局 小学语文,本科及以上,汉语言文学专业、小学教育专业,,笔试+面试,,,学段：小学；学科：语文；招聘职位：小学语文；招聘人数：12,安徽 芜湖繁昌区,https://www.xduim.com/zw/jszk,,专业：汉语言文学专业、小学教育专业
2024,教师,2024安徽教师招考,繁昌区教育局,繁昌区教育局 小学数学,本科及以上,数学与应用数学专业、小学教育专业,,笔试+面试,,,学段：小学；学科：数学；招聘职位：小学数学；招聘人数：6,安徽 芜湖繁昌区,https://www.xduim.com/zw/jszk,,专业：数学与应用数学专业、小学教育专业
2024,教师,2024安徽教师招考,繁昌区教育局,繁昌区教育局 小学英语,本科及以上,英语专业、小学教育专业,,笔试+面试,,,学段：小学；学科：英语；招聘职位：小学英语；招聘人数：2,安徽 芜湖繁昌区,https://www.xduim.com/zw/jszk,,专业：英语专业、小学教育专业
2024,教师,2024安徽教师招考,繁昌区教育局,繁昌区教育局 初中语文,本科及以上,汉语言文学专业,,笔试+面试,,,学段：初级中学；学科：语文；招聘职位：初中语文；招聘人数：2,安徽 芜湖繁昌区,https://www.xduim.com/zw/jszk,,专业：汉语言文学专业
2024,教师,2024安徽教师招考,繁昌区教育局,繁昌区教育局 高中思想政治,本科及以上,思想政治教育专业,,笔试+面试,,,学段：高级中学；学科：思想政治；招聘职位：高中思想政治；招聘人数：1,安徽 芜湖繁昌区,https://www.xduim.com/zw/jszk,,专业：思想政治教育专业
2024,教师,2024安徽教师招考,繁昌区教育局,繁昌区教育局 高中信息技术,本科及以上,计算机科学与技术专业、教育技术学专业,,笔试+面试,,,学段：高级中学；学科：信息技术；招聘职位：高中信息技术；招聘人数：2,安徽 芜湖繁昌区,https://www.xduim.com/zw/jszk,,专业：计算机科学与技术专业、教育技术学专业
2024,教师,2024安徽教师招考,繁昌区教育局,繁昌区教育局 高中地理,本科及以上,地理科学类,,笔试+面试,,,学段：高级中学；学科：地理；招聘职位：高中地理；招聘人数：2,安徽 芜湖繁昌区,https://www.xduim.com/zw/jszk,,专业：地理科学类
2024,教师,2024安徽教师招考,繁昌区教育局,繁昌区教育局 高中生物学,本科及以上,生物科学专业,,笔试+面试,,,学段：高级中学；学科：生物学；招聘职位：高中生物学；招聘人数：1,安徽 芜湖繁昌区,https://www.xduim.com/zw/jszk,,专业：生物科学专业
2023,教师,2023安徽教师招考,繁昌区教育局,繁昌区教育局 小学语文,本科及以上,汉语言文学专业、小学教育专业,,笔试+面试,,,学段：小学；学科：语文；招聘职位：小学语文；招聘人数：3,安徽 芜湖繁昌区,https://www.xduim.com/zw/jszk,,专业：汉语言文学专业、小学教育专业
2023,教师,2023安徽教师招考,繁昌区教育局,繁昌区教育局 小学数学,本科及以上,数学与应用数学专业、小学教育专业,,笔试+面试,,,学段：小学；学科：数学；招聘职位：小学数学；招聘人数：3,安徽 芜湖繁昌区,https://www.xduim.com/zw/jszk,,专业：数学与应用数学专业、小学教育专业
2024,教师,2024安徽教师招考,区属小学,340805101 区属小学 小学语文,本科及以上,专业不限,,笔试+面试,,,学段：小学；学科：语文；招聘职位：小学语文；招聘人数：2,安徽 安庆经开区,https://www.xduim.com/zw/jszk,,专业：专业不限
2024,教师,2024安徽教师招考,区属小学,340805102 区属小学 小学数学,本科及以上,专业不限,,笔试+面试,,,学段：小学；学科：数学；招聘职位：小学数学；招聘人数：2,安徽 安庆经开区,https://www.xduim.com/zw/jszk,,专业：专业不限
2024,教师,2024安徽教师招考,区属小学,340805107 区属小学 小学道德与法治,本科及以上,专业不限,,笔试+面试,,,学段：小学；学科：道德与法治；招聘职位：小学道德与法治；招聘人数：2,安徽 安庆经开区,https://www.xduim.com/zw/jszk,,专业：专业不限
2024,教师,2024安徽教师招考,区属中学,340805201 区属中学 初中语文,本科及以上,专业不限,,笔试+面试,,,学段：初级中学；学科：语文；招聘职位：初中语文；招聘人数：2,安徽 安庆经开区,https://www.xduim.com/zw/jszk,,专业：专业不限
2024,教师,2024安徽教师招考,区属中学,340805202 区属中学 初中数学,本科及以上,专业不限,,笔试+面试,,,学段：初级中学；学科：数学；招聘职位：初中数学；招聘人数：2,安徽 安庆经开区,https://www.xduim.com/zw/jszk,,专业：专业不限
2024,教师,2024安徽教师招考,区属中学,340805203 区属中学 初中英语,本科及以上,专业不限,,笔试+面试,,,学段：初级中学；学科：英语；招聘职位：初中英语；招聘人数：2,安徽 安庆经开区,https://www.xduim.com/zw/jszk,,专业：专业不限
2024,教师,2024安徽教师招考,区属中学,340805208 区属中学 初中历史,本科及以上,专业不限,,笔试+面试,,,学段：初级中学；学科：初中历史；招聘职位：初中历史；招聘人数：1,安徽 安庆经开区,https://www.xduim.com/zw/jszk,,专业：专业不限
2024,教师,2024安徽教师招考,区属中学,340805209 区属中学 初中道德与法治,本科及以上,专业不限,,笔试+面试,,,学段：初级中学；学科：道德与法治；招聘职位：初中道德与法治；招聘人数：1,安徽 安庆经开区,https://www.xduim.com/zw/jszk,,专业：专业不限
2024,教师,2024安徽教师招考,蚌埠新城教育集团,5011001 蚌埠新城教育集团,本科及以上,师范类汉语言文学教育、汉语言文学、小学教育,,笔试+面试,,,学段：小学；学科：语文；招聘人数：2,安徽 蚌埠经开区,https://www.xduim.com/zw/jszk,,专业：师范类汉语言文学教育、汉语言文学、小学教育
2024,教师,2024安徽教师招考,蚌埠新城教育集团,5010002 蚌埠新城教育集团,本科及以上,师范类汉语言文学教育、汉语言文学、小学教育,,笔试+面试,,,学段：小学；学科：语文；招聘人数：1,安徽 蚌埠经开区,https://www.xduim.com/zw/jszk,,专业：师范类汉语言文学教育、汉语言文学、小学教育
2024,教师,2024安徽教师招考,蚌埠新城教育集团,5011003 蚌埠新城教育集团,本科及以上,师范类数学教育或数学与应用数学、小学教育,,笔试+面试,,,学段：小学；学科：数学；招聘人数：1,安徽 蚌埠经开区,https://www.xduim.com/zw/jszk,,专业：师范类数学教育或数学与应用数学、小学教育
2024,教师,2024安徽教师招考,蚌埠新城教育集团,5010004 蚌埠新城教育集团,本科及以上,师范类数学教育或数学与应用数学,,笔试+面试,,,学段：小学；学科：数学；招聘人数：2,安徽 蚌埠经开区,https://www.xduim.com/zw/jszk,,专业：师范类数学教育或数学与应用数学
2024,教师,2024安徽教师招考,蚌埠新城教育集团,5011005 蚌埠新城教育集团,本科及以上,不限,,笔试+面试,,,学段：小学；学科：英语；招聘人数：1,安徽 蚌埠经开区,https://www.xduim.com/zw/jszk,,专业：不限
2024,教师,2024安徽教师招考,蚌埠新城教育集团,5011006 蚌埠新城教育集团,本科及以上,体育教育（师范类）、体育运动或武术、足球、篮球、乒乓球运动方向,,笔试+面试,,,学段：小学；学科：体育；招聘人数：1,安徽 蚌埠经开区,https://www.xduim.com/zw/jszk,,专业：体育教育（师范类）、体育运动或武术、足球、篮球、乒乓球运动方向
2024,教师,2024安徽教师招考,蚌埠新城教育集团,5011007 蚌埠新城教育集团,本科及以上,体育教育（师范类）、体育运动或武术、足球、篮球、乒乓球运动方向,,笔试+面试,,,学段：小学；学科：体育；招聘人数：1,安徽 蚌埠经开区,https://www.xduim.com/zw/jszk,,专业：体育教育（师范类）、体育运动或武术、足球、篮球、乒乓球运动方向
2024,教师,2024安徽教师招考,蚌埠新城教育集团,5011008 蚌埠新城教育集团,本科及以上,师范类美术教育、非师范类仅限美术类专业,,笔试+面试,,,学段：小学；学科：美术；招聘人数：1,安徽 蚌埠经开区,https://www.xduim.com/zw/jszk,,专业：师范类美术教育、非师范类仅限美术类专业
2024,教师,2024安徽教师招考,蚌埠新城教育集团,5010009 蚌埠新城教育集团,本科及以上,计算机相关专业,,笔试+面试,,,学段：小学；学科：信息技术；招聘人数：1,安徽 蚌埠经开区,https://www.xduim.com/zw/jszk,,专业：计算机相关专业
2024,教师,2024安徽教师招考,蚌埠新城教育集团,5011110 蚌埠新城教育集团,本科及以上,师范类汉语言文学教育专业,,笔试+面试,,,学段：初级中学；学科：语文；招聘人数：1,安徽 蚌埠经开区,https://www.xduim.com/zw/jszk,,专业：师范类汉语言文学教育专业
2024,教师,2024安徽教师招考,蚌埠新城教育集团,5010111 蚌埠新城教育集团,本科及以上,师范类汉语言文学教育专业,,笔试+面试,,,学段：初级中学；学科：语文；招聘人数：1,安徽 蚌埠经开区,https://www.xduim.com/zw/jszk,,专业：师范类汉语言文学教育专业
2024,教师,2024安徽教师招考,蚌埠新城教育集团,5011112 蚌埠新城教育集团,本科及以上,不限,,笔试+面试,,,学段：初级中学；学科：数学；招聘人数：2,安徽 蚌埠经开区,https://www.xduim.com/zw/jszk,,专业：不限
2023,教师,2023安徽教师招考,经开区南区学校,70101 经开区南区学校 小学语文A组,本科及以上,本科：汉语言文学（050101）； 硕士研究生及以上：不限专业。,,笔试+面试,,,学段：小学；学科：小学语文(小学)；招聘职位：小学语文A组；招聘人数：12,安徽 合肥经开区,https://www.xduim.com/zw/jszk,,专业：本科：汉语言文学（050101）； 硕士研究生及以上：不限专业。
2023,教师,2023安徽教师招考,经开区南区学校,70102 经开区南区学校 小学语文B组,本科及以上,本科：汉语言文学（050101）； 硕士研究生及以上：不限专业。,,笔试+面试,,,学段：小学；学科：小学语文(小学)；招聘职位：小学语文B组；招聘人数：12,安徽 合肥经开区,https://www.xduim.com/zw/jszk,,专业：本科：汉语言文学（050101）； 硕士研究生及以上：不限专业。
2023,教师,2023安徽教师招考,经开区南区学校,70103 经开区南区学校 小学语文C组,本科及以上,本科：汉语言文学（050101）； 硕士研究生及以上：不限专业。,,笔试+面试,,,学段：小学；学科：小学语文(小学)；招聘职位：小学语文C组；招聘人数：12,安徽 合肥经开区,https://www.xduim.com/zw/jszk,,专业：本科：汉语言文学（050101）； 硕士研究生及以上：不限专业。
2023,教师,2023安徽教师招考,经开区南区学校,70104 经开区南区学校 小学语文D组,本科及以上,本科：汉语言文学（050101）； 硕士研究生及以上：不限专业。,,笔试+面试,,,学段：小学；学科：小学语文(小学)；招聘职位：小学语文D组；招聘人数：12,安徽 合肥经开区,https://www.xduim.com/zw/jszk,,专业：本科：汉语言文学（050101）； 硕士研究生及以上：不限专业。
2023,教师,2023安徽教师招考,经开区南区学校,70105 经开区南区学校 小学语文E组,本科及以上,本科：汉语言文学（050101）； 硕士研究生及以上：不限专业。,,笔试+面试,,,学段：小学；学科：小学语文(小学)；招聘职位：小学语文E组；招聘人数：12,安徽 合肥经开区,https://www.xduim.com/zw/jszk,,专业：本科：汉语言文学（050101）； 硕士研究生及以上：不限专业。
2023,教师,2023安徽教师招考,合肥经开自贸区实验学校,70106 合肥经开自贸区实验学校 小学语文F组,本科及以上,本科：汉语言文学（050101）； 硕士研究生及以上：不限专业。,,笔试+面试,,,学段：小学；学科：小学语文(小学)；招聘职位：小学语文F组；招聘人数：2,安徽 合肥经开区,https://www.xduim.com/zw/jszk,,专业：本科：汉语言文学（050101）； 硕士研究生及以上：不限专业。
2023,教师,2023安徽教师招考,合肥一六八新桥学校,70107 合肥一六八新桥学校 小学语文G组,本科及以上,本科：汉语言文学（050101）； 硕士研究生及以上：不限专业。,,笔试+面试,,,学段：小学；学科：小学语文(小学)；招聘职位：小学语文G组；招聘人数：1,安徽 合肥经开区,https://www.xduim.com/zw/jszk,,专业：本科：汉语言文学（050101）； 硕士研究生及以上：不限专业。
2023,教师,2023安徽教师招考,经开区南区学校,70108 经开区南区学校 小学数学A组,本科及以上,本科：数学与应用数学（070101）； 硕士研究生及以上：不限专业。,,笔试+面试,,,学段：小学；学科：小学数学(小学)；招聘职位：小学数学A组；招聘人数：10,安徽 合肥经开区,https://www.xduim.com/zw/jszk,,专业：本科：数学与应用数学（070101）； 硕士研究生及以上：不限专业。
2023,教师,2023安徽教师招考,经开区南区学校,70109 经开区南区学校 小学数学B组,本科及以上,本科：数学与应用数学（070101）； 硕士研究生及以上：不限专业。,,笔试+面试,,,学段：小学；学科：小学数学(小学)；招聘职位：小学数学B组；招聘人数：10,安徽 合肥经开区,https://www.xduim.com/zw/jszk,,专业：本科：数学与应用数学（070101）； 硕士研究生及以上：不限专业。
2023,教师,2023安徽教师招考,经开区南区学校,70110 经开区南区学校 小学数学C组,本科及以上,本科：数学与应用数学（070101）； 硕士研究生及以上：不限专业。,,笔试+面试,,,学段：小学；学科：小学数学(小学)；招聘职位：小学数学C组；招聘人数：10,安徽 合肥经开区,https://www.xduim.com/zw/jszk,,专业：本科：数学与应用数学（070101）； 硕士研究生及以上：不限专业。
2023,教师,2023安徽教师招考,合肥经开自贸区实验学校,70111 合肥经开自贸区实验学校 小学数学D组,本科及以上,本科：数学与应用数学（070101）； 硕士研究生及以上：不限专业。,,笔试+面试,,,学段：小学；学科：小学数学(小学)；招聘职位：小学数学D组；招聘人数：1,安徽 合肥经开区,https://www.xduim.com/zw/jszk,,专业：本科：数学与应用数学（070101）； 硕士研究生及以上：不限专业。
2023,教师,2023安徽教师招考,合肥经开实验高刘小学,70112 合肥经开实验高刘小学 小学数学E组,本科及以上,本科：数学与应用数学（070101）； 硕士研究生及以上：不限专业。,,笔试+面试,,,学段：小学；学科：小学数学(小学)；招聘职位：小学数学E组；招聘人数：1,安徽 合肥经开区,https://www.xduim.com/zw/jszk,,专业：本科：数学与应用数学（070101）； 硕士研究生及以上：不限专业。
2023,教师,2023安徽教师招考,合肥一六八新桥学校,70113 合肥一六八新桥学校 小学数学F组,本科及以上,本科：数学与应用数学（070101）； 硕士研究生及以上：不限专业。,,笔试+面试,,,学段：小学；学科：小学数学(小学)；招聘职位：小学数学F组；招聘人数：1,安徽 合肥经开区,https://www.xduim.com/zw/jszk,,专业：本科：数学与应用数学（070101）； 硕士研究生及以上：不限专业。
2023,教师,2023安徽教师招考,经开区南区学校,70114 经开区南区学校 小学英语组,本科及以上,本科：英语（050201）；硕士研究生及以上：不限专业。,,笔试+面试,,,学段：小学；学科：小学英语(小学)；招聘职位：小学英语组；招聘人数：2,安徽 合肥经开区,https://www.xduim.com/zw/jszk,,专业：本科：英语（050201）；硕士研究生及以上：不限专业。
2023,教师,2023安徽教师招考,经开区南区学校,70115 经开区南区学校 小学体育组,本科及以上,本科：体育教育(040201)、运动训练（040202K）；硕士研究生及以上：不限专业。,,笔试+面试,,,学段：小学；学科：小学体育(小学)；招聘职位：小学体育组；招聘人数：8,安徽 合肥经开区,https://www.xduim.com/zw/jszk,,专业：本科：体育教育(040201)、运动训练（040202K）；硕士研究生及以上：不限专业。
2023,教师,2023安徽教师招考,经开区南区学校,70116 经开区南区学校 小学科学组,本科及以上,不限专业,,笔试+面试,,,学段：小学；学科：小学科学(小学)；招聘职位：小学科学组；招聘人数：5,安徽 合肥经开区,https://www.xduim.com/zw/jszk,,专业：不限专业
2023,教师,2023安徽教师招考,经开区南区学校,70117 经开区南区学校 初中语文组,本科及以上,本科：汉语言文学（050101）；硕士研究生及以上：不限专业。,,笔试+面试,,,学段：初级中学；学科：语文(初级中学)；招聘职位：初中语文组；招聘人数：14,安徽 合肥经开区,https://www.xduim.com/zw/jszk,,专业：本科：汉语言文学（050101）；硕士研究生及以上：不限专业。
2023,教师,2023安徽教师招考,经开区南区学校,70118 经开区南区学校 初中数学A组,本科及以上,本科：数学与应用数学（070101）；硕士研究生及以上：不限专业。,,笔试+面试,,,学段：初级中学；学科：数学(初级中学)；招聘职位：初中数学A组；招聘人数：14,安徽 合肥经开区,https://www.xduim.com/zw/jszk,,专业：本科：数学与应用数学（070101）；硕士研究生及以上：不限专业。
2023,教师,2023安徽教师招考,合肥经开自贸区实验学校,70119 合肥经开自贸区实验学校 初中数学B组,本科及以上,本科：数学与应用数学（070101）；硕士研究生及以上：不限专业。,,笔试+面试,,,学段：初级中学；学科：数学(初级中学)；招聘职位：初中数学B组；招聘人数：1,安徽 合肥经开区,https://www.xduim.com/zw/jszk,,专业：本科：数学与应用数学（070101）；硕士研究生及以上：不限专业。
2023,教师,2023安徽教师招考,合肥市五十中学西校高刘分校,70120 合肥市五十中学西校高刘分校 初中数学C组,本科及以上,本科：数学与应用数学（070101）；硕士研究生及以上：不限专业。,,笔试+面试,,,学段：初级中学；学科：数学(初级中学)；招聘职位：初中数学C组；招聘人数：1,安徽 合肥经开区,https://www.xduim.com/zw/jszk,,专业：本科：数学与应用数学（070101）；硕士研究生及以上：不限专业。
2023,教师,2023安徽教师招考,绩溪县适之中学,30001 绩溪县适之中学 初中语文教师,本科及以上,本科：汉语言文学(050101)、汉语言（050102）、应用语言学（050106T）、秘书学（050107T）、中国语言与文化（050108T） 研究生：专业不限,,笔试+面试,,,招聘职位：初中语文教师；招聘人数：2,安徽 宣城绩溪县,https://www.xduim.com/zw/jszk,,专业：本科：汉语言文学(050101)、汉语言（050102）、应用语言学（050106T）、秘书学（050107T）、中国语言与文化（050108T） 研究生：专业不限
2023,教师,2023安徽教师招考,绩溪县适之中学,30002 绩溪县适之中学 初中数学教师,本科及以上,本科：数学与应用数学（070101）、信息与计算科学（070102）、数理基础科学（070103T） 研究生：专业不限,,笔试+面试,,,招聘职位：初中数学教师；招聘人数：2,安徽 宣城绩溪县,https://www.xduim.com/zw/jszk,,专业：本科：数学与应用数学（070101）、信息与计算科学（070102）、数理基础科学（070103T） 研究生：专业不限
2023,教师,2023安徽教师招考,绩溪县适之中学,30003 绩溪县适之中学 初中英语教师,本科及以上,本科：英语(050201)、商务英语（050262） 研究生：专业不限,,笔试+面试,,,招聘职位：初中英语教师；招聘人数：2,安徽 宣城绩溪县,https://www.xduim.com/zw/jszk,,专业：本科：英语(050201)、商务英语（050262） 研究生：专业不限
2023,教师,2023安徽教师招考,绩溪县适之中学,30004 绩溪县适之中学 初中地理教师,本科及以上,本科：地理科学(070501)、自然地理与资源环境(070502)、人文地理与城乡规划(070503)、地理信息科学(070504) 研究生：专业不限,,笔试+面试,,,招聘职位：初中地理教师；招聘人数：1,安徽 宣城绩溪县,https://www.xduim.com/zw/jszk,,专业：本科：地理科学(070501)、自然地理与资源环境(070502)、人文地理与城乡规划(070503)、地理信息科学(070504) 研究生：专业不限
2023,教师,2023安徽教师招考,绩溪县适之中学,30005 绩溪县适之中学 初中政治教师,本科及以上,本科：政治学与行政学(030201)、政治学经济学与哲学（030205T）、思想政治教育（030503） 研究生：专业不限,,笔试+面试,,,招聘职位：初中政治教师；招聘人数：1,安徽 宣城绩溪县,https://www.xduim.com/zw/jszk,,专业：本科：政治学与行政学(030201)、政治学经济学与哲学（030205T）、思想政治教育（030503） 研究生：专业不限
2023,教师,2023安徽教师招考,绩溪县实验小学,30006 绩溪县实验小学 小学语文教师,本科及以上,本科：汉语言文学(050101)、汉语言（050102）、应用语言学（050106T）、秘书学（050107T）、中国语言与文化（050108T）、小学教育（040107） 研究生：专业不限,,笔试+面试,,,招聘职位：小学语文教师；招聘人数：2,安徽 宣城绩溪县,https://www.xduim.com/zw/jszk,,专业：本科：汉语言文学(050101)、汉语言（050102）、应用语言学（050106T）、秘书学（050107T）、中国语言与文化（050108T）、小学教育（040107） 研究生：专业不限
2023,教师,2023安徽教师招考,绩溪县扬之小学,30007 绩溪县扬之小学 小学语文教师,本科及以上,本科：汉语言文学(050101)、汉语言（050102）、应用语言学（050106T）、秘书学（050107T）、中国语言与文化（050108T）、小学教育（040107） 研究生：专业不限,,笔试+面试,,,招聘职位：小学语文教师；招聘人数：1,安徽 宣城绩溪县,https://www.xduim.com/zw/jszk,,专业：本科：汉语言文学(050101)、汉语言（050102）、应用语言学（050106T）、秘书学（050107T）、中国语言与文化（050108T）、小学教育（040107） 研究生：专业不限
2023,教师,2023安徽教师招考,绩溪县桂枝小学,30008 绩溪县桂枝小学 小学体育教师,本科及以上,本科：体育教育(040201)、运动训练(040202K)、体能训练（040208T）、小学教育（040107） 研究生：专业不限,,笔试+面试,,,招聘职位：小学体育教师；招聘人数：1,安徽 宣城绩溪县,https://www.xduim.com/zw/jszk,,专业：本科：体育教育(040201)、运动训练(040202K)、体能训练（040208T）、小学教育（040107） 研究生：专业不限
2023,教师,2023安徽教师招考,绩溪县幼儿园,30009 绩溪县幼儿园 幼儿教师,专科及以上,专业不限,,笔试+面试,,,招聘职位：幼儿教师；招聘人数：1,安徽 宣城绩溪县,https://www.xduim.com/zw/jszk,,专业：专业不限
2024,教师,2024安徽教师招考,肥东县县属学校,100101 肥东县县属学校 高中语文A组,本科及以上,本科：汉语言文学（050101）、汉语言（050102）、中国语言与文化（050108T）；硕士研究生及以上专业不限。,,笔试+面试,,,学段：高级中学；学科：语文（高级中学）；招聘职位：高中语文A组；招聘人数：3,安徽 合肥肥东县,https://www.xduim.com/zw/jszk,,专业：本科：汉语言文学（050101）、汉语言（050102）、中国语言与文化（050108T）；硕士研究生及以上专业不限。
2024,教师,2024安徽教师招考,肥东县县属学校,100102 肥东县县属学校 高中语文B组,本科及以上,本科：汉语言文学（050101）、汉语言（050102）、中国语言与文化（050108T）；硕士研究生及以上专业不限。,,笔试+面试,,,学段：高级中学；学科：语文（高级中学）；招聘职位：高中语文B组；招聘人数：4,安徽 合肥肥东县,https://www.xduim.com/zw/jszk,,专业：本科：汉语言文学（050101）、汉语言（050102）、中国语言与文化（050108T）；硕士研究生及以上专业不限。
2024,教师,2024安徽教师招考,肥东县县属学校,100103 肥东县县属学校 高中数学,本科及以上,本科：数学类（0701）； 硕士研究生及以上专业不限。,,笔试+面试,,,学段：高级中学；学科：数学 (高级中学)；招聘职位：高中数学；招聘人数：1,安徽 合肥肥东县,https://www.xduim.com/zw/jszk,,专业：本科：数学类（0701）； 硕士研究生及以上专业不限。
2024,教师,2024安徽教师招考,肥东县县属学校,100104 肥东县县属学校 高中英语,本科及以上,本科：英语（050201）；硕士研究生及以上专业不限。,,笔试+面试,,,学段：高级中学；学科：英语（高级中学）；招聘职位：高中英语；招聘人数：2,安徽 合肥肥东县,https://www.xduim.com/zw/jszk,,专业：本科：英语（050201）；硕士研究生及以上专业不限。
2024,教师,2024安徽教师招考,肥东县县属学校,100105 肥东县县属学校 高中物理,本科及以上,本科：物理学（070201）、应用物理学（070202）；硕士研究生以上专业不限。,,笔试+面试,,,学段：高级中学；学科：物理（高级中学）；招聘职位：高中物理；招聘人数：5,安徽 合肥肥东县,https://www.xduim.com/zw/jszk,,专业：本科：物理学（070201）、应用物理学（070202）；硕士研究生以上专业不限。
2024,教师,2024安徽教师招考,肥东县县属学校,100106 肥东县县属学校 高中化学,本科及以上,本科：化学（070301）、应用化学（070302）；硕士研究生及以上专业不限。,,笔试+面试,,,学段：高级中学；学科：化学（高级中学）；招聘职位：高中化学；招聘人数：3,安徽 合肥肥东县,https://www.xduim.com/zw/jszk,,专业：本科：化学（070301）、应用化学（070302）；硕士研究生及以上专业不限。
2024,教师,2024安徽教师招考,肥东县县属学校,100107 肥东县县属学校 高中地理,本科及以上,本科：地理科学类（0705）；硕士研究生及以上专业不限。,,笔试+面试,,,学段：高级中学；学科：地理（高级中学）；招聘职位：高中地理；招聘人数：1,安徽 合肥肥东县,https://www.xduim.com/zw/jszk,,专业：本科：地理科学类（0705）；硕士研究生及以上专业不限。
2024,教师,2024安徽教师招考,肥东县县属学校,100108 肥东县县属学校 高中思想政治,本科及以上,本科：思想政治教育（030503）；硕士研究生及以上专业不限。,,笔试+面试,,,学段：高级中学；学科：思想政治（高级中学）；招聘职位：高中思想政治；招聘人数：1,安徽 合肥肥东县,https://www.xduim.com/zw/jszk,,专业：本科：思想政治教育（030503）；硕士研究生及以上专业不限。
2024,教师,2024安徽教师招考,肥东县县属学校,100109 肥东县县属学校 高中体育,本科及以上,本科：体育教育（040201）、运动训练（040202K）、体能训练（040208T）；硕士研究生及以上专业不限。,,笔试+面试,,,学段：高级中学；学科：体育与健康（高级中学）；招聘职位：高中体育；招聘人数：2,安徽 合肥肥东县,https://www.xduim.com/zw/jszk,,专业：本科：体育教育（040201）、运动训练（040202K）、体能训练（040208T）；硕士研究生及以上专业不限。
2023,教师,2023安徽教师招考,,100101 高中语文组,本科及以上,专业不限,,笔试+面试,,,招聘职位：高中语文组；招聘人数：2,安徽 合肥肥东县,https://www.xduim.com/zw/jszk,,专业：专业不限
2023,教师,2023安徽教师招考,,100102 高中数学组,本科及以上,专业不限,,笔试+面试,,,招聘职位：高中数学组；招聘人数：3,安徽 合肥肥东县,https://www.xduim.com/zw/jszk,,专业：专业不限
2023,教师,2023安徽教师招考,,100103 高中英语组,本科及以上,专业不限,,笔试+面试,,,招聘职位：高中英语组；招聘人数：2,安徽 合肥肥东县,https://www.xduim.com/zw/jszk,,专业：专业不限
2023,教师,2023安徽教师招考,,100104 高中物理A组,本科及以上,专业不限,,笔试+面试,,,招聘职位：高中物理A组；招聘人数：4,安徽 合肥肥东县,https://www.xduim.com/zw/jszk,,专业：专业不限
2023,教师,2023安徽教师招考,,100105 高中物理B组,本科及以上,专业不限,,笔试+面试,,,招聘职位：高中物理B组；招聘人数：2,安徽 合肥肥东县,https://www.xduim.com/zw/jszk,,专业：专业不限
2023,教师,2023安徽教师招考,,100106 高中化学组,本科及以上,专业不限,,笔试+面试,,,招聘职位：高中化学组；招聘人数：1,安徽 合肥肥东县,https://www.xduim.com/zw/jszk,,专业：专业不限
2023,教师,2023安徽教师招考,,100107 高中地理组,本科及以上,专业不限,,笔试+面试,,,招聘职位：高中地理组；招聘人数：1,安徽 合肥肥东县,https://www.xduim.com/zw/jszk,,专业：专业不限
2023,教师,2023安徽教师招考,,100108 初中语文组,本科及以上,专业不限,,笔试+面试,,,招聘职位：初中语文组；招聘人数：2,安徽 合肥肥东县,https://www.xduim.com/zw/jszk,,专业：专业不限
2023,教师,2023安徽教师招考,,100109 初中数学组,本科及以上,专业不限,,笔试+面试,,,招聘职位：初中数学组；招聘人数：4,安徽 合肥肥东县,https://www.xduim.com/zw/jszk,,专业：专业不限
2023,教师,2023安徽教师招考,,100110 初中英语组,本科及以上,专业不限,,笔试+面试,,,招聘职位：初中英语组；招聘人数：3,安徽 合肥肥东县,https://www.xduim.com/zw/jszk,,专业：专业不限
2023,教师,2023安徽教师招考,,100111 初中道德与法治组,本科及以上,专业不限,,笔试+面试,,,招聘职位：初中道德与法治组；招聘人数：1,安徽 合肥肥东县,https://www.xduim.com/zw/jszk,,专业：专业不限
2023,教师,2023安徽教师招考,,100112 小学语文组,专科及以上,专业不限,,笔试+面试,,,招聘职位：小学语文组；招聘人数：2,安徽 合肥肥东县,https://www.xduim.com/zw/jszk,,专业：专业不限
2023,教师,2023安徽教师招考,,100113 小学数学组,专科及以上,专业不限,,笔试+面试,,,招聘职位：小学数学组；招聘人数：1,安徽 合肥肥东县,https://www.xduim.com/zw/jszk,,专业：专业不限
2023,教师,2023安徽教师招考,,100114 小学体育组,专科及以上,专业不限,,笔试+面试,,,招聘职位：小学体育组；招聘人数：1,安徽 合肥肥东县,https://www.xduim.com/zw/jszk,,专业：专业不限
2023,教师,2023安徽教师招考,,100115 小学信息技术组,专科及以上,专业不限,,笔试+面试,,,招聘职位：小学信息技术组；招聘人数：1,安徽 合肥肥东县,https://www.xduim.com/zw/jszk,,专业：专业不限
2023,教师,2023安徽教师招考,芜湖市培智学校,芜湖市培智学校 特殊教育,本科及以上,特殊教育专业,,笔试+面试,,,学段：小学；学科：特殊教育；招聘职位：特殊教育；招聘人数：1,安徽 芜湖市直,https://www.xduim.com/zw/jszk,,专业：特殊教育专业
2023,教师,2023安徽教师招考,安徽师范大学附属外国语学校城东校区,安徽师范大学附属外国语学校城东校区 初中语文 A,本科及以上,汉语言文学专业,,笔试+面试,,,学段：初级中学；学科：语文；招聘职位：初中语文 A；招聘人数：2,安徽 芜湖市直,https://www.xduim.com/zw/jszk,,专业：汉语言文学专业
2023,教师,2023安徽教师招考,安徽师范大学附属外国语学校城东校区,安徽师范大学附属外国语学校城东校区 初中语文 B,本科及以上,汉语言文学专业,,笔试+面试,,,学段：初级中学；学科：语文；招聘职位：初中语文 B；招聘人数：2,安徽 芜湖市直,https://www.xduim.com/zw/jszk,,专业：汉语言文学专业
2023,教师,2023安徽教师招考,安徽师范大学附属外国语学校城东校区,安徽师范大学附属外国语学校城东校区 初中数学 A,本科及以上,数学与应用数学专业,,笔试+面试,,,学段：初级中学；学科：数学；招聘职位：初中数学 A；招聘人数：1,安徽 芜湖市直,https://www.xduim.com/zw/jszk,,专业：数学与应用数学专业
2023,教师,2023安徽教师招考,安徽师范大学附属外国语学校城东校区,安徽师范大学附属外国语学校城东校区 初中数学 B,本科及以上,数学与应用数学专业,,笔试+面试,,,学段：初级中学；学科：数学；招聘职位：初中数学 B；招聘人数：1,安徽 芜湖市直,https://www.xduim.com/zw/jszk,,专业：数学与应用数学专业
2023,教师,2023安徽教师招考,安徽师范大学附属外国语学校城东校区,安徽师范大学附属外国语学校城东校区 初中英语,本科及以上,英语专业,,笔试+面试,,,学段：初级中学；学科：英语；招聘职位：初中英语；招聘人数：1,安徽 芜湖市直,https://www.xduim.com/zw/jszk,,专业：英语专业
2023,教师,2023安徽教师招考,芜湖市中江小学,芜湖市中江小学 小学语文 A,本科及以上,汉语言文学专业、小学教育专业,,笔试+面试,,,学段：小学；学科：语文；招聘职位：小学语文 A；招聘人数：2,安徽 芜湖市直,https://www.xduim.com/zw/jszk,,专业：汉语言文学专业、小学教育专业
2023,教师,2023安徽教师招考,芜湖市中江小学,芜湖市中江小学 小学语文 B,本科及以上,汉语言文学专业、小学教育专业,,笔试+面试,,,学段：小学；学科：语文；招聘职位：小学语文 B；招聘人数：2,安徽 芜湖市直,https://www.xduim.com/zw/jszk,,专业：汉语言文学专业、小学教育专业
2023,教师,2023安徽教师招考,芜湖市中江小学,芜湖市中江小学 小学数学 A,本科及以上,数学与应用数学专业、小学教育专业,,笔试+面试,,,学段：小学；学科：数学；招聘职位：小学数学 A；招聘人数：2,安徽 芜湖市直,https://www.xduim.com/zw/jszk,,专业：数学与应用数学专业、小学教育专业
2023,教师,2023安徽教师招考,芜湖市中江小学,芜湖市中江小学 小学数学 B,本科及以上,数学与应用数学专业、小学教育专业,,笔试+面试,,,学段：小学；学科：数学；招聘职位：小学数学 B；招聘人数：2,安徽 芜湖市直,https://www.xduim.com/zw/jszk,,专业：数学与应用数学专业、小学教育专业
2023,教师,2023安徽教师招考,芜湖市中江小学,芜湖市中江小学 小学英语,本科及以上,英语专业,,笔试+面试,,,学段：小学；学科：英语；招聘职位：小学英语；招聘人数：1,安徽 芜湖市直,https://www.xduim.com/zw/jszk,,专业：英语专业
2023,教师,2023安徽教师招考,芜湖市中江中学,芜湖市中江中学 初中语文,本科及以上,汉语言文学专业,,笔试+面试,,,学段：初级中学；学科：语文；招聘职位：初中语文；招聘人数：1,安徽 芜湖市直,https://www.xduim.com/zw/jszk,,专业：汉语言文学专业
2023,教师,2023安徽教师招考,芜湖市中江中学,芜湖市中江中学 初中历史,本科及以上,历史学专业,,笔试+面试,,,学段：初级中学；学科：历史；招聘职位：初中历史；招聘人数：1,安徽 芜湖市直,https://www.xduim.com/zw/jszk,,专业：历史学专业
2023,教师,2023安徽教师招考,芜湖市第三中学,芜湖市第三中学 高中音乐,本科及以上,音乐学专业,,笔试+面试,,,学段：高级中学；学科：音乐；招聘职位：高中音乐；招聘人数：1,安徽 芜湖市直,https://www.xduim.com/zw/jszk,,专业：音乐学专业
2024,教师,2024安徽教师招考,芜湖市培智学校,芜湖市培智学校 特殊教育,本科及以上,特殊教育专业,,笔试+面试,,,学段：小学；学科：特殊教育；招聘职位：特殊教育；招聘人数：1,安徽 芜湖市直,https://www.xduim.com/zw/jszk,,专业：特殊教育专业
2024,教师,2024安徽教师招考,芜湖市培智学校,芜湖市培智学校 初中心理健康教育,本科及以上,心理学专业、应用心理学专业,,笔试+面试,,,学段：初级中学；学科：心理健康教育；招聘职位：初中心理健康教育；招聘人数：1,安徽 芜湖市直,https://www.xduim.com/zw/jszk,,专业：心理学专业、应用心理学专业
2024,教师,2024安徽教师招考,芜湖市中江小学,芜湖市中江小学 小学语文A,本科及以上,汉语言文学专业、小学教育专业,,笔试+面试,,,学段：小学；学科：语文；招聘职位：小学语文A；招聘人数：8,安徽 芜湖市直,https://www.xduim.com/zw/jszk,,专业：汉语言文学专业、小学教育专业
2024,教师,2024安徽教师招考,芜湖市中江小学,芜湖市中江小学 小学语文 B,本科及以上,汉语言文学专业、小学教育专业,,笔试+面试,,,学段：小学；学科：语文；招聘职位：小学语文 B；招聘人数：8,安徽 芜湖市直,https://www.xduim.com/zw/jszk,,专业：汉语言文学专业、小学教育专业
2024,教师,2024安徽教师招考,芜湖市中江小学,芜湖市中江小学 小学数学A,本科及以上,数学与应用数学专业、小学教育专业,,笔试+面试,,,学段：小学；学科：数学；招聘职位：小学数学A；招聘人数：3,安徽 芜湖市直,https://www.xduim.com/zw/jszk,,专业：数学与应用数学专业、小学教育专业
2024,教师,2024安徽教师招考,芜湖市中江小学,芜湖市中江小学 小学数学B,本科及以上,数学与应用数学专业、小学教育专业,,笔试+面试,,,学段：小学；学科：数学；招聘职位：小学数学B；招聘人数：3,安徽 芜湖市直,https://www.xduim.com/zw/jszk,,专业：数学与应用数学专业、小学教育专业
2024,教师,2024安徽教师招考,芜湖市中江小学,芜湖市中江小学 小学英语A,本科及以上,英语专业、小学教育专业,,笔试+面试,,,学段：小学；学科：英语；招聘职位：小学英语A；招聘人数：2,安徽 芜湖市直,https://www.xduim.com/zw/jszk,,专业：英语专业、小学教育专业
2024,教师,2024安徽教师招考,芜湖市中江小学,芜湖市中江小学 小学英语B,本科及以上,英语专业、小学教育专业,,笔试+面试,,,学段：小学；学科：英语；招聘职位：小学英语B；招聘人数：2,安徽 芜湖市直,https://www.xduim.com/zw/jszk,,专业：英语专业、小学教育专业
2024,教师,2024安徽教师招考,芜湖市中江小学,芜湖市中江小学 小学体育与健康,本科及以上,体育教育专业、小学教育专业,,笔试+面试,,,学段：小学；学科：体育与健康；招聘职位：小学体育与健康；招聘人数：5,安徽 芜湖市直,https://www.xduim.com/zw/jszk,,专业：体育教育专业、小学教育专业
2024,教师,2024安徽教师招考,芜湖市中江小学,芜湖市中江小学 小学音乐,本科及以上,音乐学专业、小学教育专业,,笔试+面试,,,学段：小学；学科：音乐；招聘职位：小学音乐；招聘人数：4,安徽 芜湖市直,https://www.xduim.com/zw/jszk,,专业：音乐学专业、小学教育专业
2024,教师,2024安徽教师招考,芜湖市中江小学,芜湖市中江小学 小学美术,本科及以上,美术学专业、小学教育专业,,笔试+面试,,,学段：小学；学科：美术；招聘职位：小学美术；招聘人数：2,安徽 芜湖市直,https://www.xduim.com/zw/jszk,,专业：美术学专业、小学教育专业
2024,教师,2024安徽教师招考,芜湖市中江小学,芜湖市中江小学 小学科学,本科及以上,科学教育专业、物理学专业、化学专业、生物科学专业、小学教育专业,,笔试+面试,,,学段：小学；学科：科学；招聘职位：小学科学；招聘人数：1,安徽 芜湖市直,https://www.xduim.com/zw/jszk,,专业：科学教育专业、物理学专业、化学专业、生物科学专业、小学教育专业
2024,教师,2024安徽教师招考,芜湖市中江小学,芜湖市中江小学 小学信息技术,本科及以上,计算机科学与技术专业、教育技术学专业、小学教育专业,,笔试+面试,,,学段：小学；学科：信息技术；招聘职位：小学信息技术；招聘人数：1,安徽 芜湖市直,https://www.xduim.com/zw/jszk,,专业：计算机科学与技术专业、教育技术学专业、小学教育专业
2024,教师,2024安徽教师招考,芜湖市中江小学,芜湖市中江小学 小学心理健康教育,本科及以上,心理学专业、应用心理学专业、小学教育专业,,笔试+面试,,,学段：小学；学科：心理健康教育；招聘职位：小学心理健康教育；招聘人数：1,安徽 芜湖市直,https://www.xduim.com/zw/jszk,,专业：心理学专业、应用心理学专业、小学教育专业
2024,教师,2024安徽教师招考,芜湖市中江小学,芜湖市中江小学 小学道德与法治,本科及以上,思想政治教育专业、小学教育专业,,笔试+面试,,,学段：小学；学科：道德与法治；招聘职位：小学道德与法治；招聘人数：1,安徽 芜湖市直,https://www.xduim.com/zw/jszk,,专业：思想政治教育专业、小学教育专业
2024,教师,2024安徽教师招考,安徽师范大学附属外国语学校城东校区,安徽师范大学附属外国语学校城东校区 初中语文A,本科及以上,汉语言文学专业,,笔试+面试,,,学段：初级中学；学科：语文；招聘职位：初中语文A；招聘人数：7,安徽 芜湖市直,https://www.xduim.com/zw/jszk,,专业：汉语言文学专业
2024,教师,2024安徽教师招考,安徽师范大学附属外国语学校城东校区,安徽师范大学附属外国语学校城东校区 初中语文B,本科及以上,汉语言文学专业,,笔试+面试,,,学段：初级中学；学科：语文；招聘职位：初中语文B；招聘人数：7,安徽 芜湖市直,https://www.xduim.com/zw/jszk,,专业：汉语言文学专业
2024,教师,2024安徽教师招考,安徽师范大学附属外国语学校城东校区,安徽师范大学附属外国语学校城东校区 初中数学A,本科及以上,数学与应用数学专业,,笔试+面试,,,学段：初级中学；学科：数学；招聘职位：初中数学A；招聘人数：5,安徽 芜湖市直,https://www.xduim.com/zw/jszk,,专业：数学与应用数学专业
2024,教师,2024安徽教师招考,安徽师范大学附属外国语学校城东校区,安徽师范大学附属外国语学校城东校区 初中数学B,本科及以上,数学与应用数学专业,,笔试+面试,,,学段：初级中学；学科：数学；招聘职位：初中数学B；招聘人数：5,安徽 芜湖市直,https://www.xduim.com/zw/jszk,,专业：数学与应用数学专业
2024,教师,2024安徽教师招考,安徽师范大学附属外国语学校城东校区,安徽师范大学附属外国语学校城东校区 初中心理健康教育,本科及以上,心理学专业、应用心理学专业,,笔试+面试,,,学段：初级中学；学科：心理健康教育；招聘职位：初中心理健康教育；招聘人数：2,安徽 芜湖市直,https://www.xduim.com/zw/jszk,,专业：心理学专业、应用心理学专业
2024,教师,2024安徽教师招考,花山区教育局,花山区教育局 小学语文 A,本科及以上,本科：050101 汉语言文学，050102 汉语言，040107 小学教育。 硕士研究生及以上：专业不限。,,笔试+面试,,,学段：小学；学科：语文；招聘职位：小学语文 A；招聘人数：8,安徽 马鞍山花山区,https://www.xduim.com/zw/jszk,,专业：本科：050101 汉语言文学，050102 汉语言，040107 小学教育。 硕士研究生及以上：专业不限。
2024,教师,2024安徽教师招考,花山区教育局,花山区教育局 小学语文 B,本科及以上,本科：050101 汉语言文学，050102 汉语言，040107 小学教育。 硕士研究生及以上：专业不限。,,笔试+面试,,,学段：小学；学科：语文；招聘职位：小学语文 B；招聘人数：8,安徽 马鞍山花山区,https://www.xduim.com/zw/jszk,,专业：本科：050101 汉语言文学，050102 汉语言，040107 小学教育。 硕士研究生及以上：专业不限。
2024,教师,2024安徽教师招考,花山区教育局,花山区教育局 小学数学,本科及以上,本科：070101 数学与应用数学，070102 信息与计算科学，040107 小学教育。 硕士研究生及以上：专业不限。,,笔试+面试,,,学段：小学；学科：数学；招聘职位：小学数学；招聘人数：4,安徽 马鞍山花山区,https://www.xduim.com/zw/jszk,,专业：本科：070101 数学与应用数学，070102 信息与计算科学，040107 小学教育。 硕士研究生及以上：专业不限。
2024,教师,2024安徽教师招考,花山区教育局,花山区教育局 小学科学,本科及以上,本科：040102 科学教育，040112T 认知科学与技术，040107 小学教育。 硕士研究生及以上：专业不限。,,笔试+面试,,,学段：小学；学科：科学；招聘职位：小学科学；招聘人数：4,安徽 马鞍山花山区,https://www.xduim.com/zw/jszk,,专业：本科：040102 科学教育，040112T 认知科学与技术，040107 小学教育。 硕士研究生及以上：专业不限。
2024,教师,2024安徽教师招考,花山区教育局,花山区教育局 小学音乐,本科及以上,本科：1302 音乐与舞蹈学类，040107 小学教育，B050408 音乐教育。 硕士研究生及以上：专业不限。,,笔试+面试,,,学段：小学；学科：音乐；招聘职位：小学音乐；招聘人数：1,安徽 马鞍山花山区,https://www.xduim.com/zw/jszk,,专业：本科：1302 音乐与舞蹈学类，040107 小学教育，B050408 音乐教育。 硕士研究生及以上：专业不限。
2024,教师,2024安徽教师招考,花山区教育局,花山区教育局 小学体育,本科及以上,本科：040201 体育教育，040202K 运动训练，040107 小学教育，B040302 体 育教育。 硕士研究生及以上：专业不限。,,笔试+面试,,,学段：小学；学科：体育；招聘职位：小学体育；招聘人数：1,安徽 马鞍山花山区,https://www.xduim.com/zw/jszk,,专业：本科：040201 体育教育，040202K 运动训练，040107 小学教育，B040302 体 育教育。 硕士研究生及以上：专业不限。
2024,教师,2024安徽教师招考,花山区教育局,花山区教育局 心理健康教育,本科及以上,本科：340102 心理健康教育，071101 心理学，071102 应用心理学。 硕士研究生及以上：专业不限。,,笔试+面试,,,学段：小学；学科：心理健康教育；招聘职位：心理健康教育；招聘人数：3,安徽 马鞍山花山区,https://www.xduim.com/zw/jszk,,专业：本科：340102 心理健康教育，071101 心理学，071102 应用心理学。 硕士研究生及以上：专业不限。
2024,教师,2024安徽教师招考,花山区教育局,花山区教育局 初中道德与法治,本科及以上,本科：030205T 政治学、经济学与哲学，030503 思想政治教育。 硕士研究生及以上：专业不限。,,笔试+面试,,,学段：初级中学；学科：道德与法治；招聘职位：初中道德与法治；招聘人数：1,安徽 马鞍山花山区,https://www.xduim.com/zw/jszk,,专业：本科：030205T 政治学、经济学与哲学，030503 思想政治教育。 硕士研究生及以上：专业不限。
2024,教师,2024安徽教师招考,花山区教育局,花山区教育局 初中语文,本科及以上,本科：050101 汉语言文学，050102 汉语言。 硕士研究生及以上：专业不限。,,笔试+面试,,,学段：初级中学；学科：语文；招聘职位：初中语文；招聘人数：3,安徽 马鞍山花山区,https://www.xduim.com/zw/jszk,,专业：本科：050101 汉语言文学，050102 汉语言。 硕士研究生及以上：专业不限。
2024,教师,2024安徽教师招考,花山区教育局,花山区教育局 初中英语,本科及以上,本科：050201 英语。 硕士研究生及以上：专业不限。,,笔试+面试,,,学段：初级中学；学科：英语；招聘职位：初中英语；招聘人数：1,安徽 马鞍山花山区,https://www.xduim.com/zw/jszk,,专业：本科：050201 英语。 硕士研究生及以上：专业不限。
2024,教师,2024安徽教师招考,花山区教育局,花山区教育局 初中物理,本科及以上,本科：070201 物理学，070202 应用物理学，B070202 物理教育。 硕士研究生及以上：专业不限。,,笔试+面试,,,学段：初级中学；学科：物理；招聘职位：初中物理；招聘人数：1,安徽 马鞍山花山区,https://www.xduim.com/zw/jszk,,专业：本科：070201 物理学，070202 应用物理学，B070202 物理教育。 硕士研究生及以上：专业不限。
2024,教师,2024安徽教师招考,花山区教育局,花山区教育局 初中生物,本科及以上,本科：071001 生物科学， 071002 生物技术，B070402 生物教育。 硕士研究生及以上：专业不限。,,笔试+面试,,,学段：初级中学；学科：生物；招聘职位：初中生物；招聘人数：1,安徽 马鞍山花山区,https://www.xduim.com/zw/jszk,,专业：本科：071001 生物科学， 071002 生物技术，B070402 生物教育。 硕士研究生及以上：专业不限。
2024,教师,2024安徽教师招考,花山区教育局,花山区教育局 初中历史,本科及以上,本科：060101 历史学，060102 世界史，B060102 历史教育。 硕士研究生及以上：专业不限。,,笔试+面试,,,学段：初级中学；学科：历史；招聘职位：初中历史；招聘人数：3,安徽 马鞍山花山区,https://www.xduim.com/zw/jszk,,专业：本科：060101 历史学，060102 世界史，B060102 历史教育。 硕士研究生及以上：专业不限。
2024,教师,2024安徽教师招考,花山区教育局,花山区教育局 心理健康教育,本科及以上,本科：340102 心理健康教育，071101 心理学，071102 应用心理学。 硕士研究生及以上：专业不限。,,笔试+面试,,,学段：初级中学；学科：心理健康教育；招聘职位：心理健康教育；招聘人数：1,安徽 马鞍山花山区,https://www.xduim.com/zw/jszk,,专业：本科：340102 心理健康教育，071101 心理学，071102 应用心理学。 硕士研究生及以上：专业不限。
2023,教师,2023安徽教师招考,花山区教育局,花山区教育局 小学语文 A,本科及以上,本科：050101 汉语言文学，050102 汉语言，040107 小学教育。 硕士研究生及以上：专业不限。,,笔试+面试,,,学段：小学；学科：语文；招聘职位：小学语文 A；招聘人数：9,安徽 马鞍山花山区,https://www.xduim.com/zw/jszk,,专业：本科：050101 汉语言文学，050102 汉语言，040107 小学教育。 硕士研究生及以上：专业不限。
2023,教师,2023安徽教师招考,花山区教育局,花山区教育局 小学语文 B,本科及以上,本科：050101 汉语言文学，050102 汉语言，040107 小学教育。 硕士研究生及以上：专业不限。,,笔试+面试,,,学段：小学；学科：语文；招聘职位：小学语文 B；招聘人数：9,安徽 马鞍山花山区,https://www.xduim.com/zw/jszk,,专业：本科：050101 汉语言文学，050102 汉语言，040107 小学教育。 硕士研究生及以上：专业不限。
2023,教师,2023安徽教师招考,花山区教育局,花山区教育局 小学语文 C,本科及以上,本科：050101 汉语言文学，050102 汉语言，040107 小学教育。 硕士研究生及以上：专业不限。,,笔试+面试,,,学段：小学；学科：语文；招聘职位：小学语文 C；招聘人数：9,安徽 马鞍山花山区,https://www.xduim.com/zw/jszk,,专业：本科：050101 汉语言文学，050102 汉语言，040107 小学教育。 硕士研究生及以上：专业不限。
2023,教师,2023安徽教师招考,花山区教育局,花山区教育局 小学数学 A,本科及以上,本科：070101 数学与应用数学，070102 信息与计算科学，040107 小学教育。 硕士研究生及以上：专业不限。,,笔试+面试,,,学段：小学；学科：数学；招聘职位：小学数学 A；招聘人数：8,安徽 马鞍山花山区,https://www.xduim.com/zw/jszk,,专业：本科：070101 数学与应用数学，070102 信息与计算科学，040107 小学教育。 硕士研究生及以上：专业不限。
2023,教师,2023安徽教师招考,花山区教育局,花山区教育局 小学数学 B,本科及以上,本科：070101 数学与应用数学，070102 信息与计算科学，040107 小学教育。 硕士研究生及以上：专业不限。,,笔试+面试,,,学段：小学；学科：数学；招聘职位：小学数学 B；招聘人数：7,安徽 马鞍山花山区,https://www.xduim.com/zw/jszk,,专业：本科：070101 数学与应用数学，070102 信息与计算科学，040107 小学教育。 硕士研究生及以上：专业不限。
2023,教师,2023安徽教师招考,花山区教育局,花山区教育局 小学英语,本科及以上,本科：050201 英语，040107 小学教育。 硕士研究生及以上：专业不限。,,笔试+面试,,,学段：小学；学科：英语；招聘职位：小学英语；招聘人数：4,安徽 马鞍山花山区,https://www.xduim.com/zw/jszk,,专业：本科：050201 英语，040107 小学教育。 硕士研究生及以上：专业不限。
2023,教师,2023安徽教师招考,花山区教育局,花山区教育局 小学音乐,本科及以上,本科：1302 音乐与舞蹈学类，040107 小学教育。 硕士研究生及以上：专业不限。,,笔试+面试,,,学段：小学；学科：音乐；招聘职位：小学音乐；招聘人数：1,安徽 马鞍山花山区,https://www.xduim.com/zw/jszk,,专业：本科：1302 音乐与舞蹈学类，040107 小学教育。 硕士研究生及以上：专业不限。
2023,教师,2023安徽教师招考,花山区教育局,花山区教育局 小学体育,本科及以上,本科：040201 体育教育，040202K 运动训练，040107 小学教育。 硕士研究生及以上：专业不限。,,笔试+面试,,,学段：小学；学科：体育；招聘职位：小学体育；招聘人数：6,安徽 马鞍山花山区,https://www.xduim.com/zw/jszk,,专业：本科：040201 体育教育，040202K 运动训练，040107 小学教育。 硕士研究生及以上：专业不限。
2023,教师,2023安徽教师招考,花山区教育局,花山区教育局 小学美术,本科及以上,本科：1304 美术学类，040107 小学教育； 硕士研究生及以上：专业不限。,,笔试+面试,,,学段：小学；学科：美术；招聘职位：小学美术；招聘人数：1,安徽 马鞍山花山区,https://www.xduim.com/zw/jszk,,专业：本科：1304 美术学类，040107 小学教育； 硕士研究生及以上：专业不限。
2023,教师,2023安徽教师招考,花山区教育局,花山区教育局 小学信息技术,本科及以上,本科：080901 计算机科学与技术，040104 教育技术学，040107 小学教育； 硕士研究生及以上：专业不限。,,笔试+面试,,,学段：小学；学科：信息技术；招聘职位：小学信息技术；招聘人数：4,安徽 马鞍山花山区,https://www.xduim.com/zw/jszk,,专业：本科：080901 计算机科学与技术，040104 教育技术学，040107 小学教育； 硕士研究生及以上：专业不限。
2023,教师,2023安徽教师招考,花山区教育局,花山区教育局 小学科学,本科及以上,本科：040102 科学教育，040112T 认知科学与技术，040107 小学教育； 硕士研究生及以上：专业不限。,,笔试+面试,,,学段：小学；学科：科学；招聘职位：小学科学；招聘人数：3,安徽 马鞍山花山区,https://www.xduim.com/zw/jszk,,专业：本科：040102 科学教育，040112T 认知科学与技术，040107 小学教育； 硕士研究生及以上：专业不限。
2023,教师,2023安徽教师招考,花山区教育局,花山区教育局 初中语文,本科及以上,本科：050101 汉语言文学，050102 汉语言； 硕士研究生及以上：专业不限。,,笔试+面试,,,学段：初级中学；学科：语文；招聘职位：初中语文；招聘人数：3,安徽 马鞍山花山区,https://www.xduim.com/zw/jszk,,专业：本科：050101 汉语言文学，050102 汉语言； 硕士研究生及以上：专业不限。
2023,教师,2023安徽教师招考,花山区教育局,花山区教育局 初中数学,本科及以上,本科：070101 数学与应用数学，070102 信息与计算科学； 硕士研究生及以上：专业不限。,,笔试+面试,,,学段：初级中学；学科：数学；招聘职位：初中数学；招聘人数：2,安徽 马鞍山花山区,https://www.xduim.com/zw/jszk,,专业：本科：070101 数学与应用数学，070102 信息与计算科学； 硕士研究生及以上：专业不限。
2023,教师,2023安徽教师招考,花山区教育局,花山区教育局 初中英语,本科及以上,本科：050201 英语； 硕士研究生及以上：专业不限。,,笔试+面试,,,学段：初级中学；学科：英语；招聘职位：初中英语；招聘人数：2,安徽 马鞍山花山区,https://www.xduim.com/zw/jszk,,专业：本科：050201 英语； 硕士研究生及以上：专业不限。
2023,教师,2023安徽教师招考,花山区教育局,花山区教育局 初中道德与法治,本科及以上,本科：030205T 政治学、经济学与哲学，030503 思想政治教育； 硕士研究生及以上：专业不限。,,笔试+面试,,,学段：初级中学；学科：道德与法治；招聘职位：初中道德与法治；招聘人数：2,安徽 马鞍山花山区,https://www.xduim.com/zw/jszk,,专业：本科：030205T 政治学、经济学与哲学，030503 思想政治教育； 硕士研究生及以上：专业不限。
2023,教师,2023安徽教师招考,花山区教育局,花山区教育局 初中历史,本科及以上,本科：060101 历史学，060102 世界史； 硕士研究生及以上：专业不限。,,笔试+面试,,,学段：初级中学；学科：历史；招聘职位：初中历史；招聘人数：2,安徽 马鞍山花山区,https://www.xduim.com/zw/jszk,,专业：本科：060101 历史学，060102 世界史； 硕士研究生及以上：专业不限。
2023,教师,2023安徽教师招考,花山区教育局,花山区教育局 初中地理,本科及以上,本科：070501 地理科学； 硕士研究生及以上：专业不限。,,笔试+面试,,,学段：初级中学；学科：地理；招聘职位：初中地理；招聘人数：2,安徽 马鞍山花山区,https://www.xduim.com/zw/jszk,,专业：本科：070501 地理科学； 硕士研究生及以上：专业不限。
2023,教师,2023安徽教师招考,花山区教育局,花山区教育局 初中物理,本科及以上,本科：070201 物理学，070202 应用物理学； 硕士研究生及以上：专业不限。,,笔试+面试,,,学段：初级中学；学科：物理；招聘职位：初中物理；招聘人数：2,安徽 马鞍山花山区,https://www.xduim.com/zw/jszk,,专业：本科：070201 物理学，070202 应用物理学； 硕士研究生及以上：专业不限。
2023,教师,2023安徽教师招考,花山区教育局,花山区教育局 初中生物,本科及以上,本科：071001 生物科学， 071002 生物技术 ; 硕士研究生及以上：专业不限。,,笔试+面试,,,学段：初级中学；学科：生物；招聘职位：初中生物；招聘人数：2,安徽 马鞍山花山区,https://www.xduim.com/zw/jszk,,专业：本科：071001 生物科学， 071002 生物技术 ; 硕士研究生及以上：专业不限。
2023,教师,2023安徽教师招考,花山区教育局,花山区教育局 初中音乐,本科及以上,本科： 1302 音乐与舞蹈学类； 硕士研究生及以上：专业不限。,,笔试+面试,,,学段：初级中学；学科：音乐；招聘职位：初中音乐；招聘人数：1,安徽 马鞍山花山区,https://www.xduim.com/zw/jszk,,专业：本科： 1302 音乐与舞蹈学类； 硕士研究生及以上：专业不限。
2024,教师,2024安徽教师招考,萧县教育体育局,20240301 萧县教育体育局 小学语文,本科及以上,专业不限,,笔试+面试,,,学段：小学；学科：语文；招聘职位：小学语文；招聘人数：11,安徽 宿州萧县,https://www.xduim.com/zw/jszk,,专业：专业不限
2024,教师,2024安徽教师招考,萧县教育体育局,20240302 萧县教育体育局 小学数学,本科及以上,专业不限,,笔试+面试,,,学段：小学；学科：数学；招聘职位：小学数学；招聘人数：10,安徽 宿州萧县,https://www.xduim.com/zw/jszk,,专业：专业不限
2024,教师,2024安徽教师招考,萧县教育体育局,20240303 萧县教育体育局 小学音乐,本科及以上,专业不限,,笔试+面试,,,学段：小学；学科：音乐；招聘职位：小学音乐；招聘人数：3,安徽 宿州萧县,https://www.xduim.com/zw/jszk,,专业：专业不限
2024,教师,2024安徽教师招考,萧县教育体育局,20240304 萧县教育体育局 小学体育,本科及以上,专业不限,,笔试+面试,,,学段：小学；学科：体育；招聘职位：小学体育；招聘人数：2,安徽 宿州萧县,https://www.xduim.com/zw/jszk,,专业：专业不限
2024,教师,2024安徽教师招考,萧县教育体育局,20240305 萧县教育体育局 小学美术,本科及以上,专业不限,,笔试+面试,,,学段：小学；学科：美术；招聘职位：小学美术；招聘人数：4,安徽 宿州萧县,https://www.xduim.com/zw/jszk,,专业：专业不限
2024,教师,2024安徽教师招考,萧县教育体育局,20240306 萧县教育体育局 初中语文1,本科及以上,专业不限,,笔试+面试,,,学段：初级中学；学科：语文；招聘职位：初中语文1；招聘人数：9,安徽 宿州萧县,https://www.xduim.com/zw/jszk,,专业：专业不限
2024,教师,2024安徽教师招考,萧县教育体育局,20240307 萧县教育体育局 初中语文2,本科及以上,专业不限,,笔试+面试,,,学段：初级中学；学科：语文；招聘职位：初中语文2；招聘人数：9,安徽 宿州萧县,https://www.xduim.com/zw/jszk,,专业：专业不限
2024,教师,2024安徽教师招考,萧县教育体育局,20240308 萧县教育体育局 初中数学1,本科及以上,专业不限,,笔试+面试,,,学段：初级中学；学科：数学；招聘职位：初中数学1；招聘人数：8,安徽 宿州萧县,https://www.xduim.com/zw/jszk,,专业：专业不限
2024,教师,2024安徽教师招考,萧县教育体育局,20240309 萧县教育体育局 初中数学2,本科及以上,专业不限,,笔试+面试,,,学段：初级中学；学科：数学；招聘职位：初中数学2；招聘人数：10,安徽 宿州萧县,https://www.xduim.com/zw/jszk,,专业：专业不限
2024,教师,2024安徽教师招考,萧县教育体育局,20240310 萧县教育体育局 初中英语1,本科及以上,专业不限,,笔试+面试,,,学段：初级中学；学科：英语；招聘职位：初中英语1；招聘人数：6,安徽 宿州萧县,https://www.xduim.com/zw/jszk,,专业：专业不限
2024,教师,2024安徽教师招考,萧县教育体育局,20240311 萧县教育体育局 初中英语2,本科及以上,专业不限,,笔试+面试,,,学段：初级中学；学科：英语；招聘职位：初中英语2；招聘人数：7,安徽 宿州萧县,https://www.xduim.com/zw/jszk,,专业：专业不限
2024,教师,2024安徽教师招考,萧县教育体育局,20240312 萧县教育体育局 初中心理健康教育,本科及以上,专业不限,,笔试+面试,,,学段：初级中学；学科：心理健康教育；招聘职位：初中心理健康教育；招聘人数：3,安徽 宿州萧县,https://www.xduim.com/zw/jszk,,专业：专业不限
2024,教师,2024安徽教师招考,萧县教育体育局,20240313 萧县教育体育局 初中物理,本科及以上,专业不限,,笔试+面试,,,学段：初级中学；学科：物理；招聘职位：初中物理；招聘人数：6,安徽 宿州萧县,https://www.xduim.com/zw/jszk,,专业：专业不限
2024,教师,2024安徽教师招考,萧县教育体育局,20240314 萧县教育体育局 初中化学,本科及以上,专业不限,,笔试+面试,,,学段：初级中学；学科：化学；招聘职位：初中化学；招聘人数：6,安徽 宿州萧县,https://www.xduim.com/zw/jszk,,专业：专业不限
2024,教师,2024安徽教师招考,萧县教育体育局,20240315 萧县教育体育局 初中生物,本科及以上,专业不限,,笔试+面试,,,学段：初级中学；学科：生物；招聘职位：初中生物；招聘人数：6,安徽 宿州萧县,https://www.xduim.com/zw/jszk,,专业：专业不限
2024,教师,2024安徽教师招考,萧县教育体育局,20240316 萧县教育体育局 高中语文,本科及以上,本科：中国语言文学类 研究生：专业不限,,笔试+面试,,,学段：高级中学；学科：高中语文；招聘职位：高中语文；招聘人数：2,安徽 宿州萧县,https://www.xduim.com/zw/jszk,,专业：本科：中国语言文学类 研究生：专业不限
2024,教师,2024安徽教师招考,萧县教育体育局,20240317 萧县教育体育局 高中数学,本科及以上,本科：数学类 研究生：专业不限,,笔试+面试,,,学段：高级中学；学科：高中数学；招聘职位：高中数学；招聘人数：3,安徽 宿州萧县,https://www.xduim.com/zw/jszk,,专业：本科：数学类 研究生：专业不限
2024,教师,2024安徽教师招考,萧县教育体育局,20240318 萧县教育体育局 高中英语,本科及以上,本科：英语专业、商务英语专业 研究生：专业不限,,笔试+面试,,,学段：高级中学；学科：高中英语；招聘职位：高中英语；招聘人数：3,安徽 宿州萧县,https://www.xduim.com/zw/jszk,,专业：本科：英语专业、商务英语专业 研究生：专业不限
2024,教师,2024安徽教师招考,萧县教育体育局,20240319 萧县教育体育局 高中物理,本科及以上,本科：物理学类 研究生：专业不限,,笔试+面试,,,学段：高级中学；学科：高中物理；招聘职位：高中物理；招聘人数：2,安徽 宿州萧县,https://www.xduim.com/zw/jszk,,专业：本科：物理学类 研究生：专业不限
2024,教师,2024安徽教师招考,萧县教育体育局,20240320 萧县教育体育局 高中化学,本科及以上,本科：化学类 研究生：专业不限,,笔试+面试,,,学段：高级中学；学科：高中化学；招聘职位：高中化学；招聘人数：2,安徽 宿州萧县,https://www.xduim.com/zw/jszk,,专业：本科：化学类 研究生：专业不限
2023,教师,2023安徽教师招考,萧县教育体育局,2201 萧县教育体育局 专业技术,本科及以上,中国语言文学类（专业代码 0501） 研究生：专业不限,,笔试+面试,,,学段：高级中学；学科：高中语文；招聘职位：专业技术；招聘人数：2,安徽 宿州萧县,https://www.xduim.com/zw/jszk,,专业：中国语言文学类（专业代码 0501） 研究生：专业不限
2023,教师,2023安徽教师招考,萧县教育体育局,2202 萧县教育体育局 专业技术,本科及以上,数学类（专业代码0701） 研究生：专业不限,,笔试+面试,,,学段：高级中学；学科：高中数学；招聘职位：专业技术；招聘人数：3,安徽 宿州萧县,https://www.xduim.com/zw/jszk,,专业：数学类（专业代码0701） 研究生：专业不限
2023,教师,2023安徽教师招考,萧县教育体育局,2203 萧县教育体育局 专业技术,本科及以上,英语（专业代码050201） 研究生：专业不限,,笔试+面试,,,学段：高级中学；学科：高中英语；招聘职位：专业技术；招聘人数：3,安徽 宿州萧县,https://www.xduim.com/zw/jszk,,专业：英语（专业代码050201） 研究生：专业不限
2023,教师,2023安徽教师招考,萧县教育体育局,2204 萧县教育体育局 专业技术,本科及以上,物理学类（专业代码0702） 研究生：专业不限,,笔试+面试,,,学段：高级中学；学科：高中物理；招聘职位：专业技术；招聘人数：1,安徽 宿州萧县,https://www.xduim.com/zw/jszk,,专业：物理学类（专业代码0702） 研究生：专业不限
2023,教师,2023安徽教师招考,萧县教育体育局,2205 萧县教育体育局 专业技术,本科及以上,生物科学类（专业代码0710） 研究生：专业不限,,笔试+面试,,,学段：高级中学；学科：高中生物；招聘职位：专业技术；招聘人数：1,安徽 宿州萧县,https://www.xduim.com/zw/jszk,,专业：生物科学类（专业代码0710） 研究生：专业不限
2023,教师,2023安徽教师招考,萧县教育体育局,2206 萧县教育体育局 专业技术,本科及以上,政治学类（专业代码0302）、马克思主义理论类（专业代码0305） 研究生：专业不限,,笔试+面试,,,学段：高级中学；学科：高中政治；招聘职位：专业技术；招聘人数：1,安徽 宿州萧县,https://www.xduim.com/zw/jszk,,专业：政治学类（专业代码0302）、马克思主义理论类（专业代码0305） 研究生：专业不限
2023,教师,2023安徽教师招考,萧县教育体育局,2207 萧县教育体育局 专业技术,本科及以上,地理科学类（专业代码0705） 研究生：专业不限,,笔试+面试,,,学段：高级中学；学科：高中地理；招聘职位：专业技术；招聘人数：1,安徽 宿州萧县,https://www.xduim.com/zw/jszk,,专业：地理科学类（专业代码0705） 研究生：专业不限
2023,教师,2023安徽教师招考,萧县教育体育局,2208 萧县教育体育局 专业技术,本科及以上,美术学类（专业代码1304） 研究生：专业不限,,笔试+面试,,,学段：高级中学；学科：高中美术；招聘职位：专业技术；招聘人数：1,安徽 宿州萧县,https://www.xduim.com/zw/jszk,,专业：美术学类（专业代码1304） 研究生：专业不限
2023,教师,2023安徽教师招考,蒙城县第二中学,2023030001 蒙城县第二中学 普通高中语文,本科及以上,本科：中国语言文学类；硕士研究生及以上：专业不限。,,笔试+面试,,,学段：高级中学；学科：普通高中语文；招聘职位：普通高中语文；招聘人数：1,安徽 亳州蒙城县,https://www.xduim.com/zw/jszk,,专业：本科：中国语言文学类；硕士研究生及以上：专业不限。
2023,教师,2023安徽教师招考,蒙城县第二中学,2023030002 蒙城县第二中学 普通高中数学,本科及以上,本科：数学类；硕士研究生及以上：专业不限。,,笔试+面试,,,学段：高级中学；学科：普通高中数学；招聘职位：普通高中数学；招聘人数：1,安徽 亳州蒙城县,https://www.xduim.com/zw/jszk,,专业：本科：数学类；硕士研究生及以上：专业不限。
2023,教师,2023安徽教师招考,蒙城县第二中学,2023030003 蒙城县第二中学 普通高中英语,本科及以上,本科：外国语言文学类；硕士研究生及以上：专业不限。,,笔试+面试,,,学段：高级中学；学科：普通高中英语；招聘职位：普通高中英语；招聘人数：1,安徽 亳州蒙城县,https://www.xduim.com/zw/jszk,,专业：本科：外国语言文学类；硕士研究生及以上：专业不限。
2023,教师,2023安徽教师招考,蒙城县第二中学,2023030004 蒙城县第二中学 普通高中物理,本科及以上,本科：物理学类；硕士研究生及以上：专业不限。,,笔试+面试,,,学段：高级中学；学科：普通高中物理；招聘职位：普通高中物理；招聘人数：2,安徽 亳州蒙城县,https://www.xduim.com/zw/jszk,,专业：本科：物理学类；硕士研究生及以上：专业不限。
2023,教师,2023安徽教师招考,蒙城县第二中学,2023030005 蒙城县第二中学 普通高中化学,本科及以上,本科：化学类；硕士研究生及以上：专业不限。,,笔试+面试,,,学段：高级中学；学科：普通高中化学；招聘职位：普通高中化学；招聘人数：1,安徽 亳州蒙城县,https://www.xduim.com/zw/jszk,,专业：本科：化学类；硕士研究生及以上：专业不限。
2023,教师,2023安徽教师招考,蒙城县第二中学,2023030006 蒙城县第二中学 普通高中体育与健康,本科及以上,本科：体育学类；硕士研究生及以上：专业不限。,,笔试+面试,,,学段：高级中学；学科：普通高中体育与健康；招聘职位：普通高中体育与健康；招聘人数：1,安徽 亳州蒙城县,https://www.xduim.com/zw/jszk,,专业：本科：体育学类；硕士研究生及以上：专业不限。
2023,教师,2023安徽教师招考,蒙城县第六中学,2023030007 蒙城县第六中学 普通高中语文,本科及以上,本科：中国语言文学类；硕士研究生及以上：专业不限。,,笔试+面试,,,学段：高级中学；学科：普通高中语文；招聘职位：普通高中语文；招聘人数：3,安徽 亳州蒙城县,https://www.xduim.com/zw/jszk,,专业：本科：中国语言文学类；硕士研究生及以上：专业不限。
2023,教师,2023安徽教师招考,蒙城县第六中学,2023030008 蒙城县第六中学 普通高中数学,本科及以上,本科：数学类；硕士研究生及以上：专业不限。,,笔试+面试,,,学段：高级中学；学科：普通高中数学；招聘职位：普通高中数学；招聘人数：3,安徽 亳州蒙城县,https://www.xduim.com/zw/jszk,,专业：本科：数学类；硕士研究生及以上：专业不限。
2023,教师,2023安徽教师招考,蒙城县第六中学,2023030009 蒙城县第六中学 普通高中英语,本科及以上,本科：外国语言文学类；硕士研究生及以上：专业不限。,,笔试+面试,,,学段：高级中学；学科：普通高中英语；招聘职位：普通高中英语；招聘人数：4,安徽 亳州蒙城县,https://www.xduim.com/zw/jszk,,专业：本科：外国语言文学类；硕士研究生及以上：专业不限。
2023,教师,2023安徽教师招考,蒙城县第六中学,2023030010 蒙城县第六中学 普通高中物理,本科及以上,本科：物理学类；硕士研究生及以上：专业不限。,,笔试+面试,,,学段：高级中学；学科：普通高中物理；招聘职位：普通高中物理；招聘人数：4,安徽 亳州蒙城县,https://www.xduim.com/zw/jszk,,专业：本科：物理学类；硕士研究生及以上：专业不限。
2023,教师,2023安徽教师招考,蒙城县第六中学,2023030011 蒙城县第六中学 普通高中生物学,本科及以上,本科：生物科学类；硕士研究生及以上：专业不限。,,笔试+面试,,,学段：高级中学；学科：普通高中生物学；招聘职位：普通高中生物学；招聘人数：2,安徽 亳州蒙城县,https://www.xduim.com/zw/jszk,,专业：本科：生物科学类；硕士研究生及以上：专业不限。
2023,教师,2023安徽教师招考,蒙城县第六中学,2023030012 蒙城县第六中学 普通高中体育与健康,本科及以上,本科：体育学类；硕士研究生及以上：专业不限。,,笔试+面试,,,学段：高级中学；学科：普通高中体育与健康；招聘职位：普通高中体育与健康；招聘人数：1,安徽 亳州蒙城县,https://www.xduim.com/zw/jszk,,专业：本科：体育学类；硕士研究生及以上：专业不限。
2023,教师,2023安徽教师招考,蒙城县第八中学,2023030013 蒙城县第八中学 普通高中语文,本科及以上,本科：中国语言文学类；硕士研究生及以上：专业不限。,,笔试+面试,,,学段：高级中学；学科：普通高中语文；招聘职位：普通高中语文；招聘人数：1,安徽 亳州蒙城县,https://www.xduim.com/zw/jszk,,专业：本科：中国语言文学类；硕士研究生及以上：专业不限。
2023,教师,2023安徽教师招考,蒙城县第八中学,2023030014 蒙城县第八中学 普通高中数学,本科及以上,本科：数学类；硕士研究生及以上：专业不限。,,笔试+面试,,,学段：高级中学；学科：普通高中数学；招聘职位：普通高中数学；招聘人数：2,安徽 亳州蒙城县,https://www.xduim.com/zw/jszk,,专业：本科：数学类；硕士研究生及以上：专业不限。
2023,教师,2023安徽教师招考,蒙城县第八中学,2023030015 蒙城县第八中学 普通高中物理,本科及以上,本科：物理学类；硕士研究生及以上：专业不限。,,笔试+面试,,,学段：高级中学；学科：普通高中物理；招聘职位：普通高中物理；招聘人数：3,安徽 亳州蒙城县,https://www.xduim.com/zw/jszk,,专业：本科：物理学类；硕士研究生及以上：专业不限。
2023,教师,2023安徽教师招考,蒙城县第八中学,2023030016 蒙城县第八中学 普通高中化学,本科及以上,本科：化学类 ；硕士研究生及以上：专业不限。,,笔试+面试,,,学段：高级中学；学科：普通高中化学；招聘职位：普通高中化学；招聘人数：1,安徽 亳州蒙城县,https://www.xduim.com/zw/jszk,,专业：本科：化学类 ；硕士研究生及以上：专业不限。
2023,教师,2023安徽教师招考,蒙城县第八中学,2023030017 蒙城县第八中学 普通高中生物学,本科及以上,本科：生物科学类；硕士研究生及以上：专业不限。,,笔试+面试,,,学段：高级中学；学科：普通高中生物学；招聘职位：普通高中生物学；招聘人数：1,安徽 亳州蒙城县,https://www.xduim.com/zw/jszk,,专业：本科：生物科学类；硕士研究生及以上：专业不限。
2023,教师,2023安徽教师招考,蒙城县第八中学,2023030018 蒙城县第八中学 普通高中政治,本科及以上,本科：马克思主义理论类；硕士研究生及以上：专业不限。,,笔试+面试,,,学段：高级中学；学科：普通高中政治；招聘职位：普通高中政治；招聘人数：2,安徽 亳州蒙城县,https://www.xduim.com/zw/jszk,,专业：本科：马克思主义理论类；硕士研究生及以上：专业不限。
2023,教师,2023安徽教师招考,蒙城县第八中学,2023030019 蒙城县第八中学 普通高中历史,本科及以上,本科：历史学类；硕士研究生及以上：专业不限。,,笔试+面试,,,学段：高级中学；学科：普通高中历史；招聘职位：普通高中历史；招聘人数：1,安徽 亳州蒙城县,https://www.xduim.com/zw/jszk,,专业：本科：历史学类；硕士研究生及以上：专业不限。
2023,教师,2023安徽教师招考,蒙城县第八中学,2023030020 蒙城县第八中学 普通高中地理,本科及以上,本科：地理科学类；硕士研究生及以上：专业不限。,,笔试+面试,,,学段：高级中学；学科：普通高中地理；招聘职位：普通高中地理；招聘人数：3,安徽 亳州蒙城县,https://www.xduim.com/zw/jszk,,专业：本科：地理科学类；硕士研究生及以上：专业不限。
2024,教师,2024安徽教师招考,蚌埠市新城滨湖学校,2010001 蚌埠市新城滨湖学校,本科及以上,专业不限,,笔试+面试,,,学段：小学；学科：信息科技；招聘人数：1,安徽 蚌埠蚌山区,https://www.xduim.com/zw/jszk,,专业：专业不限
2024,教师,2024安徽教师招考,蚌埠市新城滨湖学校,2011002 蚌埠市新城滨湖学校,本科及以上,专业不限,,笔试+面试,,,学段：小学；学科：心理健康教育；招聘人数：1,安徽 蚌埠蚌山区,https://www.xduim.com/zw/jszk,,专业：专业不限
2024,教师,2024安徽教师招考,蚌埠市新城滨湖学校,2011103 蚌埠市新城滨湖学校,本科及以上,专业不限,,笔试+面试,,,学段：初级中学；学科：英语；招聘人数：1,安徽 蚌埠蚌山区,https://www.xduim.com/zw/jszk,,专业：专业不限
2024,教师,2024安徽教师招考,蚌埠市新城滨湖学校,2010004 蚌埠市新城滨湖学校,本科及以上,体育教育（专业代码040201、 社会体育指导与管理（专业代码040203）,,笔试+面试,,,学段：小学；学科：体育；招聘人数：1,安徽 蚌埠蚌山区,https://www.xduim.com/zw/jszk,,专业：体育教育（专业代码040201、 社会体育指导与管理（专业代码040203）
2024,教师,2024安徽教师招考,蚌埠市新城滨湖学校,2010105 蚌埠市新城滨湖学校,本科及以上,专业不限,,笔试+面试,,,学段：初级中学；学科：语文；招聘人数：1,安徽 蚌埠蚌山区,https://www.xduim.com/zw/jszk,,专业：专业不限
2024,教师,2024安徽教师招考,蚌埠市新城滨湖学校,2010106 蚌埠市新城滨湖学校,本科及以上,专业不限,,笔试+面试,,,学段：初级中学；学科：生物；招聘人数：1,安徽 蚌埠蚌山区,https://www.xduim.com/zw/jszk,,专业：专业不限
2024,教师,2024安徽教师招考,蚌埠市虎山学校,2021107 蚌埠市虎山学校,本科及以上,专业不限,,笔试+面试,,,学段：初级中学；学科：语文；招聘人数：1,安徽 蚌埠蚌山区,https://www.xduim.com/zw/jszk,,专业：专业不限
2024,教师,2024安徽教师招考,蚌埠市虎山学校,2021108 蚌埠市虎山学校,本科及以上,专业不限,,笔试+面试,,,学段：初级中学；学科：数学；招聘人数：1,安徽 蚌埠蚌山区,https://www.xduim.com/zw/jszk,,专业：专业不限
2024,教师,2024安徽教师招考,蚌埠市虎山学校,2021109 蚌埠市虎山学校,本科及以上,专业不限,,笔试+面试,,,学段：初级中学；学科：英语；招聘人数：1,安徽 蚌埠蚌山区,https://www.xduim.com/zw/jszk,,专业：专业不限
2024,教师,2024安徽教师招考,蚌埠市城南学校,2030110 蚌埠市城南学校,本科及以上,心理学类（专业代码0711）,,笔试+面试,,,学段：初级中学；学科：心理健康教育；招聘人数：1,安徽 蚌埠蚌山区,https://www.xduim.com/zw/jszk,,专业：心理学类（专业代码0711）
2024,教师,2024安徽教师招考,蚌埠市城南学校,2031111 蚌埠市城南学校,本科及以上,专业不限,,笔试+面试,,,学段：初级中学；学科：物理；招聘人数：1,安徽 蚌埠蚌山区,https://www.xduim.com/zw/jszk,,专业：专业不限
2024,教师,2024安徽教师招考,蚌埠市城南学校,2031112 蚌埠市城南学校,本科及以上,专业不限,,笔试+面试,,,学段：初级中学；学科：语文；招聘人数：1,安徽 蚌埠蚌山区,https://www.xduim.com/zw/jszk,,专业：专业不限
2024,教师,2024安徽教师招考,蚌埠市城南学校,2031113 蚌埠市城南学校,本科及以上,专业不限,,笔试+面试,,,学段：初级中学；学科：数学；招聘人数：2,安徽 蚌埠蚌山区,https://www.xduim.com/zw/jszk,,专业：专业不限
2024,教师,2024安徽教师招考,蚌埠市城南学校,2031114 蚌埠市城南学校,本科及以上,专业不限,,笔试+面试,,,学段：初级中学；学科：英语；招聘人数：1,安徽 蚌埠蚌山区,https://www.xduim.com/zw/jszk,,专业：专业不限
2024,教师,2024安徽教师招考,蚌埠市滨湖实验学校,2041015 蚌埠市滨湖实验学校,本科及以上,专业不限,,笔试+面试,,,学段：小学；学科：数学；招聘人数：1,安徽 蚌埠蚌山区,https://www.xduim.com/zw/jszk,,专业：专业不限
2024,教师,2024安徽教师招考,蚌埠市滨湖实验学校,2040116 蚌埠市滨湖实验学校,本科及以上,外国语言文学类（专业代码0502）,,笔试+面试,,,学段：初级中学；学科：英语；招聘人数：1,安徽 蚌埠蚌山区,https://www.xduim.com/zw/jszk,,专业：外国语言文学类（专业代码0502）
2024,教师,2024安徽教师招考,蚌埠市滨湖实验学校,2040117 蚌埠市滨湖实验学校,本科及以上,历史学类（专业代码0601）,,笔试+面试,,,学段：初级中学；学科：历史；招聘人数：1,安徽 蚌埠蚌山区,https://www.xduim.com/zw/jszk,,专业：历史学类（专业代码0601）
2024,教师,2024安徽教师招考,蚌埠市兰凤路学校,2051118 蚌埠市兰凤路学校,本科及以上,数学类（专业代码0701）,,笔试+面试,,,学段：初级中学；学科：数学；招聘人数：1,安徽 蚌埠蚌山区,https://www.xduim.com/zw/jszk,,专业：数学类（专业代码0701）
2024,教师,2024安徽教师招考,蚌埠市兰凤路学校,2051119 蚌埠市兰凤路学校,本科及以上,英语（专业代码050201）,,笔试+面试,,,学段：初级中学；学科：英语；招聘人数：1,安徽 蚌埠蚌山区,https://www.xduim.com/zw/jszk,,专业：英语（专业代码050201）
2024,教师,2024安徽教师招考,蚌埠市兰凤路学校,2050120 蚌埠市兰凤路学校,本科及以上,汉语言文学（专业代码050101）、汉语言（专业代码050102）、汉语国际教育（专业代码050103）；,,笔试+面试,,,学段：初级中学；学科：语文；招聘人数：1,安徽 蚌埠蚌山区,https://www.xduim.com/zw/jszk,,专业：汉语言文学（专业代码050101）、汉语言（专业代码050102）、汉语国际教育（专业代码050103）；
2023,教师,2023安徽教师招考,蚌埠第二实验小学兰凤路校区,2305001 蚌埠第二实验小学兰凤路校区,本科及以上,汉语言文学050101、汉语言050102、汉语国际教育050103、小学教育040107,,笔试+面试,,,学段：小学；学科：语文；招聘人数：4,安徽 蚌埠蚌山区,https://www.xduim.com/zw/jszk,,专业：汉语言文学050101、汉语言050102、汉语国际教育050103、小学教育040107
2023,教师,2023安徽教师招考,蚌埠第二实验小学兰凤路校区,2305002 蚌埠第二实验小学兰凤路校区,本科及以上,数学类0701、小学教育040107,,笔试+面试,,,学段：小学；学科：数学；招聘人数：1,安徽 蚌埠蚌山区,https://www.xduim.com/zw/jszk,,专业：数学类0701、小学教育040107
2023,教师,2023安徽教师招考,蚌埠第二实验小学兰凤路校区,2305003 蚌埠第二实验小学兰凤路校区,本科及以上,汉语言文学050101、汉语言050102、汉语国际教育050103、小学教育040107,,笔试+面试,,,学段：小学；学科：语文；招聘人数：1,安徽 蚌埠蚌山区,https://www.xduim.com/zw/jszk,,专业：汉语言文学050101、汉语言050102、汉语国际教育050103、小学教育040107
2023,教师,2023安徽教师招考,蚌埠第二实验小学兰凤路校区,2305004 蚌埠第二实验小学兰凤路校区,本科及以上,数学类0701、小学教育040107,,笔试+面试,,,学段：小学；学科：数学；招聘人数：1,安徽 蚌埠蚌山区,https://www.xduim.com/zw/jszk,,专业：数学类0701、小学教育040107
2023,教师,2023安徽教师招考,蚌埠第二实验小学兰凤路校区,2305005 蚌埠第二实验小学兰凤路校区,本科及以上,体育教育040201、 运动训练040202K、 武术与民族传统体育040204K、 体能训练040208T、小学教育040107,,笔试+面试,,,学段：小学；学科：体育；招聘人数：2,安徽 蚌埠蚌山区,https://www.xduim.com/zw/jszk,,专业：体育教育040201、 运动训练040202K、 武术与民族传统体育040204K、 体能训练040208T、小学教育040107
2023,教师,2023安徽教师招考,蚌埠第二实验小学兰凤路校区,2305006 蚌埠第二实验小学兰凤路校区,本科及以上,音乐表演130201、音乐学130202、舞蹈表演130204、舞蹈编导130206、舞蹈教育130207T、流行音乐130209T、流行舞蹈130211T、播音与主持艺术130309、 小学教育040107,,笔试+面试,,,学段：小学；学科：音乐；招聘人数：1,安徽 蚌埠蚌山区,https://www.xduim.com/zw/jszk,,专业：音乐表演130201、音乐学130202、舞蹈表演130204、舞蹈编导130206、舞蹈教育130207T、流行音乐130209T、流行舞蹈130211T、播音与主持艺术130309、 小学教育040107
2023,教师,2023安徽教师招考,蚌埠第六中学,2305007 蚌埠第六中学,本科及以上,专业不限,,笔试+面试,,,学段：初级中学；学科：地理；招聘人数：1,安徽 蚌埠蚌山区,https://www.xduim.com/zw/jszk,,专业：专业不限
2023,教师,2023安徽教师招考,蚌埠第六中学,2305008 蚌埠第六中学,本科及以上,专业不限,,笔试+面试,,,学段：初级中学；学科：生物；招聘人数：1,安徽 蚌埠蚌山区,https://www.xduim.com/zw/jszk,,专业：专业不限
2023,教师,2023安徽教师招考,蚌埠第六中学,2305009 蚌埠第六中学,本科及以上,专业不限,,笔试+面试,,,学段：初级中学；学科：数学；招聘人数：1,安徽 蚌埠蚌山区,https://www.xduim.com/zw/jszk,,专业：专业不限
2023,教师,2023安徽教师招考,蚌埠第六中学,2305010 蚌埠第六中学,本科及以上,专业不限,,笔试+面试,,,学段：初级中学；学科：信息科技；招聘人数：1,安徽 蚌埠蚌山区,https://www.xduim.com/zw/jszk,,专业：专业不限
2023,教师,2023安徽教师招考,蚌埠第一实验学校城南校区,2305011 蚌埠第一实验学校城南校区,本科及以上,生物科学类0710,,笔试+面试,,,学段：初级中学；学科：生物；招聘人数：2,安徽 蚌埠蚌山区,https://www.xduim.com/zw/jszk,,专业：生物科学类0710
2023,教师,2023安徽教师招考,蚌埠第一实验学校城南校区,2305012 蚌埠第一实验学校城南校区,本科及以上,地理科学类0705,,笔试+面试,,,学段：初级中学；学科：地理；招聘人数：2,安徽 蚌埠蚌山区,https://www.xduim.com/zw/jszk,,专业：地理科学类0705
2023,教师,2023安徽教师招考,蚌埠第一实验学校城南校区,2305013 蚌埠第一实验学校城南校区,本科及以上,英语050201,,笔试+面试,,,学段：初级中学；学科：英语；招聘人数：1,安徽 蚌埠蚌山区,https://www.xduim.com/zw/jszk,,专业：英语050201
2023,教师,2023安徽教师招考,蚌埠第一实验学校城南校区,2305014 蚌埠第一实验学校城南校区,本科及以上,体育教育040201、运动训练040202K、武术与民族传统体育040204K、体能训练040208T,,笔试+面试,,,学段：初级中学；学科：体育；招聘人数：1,安徽 蚌埠蚌山区,https://www.xduim.com/zw/jszk,,专业：体育教育040201、运动训练040202K、武术与民族传统体育040204K、体能训练040208T
2023,教师,2023安徽教师招考,蚌埠第一实验学校城南校区,2305015 蚌埠第一实验学校城南校区,本科及以上,历史学类0601,,笔试+面试,,,学段：初级中学；学科：历史；招聘人数：1,安徽 蚌埠蚌山区,https://www.xduim.com/zw/jszk,,专业：历史学类0601
2023,教师,2023安徽教师招考,蚌埠第一实验学校城南校区,2305016 蚌埠第一实验学校城南校区,本科及以上,数学类0701,,笔试+面试,,,学段：初级中学；学科：数学；招聘人数：3,安徽 蚌埠蚌山区,https://www.xduim.com/zw/jszk,,专业：数学类0701
2023,教师,2023安徽教师招考,蚌埠第一实验学校城南校区,2305017 蚌埠第一实验学校城南校区,本科及以上,汉语言文学050101、汉语言050102、汉语国际教育050103、古典文献学050105、应用语言学050106T、中国语言与文化050108T,,笔试+面试,,,学段：初级中学；学科：语文；招聘人数：4,安徽 蚌埠蚌山区,https://www.xduim.com/zw/jszk,,专业：汉语言文学050101、汉语言050102、汉语国际教育050103、古典文献学050105、应用语言学050106T、中国语言与文化050108T
2023,教师,2023安徽教师招考,蚌埠第一实验学校城南校区,2305018 蚌埠第一实验学校城南校区,本科及以上,政治学类0302、马克思主义理论类0305,,笔试+面试,,,学段：初级中学；学科：道德与法治；招聘人数：2,安徽 蚌埠蚌山区,https://www.xduim.com/zw/jszk,,专业：政治学类0302、马克思主义理论类0305
2023,教师,2023安徽教师招考,蚌埠第一实验学校城南校区,2305019 蚌埠第一实验学校城南校区,本科及以上,汉语言文学050101、汉语言050102、汉语国际教育050103、古典文献学050105、应用语言学050106T、中国语言与文化050108T、小学教育040107,,笔试+面试,,,学段：小学；学科：语文；招聘人数：9,安徽 蚌埠蚌山区,https://www.xduim.com/zw/jszk,,专业：汉语言文学050101、汉语言050102、汉语国际教育050103、古典文献学050105、应用语言学050106T、中国语言与文化050108T、小学教育040107
2023,教师,2023安徽教师招考,蚌埠第一实验学校城南校区,2305020 蚌埠第一实验学校城南校区,本科及以上,数学类0701,,笔试+面试,,,学段：小学；学科：数学；招聘人数：5,安徽 蚌埠蚌山区,https://www.xduim.com/zw/jszk,,专业：数学类0701
2023,教师,2023安徽教师招考,蜀山区区属学校,40101 蜀山区区属学校 初中语文,本科及以上,专业不限,,笔试+面试,,,学段：初级中学；学科：语文(初级中学)；招聘职位：初中语文；招聘人数：9,安徽 合肥蜀山区,https://www.xduim.com/zw/jszk,,专业：专业不限
2023,教师,2023安徽教师招考,蜀山区区属学校,40102 蜀山区区属学校 初中数学,本科及以上,专业不限,,笔试+面试,,,学段：初级中学；学科：数学(初级中学)；招聘职位：初中数学；招聘人数：12,安徽 合肥蜀山区,https://www.xduim.com/zw/jszk,,专业：专业不限
2023,教师,2023安徽教师招考,蜀山区区属学校,40103 蜀山区区属学校 初中英语,本科及以上,专业不限,,笔试+面试,,,学段：初级中学；学科：英语(初级中学)；招聘职位：初中英语；招聘人数：14,安徽 合肥蜀山区,https://www.xduim.com/zw/jszk,,专业：专业不限
2023,教师,2023安徽教师招考,蜀山区区属学校,40104 蜀山区区属学校 初中音乐,本科及以上,专业不限,,笔试+面试,,,学段：初级中学；学科：音乐(初级中学)；招聘职位：初中音乐；招聘人数：1,安徽 合肥蜀山区,https://www.xduim.com/zw/jszk,,专业：专业不限
2023,教师,2023安徽教师招考,蜀山区区属学校,40105 蜀山区区属学校 初中体育,本科及以上,体育学科相关专业,,笔试+面试,,,学段：初级中学；学科：体育与健康(初级中学)；招聘职位：初中体育；招聘人数：8,安徽 合肥蜀山区,https://www.xduim.com/zw/jszk,,专业：体育学科相关专业
2023,教师,2023安徽教师招考,蜀山区区属学校,40106 蜀山区区属学校 初中信息技术,本科及以上,信息技术学科相关专业,,笔试+面试,,,学段：初级中学；学科：信息技术(初级中学)；招聘职位：初中信息技术；招聘人数：2,安徽 合肥蜀山区,https://www.xduim.com/zw/jszk,,专业：信息技术学科相关专业
2023,教师,2023安徽教师招考,蜀山区区属学校,40107 蜀山区区属学校 初中道德与法治,本科及以上,专业不限,,笔试+面试,,,学段：初级中学；学科：道德与法治(初级中学)；招聘职位：初中道德与法治；招聘人数：8,安徽 合肥蜀山区,https://www.xduim.com/zw/jszk,,专业：专业不限
2023,教师,2023安徽教师招考,蜀山区区属学校,40108 蜀山区区属学校 初中历史,本科及以上,专业不限,,笔试+面试,,,学段：初级中学；学科：历史(初级中学)；招聘职位：初中历史；招聘人数：6,安徽 合肥蜀山区,https://www.xduim.com/zw/jszk,,专业：专业不限
2023,教师,2023安徽教师招考,蜀山区区属学校,40109 蜀山区区属学校 初中地理,本科及以上,专业不限,,笔试+面试,,,学段：初级中学；学科：地理(初级中学)；招聘职位：初中地理；招聘人数：4,安徽 合肥蜀山区,https://www.xduim.com/zw/jszk,,专业：专业不限
2023,教师,2023安徽教师招考,蜀山区区属学校,40110 蜀山区区属学校 初中物理,本科及以上,专业不限,,笔试+面试,,,学段：初级中学；学科：物理(初级中学)；招聘职位：初中物理；招聘人数：6,安徽 合肥蜀山区,https://www.xduim.com/zw/jszk,,专业：专业不限
2023,教师,2023安徽教师招考,蜀山区区属学校,40111 蜀山区区属学校 初中化学,本科及以上,专业不限,,笔试+面试,,,学段：初级中学；学科：化学(初级中学)；招聘职位：初中化学；招聘人数：3,安徽 合肥蜀山区,https://www.xduim.com/zw/jszk,,专业：专业不限
2023,教师,2023安徽教师招考,蜀山区区属学校,40112 蜀山区区属学校 初中生物,本科及以上,专业不限,,笔试+面试,,,学段：初级中学；学科：生物(初级中学)；招聘职位：初中生物；招聘人数：5,安徽 合肥蜀山区,https://www.xduim.com/zw/jszk,,专业：专业不限
2023,教师,2023安徽教师招考,蜀山区区属学校,40113 蜀山区区属学校 小学语文1组,专科及以上,专业不限,,笔试+面试,,,学段：小学；学科：小学语文(小学)；招聘职位：小学语文1组；招聘人数：12,安徽 合肥蜀山区,https://www.xduim.com/zw/jszk,,专业：专业不限
2023,教师,2023安徽教师招考,蜀山区区属学校,40114 蜀山区区属学校 小学语文2组,专科及以上,专业不限,,笔试+面试,,,学段：小学；学科：小学语文(小学)；招聘职位：小学语文2组；招聘人数：12,安徽 合肥蜀山区,https://www.xduim.com/zw/jszk,,专业：专业不限
2023,教师,2023安徽教师招考,蜀山区区属学校,40115 蜀山区区属学校 小学语文3组,专科及以上,专业不限,,笔试+面试,,,学段：小学；学科：小学语文(小学)；招聘职位：小学语文3组；招聘人数：12,安徽 合肥蜀山区,https://www.xduim.com/zw/jszk,,专业：专业不限
2023,教师,2023安徽教师招考,蜀山区区属学校,40116 蜀山区区属学校 小学语文4组,专科及以上,专业不限,,笔试+面试,,,学段：小学；学科：小学语文(小学)；招聘职位：小学语文4组；招聘人数：12,安徽 合肥蜀山区,https://www.xduim.com/zw/jszk,,专业：专业不限
2023,教师,2023安徽教师招考,蜀山区区属学校,40117 蜀山区区属学校 小学语文5组,专科及以上,专业不限,,笔试+面试,,,学段：小学；学科：小学语文(小学)；招聘职位：小学语文5组；招聘人数：12,安徽 合肥蜀山区,https://www.xduim.com/zw/jszk,,专业：专业不限
2023,教师,2023安徽教师招考,蜀山区区属学校,40118 蜀山区区属学校 小学语文6组,专科及以上,专业不限,,笔试+面试,,,学段：小学；学科：小学语文(小学)；招聘职位：小学语文6组；招聘人数：11,安徽 合肥蜀山区,https://www.xduim.com/zw/jszk,,专业：专业不限
2023,教师,2023安徽教师招考,蜀山区区属学校,40119 蜀山区区属学校 小学语文7组,专科及以上,专业不限,,笔试+面试,,,学段：小学；学科：小学语文(小学)；招聘职位：小学语文7组；招聘人数：11,安徽 合肥蜀山区,https://www.xduim.com/zw/jszk,,专业：专业不限
2023,教师,2023安徽教师招考,蜀山区区属学校,40120 蜀山区区属学校 小学数学1组,专科及以上,专业不限,,笔试+面试,,,学段：小学；学科：小学数学(小学)；招聘职位：小学数学1组；招聘人数：10,安徽 合肥蜀山区,https://www.xduim.com/zw/jszk,,专业：专业不限
2024,教师,2024安徽教师招考,蜀山区区属学校,40101 蜀山区区属学校 高中英语,本科及以上,本科：英语；硕士研究生及以上专业不限，其本科须是英语。,,笔试+面试,,,学段：高级中学；学科：英语(高级中学)；招聘职位：高中英语；招聘人数：1,安徽 合肥蜀山区,https://www.xduim.com/zw/jszk,,专业：本科：英语；硕士研究生及以上专业不限，其本科须是英语。
2024,教师,2024安徽教师招考,蜀山区区属学校,40102 蜀山区区属学校 高中思想政治,本科及以上,本科：思想政治教育；硕士研究生及以上专业不限，其本科须是思想政治教育。,,笔试+面试,,,学段：高级中学；学科：思想政治(高级中学)；招聘职位：高中思想政治；招聘人数：1,安徽 合肥蜀山区,https://www.xduim.com/zw/jszk,,专业：本科：思想政治教育；硕士研究生及以上专业不限，其本科须是思想政治教育。
2024,教师,2024安徽教师招考,蜀山区区属学校,40103 蜀山区区属学校 初中语文,本科及以上,专业不限,,笔试+面试,,,学段：初级中学；学科：语文(初级中学)；招聘职位：初中语文；招聘人数：6,安徽 合肥蜀山区,https://www.xduim.com/zw/jszk,,专业：专业不限
2024,教师,2024安徽教师招考,蜀山区区属学校,40104 蜀山区区属学校 初中数学,本科及以上,专业不限,,笔试+面试,,,学段：初级中学；学科：数学(初级中学)；招聘职位：初中数学；招聘人数：4,安徽 合肥蜀山区,https://www.xduim.com/zw/jszk,,专业：专业不限
2024,教师,2024安徽教师招考,蜀山区区属学校,40105 蜀山区区属学校 初中英语,本科及以上,专业不限,,笔试+面试,,,学段：初级中学；学科：英语(初级中学)；招聘职位：初中英语；招聘人数：5,安徽 合肥蜀山区,https://www.xduim.com/zw/jszk,,专业：专业不限
2024,教师,2024安徽教师招考,蜀山区区属学校,40106 蜀山区区属学校 初中信息技术,本科及以上,信息技术学科相关专业,,笔试+面试,,,学段：初级中学；学科：信息技术(初级中学)；招聘职位：初中信息技术；招聘人数：2,安徽 合肥蜀山区,https://www.xduim.com/zw/jszk,,专业：信息技术学科相关专业
2024,教师,2024安徽教师招考,蜀山区区属学校,40107 蜀山区区属学校 初中历史,本科及以上,专业不限,,笔试+面试,,,学段：初级中学；学科：历史(初级中学)；招聘职位：初中历史；招聘人数：2,安徽 合肥蜀山区,https://www.xduim.com/zw/jszk,,专业：专业不限
2024,教师,2024安徽教师招考,蜀山区区属学校,40108 蜀山区区属学校 初中物理,本科及以上,专业不限,,笔试+面试,,,学段：初级中学；学科：物理(初级中学)；招聘职位：初中物理；招聘人数：3,安徽 合肥蜀山区,https://www.xduim.com/zw/jszk,,专业：专业不限
2024,教师,2024安徽教师招考,蜀山区区属学校,40109 蜀山区区属学校 初中化学,本科及以上,专业不限,,笔试+面试,,,学段：初级中学；学科：化学(初级中学)；招聘职位：初中化学；招聘人数：3,安徽 合肥蜀山区,https://www.xduim.com/zw/jszk,,专业：专业不限
2024,教师,2024安徽教师招考,蜀山区区属学校,40110 蜀山区区属学校 初中心理健康教育,本科及以上,心理学，应用心理学，基础心理学，发展与教育心理学，心理健康教育，应用心理及相近专业。,,笔试+面试,,,学段：初级中学；学科：心理健康教育(初级中学)；招聘职位：初中心理健康教育；招聘人数：2,安徽 合肥蜀山区,https://www.xduim.com/zw/jszk,,专业：心理学，应用心理学，基础心理学，发展与教育心理学，心理健康教育，应用心理及相近专业。
2024,教师,2024安徽教师招考,蜀山区区属学校,40111 蜀山区区属学校 初中体育1组,本科及以上,体育学科相关专业,,笔试+面试,,,学段：初级中学；学科：体育与健康(初级中学)；招聘职位：初中体育1组；招聘人数：2,安徽 合肥蜀山区,https://www.xduim.com/zw/jszk,,专业：体育学科相关专业
2024,教师,2024安徽教师招考,蜀山区区属学校,40112 蜀山区区属学校 初中体育2组,本科及以上,足球专业（专项）,,笔试+面试,,,学段：初级中学；学科：体育与健康(初级中学)；招聘职位：初中体育2组；招聘人数：3,安徽 合肥蜀山区,https://www.xduim.com/zw/jszk,,专业：足球专业（专项）
2024,教师,2024安徽教师招考,蜀山区区属学校,40113 蜀山区区属学校 初中体育3组,本科及以上,篮球专业（专项）,,笔试+面试,,,学段：初级中学；学科：体育与健康(初级中学)；招聘职位：初中体育3组；招聘人数：1,安徽 合肥蜀山区,https://www.xduim.com/zw/jszk,,专业：篮球专业（专项）
2024,教师,2024安徽教师招考,蜀山区区属学校,40114 蜀山区区属学校 初中体育4组,本科及以上,田径专业（专项）,,笔试+面试,,,学段：初级中学；学科：体育与健康(初级中学)；招聘职位：初中体育4组；招聘人数：1,安徽 合肥蜀山区,https://www.xduim.com/zw/jszk,,专业：田径专业（专项）
2024,教师,2024安徽教师招考,蜀山区区属学校,40115 蜀山区区属学校 初中体育5组,本科及以上,乒乓球专业（专项）,,笔试+面试,,,学段：初级中学；学科：体育与健康(初级中学)；招聘职位：初中体育5组；招聘人数：2,安徽 合肥蜀山区,https://www.xduim.com/zw/jszk,,专业：乒乓球专业（专项）
2024,教师,2024安徽教师招考,蜀山区区属学校,40116 蜀山区区属学校 初中体育6组,本科及以上,羽毛球专业（专项）,,笔试+面试,,,学段：初级中学；学科：体育与健康(初级中学)；招聘职位：初中体育6组；招聘人数：2,安徽 合肥蜀山区,https://www.xduim.com/zw/jszk,,专业：羽毛球专业（专项）
2024,教师,2024安徽教师招考,蜀山区区属学校,40117 蜀山区区属学校 初中体育7组,本科及以上,射击专业（专项）,,笔试+面试,,,学段：初级中学；学科：体育与健康(初级中学)；招聘职位：初中体育7组；招聘人数：1,安徽 合肥蜀山区,https://www.xduim.com/zw/jszk,,专业：射击专业（专项）
2024,教师,2024安徽教师招考,蜀山区区属学校,40118 蜀山区区属学校 小学语文1组（男）,本科及以上,专业不限,,笔试+面试,,,学段：小学；学科：小学语文(小学)；招聘职位：小学语文1组（男）；招聘人数：11,安徽 合肥蜀山区,https://www.xduim.com/zw/jszk,,专业：专业不限
2024,教师,2024安徽教师招考,蜀山区区属学校,40119 蜀山区区属学校 小学语文2组（女）,本科及以上,专业不限,,笔试+面试,,,学段：小学；学科：小学语文(小学)；招聘职位：小学语文2组（女）；招聘人数：11,安徽 合肥蜀山区,https://www.xduim.com/zw/jszk,,专业：专业不限
2024,教师,2024安徽教师招考,蜀山区区属学校,40120 蜀山区区属学校 小学语文3组,本科及以上,专业不限,,笔试+面试,,,学段：小学；学科：小学语文(小学)；招聘职位：小学语文3组；招聘人数：11,安徽 合肥蜀山区,https://www.xduim.com/zw/jszk,,专业：专业不限
2023,教师,2023安徽教师招考,谢家集区第一小学,340404001001 谢家集区第一小学 小学语文,本科及以上,不限,,笔试+面试,,,学段：小学；学科：语文；招聘职位：小学语文；招聘人数：1,安徽 淮南谢家集区,https://www.xduim.com/zw/jszk,,专业：不限
2023,教师,2023安徽教师招考,谢家集区第二小学,340404002001 谢家集区第二小学 小学语文,本科及以上,不限,,笔试+面试,,,学段：小学；学科：语文；招聘职位：小学语文；招聘人数：1,安徽 淮南谢家集区,https://www.xduim.com/zw/jszk,,专业：不限
2023,教师,2023安徽教师招考,谢家集区第二小学,340404002002 谢家集区第二小学 小学体育,本科及以上,不限,,笔试+面试,,,学段：小学；学科：体育；招聘职位：小学体育；招聘人数：1,安徽 淮南谢家集区,https://www.xduim.com/zw/jszk,,专业：不限
2023,教师,2023安徽教师招考,谢家集区第四小学,340404003001 谢家集区第四小学 小学语文,本科及以上,不限,,笔试+面试,,,学段：小学；学科：语文；招聘职位：小学语文；招聘人数：1,安徽 淮南谢家集区,https://www.xduim.com/zw/jszk,,专业：不限
2023,教师,2023安徽教师招考,谢家集区第九小学,340404004001 谢家集区第九小学 小学语文,本科及以上,不限,,笔试+面试,,,学段：小学；学科：语文；招聘职位：小学语文；招聘人数：1,安徽 淮南谢家集区,https://www.xduim.com/zw/jszk,,专业：不限
2023,教师,2023安徽教师招考,谢家集区第一中学,340404005001 谢家集区第一中学 小学数学,本科及以上,不限,,笔试+面试,,,学段：小学；学科：数学；招聘职位：小学数学；招聘人数：1,安徽 淮南谢家集区,https://www.xduim.com/zw/jszk,,专业：不限
2023,教师,2023安徽教师招考,谢家集区第二中学,340404006001 谢家集区第二中学 初中数学,本科及以上,不限,,笔试+面试,,,学段：初级中学；学科：数学；招聘职位：初中数学；招聘人数：2,安徽 淮南谢家集区,https://www.xduim.com/zw/jszk,,专业：不限
2023,教师,2023安徽教师招考,谢家集区第六中学,340404007001 谢家集区第六中学 初中语文,本科及以上,不限,,笔试+面试,,,学段：初级中学；学科：语文；招聘职位：初中语文；招聘人数：1,安徽 淮南谢家集区,https://www.xduim.com/zw/jszk,,专业：不限
2023,教师,2023安徽教师招考,淮南市第二十五中学,340404008001 淮南市第二十五中学 初中英语,本科及以上,不限,,笔试+面试,,,学段：初级中学；学科：英语；招聘职位：初中英语；招聘人数：1,安徽 淮南谢家集区,https://www.xduim.com/zw/jszk,,专业：不限
2023,教师,2023安徽教师招考,淮南市第二十五中学,340404008002 淮南市第二十五中学 初中语文,本科及以上,不限,,笔试+面试,,,学段：初级中学；学科：语文；招聘职位：初中语文；招聘人数：1,安徽 淮南谢家集区,https://www.xduim.com/zw/jszk,,专业：不限
2023,教师,2023安徽教师招考,谢家集区孤堆回族中学,340404009001 谢家集区孤堆回族中学 初中英语,本科及以上,不限,,笔试+面试,,,学段：初级中学；学科：英语；招聘职位：初中英语；招聘人数：1,安徽 淮南谢家集区,https://www.xduim.com/zw/jszk,,专业：不限
2024,教师,2024安徽教师招考,谢家集区第一小学,340404001001 谢家集区第一小学 小学语文,本科及以上,不限,,笔试+面试,,,学段：小学；学科：语文；招聘职位：小学语文；招聘人数：1,安徽 淮南谢家集区,https://www.xduim.com/zw/jszk,,专业：不限
2024,教师,2024安徽教师招考,谢家集区第二小学,340404002001 谢家集区第二小学 小学语文,本科及以上,不限,,笔试+面试,,,学段：小学；学科：语文；招聘职位：小学语文；招聘人数：2,安徽 淮南谢家集区,https://www.xduim.com/zw/jszk,,专业：不限
2024,教师,2024安徽教师招考,谢家集区第一中学,340404003001 谢家集区第一中学 小学数学,本科及以上,不限,,笔试+面试,,,学段：小学；学科：数学；招聘职位：小学数学；招聘人数：1,安徽 淮南谢家集区,https://www.xduim.com/zw/jszk,,专业：不限
2024,教师,2024安徽教师招考,淮南市第二十五中学,340404004001 淮南市第二十五中学 初中信息技术,本科及以上,不限,,笔试+面试,,,学段：初级中学；学科：信息技术；招聘职位：初中信息技术；招聘人数：1,安徽 淮南谢家集区,https://www.xduim.com/zw/jszk,,专业：不限
2023,教师,2023安徽教师招考,城区高级 中学,2301401 城区高级 中学 高中物理教师,本科及以上,本科：物理学类（0702） 研究生：专业不限,,笔试+面试,,,招聘职位：高中物理教师；招聘人数：4,安徽 池州贵池区,https://www.xduim.com/zw/jszk,,专业：本科：物理学类（0702） 研究生：专业不限
2023,教师,2023安徽教师招考,城区高级 中学,2301402 城区高级 中学 高中化学教师,本科及以上,本科：化学类（0703） 研究生：专业不限,,笔试+面试,,,招聘职位：高中化学教师；招聘人数：1,安徽 池州贵池区,https://www.xduim.com/zw/jszk,,专业：本科：化学类（0703） 研究生：专业不限
2023,教师,2023安徽教师招考,城区高级 中学,2301403 城区高级 中学 高中英语教师,本科及以上,本科：英语（050201） 研究生：专业不限,,笔试+面试,,,招聘职位：高中英语教师；招聘人数：1,安徽 池州贵池区,https://www.xduim.com/zw/jszk,,专业：本科：英语（050201） 研究生：专业不限
2023,教师,2023安徽教师招考,城区高级 中学,2301404 城区高级 中学 高中心理健康教师,本科及以上,本科：心理学类（0711）心理健康教育（340102） 研究生：专业不限,,笔试+面试,,,招聘职位：高中心理健康教师；招聘人数：1,安徽 池州贵池区,https://www.xduim.com/zw/jszk,,专业：本科：心理学类（0711）心理健康教育（340102） 研究生：专业不限
2023,教师,2023安徽教师招考,初级中学,2301405 初级中学 初中语文教师,本科及以上,本科：中国语言文学类（0501） 研究生：专业不限,,笔试+面试,,,招聘职位：初中语文教师；招聘人数：3,安徽 池州贵池区,https://www.xduim.com/zw/jszk,,专业：本科：中国语言文学类（0501） 研究生：专业不限
2023,教师,2023安徽教师招考,农村初级 中学,2301406 农村初级 中学 初中数学教师,本科及以上,本科：数学类（0701） 研究生：专业不限,,笔试+面试,,,招聘职位：初中数学教师；招聘人数：2,安徽 池州贵池区,https://www.xduim.com/zw/jszk,,专业：本科：数学类（0701） 研究生：专业不限
2023,教师,2023安徽教师招考,农村初级 中学,2301407 农村初级 中学 初中英语教师,本科及以上,本科：英语（050201）、商务英语（050262） 研究生：专业不限,,笔试+面试,,,招聘职位：初中英语教师；招聘人数：2,安徽 池州贵池区,https://www.xduim.com/zw/jszk,,专业：本科：英语（050201）、商务英语（050262） 研究生：专业不限
2023,教师,2023安徽教师招考,城区初级 中学,2301408 城区初级 中学 初中心理健康教师,本科及以上,本科：心理学类（0711）心理健康教育（340102） 研究生：专业不限,,笔试+面试,,,招聘职位：初中心理健康教师；招聘人数：1,安徽 池州贵池区,https://www.xduim.com/zw/jszk,,专业：本科：心理学类（0711）心理健康教育（340102） 研究生：专业不限
2023,教师,2023安徽教师招考,城区小学,2301409 城区小学 小学语文教师,本科及以上,本科：中国语言文学类（0501） 研究生：专业不限,,笔试+面试,,,招聘职位：小学语文教师；招聘人数：5,安徽 池州贵池区,https://www.xduim.com/zw/jszk,,专业：本科：中国语言文学类（0501） 研究生：专业不限
2023,教师,2023安徽教师招考,城区小学,2301410 城区小学 小学英语教师,本科及以上,本科：英语（050201）、商务英语（050262） 研究生：不限,,笔试+面试,,,招聘职位：小学英语教师；招聘人数：2,安徽 池州贵池区,https://www.xduim.com/zw/jszk,,专业：本科：英语（050201）、商务英语（050262） 研究生：不限
2023,教师,2023安徽教师招考,城区小学,2301411 城区小学 小学体育教师,本科及以上,本科：体育学类（0402）、体育类（3703） 研究生：专业不限,,笔试+面试,,,招聘职位：小学体育教师；招聘人数：6,安徽 池州贵池区,https://www.xduim.com/zw/jszk,,专业：本科：体育学类（0402）、体育类（3703） 研究生：专业不限
2023,教师,2023安徽教师招考,城区小学,2301412 城区小学 小学美术教师,本科及以上,本科：美术学类（1304） 研究生：专业不限,,笔试+面试,,,招聘职位：小学美术教师；招聘人数：2,安徽 池州贵池区,https://www.xduim.com/zw/jszk,,专业：本科：美术学类（1304） 研究生：专业不限
2023,教师,2023安徽教师招考,城区小学,2301413 城区小学 小学科学教师,本科及以上,本科：科学教育（040102） 研究生：专业不限,,笔试+面试,,,招聘职位：小学科学教师；招聘人数：2,安徽 池州贵池区,https://www.xduim.com/zw/jszk,,专业：本科：科学教育（040102） 研究生：专业不限
2023,教师,2023安徽教师招考,城区小学,2301414 城区小学 小学信息技术教师,本科及以上,本科：计算机类（0809） 研究生：专业不限,,笔试+面试,,,招聘职位：小学信息技术教师；招聘人数：1,安徽 池州贵池区,https://www.xduim.com/zw/jszk,,专业：本科：计算机类（0809） 研究生：专业不限
2024,教师,2024安徽教师招考,迎江区教体局,340802101 迎江区教体局 小学语文,本科及以上,不限,,笔试+面试,,,学段：小学；学科：语文；招聘职位：小学语文；招聘人数：9,安徽 安庆迎江区,https://www.xduim.com/zw/jszk,,专业：不限
2024,教师,2024安徽教师招考,迎江区教体局,340802102 迎江区教体局 小学数学,本科及以上,不限,,笔试+面试,,,学段：小学；学科：数学；招聘职位：小学数学；招聘人数：2,安徽 安庆迎江区,https://www.xduim.com/zw/jszk,,专业：不限
2023,教师,2023安徽教师招考,迎江区教体局,80201101 迎江区教体局 小学 语文 （A组）,本科及以上,专业不限,,笔试+面试,,,学段：小学；学科：语文；招聘职位：小学 语文 （A组）；招聘人数：12,安徽 安庆迎江区,https://www.xduim.com/zw/jszk,,专业：专业不限
2023,教师,2023安徽教师招考,迎江区教体局,80201111 迎江区教体局 小学 语文 （B组）,本科及以上,专业不限,,笔试+面试,,,学段：小学；学科：语文；招聘职位：小学 语文 （B组）；招聘人数：12,安徽 安庆迎江区,https://www.xduim.com/zw/jszk,,专业：专业不限
2023,教师,2023安徽教师招考,迎江区教体局,80201102 迎江区教体局 小学 数学,本科及以上,专业不限,,笔试+面试,,,学段：小学；学科：数学；招聘职位：小学 数学；招聘人数：9,安徽 安庆迎江区,https://www.xduim.com/zw/jszk,,专业：专业不限
2023,教师,2023安徽教师招考,迎江区教体局,80201105 迎江区教体局 小学 体育,本科及以上,体育学类(0402),,笔试+面试,,,学段：小学；学科：体育；招聘职位：小学 体育；招聘人数：5,安徽 安庆迎江区,https://www.xduim.com/zw/jszk,,专业：体育学类(0402)
2023,教师,2023安徽教师招考,迎江区教体局,80201104 迎江区教体局 小学 音乐,本科及以上,音乐与舞蹈学类（1302）,,笔试+面试,,,学段：小学；学科：音乐；招聘职位：小学 音乐；招聘人数：2,安徽 安庆迎江区,https://www.xduim.com/zw/jszk,,专业：音乐与舞蹈学类（1302）
2023,教师,2023安徽教师招考,义务教育学校,2023001 义务教育学校 城区中小学语文,本科及以上,本科专业：中国语言文学类（0501），研究生及以上专业不限；或相应学科教师资格,,笔试+面试,,,招聘职位：城区中小学语文；招聘人数：12,安徽 宣城郎溪县,https://www.xduim.com/zw/jszk,,专业：本科专业：中国语言文学类（0501），研究生及以上专业不限；或相应学科教师资格
2023,教师,2023安徽教师招考,义务教育学校,2023002 义务教育学校 镇区中小学语文,本科及以上,本科专业：中国语言文学类（0501），研究生及以上专业不限；或相应学科教师资格,,笔试+面试,,,招聘职位：镇区中小学语文；招聘人数：4,安徽 宣城郎溪县,https://www.xduim.com/zw/jszk,,专业：本科专业：中国语言文学类（0501），研究生及以上专业不限；或相应学科教师资格
2023,教师,2023安徽教师招考,义务教育学校,2023003 义务教育学校 城区中小学数学,本科及以上,本科专业：数学类（0701），研究生及以上专业不限；或相应学科教师资格,,笔试+面试,,,招聘职位：城区中小学数学；招聘人数：8,安徽 宣城郎溪县,https://www.xduim.com/zw/jszk,,专业：本科专业：数学类（0701），研究生及以上专业不限；或相应学科教师资格
2023,教师,2023安徽教师招考,义务教育学校,2023004 义务教育学校 镇区中小学数学,本科及以上,本科专业：数学类（0701），研究生及以上专业不限；或相应学科教师资格,,笔试+面试,,,招聘职位：镇区中小学数学；招聘人数：3,安徽 宣城郎溪县,https://www.xduim.com/zw/jszk,,专业：本科专业：数学类（0701），研究生及以上专业不限；或相应学科教师资格
2023,教师,2023安徽教师招考,义务教育学校,2023005 义务教育学校 城区中小学英语,本科及以上,本科专业：英语（50201）、翻译（50261）、商务英语（50262），研究生及以上专业不限；或相应学科教师资格,,笔试+面试,,,招聘职位：城区中小学英语；招聘人数：6,安徽 宣城郎溪县,https://www.xduim.com/zw/jszk,,专业：本科专业：英语（50201）、翻译（50261）、商务英语（50262），研究生及以上专业不限；或相应学科教师资格
2023,教师,2023安徽教师招考,义务教育学校,2023006 义务教育学校 镇区中小学英语,本科及以上,本科专业：英语（050201）、翻译（050261）、商务英语（050262），研究生及以上专业不限；或相应学科教师资格,,笔试+面试,,,招聘职位：镇区中小学英语；招聘人数：2,安徽 宣城郎溪县,https://www.xduim.com/zw/jszk,,专业：本科专业：英语（050201）、翻译（050261）、商务英语（050262），研究生及以上专业不限；或相应学科教师资格
2023,教师,2023安徽教师招考,义务教育学校,2023007 义务教育学校 城区中小学音乐,本科及以上,本科专业：音乐与舞蹈学类（1302），研究生及以上专业不限；或相应学科教师资格,,笔试+面试,,,招聘职位：城区中小学音乐；招聘人数：3,安徽 宣城郎溪县,https://www.xduim.com/zw/jszk,,专业：本科专业：音乐与舞蹈学类（1302），研究生及以上专业不限；或相应学科教师资格
2023,教师,2023安徽教师招考,义务教育学校,2023008 义务教育学校 城区中小学体育,本科及以上,本科专业：体育学类（0402），研究生及以上专业不限；或相应学科教师资格,,笔试+面试,,,招聘职位：城区中小学体育；招聘人数：3,安徽 宣城郎溪县,https://www.xduim.com/zw/jszk,,专业：本科专业：体育学类（0402），研究生及以上专业不限；或相应学科教师资格
2023,教师,2023安徽教师招考,义务教育学校,2023009 义务教育学校 城区中小学体育 （武术专项）,本科及以上,本科专业：体育学类（0402），研究生及以上专业不限；或相应学科教师资格,,笔试+面试,,,招聘职位：城区中小学体育 （武术专项）；招聘人数：1,安徽 宣城郎溪县,https://www.xduim.com/zw/jszk,,专业：本科专业：体育学类（0402），研究生及以上专业不限；或相应学科教师资格
2023,教师,2023安徽教师招考,义务教育学校,2023010 义务教育学校 镇区中小学体育,本科及以上,本科专业：体育学类（0402），研究生及以上专业不限；或相应学科教师资格,,笔试+面试,,,招聘职位：镇区中小学体育；招聘人数：2,安徽 宣城郎溪县,https://www.xduim.com/zw/jszk,,专业：本科专业：体育学类（0402），研究生及以上专业不限；或相应学科教师资格
2023,教师,2023安徽教师招考,义务教育学校,2023011 义务教育学校 镇区中小学体育 （乒乓球专项）,本科及以上,本科专业：体育学类（0402），研究生及以上专业不限；或相应学科教师资格,,笔试+面试,,,招聘职位：镇区中小学体育 （乒乓球专项）；招聘人数：1,安徽 宣城郎溪县,https://www.xduim.com/zw/jszk,,专业：本科专业：体育学类（0402），研究生及以上专业不限；或相应学科教师资格
2023,教师,2023安徽教师招考,义务教育学校,2023012 义务教育学校 城区中小学美术,本科及以上,本科专业：美术学类（1304）、设计学类（1305），研究生及以上专业不限；或相应学科教师资格,,笔试+面试,,,招聘职位：城区中小学美术；招聘人数：3,安徽 宣城郎溪县,https://www.xduim.com/zw/jszk,,专业：本科专业：美术学类（1304）、设计学类（1305），研究生及以上专业不限；或相应学科教师资格
2023,教师,2023安徽教师招考,义务教育学校,2023013 义务教育学校 城区中小学信息技术,本科及以上,本科专业：计算机类（0809），研究生及以上专业不限；或相应学科教师资格,,笔试+面试,,,招聘职位：城区中小学信息技术；招聘人数：1,安徽 宣城郎溪县,https://www.xduim.com/zw/jszk,,专业：本科专业：计算机类（0809），研究生及以上专业不限；或相应学科教师资格
2023,教师,2023安徽教师招考,义务教育学校,2023014 义务教育学校 镇区中小学信息技术,本科及以上,本科专业：计算机类（0809），研究生及以上专业不限；或相应学科教师资格,,笔试+面试,,,招聘职位：镇区中小学信息技术；招聘人数：1,安徽 宣城郎溪县,https://www.xduim.com/zw/jszk,,专业：本科专业：计算机类（0809），研究生及以上专业不限；或相应学科教师资格
2023,教师,2023安徽教师招考,义务教育学校,2023015 义务教育学校 城区中小学政治,本科及以上,本科专业：政治学类（0302）、马克思主义理论类（0305），研究生及以上专业不限；或相应学科教师资格,,笔试+面试,,,招聘职位：城区中小学政治；招聘人数：1,安徽 宣城郎溪县,https://www.xduim.com/zw/jszk,,专业：本科专业：政治学类（0302）、马克思主义理论类（0305），研究生及以上专业不限；或相应学科教师资格
2023,教师,2023安徽教师招考,义务教育学校,2023016 义务教育学校 镇区中小学政治,本科及以上,本科专业：政治学类（0302）、马克思主义理论类（0305），研究生及以上专业不限；或相应学科教师资格,,笔试+面试,,,招聘职位：镇区中小学政治；招聘人数：1,安徽 宣城郎溪县,https://www.xduim.com/zw/jszk,,专业：本科专业：政治学类（0302）、马克思主义理论类（0305），研究生及以上专业不限；或相应学科教师资格
2023,教师,2023安徽教师招考,义务教育学校,2023017 义务教育学校 城区初中历史,本科及以上,本科专业：历史学类（0601），研究生及以上专业不限；或相应学科教师资格,,笔试+面试,,,招聘职位：城区初中历史；招聘人数：1,安徽 宣城郎溪县,https://www.xduim.com/zw/jszk,,专业：本科专业：历史学类（0601），研究生及以上专业不限；或相应学科教师资格
2023,教师,2023安徽教师招考,义务教育学校,2023018 义务教育学校 城区初中地理,本科及以上,本科专业：地理科学类（0705）、测绘类（0812），研究生及以上专业不限；或相应学科教师资格,,笔试+面试,,,招聘职位：城区初中地理；招聘人数：1,安徽 宣城郎溪县,https://www.xduim.com/zw/jszk,,专业：本科专业：地理科学类（0705）、测绘类（0812），研究生及以上专业不限；或相应学科教师资格
2023,教师,2023安徽教师招考,义务教育学校,2023019 义务教育学校 城区小学科学,本科及以上,专业不限,,笔试+面试,,,招聘职位：城区小学科学；招聘人数：2,安徽 宣城郎溪县,https://www.xduim.com/zw/jszk,,专业：专业不限
2023,教师,2023安徽教师招考,义务教育学校,2023020 义务教育学校 镇区小学科学,本科及以上,专业不限,,笔试+面试,,,招聘职位：镇区小学科学；招聘人数：1,安徽 宣城郎溪县,https://www.xduim.com/zw/jszk,,专业：专业不限
2024,教师,2024安徽教师招考,义务教育学校,2024001 义务教育学校 城区中小学语文A,本科及以上,本科专业：中国语言文学类（0501），研究生及以上专业不限；或相应学科教师资格,,笔试+面试,,,学段：小学；招聘职位：城区中小学语文A；招聘人数：7,安徽 宣城郎溪县,https://www.xduim.com/zw/jszk,,专业：本科专业：中国语言文学类（0501），研究生及以上专业不限；或相应学科教师资格
2024,教师,2024安徽教师招考,义务教育学校,2024002 义务教育学校 城区中小学语文B,本科及以上,本科专业：中国语言文学类（0501），研究生及以上专业不限；或相应学科教师资格,,笔试+面试,,,学段：小学；招聘职位：城区中小学语文B；招聘人数：6,安徽 宣城郎溪县,https://www.xduim.com/zw/jszk,,专业：本科专业：中国语言文学类（0501），研究生及以上专业不限；或相应学科教师资格
2024,教师,2024安徽教师招考,义务教育学校,2024003 义务教育学校 镇区中小学语文,本科及以上,本科专业：中国语言文学类（0501），研究生及以上专业不限；或相应学科教师资格,,笔试+面试,,,学段：小学；招聘职位：镇区中小学语文；招聘人数：9,安徽 宣城郎溪县,https://www.xduim.com/zw/jszk,,专业：本科专业：中国语言文学类（0501），研究生及以上专业不限；或相应学科教师资格
2024,教师,2024安徽教师招考,义务教育学校,2024004 义务教育学校 城区中小学数学,本科及以上,本科专业：数学类（0701），研究生及以上专业不限；或相应学科教师资格,,笔试+面试,,,学段：小学；招聘职位：城区中小学数学；招聘人数：5,安徽 宣城郎溪县,https://www.xduim.com/zw/jszk,,专业：本科专业：数学类（0701），研究生及以上专业不限；或相应学科教师资格
2024,教师,2024安徽教师招考,义务教育学校,2024005 义务教育学校 镇区中小学数学,本科及以上,本科专业：数学类（0701），研究生及以上专业不限；或相应学科教师资格,,笔试+面试,,,学段：小学；招聘职位：镇区中小学数学；招聘人数：8,安徽 宣城郎溪县,https://www.xduim.com/zw/jszk,,专业：本科专业：数学类（0701），研究生及以上专业不限；或相应学科教师资格
2024,教师,2024安徽教师招考,义务教育学校,2024006 义务教育学校 城区中小学英语,本科及以上,本科专业：英语（50201）、翻译（50261）、商务英语（50262），研究生及以上专业不限；或相应学科教师资格,,笔试+面试,,,学段：小学；招聘职位：城区中小学英语；招聘人数：6,安徽 宣城郎溪县,https://www.xduim.com/zw/jszk,,专业：本科专业：英语（50201）、翻译（50261）、商务英语（50262），研究生及以上专业不限；或相应学科教师资格
2024,教师,2024安徽教师招考,义务教育学校,2024007 义务教育学校 镇区中小学英语,本科及以上,本科专业：英语（050201）、翻译（050261）、商务英语（050262），研究生及以上专业不限；或相应学科教师资格,,笔试+面试,,,学段：小学；招聘职位：镇区中小学英语；招聘人数：3,安徽 宣城郎溪县,https://www.xduim.com/zw/jszk,,专业：本科专业：英语（050201）、翻译（050261）、商务英语（050262），研究生及以上专业不限；或相应学科教师资格
2024,教师,2024安徽教师招考,义务教育学校,2024008 义务教育学校 城区中小学音乐,本科及以上,本科专业：音乐与舞蹈学类（1302），研究生及以上专业不限；或相应学科教师资格,,笔试+面试,,,学段：小学；招聘职位：城区中小学音乐；招聘人数：4,安徽 宣城郎溪县,https://www.xduim.com/zw/jszk,,专业：本科专业：音乐与舞蹈学类（1302），研究生及以上专业不限；或相应学科教师资格
2024,教师,2024安徽教师招考,义务教育学校,2024009 义务教育学校 城区中小学体育,本科及以上,本科专业：体育学类（0402），研究生及以上专业不限；或相应学科教师资格,,笔试+面试,,,学段：小学；招聘职位：城区中小学体育；招聘人数：2,安徽 宣城郎溪县,https://www.xduim.com/zw/jszk,,专业：本科专业：体育学类（0402），研究生及以上专业不限；或相应学科教师资格
2024,教师,2024安徽教师招考,义务教育学校,2024010 义务教育学校 城区中小学体育 （武术专项）,本科及以上,本科专业：体育学类（0402），研究生及以上专业不限；或相应学科教师资格,,笔试+面试,,,学段：小学；招聘职位：城区中小学体育 （武术专项）；招聘人数：1,安徽 宣城郎溪县,https://www.xduim.com/zw/jszk,,专业：本科专业：体育学类（0402），研究生及以上专业不限；或相应学科教师资格
2024,教师,2024安徽教师招考,义务教育学校,2024011 义务教育学校 城区中小学美术,本科及以上,本科专业：美术学类（1304）、设计学类（1305），研究生及以上专业不限；或相应学科教师资格,,笔试+面试,,,学段：小学；招聘职位：城区中小学美术；招聘人数：2,安徽 宣城郎溪县,https://www.xduim.com/zw/jszk,,专业：本科专业：美术学类（1304）、设计学类（1305），研究生及以上专业不限；或相应学科教师资格
2024,教师,2024安徽教师招考,义务教育学校,2024012 义务教育学校 城区小学科学,本科及以上,专业不限,,笔试+面试,,,学段：小学；招聘职位：城区小学科学；招聘人数：1,安徽 宣城郎溪县,https://www.xduim.com/zw/jszk,,专业：专业不限
2024,教师,2024安徽教师招考,义务教育学校,2024013 义务教育学校 镇区小学科学,本科及以上,专业不限,,笔试+面试,,,学段：小学；招聘职位：镇区小学科学；招聘人数：1,安徽 宣城郎溪县,https://www.xduim.com/zw/jszk,,专业：专业不限
2024,教师,2024安徽教师招考,义务教育学校,2024014 义务教育学校 城区中小学信息技术,本科及以上,本科专业：计算机类（0809），研究生及以上专业不限；或相应学科教师资格,,笔试+面试,,,学段：小学；招聘职位：城区中小学信息技术；招聘人数：1,安徽 宣城郎溪县,https://www.xduim.com/zw/jszk,,专业：本科专业：计算机类（0809），研究生及以上专业不限；或相应学科教师资格
2024,教师,2024安徽教师招考,义务教育学校,2024015 义务教育学校 镇区中小学信息技术,本科及以上,本科专业：计算机类（0809），研究生及以上专业不限；或相应学科教师资格,,笔试+面试,,,学段：小学；招聘职位：镇区中小学信息技术；招聘人数：1,安徽 宣城郎溪县,https://www.xduim.com/zw/jszk,,专业：本科专业：计算机类（0809），研究生及以上专业不限；或相应学科教师资格
2024,教师,2024安徽教师招考,义务教育学校,2024016 义务教育学校 城区初中政治,本科及以上,本科专业：政治学类（0302）、马克思主义理论类（0305），研究生及以上专业不限；或相应学科教师资格,,笔试+面试,,,学段：初级中学；招聘职位：城区初中政治；招聘人数：2,安徽 宣城郎溪县,https://www.xduim.com/zw/jszk,,专业：本科专业：政治学类（0302）、马克思主义理论类（0305），研究生及以上专业不限；或相应学科教师资格
2024,教师,2024安徽教师招考,义务教育学校,2024017 义务教育学校 镇区初中政治,本科及以上,本科专业：政治学类（0302）、马克思主义理论类（0305），研究生及以上专业不限；或相应学科教师资格,,笔试+面试,,,学段：初级中学；招聘职位：镇区初中政治；招聘人数：1,安徽 宣城郎溪县,https://www.xduim.com/zw/jszk,,专业：本科专业：政治学类（0302）、马克思主义理论类（0305），研究生及以上专业不限；或相应学科教师资格
2024,教师,2024安徽教师招考,义务教育学校,2024018 义务教育学校 城区初中历史,本科及以上,本科专业：历史学类（0601），研究生及以上专业不限；或相应学科教师资格,,笔试+面试,,,学段：初级中学；招聘职位：城区初中历史；招聘人数：1,安徽 宣城郎溪县,https://www.xduim.com/zw/jszk,,专业：本科专业：历史学类（0601），研究生及以上专业不限；或相应学科教师资格
2024,教师,2024安徽教师招考,义务教育学校,2024019 义务教育学校 城区初中地理,本科及以上,本科专业：地理科学类（0705）、测绘类（0812），研究生及以上专业不限；或相应学科教师资格,,笔试+面试,,,学段：初级中学；招聘职位：城区初中地理；招聘人数：2,安徽 宣城郎溪县,https://www.xduim.com/zw/jszk,,专业：本科专业：地理科学类（0705）、测绘类（0812），研究生及以上专业不限；或相应学科教师资格
2024,教师,2024安徽教师招考,义务教育学校,2024020 义务教育学校 城区初中物理,本科及以上,本科专业：物理学类（0702），研究生及以上专业不限；或相应学科教师资格,,笔试+面试,,,学段：初级中学；招聘职位：城区初中物理；招聘人数：2,安徽 宣城郎溪县,https://www.xduim.com/zw/jszk,,专业：本科专业：物理学类（0702），研究生及以上专业不限；或相应学科教师资格
2023,教师,2023安徽教师招考,铜官区教育局,2023028 铜官区教育局 初中政治,本科及以上,本科：思想政治教育030503；硕士研究生：马克思主义理论类0305、 学科教学（思政）045102,,笔试+面试,,,学段：初级中学；学科：政治；招聘职位：初中政治；招聘人数：3,安徽 铜陵铜官区,https://www.xduim.com/zw/jszk,,专业：本科：思想政治教育030503；硕士研究生：马克思主义理论类0305、 学科教学（思政）045102
2023,教师,2023安徽教师招考,铜官区教育局,2023029 铜官区教育局 初中历史,本科及以上,本科：历史学060101；硕士研究生：历史学0601、学科教学（历史）045109,,笔试+面试,,,学段：初级中学；学科：历史；招聘职位：初中历史；招聘人数：1,安徽 铜陵铜官区,https://www.xduim.com/zw/jszk,,专业：本科：历史学060101；硕士研究生：历史学0601、学科教学（历史）045109
2023,教师,2023安徽教师招考,铜官区教育局,2023030 铜官区教育局 初中生物,本科及以上,本科：生物科学 071001； 硕士研究生：生物学类0710、学科教学（生物）045107,,笔试+面试,,,学段：初级中学；学科：生物；招聘职位：初中生物；招聘人数：1,安徽 铜陵铜官区,https://www.xduim.com/zw/jszk,,专业：本科：生物科学 071001； 硕士研究生：生物学类0710、学科教学（生物）045107
2023,教师,2023安徽教师招考,铜官区教育局,2023031 铜官区教育局 初中体育,本科及以上,本科：体育教育040201； 硕士研究生：体育学类0403、 学科教学（体育）045112,,笔试+面试,,,学段：初级中学；学科：体育；招聘职位：初中体育；招聘人数：1,安徽 铜陵铜官区,https://www.xduim.com/zw/jszk,,专业：本科：体育教育040201； 硕士研究生：体育学类0403、 学科教学（体育）045112
2023,教师,2023安徽教师招考,铜官区教育局,2023032 铜官区教育局 小学语文1,专科及以上,专业不限,,笔试+面试,,,学段：小学；学科：语文；招聘职位：小学语文1；招聘人数：11,安徽 铜陵铜官区,https://www.xduim.com/zw/jszk,,专业：专业不限
2023,教师,2023安徽教师招考,铜官区教育局,2023033 铜官区教育局 小学语文2,专科及以上,专业不限,,笔试+面试,,,学段：小学；学科：语文；招聘职位：小学语文2；招聘人数：10,安徽 铜陵铜官区,https://www.xduim.com/zw/jszk,,专业：专业不限
2023,教师,2023安徽教师招考,铜官区教育局,2023034 铜官区教育局 小学数学,专科及以上,专业不限,,笔试+面试,,,学段：小学；学科：数学；招聘职位：小学数学；招聘人数：11,安徽 铜陵铜官区,https://www.xduim.com/zw/jszk,,专业：专业不限
2023,教师,2023安徽教师招考,铜官区教育局,2023035 铜官区教育局 小学英语,专科及以上,专业不限,,笔试+面试,,,学段：小学；学科：英语；招聘职位：小学英语；招聘人数：1,安徽 铜陵铜官区,https://www.xduim.com/zw/jszk,,专业：专业不限
2023,教师,2023安徽教师招考,铜官区教育局,2023036 铜官区教育局 小学体育,专科及以上,专业不限,,笔试+面试,,,学段：小学；学科：体育；招聘职位：小学体育；招聘人数：3,安徽 铜陵铜官区,https://www.xduim.com/zw/jszk,,专业：专业不限
2023,教师,2023安徽教师招考,铜官区教育局,2023037 铜官区教育局 小学信息技术,专科及以上,专业不限,,笔试+面试,,,学段：小学；学科：信息技术；招聘职位：小学信息技术；招聘人数：1,安徽 铜陵铜官区,https://www.xduim.com/zw/jszk,,专业：专业不限
2023,教师,2023安徽教师招考,铜官区教育局,2023038 铜官区教育局 小学道德与法治,专科及以上,专业不限,,笔试+面试,,,学段：小学；学科：道德与法治；招聘职位：小学道德与法治；招聘人数：2,安徽 铜陵铜官区,https://www.xduim.com/zw/jszk,,专业：专业不限
2024,教师,2024安徽教师招考,铜官区教育局,2024022 铜官区教育局 初中语文,本科及以上,本科：汉语言文学专业050101； 硕士研究生及以上：中国语言文学类0501、学科教学（语文）045103,,笔试+面试,,,学段：初级中学；学科：语文；招聘职位：初中语文；招聘人数：1,安徽 铜陵铜官区,https://www.xduim.com/zw/jszk,,专业：本科：汉语言文学专业050101； 硕士研究生及以上：中国语言文学类0501、学科教学（语文）045103
2024,教师,2024安徽教师招考,铜官区教育局,2024023 铜官区教育局 初中数学,本科及以上,本科：数学与应用数学专业070101； 硕士研究生及以上：数学类0701、学科教学（数学）045104,,笔试+面试,,,学段：初级中学；学科：数学；招聘职位：初中数学；招聘人数：1,安徽 铜陵铜官区,https://www.xduim.com/zw/jszk,,专业：本科：数学与应用数学专业070101； 硕士研究生及以上：数学类0701、学科教学（数学）045104
2024,教师,2024安徽教师招考,铜官区教育局,2024024 铜官区教育局 小学语文1,本科及以上,专业不限,,笔试+面试,,,学段：小学；学科：语文；招聘职位：小学语文1；招聘人数：10,安徽 铜陵铜官区,https://www.xduim.com/zw/jszk,,专业：专业不限
2024,教师,2024安徽教师招考,铜官区教育局,2024025 铜官区教育局 小学语文2,本科及以上,专业不限,,笔试+面试,,,学段：小学；学科：语文；招聘职位：小学语文2；招聘人数：10,安徽 铜陵铜官区,https://www.xduim.com/zw/jszk,,专业：专业不限
2024,教师,2024安徽教师招考,铜官区教育局,2024026 铜官区教育局 小学数学,本科及以上,专业不限,,笔试+面试,,,学段：小学；学科：数学；招聘职位：小学数学；招聘人数：10,安徽 铜陵铜官区,https://www.xduim.com/zw/jszk,,专业：专业不限
2024,教师,2024安徽教师招考,铜官区教育局,2024027 铜官区教育局 小学体育,本科及以上,本科：体育教育专业040201； 硕士研究生：体育学类0403、 学科教学（体育）045112,,笔试+面试,,,学段：小学；学科：体育；招聘职位：小学体育；招聘人数：3,安徽 铜陵铜官区,https://www.xduim.com/zw/jszk,,专业：本科：体育教育专业040201； 硕士研究生：体育学类0403、 学科教学（体育）045112
2024,教师,2024安徽教师招考,铜官区教育局,2024028 铜官区教育局 小学道德与法治,本科及以上,本科：思想政治教育专业030503； 硕士研究生及以上：马克思主义理论类0305、学科教学（思政）045102,,笔试+面试,,,学段：小学；学科：道德与法治；招聘职位：小学道德与法治；招聘人数：1,安徽 铜陵铜官区,https://www.xduim.com/zw/jszk,,专业：本科：思想政治教育专业030503； 硕士研究生及以上：马克思主义理论类0305、学科教学（思政）045102
2024,教师,2024安徽教师招考,铜官区教育局,2024029 铜官区教育局 小学美术,本科及以上,本科：美术学专业130401； 硕士研究生及以上：美术学专业050403、 学科教学（美术）045113,,笔试+面试,,,学段：小学；学科：美术；招聘职位：小学美术；招聘人数：1,安徽 铜陵铜官区,https://www.xduim.com/zw/jszk,,专业：本科：美术学专业130401； 硕士研究生及以上：美术学专业050403、 学科教学（美术）045113
2024,教师,2024安徽教师招考,铜官区教育局,2024030 铜官区教育局 小学音乐,本科及以上,本科：音乐学专业130202； 硕士研究生及以上：音乐学专业050402、学科教学（音乐）045111,,笔试+面试,,,学段：小学；学科：音乐；招聘职位：小学音乐；招聘人数：1,安徽 铜陵铜官区,https://www.xduim.com/zw/jszk,,专业：本科：音乐学专业130202； 硕士研究生及以上：音乐学专业050402、学科教学（音乐）045111
2024,教师,2024安徽教师招考,铜陵理工学校,2024001 铜陵理工学校 中职政治,本科及以上,本科：思想政治教育专业030503 硕士研究生及以上：思想政治教育专业030505，学科教学（思政） 045102,,笔试+面试,,,学段：高级中学；学科：政治；招聘职位：中职政治；招聘人数：1,安徽 铜陵市直,https://www.xduim.com/zw/jszk,,专业：本科：思想政治教育专业030503 硕士研究生及以上：思想政治教育专业030505，学科教学（思政） 045102
2024,教师,2024安徽教师招考,铜陵理工学校,2024002 铜陵理工学校 中职语文,本科及以上,本科：汉语言文学专业050101； 硕士研究生及以上：中国语言文学类0501，学科教学（语文）045103,,笔试+面试,,,学段：高级中学；学科：语文；招聘职位：中职语文；招聘人数：1,安徽 铜陵市直,https://www.xduim.com/zw/jszk,,专业：本科：汉语言文学专业050101； 硕士研究生及以上：中国语言文学类0501，学科教学（语文）045103
2024,教师,2024安徽教师招考,铜陵理工学校,2024003 铜陵理工学校 中职数学,本科及以上,本科：数学与应用数学专业070101； 硕士研究生及以上：数学类0701，学科教学（数学） 045104,,笔试+面试,,,学段：高级中学；学科：数学；招聘职位：中职数学；招聘人数：1,安徽 铜陵市直,https://www.xduim.com/zw/jszk,,专业：本科：数学与应用数学专业070101； 硕士研究生及以上：数学类0701，学科教学（数学） 045104
2024,教师,2024安徽教师招考,铜陵理工学校,2024004 铜陵理工学校 中职心理健康,本科及以上,本科：心理学专业071101； 硕士研究生及以上：心理学类0402，心理健康教育045116,,笔试+面试,,,学段：高级中学；学科：心理健康教育；招聘职位：中职心理健康；招聘人数：1,安徽 铜陵市直,https://www.xduim.com/zw/jszk,,专业：本科：心理学专业071101； 硕士研究生及以上：心理学类0402，心理健康教育045116
2024,教师,2024安徽教师招考,铜陵市第一中学,2024005 铜陵市第一中学 高中数学,本科及以上,本科：数学与应用数学专业070101； 硕士研究生及以上：数学类0701，学科教学（数学） 045104,,笔试+面试,,,学段：高级中学；学科：数学；招聘职位：高中数学；招聘人数：2,安徽 铜陵市直,https://www.xduim.com/zw/jszk,,专业：本科：数学与应用数学专业070101； 硕士研究生及以上：数学类0701，学科教学（数学） 045104
2024,教师,2024安徽教师招考,铜陵市第一中学,2024006 铜陵市第一中学 高中物理,本科及以上,本科：物理学专业070201，应用物理学专业070202；硕士研究生及以上：物理学类0702，学科教学（物理）045105,,笔试+面试,,,学段：高级中学；学科：物理；招聘职位：高中物理；招聘人数：2,安徽 铜陵市直,https://www.xduim.com/zw/jszk,,专业：本科：物理学专业070201，应用物理学专业070202；硕士研究生及以上：物理学类0702，学科教学（物理）045105
2024,教师,2024安徽教师招考,铜陵市第一中学,2024007 铜陵市第一中学 高中生物,本科及以上,本科：生物科学专业071001，生物工程专业083001； 硕士研究生及以上：生物学0710 ，学科教学（生物）045107,,笔试+面试,,,学段：高级中学；学科：生物；招聘职位：高中生物；招聘人数：2,安徽 铜陵市直,https://www.xduim.com/zw/jszk,,专业：本科：生物科学专业071001，生物工程专业083001； 硕士研究生及以上：生物学0710 ，学科教学（生物）045107
2024,教师,2024安徽教师招考,铜陵市第一中学,2024008 铜陵市第一中学 高中信息技术,本科及以上,本科：计算机科学与技术专业080901，教育技术学专业040104；硕士研究生及以上：计算机科学与技术类0812， 教育技术学专业040110 ，现代教育技术045114,,笔试+面试,,,学段：高级中学；学科：信息技术；招聘职位：高中信息技术；招聘人数：1,安徽 铜陵市直,https://www.xduim.com/zw/jszk,,专业：本科：计算机科学与技术专业080901，教育技术学专业040104；硕士研究生及以上：计算机科学与技术类0812， 教育技术学专业040110 ，现代教育技术045114
2024,教师,2024安徽教师招考,铜陵市第三中学,2024009 铜陵市第三中学 高中数学,本科及以上,本科：数学与应用数学专业070101； 硕士研究生及以上：数学类0701，学科教学（数学） 045104,,笔试+面试,,,学段：高级中学；学科：数学；招聘职位：高中数学；招聘人数：1,安徽 铜陵市直,https://www.xduim.com/zw/jszk,,专业：本科：数学与应用数学专业070101； 硕士研究生及以上：数学类0701，学科教学（数学） 045104
2024,教师,2024安徽教师招考,铜陵市第三中学,2024010 铜陵市第三中学 高中化学,本科及以上,本科：化学类0703，工学门类08； 硕士研究生及以上：化学类0703，工学门类08，学科教学（化学）045106,,笔试+面试,,,学段：高级中学；学科：化学；招聘职位：高中化学；招聘人数：1,安徽 铜陵市直,https://www.xduim.com/zw/jszk,,专业：本科：化学类0703，工学门类08； 硕士研究生及以上：化学类0703，工学门类08，学科教学（化学）045106
2024,教师,2024安徽教师招考,铜陵市第三中学,2024011 铜陵市第三中学 高中生物,本科及以上,本科：生物科学专业071001； 硕士研究生及以上：生物学类0710 ，学科教学（生物）045107,,笔试+面试,,,学段：高级中学；学科：生物；招聘职位：高中生物；招聘人数：1,安徽 铜陵市直,https://www.xduim.com/zw/jszk,,专业：本科：生物科学专业071001； 硕士研究生及以上：生物学类0710 ，学科教学（生物）045107
2024,教师,2024安徽教师招考,铜陵市第三中学,2024012 铜陵市第三中学 高中信息技术,研究生及以上,硕士研究生及以上：计算机科学与技术类0812， 教育技术学专业040110，现代教育技术045114,,笔试+面试,,,学段：高级中学；学科：信息技术；招聘职位：高中信息技术；招聘人数：1,安徽 铜陵市直,https://www.xduim.com/zw/jszk,,专业：硕士研究生及以上：计算机科学与技术类0812， 教育技术学专业040110，现代教育技术045114
2024,教师,2024安徽教师招考,铜陵市第三中学,2024013 铜陵市第三中学 高中心理,本科及以上,本科：心理学专业071101； 硕士研究生及以上：心理学类0402，心理健康教育045116,,笔试+面试,,,学段：高级中学；学科：心理健康教育；招聘职位：高中心理；招聘人数：1,安徽 铜陵市直,https://www.xduim.com/zw/jszk,,专业：本科：心理学专业071101； 硕士研究生及以上：心理学类0402，心理健康教育045116
2024,教师,2024安徽教师招考,铜陵中学,2024014 铜陵中学 高中语文,本科及以上,本科：汉语言文学专业050101； 硕士研究生及以上：中国语言文学类0501，学科教学（语文）045103,,笔试+面试,,,学段：高级中学；学科：语文；招聘职位：高中语文；招聘人数：1,安徽 铜陵市直,https://www.xduim.com/zw/jszk,,专业：本科：汉语言文学专业050101； 硕士研究生及以上：中国语言文学类0501，学科教学（语文）045103
2024,教师,2024安徽教师招考,铜陵中学,2024015 铜陵中学 高中生物,本科及以上,本科：生物科学专业071001； 硕士研究生及以上：生物学类0710，学科教学（生物）045107,,笔试+面试,,,学段：高级中学；学科：生物；招聘职位：高中生物；招聘人数：1,安徽 铜陵市直,https://www.xduim.com/zw/jszk,,专业：本科：生物科学专业071001； 硕士研究生及以上：生物学类0710，学科教学（生物）045107
2024,教师,2024安徽教师招考,铜陵市实验高级中学,2024016 铜陵市实验高级中学 高中生物,本科及以上,本科：生物科学专业071001； 硕士研究生及以上：生物学类0710，学科教学（生物）045107,,笔试+面试,,,学段：高级中学；学科：生物；招聘职位：高中生物；招聘人数：1,安徽 铜陵市直,https://www.xduim.com/zw/jszk,,专业：本科：生物科学专业071001； 硕士研究生及以上：生物学类0710，学科教学（生物）045107
2024,教师,2024安徽教师招考,铜陵市第五中学,2024017 铜陵市第五中学 高中物理,本科及以上,本科：物理学专业070201； 硕士研究生及以上：物理学类0702，学科教学（物理）045105,,笔试+面试,,,学段：高级中学；学科：物理；招聘职位：高中物理；招聘人数：1,安徽 铜陵市直,https://www.xduim.com/zw/jszk,,专业：本科：物理学专业070201； 硕士研究生及以上：物理学类0702，学科教学（物理）045105
2024,教师,2024安徽教师招考,铜陵市第一中学江北分校,2024018 铜陵市第一中学江北分校 高中物理,本科及以上,本科：物理学专业070201； 硕士研究生及以上：物理学类0702，学科教学（物理）045105,,笔试+面试,,,学段：高级中学；学科：物理；招聘职位：高中物理；招聘人数：1,安徽 铜陵市直,https://www.xduim.com/zw/jszk,,专业：本科：物理学专业070201； 硕士研究生及以上：物理学类0702，学科教学（物理）045105
2024,教师,2024安徽教师招考,铜陵市第一中学江北分校,2024019 铜陵市第一中学江北分校 高中英语,本科及以上,本科：英语专业050201； 硕士研究生及以上：英语语言文学专业050201，学科教学（英语）045108,,笔试+面试,,,学段：高级中学；学科：英语；招聘职位：高中英语；招聘人数：1,安徽 铜陵市直,https://www.xduim.com/zw/jszk,,专业：本科：英语专业050201； 硕士研究生及以上：英语语言文学专业050201，学科教学（英语）045108
2024,教师,2024安徽教师招考,铜陵市特殊教育学校,2024020 铜陵市特殊教育学校 特殊教育美术,本科及以上,本科：特殊教育专业040108； 硕士研究生及以上：特殊教育学专业040109， 特殊教育045119,,笔试+面试,,,学段：特殊教育学校（小学）；学科：特殊教育；招聘职位：特殊教育美术；招聘人数：1,安徽 铜陵市直,https://www.xduim.com/zw/jszk,,专业：本科：特殊教育专业040108； 硕士研究生及以上：特殊教育学专业040109， 特殊教育045119
2023,教师,2023安徽教师招考,芜湖市第二中学西洋湖北校区（原芜湖市第十四中学）,芜湖市第二中学西洋湖北校区（原芜湖市第十四中学） 初中物理,本科及以上,物理学专业,,笔试+面试,,,学段：初级中学；学科：物理；招聘职位：初中物理；招聘人数：1,安徽 芜湖镜湖区,https://www.xduim.com/zw/jszk,,专业：物理学专业
2023,教师,2023安徽教师招考,芜湖市第二十七中学,芜湖市第二十七中学 初中生物学,本科及以上,生物科学专业,,笔试+面试,,,学段：初级中学；学科：生物学；招聘职位：初中生物学；招聘人数：1,安徽 芜湖镜湖区,https://www.xduim.com/zw/jszk,,专业：生物科学专业
2023,教师,2023安徽教师招考,芜湖市第二十七中学东方龙城校区（原芜湖市第十九中学）,芜湖市第二十七中学东方龙城校区（原芜湖市第十九中学） 初中英语,本科及以上,英语专业,,笔试+面试,,,学段：初级中学；学科：英语；招聘职位：初中英语；招聘人数：1,安徽 芜湖镜湖区,https://www.xduim.com/zw/jszk,,专业：英语专业
2023,教师,2023安徽教师招考,芜湖市第二十八中学,芜湖市第二十八中学 初中生物学,本科及以上,生物科学专业,,笔试+面试,,,学段：初级中学；学科：生物学；招聘职位：初中生物学；招聘人数：1,安徽 芜湖镜湖区,https://www.xduim.com/zw/jszk,,专业：生物科学专业
2023,教师,2023安徽教师招考,芜湖市第二十九中学华强校区（原芜湖市华强中学）,芜湖市第二十九中学华强校区（原芜湖市华强中学） 初中英语,本科及以上,英语专业,,笔试+面试,,,学段：初级中学；学科：英语；招聘职位：初中英语；招聘人数：1,安徽 芜湖镜湖区,https://www.xduim.com/zw/jszk,,专业：英语专业
2023,教师,2023安徽教师招考,芜湖市第二十九中学,芜湖市第二十九中学 初中物理,本科及以上,物理学专业,,笔试+面试,,,学段：初级中学；学科：物理；招聘职位：初中物理；招聘人数：1,安徽 芜湖镜湖区,https://www.xduim.com/zw/jszk,,专业：物理学专业
2023,教师,2023安徽教师招考,芜湖市镜湖新城实验学校,芜湖市镜湖新城实验学校 初中数学,本科及以上,数学与应用数学专业、信息与计算科学专业,,笔试+面试,,,学段：初级中学；学科：数学；招聘职位：初中数学；招聘人数：1,安徽 芜湖镜湖区,https://www.xduim.com/zw/jszk,,专业：数学与应用数学专业、信息与计算科学专业
2023,教师,2023安徽教师招考,芜湖市镜湖新城实验学校,芜湖市镜湖新城实验学校 初中生物学,本科及以上,生物科学专业,,笔试+面试,,,学段：初级中学；学科：生物学；招聘职位：初中生物学；招聘人数：1,安徽 芜湖镜湖区,https://www.xduim.com/zw/jszk,,专业：生物科学专业
2023,教师,2023安徽教师招考,芜湖市方村中学,芜湖市方村中学 初中生物学,本科及以上,生物科学专业,,笔试+面试,,,学段：初级中学；学科：生物学；招聘职位：初中生物学；招聘人数：1,安徽 芜湖镜湖区,https://www.xduim.com/zw/jszk,,专业：生物科学专业
2023,教师,2023安徽教师招考,芜湖市埭南中学,芜湖市埭南中学 初中数学,本科及以上,数学与应用数学专业、信息与计算科学专业,,笔试+面试,,,学段：初级中学；学科：数学；招聘职位：初中数学；招聘人数：1,安徽 芜湖镜湖区,https://www.xduim.com/zw/jszk,,专业：数学与应用数学专业、信息与计算科学专业
2023,教师,2023安徽教师招考,芜湖市育红小学,芜湖市育红小学 小学语文 A,本科及以上,汉语言文学专业、小学教育专业,,笔试+面试,,,学段：小学；学科：语文；招聘职位：小学语文 A；招聘人数：1,安徽 芜湖镜湖区,https://www.xduim.com/zw/jszk,,专业：汉语言文学专业、小学教育专业
2023,教师,2023安徽教师招考,芜湖市育红小学,芜湖市育红小学 小学语文 B,本科及以上,汉语言文学专业、小学教育专业,,笔试+面试,,,学段：小学；学科：语文；招聘职位：小学语文 B；招聘人数：1,安徽 芜湖镜湖区,https://www.xduim.com/zw/jszk,,专业：汉语言文学专业、小学教育专业
2023,教师,2023安徽教师招考,芜湖市育红小学,芜湖市育红小学 小学数学,本科及以上,数学与应用数学专业、信息与计算科学专业、小学教育专业,,笔试+面试,,,学段：小学；学科：数学；招聘职位：小学数学；招聘人数：1,安徽 芜湖镜湖区,https://www.xduim.com/zw/jszk,,专业：数学与应用数学专业、信息与计算科学专业、小学教育专业
2023,教师,2023安徽教师招考,芜湖市育红小学旭日天都校区（原芜湖市弋江北路小学）,芜湖市育红小学旭日天都校区（原芜湖市弋江北路小学） 小学语文,本科及以上,汉语言文学专业、小学教育专业,,笔试+面试,,,学段：小学；学科：语文；招聘职位：小学语文；招聘人数：1,安徽 芜湖镜湖区,https://www.xduim.com/zw/jszk,,专业：汉语言文学专业、小学教育专业
2023,教师,2023安徽教师招考,芜湖市育红小学旭日天都校区（原芜湖市弋江北路小学）,芜湖市育红小学旭日天都校区（原芜湖市弋江北路小学） 小学数学,本科及以上,数学与应用数学专业、信息与计算科学专业、小学教育专业,,笔试+面试,,,学段：小学；学科：数学；招聘职位：小学数学；招聘人数：2,安徽 芜湖镜湖区,https://www.xduim.com/zw/jszk,,专业：数学与应用数学专业、信息与计算科学专业、小学教育专业
2023,教师,2023安徽教师招考,芜湖市师范学校附属小学,芜湖市师范学校附属小学 小学语文,本科及以上,汉语言文学专业、小学教育专业,,笔试+面试,,,学段：小学；学科：语文；招聘职位：小学语文；招聘人数：2,安徽 芜湖镜湖区,https://www.xduim.com/zw/jszk,,专业：汉语言文学专业、小学教育专业
2023,教师,2023安徽教师招考,芜湖市师范学校附属小学,芜湖市师范学校附属小学 小学数学 A,本科及以上,数学与应用数学专业、信息与计算科学专业、小学教育专业,,笔试+面试,,,学段：小学；学科：数学；招聘职位：小学数学 A；招聘人数：1,安徽 芜湖镜湖区,https://www.xduim.com/zw/jszk,,专业：数学与应用数学专业、信息与计算科学专业、小学教育专业
2023,教师,2023安徽教师招考,芜湖市师范学校附属小学,芜湖市师范学校附属小学 小学数学 B,本科及以上,数学与应用数学专业、信息与计算科学专业、小学教育专业,,笔试+面试,,,学段：小学；学科：数学；招聘职位：小学数学 B；招聘人数：1,安徽 芜湖镜湖区,https://www.xduim.com/zw/jszk,,专业：数学与应用数学专业、信息与计算科学专业、小学教育专业
2023,教师,2023安徽教师招考,芜湖市师范学校附属小学,芜湖市师范学校附属小学 小学道德与法治,本科及以上,思想政治教育专业、小学教育专业,,笔试+面试,,,学段：小学；学科：道德与法治；招聘职位：小学道德与法治；招聘人数：1,安徽 芜湖镜湖区,https://www.xduim.com/zw/jszk,,专业：思想政治教育专业、小学教育专业
2023,教师,2023安徽教师招考,芜湖市绿影小学,芜湖市绿影小学 小学语文,本科及以上,汉语言文学专业、小学教育专业,,笔试+面试,,,学段：小学；学科：语文；招聘职位：小学语文；招聘人数：1,安徽 芜湖镜湖区,https://www.xduim.com/zw/jszk,,专业：汉语言文学专业、小学教育专业
2024,教师,2024安徽教师招考,芜湖市第二十七中学,芜湖市第二十七中学 初中语文,本科及以上,汉语言文学专业,,笔试+面试,,,学段：初级中学；学科：语文；招聘职位：初中语文；招聘人数：3,安徽 芜湖镜湖区,https://www.xduim.com/zw/jszk,,专业：汉语言文学专业
2024,教师,2024安徽教师招考,芜湖市第二十七中学,芜湖市第二十七中学 初中数学,本科及以上,数学类,,笔试+面试,,,学段：初级中学；学科：数学；招聘职位：初中数学；招聘人数：2,安徽 芜湖镜湖区,https://www.xduim.com/zw/jszk,,专业：数学类
2024,教师,2024安徽教师招考,芜湖市第二十七中学,芜湖市第二十七中学 初中英语,本科及以上,英语专业,,笔试+面试,,,学段：初级中学；学科：英语；招聘职位：初中英语；招聘人数：1,安徽 芜湖镜湖区,https://www.xduim.com/zw/jszk,,专业：英语专业
2024,教师,2024安徽教师招考,芜湖市第二十七中学,芜湖市第二十七中学 初中心理健康教育,本科及以上,心理学专业、应用心理学专业,,笔试+面试,,,学段：初级中学；学科：心理健康教育；招聘职位：初中心理健康教育；招聘人数：1,安徽 芜湖镜湖区,https://www.xduim.com/zw/jszk,,专业：心理学专业、应用心理学专业
2024,教师,2024安徽教师招考,芜湖市第二十七中学东方龙城校区（原芜湖市第十九中学）,芜湖市第二十七中学东方龙城校区（原芜湖市第十九中学） 初中英语,本科及以上,英语专业,,笔试+面试,,,学段：初级中学；学科：英语；招聘职位：初中英语；招聘人数：1,安徽 芜湖镜湖区,https://www.xduim.com/zw/jszk,,专业：英语专业
2024,教师,2024安徽教师招考,芜湖市第二十九中学,芜湖市第二十九中学 初中数学,本科及以上,数学类,,笔试+面试,,,学段：初级中学；学科：数学；招聘职位：初中数学；招聘人数：2,安徽 芜湖镜湖区,https://www.xduim.com/zw/jszk,,专业：数学类
2024,教师,2024安徽教师招考,芜湖市第二十九中学,芜湖市第二十九中学 初中物理,本科及以上,物理学类,,笔试+面试,,,学段：初级中学；学科：物理；招聘职位：初中物理；招聘人数：2,安徽 芜湖镜湖区,https://www.xduim.com/zw/jszk,,专业：物理学类
2024,教师,2024安徽教师招考,芜湖市第二十九中学,芜湖市第二十九中学 初中英语,本科及以上,英语专业,,笔试+面试,,,学段：初级中学；学科：英语；招聘职位：初中英语；招聘人数：1,安徽 芜湖镜湖区,https://www.xduim.com/zw/jszk,,专业：英语专业
2024,教师,2024安徽教师招考,芜湖市第二十九中学华强校区（原芜湖市华强中学）,芜湖市第二十九中学华强校区（原芜湖市华强中学） 初中数学,本科及以上,数学类,,笔试+面试,,,学段：初级中学；学科：数学；招聘职位：初中数学；招聘人数：1,安徽 芜湖镜湖区,https://www.xduim.com/zw/jszk,,专业：数学类
2024,教师,2024安徽教师招考,芜湖市镜湖新城实验学校,芜湖市镜湖新城实验学校 初中数学,本科及以上,数学类,,笔试+面试,,,学段：初级中学；学科：数学；招聘职位：初中数学；招聘人数：1,安徽 芜湖镜湖区,https://www.xduim.com/zw/jszk,,专业：数学类
2024,教师,2024安徽教师招考,芜湖市镜湖新城实验学校,芜湖市镜湖新城实验学校 初中心理健康教育,本科及以上,心理学专业、应用心理学专业,,笔试+面试,,,学段：初级中学；学科：心理健康教育；招聘职位：初中心理健康教育；招聘人数：1,安徽 芜湖镜湖区,https://www.xduim.com/zw/jszk,,专业：心理学专业、应用心理学专业
2024,教师,2024安徽教师招考,芜湖市方村中学,芜湖市方村中学 初中物理,本科及以上,物理学类,,笔试+面试,,,学段：初级中学；学科：物理；招聘职位：初中物理；招聘人数：1,安徽 芜湖镜湖区,https://www.xduim.com/zw/jszk,,专业：物理学类
2024,教师,2024安徽教师招考,芜湖市埭南中学,芜湖市埭南中学 初中物理,本科及以上,物理学类,,笔试+面试,,,学段：初级中学；学科：物理；招聘职位：初中物理；招聘人数：1,安徽 芜湖镜湖区,https://www.xduim.com/zw/jszk,,专业：物理学类
2024,教师,2024安徽教师招考,芜湖市育红小学,芜湖市育红小学 小学语文,本科及以上,汉语言文学专业、小学教育专业,,笔试+面试,,,学段：小学；学科：语文；招聘职位：小学语文；招聘人数：2,安徽 芜湖镜湖区,https://www.xduim.com/zw/jszk,,专业：汉语言文学专业、小学教育专业
2024,教师,2024安徽教师招考,芜湖市育红小学,芜湖市育红小学 小学数学,本科及以上,数学类；小学教育专业,,笔试+面试,,,学段：小学；学科：数学；招聘职位：小学数学；招聘人数：2,安徽 芜湖镜湖区,https://www.xduim.com/zw/jszk,,专业：数学类；小学教育专业
2024,教师,2024安徽教师招考,芜湖市育红小学,芜湖市育红小学 小学音乐,本科及以上,音乐学专业、小学教育专业,,笔试+面试,,,学段：小学；学科：音乐；招聘职位：小学音乐；招聘人数：1,安徽 芜湖镜湖区,https://www.xduim.com/zw/jszk,,专业：音乐学专业、小学教育专业
2024,教师,2024安徽教师招考,芜湖市育红小学旭日天都校区（原芜湖市弋江北路小学）,芜湖市育红小学旭日天都校区（原芜湖市弋江北路小学） 小学语文,本科及以上,汉语言文学专业、小学教育专业,,笔试+面试,,,学段：小学；学科：语文；招聘职位：小学语文；招聘人数：1,安徽 芜湖镜湖区,https://www.xduim.com/zw/jszk,,专业：汉语言文学专业、小学教育专业
2024,教师,2024安徽教师招考,芜湖市育红小学旭日天都校区（原芜湖市弋江北路小学）,芜湖市育红小学旭日天都校区（原芜湖市弋江北路小学） 小学数学,本科及以上,数学类；小学教育专业,,笔试+面试,,,学段：小学；学科：数学；招聘职位：小学数学；招聘人数：1,安徽 芜湖镜湖区,https://www.xduim.com/zw/jszk,,专业：数学类；小学教育专业
2024,教师,2024安徽教师招考,芜湖市师范学校附属小学,芜湖市师范学校附属小学 小学语文,本科及以上,汉语言文学专业、小学教育专业,,笔试+面试,,,学段：小学；学科：语文；招聘职位：小学语文；招聘人数：4,安徽 芜湖镜湖区,https://www.xduim.com/zw/jszk,,专业：汉语言文学专业、小学教育专业
2024,教师,2024安徽教师招考,芜湖市师范学校附属小学,芜湖市师范学校附属小学 小学数学,本科及以上,数学类；小学教育专业,,笔试+面试,,,学段：小学；学科：数学；招聘职位：小学数学；招聘人数：2,安徽 芜湖镜湖区,https://www.xduim.com/zw/jszk,,专业：数学类；小学教育专业
2024,教师,2024安徽教师招考,长丰县县属学校,110101 长丰县县属学校 高中语文,本科及以上,专业不限,,笔试+面试,,,学段：高级中学；学科：语文(高级中学)；招聘职位：高中语文；招聘人数：1,安徽 合肥长丰县,https://www.xduim.com/zw/jszk,,专业：专业不限
2024,教师,2024安徽教师招考,长丰县县属学校,110102 长丰县县属学校 高中数学,本科及以上,专业不限,,笔试+面试,,,学段：高级中学；学科：数学(高级中学)；招聘职位：高中数学；招聘人数：2,安徽 合肥长丰县,https://www.xduim.com/zw/jszk,,专业：专业不限
2024,教师,2024安徽教师招考,长丰县县属学校,110103 长丰县县属学校 高中物理,本科及以上,专业不限,,笔试+面试,,,学段：高级中学；学科：物理(高级中学)；招聘职位：高中物理；招聘人数：3,安徽 合肥长丰县,https://www.xduim.com/zw/jszk,,专业：专业不限
2024,教师,2024安徽教师招考,长丰县县属学校,110104 长丰县县属学校 高中化学,本科及以上,专业不限,,笔试+面试,,,学段：高级中学；学科：化学(高级中学)；招聘职位：高中化学；招聘人数：3,安徽 合肥长丰县,https://www.xduim.com/zw/jszk,,专业：专业不限
2024,教师,2024安徽教师招考,长丰县县属学校,110105 长丰县县属学校 高中英语,本科及以上,专业不限,,笔试+面试,,,学段：高级中学；学科：英语(高级中学)；招聘职位：高中英语；招聘人数：1,安徽 合肥长丰县,https://www.xduim.com/zw/jszk,,专业：专业不限
2024,教师,2024安徽教师招考,长丰县县属学校,110201 长丰县县属学校 初中语文,本科及以上,专业不限,,笔试+面试,,,学段：初级中学；学科：语文(初级中学)；招聘职位：初中语文；招聘人数：2,安徽 合肥长丰县,https://www.xduim.com/zw/jszk,,专业：专业不限
2024,教师,2024安徽教师招考,长丰县县属学校,110202 长丰县县属学校 初中数学,本科及以上,专业不限,,笔试+面试,,,学段：初级中学；学科：数学(初级中学)；招聘职位：初中数学；招聘人数：3,安徽 合肥长丰县,https://www.xduim.com/zw/jszk,,专业：专业不限
2024,教师,2024安徽教师招考,长丰县县属学校,110203 长丰县县属学校 初中物理,本科及以上,专业不限,,笔试+面试,,,学段：初级中学；学科：物理(初级中学)；招聘职位：初中物理；招聘人数：1,安徽 合肥长丰县,https://www.xduim.com/zw/jszk,,专业：专业不限
2024,教师,2024安徽教师招考,长丰县县属学校,110204 长丰县县属学校 初中英语,本科及以上,专业不限,,笔试+面试,,,学段：初级中学；学科：英语(初级中学)；招聘职位：初中英语；招聘人数：3,安徽 合肥长丰县,https://www.xduim.com/zw/jszk,,专业：专业不限
2024,教师,2024安徽教师招考,长丰县县属学校,110301 长丰县县属学校 小学语文,本科及以上,专业不限,,笔试+面试,,,学段：小学；学科：小学语文(小学)；招聘职位：小学语文；招聘人数：10,安徽 合肥长丰县,https://www.xduim.com/zw/jszk,,专业：专业不限
2024,教师,2024安徽教师招考,长丰县县属学校,110302 长丰县县属学校 小学数学,本科及以上,专业不限,,笔试+面试,,,学段：小学；学科：小学数学(小学)；招聘职位：小学数学；招聘人数：3,安徽 合肥长丰县,https://www.xduim.com/zw/jszk,,专业：专业不限
2024,教师,2024安徽教师招考,长丰县县属学校,110303 长丰县县属学校 小学英语,本科及以上,专业不限,,笔试+面试,,,学段：小学；学科：小学英语(小学)；招聘职位：小学英语；招聘人数：2,安徽 合肥长丰县,https://www.xduim.com/zw/jszk,,专业：专业不限
2024,教师,2024安徽教师招考,长丰县县属学校,110304 长丰县县属学校 小学体育,本科及以上,专业不限,,笔试+面试,,,学段：小学；学科：小学体育(小学)；招聘职位：小学体育；招聘人数：3,安徽 合肥长丰县,https://www.xduim.com/zw/jszk,,专业：专业不限
2023,教师,2023安徽教师招考,长丰县第一中学,110101 长丰县第一中学 高中物理,本科及以上,专业不限,,笔试+面试,,,学段：高级中学；学科：物理(高级中学)；招聘职位：高中物理；招聘人数：2,安徽 合肥长丰县,https://www.xduim.com/zw/jszk,,专业：专业不限
2023,教师,2023安徽教师招考,合肥北城中学,110201 合肥北城中学 高中数学,本科及以上,专业不限,,笔试+面试,,,学段：高级中学；学科：数学(高级中学)；招聘职位：高中数学；招聘人数：1,安徽 合肥长丰县,https://www.xduim.com/zw/jszk,,专业：专业不限
2023,教师,2023安徽教师招考,合肥北城中学,110202 合肥北城中学 高中物理,本科及以上,专业不限,,笔试+面试,,,学段：高级中学；学科：物理(高级中学)；招聘职位：高中物理；招聘人数：1,安徽 合肥长丰县,https://www.xduim.com/zw/jszk,,专业：专业不限
2023,教师,2023安徽教师招考,上海师范大学附属合肥实验学校,110301 上海师范大学附属合肥实验学校 初中数学,本科及以上,专业不限,,笔试+面试,,,学段：初级中学；学科：数学(初级中学)；招聘职位：初中数学；招聘人数：2,安徽 合肥长丰县,https://www.xduim.com/zw/jszk,,专业：专业不限
2023,教师,2023安徽教师招考,上海师范大学附属合肥实验学校,110302 上海师范大学附属合肥实验学校 小学语文,专科及以上,专业不限,,笔试+面试,,,学段：小学；学科：小学语文(小学)；招聘职位：小学语文；招聘人数：1,安徽 合肥长丰县,https://www.xduim.com/zw/jszk,,专业：专业不限
2023,教师,2023安徽教师招考,上海师范大学附属合肥实验学校,110303 上海师范大学附属合肥实验学校 小学数学,专科及以上,专业不限,,笔试+面试,,,学段：小学；学科：小学数学(小学)；招聘职位：小学数学；招聘人数：2,安徽 合肥长丰县,https://www.xduim.com/zw/jszk,,专业：专业不限
2023,教师,2023安徽教师招考,安徽师范大学附属下塘实验学校,110401 安徽师范大学附属下塘实验学校 小学语文,专科及以上,专业不限,,笔试+面试,,,学段：小学；学科：小学语文(小学)；招聘职位：小学语文；招聘人数：3,安徽 合肥长丰县,https://www.xduim.com/zw/jszk,,专业：专业不限
2023,教师,2023安徽教师招考,安徽师范大学附属下塘实验学校,110402 安徽师范大学附属下塘实验学校 小学数学,专科及以上,专业不限,,笔试+面试,,,学段：小学；学科：小学数学(小学)；招聘职位：小学数学；招聘人数：1,安徽 合肥长丰县,https://www.xduim.com/zw/jszk,,专业：专业不限
2023,教师,2023安徽教师招考,合肥师范附小教育集团长丰分校,110501 合肥师范附小教育集团长丰分校 小学语文,专科及以上,专业不限,,笔试+面试,,,学段：小学；学科：小学语文(小学)；招聘职位：小学语文；招聘人数：5,安徽 合肥长丰县,https://www.xduim.com/zw/jszk,,专业：专业不限
2023,教师,2023安徽教师招考,合肥师范附小教育集团长丰分校,110502 合肥师范附小教育集团长丰分校 小学数学,专科及以上,专业不限,,笔试+面试,,,学段：小学；学科：小学数学(小学)；招聘职位：小学数学；招聘人数：1,安徽 合肥长丰县,https://www.xduim.com/zw/jszk,,专业：专业不限
2023,教师,2023安徽教师招考,合肥师范附小教育集团长丰分校,110503 合肥师范附小教育集团长丰分校 小学科学,专科及以上,专业不限,,笔试+面试,,,学段：小学；学科：小学科学(小学)；招聘职位：小学科学；招聘人数：1,安徽 合肥长丰县,https://www.xduim.com/zw/jszk,,专业：专业不限
2023,教师,2023安徽教师招考,安徽长丰双凤经济开发区中心学校,110601 安徽长丰双凤经济开发区中心学校 小学语文,专科及以上,专业不限,,笔试+面试,,,学段：小学；学科：小学语文(小学)；招聘职位：小学语文；招聘人数：3,安徽 合肥长丰县,https://www.xduim.com/zw/jszk,,专业：专业不限
2023,教师,2023安徽教师招考,安徽长丰双凤经济开发区中心学校,110602 安徽长丰双凤经济开发区中心学校 小学数学,专科及以上,专业不限,,笔试+面试,,,学段：小学；学科：小学数学(小学)；招聘职位：小学数学；招聘人数：1,安徽 合肥长丰县,https://www.xduim.com/zw/jszk,,专业：专业不限
2023,教师,2023安徽教师招考,安徽长丰双凤经济开发区中心学校,110603 安徽长丰双凤经济开发区中心学校 小学体育,专科及以上,专业不限,,笔试+面试,,,学段：小学；学科：小学体育(小学)；招聘职位：小学体育；招聘人数：1,安徽 合肥长丰县,https://www.xduim.com/zw/jszk,,专业：专业不限
2023,教师,2023安徽教师招考,长丰县双墩镇中心学校,110701 长丰县双墩镇中心学校 小学语文,专科及以上,专业不限,,笔试+面试,,,学段：小学；学科：小学语文(小学)；招聘职位：小学语文；招聘人数：4,安徽 合肥长丰县,https://www.xduim.com/zw/jszk,,专业：专业不限
2023,教师,2023安徽教师招考,长丰县双墩镇中心学校,110702 长丰县双墩镇中心学校 小学体育,专科及以上,专业不限,,笔试+面试,,,学段：小学；学科：小学体育(小学)；招聘职位：小学体育；招聘人数：1,安徽 合肥长丰县,https://www.xduim.com/zw/jszk,,专业：专业不限
2024,教师,2024安徽教师招考,阜南县教育局,阜南县教育局 高中语文,本科及以上,中国语言文学类,,笔试+面试,,,学段：高级中学；学科：语文；招聘职位：高中语文；招聘人数：5,安徽 阜阳阜南县,https://www.xduim.com/zw/jszk,,专业：中国语言文学类
2024,教师,2024安徽教师招考,阜南县教育局,阜南县教育局 高中数学,本科及以上,数学类,,笔试+面试,,,学段：高级中学；学科：数学；招聘职位：高中数学；招聘人数：4,安徽 阜阳阜南县,https://www.xduim.com/zw/jszk,,专业：数学类
2024,教师,2024安徽教师招考,阜南县教育局,阜南县教育局 高中英语,本科及以上,英语、商务英语,,笔试+面试,,,学段：高级中学；学科：英语；招聘职位：高中英语；招聘人数：2,安徽 阜阳阜南县,https://www.xduim.com/zw/jszk,,专业：英语、商务英语
2024,教师,2024安徽教师招考,阜南县教育局,阜南县教育局 高中历史,本科及以上,历史学、世界史,,笔试+面试,,,学段：高级中学；学科：历史；招聘职位：高中历史；招聘人数：2,安徽 阜阳阜南县,https://www.xduim.com/zw/jszk,,专业：历史学、世界史
2024,教师,2024安徽教师招考,阜南县教育局,阜南县教育局 高中政治,本科及以上,政治学、经济学与哲学；科学社会主义；思想政治教育；国际政治；中国共产党历史；政治学与行政学,,笔试+面试,,,学段：高级中学；学科：政治；招聘职位：高中政治；招聘人数：3,安徽 阜阳阜南县,https://www.xduim.com/zw/jszk,,专业：政治学、经济学与哲学；科学社会主义；思想政治教育；国际政治；中国共产党历史；政治学与行政学
2024,教师,2024安徽教师招考,阜南县教育局,阜南县教育局 高中物理,本科及以上,物理学类、地球物理学类、材料物理、工程物理,,笔试+面试,,,学段：高级中学；学科：物理；招聘职位：高中物理；招聘人数：3,安徽 阜阳阜南县,https://www.xduim.com/zw/jszk,,专业：物理学类、地球物理学类、材料物理、工程物理
2024,教师,2024安徽教师招考,阜南县教育局,阜南县教育局 高中化学,本科及以上,化学类、材料化学、化学工程与工艺、能源化学工程、化学工程与工业生物工程,,笔试+面试,,,学段：高级中学；学科：化学；招聘职位：高中化学；招聘人数：2,安徽 阜阳阜南县,https://www.xduim.com/zw/jszk,,专业：化学类、材料化学、化学工程与工艺、能源化学工程、化学工程与工业生物工程
2024,教师,2024安徽教师招考,阜南县教育局,阜南县教育局 高中体育,本科及以上,体育学类,,笔试+面试,,,学段：高级中学；学科：体育；招聘职位：高中体育；招聘人数：1,安徽 阜阳阜南县,https://www.xduim.com/zw/jszk,,专业：体育学类
2024,教师,2024安徽教师招考,阜南县教育局,阜南县教育局 高中生物,本科及以上,生物科学类、生物工程类,,笔试+面试,,,学段：高级中学；学科：生物；招聘职位：高中生物；招聘人数：3,安徽 阜阳阜南县,https://www.xduim.com/zw/jszk,,专业：生物科学类、生物工程类
2024,教师,2024安徽教师招考,阜南县教育局,阜南县教育局 高中地理,本科及以上,地理科学类,,笔试+面试,,,学段：高级中学；学科：地理；招聘职位：高中地理；招聘人数：3,安徽 阜阳阜南县,https://www.xduim.com/zw/jszk,,专业：地理科学类
2024,教师,2024安徽教师招考,阜南县教育局,阜南县教育局 高中心理健康教育,本科及以上,心理学类、心理健康教育,,笔试+面试,,,学段：高级中学；学科：心理健康教育；招聘职位：高中心理健康教育；招聘人数：1,安徽 阜阳阜南县,https://www.xduim.com/zw/jszk,,专业：心理学类、心理健康教育
2024,教师,2024安徽教师招考,阜南县教育局,阜南县教育局 初中语文,本科及以上,中国语言文学类,,笔试+面试,,,学段：初级中学；学科：语文；招聘职位：初中语文；招聘人数：13,安徽 阜阳阜南县,https://www.xduim.com/zw/jszk,,专业：中国语言文学类
2024,教师,2024安徽教师招考,阜南县教育局,阜南县教育局 初中数学,本科及以上,数学类,,笔试+面试,,,学段：初级中学；学科：数学；招聘职位：初中数学；招聘人数：15,安徽 阜阳阜南县,https://www.xduim.com/zw/jszk,,专业：数学类
2024,教师,2024安徽教师招考,阜南县教育局,阜南县教育局 初中英语,本科及以上,英语、商务英语,,笔试+面试,,,学段：初级中学；学科：英语；招聘职位：初中英语；招聘人数：7,安徽 阜阳阜南县,https://www.xduim.com/zw/jszk,,专业：英语、商务英语
2024,教师,2024安徽教师招考,阜南县教育局,阜南县教育局 初中历史,本科及以上,历史学、世界史,,笔试+面试,,,学段：初级中学；学科：历史；招聘职位：初中历史；招聘人数：4,安徽 阜阳阜南县,https://www.xduim.com/zw/jszk,,专业：历史学、世界史
2024,教师,2024安徽教师招考,阜南县教育局,阜南县教育局 初中政治,本科及以上,政治学、经济学与哲学；科学社会主义；思想政治教育；国际政治；中国共产党历史；政治学与行政学,,笔试+面试,,,学段：初级中学；学科：政治；招聘职位：初中政治；招聘人数：5,安徽 阜阳阜南县,https://www.xduim.com/zw/jszk,,专业：政治学、经济学与哲学；科学社会主义；思想政治教育；国际政治；中国共产党历史；政治学与行政学
2024,教师,2024安徽教师招考,阜南县教育局,阜南县教育局 初中物理,本科及以上,物理学类、地球物理学类、材料物理、工程物理,,笔试+面试,,,学段：初级中学；学科：物理；招聘职位：初中物理；招聘人数：5,安徽 阜阳阜南县,https://www.xduim.com/zw/jszk,,专业：物理学类、地球物理学类、材料物理、工程物理
2024,教师,2024安徽教师招考,阜南县教育局,阜南县教育局 初中化学,本科及以上,化学类、材料化学、化学工程与工艺、能源化学工程、化学工程与工业生物工程,,笔试+面试,,,学段：初级中学；学科：化学；招聘职位：初中化学；招聘人数：2,安徽 阜阳阜南县,https://www.xduim.com/zw/jszk,,专业：化学类、材料化学、化学工程与工艺、能源化学工程、化学工程与工业生物工程
2024,教师,2024安徽教师招考,阜南县教育局,阜南县教育局 初中体育,本科及以上,体育学类,,笔试+面试,,,学段：初级中学；学科：体育；招聘职位：初中体育；招聘人数：5,安徽 阜阳阜南县,https://www.xduim.com/zw/jszk,,专业：体育学类
2024,教师,2024安徽教师招考,阜南县教育局,阜南县教育局 初中美术,本科及以上,美术学类,,笔试+面试,,,学段：初级中学；学科：美术；招聘职位：初中美术；招聘人数：1,安徽 阜阳阜南县,https://www.xduim.com/zw/jszk,,专业：美术学类
2023,教师,2023安徽教师招考,阜南县教育局,阜南县教育局 高中语文,本科及以上,中国语言文学类,,笔试+面试,,,学段：高级中学；学科：语文；招聘职位：高中语文；招聘人数：9,安徽 阜阳阜南县,https://www.xduim.com/zw/jszk,,专业：中国语言文学类
2023,教师,2023安徽教师招考,阜南县教育局,阜南县教育局 高中数学,本科及以上,数学类,,笔试+面试,,,学段：高级中学；学科：数学；招聘职位：高中数学；招聘人数：8,安徽 阜阳阜南县,https://www.xduim.com/zw/jszk,,专业：数学类
2023,教师,2023安徽教师招考,阜南县教育局,阜南县教育局 高中英语,本科及以上,英语、商务英语,,笔试+面试,,,学段：高级中学；学科：英语；招聘职位：高中英语；招聘人数：8,安徽 阜阳阜南县,https://www.xduim.com/zw/jszk,,专业：英语、商务英语
2023,教师,2023安徽教师招考,阜南县教育局,阜南县教育局 高中历史,本科及以上,历史学、世界史,,笔试+面试,,,学段：高级中学；学科：历史；招聘职位：高中历史；招聘人数：4,安徽 阜阳阜南县,https://www.xduim.com/zw/jszk,,专业：历史学、世界史
2023,教师,2023安徽教师招考,阜南县教育局,阜南县教育局 高中政治,本科及以上,政治学、经济学与哲学；科学社会主义；思想政治教育；国际政治；中国共产党历史；政治学与行政学,,笔试+面试,,,学段：高级中学；学科：政治；招聘职位：高中政治；招聘人数：4,安徽 阜阳阜南县,https://www.xduim.com/zw/jszk,,专业：政治学、经济学与哲学；科学社会主义；思想政治教育；国际政治；中国共产党历史；政治学与行政学
2023,教师,2023安徽教师招考,阜南县教育局,阜南县教育局 高中物理,本科及以上,物理学类、地球物理学类、材料物理、工程物理,,笔试+面试,,,学段：高级中学；学科：物理；招聘职位：高中物理；招聘人数：6,安徽 阜阳阜南县,https://www.xduim.com/zw/jszk,,专业：物理学类、地球物理学类、材料物理、工程物理
2023,教师,2023安徽教师招考,阜南县教育局,阜南县教育局 高中化学,本科及以上,化学类、材料化学、化学工程与工艺、能源化学工程、化学工程与工业生物工程,,笔试+面试,,,学段：高级中学；学科：化学；招聘职位：高中化学；招聘人数：3,安徽 阜阳阜南县,https://www.xduim.com/zw/jszk,,专业：化学类、材料化学、化学工程与工艺、能源化学工程、化学工程与工业生物工程
2023,教师,2023安徽教师招考,阜南县教育局,阜南县教育局 高中生物,本科及以上,生物科学类、生物工程类,,笔试+面试,,,学段：高级中学；学科：生物；招聘职位：高中生物；招聘人数：2,安徽 阜阳阜南县,https://www.xduim.com/zw/jszk,,专业：生物科学类、生物工程类
2023,教师,2023安徽教师招考,阜南县教育局,阜南县教育局 高中地理,本科及以上,地理科学类,,笔试+面试,,,学段：高级中学；学科：地理；招聘职位：高中地理；招聘人数：4,安徽 阜阳阜南县,https://www.xduim.com/zw/jszk,,专业：地理科学类
2023,教师,2023安徽教师招考,阜南县教育局,阜南县教育局 高中信息技术,本科及以上,计算机类,,笔试+面试,,,学段：高级中学；学科：信息技术；招聘职位：高中信息技术；招聘人数：2,安徽 阜阳阜南县,https://www.xduim.com/zw/jszk,,专业：计算机类
2023,教师,2023安徽教师招考,阜南县教育局,阜南县教育局 初中语文A,本科及以上,中国语言文学类,,笔试+面试,,,学段：初级中学；学科：语文；招聘职位：初中语文A；招聘人数：14,安徽 阜阳阜南县,https://www.xduim.com/zw/jszk,,专业：中国语言文学类
2023,教师,2023安徽教师招考,阜南县教育局,阜南县教育局 初中语文B,本科及以上,中国语言文学类,,笔试+面试,,,学段：初级中学；学科：语文；招聘职位：初中语文B；招聘人数：15,安徽 阜阳阜南县,https://www.xduim.com/zw/jszk,,专业：中国语言文学类
2023,教师,2023安徽教师招考,阜南县教育局,阜南县教育局 初中数学A,本科及以上,数学类,,笔试+面试,,,学段：初级中学；学科：数学；招聘职位：初中数学A；招聘人数：13,安徽 阜阳阜南县,https://www.xduim.com/zw/jszk,,专业：数学类
2023,教师,2023安徽教师招考,阜南县教育局,阜南县教育局 初中数学B,本科及以上,数学类,,笔试+面试,,,学段：初级中学；学科：数学；招聘职位：初中数学B；招聘人数：12,安徽 阜阳阜南县,https://www.xduim.com/zw/jszk,,专业：数学类
2023,教师,2023安徽教师招考,阜南县教育局,阜南县教育局 初中英语A,本科及以上,英语、商务英语,,笔试+面试,,,学段：初级中学；学科：英语；招聘职位：初中英语A；招聘人数：11,安徽 阜阳阜南县,https://www.xduim.com/zw/jszk,,专业：英语、商务英语
2023,教师,2023安徽教师招考,阜南县教育局,阜南县教育局 初中英语B,本科及以上,英语、商务英语,,笔试+面试,,,学段：初级中学；学科：英语；招聘职位：初中英语B；招聘人数：12,安徽 阜阳阜南县,https://www.xduim.com/zw/jszk,,专业：英语、商务英语
2023,教师,2023安徽教师招考,阜南县教育局,阜南县教育局 初中历史,本科及以上,历史学、世界史,,笔试+面试,,,学段：初级中学；学科：历史；招聘职位：初中历史；招聘人数：9,安徽 阜阳阜南县,https://www.xduim.com/zw/jszk,,专业：历史学、世界史
2023,教师,2023安徽教师招考,阜南县教育局,阜南县教育局 初中政治,本科及以上,政治学、经济学与哲学；科学社会主义；思想政治教育；国际政治；中国共产党历史；政治学与行政学,,笔试+面试,,,学段：初级中学；学科：道德与法治；招聘职位：初中政治；招聘人数：8,安徽 阜阳阜南县,https://www.xduim.com/zw/jszk,,专业：政治学、经济学与哲学；科学社会主义；思想政治教育；国际政治；中国共产党历史；政治学与行政学
2023,教师,2023安徽教师招考,阜南县教育局,阜南县教育局 初中物理,本科及以上,物理学类、地球物理学类、材料物理、工程物理,,笔试+面试,,,学段：初级中学；学科：物理；招聘职位：初中物理；招聘人数：8,安徽 阜阳阜南县,https://www.xduim.com/zw/jszk,,专业：物理学类、地球物理学类、材料物理、工程物理
2023,教师,2023安徽教师招考,阜南县教育局,阜南县教育局 初中化学,本科及以上,化学类、材料化学、化学工程与工艺、能源化学工程、化学工程与工业生物工程,,笔试+面试,,,学段：初级中学；学科：化学；招聘职位：初中化学；招聘人数：7,安徽 阜阳阜南县,https://www.xduim.com/zw/jszk,,专业：化学类、材料化学、化学工程与工艺、能源化学工程、化学工程与工业生物工程
2023,教师,2023安徽教师招考,阜阳市铁路学校,阜阳市铁路学校 初中英语,本科及以上,本 科：050201英语 研究生：050201英语语言文学,,笔试+面试,,,学段：初级中学；学科：英语；招聘职位：初中英语；招聘人数：1,安徽 阜阳市直,https://www.xduim.com/zw/jszk,,专业：本 科：050201英语 研究生：050201英语语言文学
2023,教师,2023安徽教师招考,阜阳市铁路学校,阜阳市铁路学校 初中物理,本科及以上,本 科：070201物理学 研究生：0702物理学,,笔试+面试,,,学段：初级中学；学科：物理；招聘职位：初中物理；招聘人数：1,安徽 阜阳市直,https://www.xduim.com/zw/jszk,,专业：本 科：070201物理学 研究生：0702物理学
2023,教师,2023安徽教师招考,阜阳市铁路学校,阜阳市铁路学校 初中地理,本科及以上,本 科： 070501地理科学 070502自然地理与资源环境 研究生： 0705地理学,,笔试+面试,,,学段：初级中学；学科：地理；招聘职位：初中地理；招聘人数：1,安徽 阜阳市直,https://www.xduim.com/zw/jszk,,专业：本 科： 070501地理科学 070502自然地理与资源环境 研究生： 0705地理学
2023,教师,2023安徽教师招考,阜阳市铁路学校,阜阳市铁路学校 初中数学,本科及以上,本 科：070101数学与应用数学 研究生：0701数学,,笔试+面试,,,学段：初级中学；学科：数学；招聘职位：初中数学；招聘人数：1,安徽 阜阳市直,https://www.xduim.com/zw/jszk,,专业：本 科：070101数学与应用数学 研究生：0701数学
2023,教师,2023安徽教师招考,阜阳市铁路学校,阜阳市铁路学校 初中语文,本科及以上,本 科：050101汉语言文学 研究生：0501中国语言文学,,笔试+面试,,,学段：初级中学；学科：语文；招聘职位：初中语文；招聘人数：3,安徽 阜阳市直,https://www.xduim.com/zw/jszk,,专业：本 科：050101汉语言文学 研究生：0501中国语言文学
2023,教师,2023安徽教师招考,阜阳市城南中学,阜阳市城南中学 初中语文,本科及以上,本科：汉语言文学、汉语言； 研究生：汉语言文学、中国古代文学、中国现当代文学,,笔试+面试,,,学段：初级中学；学科：语文；招聘职位：初中语文；招聘人数：2,安徽 阜阳市直,https://www.xduim.com/zw/jszk,,专业：本科：汉语言文学、汉语言； 研究生：汉语言文学、中国古代文学、中国现当代文学
2023,教师,2023安徽教师招考,阜阳市城南中学,阜阳市城南中学 初中语文,本科及以上,本科：汉语言文学、汉语言； 研究生：汉语言文学、中国古代文学、中国现当代文学,,笔试+面试,,,学段：初级中学；学科：语文；招聘职位：初中语文；招聘人数：1,安徽 阜阳市直,https://www.xduim.com/zw/jszk,,专业：本科：汉语言文学、汉语言； 研究生：汉语言文学、中国古代文学、中国现当代文学
2023,教师,2023安徽教师招考,阜阳市城南中学,阜阳市城南中学 初中数学,本科及以上,本科：数学与应用数学； 研究生：基础数学、应用数学、计算数学,,笔试+面试,,,学段：初级中学；学科：数学；招聘职位：初中数学；招聘人数：3,安徽 阜阳市直,https://www.xduim.com/zw/jszk,,专业：本科：数学与应用数学； 研究生：基础数学、应用数学、计算数学
2023,教师,2023安徽教师招考,阜阳市城南中学,阜阳市城南中学 初中数学,本科及以上,本科：数学与应用数学； 研究生：基础数学、应用数学、计算数学,,笔试+面试,,,学段：初级中学；学科：数学；招聘职位：初中数学；招聘人数：2,安徽 阜阳市直,https://www.xduim.com/zw/jszk,,专业：本科：数学与应用数学； 研究生：基础数学、应用数学、计算数学
2023,教师,2023安徽教师招考,阜阳市城南中学,阜阳市城南中学 初中英语,本科及以上,本科：英语； 研究生：英语语言文学,,笔试+面试,,,学段：初级中学；学科：英语；招聘职位：初中英语；招聘人数：2,安徽 阜阳市直,https://www.xduim.com/zw/jszk,,专业：本科：英语； 研究生：英语语言文学
2023,教师,2023安徽教师招考,阜阳市城南中学,阜阳市城南中学 初中英语,本科及以上,本科：英语； 研究生：英语语言文学,,笔试+面试,,,学段：初级中学；学科：英语；招聘职位：初中英语；招聘人数：1,安徽 阜阳市直,https://www.xduim.com/zw/jszk,,专业：本科：英语； 研究生：英语语言文学
2023,教师,2023安徽教师招考,阜阳市城南中学,阜阳市城南中学 初中物理,本科及以上,本科：物理学、应用物理学； 研究生：理论物理,,笔试+面试,,,学段：初级中学；学科：物理；招聘职位：初中物理；招聘人数：2,安徽 阜阳市直,https://www.xduim.com/zw/jszk,,专业：本科：物理学、应用物理学； 研究生：理论物理
2023,教师,2023安徽教师招考,阜阳市城南中学,阜阳市城南中学 初中物理,本科及以上,本科：物理学、应用物理学； 研究生：理论物理,,笔试+面试,,,学段：初级中学；学科：物理；招聘职位：初中物理；招聘人数：1,安徽 阜阳市直,https://www.xduim.com/zw/jszk,,专业：本科：物理学、应用物理学； 研究生：理论物理
2023,教师,2023安徽教师招考,阜阳市城南中学,阜阳市城南中学 初中道德与法治,本科及以上,本科：思想政治教育 研究生：思想政治教育,,笔试+面试,,,学段：初级中学；学科：道德与法治；招聘职位：初中道德与法治；招聘人数：1,安徽 阜阳市直,https://www.xduim.com/zw/jszk,,专业：本科：思想政治教育 研究生：思想政治教育
2023,教师,2023安徽教师招考,阜阳市城南中学,阜阳市城南中学 初中历史,本科及以上,本科：历史学； 研究生：史学理论及史学史、中国古代史、中国近现代史、世界史,,笔试+面试,,,学段：初级中学；学科：历史；招聘职位：初中历史；招聘人数：1,安徽 阜阳市直,https://www.xduim.com/zw/jszk,,专业：本科：历史学； 研究生：史学理论及史学史、中国古代史、中国近现代史、世界史
2023,教师,2023安徽教师招考,阜阳市城南中学,阜阳市城南中学 初中地理,本科及以上,本科：地理科学； 研究生：自然地理学、人文地理学,,笔试+面试,,,学段：初级中学；学科：地理；招聘职位：初中地理；招聘人数：1,安徽 阜阳市直,https://www.xduim.com/zw/jszk,,专业：本科：地理科学； 研究生：自然地理学、人文地理学
2023,教师,2023安徽教师招考,马鞍山市雨山区 教育局,马鞍山市雨山区 教育局 小学语文A,本科及以上,本科： 050101汉语言文学、050102汉语言 、040107小学教育； 硕士研究生及以上： 专业不限。,,笔试+面试,,,学段：小学；学科：语文；招聘职位：小学语文A；招聘人数：6,安徽 马鞍山雨山区,https://www.xduim.com/zw/jszk,,专业：本科： 050101汉语言文学、050102汉语言 、040107小学教育； 硕士研究生及以上： 专业不限。
2023,教师,2023安徽教师招考,马鞍山市雨山区 教育局,马鞍山市雨山区 教育局 小学语文B,本科及以上,本科： 050101汉语言文学、050102汉语言 、040107小学教育； 硕士研究生及以上： 专业不限。,,笔试+面试,,,学段：小学；学科：语文；招聘职位：小学语文B；招聘人数：6,安徽 马鞍山雨山区,https://www.xduim.com/zw/jszk,,专业：本科： 050101汉语言文学、050102汉语言 、040107小学教育； 硕士研究生及以上： 专业不限。
2023,教师,2023安徽教师招考,马鞍山市雨山区 教育局,马鞍山市雨山区 教育局 小学数学,本科及以上,本科： 070101数学与应用数学、070102信 息与计算科学、040107小学教育； 硕士研究生及以上： 专业不限。,,笔试+面试,,,学段：小学；学科：数学；招聘职位：小学数学；招聘人数：5,安徽 马鞍山雨山区,https://www.xduim.com/zw/jszk,,专业：本科： 070101数学与应用数学、070102信 息与计算科学、040107小学教育； 硕士研究生及以上： 专业不限。
2023,教师,2023安徽教师招考,阜阳市第二十八中学,阜阳市第二十八中学 初中道德与法治,本科及以上,本科：政治学类、马克思主义理论类、政治教育、思想政治教育；硕士研究生及以上专业不限。,,笔试+面试,,,学段：初级中学；学科：道德与法治；招聘职位：初中道德与法治；招聘人数：1,安徽 阜阳颍东区,https://www.xduim.com/zw/jszk,,专业：本科：政治学类、马克思主义理论类、政治教育、思想政治教育；硕士研究生及以上专业不限。
2023,教师,2023安徽教师招考,阜阳市第二十八中学,阜阳市第二十八中学 初中物理,本科及以上,本科：物理学类、物理教育；硕士研究生及以上专业不限。,,笔试+面试,,,学段：初级中学；学科：物理；招聘职位：初中物理；招聘人数：1,安徽 阜阳颍东区,https://www.xduim.com/zw/jszk,,专业：本科：物理学类、物理教育；硕士研究生及以上专业不限。
2023,教师,2023安徽教师招考,阜阳市第十中学,阜阳市第十中学 初中物理,本科及以上,本科：物理学类、物理教育；硕士研究生及以上专业不限。,,笔试+面试,,,学段：初级中学；学科：物理；招聘职位：初中物理；招聘人数：1,安徽 阜阳颍东区,https://www.xduim.com/zw/jszk,,专业：本科：物理学类、物理教育；硕士研究生及以上专业不限。
2023,教师,2023安徽教师招考,阜阳师范大学附属颍东第一中学（阜阳市第二十六中学）,阜阳师范大学附属颍东第一中学（阜阳市第二十六中学） 初中语文,本科及以上,本科：中国语言文学类、汉语言文学教育；硕士研究生及以上专业不限。,,笔试+面试,,,学段：初级中学；学科：语文；招聘职位：初中语文；招聘人数：1,安徽 阜阳颍东区,https://www.xduim.com/zw/jszk,,专业：本科：中国语言文学类、汉语言文学教育；硕士研究生及以上专业不限。
2023,教师,2023安徽教师招考,阜阳师范大学附属颍东第一中学（阜阳市第二十六中学）,阜阳师范大学附属颍东第一中学（阜阳市第二十六中学） 初中数学,本科及以上,本科：数学类；硕士研究生及以上专业不限。,,笔试+面试,,,学段：初级中学；学科：数学；招聘职位：初中数学；招聘人数：1,安徽 阜阳颍东区,https://www.xduim.com/zw/jszk,,专业：本科：数学类；硕士研究生及以上专业不限。
2023,教师,2023安徽教师招考,阜阳师范大学附属颍东第一中学（阜阳市第二十六中学）,阜阳师范大学附属颍东第一中学（阜阳市第二十六中学） 初中英语,本科及以上,本科：英语专业、商务英语专业、英语教育专业；硕士研究生及以上专业不限。,,笔试+面试,,,学段：初级中学；学科：英语；招聘职位：初中英语；招聘人数：1,安徽 阜阳颍东区,https://www.xduim.com/zw/jszk,,专业：本科：英语专业、商务英语专业、英语教育专业；硕士研究生及以上专业不限。
2023,教师,2023安徽教师招考,阜阳师范大学附属颍东第一中学（阜阳市第二十六中学）,阜阳师范大学附属颍东第一中学（阜阳市第二十六中学） 初中道德与法治,本科及以上,本科：政治学类、马克思主义理论类、政治教育、思想政治教育；硕士研究生及以上专业不限。,,笔试+面试,,,学段：初级中学；学科：道德与法治；招聘职位：初中道德与法治；招聘人数：1,安徽 阜阳颍东区,https://www.xduim.com/zw/jszk,,专业：本科：政治学类、马克思主义理论类、政治教育、思想政治教育；硕士研究生及以上专业不限。
2023,教师,2023安徽教师招考,阜阳师范大学附属颍东第一中学（阜阳市第二十六中学）,阜阳师范大学附属颍东第一中学（阜阳市第二十六中学） 初中历史,本科及以上,本科：历史学类、历史教育；硕士研究生及以上专业不限。,,笔试+面试,,,学段：初级中学；学科：历史；招聘职位：初中历史；招聘人数：1,安徽 阜阳颍东区,https://www.xduim.com/zw/jszk,,专业：本科：历史学类、历史教育；硕士研究生及以上专业不限。
2023,教师,2023安徽教师招考,阜阳师范大学附属颍东第一中学（阜阳市第二十六中学）,阜阳师范大学附属颍东第一中学（阜阳市第二十六中学） 初中化学,本科及以上,本科：化学类、化学教育；硕士研究生及以上专业不限。,,笔试+面试,,,学段：初级中学；学科：化学；招聘职位：初中化学；招聘人数：1,安徽 阜阳颍东区,https://www.xduim.com/zw/jszk,,专业：本科：化学类、化学教育；硕士研究生及以上专业不限。
2023,教师,2023安徽教师招考,颍东区东平路小学,颍东区东平路小学 小学语文,本科及以上,专业不限,,笔试+面试,,,学段：小学；学科：语文；招聘职位：小学语文；招聘人数：2,安徽 阜阳颍东区,https://www.xduim.com/zw/jszk,,专业：专业不限
2023,教师,2023安徽教师招考,颍东区东盛路小学,颍东区东盛路小学 小学语文,本科及以上,专业不限,,笔试+面试,,,学段：小学；学科：语文；招聘职位：小学语文；招聘人数：2,安徽 阜阳颍东区,https://www.xduim.com/zw/jszk,,专业：专业不限
2023,教师,2023安徽教师招考,颍东区东盛路小学,颍东区东盛路小学 小学数学,本科及以上,专业不限,,笔试+面试,,,学段：小学；学科：数学；招聘职位：小学数学；招聘人数：2,安徽 阜阳颍东区,https://www.xduim.com/zw/jszk,,专业：专业不限
2023,教师,2023安徽教师招考,颍东区岳家湖小学,颍东区岳家湖小学 小学语文,本科及以上,专业不限,,笔试+面试,,,学段：小学；学科：语文；招聘职位：小学语文；招聘人数：3,安徽 阜阳颍东区,https://www.xduim.com/zw/jszk,,专业：专业不限
2023,教师,2023安徽教师招考,颍东区岳家湖小学,颍东区岳家湖小学 小学数学,本科及以上,专业不限,,笔试+面试,,,学段：小学；学科：数学；招聘职位：小学数学；招聘人数：2,安徽 阜阳颍东区,https://www.xduim.com/zw/jszk,,专业：专业不限
2023,教师,2023安徽教师招考,颍东区岳家湖小学,颍东区岳家湖小学 小学英语,本科及以上,专业不限,,笔试+面试,,,学段：小学；学科：英语；招聘职位：小学英语；招聘人数：1,安徽 阜阳颍东区,https://www.xduim.com/zw/jszk,,专业：专业不限
2023,教师,2023安徽教师招考,颍东区岳家湖小学,颍东区岳家湖小学 小学美术,本科及以上,专业不限,,笔试+面试,,,学段：小学；学科：美术；招聘职位：小学美术；招聘人数：1,安徽 阜阳颍东区,https://www.xduim.com/zw/jszk,,专业：专业不限
2023,教师,2023安徽教师招考,颍东区岳家湖小学,颍东区岳家湖小学 小学音乐,本科及以上,专业不限,,笔试+面试,,,学段：小学；学科：音乐；招聘职位：小学音乐；招聘人数：1,安徽 阜阳颍东区,https://www.xduim.com/zw/jszk,,专业：专业不限
2023,教师,2023安徽教师招考,颍东区岳家湖小学,颍东区岳家湖小学 小学体育,本科及以上,专业不限,,笔试+面试,,,学段：小学；学科：体育；招聘职位：小学体育；招聘人数：1,安徽 阜阳颍东区,https://www.xduim.com/zw/jszk,,专业：专业不限
2023,教师,2023安徽教师招考,颍东区岳家湖小学,颍东区岳家湖小学 小学信息技术,本科及以上,专业不限,,笔试+面试,,,学段：小学；学科：信息技术；招聘职位：小学信息技术；招聘人数：1,安徽 阜阳颍东区,https://www.xduim.com/zw/jszk,,专业：专业不限
2023,教师,2023安徽教师招考,颍东区枫林小学,颍东区枫林小学 小学语文,本科及以上,专业不限,,笔试+面试,,,学段：小学；学科：语文；招聘职位：小学语文；招聘人数：2,安徽 阜阳颍东区,https://www.xduim.com/zw/jszk,,专业：专业不限
2024,教师,2024安徽教师招考,阜阳市东清小学,阜阳市东清小学 小学语文,本科及以上,专业不限,,笔试+面试,,,学段：小学；学科：语文；招聘职位：小学语文；招聘人数：1,安徽 阜阳颍州区,https://www.xduim.com/zw/jszk,,专业：专业不限
2024,教师,2024安徽教师招考,阜阳市东清小学,阜阳市东清小学 小学数学,本科及以上,专业不限,,笔试+面试,,,学段：小学；学科：数学；招聘职位：小学数学；招聘人数：1,安徽 阜阳颍州区,https://www.xduim.com/zw/jszk,,专业：专业不限
2024,教师,2024安徽教师招考,阜阳市清河小学,阜阳市清河小学 小学语文,本科及以上,专业不限,,笔试+面试,,,学段：小学；学科：语文；招聘职位：小学语文；招聘人数：1,安徽 阜阳颍州区,https://www.xduim.com/zw/jszk,,专业：专业不限
2024,教师,2024安徽教师招考,阜阳市六里小学,阜阳市六里小学 小学语文,本科及以上,专业不限,,笔试+面试,,,学段：小学；学科：语文；招聘职位：小学语文；招聘人数：1,安徽 阜阳颍州区,https://www.xduim.com/zw/jszk,,专业：专业不限
2024,教师,2024安徽教师招考,阜阳市六里小学,阜阳市六里小学 小学数学,本科及以上,专业不限,,笔试+面试,,,学段：小学；学科：数学；招聘职位：小学数学；招聘人数：1,安徽 阜阳颍州区,https://www.xduim.com/zw/jszk,,专业：专业不限
2024,教师,2024安徽教师招考,阜阳市清河路第一小学逍遥津校区,阜阳市清河路第一小学逍遥津校区 小学语文,本科及以上,专业不限,,笔试+面试,,,学段：小学；学科：语文；招聘职位：小学语文；招聘人数：2,安徽 阜阳颍州区,https://www.xduim.com/zw/jszk,,专业：专业不限
2024,教师,2024安徽教师招考,阜阳市清河路第一小学逍遥津校区,阜阳市清河路第一小学逍遥津校区 小学数学,本科及以上,专业不限,,笔试+面试,,,学段：小学；学科：数学；招聘职位：小学数学；招聘人数：1,安徽 阜阳颍州区,https://www.xduim.com/zw/jszk,,专业：专业不限
2024,教师,2024安徽教师招考,阜阳市清河路第一小学逍遥津校区,阜阳市清河路第一小学逍遥津校区 小学英语,本科及以上,专业不限,,笔试+面试,,,学段：小学；学科：英语；招聘职位：小学英语；招聘人数：1,安徽 阜阳颍州区,https://www.xduim.com/zw/jszk,,专业：专业不限
2024,教师,2024安徽教师招考,阜阳市清河路第一小学逍遥津校区,阜阳市清河路第一小学逍遥津校区 小学体育,本科及以上,专业不限,,笔试+面试,,,学段：小学；学科：体育；招聘职位：小学体育；招聘人数：1,安徽 阜阳颍州区,https://www.xduim.com/zw/jszk,,专业：专业不限
2024,教师,2024安徽教师招考,阜阳市清河路第一小学逍遥津校区,阜阳市清河路第一小学逍遥津校区 小学心理健康教育,本科及以上,本科：心理学、应用心理学教育；研究生：基础心理学、发展与教育心理学、应用心理学,,笔试+面试,,,学段：小学；学科：心理健康教育；招聘职位：小学心理健康教育；招聘人数：1,安徽 阜阳颍州区,https://www.xduim.com/zw/jszk,,专业：本科：心理学、应用心理学教育；研究生：基础心理学、发展与教育心理学、应用心理学
2024,教师,2024安徽教师招考,阜阳市清河路第一小学保丰路校区,阜阳市清河路第一小学保丰路校区 小学语文,本科及以上,专业不限,,笔试+面试,,,学段：小学；学科：语文；招聘职位：小学语文；招聘人数：1,安徽 阜阳颍州区,https://www.xduim.com/zw/jszk,,专业：专业不限
2024,教师,2024安徽教师招考,阜阳市清河路第一小学保丰路校区,阜阳市清河路第一小学保丰路校区 小学数学,本科及以上,专业不限,,笔试+面试,,,学段：小学；学科：数学；招聘职位：小学数学；招聘人数：1,安徽 阜阳颍州区,https://www.xduim.com/zw/jszk,,专业：专业不限
2024,教师,2024安徽教师招考,阜阳市清河路第一小学保丰路校区,阜阳市清河路第一小学保丰路校区 小学英语,本科及以上,专业不限,,笔试+面试,,,学段：小学；学科：英语；招聘职位：小学英语；招聘人数：1,安徽 阜阳颍州区,https://www.xduim.com/zw/jszk,,专业：专业不限
2024,教师,2024安徽教师招考,阜阳市清河路第一小学高铁校区,阜阳市清河路第一小学高铁校区 小学语文,本科及以上,专业不限,,笔试+面试,,,学段：小学；学科：语文；招聘职位：小学语文；招聘人数：2,安徽 阜阳颍州区,https://www.xduim.com/zw/jszk,,专业：专业不限
2024,教师,2024安徽教师招考,阜阳市清河路第一小学高铁校区,阜阳市清河路第一小学高铁校区 小学数学,本科及以上,专业不限,,笔试+面试,,,学段：小学；学科：数学；招聘职位：小学数学；招聘人数：1,安徽 阜阳颍州区,https://www.xduim.com/zw/jszk,,专业：专业不限
2024,教师,2024安徽教师招考,阜阳市北城小学,阜阳市北城小学 小学语文,本科及以上,专业不限,,笔试+面试,,,学段：小学；学科：语文；招聘职位：小学语文；招聘人数：5,安徽 阜阳颍州区,https://www.xduim.com/zw/jszk,,专业：专业不限
2024,教师,2024安徽教师招考,阜阳市北城小学,阜阳市北城小学 小学数学,本科及以上,专业不限,,笔试+面试,,,学段：小学；学科：数学；招聘职位：小学数学；招聘人数：4,安徽 阜阳颍州区,https://www.xduim.com/zw/jszk,,专业：专业不限
2024,教师,2024安徽教师招考,阜阳市北城小学,阜阳市北城小学 小学体育,本科及以上,专业不限,,笔试+面试,,,学段：小学；学科：体育；招聘职位：小学体育；招聘人数：1,安徽 阜阳颍州区,https://www.xduim.com/zw/jszk,,专业：专业不限
2024,教师,2024安徽教师招考,阜阳市北城小学,阜阳市北城小学 小学心理健康教育,本科及以上,本科：心理学、应用心理学教育；研究生：基础心理学、发展与教育心理学、应用心理学,,笔试+面试,,,学段：小学；学科：心理健康教育；招聘职位：小学心理健康教育；招聘人数：1,安徽 阜阳颍州区,https://www.xduim.com/zw/jszk,,专业：本科：心理学、应用心理学教育；研究生：基础心理学、发展与教育心理学、应用心理学
2024,教师,2024安徽教师招考,阜阳市颍州区苗桥小学,阜阳市颍州区苗桥小学 小学语文,本科及以上,专业不限,,笔试+面试,,,学段：小学；学科：语文；招聘职位：小学语文；招聘人数：4,安徽 阜阳颍州区,https://www.xduim.com/zw/jszk,,专业：专业不限
2023,教师,2023安徽教师招考,阜阳市第十二中学,阜阳市第十二中学 高中语文,本科及以上,本科：中国语言文学类、汉语言文学教育；硕士研究生及以上专业不限。,,笔试+面试,,,学段：高级中学；学科：语文；招聘职位：高中语文；招聘人数：1,安徽 阜阳颍州区,https://www.xduim.com/zw/jszk,,专业：本科：中国语言文学类、汉语言文学教育；硕士研究生及以上专业不限。
2023,教师,2023安徽教师招考,阜阳市第十二中学,阜阳市第十二中学 高中数学,本科及以上,本科：数学类；硕士研究生及以上专业不限。,,笔试+面试,,,学段：高级中学；学科：数学；招聘职位：高中数学；招聘人数：1,安徽 阜阳颍州区,https://www.xduim.com/zw/jszk,,专业：本科：数学类；硕士研究生及以上专业不限。
2023,教师,2023安徽教师招考,阜阳市红旗中学,阜阳市红旗中学 高中语文,本科及以上,本科：中国语言文学类、汉语言文学教育；硕士研究生及以上专业不限。,,笔试+面试,,,学段：高级中学；学科：语文；招聘职位：高中语文；招聘人数：1,安徽 阜阳颍州区,https://www.xduim.com/zw/jszk,,专业：本科：中国语言文学类、汉语言文学教育；硕士研究生及以上专业不限。
2023,教师,2023安徽教师招考,阜阳市红旗中学,阜阳市红旗中学 高中物理,本科及以上,本科：物理学类、物理教育；硕士研究生及以上专业不限。,,笔试+面试,,,学段：高级中学；学科：物理；招聘职位：高中物理；招聘人数：1,安徽 阜阳颍州区,https://www.xduim.com/zw/jszk,,专业：本科：物理学类、物理教育；硕士研究生及以上专业不限。
2023,教师,2023安徽教师招考,阜阳市红旗中学,阜阳市红旗中学 高中生物,本科及以上,本科：生物科学类、生物教育；硕士研究生及以上专业不限。,,笔试+面试,,,学段：高级中学；学科：生物；招聘职位：高中生物；招聘人数：1,安徽 阜阳颍州区,https://www.xduim.com/zw/jszk,,专业：本科：生物科学类、生物教育；硕士研究生及以上专业不限。
2023,教师,2023安徽教师招考,阜阳市第十八中学,阜阳市第十八中学 初中语文,本科及以上,本科：中国语言文学类、汉语言文学教育；硕士研究生及以上专业不限。,,笔试+面试,,,学段：初级中学；学科：语文；招聘职位：初中语文；招聘人数：1,安徽 阜阳颍州区,https://www.xduim.com/zw/jszk,,专业：本科：中国语言文学类、汉语言文学教育；硕士研究生及以上专业不限。
2023,教师,2023安徽教师招考,阜阳市第十八中学,阜阳市第十八中学 初中数学,本科及以上,本科：数学类；硕士研究生及以上专业不限。,,笔试+面试,,,学段：初级中学；学科：数学；招聘职位：初中数学；招聘人数：1,安徽 阜阳颍州区,https://www.xduim.com/zw/jszk,,专业：本科：数学类；硕士研究生及以上专业不限。
2023,教师,2023安徽教师招考,阜阳市第十八中学,阜阳市第十八中学 初中英语,本科及以上,本科：英语专业、商务英语专业、英语教育专业；硕士研究生及以上专业不限。,,笔试+面试,,,学段：初级中学；学科：英语；招聘职位：初中英语；招聘人数：1,安徽 阜阳颍州区,https://www.xduim.com/zw/jszk,,专业：本科：英语专业、商务英语专业、英语教育专业；硕士研究生及以上专业不限。
2023,教师,2023安徽教师招考,阜阳市第十八中学,阜阳市第十八中学 初中道德与法治,本科及以上,本科：政治学类、马克思主义理论类、政治教育、思想政治教育；硕士研究生及以上专业不限。,,笔试+面试,,,学段：初级中学；学科：道德与法治；招聘职位：初中道德与法治；招聘人数：1,安徽 阜阳颍州区,https://www.xduim.com/zw/jszk,,专业：本科：政治学类、马克思主义理论类、政治教育、思想政治教育；硕士研究生及以上专业不限。
2023,教师,2023安徽教师招考,阜阳市第十八中学,阜阳市第十八中学 初中历史,本科及以上,本科：历史学类、历史教育；硕士研究生及以上专业不限。,,笔试+面试,,,学段：初级中学；学科：历史；招聘职位：初中历史；招聘人数：1,安徽 阜阳颍州区,https://www.xduim.com/zw/jszk,,专业：本科：历史学类、历史教育；硕士研究生及以上专业不限。
2023,教师,2023安徽教师招考,阜阳市第十八中学,阜阳市第十八中学 初中体育,本科及以上,本科：体育学类、体育教育；硕士研究生及以上专业不限。,,笔试+面试,,,学段：初级中学；学科：体育；招聘职位：初中体育；招聘人数：1,安徽 阜阳颍州区,https://www.xduim.com/zw/jszk,,专业：本科：体育学类、体育教育；硕士研究生及以上专业不限。
2023,教师,2023安徽教师招考,阜阳市大田中学,阜阳市大田中学 高中数学,本科及以上,本科：数学类；硕士研究生及以上专业不限。,,笔试+面试,,,学段：高级中学；学科：数学；招聘职位：高中数学；招聘人数：1,安徽 阜阳颍州区,https://www.xduim.com/zw/jszk,,专业：本科：数学类；硕士研究生及以上专业不限。
2023,教师,2023安徽教师招考,阜阳市大田中学,阜阳市大田中学 高中英语,本科及以上,本科：英语专业、商务英语专业、英语教育专业；硕士研究生及以上专业不限。,,笔试+面试,,,学段：高级中学；学科：英语；招聘职位：高中英语；招聘人数：1,安徽 阜阳颍州区,https://www.xduim.com/zw/jszk,,专业：本科：英语专业、商务英语专业、英语教育专业；硕士研究生及以上专业不限。
2023,教师,2023安徽教师招考,阜阳市北城小学祥源校区,阜阳市北城小学祥源校区 小学语文,本科及以上,专业不限,,笔试+面试,,,学段：小学；学科：语文；招聘职位：小学语文；招聘人数：3,安徽 阜阳颍州区,https://www.xduim.com/zw/jszk,,专业：专业不限
2023,教师,2023安徽教师招考,阜阳市北城小学祥源校区,阜阳市北城小学祥源校区 小学数学,本科及以上,专业不限,,笔试+面试,,,学段：小学；学科：数学；招聘职位：小学数学；招聘人数：3,安徽 阜阳颍州区,https://www.xduim.com/zw/jszk,,专业：专业不限
2023,教师,2023安徽教师招考,阜阳市北城小学祥源校区,阜阳市北城小学祥源校区 小学英语,本科及以上,专业不限,,笔试+面试,,,学段：小学；学科：英语；招聘职位：小学英语；招聘人数：1,安徽 阜阳颍州区,https://www.xduim.com/zw/jszk,,专业：专业不限
2023,教师,2023安徽教师招考,阜阳市北城小学翡翠湖校区,阜阳市北城小学翡翠湖校区 小学语文,本科及以上,专业不限,,笔试+面试,,,学段：小学；学科：语文；招聘职位：小学语文；招聘人数：3,安徽 阜阳颍州区,https://www.xduim.com/zw/jszk,,专业：专业不限
2023,教师,2023安徽教师招考,阜阳市北城小学翡翠湖校区,阜阳市北城小学翡翠湖校区 小学数学,本科及以上,专业不限,,笔试+面试,,,学段：小学；学科：数学；招聘职位：小学数学；招聘人数：4,安徽 阜阳颍州区,https://www.xduim.com/zw/jszk,,专业：专业不限
2023,教师,2023安徽教师招考,阜阳市北城小学翡翠湖校区,阜阳市北城小学翡翠湖校区 小学体育,本科及以上,专业不限,,笔试+面试,,,学段：小学；学科：体育；招聘职位：小学体育；招聘人数：1,安徽 阜阳颍州区,https://www.xduim.com/zw/jszk,,专业：专业不限
2023,教师,2023安徽教师招考,阜阳市北城小学府前路校区（语文A岗）,阜阳市北城小学府前路校区（语文A岗） 小学语文,本科及以上,专业不限,,笔试+面试,,,学段：小学；学科：语文；招聘职位：小学语文；招聘人数：2,安徽 阜阳颍州区,https://www.xduim.com/zw/jszk,,专业：专业不限
2023,教师,2023安徽教师招考,阜阳四中,阜阳四中 高中语文,本科及以上,本科：中国语言文学类、汉语言文学教育；硕士研究生及以上专业不限。,,笔试+面试,,,学段：高级中学；学科：语文；招聘职位：高中语文；招聘人数：1,安徽 阜阳颍泉区,https://www.xduim.com/zw/jszk,,专业：本科：中国语言文学类、汉语言文学教育；硕士研究生及以上专业不限。
2023,教师,2023安徽教师招考,阜阳四中,阜阳四中 高中数学,本科及以上,本科：数学类；硕士研究生及以上专业不限。,,笔试+面试,,,学段：高级中学；学科：数学；招聘职位：高中数学；招聘人数：1,安徽 阜阳颍泉区,https://www.xduim.com/zw/jszk,,专业：本科：数学类；硕士研究生及以上专业不限。
2023,教师,2023安徽教师招考,阜阳市第十九中学,阜阳市第十九中学 初中语文,本科及以上,本科：中国语言文学类、汉语言文学教育；硕士研究生及以上专业不限。,,笔试+面试,,,学段：初级中学；学科：语文；招聘职位：初中语文；招聘人数：1,安徽 阜阳颍泉区,https://www.xduim.com/zw/jszk,,专业：本科：中国语言文学类、汉语言文学教育；硕士研究生及以上专业不限。
2023,教师,2023安徽教师招考,阜阳市第十九中学,阜阳市第十九中学 初中数学,本科及以上,本科：数学类；硕士研究生及以上专业不限。,,笔试+面试,,,学段：初级中学；学科：数学；招聘职位：初中数学；招聘人数：1,安徽 阜阳颍泉区,https://www.xduim.com/zw/jszk,,专业：本科：数学类；硕士研究生及以上专业不限。
2023,教师,2023安徽教师招考,阜阳市第十九中学,阜阳市第十九中学 初中英语,本科及以上,本科：英语专业、商务英语专业、英语教育专业；硕士研究生及以上专业不限。,,笔试+面试,,,学段：初级中学；学科：英语；招聘职位：初中英语；招聘人数：1,安徽 阜阳颍泉区,https://www.xduim.com/zw/jszk,,专业：本科：英语专业、商务英语专业、英语教育专业；硕士研究生及以上专业不限。
2023,教师,2023安徽教师招考,阜阳市第十九中学,阜阳市第十九中学 初中道德与法治,本科及以上,本科：政治学类、马克思主义理论类、政治教育、思想政治教育；硕士研究生及以上专业不限。,,笔试+面试,,,学段：初级中学；学科：道德与法治；招聘职位：初中道德与法治；招聘人数：1,安徽 阜阳颍泉区,https://www.xduim.com/zw/jszk,,专业：本科：政治学类、马克思主义理论类、政治教育、思想政治教育；硕士研究生及以上专业不限。
2023,教师,2023安徽教师招考,阜阳市第十九中学,阜阳市第十九中学 初中历史,本科及以上,本科：历史学类、历史教育；硕士研究生及以上专业不限。,,笔试+面试,,,学段：初级中学；学科：历史；招聘职位：初中历史；招聘人数：1,安徽 阜阳颍泉区,https://www.xduim.com/zw/jszk,,专业：本科：历史学类、历史教育；硕士研究生及以上专业不限。
2023,教师,2023安徽教师招考,阜阳市第十九中学,阜阳市第十九中学 初中地理,本科及以上,本科：地理科学类、地理教育；硕士研究生及以上专业不限。,,笔试+面试,,,学段：初级中学；学科：地理；招聘职位：初中地理；招聘人数：1,安徽 阜阳颍泉区,https://www.xduim.com/zw/jszk,,专业：本科：地理科学类、地理教育；硕士研究生及以上专业不限。
2023,教师,2023安徽教师招考,阜阳市颍泉区抱龙初级中学,阜阳市颍泉区抱龙初级中学 初中语文,本科及以上,本科：中国语言文学类、汉语言文学教育；硕士研究生及以上专业不限。,,笔试+面试,,,学段：初级中学；学科：语文；招聘职位：初中语文；招聘人数：1,安徽 阜阳颍泉区,https://www.xduim.com/zw/jszk,,专业：本科：中国语言文学类、汉语言文学教育；硕士研究生及以上专业不限。
2023,教师,2023安徽教师招考,阜阳市颍泉区抱龙初级中学,阜阳市颍泉区抱龙初级中学 初中数学,本科及以上,本科：数学类；硕士研究生及以上专业不限。,,笔试+面试,,,学段：初级中学；学科：数学；招聘职位：初中数学；招聘人数：1,安徽 阜阳颍泉区,https://www.xduim.com/zw/jszk,,专业：本科：数学类；硕士研究生及以上专业不限。
2023,教师,2023安徽教师招考,阜阳市第三十八中学,阜阳市第三十八中学 初中语文,本科及以上,本科：中国语言文学类、汉语言文学教育；硕士研究生及以上专业不限。,,笔试+面试,,,学段：初级中学；学科：语文；招聘职位：初中语文；招聘人数：2,安徽 阜阳颍泉区,https://www.xduim.com/zw/jszk,,专业：本科：中国语言文学类、汉语言文学教育；硕士研究生及以上专业不限。
2023,教师,2023安徽教师招考,阜阳市第三十八中学,阜阳市第三十八中学 初中数学,本科及以上,本科：数学类；硕士研究生及以上专业不限。,,笔试+面试,,,学段：初级中学；学科：数学；招聘职位：初中数学；招聘人数：1,安徽 阜阳颍泉区,https://www.xduim.com/zw/jszk,,专业：本科：数学类；硕士研究生及以上专业不限。
2023,教师,2023安徽教师招考,阜阳市第三十八中学,阜阳市第三十八中学 初中英语,本科及以上,本科：英语专业、商务英语专业、英语教育专业；硕士研究生及以上专业不限。,,笔试+面试,,,学段：初级中学；学科：英语；招聘职位：初中英语；招聘人数：1,安徽 阜阳颍泉区,https://www.xduim.com/zw/jszk,,专业：本科：英语专业、商务英语专业、英语教育专业；硕士研究生及以上专业不限。
2023,教师,2023安徽教师招考,阜阳市第三十八中学,阜阳市第三十八中学 初中物理,本科及以上,本科：物理学类、物理教育；硕士研究生及以上专业不限。,,笔试+面试,,,学段：初级中学；学科：物理；招聘职位：初中物理；招聘人数：1,安徽 阜阳颍泉区,https://www.xduim.com/zw/jszk,,专业：本科：物理学类、物理教育；硕士研究生及以上专业不限。
2023,教师,2023安徽教师招考,阜阳市第三十八中学,阜阳市第三十八中学 初中化学,本科及以上,本科：化学类、化学教育；硕士研究生及以上专业不限。,,笔试+面试,,,学段：初级中学；学科：化学；招聘职位：初中化学；招聘人数：1,安徽 阜阳颍泉区,https://www.xduim.com/zw/jszk,,专业：本科：化学类、化学教育；硕士研究生及以上专业不限。
2023,教师,2023安徽教师招考,阜阳市第三十八中学,阜阳市第三十八中学 初中信息技术,本科及以上,本科：计算机类、信息技术教育；硕士研究生及以上专业不限。,,笔试+面试,,,学段：初级中学；学科：信息技术；招聘职位：初中信息技术；招聘人数：1,安徽 阜阳颍泉区,https://www.xduim.com/zw/jszk,,专业：本科：计算机类、信息技术教育；硕士研究生及以上专业不限。
2023,教师,2023安徽教师招考,阜阳市第九中学,阜阳市第九中学 初中语文,本科及以上,本科：中国语言文学类、汉语言文学教育；硕士研究生及以上专业不限。,,笔试+面试,,,学段：初级中学；学科：语文；招聘职位：初中语文；招聘人数：2,安徽 阜阳颍泉区,https://www.xduim.com/zw/jszk,,专业：本科：中国语言文学类、汉语言文学教育；硕士研究生及以上专业不限。
2023,教师,2023安徽教师招考,阜阳市第九中学,阜阳市第九中学 初中数学,本科及以上,本科：数学类；硕士研究生及以上专业不限。,,笔试+面试,,,学段：初级中学；学科：数学；招聘职位：初中数学；招聘人数：1,安徽 阜阳颍泉区,https://www.xduim.com/zw/jszk,,专业：本科：数学类；硕士研究生及以上专业不限。
2023,教师,2023安徽教师招考,阜阳市第九中学,阜阳市第九中学 初中英语,本科及以上,本科：英语专业、商务英语专业、英语教育专业；硕士研究生及以上专业不限。,,笔试+面试,,,学段：初级中学；学科：英语；招聘职位：初中英语；招聘人数：2,安徽 阜阳颍泉区,https://www.xduim.com/zw/jszk,,专业：本科：英语专业、商务英语专业、英语教育专业；硕士研究生及以上专业不限。
2024,教师,2024安徽教师招考,苏滁教育局,苏滁教育局 小学语文,本科及以上,本科：汉语言文学、汉语言、汉语国际教育、小学教育；研究生：中国语言文学、汉语国际教育、小学教育、学科教学（语文）、课程与教学论（语文方向）,,笔试+面试,,,学段：小学；学科：语文；招聘职位：小学语文；招聘人数：11,安徽 滁州高新区,https://www.xduim.com/zw/jszk,,专业：本科：汉语言文学、汉语言、汉语国际教育、小学教育；研究生：中国语言文学、汉语国际教育、小学教育、学科教学（语文）、课程与教学论（语文方向）
2024,教师,2024安徽教师招考,苏滁教育局,苏滁教育局 小学数学,本科及以上,本科：数学类、统计学类、小学教育；研究生：数学、统计学、小学教育、学科教学（数学）、课程与教学论（数学方向）。,,笔试+面试,,,学段：小学；学科：数学；招聘职位：小学数学；招聘人数：9,安徽 滁州高新区,https://www.xduim.com/zw/jszk,,专业：本科：数学类、统计学类、小学教育；研究生：数学、统计学、小学教育、学科教学（数学）、课程与教学论（数学方向）。
2024,教师,2024安徽教师招考,苏滁教育局,苏滁教育局 小学英语,本科及以上,本科：英语、商务英语、翻译（英语方向）、小学教育；研究生：外国语言文学（英语方向）、翻译（英语方向）、小学教育、学科教学（英语）、课程与教学论（英语方向）,,笔试+面试,,,学段：小学；学科：英语；招聘职位：小学英语；招聘人数：5,安徽 滁州高新区,https://www.xduim.com/zw/jszk,,专业：本科：英语、商务英语、翻译（英语方向）、小学教育；研究生：外国语言文学（英语方向）、翻译（英语方向）、小学教育、学科教学（英语）、课程与教学论（英语方向）
2024,教师,2024安徽教师招考,苏滁教育局,苏滁教育局 小学道德与法治,本科及以上,本科：政治学类、马克思主义理论类、人文教育；研究生：政治学、马克思主义理论、教育学、学科教学（思政）、课程与教学论（思政方向）,,笔试+面试,,,学段：小学；学科：道德与法治；招聘职位：小学道德与法治；招聘人数：1,安徽 滁州高新区,https://www.xduim.com/zw/jszk,,专业：本科：政治学类、马克思主义理论类、人文教育；研究生：政治学、马克思主义理论、教育学、学科教学（思政）、课程与教学论（思政方向）
2024,教师,2024安徽教师招考,苏滁教育局,苏滁教育局 小学音乐,本科及以上,本科：音乐与舞蹈学类、艺术教育；研究生：音乐学、舞蹈学、音乐与舞蹈学、音乐、舞蹈、学科教学（音乐）,,笔试+面试,,,学段：小学；学科：音乐；招聘职位：小学音乐；招聘人数：1,安徽 滁州高新区,https://www.xduim.com/zw/jszk,,专业：本科：音乐与舞蹈学类、艺术教育；研究生：音乐学、舞蹈学、音乐与舞蹈学、音乐、舞蹈、学科教学（音乐）
2024,教师,2024安徽教师招考,苏滁教育局,苏滁教育局 小学美术,本科及以上,本科：美术学类、设计学类、戏剧影视美术设计、动画、艺术教育；研究生：美术学、设计学、设计艺术学、艺术设计、学科教学（美术）,,笔试+面试,,,学段：小学；学科：美术；招聘职位：小学美术；招聘人数：2,安徽 滁州高新区,https://www.xduim.com/zw/jszk,,专业：本科：美术学类、设计学类、戏剧影视美术设计、动画、艺术教育；研究生：美术学、设计学、设计艺术学、艺术设计、学科教学（美术）
2024,教师,2024安徽教师招考,苏滁教育局,苏滁教育局 小学体育,本科及以上,本科：体育学类；研究生：体育学、体育、学科教学(体育),,笔试+面试,,,学段：小学；学科：体育；招聘职位：小学体育；招聘人数：3,安徽 滁州高新区,https://www.xduim.com/zw/jszk,,专业：本科：体育学类；研究生：体育学、体育、学科教学(体育)
2024,教师,2024安徽教师招考,苏滁教育局,苏滁教育局 心理健康教育,本科及以上,本科：心理学类；研究生：心理学、心理健康教育、应用心理,,笔试+面试,,,学段：小学；学科：心理健康；招聘职位：心理健康教育；招聘人数：2,安徽 滁州高新区,https://www.xduim.com/zw/jszk,,专业：本科：心理学类；研究生：心理学、心理健康教育、应用心理
2024,教师,2024安徽教师招考,苏滁教育局,苏滁教育局 小学信息科技,本科及以上,本科：计算机类、教育技术学；研究生：计算机科学与技术、教育技术学、现代教育技术、科学与技术教育、计算机技术、软件工程、人工智能、大数据、网络信息（空间）安全、遥感（智能）科学与技术,,笔试+面试,,,学段：小学；学科：信息科技；招聘职位：小学信息科技；招聘人数：2,安徽 滁州高新区,https://www.xduim.com/zw/jszk,,专业：本科：计算机类、教育技术学；研究生：计算机科学与技术、教育技术学、现代教育技术、科学与技术教育、计算机技术、软件工程、人工智能、大数据、网络信息（空间）安全、遥感（智能）科学与技术
2024,教师,2024安徽教师招考,苏滁教育局,苏滁教育局 小学科学,本科及以上,本科：物理学类、天文学类、化学类、生物科学类、地理科学类、教育学、科学教育、小学教育；研究生：物理学、天文学、化学、生物学、地理学、地质学、教育学、学科教学和课程与教学论上述方向,,笔试+面试,,,学段：小学；学科：科学；招聘职位：小学科学；招聘人数：2,安徽 滁州高新区,https://www.xduim.com/zw/jszk,,专业：本科：物理学类、天文学类、化学类、生物科学类、地理科学类、教育学、科学教育、小学教育；研究生：物理学、天文学、化学、生物学、地理学、地质学、教育学、学科教学和课程与教学论上述方向
2024,教师,2024安徽教师招考,苏滁教育局,苏滁教育局 初中语文,本科及以上,本科：汉语言文学、汉语言、汉语国际教育；研究生：中国语言文学、国际中文教育、学科教学（语文）、课程与教学论（语文方向）,,笔试+面试,,,学段：初级中学；学科：语文；招聘职位：初中语文；招聘人数：2,安徽 滁州高新区,https://www.xduim.com/zw/jszk,,专业：本科：汉语言文学、汉语言、汉语国际教育；研究生：中国语言文学、国际中文教育、学科教学（语文）、课程与教学论（语文方向）
2024,教师,2024安徽教师招考,苏滁教育局,苏滁教育局 初中数学,本科及以上,本科：数学类、统计学类；研究生：数学、统计学、学科教学（数学）、课程与教学论（数学方向）,,笔试+面试,,,学段：初级中学；学科：数学；招聘职位：初中数学；招聘人数：2,安徽 滁州高新区,https://www.xduim.com/zw/jszk,,专业：本科：数学类、统计学类；研究生：数学、统计学、学科教学（数学）、课程与教学论（数学方向）
2024,教师,2024安徽教师招考,苏滁教育局,苏滁教育局 初中英语,本科及以上,本科：英语、商务英语、翻译（英语方向）；研究生：外国语言文学（英语方向）、翻译（英语方向）、学科教学（英语）、课程与教学论（英语方向）,,笔试+面试,,,学段：初级中学；学科：英语；招聘职位：初中英语；招聘人数：2,安徽 滁州高新区,https://www.xduim.com/zw/jszk,,专业：本科：英语、商务英语、翻译（英语方向）；研究生：外国语言文学（英语方向）、翻译（英语方向）、学科教学（英语）、课程与教学论（英语方向）
2024,教师,2024安徽教师招考,苏滁教育局,苏滁教育局 初中道德与法治,本科及以上,本科：政治学类、马克思主义理论类、人文教育；研究生：政治学、马克思主义理论、学科教学（思政）、课程与教学论（思政方向）,,笔试+面试,,,学段：初级中学；学科：道德与法治；招聘职位：初中道德与法治；招聘人数：3,安徽 滁州高新区,https://www.xduim.com/zw/jszk,,专业：本科：政治学类、马克思主义理论类、人文教育；研究生：政治学、马克思主义理论、学科教学（思政）、课程与教学论（思政方向）
2024,教师,2024安徽教师招考,苏滁教育局,苏滁教育局 初中历史,本科及以上,本科：历史学类、人文教育；研究生：历史学、学科教学（历史）、课程与教学论（历史方向）,,笔试+面试,,,学段：初级中学；学科：历史；招聘职位：初中历史；招聘人数：4,安徽 滁州高新区,https://www.xduim.com/zw/jszk,,专业：本科：历史学类、人文教育；研究生：历史学、学科教学（历史）、课程与教学论（历史方向）
2024,教师,2024安徽教师招考,苏滁教育局,苏滁教育局 初中生物,本科及以上,本科：生物科学类、生物工程类、生物医学工程类；研究生：生物学、生物工程、生物医学工程、学科教学（生物）、课程与教学论（生物方向）,,笔试+面试,,,学段：初级中学；学科：生物；招聘职位：初中生物；招聘人数：2,安徽 滁州高新区,https://www.xduim.com/zw/jszk,,专业：本科：生物科学类、生物工程类、生物医学工程类；研究生：生物学、生物工程、生物医学工程、学科教学（生物）、课程与教学论（生物方向）
2024,教师,2024安徽教师招考,苏滁教育局,苏滁教育局 初中地理,本科及以上,本科：地理科学类；研究生：地理学、大气科学、海洋科学、地球物理学、地质学、学科教学（地理）、课程与教学论（地理方向）,,笔试+面试,,,学段：初级中学；学科：地理；招聘职位：初中地理；招聘人数：2,安徽 滁州高新区,https://www.xduim.com/zw/jszk,,专业：本科：地理科学类；研究生：地理学、大气科学、海洋科学、地球物理学、地质学、学科教学（地理）、课程与教学论（地理方向）
2024,教师,2024安徽教师招考,苏滁教育局,苏滁教育局 初中化学,本科及以上,本科：化学类；研究生：化学、学科教学（化学）、课程与教学论（化学方向）,,笔试+面试,,,学段：初级中学；学科：化学；招聘职位：初中化学；招聘人数：2,安徽 滁州高新区,https://www.xduim.com/zw/jszk,,专业：本科：化学类；研究生：化学、学科教学（化学）、课程与教学论（化学方向）
2024,教师,2024安徽教师招考,苏滁教育局,苏滁教育局 初中美术,本科及以上,本科：美术学类、设计学类、戏剧影视美术设计、动画、艺术教育；研究生：美术学、设计学、设计艺术学、艺术设计、学科教学（美术）,,笔试+面试,,,学段：初级中学；学科：美术；招聘职位：初中美术；招聘人数：1,安徽 滁州高新区,https://www.xduim.com/zw/jszk,,专业：本科：美术学类、设计学类、戏剧影视美术设计、动画、艺术教育；研究生：美术学、设计学、设计艺术学、艺术设计、学科教学（美术）
2024,教师,2024安徽教师招考,苏滁教育局,苏滁教育局 初中体育,本科及以上,本科：体育学类；研究生：体育学、体育、学科教学(体育),,笔试+面试,,,学段：初级中学；学科：体育；招聘职位：初中体育；招聘人数：1,安徽 滁州高新区,https://www.xduim.com/zw/jszk,,专业：本科：体育学类；研究生：体育学、体育、学科教学(体育)
2023,教师,2023安徽教师招考,马鞍山第二中学,马鞍山第二中学 高中英语,本科及以上,本科： 英语（ 050201 ）； 硕士研究生及以上： 英语语言文学 （ 050201 ）,,笔试+面试,,,学段：高级中学；学科：英语；招聘职位：高中英语；招聘人数：1,安徽 马鞍山市直,https://www.xduim.com/zw/jszk,,专业：本科： 英语（ 050201 ）； 硕士研究生及以上： 英语语言文学 （ 050201 ）
2023,教师,2023安徽教师招考,马鞍山第二中学,马鞍山第二中学 高中语文,本科及以上,本科： 汉语言文学（ 050101 ）； 硕士研究生及以上: 中国古代文学 （050105） 、 中国现当代文学（050106）,,笔试+面试,,,学段：高级中学；学科：语文；招聘职位：高中语文；招聘人数：1,安徽 马鞍山市直,https://www.xduim.com/zw/jszk,,专业：本科： 汉语言文学（ 050101 ）； 硕士研究生及以上: 中国古代文学 （050105） 、 中国现当代文学（050106）
2023,教师,2023安徽教师招考,马鞍山第二中学,马鞍山第二中学 高中音乐,本科及以上,本科： 音乐表演（ 130201 ）、音乐学 （130202） 、舞蹈学（130205）； 硕士研究生及以上： 音乐学（050402）、 舞蹈学（050408）,,笔试+面试,,,学段：高级中学；学科：音乐；招聘职位：高中音乐；招聘人数：1,安徽 马鞍山市直,https://www.xduim.com/zw/jszk,,专业：本科： 音乐表演（ 130201 ）、音乐学 （130202） 、舞蹈学（130205）； 硕士研究生及以上： 音乐学（050402）、 舞蹈学（050408）
2023,教师,2023安徽教师招考,马鞍山市红星中学,马鞍山市红星中学 高中英语,本科及以上,本科： 英语（ 050201 ）； 硕士研究生及以上： 英语语言文学 （ 050201 ）,,笔试+面试,,,学段：高级中学；学科：英语；招聘职位：高中英语；招聘人数：1,安徽 马鞍山市直,https://www.xduim.com/zw/jszk,,专业：本科： 英语（ 050201 ）； 硕士研究生及以上： 英语语言文学 （ 050201 ）
2023,教师,2023安徽教师招考,马鞍山市红星中学,马鞍山市红星中学 高中物理,本科及以上,本科： 物理学（ 070201 ）； 硕士研究生及以上： 专业不限,,笔试+面试,,,学段：高级中学；学科：物理；招聘职位：高中物理；招聘人数：1,安徽 马鞍山市直,https://www.xduim.com/zw/jszk,,专业：本科： 物理学（ 070201 ）； 硕士研究生及以上： 专业不限
2023,教师,2023安徽教师招考,马鞍山市红星中学,马鞍山市红星中学 高中生物,本科及以上,本科： 生物科学（ 071001 ）； 硕士研究生及以上： 专业不限,,笔试+面试,,,学段：高级中学；学科：生物；招聘职位：高中生物；招聘人数：1,安徽 马鞍山市直,https://www.xduim.com/zw/jszk,,专业：本科： 生物科学（ 071001 ）； 硕士研究生及以上： 专业不限
2023,教师,2023安徽教师招考,安工大附中,安工大附中 高中语文,本科及以上,本科： 汉语言文学（ 050101 ）、汉语言 （050102）； 硕士研究生及以上： 汉语言文字学 （050103）,,笔试+面试,,,学段：高级中学；学科：语文；招聘职位：高中语文；招聘人数：1,安徽 马鞍山市直,https://www.xduim.com/zw/jszk,,专业：本科： 汉语言文学（ 050101 ）、汉语言 （050102）； 硕士研究生及以上： 汉语言文字学 （050103）
2023,教师,2023安徽教师招考,安工大附中,安工大附中 高中英语,本科及以上,本科： 英语（ 050201 ）； 硕士研究生及以上： 英语语言文学 （ 050201 ）,,笔试+面试,,,学段：高级中学；学科：英语；招聘职位：高中英语；招聘人数：1,安徽 马鞍山市直,https://www.xduim.com/zw/jszk,,专业：本科： 英语（ 050201 ）； 硕士研究生及以上： 英语语言文学 （ 050201 ）
2023,教师,2023安徽教师招考,安工大附中,安工大附中 高中物理,本科及以上,本科： 物理学（ 070201 ）； 硕士研究生及以上： 物理学(0702),,笔试+面试,,,学段：高级中学；学科：物理；招聘职位：高中物理；招聘人数：1,安徽 马鞍山市直,https://www.xduim.com/zw/jszk,,专业：本科： 物理学（ 070201 ）； 硕士研究生及以上： 物理学(0702)
2023,教师,2023安徽教师招考,马鞍山市二十二中,马鞍山市二十二中 高中数学,本科及以上,本科： 数学与应用数学（ 070101 ）； 硕士研究生及以上:数学（ 0701 ）,,笔试+面试,,,学段：高级中学；学科：数学；招聘职位：高中数学；招聘人数：1,安徽 马鞍山市直,https://www.xduim.com/zw/jszk,,专业：本科： 数学与应用数学（ 070101 ）； 硕士研究生及以上:数学（ 0701 ）
2023,教师,2023安徽教师招考,马鞍山市二十二中,马鞍山市二十二中 高中物理,本科及以上,本科： 物理学（ 070201 ）； 硕士研究生及以上： 物理学(0702),,笔试+面试,,,学段：高级中学；学科：物理；招聘职位：高中物理；招聘人数：1,安徽 马鞍山市直,https://www.xduim.com/zw/jszk,,专业：本科： 物理学（ 070201 ）； 硕士研究生及以上： 物理学(0702)
2023,教师,2023安徽教师招考,马鞍山市二十二中,马鞍山市二十二中 高中语文,本科及以上,本科： 汉语言文学（ 050101 ）、汉语言 （050102）； 硕士研究生及以上： 汉语言文字学 （050103）,,笔试+面试,,,学段：高级中学；学科：语文；招聘职位：高中语文；招聘人数：1,安徽 马鞍山市直,https://www.xduim.com/zw/jszk,,专业：本科： 汉语言文学（ 050101 ）、汉语言 （050102）； 硕士研究生及以上： 汉语言文字学 （050103）
2023,教师,2023安徽教师招考,马鞍山市二十二中,马鞍山市二十二中 高中英语,本科及以上,本科： 英语（ 050201 ）； 硕士研究生及以上： 英语语言文学 （ 050201 ）,,笔试+面试,,,学段：高级中学；学科：英语；招聘职位：高中英语；招聘人数：1,安徽 马鞍山市直,https://www.xduim.com/zw/jszk,,专业：本科： 英语（ 050201 ）； 硕士研究生及以上： 英语语言文学 （ 050201 ）
2023,教师,2023安徽教师招考,马鞍山市二十二中,马鞍山市二十二中 高中生物,本科及以上,本科： 生物科学（ 071001 ）、生物技术 （071002）； 硕士研究生及以上： 生物学（0710）,,笔试+面试,,,学段：高级中学；学科：生物；招聘职位：高中生物；招聘人数：1,安徽 马鞍山市直,https://www.xduim.com/zw/jszk,,专业：本科： 生物科学（ 071001 ）、生物技术 （071002）； 硕士研究生及以上： 生物学（0710）
2023,教师,2023安徽教师招考,马鞍山市外国语学校,马鞍山市外国语学校 高中地理,本科及以上,本科：地理科学（ 070501 ）； 硕士研究生及以上： 专业不限,,笔试+面试,,,学段：高级中学；学科：地理；招聘职位：高中地理；招聘人数：1,安徽 马鞍山市直,https://www.xduim.com/zw/jszk,,专业：本科：地理科学（ 070501 ）； 硕士研究生及以上： 专业不限
2023,教师,2023安徽教师招考,马鞍山市外国语学校,马鞍山市外国语学校 高中生物,本科及以上,本科： 生物科学（ 071001 ）； 硕士研究生及以上： 专业不限,,笔试+面试,,,学段：高级中学；学科：生物；招聘职位：高中生物；招聘人数：1,安徽 马鞍山市直,https://www.xduim.com/zw/jszk,,专业：本科： 生物科学（ 071001 ）； 硕士研究生及以上： 专业不限
2023,教师,2023安徽教师招考,马鞍山理工学校,马鞍山理工学校 中职语文,本科及以上,本科： 汉语言文学专业（ 050101 ）； 硕士研究生及以上： 汉语言文字学 （050103）,,笔试+面试,,,学段：中职；学科：语文；招聘职位：中职语文；招聘人数：1,安徽 马鞍山市直,https://www.xduim.com/zw/jszk,,专业：本科： 汉语言文学专业（ 050101 ）； 硕士研究生及以上： 汉语言文字学 （050103）
2023,教师,2023安徽教师招考,马鞍山理工学校,马鞍山理工学校 中职数学,本科及以上,本科： 数学与应用数学（ 070101 ）； 硕士研究生及以上： 数学（ 0701 ）,,笔试+面试,,,学段：中职；学科：数学；招聘职位：中职数学；招聘人数：2,安徽 马鞍山市直,https://www.xduim.com/zw/jszk,,专业：本科： 数学与应用数学（ 070101 ）； 硕士研究生及以上： 数学（ 0701 ）
2023,教师,2023安徽教师招考,马鞍山工业学校,马鞍山工业学校 中职语文,本科及以上,本科： 汉语言文学（ 050101 ）、汉语言 （050102）； 硕士研究生及以上： 中国语言文学 （ 0501 ）,,笔试+面试,,,学段：中职；学科：语文；招聘职位：中职语文；招聘人数：1,安徽 马鞍山市直,https://www.xduim.com/zw/jszk,,专业：本科： 汉语言文学（ 050101 ）、汉语言 （050102）； 硕士研究生及以上： 中国语言文学 （ 0501 ）
2023,教师,2023安徽教师招考,马鞍山工业学校,马鞍山工业学校 中职历史,本科及以上,本科： 历史学（ 060101 ）； 硕士研究生及以上： 历史学（ 0601 ）,,笔试+面试,,,学段：中职；学科：历史；招聘职位：中职历史；招聘人数：1,安徽 马鞍山市直,https://www.xduim.com/zw/jszk,,专业：本科： 历史学（ 060101 ）； 硕士研究生及以上： 历史学（ 0601 ）
2023,教师,2023安徽教师招考,合肥高新技术产业开发区社会事业局区属学校,60101 合肥高新技术产业开发区社会事业局区属学校 小学语文A组,本科及以上,本科：中国语言文学类（0501）、哲学类（0101）、法学类（0301）、教育学类（0401）； 硕士研究生：专业不限,,笔试+面试,,,学段：小学；学科：小学语文(小学)；招聘职位：小学语文A组；招聘人数：3,安徽 合肥高新区,https://www.xduim.com/zw/jszk,,专业：本科：中国语言文学类（0501）、哲学类（0101）、法学类（0301）、教育学类（0401）； 硕士研究生：专业不限
2023,教师,2023安徽教师招考,合肥高新技术产业开发区社会事业局区属学校,60102 合肥高新技术产业开发区社会事业局区属学校 小学语文B组,本科及以上,本科：中国语言文学类（0501）、哲学类（0101）、法学类（0301）、教育学类（0401）； 硕士研究生：专业不限,,笔试+面试,,,学段：小学；学科：小学语文(小学)；招聘职位：小学语文B组；招聘人数：3,安徽 合肥高新区,https://www.xduim.com/zw/jszk,,专业：本科：中国语言文学类（0501）、哲学类（0101）、法学类（0301）、教育学类（0401）； 硕士研究生：专业不限
2023,教师,2023安徽教师招考,合肥高新技术产业开发区社会事业局区属学校,60103 合肥高新技术产业开发区社会事业局区属学校 小学语文C组,本科及以上,本科：中国语言文学类（0501）、哲学类（0101）、法学类（0301）、教育学类（0401）； 硕士研究生：专业不限,,笔试+面试,,,学段：小学；学科：小学语文(小学)；招聘职位：小学语文C组；招聘人数：7,安徽 合肥高新区,https://www.xduim.com/zw/jszk,,专业：本科：中国语言文学类（0501）、哲学类（0101）、法学类（0301）、教育学类（0401）； 硕士研究生：专业不限
2023,教师,2023安徽教师招考,合肥高新技术产业开发区社会事业局区属学校,60104 合肥高新技术产业开发区社会事业局区属学校 小学语文D组,本科及以上,本科：中国语言文学类（0501）、哲学类（0101）、法学类（0301）、教育学类（0401）； 硕士研究生：专业不限,,笔试+面试,,,学段：小学；学科：小学语文(小学)；招聘职位：小学语文D组；招聘人数：7,安徽 合肥高新区,https://www.xduim.com/zw/jszk,,专业：本科：中国语言文学类（0501）、哲学类（0101）、法学类（0301）、教育学类（0401）； 硕士研究生：专业不限
2023,教师,2023安徽教师招考,合肥高新技术产业开发区社会事业局区属学校,60105 合肥高新技术产业开发区社会事业局区属学校 小学数学A组,本科及以上,本科：理学（07）、工学（08）、经济学（02）； 硕士研究生：专业不限,,笔试+面试,,,学段：小学；学科：小学数学（小学）；招聘职位：小学数学A组；招聘人数：9,安徽 合肥高新区,https://www.xduim.com/zw/jszk,,专业：本科：理学（07）、工学（08）、经济学（02）； 硕士研究生：专业不限
2023,教师,2023安徽教师招考,合肥高新技术产业开发区社会事业局区属学校,60106 合肥高新技术产业开发区社会事业局区属学校 小学数学B组,本科及以上,本科：理学（07）、工学（08）、经济学（02）； 硕士研究生：专业不限,,笔试+面试,,,学段：小学；学科：小学数学（小学）；招聘职位：小学数学B组；招聘人数：8,安徽 合肥高新区,https://www.xduim.com/zw/jszk,,专业：本科：理学（07）、工学（08）、经济学（02）； 硕士研究生：专业不限
2023,教师,2023安徽教师招考,合肥高新技术产业开发区社会事业局区属学校,60107 合肥高新技术产业开发区社会事业局区属学校 小学英语,本科及以上,本科：外国语言文学类（0502） 硕士研究生：外国语言文学类（0502）,,笔试+面试,,,学段：小学；学科：小学英语（小学）；招聘职位：小学英语；招聘人数：5,安徽 合肥高新区,https://www.xduim.com/zw/jszk,,专业：本科：外国语言文学类（0502） 硕士研究生：外国语言文学类（0502）
2023,教师,2023安徽教师招考,蚌埠第三实验学校,2303001 蚌埠第三实验学校,本科及以上,专业不限,,笔试+面试,,,学段：小学；学科：语文；招聘人数：1,安徽 蚌埠高新区,https://www.xduim.com/zw/jszk,,专业：专业不限
2023,教师,2023安徽教师招考,蚌埠第三实验学校,2303002 蚌埠第三实验学校,本科及以上,专业不限,,笔试+面试,,,学段：小学；学科：数学；招聘人数：1,安徽 蚌埠高新区,https://www.xduim.com/zw/jszk,,专业：专业不限
2023,教师,2023安徽教师招考,蚌埠第三实验学校,2303003 蚌埠第三实验学校,本科及以上,专业不限,,笔试+面试,,,学段：初级中学；学科：物理；招聘人数：2,安徽 蚌埠高新区,https://www.xduim.com/zw/jszk,,专业：专业不限
2023,教师,2023安徽教师招考,蚌埠第三实验学校,2303004 蚌埠第三实验学校,本科及以上,专业不限,,笔试+面试,,,学段：初级中学；学科：道德与法治；招聘人数：1,安徽 蚌埠高新区,https://www.xduim.com/zw/jszk,,专业：专业不限
2023,教师,2023安徽教师招考,蚌埠第三实验学校,2303005 蚌埠第三实验学校,本科及以上,专业不限,,笔试+面试,,,学段：初级中学；学科：语文；招聘人数：1,安徽 蚌埠高新区,https://www.xduim.com/zw/jszk,,专业：专业不限
2023,教师,2023安徽教师招考,蚌埠高新实验学校,2303006 蚌埠高新实验学校,本科及以上,专业不限,,笔试+面试,,,学段：小学；学科：语文（一）；招聘人数：1,安徽 蚌埠高新区,https://www.xduim.com/zw/jszk,,专业：专业不限
2023,教师,2023安徽教师招考,蚌埠高新实验学校,2303007 蚌埠高新实验学校,本科及以上,专业不限,,笔试+面试,,,学段：小学；学科：语文（二）；招聘人数：1,安徽 蚌埠高新区,https://www.xduim.com/zw/jszk,,专业：专业不限
2023,教师,2023安徽教师招考,蚌埠高新实验学校,2303008 蚌埠高新实验学校,本科及以上,专业不限,,笔试+面试,,,学段：小学；学科：数学；招聘人数：1,安徽 蚌埠高新区,https://www.xduim.com/zw/jszk,,专业：专业不限
2023,教师,2023安徽教师招考,蚌埠高新实验学校,2303009 蚌埠高新实验学校,本科及以上,专业不限,,笔试+面试,,,学段：小学；学科：英语；招聘人数：1,安徽 蚌埠高新区,https://www.xduim.com/zw/jszk,,专业：专业不限
2023,教师,2023安徽教师招考,蚌埠高新实验学校,2303010 蚌埠高新实验学校,本科及以上,专业不限,,笔试+面试,,,学段：小学；学科：体育；招聘人数：1,安徽 蚌埠高新区,https://www.xduim.com/zw/jszk,,专业：专业不限
2023,教师,2023安徽教师招考,蚌埠高新实验学校,2303011 蚌埠高新实验学校,本科及以上,专业不限,,笔试+面试,,,学段：小学；学科：美术；招聘人数：1,安徽 蚌埠高新区,https://www.xduim.com/zw/jszk,,专业：专业不限
2023,教师,2023安徽教师招考,蚌埠高新实验学校,2303012 蚌埠高新实验学校,本科及以上,专业不限,,笔试+面试,,,学段：小学；学科：道德与法治；招聘人数：1,安徽 蚌埠高新区,https://www.xduim.com/zw/jszk,,专业：专业不限
2023,教师,2023安徽教师招考,蚌埠高新实验学校,2303013 蚌埠高新实验学校,本科及以上,专业不限,,笔试+面试,,,学段：初级中学；学科：语文；招聘人数：1,安徽 蚌埠高新区,https://www.xduim.com/zw/jszk,,专业：专业不限
2023,教师,2023安徽教师招考,芜湖市翰文学校星辰分校,芜湖市翰文学校星辰分校 初中语文,本科及以上,中国语言文学类,,笔试+面试,,,学段：初级中学；学科：语文；招聘职位：初中语文；招聘人数：1,安徽 芜湖鸠江区,https://www.xduim.com/zw/jszk,,专业：中国语言文学类
2023,教师,2023安徽教师招考,芜湖市翰文学校星辰分校,芜湖市翰文学校星辰分校 小学语文,本科及以上,中国语言文学类；小学教育专业,,笔试+面试,,,学段：小学；学科：语文；招聘职位：小学语文；招聘人数：1,安徽 芜湖鸠江区,https://www.xduim.com/zw/jszk,,专业：中国语言文学类；小学教育专业
2023,教师,2023安徽教师招考,芜湖市育文学校,芜湖市育文学校 小学语文,本科及以上,中国语言文学类；小学教育专业,,笔试+面试,,,学段：小学；学科：语文；招聘职位：小学语文；招聘人数：1,安徽 芜湖鸠江区,https://www.xduim.com/zw/jszk,,专业：中国语言文学类；小学教育专业
2023,教师,2023安徽教师招考,芜湖市育文学校,芜湖市育文学校 初中语文,本科及以上,中国语言文学类,,笔试+面试,,,学段：初级中学；学科：语文；招聘职位：初中语文；招聘人数：1,安徽 芜湖鸠江区,https://www.xduim.com/zw/jszk,,专业：中国语言文学类
2023,教师,2023安徽教师招考,芜湖市育文学校,芜湖市育文学校 初中物理,本科及以上,物理学类,,笔试+面试,,,学段：初级中学；学科：物理；招聘职位：初中物理；招聘人数：1,安徽 芜湖鸠江区,https://www.xduim.com/zw/jszk,,专业：物理学类
2023,教师,2023安徽教师招考,芜湖市凤鸣实验小学,芜湖市凤鸣实验小学 小学数学,本科及以上,数学类；小学教育专业,,笔试+面试,,,学段：小学；学科：数学；招聘职位：小学数学；招聘人数：1,安徽 芜湖鸠江区,https://www.xduim.com/zw/jszk,,专业：数学类；小学教育专业
2023,教师,2023安徽教师招考,芜湖市清水小学,芜湖市清水小学 小学语文,本科及以上,中国语言文学类；小学教育专业,,笔试+面试,,,学段：小学；学科：语文；招聘职位：小学语文；招聘人数：2,安徽 芜湖鸠江区,https://www.xduim.com/zw/jszk,,专业：中国语言文学类；小学教育专业
2023,教师,2023安徽教师招考,芜湖市清水小学,芜湖市清水小学 小学数学,本科及以上,数学类；小学教育专业,,笔试+面试,,,学段：小学；学科：数学；招聘职位：小学数学；招聘人数：2,安徽 芜湖鸠江区,https://www.xduim.com/zw/jszk,,专业：数学类；小学教育专业
2023,教师,2023安徽教师招考,芜湖市鸠兹小学 （安师大附外教育集团）,芜湖市鸠兹小学 （安师大附外教育集团） 小学语文,本科及以上,中国语言文学类；小学教育专业,,笔试+面试,,,学段：小学；学科：语文；招聘职位：小学语文；招聘人数：4,安徽 芜湖鸠江区,https://www.xduim.com/zw/jszk,,专业：中国语言文学类；小学教育专业
2023,教师,2023安徽教师招考,芜湖市鸠兹小学 （安师大附外教育集团）,芜湖市鸠兹小学 （安师大附外教育集团） 小学数学,本科及以上,数学类；小学教育专业,,笔试+面试,,,学段：小学；学科：数学；招聘职位：小学数学；招聘人数：3,安徽 芜湖鸠江区,https://www.xduim.com/zw/jszk,,专业：数学类；小学教育专业
2023,教师,2023安徽教师招考,芜湖市皖江小学 （芜湖一中教育集团）,芜湖市皖江小学 （芜湖一中教育集团） 小学语文,本科及以上,中国语言文学类；小学教育专业,,笔试+面试,,,学段：小学；学科：语文；招聘职位：小学语文；招聘人数：6,安徽 芜湖鸠江区,https://www.xduim.com/zw/jszk,,专业：中国语言文学类；小学教育专业
2023,教师,2023安徽教师招考,芜湖市皖江小学 （芜湖一中教育集团）,芜湖市皖江小学 （芜湖一中教育集团） 小学数学,本科及以上,数学类；小学教育专业,,笔试+面试,,,学段：小学；学科：数学；招聘职位：小学数学；招聘人数：6,安徽 芜湖鸠江区,https://www.xduim.com/zw/jszk,,专业：数学类；小学教育专业
2023,教师,2023安徽教师招考,芜湖市大阳垾小学 （安师大教育集团）,芜湖市大阳垾小学 （安师大教育集团） 小学语文,本科及以上,中国语言文学类；小学教育专业,,笔试+面试,,,学段：小学；学科：语文；招聘职位：小学语文；招聘人数：5,安徽 芜湖鸠江区,https://www.xduim.com/zw/jszk,,专业：中国语言文学类；小学教育专业
2023,教师,2023安徽教师招考,芜湖市大阳垾小学 （安师大教育集团）,芜湖市大阳垾小学 （安师大教育集团） 小学数学,本科及以上,数学类；小学教育专业,,笔试+面试,,,学段：小学；学科：数学；招聘职位：小学数学；招聘人数：3,安徽 芜湖鸠江区,https://www.xduim.com/zw/jszk,,专业：数学类；小学教育专业
2023,教师,2023安徽教师招考,芜湖市鸠兹中学 （安师大附外教育集团）,芜湖市鸠兹中学 （安师大附外教育集团） 初中物理,本科及以上,物理学类,,笔试+面试,,,学段：初级中学；学科：物理；招聘职位：初中物理；招聘人数：1,安徽 芜湖鸠江区,https://www.xduim.com/zw/jszk,,专业：物理学类
2023,教师,2023安徽教师招考,芜湖市崇文学校 （安师大教育集团）,芜湖市崇文学校 （安师大教育集团） 初中物理,本科及以上,物理学类,,笔试+面试,,,学段：初级中学；学科：物理；招聘职位：初中物理；招聘人数：1,安徽 芜湖鸠江区,https://www.xduim.com/zw/jszk,,专业：物理学类
2023,教师,2023安徽教师招考,芜湖市崇文学校 （安师大教育集团）,芜湖市崇文学校 （安师大教育集团） 小学语文,本科及以上,中国语言文学类；小学教育专业,,笔试+面试,,,学段：小学；学科：语文；招聘职位：小学语文；招聘人数：2,安徽 芜湖鸠江区,https://www.xduim.com/zw/jszk,,专业：中国语言文学类；小学教育专业
2023,教师,2023安徽教师招考,芜湖市崇文学校 （安师大教育集团）,芜湖市崇文学校 （安师大教育集团） 小学数学,本科及以上,数学类；小学教育专业,,笔试+面试,,,学段：小学；学科：数学；招聘职位：小学数学；招聘人数：1,安徽 芜湖鸠江区,https://www.xduim.com/zw/jszk,,专业：数学类；小学教育专业
2023,教师,2023安徽教师招考,芜湖市滨江中学,芜湖市滨江中学 初中语文,本科及以上,中国语言文学类,,笔试+面试,,,学段：初级中学；学科：语文；招聘职位：初中语文；招聘人数：1,安徽 芜湖鸠江区,https://www.xduim.com/zw/jszk,,专业：中国语言文学类
2023,教师,2023安徽教师招考,芜湖市滨江中学,芜湖市滨江中学 初中数学,本科及以上,数学类,,笔试+面试,,,学段：初级中学；学科：数学；招聘职位：初中数学；招聘人数：1,安徽 芜湖鸠江区,https://www.xduim.com/zw/jszk,,专业：数学类
2024,教师,2024安徽教师招考,芜湖市新华联地块规划中学（暂定名）,芜湖市新华联地块规划中学（暂定名） 初中道德与法治,本科及以上,政治学类；思想政治教育专业,,笔试+面试,,,学段：初级中学；学科：道德与法治；招聘职位：初中道德与法治；招聘人数：1,安徽 芜湖鸠江区,https://www.xduim.com/zw/jszk,,专业：政治学类；思想政治教育专业
2024,教师,2024安徽教师招考,芜湖市新华联地块规划中学（暂定名）,芜湖市新华联地块规划中学（暂定名） 初中历史,本科及以上,历史学类,,笔试+面试,,,学段：初级中学；学科：历史；招聘职位：初中历史；招聘人数：1,安徽 芜湖鸠江区,https://www.xduim.com/zw/jszk,,专业：历史学类
2024,教师,2024安徽教师招考,芜湖市新华联地块规划中学（暂定名）,芜湖市新华联地块规划中学（暂定名） 初中地理,本科及以上,地理科学类,,笔试+面试,,,学段：初级中学；学科：地理；招聘职位：初中地理；招聘人数：1,安徽 芜湖鸠江区,https://www.xduim.com/zw/jszk,,专业：地理科学类
2024,教师,2024安徽教师招考,芜湖市新华联地块规划中学（暂定名）,芜湖市新华联地块规划中学（暂定名） 初中生物学,本科及以上,生物科学类,,笔试+面试,,,学段：初级中学；学科：生物学；招聘职位：初中生物学；招聘人数：1,安徽 芜湖鸠江区,https://www.xduim.com/zw/jszk,,专业：生物科学类
2024,教师,2024安徽教师招考,芜湖市新华联地块规划中学（暂定名）,芜湖市新华联地块规划中学（暂定名） 初中语文,本科及以上,中国语言文学类,,笔试+面试,,,学段：初级中学；学科：语文；招聘职位：初中语文；招聘人数：2,安徽 芜湖鸠江区,https://www.xduim.com/zw/jszk,,专业：中国语言文学类
2024,教师,2024安徽教师招考,芜湖市鸠江区教育局,芜湖市鸠江区教育局 初中数学,本科及以上,数学类,,笔试+面试,,,学段：初级中学；学科：数学；招聘职位：初中数学；招聘人数：3,安徽 芜湖鸠江区,https://www.xduim.com/zw/jszk,,专业：数学类
2024,教师,2024安徽教师招考,芜湖市鸠江区教育局,芜湖市鸠江区教育局 初中英语,本科及以上,英语专业,,笔试+面试,,,学段：初级中学；学科：英语；招聘职位：初中英语；招聘人数：2,安徽 芜湖鸠江区,https://www.xduim.com/zw/jszk,,专业：英语专业
2024,教师,2024安徽教师招考,芜湖市鸠江区教育局,芜湖市鸠江区教育局 初中化学,本科及以上,化学类,,笔试+面试,,,学段：初级中学；学科：化学；招聘职位：初中化学；招聘人数：2,安徽 芜湖鸠江区,https://www.xduim.com/zw/jszk,,专业：化学类
2024,教师,2024安徽教师招考,芜湖市鸠江区教育局,芜湖市鸠江区教育局 初中体育与健康,本科及以上,体育学类,,笔试+面试,,,学段：初级中学；学科：体育与健康；招聘职位：初中体育与健康；招聘人数：2,安徽 芜湖鸠江区,https://www.xduim.com/zw/jszk,,专业：体育学类
2024,教师,2024安徽教师招考,芜湖市鸠江区教育局,芜湖市鸠江区教育局 小学语文甲组,本科及以上,中国语言文学类；小学教育专业,,笔试+面试,,,学段：小学；学科：语文；招聘职位：小学语文甲组；招聘人数：10,安徽 芜湖鸠江区,https://www.xduim.com/zw/jszk,,专业：中国语言文学类；小学教育专业
2024,教师,2024安徽教师招考,芜湖市鸠江区教育局,芜湖市鸠江区教育局 小学语文 乙组,本科及以上,中国语言文学类；小学教育专业,,笔试+面试,,,学段：小学；学科：语文；招聘职位：小学语文 乙组；招聘人数：10,安徽 芜湖鸠江区,https://www.xduim.com/zw/jszk,,专业：中国语言文学类；小学教育专业
2024,教师,2024安徽教师招考,芜湖市鸠江区教育局,芜湖市鸠江区教育局 小学数学甲组,本科及以上,数学类；小学教育专业,,笔试+面试,,,学段：小学；学科：数学；招聘职位：小学数学甲组；招聘人数：6,安徽 芜湖鸠江区,https://www.xduim.com/zw/jszk,,专业：数学类；小学教育专业
2024,教师,2024安徽教师招考,芜湖市鸠江区教育局,芜湖市鸠江区教育局 小学数学乙组,本科及以上,数学类；小学教育专业,,笔试+面试,,,学段：小学；学科：数学；招聘职位：小学数学乙组；招聘人数：6,安徽 芜湖鸠江区,https://www.xduim.com/zw/jszk,,专业：数学类；小学教育专业
2024,教师,2024安徽教师招考,芜湖市鸠江区教育局,芜湖市鸠江区教育局 小学英语,本科及以上,英语专业、小学教育专业,,笔试+面试,,,学段：小学；学科：英语；招聘职位：小学英语；招聘人数：2,安徽 芜湖鸠江区,https://www.xduim.com/zw/jszk,,专业：英语专业、小学教育专业
2024,教师,2024安徽教师招考,芜湖市鸠江区教育局,芜湖市鸠江区教育局 小学体育与健康,本科及以上,体育学类；小学教育专业,,笔试+面试,,,学段：小学；学科：体育与健康；招聘职位：小学体育与健康；招聘人数：4,安徽 芜湖鸠江区,https://www.xduim.com/zw/jszk,,专业：体育学类；小学教育专业
2024,教师,2024安徽教师招考,芜湖市鸠江区教育局,芜湖市鸠江区教育局 小学音乐,本科及以上,音乐与舞蹈学类；小学教育专业,,笔试+面试,,,学段：小学；学科：音乐；招聘职位：小学音乐；招聘人数：2,安徽 芜湖鸠江区,https://www.xduim.com/zw/jszk,,专业：音乐与舞蹈学类；小学教育专业
2024,教师,2024安徽教师招考,芜湖市鸠江区教育局,芜湖市鸠江区教育局 小学美术,本科及以上,美术学类；小学教育专业,,笔试+面试,,,学段：小学；学科：美术；招聘职位：小学美术；招聘人数：2,安徽 芜湖鸠江区,https://www.xduim.com/zw/jszk,,专业：美术学类；小学教育专业
2024,教师,2024安徽教师招考,芜湖市鸠江区教育局,芜湖市鸠江区教育局 小学信息技术,本科及以上,计算机类；教育技术学专业、小学教育专业,,笔试+面试,,,学段：小学；学科：信息技术；招聘职位：小学信息技术；招聘人数：3,安徽 芜湖鸠江区,https://www.xduim.com/zw/jszk,,专业：计算机类；教育技术学专业、小学教育专业
2024,教师,2024安徽教师招考,芜湖市西湾中学,芜湖市西湾中学 初中语文,本科及以上,中国语言文学类,,笔试+面试,,,学段：初级中学；学科：语文；招聘职位：初中语文；招聘人数：1,安徽 芜湖鸠江区,https://www.xduim.com/zw/jszk,,专业：中国语言文学类
2024,教师,2024安徽教师招考,芜湖市西湾小学,芜湖市西湾小学 小学语文,本科及以上,中国语言文学类；小学教育专业,,笔试+面试,,,学段：小学；学科：语文；招聘职位：小学语文；招聘人数：1,安徽 芜湖鸠江区,https://www.xduim.com/zw/jszk,,专业：中国语言文学类；小学教育专业
2023,教师,2023安徽教师招考,黄山市黄山第一中学,341003001 黄山市黄山第一中学 高中物理,本科及以上,本科：物理学专业、应用物理学专业 研究生：物理学（一级学科）、学科教学（物理）,,笔试+面试,,,招聘职位：高中物理；招聘人数：1,安徽 黄山黄山区,https://www.xduim.com/zw/jszk,,专业：本科：物理学专业、应用物理学专业 研究生：物理学（一级学科）、学科教学（物理）
2023,教师,2023安徽教师招考,黄山市黄山第一中学,341003002 黄山市黄山第一中学 高中数学,本科及以上,本科：数学类 研究生：数学（一级学科）、学科教学（数学）,,笔试+面试,,,招聘职位：高中数学；招聘人数：2,安徽 黄山黄山区,https://www.xduim.com/zw/jszk,,专业：本科：数学类 研究生：数学（一级学科）、学科教学（数学）
2023,教师,2023安徽教师招考,黄山市黄山第一中学,341003003 黄山市黄山第一中学 高中化学,本科及以上,本科：化学专业、应用化学专业、化学生物学专业 研究生：化学（一级学科）、学科教学（化学）,,笔试+面试,,,招聘职位：高中化学；招聘人数：1,安徽 黄山黄山区,https://www.xduim.com/zw/jszk,,专业：本科：化学专业、应用化学专业、化学生物学专业 研究生：化学（一级学科）、学科教学（化学）
2023,教师,2023安徽教师招考,黄山市黄山第一中学,341003004 黄山市黄山第一中学 高中英语,本科及以上,本科：英语专业、商务英语专业 研究生：英语语言文学（二级学科）、学科教学（英语）、翻译硕士（英语笔译、英语口译）,,笔试+面试,,,招聘职位：高中英语；招聘人数：1,安徽 黄山黄山区,https://www.xduim.com/zw/jszk,,专业：本科：英语专业、商务英语专业 研究生：英语语言文学（二级学科）、学科教学（英语）、翻译硕士（英语笔译、英语口译）
2023,教师,2023安徽教师招考,黄山市黄山第一中学,341003005 黄山市黄山第一中学 高中语文,本科及以上,本科：汉语言文学专业、汉语言专业、应用语言学专业 研究生：中国语言文学类（一级学科）、学科教学（语文）,,笔试+面试,,,招聘职位：高中语文；招聘人数：1,安徽 黄山黄山区,https://www.xduim.com/zw/jszk,,专业：本科：汉语言文学专业、汉语言专业、应用语言学专业 研究生：中国语言文学类（一级学科）、学科教学（语文）
2023,教师,2023安徽教师招考,黄山市黄山第一中学,341003006 黄山市黄山第一中学 高中体育,本科及以上,本科：体育教育专业、运动训练专业、社会体育指导与管理专业、运动人体科学专业、体能训练专业、休闲体育专业、运动能力开发专业 研究生：体育学（一级学科）、学科教学（体育）、体育硕士,,笔试+面试,,,招聘职位：高中体育；招聘人数：1,安徽 黄山黄山区,https://www.xduim.com/zw/jszk,,专业：本科：体育教育专业、运动训练专业、社会体育指导与管理专业、运动人体科学专业、体能训练专业、休闲体育专业、运动能力开发专业 研究生：体育学（一级学科）、学科教学（体育）、体育硕士
2023,教师,2023安徽教师招考,教育局所属事业单位,341003007 教育局所属事业单位 初中语文,本科及以上,本科：汉语言文学专业、汉语言专业 研究生：中国语言文学类（一级学科）、学科教学（语文）,,笔试+面试,,,招聘职位：初中语文；招聘人数：1,安徽 黄山黄山区,https://www.xduim.com/zw/jszk,,专业：本科：汉语言文学专业、汉语言专业 研究生：中国语言文学类（一级学科）、学科教学（语文）
2023,教师,2023安徽教师招考,教育局所属事业单位,341003008 教育局所属事业单位 初中数学,本科及以上,本科：数学类 研究生：数学（一级学科）、学科教学（数学）,,笔试+面试,,,招聘职位：初中数学；招聘人数：1,安徽 黄山黄山区,https://www.xduim.com/zw/jszk,,专业：本科：数学类 研究生：数学（一级学科）、学科教学（数学）
2023,教师,2023安徽教师招考,教育局所属事业单位,341003009 教育局所属事业单位 初中体育,本科及以上,本科：体育学类 研究生：体育学（一级学科）、学科教学（体育）、体育硕士,,笔试+面试,,,招聘职位：初中体育；招聘人数：1,安徽 黄山黄山区,https://www.xduim.com/zw/jszk,,专业：本科：体育学类 研究生：体育学（一级学科）、学科教学（体育）、体育硕士
2023,教师,2023安徽教师招考,教育局所属事业单位,341003010 教育局所属事业单位 小学英语,本科及以上,本科：英语专业、商务英语专业 研究生：英语语言文学（二级学科）、学科教学（英语）,,笔试+面试,,,招聘职位：小学英语；招聘人数：2,安徽 黄山黄山区,https://www.xduim.com/zw/jszk,,专业：本科：英语专业、商务英语专业 研究生：英语语言文学（二级学科）、学科教学（英语）
2023,教师,2023安徽教师招考,教育局所属事业单位,341003011 教育局所属事业单位 小学体育,专科及以上,专科：体育教育专业、运动训练专业、社会体育专业、休闲体育专业 本科：体育学类 研究生：体育学（一级学科）、学科教学（体育）、体育硕士,,笔试+面试,,,招聘职位：小学体育；招聘人数：1,安徽 黄山黄山区,https://www.xduim.com/zw/jszk,,专业：专科：体育教育专业、运动训练专业、社会体育专业、休闲体育专业 本科：体育学类 研究生：体育学（一级学科）、学科教学（体育）、体育硕士
2023,教师,2023安徽教师招考,教育局所属事业单位,341003012 教育局所属事业单位 小学美术,专科及以上,专科：美术教育专业、美术专业 本科: 美术学类 研究生：美术学（二级学科）,,笔试+面试,,,招聘职位：小学美术；招聘人数：1,安徽 黄山黄山区,https://www.xduim.com/zw/jszk,,专业：专科：美术教育专业、美术专业 本科: 美术学类 研究生：美术学（二级学科）
2023,教师,2023安徽教师招考,黄山市屯溪第三中学,34100101 黄山市屯溪第三中学 初中数学,本科及以上,本科：数学类 研究生：数学（一级学科）、学科教学（数学）,,笔试+面试,,,招聘职位：初中数学；招聘人数：1,安徽 黄山市直,https://www.xduim.com/zw/jszk,,专业：本科：数学类 研究生：数学（一级学科）、学科教学（数学）
2023,教师,2023安徽教师招考,黄山市屯溪第四中学,34100102 黄山市屯溪第四中学 初中道德与法治,本科及以上,本科:思想政治教育专业 研究生:马克思主义理论（一级学科）、学科教学（思政）,,笔试+面试,,,招聘职位：初中道德与法治；招聘人数：1,安徽 黄山市直,https://www.xduim.com/zw/jszk,,专业：本科:思想政治教育专业 研究生:马克思主义理论（一级学科）、学科教学（思政）
2023,教师,2023安徽教师招考,黄山市屯溪第四中学,34100103 黄山市屯溪第四中学 初中英语,本科及以上,本科：英语专业 研究生：英语语言文学（二级学科）、学科教学（英语）,,笔试+面试,,,招聘职位：初中英语；招聘人数：1,安徽 黄山市直,https://www.xduim.com/zw/jszk,,专业：本科：英语专业 研究生：英语语言文学（二级学科）、学科教学（英语）
2023,教师,2023安徽教师招考,黄山市屯溪第四中学,34100104 黄山市屯溪第四中学 初中英语,本科及以上,本科：英语专业 研究生：英语语言文学（二级学科）、学科教学（英语）,,笔试+面试,,,招聘职位：初中英语；招聘人数：1,安徽 黄山市直,https://www.xduim.com/zw/jszk,,专业：本科：英语专业 研究生：英语语言文学（二级学科）、学科教学（英语）
2023,教师,2023安徽教师招考,黄山市屯溪第四中学,34100105 黄山市屯溪第四中学 初中体育,本科及以上,本科：体育教育专业 研究生：体育学 （一级学科）、学科教学（体育）、体育硕士,,笔试+面试,,,招聘职位：初中体育；招聘人数：1,安徽 黄山市直,https://www.xduim.com/zw/jszk,,专业：本科：体育教育专业 研究生：体育学 （一级学科）、学科教学（体育）、体育硕士
2023,教师,2023安徽教师招考,黄山市屯溪第四中学,34100106 黄山市屯溪第四中学 初中数学,本科及以上,本科：数学与应用数学专业 研究生：数学（一级学科）、学科教学（数学）,,笔试+面试,,,招聘职位：初中数学；招聘人数：1,安徽 黄山市直,https://www.xduim.com/zw/jszk,,专业：本科：数学与应用数学专业 研究生：数学（一级学科）、学科教学（数学）
2023,教师,2023安徽教师招考,黄山市屯溪第五中学,34100107 黄山市屯溪第五中学 初中数学,本科及以上,本科：数学类 研究生：数学（一级学科）、学科教学（数学）,,笔试+面试,,,招聘职位：初中数学；招聘人数：1,安徽 黄山市直,https://www.xduim.com/zw/jszk,,专业：本科：数学类 研究生：数学（一级学科）、学科教学（数学）
2023,教师,2023安徽教师招考,黄山市屯溪第五中学,34100108 黄山市屯溪第五中学 初中体育,本科及以上,本科：体育学类 研究生：体育学（一级学科）、体育硕士、学科教学（体育）,,笔试+面试,,,招聘职位：初中体育；招聘人数：1,安徽 黄山市直,https://www.xduim.com/zw/jszk,,专业：本科：体育学类 研究生：体育学（一级学科）、体育硕士、学科教学（体育）
2023,教师,2023安徽教师招考,黄山市新城实验学校,34100109 黄山市新城实验学校 小学语文,本科及以上,本科：汉语言文学专业、 汉语言专业 研究生：中国语言文学（一级学科）、学科教学（语文）,,笔试+面试,,,招聘职位：小学语文；招聘人数：2,安徽 黄山市直,https://www.xduim.com/zw/jszk,,专业：本科：汉语言文学专业、 汉语言专业 研究生：中国语言文学（一级学科）、学科教学（语文）
2023,教师,2023安徽教师招考,黄山市新城实验学校,34100110 黄山市新城实验学校 小学数学,本科及以上,专业不限,,笔试+面试,,,招聘职位：小学数学；招聘人数：1,安徽 黄山市直,https://www.xduim.com/zw/jszk,,专业：专业不限
2023,教师,2023安徽教师招考,黄山市梅林实验学校,34100111 黄山市梅林实验学校 小学语文,本科及以上,本科：汉语言文学专业、汉语言专业、小学教育专业 研究生：中国语言文学（一级学科）、 教育学（一级学科）、学科教学（语文）、小学教育,,笔试+面试,,,招聘职位：小学语文；招聘人数：1,安徽 黄山市直,https://www.xduim.com/zw/jszk,,专业：本科：汉语言文学专业、汉语言专业、小学教育专业 研究生：中国语言文学（一级学科）、 教育学（一级学科）、学科教学（语文）、小学教育
2023,教师,2023安徽教师招考,黄山市梅林实验学校,34100112 黄山市梅林实验学校 小学语文,本科及以上,本科：汉语言文学专业、汉语言专业、小学教育专业 研究生：中国语言文学（一级学科）、 教育学（一级学科）、学科教学（语文）、小学教育,,笔试+面试,,,招聘职位：小学语文；招聘人数：2,安徽 黄山市直,https://www.xduim.com/zw/jszk,,专业：本科：汉语言文学专业、汉语言专业、小学教育专业 研究生：中国语言文学（一级学科）、 教育学（一级学科）、学科教学（语文）、小学教育
2023,教师,2023安徽教师招考,黄山市梅林实验学校,34100113 黄山市梅林实验学校 小学数学,本科及以上,本科：小学教育专业、数学与应用数学专业 研究生：数学（一级学科）、学科教学（数学）、教育学（一级学科）、小学教育,,笔试+面试,,,招聘职位：小学数学；招聘人数：1,安徽 黄山市直,https://www.xduim.com/zw/jszk,,专业：本科：小学教育专业、数学与应用数学专业 研究生：数学（一级学科）、学科教学（数学）、教育学（一级学科）、小学教育
2023,教师,2023安徽教师招考,黄山市实验小学,34100114 黄山市实验小学 小学数学,本科及以上,本科：小学教育专业、数学类 研究生：教育学（一级学科）、数学（一级学科）、学科教学（数学）、小学教育,,笔试+面试,,,招聘职位：小学数学；招聘人数：2,安徽 黄山市直,https://www.xduim.com/zw/jszk,,专业：本科：小学教育专业、数学类 研究生：教育学（一级学科）、数学（一级学科）、学科教学（数学）、小学教育
2023,教师,2023安徽教师招考,黄山市新潭小学,34100115 黄山市新潭小学 小学数学,本科及以上,本科：小学教育专业、数学类 研究生：教育学（一级学科）、数学（一级学科）、学科教学（数学）、小学教育,,笔试+面试,,,招聘职位：小学数学；招聘人数：1,安徽 黄山市直,https://www.xduim.com/zw/jszk,,专业：本科：小学教育专业、数学类 研究生：教育学（一级学科）、数学（一级学科）、学科教学（数学）、小学教育
2023,教师,2023安徽教师招考,黄山市新潭小学,34100116 黄山市新潭小学 小学体育,本科及以上,本科：体育教育专业 研究生：体育学（一级学科）、学科教学（体育）、体育硕士,,笔试+面试,,,招聘职位：小学体育；招聘人数：1,安徽 黄山市直,https://www.xduim.com/zw/jszk,,专业：本科：体育教育专业 研究生：体育学（一级学科）、学科教学（体育）、体育硕士
2023,教师,2023安徽教师招考,黄山市新潭小学,34100117 黄山市新潭小学 小学语文,本科及以上,本科：小学教育专业、中国语言文学类 研究生：教育学（一级学科）、中国语言文学（一级学科）、学科教学（语文）、小学教育,,笔试+面试,,,招聘职位：小学语文；招聘人数：1,安徽 黄山市直,https://www.xduim.com/zw/jszk,,专业：本科：小学教育专业、中国语言文学类 研究生：教育学（一级学科）、中国语言文学（一级学科）、学科教学（语文）、小学教育
2024,教师,2024安徽教师招考,黄山市屯溪第二中学,34100101 黄山市屯溪第二中学 高中政治,本科及以上,本科：马克思主义理论类、政治学类 研究生：马克思主义理论（一级学科）、政治学（一级学科）、学科教学（思政）,,笔试+面试,,,学段：高级中学；招聘职位：高中政治；招聘人数：1,安徽 黄山市直,https://www.xduim.com/zw/jszk,,专业：本科：马克思主义理论类、政治学类 研究生：马克思主义理论（一级学科）、政治学（一级学科）、学科教学（思政）
2024,教师,2024安徽教师招考,黄山市屯溪第二中学,34100102 黄山市屯溪第二中学 高中英语,本科及以上,本科：英语专业 研究生：英语语言文学（二级学科）、学科教学（英语）,,笔试+面试,,,学段：高级中学；招聘职位：高中英语；招聘人数：1,安徽 黄山市直,https://www.xduim.com/zw/jszk,,专业：本科：英语专业 研究生：英语语言文学（二级学科）、学科教学（英语）
2024,教师,2024安徽教师招考,黄山市屯溪第二中学,34100103 黄山市屯溪第二中学 高中生物,本科及以上,本科：生物科学类 研究生：生物学（一级学科）、学科教学（生物）,,笔试+面试,,,学段：高级中学；招聘职位：高中生物；招聘人数：1,安徽 黄山市直,https://www.xduim.com/zw/jszk,,专业：本科：生物科学类 研究生：生物学（一级学科）、学科教学（生物）
2024,教师,2024安徽教师招考,黄山市田家炳实验中学,34100104 黄山市田家炳实验中学 高中数学,本科及以上,本科：数学类 研究生：数学（一级学科）、学科教学（数学）,,笔试+面试,,,学段：高级中学；招聘职位：高中数学；招聘人数：1,安徽 黄山市直,https://www.xduim.com/zw/jszk,,专业：本科：数学类 研究生：数学（一级学科）、学科教学（数学）
2024,教师,2024安徽教师招考,黄山市田家炳实验中学,34100105 黄山市田家炳实验中学 高中物理,本科及以上,本科：物理学专业、应用物理学专业 研究生：物理学（一级学科）、学科教学（物理）,,笔试+面试,,,学段：高级中学；招聘职位：高中物理；招聘人数：1,安徽 黄山市直,https://www.xduim.com/zw/jszk,,专业：本科：物理学专业、应用物理学专业 研究生：物理学（一级学科）、学科教学（物理）
2024,教师,2024安徽教师招考,黄山市田家炳实验中学,34100106 黄山市田家炳实验中学 高中化学,本科及以上,本科：化学专业、应用化学专业 研究生：化学（一级学科）、学科教学（化学）,,笔试+面试,,,学段：高级中学；招聘职位：高中化学；招聘人数：1,安徽 黄山市直,https://www.xduim.com/zw/jszk,,专业：本科：化学专业、应用化学专业 研究生：化学（一级学科）、学科教学（化学）
2024,教师,2024安徽教师招考,黄山市田家炳实验中学,34100107 黄山市田家炳实验中学 高中语文,本科及以上,本科：汉语言文学专业、汉语言专业 研究生：中国语言文学（一级学科）、学科教学（语文）,,笔试+面试,,,学段：高级中学；招聘职位：高中语文；招聘人数：1,安徽 黄山市直,https://www.xduim.com/zw/jszk,,专业：本科：汉语言文学专业、汉语言专业 研究生：中国语言文学（一级学科）、学科教学（语文）
2024,教师,2024安徽教师招考,黄山市田家炳实验中学,34100108 黄山市田家炳实验中学 高中地理,本科及以上,本科：地理科学专业 研究生：地理学（一级学科）、学科教学（地理）,,笔试+面试,,,学段：高级中学；招聘职位：高中地理；招聘人数：1,安徽 黄山市直,https://www.xduim.com/zw/jszk,,专业：本科：地理科学专业 研究生：地理学（一级学科）、学科教学（地理）
2024,教师,2024安徽教师招考,黄山市田家炳实验中学,34100109 黄山市田家炳实验中学 高中生物,本科及以上,本科：生物科学专业 研究生：生物学（一级学科）、学科教学（生物）,,笔试+面试,,,学段：高级中学；招聘职位：高中生物；招聘人数：1,安徽 黄山市直,https://www.xduim.com/zw/jszk,,专业：本科：生物科学专业 研究生：生物学（一级学科）、学科教学（生物）
2024,教师,2024安徽教师招考,黄山市田家炳实验中学,34100110 黄山市田家炳实验中学 高中英语,本科及以上,本科：英语专业 研究生：英语语言文学（二级学科）、学科教学（英语）,,笔试+面试,,,学段：高级中学；招聘职位：高中英语；招聘人数：1,安徽 黄山市直,https://www.xduim.com/zw/jszk,,专业：本科：英语专业 研究生：英语语言文学（二级学科）、学科教学（英语）
2024,教师,2024安徽教师招考,黄山市屯溪第三中学,34100111 黄山市屯溪第三中学 初中语文,本科及以上,本科：汉语言文学专业、汉语言专业 研究生：中国语言文学（一级学科）、学科教学（语文）,,笔试+面试,,,学段：初级中学；招聘职位：初中语文；招聘人数：1,安徽 黄山市直,https://www.xduim.com/zw/jszk,,专业：本科：汉语言文学专业、汉语言专业 研究生：中国语言文学（一级学科）、学科教学（语文）
2024,教师,2024安徽教师招考,黄山市屯溪第三中学,34100112 黄山市屯溪第三中学 初中历史,本科及以上,本科：历史学类 研究生：历史学（一级学科）、学科教学（历史）,,笔试+面试,,,学段：初级中学；招聘职位：初中历史；招聘人数：1,安徽 黄山市直,https://www.xduim.com/zw/jszk,,专业：本科：历史学类 研究生：历史学（一级学科）、学科教学（历史）
2024,教师,2024安徽教师招考,黄山市屯溪第三中学,34100113 黄山市屯溪第三中学 初中体育,本科及以上,本科：体育教育专业、运动训练专业 研究生：体育学（一级学科）、学科教学（体育）、体育专硕,,笔试+面试,,,学段：初级中学；招聘职位：初中体育；招聘人数：1,安徽 黄山市直,https://www.xduim.com/zw/jszk,,专业：本科：体育教育专业、运动训练专业 研究生：体育学（一级学科）、学科教学（体育）、体育专硕
2024,教师,2024安徽教师招考,黄山市屯溪第四中学,34100114 黄山市屯溪第四中学 初中物理,本科及以上,本科：物理学类 研究生：物理学（一级学科）、学科教学（物理）,,笔试+面试,,,学段：初级中学；招聘职位：初中物理；招聘人数：1,安徽 黄山市直,https://www.xduim.com/zw/jszk,,专业：本科：物理学类 研究生：物理学（一级学科）、学科教学（物理）
2024,教师,2024安徽教师招考,黄山市屯溪第四中学,34100115 黄山市屯溪第四中学 初中体育,本科及以上,本科：体育教育专业、运动训练专业 研究生：体育教育训练学（二级学科）、学科教学（体育）、体育教学、运动训练,,笔试+面试,,,学段：初级中学；招聘职位：初中体育；招聘人数：1,安徽 黄山市直,https://www.xduim.com/zw/jszk,,专业：本科：体育教育专业、运动训练专业 研究生：体育教育训练学（二级学科）、学科教学（体育）、体育教学、运动训练
2024,教师,2024安徽教师招考,黄山市屯溪第四中学,34100116 黄山市屯溪第四中学 初中英语,本科及以上,本科：英语专业 研究生：英语语言文学（二级学科）、学科教学（英语）,,笔试+面试,,,学段：初级中学；招聘职位：初中英语；招聘人数：2,安徽 黄山市直,https://www.xduim.com/zw/jszk,,专业：本科：英语专业 研究生：英语语言文学（二级学科）、学科教学（英语）
2024,教师,2024安徽教师招考,黄山市屯溪第四中学,34100117 黄山市屯溪第四中学 初中英语,本科及以上,本科：英语专业 研究生：英语语言文学（二级学科）、学科教学（英语）,,笔试+面试,,,学段：初级中学；招聘职位：初中英语；招聘人数：1,安徽 黄山市直,https://www.xduim.com/zw/jszk,,专业：本科：英语专业 研究生：英语语言文学（二级学科）、学科教学（英语）
2024,教师,2024安徽教师招考,黄山市屯溪第四中学,34100118 黄山市屯溪第四中学 初中语文,本科及以上,本科：汉语言文学专业、汉语言专业、 研究生：中国语言文学（一级学科）、学科教学（语文）,,笔试+面试,,,学段：初级中学；招聘职位：初中语文；招聘人数：2,安徽 黄山市直,https://www.xduim.com/zw/jszk,,专业：本科：汉语言文学专业、汉语言专业、 研究生：中国语言文学（一级学科）、学科教学（语文）
2024,教师,2024安徽教师招考,黄山市屯溪第四中学,34100119 黄山市屯溪第四中学 初中语文,本科及以上,本科：汉语言文学专业、汉语言专业、 研究生：中国语言文学（一级学科）、学科教学（语文）,,笔试+面试,,,学段：初级中学；招聘职位：初中语文；招聘人数：1,安徽 黄山市直,https://www.xduim.com/zw/jszk,,专业：本科：汉语言文学专业、汉语言专业、 研究生：中国语言文学（一级学科）、学科教学（语文）
2024,教师,2024安徽教师招考,黄山市屯溪第四中学,34100120 黄山市屯溪第四中学 初中数学,本科及以上,本科：数学与应用数学专业 研究生：数学（一级学科）、学科教学（数学）,,笔试+面试,,,学段：初级中学；招聘职位：初中数学；招聘人数：1,安徽 黄山市直,https://www.xduim.com/zw/jszk,,专业：本科：数学与应用数学专业 研究生：数学（一级学科）、学科教学（数学）
2024,教师,2024安徽教师招考,黟县教育局,34102301 黟县教育局 初中英语,本科及以上,本科：英语专业、商务英语专业 研究生：英语语言文学（二级学科）、学科教学（英语）,,笔试+面试,,,学段：初级中学；招聘职位：初中英语；招聘人数：1,安徽 黄山黟县,https://www.xduim.com/zw/jszk,,专业：本科：英语专业、商务英语专业 研究生：英语语言文学（二级学科）、学科教学（英语）
2024,教师,2024安徽教师招考,黟县教育局,34102302 黟县教育局 初中语文,本科及以上,本科：汉语言文学专业、汉语言专业 研究生：中国语言文学（一级学科）、学科教学（语文）,,笔试+面试,,,学段：初级中学；招聘职位：初中语文；招聘人数：1,安徽 黄山黟县,https://www.xduim.com/zw/jszk,,专业：本科：汉语言文学专业、汉语言专业 研究生：中国语言文学（一级学科）、学科教学（语文）
2024,教师,2024安徽教师招考,黟县教育局,34102303 黟县教育局 初中历史,本科及以上,本科：历史学专业、世界史专业 研究生：历史学（一级学科）、学科教学（历史）,,笔试+面试,,,学段：初级中学；招聘职位：初中历史；招聘人数：1,安徽 黄山黟县,https://www.xduim.com/zw/jszk,,专业：本科：历史学专业、世界史专业 研究生：历史学（一级学科）、学科教学（历史）
2023,教师,2023安徽教师招考,黟县教育局,34102301 黟县教育局 初中英语,本科及以上,不限,,笔试+面试,,,招聘职位：初中英语；招聘人数：1,安徽 黄山黟县,https://www.xduim.com/zw/jszk,,专业：不限
2023,教师,2023安徽教师招考,黟县教育局,34102302 黟县教育局 初中语文,本科及以上,不限,,笔试+面试,,,招聘职位：初中语文；招聘人数：1,安徽 黄山黟县,https://www.xduim.com/zw/jszk,,专业：不限
2023,教师,2023安徽教师招考,黟县教育局,34102303 黟县教育局 初中数学,本科及以上,不限,,笔试+面试,,,招聘职位：初中数学；招聘人数：1,安徽 黄山黟县,https://www.xduim.com/zw/jszk,,专业：不限
2023,教师,2023安徽教师招考,黟县教育局,34102304 黟县教育局 初中历史,本科及以上,不限,,笔试+面试,,,招聘职位：初中历史；招聘人数：1,安徽 黄山黟县,https://www.xduim.com/zw/jszk,,专业：不限
2023,教师,2023安徽教师招考,黟县教育局,34102305 黟县教育局 初中体育,本科及以上,不限,,笔试+面试,,,招聘职位：初中体育；招聘人数：1,安徽 黄山黟县,https://www.xduim.com/zw/jszk,,专业：不限
2023,教师,2023安徽教师招考,黟县教育局,34102306 黟县教育局 小学语文,本科及以上,不限,,笔试+面试,,,招聘职位：小学语文；招聘人数：2,安徽 黄山黟县,https://www.xduim.com/zw/jszk,,专业：不限
2023,教师,2023安徽教师招考,黟县教育局,34102307 黟县教育局 小学数学,本科及以上,不限,,笔试+面试,,,招聘职位：小学数学；招聘人数：2,安徽 黄山黟县,https://www.xduim.com/zw/jszk,,专业：不限
2023,教师,2023安徽教师招考,黟县教育局,34102308 黟县教育局 小学英语,本科及以上,不限,,笔试+面试,,,招聘职位：小学英语；招聘人数：2,安徽 黄山黟县,https://www.xduim.com/zw/jszk,,专业：不限
2023,教师,2023安徽教师招考,黟县教育局,34102309 黟县教育局 小学信息技术,本科及以上,不限,,笔试+面试,,,招聘职位：小学信息技术；招聘人数：1,安徽 黄山黟县,https://www.xduim.com/zw/jszk,,专业：不限
2023,教师,2023安徽教师招考,黟县教育局,34102310 黟县教育局 小学体育,专科及以上,不限,,笔试+面试,,,招聘职位：小学体育；招聘人数：1,安徽 黄山黟县,https://www.xduim.com/zw/jszk,,专业：不限
2023,教师,2023安徽教师招考,黟县教育局,34102311 黟县教育局 小学音乐,专科及以上,不限,,笔试+面试,,,招聘职位：小学音乐；招聘人数：1,安徽 黄山黟县,https://www.xduim.com/zw/jszk,,专业：不限
2023,教师,2023安徽教师招考,蚌埠第十六中学,2302001 蚌埠第十六中学,本科及以上,本科：英语050201,,笔试+面试,,,学段：初级中学；学科：英语；招聘人数：1,安徽 蚌埠龙子湖区,https://www.xduim.com/zw/jszk,,专业：本科：英语050201
2023,教师,2023安徽教师招考,蚌埠第三十一中学,2302002 蚌埠第三十一中学,本科及以上,本科：物理学070201、应用物理学070202,,笔试+面试,,,学段：初级中学；学科：物理；招聘人数：1,安徽 蚌埠龙子湖区,https://www.xduim.com/zw/jszk,,专业：本科：物理学070201、应用物理学070202
2023,教师,2023安徽教师招考,蚌埠第三十一中学,2302003 蚌埠第三十一中学,本科及以上,本科：政治学类0302、马克思主义理论类0305,,笔试+面试,,,学段：初级中学；学科：道德与法治；招聘人数：1,安徽 蚌埠龙子湖区,https://www.xduim.com/zw/jszk,,专业：本科：政治学类0302、马克思主义理论类0305
2023,教师,2023安徽教师招考,蚌埠第三十一中学,2302004 蚌埠第三十一中学,本科及以上,本科：历史学类0601,,笔试+面试,,,学段：初级中学；学科：历史；招聘人数：1,安徽 蚌埠龙子湖区,https://www.xduim.com/zw/jszk,,专业：本科：历史学类0601
2023,教师,2023安徽教师招考,蚌埠第三十一中学,2302005 蚌埠第三十一中学,本科及以上,本科：生物学类0710,,笔试+面试,,,学段：初级中学；学科：生物；招聘人数：1,安徽 蚌埠龙子湖区,https://www.xduim.com/zw/jszk,,专业：本科：生物学类0710
2023,教师,2023安徽教师招考,蚌埠第三十一中学,2302006 蚌埠第三十一中学,本科及以上,本科：地理科学类0705,,笔试+面试,,,学段：初级中学；学科：地理；招聘人数：1,安徽 蚌埠龙子湖区,https://www.xduim.com/zw/jszk,,专业：本科：地理科学类0705
2023,教师,2023安徽教师招考,蚌埠市汤和路学校,2302007 蚌埠市汤和路学校,本科及以上,本科：汉语言文学050101、汉语言050102,,笔试+面试,,,学段：初级中学；学科：语文；招聘人数：2,安徽 蚌埠龙子湖区,https://www.xduim.com/zw/jszk,,专业：本科：汉语言文学050101、汉语言050102
2023,教师,2023安徽教师招考,蚌埠市汤和路学校,2302008 蚌埠市汤和路学校,本科及以上,本科：英语050201,,笔试+面试,,,学段：初级中学；学科：英语；招聘人数：3,安徽 蚌埠龙子湖区,https://www.xduim.com/zw/jszk,,专业：本科：英语050201
2023,教师,2023安徽教师招考,蚌埠市汤和路学校,2302009 蚌埠市汤和路学校,本科及以上,本科：历史学类0601,,笔试+面试,,,学段：初级中学；学科：历史；招聘人数：2,安徽 蚌埠龙子湖区,https://www.xduim.com/zw/jszk,,专业：本科：历史学类0601
2023,教师,2023安徽教师招考,蚌埠市汤和路学校,2302010 蚌埠市汤和路学校,本科及以上,本科：地理科学类0705,,笔试+面试,,,学段：初级中学；学科：地理；招聘人数：2,安徽 蚌埠龙子湖区,https://www.xduim.com/zw/jszk,,专业：本科：地理科学类0705
2023,教师,2023安徽教师招考,蚌埠市汤和路学校,2302011 蚌埠市汤和路学校,本科及以上,本科：政治学类0302、马克思主义理论类0305,,笔试+面试,,,学段：初级中学；学科：道德与法治；招聘人数：2,安徽 蚌埠龙子湖区,https://www.xduim.com/zw/jszk,,专业：本科：政治学类0302、马克思主义理论类0305
2023,教师,2023安徽教师招考,蚌埠市汤和路学校,2302012 蚌埠市汤和路学校,本科及以上,本科：物理学070201、应用物理学070202,,笔试+面试,,,学段：初级中学；学科：物理；招聘人数：2,安徽 蚌埠龙子湖区,https://www.xduim.com/zw/jszk,,专业：本科：物理学070201、应用物理学070202
2023,教师,2023安徽教师招考,蚌埠市汤和路学校,2302013 蚌埠市汤和路学校,本科及以上,本科：体育学类0402,,笔试+面试,,,学段：初级中学；学科：体育；招聘人数：2,安徽 蚌埠龙子湖区,https://www.xduim.com/zw/jszk,,专业：本科：体育学类0402
2023,教师,2023安徽教师招考,蚌埠市汤和路学校,2302014 蚌埠市汤和路学校,本科及以上,本科：音乐与舞蹈学类1302,,笔试+面试,,,学段：初级中学；学科：音乐；招聘人数：1,安徽 蚌埠龙子湖区,https://www.xduim.com/zw/jszk,,专业：本科：音乐与舞蹈学类1302
2023,教师,2023安徽教师招考,蚌埠市汤和路学校,2302015 蚌埠市汤和路学校,本科及以上,本科：汉语言文学050101、汉语言050102、小学教育040107,,笔试+面试,,,学段：小学；学科：语文(一)；招聘人数：8,安徽 蚌埠龙子湖区,https://www.xduim.com/zw/jszk,,专业：本科：汉语言文学050101、汉语言050102、小学教育040107
2023,教师,2023安徽教师招考,蚌埠市汤和路学校,2302016 蚌埠市汤和路学校,本科及以上,本科：体育学类0402,,笔试+面试,,,学段：小学；学科：体育；招聘人数：3,安徽 蚌埠龙子湖区,https://www.xduim.com/zw/jszk,,专业：本科：体育学类0402
2023,教师,2023安徽教师招考,蚌埠市汤和路学校,2302017 蚌埠市汤和路学校,本科及以上,本科：音乐与舞蹈学类1302,,笔试+面试,,,学段：小学；学科：音乐；招聘人数：1,安徽 蚌埠龙子湖区,https://www.xduim.com/zw/jszk,,专业：本科：音乐与舞蹈学类1302
2023,教师,2023安徽教师招考,蚌埠市汤和路学校,2302018 蚌埠市汤和路学校,本科及以上,本科：美术学类1304,,笔试+面试,,,学段：小学；学科：美术；招聘人数：1,安徽 蚌埠龙子湖区,https://www.xduim.com/zw/jszk,,专业：本科：美术学类1304
2023,教师,2023安徽教师招考,蚌埠市龙子湖实验学校,2302019 蚌埠市龙子湖实验学校,本科及以上,本科：汉语言文学050101、汉语言050102,,笔试+面试,,,学段：初级中学；学科：语文；招聘人数：2,安徽 蚌埠龙子湖区,https://www.xduim.com/zw/jszk,,专业：本科：汉语言文学050101、汉语言050102
2023,教师,2023安徽教师招考,蚌埠市龙子湖实验学校,2302020 蚌埠市龙子湖实验学校,本科及以上,本科：物理学070201、应用物理学070202,,笔试+面试,,,学段：初级中学；学科：物理；招聘人数：2,安徽 蚌埠龙子湖区,https://www.xduim.com/zw/jszk,,专业：本科：物理学070201、应用物理学070202
2024,教师,2024安徽教师招考,蚌埠第三十一中学,1011101 蚌埠第三十一中学,本科及以上,本科：汉语言文学050101、汉语言050102,,笔试+面试,,,学段：初级中学；学科：语文；招聘人数：2,安徽 蚌埠龙子湖区,https://www.xduim.com/zw/jszk,,专业：本科：汉语言文学050101、汉语言050102
2024,教师,2024安徽教师招考,蚌埠市龙子湖实验学校,1021102 蚌埠市龙子湖实验学校,本科及以上,本科：汉语言文学050101、汉语言050102,,笔试+面试,,,学段：初级中学；学科：语文（一）；招聘人数：1,安徽 蚌埠龙子湖区,https://www.xduim.com/zw/jszk,,专业：本科：汉语言文学050101、汉语言050102
2024,教师,2024安徽教师招考,蚌埠市龙子湖实验学校,1021103 蚌埠市龙子湖实验学校,本科及以上,本科：数学类0701,,笔试+面试,,,学段：初级中学；学科：数学（一）；招聘人数：1,安徽 蚌埠龙子湖区,https://www.xduim.com/zw/jszk,,专业：本科：数学类0701
2024,教师,2024安徽教师招考,蚌埠市龙子湖实验学校,1021104 蚌埠市龙子湖实验学校,本科及以上,本科：物理学070201、应用物理学070202,,笔试+面试,,,学段：初级中学；学科：物理；招聘人数：2,安徽 蚌埠龙子湖区,https://www.xduim.com/zw/jszk,,专业：本科：物理学070201、应用物理学070202
2024,教师,2024安徽教师招考,蚌埠市龙子湖实验学校,1021105 蚌埠市龙子湖实验学校,本科及以上,本科：化学070301、应用化学070302,,笔试+面试,,,学段：初级中学；学科：化学；招聘人数：1,安徽 蚌埠龙子湖区,https://www.xduim.com/zw/jszk,,专业：本科：化学070301、应用化学070302
2024,教师,2024安徽教师招考,蚌埠市龙子湖实验学校,1021106 蚌埠市龙子湖实验学校,本科及以上,本科：生物学类0710,,笔试+面试,,,学段：初级中学；学科：生物；招聘人数：1,安徽 蚌埠龙子湖区,https://www.xduim.com/zw/jszk,,专业：本科：生物学类0710
2024,教师,2024安徽教师招考,蚌埠市龙子湖实验学校,1021107 蚌埠市龙子湖实验学校,本科及以上,本科：政治学类0302、马克思主义理论类0305,,笔试+面试,,,学段：初级中学；学科：道德与法治；招聘人数：1,安徽 蚌埠龙子湖区,https://www.xduim.com/zw/jszk,,专业：本科：政治学类0302、马克思主义理论类0305
2024,教师,2024安徽教师招考,蚌埠市龙子湖实验学校,1021108 蚌埠市龙子湖实验学校,本科及以上,本科：历史学类0601,,笔试+面试,,,学段：初级中学；学科：历史；招聘人数：1,安徽 蚌埠龙子湖区,https://www.xduim.com/zw/jszk,,专业：本科：历史学类0601
2024,教师,2024安徽教师招考,蚌埠市龙子湖实验学校,1021109 蚌埠市龙子湖实验学校,本科及以上,本科：地理科学类0705,,笔试+面试,,,学段：初级中学；学科：地理；招聘人数：1,安徽 蚌埠龙子湖区,https://www.xduim.com/zw/jszk,,专业：本科：地理科学类0705
2024,教师,2024安徽教师招考,蚌埠市龙子湖实验学校,1021110 蚌埠市龙子湖实验学校,本科及以上,本科：体育学类0402,,笔试+面试,,,学段：初级中学；学科：体育；招聘人数：1,安徽 蚌埠龙子湖区,https://www.xduim.com/zw/jszk,,专业：本科：体育学类0402
2024,教师,2024安徽教师招考,蚌埠市汤和路学校,1031111 蚌埠市汤和路学校,本科及以上,本科：数学类0701,,笔试+面试,,,学段：初级中学；学科：数学；招聘人数：1,安徽 蚌埠龙子湖区,https://www.xduim.com/zw/jszk,,专业：本科：数学类0701
2024,教师,2024安徽教师招考,蚌埠市汤和路学校,1031112 蚌埠市汤和路学校,本科及以上,本科：英语050201,,笔试+面试,,,学段：初级中学；学科：英语（一）；招聘人数：1,安徽 蚌埠龙子湖区,https://www.xduim.com/zw/jszk,,专业：本科：英语050201
2024,教师,2024安徽教师招考,蚌埠市汤和路学校,1031113 蚌埠市汤和路学校,本科及以上,本科：物理学070201、应用物理学070202,,笔试+面试,,,学段：初级中学；学科：物理（一）；招聘人数：1,安徽 蚌埠龙子湖区,https://www.xduim.com/zw/jszk,,专业：本科：物理学070201、应用物理学070202
2024,教师,2024安徽教师招考,蚌埠市汤和路学校,1031114 蚌埠市汤和路学校,本科及以上,本科：化学070301、应用化学070302,,笔试+面试,,,学段：初级中学；学科：化学；招聘人数：1,安徽 蚌埠龙子湖区,https://www.xduim.com/zw/jszk,,专业：本科：化学070301、应用化学070302
2024,教师,2024安徽教师招考,蚌埠市汤和路学校,1031115 蚌埠市汤和路学校,本科及以上,本科：历史学类0601,,笔试+面试,,,学段：初级中学；学科：历史；招聘人数：2,安徽 蚌埠龙子湖区,https://www.xduim.com/zw/jszk,,专业：本科：历史学类0601
2024,教师,2024安徽教师招考,蚌埠市汤和路学校,1031116 蚌埠市汤和路学校,本科及以上,本科：地理科学类0705,,笔试+面试,,,学段：初级中学；学科：地理；招聘人数：1,安徽 蚌埠龙子湖区,https://www.xduim.com/zw/jszk,,专业：本科：地理科学类0705
2024,教师,2024安徽教师招考,蚌埠市汤和路学校,1031117 蚌埠市汤和路学校,本科及以上,本科：体育学类0402,,笔试+面试,,,学段：初级中学；学科：体育；招聘人数：1,安徽 蚌埠龙子湖区,https://www.xduim.com/zw/jszk,,专业：本科：体育学类0402
2024,教师,2024安徽教师招考,蚌埠市汤和路学校,1031018 蚌埠市汤和路学校,本科及以上,本科：汉语言文学050101、汉语言050102、小学教育040107,,笔试+面试,,,学段：小学；学科：语文；招聘人数：2,安徽 蚌埠龙子湖区,https://www.xduim.com/zw/jszk,,专业：本科：汉语言文学050101、汉语言050102、小学教育040107
2024,教师,2024安徽教师招考,蚌埠市汤和路学校,1031019 蚌埠市汤和路学校,本科及以上,本科：数学类0701、小学教育040107,,笔试+面试,,,学段：小学；学科：数学（一）；招聘人数：2,安徽 蚌埠龙子湖区,https://www.xduim.com/zw/jszk,,专业：本科：数学类0701、小学教育040107
2024,教师,2024安徽教师招考,蚌埠市汤和路学校,1031020 蚌埠市汤和路学校,本科及以上,本科：英语050201、小学教育040107,,笔试+面试,,,学段：小学；学科：英语；招聘人数：1,安徽 蚌埠龙子湖区,https://www.xduim.com/zw/jszk,,专业：本科：英语050201、小学教育040107
2023,教师,2023安徽教师招考,临泉县教育局,临泉县教育局 初中历史,本科及以上,专业不限,,笔试+面试,,,学段：初级中学；学科：历史；招聘职位：初中历史；招聘人数：3,安徽 阜阳临泉县,https://www.xduim.com/zw/jszk,,专业：专业不限
2023,教师,2023安徽教师招考,临泉县教育局,临泉县教育局 初中地理,本科及以上,专业不限,,笔试+面试,,,学段：初级中学；学科：地理；招聘职位：初中地理；招聘人数：4,安徽 阜阳临泉县,https://www.xduim.com/zw/jszk,,专业：专业不限
2023,教师,2023安徽教师招考,临泉县教育局,临泉县教育局 初中物理,本科及以上,专业不限,,笔试+面试,,,学段：初级中学；学科：物理；招聘职位：初中物理；招聘人数：4,安徽 阜阳临泉县,https://www.xduim.com/zw/jszk,,专业：专业不限
2023,教师,2023安徽教师招考,临泉县教育局,临泉县教育局 初中化学,本科及以上,专业不限,,笔试+面试,,,学段：初级中学；学科：化学；招聘职位：初中化学；招聘人数：4,安徽 阜阳临泉县,https://www.xduim.com/zw/jszk,,专业：专业不限
2023,教师,2023安徽教师招考,临泉县教育局,临泉县教育局 初中生物,本科及以上,专业不限,,笔试+面试,,,学段：初级中学；学科：生物；招聘职位：初中生物；招聘人数：3,安徽 阜阳临泉县,https://www.xduim.com/zw/jszk,,专业：专业不限
2023,教师,2023安徽教师招考,临泉县教育局,临泉县教育局 初中音乐,本科及以上,专业不限,,笔试+面试,,,学段：初级中学；学科：音乐；招聘职位：初中音乐；招聘人数：3,安徽 阜阳临泉县,https://www.xduim.com/zw/jszk,,专业：专业不限
2023,教师,2023安徽教师招考,临泉县教育局,临泉县教育局 初中体育,本科及以上,专业不限,,笔试+面试,,,学段：初级中学；学科：体育；招聘职位：初中体育；招聘人数：3,安徽 阜阳临泉县,https://www.xduim.com/zw/jszk,,专业：专业不限
2023,教师,2023安徽教师招考,临泉县教育局,临泉县教育局 初中美术,本科及以上,专业不限,,笔试+面试,,,学段：初级中学；学科：美术；招聘职位：初中美术；招聘人数：2,安徽 阜阳临泉县,https://www.xduim.com/zw/jszk,,专业：专业不限
2023,教师,2023安徽教师招考,临泉县教育局,临泉县教育局 初中心理健康教育,本科及以上,专业不限,,笔试+面试,,,学段：初级中学；学科：心理健康教育；招聘职位：初中心理健康教育；招聘人数：1,安徽 阜阳临泉县,https://www.xduim.com/zw/jszk,,专业：专业不限
2023,教师,2023安徽教师招考,临泉县教育局,临泉县教育局 初中特殊教育,本科及以上,特殊教育,,笔试+面试,,,学段：初级中学；学科：特殊教育；招聘职位：初中特殊教育；招聘人数：1,安徽 阜阳临泉县,https://www.xduim.com/zw/jszk,,专业：特殊教育
2023,教师,2023安徽教师招考,临泉县教育局,临泉县教育局 小学语文1组,本科及以上,专业不限,,笔试+面试,,,学段：小学；学科：语文；招聘职位：小学语文1组；招聘人数：10,安徽 阜阳临泉县,https://www.xduim.com/zw/jszk,,专业：专业不限
2023,教师,2023安徽教师招考,临泉县教育局,临泉县教育局 小学语文2组,本科及以上,专业不限,,笔试+面试,,,学段：小学；学科：语文；招聘职位：小学语文2组；招聘人数：8,安徽 阜阳临泉县,https://www.xduim.com/zw/jszk,,专业：专业不限
2023,教师,2023安徽教师招考,临泉县教育局,临泉县教育局 小学数学1组,本科及以上,专业不限,,笔试+面试,,,学段：小学；学科：数学；招聘职位：小学数学1组；招聘人数：8,安徽 阜阳临泉县,https://www.xduim.com/zw/jszk,,专业：专业不限
2023,教师,2023安徽教师招考,临泉县教育局,临泉县教育局 小学数学2组,本科及以上,专业不限,,笔试+面试,,,学段：小学；学科：数学；招聘职位：小学数学2组；招聘人数：8,安徽 阜阳临泉县,https://www.xduim.com/zw/jszk,,专业：专业不限
2023,教师,2023安徽教师招考,临泉县教育局,临泉县教育局 小学英语,本科及以上,专业不限,,笔试+面试,,,学段：小学；学科：英语；招聘职位：小学英语；招聘人数：3,安徽 阜阳临泉县,https://www.xduim.com/zw/jszk,,专业：专业不限
2023,教师,2023安徽教师招考,临泉县教育局,临泉县教育局 小学道德与法治,本科及以上,专业不限,,笔试+面试,,,学段：小学；学科：道德与法治（品德与社会）；招聘职位：小学道德与法治；招聘人数：6,安徽 阜阳临泉县,https://www.xduim.com/zw/jszk,,专业：专业不限
2023,教师,2023安徽教师招考,临泉县教育局,临泉县教育局 小学音乐,本科及以上,专业不限,,笔试+面试,,,学段：小学；学科：音乐；招聘职位：小学音乐；招聘人数：3,安徽 阜阳临泉县,https://www.xduim.com/zw/jszk,,专业：专业不限
2023,教师,2023安徽教师招考,临泉县教育局,临泉县教育局 小学体育,本科及以上,专业不限,,笔试+面试,,,学段：小学；学科：体育；招聘职位：小学体育；招聘人数：2,安徽 阜阳临泉县,https://www.xduim.com/zw/jszk,,专业：专业不限
2023,教师,2023安徽教师招考,临泉县教育局,临泉县教育局 小学美术,本科及以上,专业不限,,笔试+面试,,,学段：小学；学科：美术；招聘职位：小学美术；招聘人数：2,安徽 阜阳临泉县,https://www.xduim.com/zw/jszk,,专业：专业不限
2023,教师,2023安徽教师招考,临泉县教育局,临泉县教育局 小学信息,本科及以上,专业不限,,笔试+面试,,,学段：小学；学科：信息技术；招聘职位：小学信息；招聘人数：3,安徽 阜阳临泉县,https://www.xduim.com/zw/jszk,,专业：专业不限
2023,教师,2023安徽教师招考,临泉县教育局,临泉县教育局 小学心理健康教育,本科及以上,专业不限,,笔试+面试,,,学段：小学；学科：心理健康教育；招聘职位：小学心理健康教育；招聘人数：1,安徽 阜阳临泉县,https://www.xduim.com/zw/jszk,,专业：专业不限
2023,教师,2023安徽教师招考,临泉县教育局,临泉县教育局 小学特殊教育,本科及以上,特殊教育,,笔试+面试,,,学段：小学；学科：特殊教育；招聘职位：小学特殊教育；招聘人数：1,安徽 阜阳临泉县,https://www.xduim.com/zw/jszk,,专业：特殊教育
2024,教师,2024安徽教师招考,临泉县教育局,临泉县教育局 初中历史,本科及以上,专业不限,,笔试+面试,,,学段：初级中学；学科：历史；招聘职位：初中历史；招聘人数：4,安徽 阜阳临泉县,https://www.xduim.com/zw/jszk,,专业：专业不限
2024,教师,2024安徽教师招考,临泉县教育局,临泉县教育局 初中道德与法治,本科及以上,专业不限,,笔试+面试,,,学段：初级中学；学科：道德与法治；招聘职位：初中道德与法治；招聘人数：4,安徽 阜阳临泉县,https://www.xduim.com/zw/jszk,,专业：专业不限
2024,教师,2024安徽教师招考,临泉县教育局,临泉县教育局 初中物理,本科及以上,专业不限,,笔试+面试,,,学段：初级中学；学科：物理；招聘职位：初中物理；招聘人数：2,安徽 阜阳临泉县,https://www.xduim.com/zw/jszk,,专业：专业不限
2024,教师,2024安徽教师招考,临泉县教育局,临泉县教育局 初中化学,本科及以上,专业不限,,笔试+面试,,,学段：初级中学；学科：化学；招聘职位：初中化学；招聘人数：2,安徽 阜阳临泉县,https://www.xduim.com/zw/jszk,,专业：专业不限
2024,教师,2024安徽教师招考,临泉县教育局,临泉县教育局 初中生物,本科及以上,专业不限,,笔试+面试,,,学段：初级中学；学科：生物；招聘职位：初中生物；招聘人数：2,安徽 阜阳临泉县,https://www.xduim.com/zw/jszk,,专业：专业不限
2024,教师,2024安徽教师招考,临泉县教育局,临泉县教育局 初中心理健康教育,本科及以上,专业不限,,笔试+面试,,,学段：初级中学；学科：心理健康教育；招聘职位：初中心理健康教育；招聘人数：2,安徽 阜阳临泉县,https://www.xduim.com/zw/jszk,,专业：专业不限
2024,教师,2024安徽教师招考,临泉县教育局,临泉县教育局 初中音乐,本科及以上,专业不限,,笔试+面试,,,学段：初级中学；学科：音乐；招聘职位：初中音乐；招聘人数：2,安徽 阜阳临泉县,https://www.xduim.com/zw/jszk,,专业：专业不限
2024,教师,2024安徽教师招考,临泉县教育局,临泉县教育局 初中体育,本科及以上,专业不限,,笔试+面试,,,学段：初级中学；学科：体育；招聘职位：初中体育；招聘人数：5,安徽 阜阳临泉县,https://www.xduim.com/zw/jszk,,专业：专业不限
2024,教师,2024安徽教师招考,临泉县教育局,临泉县教育局 初中美术,本科及以上,专业不限,,笔试+面试,,,学段：初级中学；学科：美术；招聘职位：初中美术；招聘人数：1,安徽 阜阳临泉县,https://www.xduim.com/zw/jszk,,专业：专业不限
2024,教师,2024安徽教师招考,临泉县教育局,临泉县教育局 初中信息技术,本科及以上,专业不限,,笔试+面试,,,学段：初级中学；学科：信息技术；招聘职位：初中信息技术；招聘人数：2,安徽 阜阳临泉县,https://www.xduim.com/zw/jszk,,专业：专业不限
2024,教师,2024安徽教师招考,临泉县教育局,临泉县教育局 初中特殊教育,本科及以上,特殊教育,,笔试+面试,,,学段：初级中学；学科：特殊教育；招聘职位：初中特殊教育；招聘人数：1,安徽 阜阳临泉县,https://www.xduim.com/zw/jszk,,专业：特殊教育
2024,教师,2024安徽教师招考,五河县教育体育局,8010021 五河县教育体育局,本科及以上,专业不限,,笔试+面试,,,学段：小学；学科：数学；招聘人数：10,安徽 蚌埠五河县,https://www.xduim.com/zw/jszk,,专业：专业不限
2024,教师,2024安徽教师招考,五河县教育体育局,8010022 五河县教育体育局,本科及以上,专业不限,,笔试+面试,,,学段：小学；学科：数学；招聘人数：9,安徽 蚌埠五河县,https://www.xduim.com/zw/jszk,,专业：专业不限
2024,教师,2024安徽教师招考,五河县教育体育局,8010023 五河县教育体育局,本科及以上,专业不限,,笔试+面试,,,学段：小学；学科：英语；招聘人数：8,安徽 蚌埠五河县,https://www.xduim.com/zw/jszk,,专业：专业不限
2024,教师,2024安徽教师招考,五河县教育体育局,8010024 五河县教育体育局,本科及以上,专业不限,,笔试+面试,,,学段：小学；学科：音乐；招聘人数：3,安徽 蚌埠五河县,https://www.xduim.com/zw/jszk,,专业：专业不限
2024,教师,2024安徽教师招考,五河县教育体育局,8010025 五河县教育体育局,本科及以上,专业不限,,笔试+面试,,,学段：小学；学科：体育；招聘人数：3,安徽 蚌埠五河县,https://www.xduim.com/zw/jszk,,专业：专业不限
2024,教师,2024安徽教师招考,五河县教育体育局,8010026 五河县教育体育局,本科及以上,专业不限,,笔试+面试,,,学段：小学；学科：美术；招聘人数：3,安徽 蚌埠五河县,https://www.xduim.com/zw/jszk,,专业：专业不限
2024,教师,2024安徽教师招考,五河县教育体育局,8010027 五河县教育体育局,本科及以上,特殊教育专业毕业,,笔试+面试,,,学段：小学；学科：特殊教育；招聘人数：1,安徽 蚌埠五河县,https://www.xduim.com/zw/jszk,,专业：特殊教育专业毕业
2023,教师,2023安徽教师招考,五河县教育体育局,2023021 五河县教育体育局 小学数学B组,专科及以上,专业不限,,笔试+面试,,,学段：小学；学科：数学；招聘职位：小学数学B组；招聘人数：10,安徽 蚌埠五河县,https://www.xduim.com/zw/jszk,,专业：专业不限
2023,教师,2023安徽教师招考,五河县教育体育局,2023022 五河县教育体育局 小学英语组,专科及以上,专业不限,,笔试+面试,,,学段：小学；学科：英语；招聘职位：小学英语组；招聘人数：11,安徽 蚌埠五河县,https://www.xduim.com/zw/jszk,,专业：专业不限
2023,教师,2023安徽教师招考,五河县教育体育局,2023023 五河县教育体育局 小学音乐,专科及以上,专业不限,,笔试+面试,,,学段：小学；学科：音乐；招聘职位：小学音乐；招聘人数：2,安徽 蚌埠五河县,https://www.xduim.com/zw/jszk,,专业：专业不限
2023,教师,2023安徽教师招考,五河县教育体育局,2023024 五河县教育体育局 小学体育,专科及以上,专业不限,,笔试+面试,,,学段：小学；学科：体育；招聘职位：小学体育；招聘人数：5,安徽 蚌埠五河县,https://www.xduim.com/zw/jszk,,专业：专业不限
2023,教师,2023安徽教师招考,五河县教育体育局,2023025 五河县教育体育局 小学美术,专科及以上,专业不限,,笔试+面试,,,学段：小学；学科：美术；招聘职位：小学美术；招聘人数：2,安徽 蚌埠五河县,https://www.xduim.com/zw/jszk,,专业：专业不限
2023,教师,2023安徽教师招考,五河县教育体育局,2023026 五河县教育体育局 康复,本科及以上,康复治疗学,,笔试+面试,,,学段：小学；学科：康复；招聘职位：康复；招聘人数：2,安徽 蚌埠五河县,https://www.xduim.com/zw/jszk,,专业：康复治疗学
2023,教师,2023安徽教师招考,安徽省六安第一中学东校区,901136 安徽省六安第一中学东校区 专业技术岗,本科及以上,本科：数学与应用数学（070101） 研究生：本科专业为数学与应用数学（070101），研究生专业与岗位学科一致。,,笔试+面试,,,学科：中学教师岗位（D类）；招聘职位：专业技术岗；招聘人数：1,安徽 六安市直,https://www.xduim.com/zw/jszk,,专业：本科：数学与应用数学（070101） 研究生：本科专业为数学与应用数学（070101），研究生专业与岗位学科一致。
2023,教师,2023安徽教师招考,安徽省六安第一中学东校区,901137 安徽省六安第一中学东校区 专业技术岗,本科及以上,本科：数学与应用数学（070101）； 研究生：本科专业为数学与应用数学（070101），研究生专业与岗位学科一致。,,笔试+面试,,,学科：中学教师岗位（D类）；招聘职位：专业技术岗；招聘人数：1,安徽 六安市直,https://www.xduim.com/zw/jszk,,专业：本科：数学与应用数学（070101）； 研究生：本科专业为数学与应用数学（070101），研究生专业与岗位学科一致。
2023,教师,2023安徽教师招考,安徽省六安第一中学东校区,901138 安徽省六安第一中学东校区 专业技术岗,本科及以上,本科：英语（050201）； 研究生：本科专业为英语（050201），研究生专业与岗位学科一致。,,笔试+面试,,,学科：中学教师岗位（D类）；招聘职位：专业技术岗；招聘人数：1,安徽 六安市直,https://www.xduim.com/zw/jszk,,专业：本科：英语（050201）； 研究生：本科专业为英语（050201），研究生专业与岗位学科一致。
2023,教师,2023安徽教师招考,安徽省六安第一中学东校区,901139 安徽省六安第一中学东校区 专业技术岗,本科及以上,本科：物理学（070201）； 研究生：本科专业为物理学（070201），研究生专业与岗位学科一致。,,笔试+面试,,,学科：中学教师岗位（D类）；招聘职位：专业技术岗；招聘人数：1,安徽 六安市直,https://www.xduim.com/zw/jszk,,专业：本科：物理学（070201）； 研究生：本科专业为物理学（070201），研究生专业与岗位学科一致。
2023,教师,2023安徽教师招考,安徽省六安第一中学东校区,901140 安徽省六安第一中学东校区 专业技术岗,本科及以上,本科：物理学（070201）； 研究生：本科专业为物理学（070201），研究生专业与岗位学科一致。,,笔试+面试,,,学科：中学教师岗位（D类）；招聘职位：专业技术岗；招聘人数：1,安徽 六安市直,https://www.xduim.com/zw/jszk,,专业：本科：物理学（070201）； 研究生：本科专业为物理学（070201），研究生专业与岗位学科一致。
2023,教师,2023安徽教师招考,安徽省六安第一中学东校区,901141 安徽省六安第一中学东校区 专业技术岗,本科及以上,本科：化学（070301）； 研究生：本科专业为化学（070301），研究生专业与岗位学科一致。,,笔试+面试,,,学科：中学教师岗位（D类）；招聘职位：专业技术岗；招聘人数：1,安徽 六安市直,https://www.xduim.com/zw/jszk,,专业：本科：化学（070301）； 研究生：本科专业为化学（070301），研究生专业与岗位学科一致。
2023,教师,2023安徽教师招考,安徽省六安第一中学东校区,901142 安徽省六安第一中学东校区 专业技术岗,本科及以上,本科：地理科学（070501）； 研究生：本科专业为地理科学（070501），研究生专业与岗位学科一致。,,笔试+面试,,,学科：中学教师岗位（D类）；招聘职位：专业技术岗；招聘人数：1,安徽 六安市直,https://www.xduim.com/zw/jszk,,专业：本科：地理科学（070501）； 研究生：本科专业为地理科学（070501），研究生专业与岗位学科一致。
2023,教师,2023安徽教师招考,安徽省六安第一中学东校区,901143 安徽省六安第一中学东校区 专业技术岗,本科及以上,本科：体育教育（040201） 研究生:本科专业为体育教育（040201），研究生专业与岗位学科一致。,,笔试+面试,,,学科：中学教师岗位（D类）；招聘职位：专业技术岗；招聘人数：1,安徽 六安市直,https://www.xduim.com/zw/jszk,,专业：本科：体育教育（040201） 研究生:本科专业为体育教育（040201），研究生专业与岗位学科一致。
2023,教师,2023安徽教师招考,安徽省六安第二中学河西校区,901144 安徽省六安第二中学河西校区 专业技术岗,本科及以上,本科：物理学（070201） 研究生：物理学类（0702）、学科教学（物理）（045105）,,笔试+面试,,,学科：中学教师岗位（D类）；招聘职位：专业技术岗；招聘人数：2,安徽 六安市直,https://www.xduim.com/zw/jszk,,专业：本科：物理学（070201） 研究生：物理学类（0702）、学科教学（物理）（045105）
2023,教师,2023安徽教师招考,安徽省六安第二中学河西校区,901145 安徽省六安第二中学河西校区 专业技术岗,本科及以上,本科：物理学（070201） 研究生：物理学类（0702）、学科教学（物理）（045105）,,笔试+面试,,,学科：中学教师岗位（D类）；招聘职位：专业技术岗；招聘人数：1,安徽 六安市直,https://www.xduim.com/zw/jszk,,专业：本科：物理学（070201） 研究生：物理学类（0702）、学科教学（物理）（045105）
2023,教师,2023安徽教师招考,安徽省六安第二中学河西校区,901146 安徽省六安第二中学河西校区 专业技术岗,本科及以上,本科：历史学（060101）；研究生：历史学（0601）、学科教学（历史）（045109）,,笔试+面试,,,学科：中学教师岗位（D类）；招聘职位：专业技术岗；招聘人数：1,安徽 六安市直,https://www.xduim.com/zw/jszk,,专业：本科：历史学（060101）；研究生：历史学（0601）、学科教学（历史）（045109）
2023,教师,2023安徽教师招考,六安皋城中学,901147 六安皋城中学 专业技术岗,本科及以上,本科：数学与应用数学（070101） 研究生：本科专业为数学与应用数（070101），研究生专业与岗位学科一致,,笔试+面试,,,学科：中学教师岗位（D类）；招聘职位：专业技术岗；招聘人数：1,安徽 六安市直,https://www.xduim.com/zw/jszk,,专业：本科：数学与应用数学（070101） 研究生：本科专业为数学与应用数（070101），研究生专业与岗位学科一致
2023,教师,2023安徽教师招考,六安皋城中学,901148 六安皋城中学 专业技术岗,本科及以上,本科：英语（050201）、商务英语（050262） 研究生：本科专业为英语（050201）、商务英语（050262），研究生专业与岗位学科一致,,笔试+面试,,,学科：中学教师岗位（D类）；招聘职位：专业技术岗；招聘人数：3,安徽 六安市直,https://www.xduim.com/zw/jszk,,专业：本科：英语（050201）、商务英语（050262） 研究生：本科专业为英语（050201）、商务英语（050262），研究生专业与岗位学科一致
2023,教师,2023安徽教师招考,六安皋城中学,901149 六安皋城中学 专业技术岗,本科及以上,本科：物理学类（0702） 研究生：本科专业为物理学类（0702），研究生专业与岗位学科一致,,笔试+面试,,,学科：中学教师岗位（D类）；招聘职位：专业技术岗；招聘人数：1,安徽 六安市直,https://www.xduim.com/zw/jszk,,专业：本科：物理学类（0702） 研究生：本科专业为物理学类（0702），研究生专业与岗位学科一致
2023,教师,2023安徽教师招考,六安皋城中学,901150 六安皋城中学 专业技术岗,本科及以上,本科：化学（070301） 研究生：本科专业为化学（070301），研究生专业与岗位学科一致,,笔试+面试,,,学科：中学教师岗位（D类）；招聘职位：专业技术岗；招聘人数：1,安徽 六安市直,https://www.xduim.com/zw/jszk,,专业：本科：化学（070301） 研究生：本科专业为化学（070301），研究生专业与岗位学科一致
2023,教师,2023安徽教师招考,六安皋城中学,901151 六安皋城中学 专业技术岗,本科及以上,本科：思想政治教育（030503） 研究生：本科专业为思想政治教育（030503），研究生专业与岗位学科一致,,笔试+面试,,,学科：中学教师岗位（D类）；招聘职位：专业技术岗；招聘人数：2,安徽 六安市直,https://www.xduim.com/zw/jszk,,专业：本科：思想政治教育（030503） 研究生：本科专业为思想政治教育（030503），研究生专业与岗位学科一致
2023,教师,2023安徽教师招考,六安皋城中学,901152 六安皋城中学 专业技术岗,本科及以上,本科：历史学（060101） 研究生：本科专业为历史学（060101），研究生专业与岗位学科一致,,笔试+面试,,,学科：中学教师岗位（D类）；招聘职位：专业技术岗；招聘人数：3,安徽 六安市直,https://www.xduim.com/zw/jszk,,专业：本科：历史学（060101） 研究生：本科专业为历史学（060101），研究生专业与岗位学科一致
2023,教师,2023安徽教师招考,六安皋城中学,901153 六安皋城中学 专业技术岗,本科及以上,本科：地理科学（070501） 研究生：本科专业为地理科学（070501） 研究生专业与岗位学科一致,,笔试+面试,,,学科：中学教师岗位（D类）；招聘职位：专业技术岗；招聘人数：2,安徽 六安市直,https://www.xduim.com/zw/jszk,,专业：本科：地理科学（070501） 研究生：本科专业为地理科学（070501） 研究生专业与岗位学科一致
2023,教师,2023安徽教师招考,六安皋城中学,901154 六安皋城中学 专业技术岗,本科及以上,本科：生物科学（071001） 研究生：本科专业为生物科学（071001），研究生专业与岗位学科一致,,笔试+面试,,,学科：中学教师岗位（D类）；招聘职位：专业技术岗；招聘人数：2,安徽 六安市直,https://www.xduim.com/zw/jszk,,专业：本科：生物科学（071001） 研究生：本科专业为生物科学（071001），研究生专业与岗位学科一致
2023,教师,2023安徽教师招考,六安皋城中学,901155 六安皋城中学 专业技术岗,本科及以上,本科：计算机类（0809） 研究生：本科专业为计算机类（0809），研究生专业与岗位学科一致,,笔试+面试,,,学科：中学教师岗位（D类）；招聘职位：专业技术岗；招聘人数：2,安徽 六安市直,https://www.xduim.com/zw/jszk,,专业：本科：计算机类（0809） 研究生：本科专业为计算机类（0809），研究生专业与岗位学科一致
2024,教师,2024安徽教师招考,凤台县教育局,340421001021 凤台县教育局 初中物理,本科及以上,物理学,,笔试+面试,,,学段：初级中学；学科：物理；招聘职位：初中物理；招聘人数：2,安徽 淮南凤台县,https://www.xduim.com/zw/jszk,,专业：物理学
2024,教师,2024安徽教师招考,凤台县教育局,340421001022 凤台县教育局 初中生物,本科及以上,生物科学,,笔试+面试,,,学段：初级中学；学科：生物；招聘职位：初中生物；招聘人数：2,安徽 淮南凤台县,https://www.xduim.com/zw/jszk,,专业：生物科学
2024,教师,2024安徽教师招考,凤台县教育局,340421001023 凤台县教育局 初中美术,本科及以上,美术学,,笔试+面试,,,学段：初级中学；学科：美术；招聘职位：初中美术；招聘人数：1,安徽 淮南凤台县,https://www.xduim.com/zw/jszk,,专业：美术学
2024,教师,2024安徽教师招考,凤台县教育局,340421001024 凤台县教育局 初中信息技术,本科及以上,计算机科学与技术 教育技术学,,笔试+面试,,,学段：初级中学；学科：信息技术；招聘职位：初中信息技术；招聘人数：2,安徽 淮南凤台县,https://www.xduim.com/zw/jszk,,专业：计算机科学与技术 教育技术学
2024,教师,2024安徽教师招考,凤台县教育局,340421001025 凤台县教育局 小学语文A组,本科及以上,专业不限,,笔试+面试,,,学段：小学；学科：语文；招聘职位：小学语文A组；招聘人数：11,安徽 淮南凤台县,https://www.xduim.com/zw/jszk,,专业：专业不限
2024,教师,2024安徽教师招考,凤台县教育局,340421001026 凤台县教育局 小学语文B组,本科及以上,专业不限,,笔试+面试,,,学段：小学；学科：语文；招聘职位：小学语文B组；招聘人数：10,安徽 淮南凤台县,https://www.xduim.com/zw/jszk,,专业：专业不限
2024,教师,2024安徽教师招考,凤台县教育局,340421001027 凤台县教育局 小学数学A组,本科及以上,专业不限,,笔试+面试,,,学段：小学；学科：数学；招聘职位：小学数学A组；招聘人数：12,安徽 淮南凤台县,https://www.xduim.com/zw/jszk,,专业：专业不限
2024,教师,2024安徽教师招考,凤台县教育局,340421001028 凤台县教育局 小学数学B组,本科及以上,专业不限,,笔试+面试,,,学段：小学；学科：数学；招聘职位：小学数学B组；招聘人数：12,安徽 淮南凤台县,https://www.xduim.com/zw/jszk,,专业：专业不限
2024,教师,2024安徽教师招考,凤台县教育局,340421001029 凤台县教育局 小学英语,本科及以上,专业不限,,笔试+面试,,,学段：小学；学科：英语；招聘职位：小学英语；招聘人数：6,安徽 淮南凤台县,https://www.xduim.com/zw/jszk,,专业：专业不限
2024,教师,2024安徽教师招考,凤台县教育局,340421001030 凤台县教育局 小学音乐,本科及以上,专业不限,,笔试+面试,,,学段：小学；学科：音乐；招聘职位：小学音乐；招聘人数：4,安徽 淮南凤台县,https://www.xduim.com/zw/jszk,,专业：专业不限
2024,教师,2024安徽教师招考,凤台县教育局,340421001031 凤台县教育局 小学体育,本科及以上,专业不限,,笔试+面试,,,学段：小学；学科：体育；招聘职位：小学体育；招聘人数：5,安徽 淮南凤台县,https://www.xduim.com/zw/jszk,,专业：专业不限
2024,教师,2024安徽教师招考,凤台县教育局,340421001032 凤台县教育局 小学美术,本科及以上,专业不限,,笔试+面试,,,学段：小学；学科：美术；招聘职位：小学美术；招聘人数：4,安徽 淮南凤台县,https://www.xduim.com/zw/jszk,,专业：专业不限
2024,教师,2024安徽教师招考,凤台县教育局,340421001033 凤台县教育局 小学信息技术,本科及以上,专业不限,,笔试+面试,,,学段：小学；学科：信息技术；招聘职位：小学信息技术；招聘人数：3,安徽 淮南凤台县,https://www.xduim.com/zw/jszk,,专业：专业不限
2024,教师,2024安徽教师招考,凤台县教育局,340421001034 凤台县教育局 特殊教育,本科及以上,专业不限,,笔试+面试,,,学段：小学；学科：特殊教育；招聘职位：特殊教育；招聘人数：1,安徽 淮南凤台县,https://www.xduim.com/zw/jszk,,专业：专业不限
2023,教师,2023安徽教师招考,凤台县教育局,340421001021 凤台县教育局 初中地理,本科及以上,地理科学、地理教育,,笔试+面试,,,学段：初级中学；学科：地理；招聘职位：初中地理；招聘人数：2,安徽 淮南凤台县,https://www.xduim.com/zw/jszk,,专业：地理科学、地理教育
2023,教师,2023安徽教师招考,凤台县教育局,340421001022 凤台县教育局 初中物理,本科及以上,物理学、物理教育,,笔试+面试,,,学段：初级中学；学科：物理；招聘职位：初中物理；招聘人数：1,安徽 淮南凤台县,https://www.xduim.com/zw/jszk,,专业：物理学、物理教育
2023,教师,2023安徽教师招考,凤台县教育局,340421001023 凤台县教育局 初中生物,本科及以上,生物科学,,笔试+面试,,,学段：初级中学；学科：生物；招聘职位：初中生物；招聘人数：3,安徽 淮南凤台县,https://www.xduim.com/zw/jszk,,专业：生物科学
2023,教师,2023安徽教师招考,凤台县教育局,340421001024 凤台县教育局 初中心理健康教育,本科及以上,心理学、应用心理学、教育学,,笔试+面试,,,学段：初级中学；学科：心理健康教育；招聘职位：初中心理健康教育；招聘人数：1,安徽 淮南凤台县,https://www.xduim.com/zw/jszk,,专业：心理学、应用心理学、教育学
2023,教师,2023安徽教师招考,凤台县教育局,340421001025 凤台县教育局 小学语文A组,专科及以上,专业不限,,笔试+面试,,,学段：小学；学科：语文；招聘职位：小学语文A组；招聘人数：13,安徽 淮南凤台县,https://www.xduim.com/zw/jszk,,专业：专业不限
2023,教师,2023安徽教师招考,凤台县教育局,340421001026 凤台县教育局 小学语文B组,专科及以上,专业不限,,笔试+面试,,,学段：小学；学科：语文；招聘职位：小学语文B组；招聘人数：13,安徽 淮南凤台县,https://www.xduim.com/zw/jszk,,专业：专业不限
2023,教师,2023安徽教师招考,凤台县教育局,340421001027 凤台县教育局 小学语文C组,专科及以上,专业不限,,笔试+面试,,,学段：小学；学科：语文；招聘职位：小学语文C组；招聘人数：11,安徽 淮南凤台县,https://www.xduim.com/zw/jszk,,专业：专业不限
2023,教师,2023安徽教师招考,凤台县教育局,340421001028 凤台县教育局 小学数学A组,专科及以上,专业不限,,笔试+面试,,,学段：小学；学科：数学；招聘职位：小学数学A组；招聘人数：13,安徽 淮南凤台县,https://www.xduim.com/zw/jszk,,专业：专业不限
2023,教师,2023安徽教师招考,凤台县教育局,340421001029 凤台县教育局 小学数学B组,专科及以上,专业不限,,笔试+面试,,,学段：小学；学科：数学；招聘职位：小学数学B组；招聘人数：13,安徽 淮南凤台县,https://www.xduim.com/zw/jszk,,专业：专业不限
2023,教师,2023安徽教师招考,凤台县教育局,340421001030 凤台县教育局 小学数学C组,专科及以上,专业不限,,笔试+面试,,,学段：小学；学科：数学；招聘职位：小学数学C组；招聘人数：12,安徽 淮南凤台县,https://www.xduim.com/zw/jszk,,专业：专业不限
2023,教师,2023安徽教师招考,凤台县教育局,340421001031 凤台县教育局 小学英语,专科及以上,专业不限,,笔试+面试,,,学段：小学；学科：英语；招聘职位：小学英语；招聘人数：6,安徽 淮南凤台县,https://www.xduim.com/zw/jszk,,专业：专业不限
2023,教师,2023安徽教师招考,凤台县教育局,340421001032 凤台县教育局 小学音乐,专科及以上,专业不限,,笔试+面试,,,学段：小学；学科：音乐；招聘职位：小学音乐；招聘人数：4,安徽 淮南凤台县,https://www.xduim.com/zw/jszk,,专业：专业不限
2023,教师,2023安徽教师招考,凤台县教育局,340421001033 凤台县教育局 小学体育,专科及以上,专业不限,,笔试+面试,,,学段：小学；学科：体育；招聘职位：小学体育；招聘人数：5,安徽 淮南凤台县,https://www.xduim.com/zw/jszk,,专业：专业不限
2023,教师,2023安徽教师招考,凤台县教育局,340421001034 凤台县教育局 小学体育,专科及以上,专业不限,,笔试+面试,,,学段：小学；学科：体育；招聘职位：小学体育；招聘人数：2,安徽 淮南凤台县,https://www.xduim.com/zw/jszk,,专业：专业不限
2023,教师,2023安徽教师招考,凤台县教育局,340421001035 凤台县教育局 小学美术,专科及以上,专业不限,,笔试+面试,,,学段：小学；学科：美术；招聘职位：小学美术；招聘人数：1,安徽 淮南凤台县,https://www.xduim.com/zw/jszk,,专业：专业不限
2023,教师,2023安徽教师招考,凤台县教育局,340421001036 凤台县教育局 小学信息技术,专科及以上,专业不限,,笔试+面试,,,学段：小学；学科：信息技术；招聘职位：小学信息技术；招聘人数：2,安徽 淮南凤台县,https://www.xduim.com/zw/jszk,,专业：专业不限
2023,教师,2023安徽教师招考,六安皋城中学,901156 六安皋城中学 专业技术岗,本科及以上,本科：音乐学（130202） 研究生：本科专业为音乐学（130202），研究生专业与岗位学科一致,,笔试+面试,,,学科：中学教师岗位（D类）；招聘职位：专业技术岗；招聘人数：2,安徽 六安市直,https://www.xduim.com/zw/jszk,,专业：本科：音乐学（130202） 研究生：本科专业为音乐学（130202），研究生专业与岗位学科一致
2023,教师,2023安徽教师招考,六安市轻工中学,901157 六安市轻工中学 专业技术岗,本科及以上,本科：心理学（071101）、应用心理学（071102） 研究生：心理学（0402）、心理健康教育（045116）,,笔试+面试,,,学科：中学教师岗位（D类）；招聘职位：专业技术岗；招聘人数：1,安徽 六安市直,https://www.xduim.com/zw/jszk,,专业：本科：心理学（071101）、应用心理学（071102） 研究生：心理学（0402）、心理健康教育（045116）
2023,教师,2023安徽教师招考,六安市轻工中学,901158 六安市轻工中学 专业技术岗,本科及以上,计算机科学与技术（080901）,,笔试+面试,,,学科：中学教师岗位（D类）；招聘职位：专业技术岗；招聘人数：1,安徽 六安市直,https://www.xduim.com/zw/jszk,,专业：计算机科学与技术（080901）
2023,教师,2023安徽教师招考,六安市轻工中学,901159 六安市轻工中学 专业技术岗,本科及以上,体育教育（040201）,,笔试+面试,,,学科：中学教师岗位（D类）；招聘职位：专业技术岗；招聘人数：1,安徽 六安市直,https://www.xduim.com/zw/jszk,,专业：体育教育（040201）
2023,教师,2023安徽教师招考,六安市轻工中学,901160 六安市轻工中学 专业技术岗,本科及以上,专业不限,,笔试+面试,,,学科：中学教师岗位（D类）；招聘职位：专业技术岗；招聘人数：2,安徽 六安市直,https://www.xduim.com/zw/jszk,,专业：专业不限
2023,教师,2023安徽教师招考,六安市轻工中学,901161 六安市轻工中学 专业技术岗,本科及以上,专业不限,,笔试+面试,,,学科：中学教师岗位（D类）；招聘职位：专业技术岗；招聘人数：2,安徽 六安市直,https://www.xduim.com/zw/jszk,,专业：专业不限
2023,教师,2023安徽教师招考,六安市轻工中学,901162 六安市轻工中学 专业技术岗,本科及以上,专业不限,,笔试+面试,,,学科：中学教师岗位（D类）；招聘职位：专业技术岗；招聘人数：2,安徽 六安市直,https://www.xduim.com/zw/jszk,,专业：专业不限
2023,教师,2023安徽教师招考,六安市轻工中学,901163 六安市轻工中学 专业技术岗,本科及以上,地理科学（070501）,,笔试+面试,,,学科：中学教师岗位（D类）；招聘职位：专业技术岗；招聘人数：1,安徽 六安市直,https://www.xduim.com/zw/jszk,,专业：地理科学（070501）
2023,教师,2023安徽教师招考,皖西中学,901164 皖西中学 专业技术岗,本科及以上,本科：化学类（0703） 研究生：本科专业为化学类（0703），研究生专业与岗位学科一致,,笔试+面试,,,学科：中学教师岗位（D类）；招聘职位：专业技术岗；招聘人数：2,安徽 六安市直,https://www.xduim.com/zw/jszk,,专业：本科：化学类（0703） 研究生：本科专业为化学类（0703），研究生专业与岗位学科一致
2023,教师,2023安徽教师招考,皖西中学,901165 皖西中学 专业技术岗,本科及以上,本科：化学类（0703） 研究生：本科专业为化学类（0703），研究生专业与岗位学科一致,,笔试+面试,,,学科：中学教师岗位（D类）；招聘职位：专业技术岗；招聘人数：1,安徽 六安市直,https://www.xduim.com/zw/jszk,,专业：本科：化学类（0703） 研究生：本科专业为化学类（0703），研究生专业与岗位学科一致
2023,教师,2023安徽教师招考,皖西中学,901166 皖西中学 专业技术岗,本科及以上,本科：物理学类（0702） 研究生：本科专业为物理学类（0702），研究生专业与岗位学科一致,,笔试+面试,,,学科：中学教师岗位（D类）；招聘职位：专业技术岗；招聘人数：1,安徽 六安市直,https://www.xduim.com/zw/jszk,,专业：本科：物理学类（0702） 研究生：本科专业为物理学类（0702），研究生专业与岗位学科一致
2023,教师,2023安徽教师招考,六安中学,901167 六安中学 专业技术岗,本科及以上,本科：物理学（070201） 研究生：本科专业为物理学（070201），研究生专业与岗位学科一致,,笔试+面试,,,学科：中学教师岗位（D类）；招聘职位：专业技术岗；招聘人数：1,安徽 六安市直,https://www.xduim.com/zw/jszk,,专业：本科：物理学（070201） 研究生：本科专业为物理学（070201），研究生专业与岗位学科一致
2023,教师,2023安徽教师招考,六安中学,901168 六安中学 专业技术岗,本科及以上,本科：心理学（071101）、应用心理学（071102） 研究生：本科专业为心理学（071101）、应用心理学（071102），研究生专业与岗位学科一致,,笔试+面试,,,学科：中学教师岗位（D类）；招聘职位：专业技术岗；招聘人数：1,安徽 六安市直,https://www.xduim.com/zw/jszk,,专业：本科：心理学（071101）、应用心理学（071102） 研究生：本科专业为心理学（071101）、应用心理学（071102），研究生专业与岗位学科一致
2023,教师,2023安徽教师招考,六安市特殊教育学校,901169 六安市特殊教育学校 专业技术岗,本科及以上,本科：特殊教育（040108） 研究生：特殊教育学（040109）,,笔试+面试,,,学科：小学教师岗位（D类）；招聘职位：专业技术岗；招聘人数：1,安徽 六安市直,https://www.xduim.com/zw/jszk,,专业：本科：特殊教育（040108） 研究生：特殊教育学（040109）
2023,教师,2023安徽教师招考,六安市特殊教育学校,901170 六安市特殊教育学校 专业技术岗,本科及以上,本科：特殊教育（040108） 研究生：特殊教育学（040109）,,笔试+面试,,,学科：小学教师岗位（D类）；招聘职位：专业技术岗；招聘人数：1,安徽 六安市直,https://www.xduim.com/zw/jszk,,专业：本科：特殊教育（040108） 研究生：特殊教育学（040109）
2023,教师,2023安徽教师招考,六安经济技术开发区皋陶学校,901171 六安经济技术开发区皋陶学校 专业技术岗,本科及以上,本科：中国语言文学类(0501)、小学教育(040107) 研究生：中国语言文学类(0501)、小学教育(045115),,笔试+面试,,,学科：小学教师岗位（D类）；招聘职位：专业技术岗；招聘人数：3,安徽 六安市直,https://www.xduim.com/zw/jszk,,专业：本科：中国语言文学类(0501)、小学教育(040107) 研究生：中国语言文学类(0501)、小学教育(045115)
2023,教师,2023安徽教师招考,六安经济技术开发区皋陶学校,901172 六安经济技术开发区皋陶学校 专业技术岗,本科及以上,本科：数学类(0701)、小学教育(040107) 研究生：数学类(0701)、小学教育(045115),,笔试+面试,,,学科：小学教师岗位（D类）；招聘职位：专业技术岗；招聘人数：2,安徽 六安市直,https://www.xduim.com/zw/jszk,,专业：本科：数学类(0701)、小学教育(040107) 研究生：数学类(0701)、小学教育(045115)
2024,教师,2024安徽教师招考,凤阳县教育体育局,凤阳县教育体育局 小学体育,本科及以上,本科：体育学类；研究生：体育学、体育、学科教学(体育),,笔试+面试,,,学段：小学；学科：体育；招聘职位：小学体育；招聘人数：4,安徽 滁州凤阳县,https://www.xduim.com/zw/jszk,,专业：本科：体育学类；研究生：体育学、体育、学科教学(体育)
2024,教师,2024安徽教师招考,凤阳县教育体育局,凤阳县教育体育局 小学美术,本科及以上,本科：美术学类、设计学类、戏剧影视美术设计、动画、艺术教育；研究生：美术学、设计学、设计艺术学、艺术设计、学科教学（美术）,,笔试+面试,,,学段：小学；学科：美术；招聘职位：小学美术；招聘人数：1,安徽 滁州凤阳县,https://www.xduim.com/zw/jszk,,专业：本科：美术学类、设计学类、戏剧影视美术设计、动画、艺术教育；研究生：美术学、设计学、设计艺术学、艺术设计、学科教学（美术）
2024,教师,2024安徽教师招考,凤阳县教育体育局,凤阳县教育体育局 小学信息科技,本科及以上,本科：计算机类、教育技术学；研究生：计算机科学与技术、教育技术学、现代教育技术、科学与技术教育、计算机技术、软件工程、人工智能、大数据、网络信息（空间）安全、遥感（智能）科学与技术,,笔试+面试,,,学段：小学；学科：信息科技；招聘职位：小学信息科技；招聘人数：1,安徽 滁州凤阳县,https://www.xduim.com/zw/jszk,,专业：本科：计算机类、教育技术学；研究生：计算机科学与技术、教育技术学、现代教育技术、科学与技术教育、计算机技术、软件工程、人工智能、大数据、网络信息（空间）安全、遥感（智能）科学与技术
2024,教师,2024安徽教师招考,凤阳县教育体育局,凤阳县教育体育局 心理健康教育,本科及以上,本科：心理学类；研究生：心理学、心理健康教育、应用心理,,笔试+面试,,,学段：小学；学科：心理健康；招聘职位：心理健康教育；招聘人数：1,安徽 滁州凤阳县,https://www.xduim.com/zw/jszk,,专业：本科：心理学类；研究生：心理学、心理健康教育、应用心理
2024,教师,2024安徽教师招考,凤阳县教育体育局,凤阳县教育体育局 特殊教育,本科及以上,本科：特殊教育、教育康复学、认知科学与技术；研究生：特殊教育学、特殊教育,,笔试+面试,,,学段：小学；学科：特殊教育；招聘职位：特殊教育；招聘人数：1,安徽 滁州凤阳县,https://www.xduim.com/zw/jszk,,专业：本科：特殊教育、教育康复学、认知科学与技术；研究生：特殊教育学、特殊教育
2023,教师,2023安徽教师招考,凤阳县教育体育局,凤阳县教育体育局 小学数学D,专科及以上,专业不限,,笔试+面试,,,学段：小学；学科：数学；招聘职位：小学数学D；招聘人数：2,安徽 滁州凤阳县,https://www.xduim.com/zw/jszk,,专业：专业不限
2023,教师,2023安徽教师招考,凤阳县教育体育局,凤阳县教育体育局 小学英语A,本科及以上,本科：外国语言文学类、教育学类 研究生：英语语言文学、外国语言文学、外国语言学及应用语言学、学科教学（英语）、翻译（英语方向）、课程与教学论（英语方向）,,笔试+面试,,,学段：小学；学科：英语；招聘职位：小学英语A；招聘人数：2,安徽 滁州凤阳县,https://www.xduim.com/zw/jszk,,专业：本科：外国语言文学类、教育学类 研究生：英语语言文学、外国语言文学、外国语言学及应用语言学、学科教学（英语）、翻译（英语方向）、课程与教学论（英语方向）
2023,教师,2023安徽教师招考,凤阳县教育体育局,凤阳县教育体育局 小学英语B,专科及以上,专业不限,,笔试+面试,,,学段：小学；学科：英语；招聘职位：小学英语B；招聘人数：4,安徽 滁州凤阳县,https://www.xduim.com/zw/jszk,,专业：专业不限
2023,教师,2023安徽教师招考,凤阳县教育体育局,凤阳县教育体育局 小学音乐,本科及以上,本科：音乐与舞蹈学类、艺术教育 研究生：音乐学、音乐与舞蹈学、音乐、学科教学（音乐）,,笔试+面试,,,学段：小学；学科：音乐；招聘职位：小学音乐；招聘人数：1,安徽 滁州凤阳县,https://www.xduim.com/zw/jszk,,专业：本科：音乐与舞蹈学类、艺术教育 研究生：音乐学、音乐与舞蹈学、音乐、学科教学（音乐）
2023,教师,2023安徽教师招考,凤阳县教育体育局,凤阳县教育体育局 小学体育,本科及以上,本科：体育学类 研究生：体育学、体育、学科教学(体育),,笔试+面试,,,学段：小学；学科：体育；招聘职位：小学体育；招聘人数：2,安徽 滁州凤阳县,https://www.xduim.com/zw/jszk,,专业：本科：体育学类 研究生：体育学、体育、学科教学(体育)
2023,教师,2023安徽教师招考,凤阳县教育体育局,凤阳县教育体育局 小学美术,本科及以上,本科：美术学类、艺术教育 研究生：美术学、美术、学科教学（美术）,,笔试+面试,,,学段：小学；学科：美术；招聘职位：小学美术；招聘人数：1,安徽 滁州凤阳县,https://www.xduim.com/zw/jszk,,专业：本科：美术学类、艺术教育 研究生：美术学、美术、学科教学（美术）
2024,教师,2024安徽教师招考,南谯区教育体育局,南谯区教育体育局 初中体育,本科及以上,本科：体育学类；研究生：体育学、体育、学科教学(体育),,笔试+面试,,,学段：初级中学；学科：体育；招聘职位：初中体育；招聘人数：4,安徽 滁州南谯区,https://www.xduim.com/zw/jszk,,专业：本科：体育学类；研究生：体育学、体育、学科教学(体育)
2024,教师,2024安徽教师招考,南谯区教育体育局,南谯区教育体育局 小学音乐,本科及以上,本科：音乐与舞蹈学类、艺术教育；研究生：音乐学、舞蹈学、音乐与舞蹈学、音乐、舞蹈、学科教学（音乐）,,笔试+面试,,,学段：小学；学科：音乐；招聘职位：小学音乐；招聘人数：4,安徽 滁州南谯区,https://www.xduim.com/zw/jszk,,专业：本科：音乐与舞蹈学类、艺术教育；研究生：音乐学、舞蹈学、音乐与舞蹈学、音乐、舞蹈、学科教学（音乐）
2024,教师,2024安徽教师招考,南谯区教育体育局,南谯区教育体育局 初中音乐,本科及以上,本科：音乐与舞蹈学类、艺术教育；研究生：音乐学、舞蹈学、音乐与舞蹈学、音乐、舞蹈、学科教学（音乐）,,笔试+面试,,,学段：初级中学；学科：音乐；招聘职位：初中音乐；招聘人数：2,安徽 滁州南谯区,https://www.xduim.com/zw/jszk,,专业：本科：音乐与舞蹈学类、艺术教育；研究生：音乐学、舞蹈学、音乐与舞蹈学、音乐、舞蹈、学科教学（音乐）
2024,教师,2024安徽教师招考,南谯区教育体育局,南谯区教育体育局 小学美术,本科及以上,本科：美术学类、设计学类、戏剧影视美术设计、动画、艺术教育；研究生：美术学、设计学、设计艺术学、艺术设计、学科教学（美术）,,笔试+面试,,,学段：小学；学科：美术；招聘职位：小学美术；招聘人数：3,安徽 滁州南谯区,https://www.xduim.com/zw/jszk,,专业：本科：美术学类、设计学类、戏剧影视美术设计、动画、艺术教育；研究生：美术学、设计学、设计艺术学、艺术设计、学科教学（美术）
2024,教师,2024安徽教师招考,南谯区教育体育局,南谯区教育体育局 初中美术,本科及以上,本科：美术学类、设计学类、戏剧影视美术设计、动画、艺术教育；研究生：美术学、设计学、设计艺术学、艺术设计、学科教学（美术）,,笔试+面试,,,学段：初级中学；学科：美术；招聘职位：初中美术；招聘人数：2,安徽 滁州南谯区,https://www.xduim.com/zw/jszk,,专业：本科：美术学类、设计学类、戏剧影视美术设计、动画、艺术教育；研究生：美术学、设计学、设计艺术学、艺术设计、学科教学（美术）
2024,教师,2024安徽教师招考,南谯区教育体育局,南谯区教育体育局 心理健康教育,本科及以上,本科：心理学类；研究生：心理学、心理健康教育、应用心理,,笔试+面试,,,学段：小学；学科：心理健康；招聘职位：心理健康教育；招聘人数：4,安徽 滁州南谯区,https://www.xduim.com/zw/jszk,,专业：本科：心理学类；研究生：心理学、心理健康教育、应用心理
2024,教师,2024安徽教师招考,南谯区教育体育局,南谯区教育体育局 心理健康教育,本科及以上,本科：心理学类；研究生：心理学、心理健康教育、应用心理,,笔试+面试,,,学段：初级中学；学科：心理健康；招聘职位：心理健康教育；招聘人数：2,安徽 滁州南谯区,https://www.xduim.com/zw/jszk,,专业：本科：心理学类；研究生：心理学、心理健康教育、应用心理
2024,教师,2024安徽教师招考,南谯区教育体育局,南谯区教育体育局 初中化学,本科及以上,本科：化学类；研究生：化学、学科教学（化学）、课程与教学论（化学方向）,,笔试+面试,,,学段：初级中学；学科：化学；招聘职位：初中化学；招聘人数：4,安徽 滁州南谯区,https://www.xduim.com/zw/jszk,,专业：本科：化学类；研究生：化学、学科教学（化学）、课程与教学论（化学方向）
2023,教师,2023安徽教师招考,南谯区教育体育局,南谯区教育体育局 小学音乐,本科及以上,本科：音乐与舞蹈学类，艺术教育，小学教育；研究生：音乐学、舞蹈学、音乐与舞蹈学、音乐、舞蹈、学科教学（音乐）、小学教育,,笔试+面试,,,学段：小学；学科：音乐；招聘职位：小学音乐；招聘人数：4,安徽 滁州南谯区,https://www.xduim.com/zw/jszk,,专业：本科：音乐与舞蹈学类，艺术教育，小学教育；研究生：音乐学、舞蹈学、音乐与舞蹈学、音乐、舞蹈、学科教学（音乐）、小学教育
2023,教师,2023安徽教师招考,南谯区教育体育局,南谯区教育体育局 初中音乐,本科及以上,本科：音乐与舞蹈学类，艺术教育；研究生：音乐学、舞蹈学、音乐与舞蹈学、音乐、舞蹈、学科教学（音乐）,,笔试+面试,,,学段：初级中学；学科：音乐；招聘职位：初中音乐；招聘人数：2,安徽 滁州南谯区,https://www.xduim.com/zw/jszk,,专业：本科：音乐与舞蹈学类，艺术教育；研究生：音乐学、舞蹈学、音乐与舞蹈学、音乐、舞蹈、学科教学（音乐）
2023,教师,2023安徽教师招考,南谯区教育体育局,南谯区教育体育局 小学美术,本科及以上,本科：美术学类、设计学类、戏剧影视美术设计、动画、艺术教育、小学教育；研究生：美术学、设计学、设计艺术学、艺术设计、学科教学（美术）、小学教育,,笔试+面试,,,学段：小学；学科：美术；招聘职位：小学美术；招聘人数：4,安徽 滁州南谯区,https://www.xduim.com/zw/jszk,,专业：本科：美术学类、设计学类、戏剧影视美术设计、动画、艺术教育、小学教育；研究生：美术学、设计学、设计艺术学、艺术设计、学科教学（美术）、小学教育
2023,教师,2023安徽教师招考,南谯区教育体育局,南谯区教育体育局 初中美术,本科及以上,本科：美术学类、设计学类、戏剧影视美术设计、动画、艺术教育；研究生：美术学、设计学、设计艺术学、艺术设计、学科教学（美术）,,笔试+面试,,,学段：初级中学；学科：美术；招聘职位：初中美术；招聘人数：2,安徽 滁州南谯区,https://www.xduim.com/zw/jszk,,专业：本科：美术学类、设计学类、戏剧影视美术设计、动画、艺术教育；研究生：美术学、设计学、设计艺术学、艺术设计、学科教学（美术）
2024,教师,2024安徽教师招考,合肥市第五中学,10505 合肥市第五中学 高中化学,本科及以上,本科：化学专业、应用化学专业；硕士研究生及以上专业不限，其本科须是化学专业、应用化学专业。,,笔试+面试,,,学段：高级中学；学科：化学(高级中学)；招聘职位：高中化学；招聘人数：3,安徽 合肥市直,https://www.xduim.com/zw/jszk,,专业：本科：化学专业、应用化学专业；硕士研究生及以上专业不限，其本科须是化学专业、应用化学专业。
2024,教师,2024安徽教师招考,合肥市第五中学,10506 合肥市第五中学 高中思想政治,本科及以上,本科：思想政治教育专业；硕士研究生及以上专业不限，其本科须是思想政治教育专业。,,笔试+面试,,,学段：高级中学；学科：思想政治(高级中学)；招聘职位：高中思想政治；招聘人数：1,安徽 合肥市直,https://www.xduim.com/zw/jszk,,专业：本科：思想政治教育专业；硕士研究生及以上专业不限，其本科须是思想政治教育专业。
2024,教师,2024安徽教师招考,合肥市第六中学,10601 合肥市第六中学 高中英语,研究生及以上,硕士研究生及以上专业不限，其本科须是英语专业。,,笔试+面试,,,学段：高级中学；学科：英语(高级中学)；招聘职位：高中英语；招聘人数：1,安徽 合肥市直,https://www.xduim.com/zw/jszk,,专业：硕士研究生及以上专业不限，其本科须是英语专业。
2024,教师,2024安徽教师招考,合肥市第七中学,10701 合肥市第七中学 高中化学,本科及以上,硕士研究生及以上专业不限，其本科须是化学专业。,,笔试+面试,,,学段：高级中学；学科：化学（高级中学）；招聘职位：高中化学；招聘人数：1,安徽 合肥市直,https://www.xduim.com/zw/jszk,,专业：硕士研究生及以上专业不限，其本科须是化学专业。
2024,教师,2024安徽教师招考,合肥市第七中学,10702 合肥市第七中学 高中体育,本科及以上,硕士研究生及以上专业不限，其本科须是体育教育专业。,,笔试+面试,,,学段：高级中学；学科：体育与健康(高级中学)；招聘职位：高中体育；招聘人数：1,安徽 合肥市直,https://www.xduim.com/zw/jszk,,专业：硕士研究生及以上专业不限，其本科须是体育教育专业。
2024,教师,2024安徽教师招考,合肥市第八中学,10801 合肥市第八中学 高中语文,本科及以上,本科：汉语言文学专业、 汉语言专业；硕士研究生及以上专业不限，其本科须是汉语言文学专业、汉语言专业。,,笔试+面试,,,学段：高级中学；学科：语文(高级中学)；招聘职位：高中语文；招聘人数：2,安徽 合肥市直,https://www.xduim.com/zw/jszk,,专业：本科：汉语言文学专业、 汉语言专业；硕士研究生及以上专业不限，其本科须是汉语言文学专业、汉语言专业。
2024,教师,2024安徽教师招考,合肥市第八中学,10802 合肥市第八中学 高中数学,本科及以上,本科：数学与应用数学专业；硕士研究生及以上专业不限，其本科须是数学与应用数学专业。,,笔试+面试,,,学段：高级中学；学科：数学(高级中学)；招聘职位：高中数学；招聘人数：3,安徽 合肥市直,https://www.xduim.com/zw/jszk,,专业：本科：数学与应用数学专业；硕士研究生及以上专业不限，其本科须是数学与应用数学专业。
2024,教师,2024安徽教师招考,合肥市第八中学,10803 合肥市第八中学 高中物理,本科及以上,本科：物理学专业、应用物理学专业；硕士研究生及以上专业不限，其本科须是物理学专业、应用物理学专业。,,笔试+面试,,,学段：高级中学；学科：物理(高级中学)；招聘职位：高中物理；招聘人数：1,安徽 合肥市直,https://www.xduim.com/zw/jszk,,专业：本科：物理学专业、应用物理学专业；硕士研究生及以上专业不限，其本科须是物理学专业、应用物理学专业。
2024,教师,2024安徽教师招考,合肥市第八中学,10804 合肥市第八中学 高中化学,本科及以上,本科：化学专业、应用化学专业；硕士研究生及以上专业不限，其本科须是化学专业、应用化学专业。,,笔试+面试,,,学段：高级中学；学科：化学(高级中学)；招聘职位：高中化学；招聘人数：2,安徽 合肥市直,https://www.xduim.com/zw/jszk,,专业：本科：化学专业、应用化学专业；硕士研究生及以上专业不限，其本科须是化学专业、应用化学专业。
2024,教师,2024安徽教师招考,合肥市第八中学,10805 合肥市第八中学 高中生物,本科及以上,本科：生物科学专业；硕士研究生及以上专业不限，其本科须是生物科学专业。,,笔试+面试,,,学段：高级中学；学科：生物(高级中学)；招聘职位：高中生物；招聘人数：3,安徽 合肥市直,https://www.xduim.com/zw/jszk,,专业：本科：生物科学专业；硕士研究生及以上专业不限，其本科须是生物科学专业。
2024,教师,2024安徽教师招考,合肥市第八中学,10806 合肥市第八中学 高中历史,本科及以上,本科：历史学专业； 硕士研究生及以上专业不限，其本科须是历史学专业。,,笔试+面试,,,学段：高级中学；学科：历史(高级中学)；招聘职位：高中历史；招聘人数：1,安徽 合肥市直,https://www.xduim.com/zw/jszk,,专业：本科：历史学专业； 硕士研究生及以上专业不限，其本科须是历史学专业。
2024,教师,2024安徽教师招考,合肥市第九中学,10901 合肥市第九中学 高中语文,本科及以上,本科：汉语言文学专业；硕士研究生及以上专业不限，其本科须是汉语言文学专业。,,笔试+面试,,,学段：高级中学；学科：语文(高级中学)；招聘职位：高中语文；招聘人数：6,安徽 合肥市直,https://www.xduim.com/zw/jszk,,专业：本科：汉语言文学专业；硕士研究生及以上专业不限，其本科须是汉语言文学专业。
2024,教师,2024安徽教师招考,合肥市第九中学,10902 合肥市第九中学 高中数学,本科及以上,本科：数学与应用数学专业；硕士研究生及以上专业不限，其本科须是数学与应用数学专业。,,笔试+面试,,,学段：高级中学；学科：数学(高级中学)；招聘职位：高中数学；招聘人数：7,安徽 合肥市直,https://www.xduim.com/zw/jszk,,专业：本科：数学与应用数学专业；硕士研究生及以上专业不限，其本科须是数学与应用数学专业。
2024,教师,2024安徽教师招考,合肥市第九中学,10903 合肥市第九中学 高中英语,本科及以上,本科：英语专业；硕士研究生及以上专业不限，其本科须是英语专业。,,笔试+面试,,,学段：高级中学；学科：英语(高级中学)；招聘职位：高中英语；招聘人数：5,安徽 合肥市直,https://www.xduim.com/zw/jszk,,专业：本科：英语专业；硕士研究生及以上专业不限，其本科须是英语专业。
2024,教师,2024安徽教师招考,合肥市第九中学,10904 合肥市第九中学 高中物理,本科及以上,本科：物理学专业；硕士研究生及以上专业不限，其本科须是物理学专业。,,笔试+面试,,,学段：高级中学；学科：物理(高级中学)；招聘职位：高中物理；招聘人数：1,安徽 合肥市直,https://www.xduim.com/zw/jszk,,专业：本科：物理学专业；硕士研究生及以上专业不限，其本科须是物理学专业。
2024,教师,2024安徽教师招考,合肥市第十中学,11001 合肥市第十中学 高中语文,本科及以上,本科：汉语言文学专业、 汉语言专业；硕士研究生及以上专业不限，其本科须是汉语言文学专业、 汉语言专业。,,笔试+面试,,,学段：高级中学；学科：语文(高级中学)；招聘职位：高中语文；招聘人数：1,安徽 合肥市直,https://www.xduim.com/zw/jszk,,专业：本科：汉语言文学专业、 汉语言专业；硕士研究生及以上专业不限，其本科须是汉语言文学专业、 汉语言专业。
2024,教师,2024安徽教师招考,合肥市第十中学,11002 合肥市第十中学 高中数学,本科及以上,本科：数学与应用数学专业；硕士研究生及以上专业不限，其本科须是数学与应用数学专业。,,笔试+面试,,,学段：高级中学；学科：数学(高级中学)；招聘职位：高中数学；招聘人数：2,安徽 合肥市直,https://www.xduim.com/zw/jszk,,专业：本科：数学与应用数学专业；硕士研究生及以上专业不限，其本科须是数学与应用数学专业。
2024,教师,2024安徽教师招考,合肥市第十中学,11003 合肥市第十中学 高中英语,本科及以上,本科：英语专业；硕士研究生以上专业不限，其本科须是英语专业。,,笔试+面试,,,学段：高级中学；学科：英语(高级中学)；招聘职位：高中英语；招聘人数：1,安徽 合肥市直,https://www.xduim.com/zw/jszk,,专业：本科：英语专业；硕士研究生以上专业不限，其本科须是英语专业。
2024,教师,2024安徽教师招考,合肥市第十中学,11004 合肥市第十中学 高中物理,本科及以上,本科：物理学专业、应用物理学专业；硕士研究生及以上专业不限，其本科须是物理学专业、应用物理学专业。,,笔试+面试,,,学段：高级中学；学科：物理(高级中学)；招聘职位：高中物理；招聘人数：3,安徽 合肥市直,https://www.xduim.com/zw/jszk,,专业：本科：物理学专业、应用物理学专业；硕士研究生及以上专业不限，其本科须是物理学专业、应用物理学专业。
2024,教师,2024安徽教师招考,合肥市第十中学,11005 合肥市第十中学 高中化学,本科及以上,本科：化学专业、 应用化学专业；硕士研究生及以上专业不限，其本科须是化学专业、 应用化学专业。,,笔试+面试,,,学段：高级中学；学科：化学(高级中学)；招聘职位：高中化学；招聘人数：2,安徽 合肥市直,https://www.xduim.com/zw/jszk,,专业：本科：化学专业、 应用化学专业；硕士研究生及以上专业不限，其本科须是化学专业、 应用化学专业。
2024,教师,2024安徽教师招考,合肥市第十中学,11006 合肥市第十中学 高中思想政治,本科及以上,本科：思想政治教育专业；硕士研究生及以上专业不限，其本科须是思想政治教育专业。,,笔试+面试,,,学段：高级中学；学科：思想政治(高级中学)；招聘职位：高中思想政治；招聘人数：1,安徽 合肥市直,https://www.xduim.com/zw/jszk,,专业：本科：思想政治教育专业；硕士研究生及以上专业不限，其本科须是思想政治教育专业。
2024,教师,2024安徽教师招考,合肥市第十中学,11007 合肥市第十中学 高中体育,本科及以上,本科：体育教育专业；硕士研究生及以上专业不限，其本科须是体育教育专业。,,笔试+面试,,,学段：高级中学；学科：体育与健康(高级中学)；招聘职位：高中体育；招聘人数：1,安徽 合肥市直,https://www.xduim.com/zw/jszk,,专业：本科：体育教育专业；硕士研究生及以上专业不限，其本科须是体育教育专业。
2024,教师,2024安徽教师招考,合肥市第三十五中学,11101 合肥市第三十五中学 高中物理,本科及以上,本科：物理学类；硕士研究生及以上专业不限，其本科须是物理学类。,,笔试+面试,,,学段：高级中学；学科：物理(高级中学)；招聘职位：高中物理；招聘人数：1,安徽 合肥市直,https://www.xduim.com/zw/jszk,,专业：本科：物理学类；硕士研究生及以上专业不限，其本科须是物理学类。
2024,教师,2024安徽教师招考,合肥市第三十五中学,11102 合肥市第三十五中学 高中体育,本科及以上,本科：体育教育专业； 硕士研究生及以上专业不限，其本科须是体育教育专业。,,笔试+面试,,,学段：高级中学；学科：体育与健康(高级中学)；招聘职位：高中体育；招聘人数：1,安徽 合肥市直,https://www.xduim.com/zw/jszk,,专业：本科：体育教育专业； 硕士研究生及以上专业不限，其本科须是体育教育专业。
2024,教师,2024安徽教师招考,合肥一六八中学,11201 合肥一六八中学 高中数学,本科及以上,本科：数学与应用数学专业；硕士研究生及以上专业不限，其本科须是数学与应用数学专业。,,笔试+面试,,,学段：高级中学；学科：数学(高级中学)；招聘职位：高中数学；招聘人数：1,安徽 合肥市直,https://www.xduim.com/zw/jszk,,专业：本科：数学与应用数学专业；硕士研究生及以上专业不限，其本科须是数学与应用数学专业。
2024,教师,2024安徽教师招考,合肥特殊教育中心,11301 合肥特殊教育中心 小学特殊教育,本科及以上,本科：教育康复学专业、康复治疗学专业；硕士研究生及以上专业不限，其本科须是教育康复学专业、康复治疗学专业。,,笔试+面试,,,学段：小学；学科：特殊教育(小学)；招聘职位：小学特殊教育；招聘人数：1,安徽 合肥市直,https://www.xduim.com/zw/jszk,,专业：本科：教育康复学专业、康复治疗学专业；硕士研究生及以上专业不限，其本科须是教育康复学专业、康复治疗学专业。
2024,教师,2024安徽教师招考,合肥特殊教育中心,11302 合肥特殊教育中心 小学特殊教育,本科及以上,本科：教育康复学专业、康复治疗学专业；硕士研究生及以上专业不限，其本科须是教育康复学专业、康复治疗学专业。,,笔试+面试,,,学段：小学；学科：特殊教育(小学)；招聘职位：小学特殊教育；招聘人数：1,安徽 合肥市直,https://www.xduim.com/zw/jszk,,专业：本科：教育康复学专业、康复治疗学专业；硕士研究生及以上专业不限，其本科须是教育康复学专业、康复治疗学专业。
2024,教师,2024安徽教师招考,合肥特殊教育中心,11303 合肥特殊教育中心 高中特殊教育,研究生及以上,硕士研究生及以上：特殊教育学专业、特殊教育专业。,,笔试+面试,,,学段：高级中学；学科：特殊教育(高级中学)；招聘职位：高中特殊教育；招聘人数：1,安徽 合肥市直,https://www.xduim.com/zw/jszk,,专业：硕士研究生及以上：特殊教育学专业、特殊教育专业。
2024,教师,2024安徽教师招考,合肥特殊教育中心,11304 合肥特殊教育中心 高中特殊教育,研究生及以上,硕士研究生及以上：特殊教育学专业、特殊教育专业。,,笔试+面试,,,学段：高级中学；学科：特殊教育(高级中学)；招聘职位：高中特殊教育；招聘人数：1,安徽 合肥市直,https://www.xduim.com/zw/jszk,,专业：硕士研究生及以上：特殊教育学专业、特殊教育专业。
2024,教师,2024安徽教师招考,合肥特殊教育中心,11305 合肥特殊教育中心 高中数学,研究生及以上,硕士研究生及以上专业不限，其本科须是数学与应用数学专业、数理基础科学专业。,,笔试+面试,,,学段：高级中学；学科：数学（高级中学）；招聘职位：高中数学；招聘人数：1,安徽 合肥市直,https://www.xduim.com/zw/jszk,,专业：硕士研究生及以上专业不限，其本科须是数学与应用数学专业、数理基础科学专业。
2024,教师,2024安徽教师招考,合肥特殊教育中心,11306 合肥特殊教育中心 高中音乐,研究生及以上,硕士研究生及以上专业不限，其本科须是舞蹈表演专业、舞蹈编导专业、舞蹈教育专业、流行舞蹈专业。,,笔试+面试,,,学段：高级中学；学科：音乐（高级中学）；招聘职位：高中音乐；招聘人数：1,安徽 合肥市直,https://www.xduim.com/zw/jszk,,专业：硕士研究生及以上专业不限，其本科须是舞蹈表演专业、舞蹈编导专业、舞蹈教育专业、流行舞蹈专业。
2024,教师,2024安徽教师招考,合肥特殊教育中心,11307 合肥特殊教育中心 高中美术,本科及以上,本科：服装与服饰设计专业、工艺美术专业、数字媒体艺术专业；硕士研究生及以上专业不限，其本科须是服装与服饰设计专业、工艺美术专业、数字媒体艺术专业。,,笔试+面试,,,学段：高级中学；学科：美术(高级中学)；招聘职位：高中美术；招聘人数：1,安徽 合肥市直,https://www.xduim.com/zw/jszk,,专业：本科：服装与服饰设计专业、工艺美术专业、数字媒体艺术专业；硕士研究生及以上专业不限，其本科须是服装与服饰设计专业、工艺美术专业、数字媒体艺术专业。
2024,教师,2024安徽教师招考,合肥市第七十五中学,11401 合肥市第七十五中学 初中物理,本科及以上,本科：物理学专业；硕士研究生及以上专业不限，其本科须是物理学专业。,,笔试+面试,,,学段：初级中学；学科：物理（初级中学）；招聘职位：初中物理；招聘人数：1,安徽 合肥市直,https://www.xduim.com/zw/jszk,,专业：本科：物理学专业；硕士研究生及以上专业不限，其本科须是物理学专业。
2023,教师,2023安徽教师招考,合肥市第三中学,10303 合肥市第三中学 高中物理,本科及以上,本科：物理学（070201）；硕士研究生及以上专业不限，本科须是物理学（070201）专业。,,笔试+面试,,,学段：高级中学；学科：物理(高级中学)；招聘职位：高中物理；招聘人数：1,安徽 合肥市直,https://www.xduim.com/zw/jszk,,专业：本科：物理学（070201）；硕士研究生及以上专业不限，本科须是物理学（070201）专业。
2023,教师,2023安徽教师招考,合肥市第三中学,10304 合肥市第三中学 高中化学,本科及以上,本科：化学（070301）；硕士研究生及以上专业不限，本科须是化学（070301）专业。,,笔试+面试,,,学段：高级中学；学科：化学(高级中学)；招聘职位：高中化学；招聘人数：1,安徽 合肥市直,https://www.xduim.com/zw/jszk,,专业：本科：化学（070301）；硕士研究生及以上专业不限，本科须是化学（070301）专业。
2023,教师,2023安徽教师招考,合肥市第三中学,10305 合肥市第三中学 高中体育,本科及以上,本科：体育教育（040201）；硕士研究生及以上专业不限，本科须是体育教育（040201）专业。,,笔试+面试,,,学段：高级中学；学科：体育与健康(高级中学)；招聘职位：高中体育；招聘人数：1,安徽 合肥市直,https://www.xduim.com/zw/jszk,,专业：本科：体育教育（040201）；硕士研究生及以上专业不限，本科须是体育教育（040201）专业。
2023,教师,2023安徽教师招考,合肥市第三中学,10306 合肥市第三中学 高中体育,本科及以上,本科：运动训练专业（040202k）；硕士研究生及以上专业不限，本科须是运动训练（040202k）专业。,,笔试+面试,,,学段：高级中学；学科：体育与健康(高级中学)；招聘职位：高中体育；招聘人数：1,安徽 合肥市直,https://www.xduim.com/zw/jszk,,专业：本科：运动训练专业（040202k）；硕士研究生及以上专业不限，本科须是运动训练（040202k）专业。
2023,教师,2023安徽教师招考,合肥市第四中学,10401 合肥市第四中学 高中语文,本科及以上,本科：汉语言文学（050101）、汉语言（050102）； 硕士研究生及以上专业不限，本科须是汉语言文学（050101）、汉语言（050102）专业。,,笔试+面试,,,学段：高级中学；学科：语文(高级中学)；招聘职位：高中语文；招聘人数：1,安徽 合肥市直,https://www.xduim.com/zw/jszk,,专业：本科：汉语言文学（050101）、汉语言（050102）； 硕士研究生及以上专业不限，本科须是汉语言文学（050101）、汉语言（050102）专业。
2023,教师,2023安徽教师招考,合肥市第四中学,10402 合肥市第四中学 高中数学,本科及以上,本科：数学与应用数学（070101）、信息与计算科学（070102）； 硕士研究生及以上专业不限，本科须是数学与应用数学（070101）、信息与计算科学（070102）专业。,,笔试+面试,,,学段：高级中学；学科：数学(高级中学)；招聘职位：高中数学；招聘人数：2,安徽 合肥市直,https://www.xduim.com/zw/jszk,,专业：本科：数学与应用数学（070101）、信息与计算科学（070102）； 硕士研究生及以上专业不限，本科须是数学与应用数学（070101）、信息与计算科学（070102）专业。
2023,教师,2023安徽教师招考,合肥市第四中学,10403 合肥市第四中学 高中物理,本科及以上,本科：物理学类（0702）； 硕士研究生及以上专业不限，本科须是物理学类（0702）。,,笔试+面试,,,学段：高级中学；学科：物理(高级中学)；招聘职位：高中物理；招聘人数：1,安徽 合肥市直,https://www.xduim.com/zw/jszk,,专业：本科：物理学类（0702）； 硕士研究生及以上专业不限，本科须是物理学类（0702）。
2023,教师,2023安徽教师招考,合肥市第四中学,10404 合肥市第四中学 高中生物,本科及以上,本科：生物科学类（0710）； 硕士研究生及以上专业不限，本科须是生物科学类（0710）。,,笔试+面试,,,学段：高级中学；学科：生物(高级中学)；招聘职位：高中生物；招聘人数：1,安徽 合肥市直,https://www.xduim.com/zw/jszk,,专业：本科：生物科学类（0710）； 硕士研究生及以上专业不限，本科须是生物科学类（0710）。
2023,教师,2023安徽教师招考,合肥市第四中学,10405 合肥市第四中学 高中地理,本科及以上,本科：地理科学类（0705）； 硕士研究生及以上专业不限，本科须是地理科学类（0705）。,,笔试+面试,,,学段：高级中学；学科：地理(高级中学)；招聘职位：高中地理；招聘人数：1,安徽 合肥市直,https://www.xduim.com/zw/jszk,,专业：本科：地理科学类（0705）； 硕士研究生及以上专业不限，本科须是地理科学类（0705）。
2023,教师,2023安徽教师招考,合肥市第五中学,10501 合肥市第五中学 高中语文,本科及以上,本科：汉语言文学（050101）、 汉语言（050102）；硕士研究生及以上专业不限，本科须是汉语言文学（050101）、汉语言（050102）专业。,,笔试+面试,,,学段：高级中学；学科：语文(高级中学)；招聘职位：高中语文；招聘人数：2,安徽 合肥市直,https://www.xduim.com/zw/jszk,,专业：本科：汉语言文学（050101）、 汉语言（050102）；硕士研究生及以上专业不限，本科须是汉语言文学（050101）、汉语言（050102）专业。
2023,教师,2023安徽教师招考,合肥市第五中学,10502 合肥市第五中学 高中数学,本科及以上,本科：数学与应用数学（070101）； 硕士研究生及以上专业不限，本科须是数学与应用数学（070101）专业。,,笔试+面试,,,学段：高级中学；学科：数学(高级中学)；招聘职位：高中数学；招聘人数：2,安徽 合肥市直,https://www.xduim.com/zw/jszk,,专业：本科：数学与应用数学（070101）； 硕士研究生及以上专业不限，本科须是数学与应用数学（070101）专业。
2023,教师,2023安徽教师招考,合肥市第五中学,10503 合肥市第五中学 高中英语,本科及以上,本科：英语（050201）； 硕士研究生及以上专业不限，本科须是英语（050201）专业。,,笔试+面试,,,学段：高级中学；学科：英语(高级中学)；招聘职位：高中英语；招聘人数：2,安徽 合肥市直,https://www.xduim.com/zw/jszk,,专业：本科：英语（050201）； 硕士研究生及以上专业不限，本科须是英语（050201）专业。
2023,教师,2023安徽教师招考,合肥市第五中学,10504 合肥市第五中学 高中物理,本科及以上,本科：物理学（070201）； 硕士研究生及以上专业不限，本科须是物理学（070201）专业。,,笔试+面试,,,学段：高级中学；学科：物理(高级中学)；招聘职位：高中物理；招聘人数：1,安徽 合肥市直,https://www.xduim.com/zw/jszk,,专业：本科：物理学（070201）； 硕士研究生及以上专业不限，本科须是物理学（070201）专业。
2023,教师,2023安徽教师招考,合肥市第六中学,10601 合肥市第六中学 高中语文,研究生及以上,硕士研究生及以上专业不限，本科须是汉语言文学（050101）专业。,,笔试+面试,,,学段：高级中学；学科：语文(高级中学)；招聘职位：高中语文；招聘人数：1,安徽 合肥市直,https://www.xduim.com/zw/jszk,,专业：硕士研究生及以上专业不限，本科须是汉语言文学（050101）专业。
2023,教师,2023安徽教师招考,合肥市第六中学,10602 合肥市第六中学 高中英语,研究生及以上,硕士研究生及以上专业不限，本科须是英语（050201）专业。,,笔试+面试,,,学段：高级中学；学科：英语(高级中学)；招聘职位：高中英语；招聘人数：3,安徽 合肥市直,https://www.xduim.com/zw/jszk,,专业：硕士研究生及以上专业不限，本科须是英语（050201）专业。
2023,教师,2023安徽教师招考,合肥市第六中学,10603 合肥市第六中学 高中物理,研究生及以上,硕士研究生及以上专业不限，本科须是物理学（070201）专业。,,笔试+面试,,,学段：高级中学；学科：物理(高级中学)；招聘职位：高中物理；招聘人数：2,安徽 合肥市直,https://www.xduim.com/zw/jszk,,专业：硕士研究生及以上专业不限，本科须是物理学（070201）专业。
2023,教师,2023安徽教师招考,合肥市第六中学,10604 合肥市第六中学 高中化学,研究生及以上,硕士研究生及以上专业不限，本科须是化学（070301）专业。,,笔试+面试,,,学段：高级中学；学科：化学(高级中学)；招聘职位：高中化学；招聘人数：1,安徽 合肥市直,https://www.xduim.com/zw/jszk,,专业：硕士研究生及以上专业不限，本科须是化学（070301）专业。
2023,教师,2023安徽教师招考,合肥市第七中学,10701 合肥市第七中学 高中语文,本科及以上,本科：汉语言文学（050101）；硕士研究生及以上专业不限，本科须是汉语言文学（050101）专业。,,笔试+面试,,,学段：高级中学；学科：语文(高级中学)；招聘职位：高中语文；招聘人数：1,安徽 合肥市直,https://www.xduim.com/zw/jszk,,专业：本科：汉语言文学（050101）；硕士研究生及以上专业不限，本科须是汉语言文学（050101）专业。
2023,教师,2023安徽教师招考,合肥市第七中学,10702 合肥市第七中学 高中数学,本科及以上,本科：数学与应用数学（070101）；硕士研究生及以上专业不限，本科须是数学与应用数学（070101）专业。,,笔试+面试,,,学段：高级中学；学科：数学(高级中学)；招聘职位：高中数学；招聘人数：1,安徽 合肥市直,https://www.xduim.com/zw/jszk,,专业：本科：数学与应用数学（070101）；硕士研究生及以上专业不限，本科须是数学与应用数学（070101）专业。
2023,教师,2023安徽教师招考,合肥市第七中学,10703 合肥市第七中学 高中思想政治,本科及以上,本科：思想政治教育（030503）；硕士研究生及以上专业不限，本科须是思想政治教育（030503）专业。,,笔试+面试,,,学段：高级中学；学科：思想政治(高级中学)；招聘职位：高中思想政治；招聘人数：1,安徽 合肥市直,https://www.xduim.com/zw/jszk,,专业：本科：思想政治教育（030503）；硕士研究生及以上专业不限，本科须是思想政治教育（030503）专业。
2023,教师,2023安徽教师招考,合肥市第七中学,10704 合肥市第七中学 高中物理,本科及以上,本科：物理学（070201）；硕士研究生及以上专业不限，本科须是物理学（070201）专业。,,笔试+面试,,,学段：高级中学；学科：物理(高级中学)；招聘职位：高中物理；招聘人数：4,安徽 合肥市直,https://www.xduim.com/zw/jszk,,专业：本科：物理学（070201）；硕士研究生及以上专业不限，本科须是物理学（070201）专业。
2023,教师,2023安徽教师招考,合肥市第八中学,10801 合肥市第八中学 高中语文,本科及以上,本科：汉语言文学（050101）； 硕士研究生及以上专业不限。,,笔试+面试,,,学段：高级中学；学科：语文(高级中学)；招聘职位：高中语文；招聘人数：2,安徽 合肥市直,https://www.xduim.com/zw/jszk,,专业：本科：汉语言文学（050101）； 硕士研究生及以上专业不限。
2023,教师,2023安徽教师招考,合肥市第八中学,10802 合肥市第八中学 高中英语,本科及以上,本科：英语（050201）； 硕士研究生及以上专业不限。,,笔试+面试,,,学段：高级中学；学科：英语(高级中学)；招聘职位：高中英语；招聘人数：2,安徽 合肥市直,https://www.xduim.com/zw/jszk,,专业：本科：英语（050201）； 硕士研究生及以上专业不限。
2023,教师,2023安徽教师招考,合肥市第八中学,10803 合肥市第八中学 高中数学,本科及以上,本科：数学与应用数学（070101）； 硕士研究生及以上专业不限。,,笔试+面试,,,学段：高级中学；学科：数学(高级中学)；招聘职位：高中数学；招聘人数：2,安徽 合肥市直,https://www.xduim.com/zw/jszk,,专业：本科：数学与应用数学（070101）； 硕士研究生及以上专业不限。
2023,教师,2023安徽教师招考,合肥市第八中学,10804 合肥市第八中学 高中物理,本科及以上,本科：物理学（070201）； 硕士研究生及以上专业不限。,,笔试+面试,,,学段：高级中学；学科：物理(高级中学)；招聘职位：高中物理；招聘人数：2,安徽 合肥市直,https://www.xduim.com/zw/jszk,,专业：本科：物理学（070201）； 硕士研究生及以上专业不限。
2023,教师,2023安徽教师招考,合肥市第九中学,10901 合肥市第九中学 高中英语,本科及以上,本科：英语（050201）；硕士研究生及以上专业不限，本科须是英语（050201）专业。,,笔试+面试,,,学段：高级中学；学科：英语(高级中学)；招聘职位：高中英语；招聘人数：2,安徽 合肥市直,https://www.xduim.com/zw/jszk,,专业：本科：英语（050201）；硕士研究生及以上专业不限，本科须是英语（050201）专业。
2023,教师,2023安徽教师招考,合肥市第十中学,11001 合肥市第十中学 高中语文,本科及以上,本科：汉语言文学(050101)、 汉语言(050102)；硕士研究生及以上专业不限，本科须是汉语言文学(050101)、 汉语言(050102)专业。,,笔试+面试,,,学段：高级中学；学科：语文(高级中学)；招聘职位：高中语文；招聘人数：1,安徽 合肥市直,https://www.xduim.com/zw/jszk,,专业：本科：汉语言文学(050101)、 汉语言(050102)；硕士研究生及以上专业不限，本科须是汉语言文学(050101)、 汉语言(050102)专业。
2023,教师,2023安徽教师招考,合肥市第十中学,11002 合肥市第十中学 高中语文,本科及以上,本科：汉语言文学(050101)、 汉语言(050102)；硕士研究生及以上专业不限，本科须是汉语言文学(050101)、 汉语言(050102)专业。,,笔试+面试,,,学段：高级中学；学科：语文(高级中学)；招聘职位：高中语文；招聘人数：1,安徽 合肥市直,https://www.xduim.com/zw/jszk,,专业：本科：汉语言文学(050101)、 汉语言(050102)；硕士研究生及以上专业不限，本科须是汉语言文学(050101)、 汉语言(050102)专业。
2023,教师,2023安徽教师招考,合肥市第十中学,11003 合肥市第十中学 高中语文,本科及以上,本科：汉语言文学(050101)、 汉语言(050102)；硕士研究生及以上专业不限，本科须是汉语言文学(050101)、 汉语言(050102)专业。,,笔试+面试,,,学段：高级中学；学科：语文(高级中学)；招聘职位：高中语文；招聘人数：1,安徽 合肥市直,https://www.xduim.com/zw/jszk,,专业：本科：汉语言文学(050101)、 汉语言(050102)；硕士研究生及以上专业不限，本科须是汉语言文学(050101)、 汉语言(050102)专业。
2023,教师,2023安徽教师招考,合肥市第十中学,11004 合肥市第十中学 高中数学,本科及以上,本科：数学与应用数学(070101)；硕士研究生及以上专业不限专业不限，本科须是数学与应用数学(070101)专业。,,笔试+面试,,,学段：高级中学；学科：数学(高级中学)；招聘职位：高中数学；招聘人数：3,安徽 合肥市直,https://www.xduim.com/zw/jszk,,专业：本科：数学与应用数学(070101)；硕士研究生及以上专业不限专业不限，本科须是数学与应用数学(070101)专业。
2023,教师,2023安徽教师招考,合肥市第十中学,11005 合肥市第十中学 高中英语,本科及以上,本科：英语(050201)；硕士研究生以上专业不限，本科须是英语(050201)专业。,,笔试+面试,,,学段：高级中学；学科：英语(高级中学)；招聘职位：高中英语；招聘人数：1,安徽 合肥市直,https://www.xduim.com/zw/jszk,,专业：本科：英语(050201)；硕士研究生以上专业不限，本科须是英语(050201)专业。
2023,教师,2023安徽教师招考,合肥市第十中学,11006 合肥市第十中学 高中英语,本科及以上,本科：英语(050201)；硕士研究生及以上专业不限，本科须是英语(050201)专业。,,笔试+面试,,,学段：高级中学；学科：英语(高级中学)；招聘职位：高中英语；招聘人数：1,安徽 合肥市直,https://www.xduim.com/zw/jszk,,专业：本科：英语(050201)；硕士研究生及以上专业不限，本科须是英语(050201)专业。
2023,教师,2023安徽教师招考,合肥市第十中学,11007 合肥市第十中学 高中物理,本科及以上,本科：物理学(070201)、应用物理学(070202)；硕士研究生及以上专业不限，本科须是物理学(070201)、应用物理学(070202)专业。,,笔试+面试,,,学段：高级中学；学科：物理(高级中学)；招聘职位：高中物理；招聘人数：4,安徽 合肥市直,https://www.xduim.com/zw/jszk,,专业：本科：物理学(070201)、应用物理学(070202)；硕士研究生及以上专业不限，本科须是物理学(070201)、应用物理学(070202)专业。
2023,教师,2023安徽教师招考,合肥市第十中学,11008 合肥市第十中学 高中化学,本科及以上,本科：化学类（0703）；硕士研究生及以上专业不限，本科须是化学类（0703）。,,笔试+面试,,,学段：高级中学；学科：化学(高级中学)；招聘职位：高中化学；招聘人数：3,安徽 合肥市直,https://www.xduim.com/zw/jszk,,专业：本科：化学类（0703）；硕士研究生及以上专业不限，本科须是化学类（0703）。
2023,教师,2023安徽教师招考,合肥市第三十五中学,11101 合肥市第三十五中学 高中英语,本科及以上,本科：英语（050201）；硕士研究生及以上专业不限，本科须是英语（050201）专业。,,笔试+面试,,,学段：高级中学；学科：英语(高级中学)；招聘职位：高中英语；招聘人数：1,安徽 合肥市直,https://www.xduim.com/zw/jszk,,专业：本科：英语（050201）；硕士研究生及以上专业不限，本科须是英语（050201）专业。
2023,教师,2023安徽教师招考,合肥市第三十五中学,11102 合肥市第三十五中学 高中物理,本科及以上,本科：物理学类（0702）；硕士研究生及以上专业不限，本科须是物理学类（0702）。,,笔试+面试,,,学段：高级中学；学科：物理(高级中学)；招聘职位：高中物理；招聘人数：1,安徽 合肥市直,https://www.xduim.com/zw/jszk,,专业：本科：物理学类（0702）；硕士研究生及以上专业不限，本科须是物理学类（0702）。
2023,教师,2023安徽教师招考,合肥市第三十五中学,11103 合肥市第三十五中学 高中生物,本科及以上,本科：生物科学类（0710）；硕士研究生及以上专业不限，本科须是生物科学类（0710）。,,笔试+面试,,,学段：高级中学；学科：生物(高级中学)；招聘职位：高中生物；招聘人数：1,安徽 合肥市直,https://www.xduim.com/zw/jszk,,专业：本科：生物科学类（0710）；硕士研究生及以上专业不限，本科须是生物科学类（0710）。
2023,教师,2023安徽教师招考,合肥市第三十五中学,11104 合肥市第三十五中学 高中地理,本科及以上,本科：地理科学类（0705）； 硕士研究生及以上专业不限，本科须是地理科学类（0705）。,,笔试+面试,,,学段：高级中学；学科：地理(高级中学)；招聘职位：高中地理；招聘人数：1,安徽 合肥市直,https://www.xduim.com/zw/jszk,,专业：本科：地理科学类（0705）； 硕士研究生及以上专业不限，本科须是地理科学类（0705）。
2023,教师,2023安徽教师招考,合肥市第三十五中学,11105 合肥市第三十五中学 高中音乐,本科及以上,本科：音乐表演（130201）、音乐学（130202）；硕士研究生及以上专业不限，本科须是音乐表演（130201）、音乐学（130202）专业。,,笔试+面试,,,学段：高级中学；学科：音乐(高级中学)；招聘职位：高中音乐；招聘人数：1,安徽 合肥市直,https://www.xduim.com/zw/jszk,,专业：本科：音乐表演（130201）、音乐学（130202）；硕士研究生及以上专业不限，本科须是音乐表演（130201）、音乐学（130202）专业。
2023,教师,2023安徽教师招考,合肥一六八中学,11201 合肥一六八中学 高中物理,本科及以上,本科：物理学（070201）、应用物理学（070202）；硕士研究生及以上专业不限，本科须是物理学（070201）、应用物理学（070202）专业。,,笔试+面试,,,学段：高级中学；学科：物理(高级中学)；招聘职位：高中物理；招聘人数：1,安徽 合肥市直,https://www.xduim.com/zw/jszk,,专业：本科：物理学（070201）、应用物理学（070202）；硕士研究生及以上专业不限，本科须是物理学（070201）、应用物理学（070202）专业。
2023,教师,2023安徽教师招考,合肥一六八中学,11202 合肥一六八中学 高中化学,本科及以上,本科：化学（070301）应用化学（070302）；硕士研究生及以上专业不限，本科须是化学（070301）、应用化学（070302）专业。,,笔试+面试,,,学段：高级中学；学科：化学(高级中学)；招聘职位：高中化学；招聘人数：1,安徽 合肥市直,https://www.xduim.com/zw/jszk,,专业：本科：化学（070301）应用化学（070302）；硕士研究生及以上专业不限，本科须是化学（070301）、应用化学（070302）专业。
2023,教师,2023安徽教师招考,合肥特殊教育中心,11301 合肥特殊教育中心 高中政治,本科及以上,本科：马克思主义理论类（0305）； 硕士研究生及以上专业不限，本科须是马克思主义理论类（0305）。,,笔试+面试,,,学段：高级中学；学科：思想政治(高级中学)；招聘职位：高中政治；招聘人数：1,安徽 合肥市直,https://www.xduim.com/zw/jszk,,专业：本科：马克思主义理论类（0305）； 硕士研究生及以上专业不限，本科须是马克思主义理论类（0305）。
2023,教师,2023安徽教师招考,合肥特殊教育中心,11302 合肥特殊教育中心 高中政治,本科及以上,本科：马克思主义理论类（0305）； 硕士研究生及以上专业不限，本科须是马克思主义理论类（0305）。,,笔试+面试,,,学段：高级中学；学科：思想政治(高级中学)；招聘职位：高中政治；招聘人数：1,安徽 合肥市直,https://www.xduim.com/zw/jszk,,专业：本科：马克思主义理论类（0305）； 硕士研究生及以上专业不限，本科须是马克思主义理论类（0305）。
2023,教师,2023安徽教师招考,合肥特殊教育中心,11303 合肥特殊教育中心 初中心理健康,本科及以上,本科：心理学类(0711)、心理健康教育（340102）； 硕士研究生及以上专业不限，本科须是心理学类(0711)、心理健康教育（340102）专业。,,笔试+面试,,,学段：初级中学；学科：心理健康教育(初级中学)；招聘职位：初中心理健康；招聘人数：1,安徽 合肥市直,https://www.xduim.com/zw/jszk,,专业：本科：心理学类(0711)、心理健康教育（340102）； 硕士研究生及以上专业不限，本科须是心理学类(0711)、心理健康教育（340102）专业。
2023,教师,2023安徽教师招考,合肥特殊教育中心,11304 合肥特殊教育中心 初中心理健康,本科及以上,本科：心理学类(0711)、心理健康教育（340102）； 硕士研究生及以上专业不限，本科须是心理学类(0711)、心理健康教育（340102）专业。,,笔试+面试,,,学段：初级中学；学科：心理健康教育(初级中学)；招聘职位：初中心理健康；招聘人数：1,安徽 合肥市直,https://www.xduim.com/zw/jszk,,专业：本科：心理学类(0711)、心理健康教育（340102）； 硕士研究生及以上专业不限，本科须是心理学类(0711)、心理健康教育（340102）专业。
2023,教师,2023安徽教师招考,合肥特殊教育中心,11305 合肥特殊教育中心 小学特殊教育,本科及以上,本科：特殊教育(040108)、 运动康复（040206T）； 硕士研究生及以上专业不限，本科须是特殊教育(040108)、 运动康复（040206T）专业。,,笔试+面试,,,学段：小学；学科：小学特殊教育(小学)；招聘职位：小学特殊教育；招聘人数：1,安徽 合肥市直,https://www.xduim.com/zw/jszk,,专业：本科：特殊教育(040108)、 运动康复（040206T）； 硕士研究生及以上专业不限，本科须是特殊教育(040108)、 运动康复（040206T）专业。
2023,教师,2023安徽教师招考,合肥特殊教育中心,11306 合肥特殊教育中心 小学特殊教育,本科及以上,本科：特殊教育(040108)、 运动康复（040206T）； 硕士研究生及以上专业不限，本科须是特殊教育(040108)、 运动康复（040206T）专业。,,笔试+面试,,,学段：小学；学科：小学特殊教育(小学)；招聘职位：小学特殊教育；招聘人数：1,安徽 合肥市直,https://www.xduim.com/zw/jszk,,专业：本科：特殊教育(040108)、 运动康复（040206T）； 硕士研究生及以上专业不限，本科须是特殊教育(040108)、 运动康复（040206T）专业。
2023,教师,2023安徽教师招考,合肥特殊教育中心,11307 合肥特殊教育中心 小学特殊教育,本科及以上,本科：舞蹈表演（130204）、舞蹈学（130205）、舞蹈编导（130206）； 硕士研究生及以上专业不限，本科须是舞蹈表演（130204）、舞蹈学（130205）、舞蹈编导（130206）。,,笔试+面试,,,学段：小学；学科：小学特殊教育(小学)；招聘职位：小学特殊教育；招聘人数：1,安徽 合肥市直,https://www.xduim.com/zw/jszk,,专业：本科：舞蹈表演（130204）、舞蹈学（130205）、舞蹈编导（130206）； 硕士研究生及以上专业不限，本科须是舞蹈表演（130204）、舞蹈学（130205）、舞蹈编导（130206）。
2023,教师,2023安徽教师招考,合肥特殊教育中心,11308 合肥特殊教育中心 高中美术,本科及以上,本科：美术学类（1304）； 硕士研究生及以上专业不限，本科须是美术学类（1304）。,,笔试+面试,,,学段：高级中学；学科：美术(高级中学)；招聘职位：高中美术；招聘人数：1,安徽 合肥市直,https://www.xduim.com/zw/jszk,,专业：本科：美术学类（1304）； 硕士研究生及以上专业不限，本科须是美术学类（1304）。
2023,教师,2023安徽教师招考,合肥特殊教育中心,11309 合肥特殊教育中心 高中语文,研究生及以上,中国语言文学类（0501）。,,笔试+面试,,,学段：高级中学；学科：语文(高级中学)；招聘职位：高中语文；招聘人数：1,安徽 合肥市直,https://www.xduim.com/zw/jszk,,专业：中国语言文学类（0501）。
2023,教师,2023安徽教师招考,固镇县教育体育局,230121 固镇县教育体育局 初中信息技术,本科及以上,计算机类（硕士研究生及以上学历专业不限）,,笔试+面试,,,学段：初级中学；学科：信息技术；招聘职位：初中信息技术；招聘人数：3,安徽 蚌埠固镇县,https://www.xduim.com/zw/jszk,,专业：计算机类（硕士研究生及以上学历专业不限）
2023,教师,2023安徽教师招考,固镇县教育体育局,230201 固镇县教育体育局 小学语文A组,专科及以上,专业不限,,笔试+面试,,,学段：小学；学科：语文；招聘职位：小学语文A组；招聘人数：14,安徽 蚌埠固镇县,https://www.xduim.com/zw/jszk,,专业：专业不限
2023,教师,2023安徽教师招考,固镇县教育体育局,230202 固镇县教育体育局 小学语文B组,专科及以上,专业不限,,笔试+面试,,,学段：小学；学科：语文；招聘职位：小学语文B组；招聘人数：15,安徽 蚌埠固镇县,https://www.xduim.com/zw/jszk,,专业：专业不限
2023,教师,2023安徽教师招考,固镇县教育体育局,230203 固镇县教育体育局 小学语文C组,专科及以上,专业不限,,笔试+面试,,,学段：小学；学科：语文；招聘职位：小学语文C组；招聘人数：15,安徽 蚌埠固镇县,https://www.xduim.com/zw/jszk,,专业：专业不限
2023,教师,2023安徽教师招考,固镇县教育体育局,230204 固镇县教育体育局 小学语文D组,专科及以上,专业不限,,笔试+面试,,,学段：小学；学科：语文；招聘职位：小学语文D组；招聘人数：15,安徽 蚌埠固镇县,https://www.xduim.com/zw/jszk,,专业：专业不限
2023,教师,2023安徽教师招考,固镇县教育体育局,230205 固镇县教育体育局 小学数学A组,专科及以上,专业不限,,笔试+面试,,,学段：小学；学科：数学；招聘职位：小学数学A组；招聘人数：14,安徽 蚌埠固镇县,https://www.xduim.com/zw/jszk,,专业：专业不限
2023,教师,2023安徽教师招考,固镇县教育体育局,230206 固镇县教育体育局 小学数学B组,专科及以上,专业不限,,笔试+面试,,,学段：小学；学科：数学；招聘职位：小学数学B组；招聘人数：15,安徽 蚌埠固镇县,https://www.xduim.com/zw/jszk,,专业：专业不限
2023,教师,2023安徽教师招考,固镇县教育体育局,230207 固镇县教育体育局 小学数学C组,专科及以上,专业不限,,笔试+面试,,,学段：小学；学科：数学；招聘职位：小学数学C组；招聘人数：15,安徽 蚌埠固镇县,https://www.xduim.com/zw/jszk,,专业：专业不限
2023,教师,2023安徽教师招考,固镇县教育体育局,230208 固镇县教育体育局 小学数学D组,专科及以上,专业不限,,笔试+面试,,,学段：小学；学科：数学；招聘职位：小学数学D组；招聘人数：11,安徽 蚌埠固镇县,https://www.xduim.com/zw/jszk,,专业：专业不限
2023,教师,2023安徽教师招考,固镇县教育体育局,230209 固镇县教育体育局 小学英语A组,专科及以上,专业不限,,笔试+面试,,,学段：小学；学科：英语；招聘职位：小学英语A组；招聘人数：15,安徽 蚌埠固镇县,https://www.xduim.com/zw/jszk,,专业：专业不限
2023,教师,2023安徽教师招考,固镇县教育体育局,230210 固镇县教育体育局 小学英语B组,专科及以上,专业不限,,笔试+面试,,,学段：小学；学科：英语；招聘职位：小学英语B组；招聘人数：15,安徽 蚌埠固镇县,https://www.xduim.com/zw/jszk,,专业：专业不限
2023,教师,2023安徽教师招考,固镇县教育体育局,230211 固镇县教育体育局 小学英语C组,专科及以上,专业不限,,笔试+面试,,,学段：小学；学科：英语；招聘职位：小学英语C组；招聘人数：15,安徽 蚌埠固镇县,https://www.xduim.com/zw/jszk,,专业：专业不限
2023,教师,2023安徽教师招考,固镇县教育体育局,230212 固镇县教育体育局 小学音乐,专科及以上,专业不限,,笔试+面试,,,学段：小学；学科：音乐；招聘职位：小学音乐；招聘人数：7,安徽 蚌埠固镇县,https://www.xduim.com/zw/jszk,,专业：专业不限
2023,教师,2023安徽教师招考,固镇县教育体育局,230213 固镇县教育体育局 小学体育A组,专科及以上,专业不限,,笔试+面试,,,学段：小学；学科：体育；招聘职位：小学体育A组；招聘人数：10,安徽 蚌埠固镇县,https://www.xduim.com/zw/jszk,,专业：专业不限
2023,教师,2023安徽教师招考,固镇县教育体育局,230214 固镇县教育体育局 小学体育B组,专科及以上,专业不限,,笔试+面试,,,学段：小学；学科：体育；招聘职位：小学体育B组；招聘人数：9,安徽 蚌埠固镇县,https://www.xduim.com/zw/jszk,,专业：专业不限
2023,教师,2023安徽教师招考,固镇县教育体育局,230215 固镇县教育体育局 小学美术,专科及以上,专业不限,,笔试+面试,,,学段：小学；学科：美术；招聘职位：小学美术；招聘人数：8,安徽 蚌埠固镇县,https://www.xduim.com/zw/jszk,,专业：专业不限
2023,教师,2023安徽教师招考,固镇县教育体育局,230216 固镇县教育体育局 小学科学,专科及以上,专业不限,,笔试+面试,,,学段：小学；学科：科学；招聘职位：小学科学；招聘人数：5,安徽 蚌埠固镇县,https://www.xduim.com/zw/jszk,,专业：专业不限
2023,教师,2023安徽教师招考,固镇县教育体育局,230301 固镇县教育体育局 特殊教育,专科及以上,特殊教育学校毕业、特殊教育专业毕业,,笔试+面试,,,学段：小学；学科：特殊教育；招聘职位：特殊教育；招聘人数：2,安徽 蚌埠固镇县,https://www.xduim.com/zw/jszk,,专业：特殊教育学校毕业、特殊教育专业毕业
2024,教师,2024安徽教师招考,固镇县教育体育局,9010121 固镇县教育体育局 初中地理组,本科及以上,本科：地理科学类（0705）专业。 （硕士研究生及以上学历专业不限）,,笔试+面试,,,学段：初级中学；学科：地理；招聘职位：初中地理组；招聘人数：11,安徽 蚌埠固镇县,https://www.xduim.com/zw/jszk,,专业：本科：地理科学类（0705）专业。 （硕士研究生及以上学历专业不限）
2024,教师,2024安徽教师招考,固镇县教育体育局,9010122 固镇县教育体育局 初中音乐组,本科及以上,本科：音乐表演（130201） 、音乐学 （130202）、作曲与作曲技术理论 （130203）、流行音乐（130209T）专 业。 （硕士研究生及以上学历专业不限）,,笔试+面试,,,学段：初级中学；学科：音乐；招聘职位：初中音乐组；招聘人数：6,安徽 蚌埠固镇县,https://www.xduim.com/zw/jszk,,专业：本科：音乐表演（130201） 、音乐学 （130202）、作曲与作曲技术理论 （130203）、流行音乐（130209T）专 业。 （硕士研究生及以上学历专业不限）
2024,教师,2024安徽教师招考,固镇县教育体育局,9010123 固镇县教育体育局 初中体育组,本科及以上,本科：体育学类（0402）专业。 （硕士研究生及以上学历专业不限）,,笔试+面试,,,学段：初级中学；学科：体育；招聘职位：初中体育组；招聘人数：6,安徽 蚌埠固镇县,https://www.xduim.com/zw/jszk,,专业：本科：体育学类（0402）专业。 （硕士研究生及以上学历专业不限）
2024,教师,2024安徽教师招考,固镇县教育体育局,9010124 固镇县教育体育局 初中美术组,本科及以上,本科：美术学类（1304）专业。 （硕士研究生及以上学历专业不限）,,笔试+面试,,,学段：初级中学；学科：美术；招聘职位：初中美术组；招聘人数：4,安徽 蚌埠固镇县,https://www.xduim.com/zw/jszk,,专业：本科：美术学类（1304）专业。 （硕士研究生及以上学历专业不限）
2024,教师,2024安徽教师招考,固镇县教育体育局,9010125 固镇县教育体育局 初中信息技术组,本科及以上,本科：计算机类（0809）专业。 （硕士研究生及以上学历专业不限）,,笔试+面试,,,学段：初级中学；学科：信息技术；招聘职位：初中信息技术组；招聘人数：4,安徽 蚌埠固镇县,https://www.xduim.com/zw/jszk,,专业：本科：计算机类（0809）专业。 （硕士研究生及以上学历专业不限）
2024,教师,2024安徽教师招考,固镇县教育体育局,9010026 固镇县教育体育局 小学语文A组,本科及以上,专业不限。,,笔试+面试,,,学段：小学；学科：语文；招聘职位：小学语文A组；招聘人数：10,安徽 蚌埠固镇县,https://www.xduim.com/zw/jszk,,专业：专业不限。
2024,教师,2024安徽教师招考,固镇县教育体育局,9010027 固镇县教育体育局 小学语文B组,本科及以上,专业不限。,,笔试+面试,,,学段：小学；学科：语文；招聘职位：小学语文B组；招聘人数：10,安徽 蚌埠固镇县,https://www.xduim.com/zw/jszk,,专业：专业不限。
2024,教师,2024安徽教师招考,固镇县教育体育局,9011028 固镇县教育体育局 小学语文C组,本科及以上,专业不限。,,笔试+面试,,,学段：小学；学科：语文；招聘职位：小学语文C组；招聘人数：15,安徽 蚌埠固镇县,https://www.xduim.com/zw/jszk,,专业：专业不限。
2024,教师,2024安徽教师招考,固镇县教育体育局,9011029 固镇县教育体育局 小学语文D组,本科及以上,专业不限。,,笔试+面试,,,学段：小学；学科：语文；招聘职位：小学语文D组；招聘人数：10,安徽 蚌埠固镇县,https://www.xduim.com/zw/jszk,,专业：专业不限。
2024,教师,2024安徽教师招考,固镇县教育体育局,9011030 固镇县教育体育局 小学语文E组,本科及以上,专业不限。,,笔试+面试,,,学段：小学；学科：语文；招聘职位：小学语文E组；招聘人数：2,安徽 蚌埠固镇县,https://www.xduim.com/zw/jszk,,专业：专业不限。
2024,教师,2024安徽教师招考,固镇县教育体育局,9010031 固镇县教育体育局 小学数学A组,本科及以上,专业不限。,,笔试+面试,,,学段：小学；学科：数学；招聘职位：小学数学A组；招聘人数：13,安徽 蚌埠固镇县,https://www.xduim.com/zw/jszk,,专业：专业不限。
2024,教师,2024安徽教师招考,固镇县教育体育局,9010032 固镇县教育体育局 小学数学B组,本科及以上,专业不限。,,笔试+面试,,,学段：小学；学科：数学；招聘职位：小学数学B组；招聘人数：12,安徽 蚌埠固镇县,https://www.xduim.com/zw/jszk,,专业：专业不限。
2024,教师,2024安徽教师招考,固镇县教育体育局,9011033 固镇县教育体育局 小学数学C组,本科及以上,专业不限。,,笔试+面试,,,学段：小学；学科：数学；招聘职位：小学数学C组；招聘人数：10,安徽 蚌埠固镇县,https://www.xduim.com/zw/jszk,,专业：专业不限。
2024,教师,2024安徽教师招考,固镇县教育体育局,9011034 固镇县教育体育局 小学数学D组,本科及以上,专业不限。,,笔试+面试,,,学段：小学；学科：数学；招聘职位：小学数学D组；招聘人数：2,安徽 蚌埠固镇县,https://www.xduim.com/zw/jszk,,专业：专业不限。
2024,教师,2024安徽教师招考,固镇县教育体育局,9010035 固镇县教育体育局 小学英语A组,本科及以上,专业不限。,,笔试+面试,,,学段：小学；学科：英语；招聘职位：小学英语A组；招聘人数：11,安徽 蚌埠固镇县,https://www.xduim.com/zw/jszk,,专业：专业不限。
2024,教师,2024安徽教师招考,固镇县教育体育局,9011036 固镇县教育体育局 小学英语B组,本科及以上,专业不限。,,笔试+面试,,,学段：小学；学科：英语；招聘职位：小学英语B组；招聘人数：5,安徽 蚌埠固镇县,https://www.xduim.com/zw/jszk,,专业：专业不限。
2024,教师,2024安徽教师招考,固镇县教育体育局,9011037 固镇县教育体育局 小学英语C组,本科及以上,专业不限。,,笔试+面试,,,学段：小学；学科：英语；招聘职位：小学英语C组；招聘人数：1,安徽 蚌埠固镇县,https://www.xduim.com/zw/jszk,,专业：专业不限。
2024,教师,2024安徽教师招考,固镇县教育体育局,9010038 固镇县教育体育局 小学道德与法治 组,本科及以上,专业不限。,,笔试+面试,,,学段：小学；学科：道德与法治；招聘职位：小学道德与法治 组；招聘人数：1,安徽 蚌埠固镇县,https://www.xduim.com/zw/jszk,,专业：专业不限。
2024,教师,2024安徽教师招考,固镇县教育体育局,9010039 固镇县教育体育局 小学音乐A组,本科及以上,专业不限。,,笔试+面试,,,学段：小学；学科：音乐；招聘职位：小学音乐A组；招聘人数：6,安徽 蚌埠固镇县,https://www.xduim.com/zw/jszk,,专业：专业不限。
2024,教师,2024安徽教师招考,固镇县教育体育局,9011040 固镇县教育体育局 小学音乐B组,本科及以上,专业不限。,,笔试+面试,,,学段：小学；学科：音乐；招聘职位：小学音乐B组；招聘人数：2,安徽 蚌埠固镇县,https://www.xduim.com/zw/jszk,,专业：专业不限。
2024,教师,2024安徽教师招考,固镇县教育体育局,9010041 固镇县教育体育局 小学体育A组,本科及以上,专业不限。,,笔试+面试,,,学段：小学；学科：体育；招聘职位：小学体育A组；招聘人数：12,安徽 蚌埠固镇县,https://www.xduim.com/zw/jszk,,专业：专业不限。
2024,教师,2024安徽教师招考,固镇县教育体育局,9011042 固镇县教育体育局 小学体育B组,本科及以上,专业不限。,,笔试+面试,,,学段：小学；学科：体育；招聘职位：小学体育B组；招聘人数：3,安徽 蚌埠固镇县,https://www.xduim.com/zw/jszk,,专业：专业不限。
2024,教师,2024安徽教师招考,固镇县教育体育局,9010043 固镇县教育体育局 小学美术A组,本科及以上,专业不限。,,笔试+面试,,,学段：小学；学科：美术；招聘职位：小学美术A组；招聘人数：3,安徽 蚌埠固镇县,https://www.xduim.com/zw/jszk,,专业：专业不限。
2024,教师,2024安徽教师招考,固镇县教育体育局,9011044 固镇县教育体育局 小学美术B组,本科及以上,专业不限。,,笔试+面试,,,学段：小学；学科：美术；招聘职位：小学美术B组；招聘人数：2,安徽 蚌埠固镇县,https://www.xduim.com/zw/jszk,,专业：专业不限。
2024,教师,2024安徽教师招考,固镇县教育体育局,9010045 固镇县教育体育局 小学科学组,本科及以上,专业不限。,,笔试+面试,,,学段：小学；学科：科学；招聘职位：小学科学组；招聘人数：3,安徽 蚌埠固镇县,https://www.xduim.com/zw/jszk,,专业：专业不限。
2024,教师,2024安徽教师招考,固镇县教育体育局,9010046 固镇县教育体育局 小学信息技术组,本科及以上,专业不限。,,笔试+面试,,,学段：小学；学科：信息技术；招聘职位：小学信息技术组；招聘人数：2,安徽 蚌埠固镇县,https://www.xduim.com/zw/jszk,,专业：专业不限。
2024,教师,2024安徽教师招考,区直初中,202421 区直初中 初中语文教师B,本科及以上,不限,,笔试+面试,,,学段：初级中学；招聘职位：初中语文教师B；招聘人数：9,安徽 宿州埇桥区,https://www.xduim.com/zw/jszk,,专业：不限
2024,教师,2024安徽教师招考,区直初中,202422 区直初中 初中数学教师,本科及以上,不限,,笔试+面试,,,学段：初级中学；招聘职位：初中数学教师；招聘人数：15,安徽 宿州埇桥区,https://www.xduim.com/zw/jszk,,专业：不限
2024,教师,2024安徽教师招考,区直初中,202423 区直初中 初中英语教师,本科及以上,不限,,笔试+面试,,,学段：初级中学；招聘职位：初中英语教师；招聘人数：10,安徽 宿州埇桥区,https://www.xduim.com/zw/jszk,,专业：不限
2024,教师,2024安徽教师招考,区直初中,202424 区直初中 初中历史教师,本科及以上,不限,,笔试+面试,,,学段：初级中学；招聘职位：初中历史教师；招聘人数：10,安徽 宿州埇桥区,https://www.xduim.com/zw/jszk,,专业：不限
2024,教师,2024安徽教师招考,区直初中,202425 区直初中 初中地理教师,本科及以上,不限,,笔试+面试,,,学段：初级中学；招聘职位：初中地理教师；招聘人数：10,安徽 宿州埇桥区,https://www.xduim.com/zw/jszk,,专业：不限
2024,教师,2024安徽教师招考,区直初中,202426 区直初中 初中生物教师,本科及以上,不限,,笔试+面试,,,学段：初级中学；招聘职位：初中生物教师；招聘人数：2,安徽 宿州埇桥区,https://www.xduim.com/zw/jszk,,专业：不限
2024,教师,2024安徽教师招考,区直初中,202427 区直初中 初中体育教师,本科及以上,不限,,笔试+面试,,,学段：初级中学；招聘职位：初中体育教师；招聘人数：4,安徽 宿州埇桥区,https://www.xduim.com/zw/jszk,,专业：不限
2024,教师,2024安徽教师招考,区直初中,202428 区直初中 初中美术教师,本科及以上,不限,,笔试+面试,,,学段：初级中学；招聘职位：初中美术教师；招聘人数：2,安徽 宿州埇桥区,https://www.xduim.com/zw/jszk,,专业：不限
2024,教师,2024安徽教师招考,区直初中,202429 区直初中 初中道德与法治教师,本科及以上,不限,,笔试+面试,,,学段：初级中学；招聘职位：初中道德与法治教师；招聘人数：7,安徽 宿州埇桥区,https://www.xduim.com/zw/jszk,,专业：不限
2024,教师,2024安徽教师招考,区直初中,202430 区直初中 初中物理教师,本科及以上,不限,,笔试+面试,,,学段：初级中学；招聘职位：初中物理教师；招聘人数：2,安徽 宿州埇桥区,https://www.xduim.com/zw/jszk,,专业：不限
2024,教师,2024安徽教师招考,区直高中,202431 区直高中 高中语文教师,本科及以上,不限,,笔试+面试,,,学段：高级中学；招聘职位：高中语文教师；招聘人数：9,安徽 宿州埇桥区,https://www.xduim.com/zw/jszk,,专业：不限
2024,教师,2024安徽教师招考,区直高中,202432 区直高中 高中数学教师,本科及以上,不限,,笔试+面试,,,学段：高级中学；招聘职位：高中数学教师；招聘人数：11,安徽 宿州埇桥区,https://www.xduim.com/zw/jszk,,专业：不限
2024,教师,2024安徽教师招考,区直高中,202433 区直高中 高中英语教师,本科及以上,不限,,笔试+面试,,,学段：高级中学；招聘职位：高中英语教师；招聘人数：7,安徽 宿州埇桥区,https://www.xduim.com/zw/jszk,,专业：不限
2024,教师,2024安徽教师招考,区直高中,202434 区直高中 高中物理教师,本科及以上,不限,,笔试+面试,,,学段：高级中学；招聘职位：高中物理教师；招聘人数：7,安徽 宿州埇桥区,https://www.xduim.com/zw/jszk,,专业：不限
2024,教师,2024安徽教师招考,区直高中,202435 区直高中 高中化学教师,本科及以上,不限,,笔试+面试,,,学段：高级中学；招聘职位：高中化学教师；招聘人数：3,安徽 宿州埇桥区,https://www.xduim.com/zw/jszk,,专业：不限
2024,教师,2024安徽教师招考,区直高中,202436 区直高中 高中地理教师,本科及以上,不限,,笔试+面试,,,学段：高级中学；招聘职位：高中地理教师；招聘人数：7,安徽 宿州埇桥区,https://www.xduim.com/zw/jszk,,专业：不限
2024,教师,2024安徽教师招考,区直高中,202437 区直高中 高中历史教师,本科及以上,不限,,笔试+面试,,,学段：高级中学；招聘职位：高中历史教师；招聘人数：4,安徽 宿州埇桥区,https://www.xduim.com/zw/jszk,,专业：不限
2024,教师,2024安徽教师招考,区直高中,202438 区直高中 高中政治教师,本科及以上,不限,,笔试+面试,,,学段：高级中学；招聘职位：高中政治教师；招聘人数：6,安徽 宿州埇桥区,https://www.xduim.com/zw/jszk,,专业：不限
2024,教师,2024安徽教师招考,区直高中,202439 区直高中 高中体育教师,本科及以上,不限,,笔试+面试,,,学段：高级中学；招聘职位：高中体育教师；招聘人数：2,安徽 宿州埇桥区,https://www.xduim.com/zw/jszk,,专业：不限
2024,教师,2024安徽教师招考,区直高中,202440 区直高中 高中生物教师,本科及以上,不限,,笔试+面试,,,学段：高级中学；招聘职位：高中生物教师；招聘人数：2,安徽 宿州埇桥区,https://www.xduim.com/zw/jszk,,专业：不限
2024,教师,2024安徽教师招考,区直高中,202441 区直高中 高中信息技术教师,本科及以上,不限,,笔试+面试,,,学段：高级中学；招聘职位：高中信息技术教师；招聘人数：2,安徽 宿州埇桥区,https://www.xduim.com/zw/jszk,,专业：不限
2023,教师,2023安徽教师招考,天长市教育体育局,天长市教育体育局 小学体育,本科及以上,本科：体育学类 研究生：体育学、体育、学科教学(体育),,笔试+面试,,,学段：小学；学科：体育；招聘职位：小学体育；招聘人数：5,安徽 滁州天长市,https://www.xduim.com/zw/jszk,,专业：本科：体育学类 研究生：体育学、体育、学科教学(体育)
2023,教师,2023安徽教师招考,天长市教育体育局,天长市教育体育局 小学美术,本科及以上,本科：美术学类、设计学类、戏剧影视美术设计、艺术教育；研究生：美术学、设计学、设计艺术学、艺术设计、学科教学（美术）,,笔试+面试,,,学段：小学；学科：美术；招聘职位：小学美术；招聘人数：3,安徽 滁州天长市,https://www.xduim.com/zw/jszk,,专业：本科：美术学类、设计学类、戏剧影视美术设计、艺术教育；研究生：美术学、设计学、设计艺术学、艺术设计、学科教学（美术）
2023,教师,2023安徽教师招考,天长市教育体育局,天长市教育体育局 小学科学A,本科及以上,专业不限,,笔试+面试,,,学段：小学；学科：科学；招聘职位：小学科学A；招聘人数：1,安徽 滁州天长市,https://www.xduim.com/zw/jszk,,专业：专业不限
2023,教师,2023安徽教师招考,天长市教育体育局,天长市教育体育局 小学科学B,本科及以上,专业不限,,笔试+面试,,,学段：小学；学科：科学；招聘职位：小学科学B；招聘人数：2,安徽 滁州天长市,https://www.xduim.com/zw/jszk,,专业：专业不限
2023,教师,2023安徽教师招考,天长市教育体育局,天长市教育体育局 小学道德与法治,本科及以上,本科：政治学类、马克思主义理论类、人文教育；研究生：政治学、马克思主义理论、学科教学（思政）、课程与教学论（思政方向）,,笔试+面试,,,学段：小学；学科：道德与法治；招聘职位：小学道德与法治；招聘人数：2,安徽 滁州天长市,https://www.xduim.com/zw/jszk,,专业：本科：政治学类、马克思主义理论类、人文教育；研究生：政治学、马克思主义理论、学科教学（思政）、课程与教学论（思政方向）
2023,教师,2023安徽教师招考,天长市教育体育局,天长市教育体育局 小学信息科技,本科及以上,本科：计算机类、教育技术学；研究生：计算机科学与技术、教育技术学,,笔试+面试,,,学段：小学；学科：信息科技；招聘职位：小学信息科技；招聘人数：1,安徽 滁州天长市,https://www.xduim.com/zw/jszk,,专业：本科：计算机类、教育技术学；研究生：计算机科学与技术、教育技术学
2023,教师,2023安徽教师招考,天长市教育体育局,天长市教育体育局 小学特殊教育,专科及以上,专科：特殊教育 本科：特殊教育、教育康复学、认知科学与技术；研究生：特殊教育学、特殊教育,,笔试+面试,,,学段：小学；学科：特殊教育；招聘职位：小学特殊教育；招聘人数：1,安徽 滁州天长市,https://www.xduim.com/zw/jszk,,专业：专科：特殊教育 本科：特殊教育、教育康复学、认知科学与技术；研究生：特殊教育学、特殊教育
2024,教师,2024安徽教师招考,太和县教育局,太和县教育局 高中数学,本科及以上,本科：数学与应用数学、信息与计算科学； 硕士研究生及以上学历专业不限,,笔试+面试,,,学段：高级中学；学科：数学；招聘职位：高中数学；招聘人数：6,安徽 阜阳太和县,https://www.xduim.com/zw/jszk,,专业：本科：数学与应用数学、信息与计算科学； 硕士研究生及以上学历专业不限
2024,教师,2024安徽教师招考,太和县教育局,太和县教育局 高中英语,本科及以上,本科：英语； 硕士研究生及以上学历专业不限,,笔试+面试,,,学段：高级中学；学科：英语；招聘职位：高中英语；招聘人数：4,安徽 阜阳太和县,https://www.xduim.com/zw/jszk,,专业：本科：英语； 硕士研究生及以上学历专业不限
2024,教师,2024安徽教师招考,太和县教育局,太和县教育局 高中物理,本科及以上,本科：物理学、应用物理学； 硕士研究生及以上学历专业不限,,笔试+面试,,,学段：高级中学；学科：物理；招聘职位：高中物理；招聘人数：1,安徽 阜阳太和县,https://www.xduim.com/zw/jszk,,专业：本科：物理学、应用物理学； 硕士研究生及以上学历专业不限
2024,教师,2024安徽教师招考,太和县教育局,太和县教育局 高中化学,本科及以上,本科：化学、应用化学； 硕士研究生及以上学历专业不限,,笔试+面试,,,学段：高级中学；学科：化学；招聘职位：高中化学；招聘人数：3,安徽 阜阳太和县,https://www.xduim.com/zw/jszk,,专业：本科：化学、应用化学； 硕士研究生及以上学历专业不限
2024,教师,2024安徽教师招考,太和县教育局,太和县教育局 高中政治,本科及以上,本科：思想政治教育； 硕士研究生及以上学历专业不限,,笔试+面试,,,学段：高级中学；学科：思想政治；招聘职位：高中政治；招聘人数：3,安徽 阜阳太和县,https://www.xduim.com/zw/jszk,,专业：本科：思想政治教育； 硕士研究生及以上学历专业不限
2024,教师,2024安徽教师招考,太和县教育局,太和县教育局 高中历史,本科及以上,本科：历史学、世界史； 硕士研究生及以上学历专业不限,,笔试+面试,,,学段：高级中学；学科：历史；招聘职位：高中历史；招聘人数：1,安徽 阜阳太和县,https://www.xduim.com/zw/jszk,,专业：本科：历史学、世界史； 硕士研究生及以上学历专业不限
2024,教师,2024安徽教师招考,太和县教育局,太和县教育局 高中地理,本科及以上,本科：地理科学、地理信息科学； 硕士研究生及以上学历专业不限,,笔试+面试,,,学段：高级中学；学科：地理；招聘职位：高中地理；招聘人数：2,安徽 阜阳太和县,https://www.xduim.com/zw/jszk,,专业：本科：地理科学、地理信息科学； 硕士研究生及以上学历专业不限
2023,教师,2023安徽教师招考,太和县教育局,太和县教育局 初中英语A,本科及以上,本科：英语 硕士研究生及以上学历专业不限,,笔试+面试,,,学段：初级中学；学科：英语；招聘职位：初中英语A；招聘人数：13,安徽 阜阳太和县,https://www.xduim.com/zw/jszk,,专业：本科：英语 硕士研究生及以上学历专业不限
2023,教师,2023安徽教师招考,太和县教育局,太和县教育局 初中英语B,本科及以上,本科：英语 硕士研究生及以上学历专业不限,,笔试+面试,,,学段：初级中学；学科：英语；招聘职位：初中英语B；招聘人数：13,安徽 阜阳太和县,https://www.xduim.com/zw/jszk,,专业：本科：英语 硕士研究生及以上学历专业不限
2023,教师,2023安徽教师招考,太和县教育局,太和县教育局 初中物理A,本科及以上,专业不限,,笔试+面试,,,学段：初级中学；学科：物理；招聘职位：初中物理A；招聘人数：9,安徽 阜阳太和县,https://www.xduim.com/zw/jszk,,专业：专业不限
2023,教师,2023安徽教师招考,太和县教育局,太和县教育局 初中物理B,本科及以上,专业不限,,笔试+面试,,,学段：初级中学；学科：物理；招聘职位：初中物理B；招聘人数：9,安徽 阜阳太和县,https://www.xduim.com/zw/jszk,,专业：专业不限
2023,教师,2023安徽教师招考,太和县教育局,太和县教育局 初中化学,本科及以上,本科：化学、应用化学 硕士研究生及以上学历专业不限,,笔试+面试,,,学段：初级中学；学科：化学；招聘职位：初中化学；招聘人数：7,安徽 阜阳太和县,https://www.xduim.com/zw/jszk,,专业：本科：化学、应用化学 硕士研究生及以上学历专业不限
2023,教师,2023安徽教师招考,太和县教育局,太和县教育局 初中生物,本科及以上,本科：生物科学、应用生物科学、生物技术 硕士研究生及以上学历专业不限,,笔试+面试,,,学段：初级中学；学科：生物；招聘职位：初中生物；招聘人数：4,安徽 阜阳太和县,https://www.xduim.com/zw/jszk,,专业：本科：生物科学、应用生物科学、生物技术 硕士研究生及以上学历专业不限
2023,教师,2023安徽教师招考,太和县教育局,太和县教育局 初中道德与法治A,本科及以上,本科：思想政治教育、马克思主义理论、科学社会主义、中国共产党历史 硕士研究生及以上学历专业不限,,笔试+面试,,,学段：初级中学；学科：道德与法治；招聘职位：初中道德与法治A；招聘人数：8,安徽 阜阳太和县,https://www.xduim.com/zw/jszk,,专业：本科：思想政治教育、马克思主义理论、科学社会主义、中国共产党历史 硕士研究生及以上学历专业不限
2023,教师,2023安徽教师招考,太和县教育局,太和县教育局 初中道德与法治B,本科及以上,本科：思想政治教育、马克思主义理论、科学社会主义、中国共产党历史 硕士研究生及以上学历专业不限,,笔试+面试,,,学段：初级中学；学科：道德与法治；招聘职位：初中道德与法治B；招聘人数：8,安徽 阜阳太和县,https://www.xduim.com/zw/jszk,,专业：本科：思想政治教育、马克思主义理论、科学社会主义、中国共产党历史 硕士研究生及以上学历专业不限
2023,教师,2023安徽教师招考,太和县教育局,太和县教育局 初中历史A,本科及以上,本科：历史学、世界史 硕士研究生及以上学历专业不限,,笔试+面试,,,学段：初级中学；学科：历史；招聘职位：初中历史A；招聘人数：9,安徽 阜阳太和县,https://www.xduim.com/zw/jszk,,专业：本科：历史学、世界史 硕士研究生及以上学历专业不限
2023,教师,2023安徽教师招考,太和县教育局,太和县教育局 初中历史B,本科及以上,本科：历史学、世界史 硕士研究生及以上学历专业不限,,笔试+面试,,,学段：初级中学；学科：历史；招聘职位：初中历史B；招聘人数：9,安徽 阜阳太和县,https://www.xduim.com/zw/jszk,,专业：本科：历史学、世界史 硕士研究生及以上学历专业不限
2023,教师,2023安徽教师招考,太和县教育局,太和县教育局 初中地理,本科及以上,本科：地理科学、自然地理与资源环境、地理信息科学 硕士研究生及以上学历专业不限,,笔试+面试,,,学段：初级中学；学科：地理；招聘职位：初中地理；招聘人数：7,安徽 阜阳太和县,https://www.xduim.com/zw/jszk,,专业：本科：地理科学、自然地理与资源环境、地理信息科学 硕士研究生及以上学历专业不限
2023,教师,2023安徽教师招考,太和县教育局,太和县教育局 初中音乐,本科及以上,本科：音乐学、音乐表演 硕士研究生及以上学历专业不限,,笔试+面试,,,学段：初级中学；学科：音乐；招聘职位：初中音乐；招聘人数：3,安徽 阜阳太和县,https://www.xduim.com/zw/jszk,,专业：本科：音乐学、音乐表演 硕士研究生及以上学历专业不限
2023,教师,2023安徽教师招考,太和县教育局,太和县教育局 初中体育,本科及以上,本科：体育教育、运动训练、武术与民族传统体育 硕士研究生及以上学历专业不限,,笔试+面试,,,学段：初级中学；学科：体育；招聘职位：初中体育；招聘人数：9,安徽 阜阳太和县,https://www.xduim.com/zw/jszk,,专业：本科：体育教育、运动训练、武术与民族传统体育 硕士研究生及以上学历专业不限
2023,教师,2023安徽教师招考,太和县教育局,太和县教育局 初中美术,本科及以上,本科：美术学 硕士研究生及以上学历专业不限,,笔试+面试,,,学段：初级中学；学科：美术；招聘职位：初中美术；招聘人数：7,安徽 阜阳太和县,https://www.xduim.com/zw/jszk,,专业：本科：美术学 硕士研究生及以上学历专业不限
2023,教师,2023安徽教师招考,太和县教育局,太和县教育局 初中信息技术,本科及以上,本科：计算机科学与技术 硕士研究生及以上学历专业不限,,笔试+面试,,,学段：初级中学；学科：信息技术；招聘职位：初中信息技术；招聘人数：4,安徽 阜阳太和县,https://www.xduim.com/zw/jszk,,专业：本科：计算机科学与技术 硕士研究生及以上学历专业不限
2023,教师,2023安徽教师招考,太和县教育局,太和县教育局 初中心理健康教育,本科及以上,本科：心理学、应用心理学 硕士研究生及以上学历专业不限,,笔试+面试,,,学段：初级中学；学科：心理健康教育；招聘职位：初中心理健康教育；招聘人数：2,安徽 阜阳太和县,https://www.xduim.com/zw/jszk,,专业：本科：心理学、应用心理学 硕士研究生及以上学历专业不限
2023,教师,2023安徽教师招考,太和县教育局,太和县教育局 高中语文,本科及以上,本科：汉语言、汉语言文学、汉语国际教育 硕士研究生及以上学历专业不限,,笔试+面试,,,学段：高级中学；学科：语文；招聘职位：高中语文；招聘人数：15,安徽 阜阳太和县,https://www.xduim.com/zw/jszk,,专业：本科：汉语言、汉语言文学、汉语国际教育 硕士研究生及以上学历专业不限
2023,教师,2023安徽教师招考,太和县教育局,太和县教育局 高中数学,本科及以上,本科：数学与应用数学、信息与计算科学、数理基础科学、数据计算及应用 硕士研究生及以上学历专业不限,,笔试+面试,,,学段：高级中学；学科：数学；招聘职位：高中数学；招聘人数：13,安徽 阜阳太和县,https://www.xduim.com/zw/jszk,,专业：本科：数学与应用数学、信息与计算科学、数理基础科学、数据计算及应用 硕士研究生及以上学历专业不限
2023,教师,2023安徽教师招考,太和县教育局,太和县教育局 高中英语,本科及以上,本科：英语 硕士研究生及以上学历专业不限,,笔试+面试,,,学段：高级中学；学科：英语；招聘职位：高中英语；招聘人数：10,安徽 阜阳太和县,https://www.xduim.com/zw/jszk,,专业：本科：英语 硕士研究生及以上学历专业不限
2023,教师,2023安徽教师招考,太和县教育局,太和县教育局 高中物理,本科及以上,本科：物理学、应用物理学 硕士研究生及以上学历专业不限,,笔试+面试,,,学段：高级中学；学科：物理；招聘职位：高中物理；招聘人数：6,安徽 阜阳太和县,https://www.xduim.com/zw/jszk,,专业：本科：物理学、应用物理学 硕士研究生及以上学历专业不限
2023,教师,2023安徽教师招考,太和县教育局,太和县教育局 高中生物,本科及以上,本科：生物科学、应用生物科学、生物技术 硕士研究生及以上学历专业不限,,笔试+面试,,,学段：高级中学；学科：生物；招聘职位：高中生物；招聘人数：1,安徽 阜阳太和县,https://www.xduim.com/zw/jszk,,专业：本科：生物科学、应用生物科学、生物技术 硕士研究生及以上学历专业不限
2023,教师,2023安徽教师招考,太和县教育局,太和县教育局 高中历史,本科及以上,本科：历史学、世界史 硕士研究生及以上学历专业不限,,笔试+面试,,,学段：高级中学；学科：历史；招聘职位：高中历史；招聘人数：1,安徽 阜阳太和县,https://www.xduim.com/zw/jszk,,专业：本科：历史学、世界史 硕士研究生及以上学历专业不限
2023,教师,2023安徽教师招考,太和县教育局,太和县教育局 高中地理,本科及以上,本科：地理科学、自然地理与资源环境、地理信息科学 硕士研究生及以上学历专业不限,,笔试+面试,,,学段：高级中学；学科：地理；招聘职位：高中地理；招聘人数：2,安徽 阜阳太和县,https://www.xduim.com/zw/jszk,,专业：本科：地理科学、自然地理与资源环境、地理信息科学 硕士研究生及以上学历专业不限
2023,教师,2023安徽教师招考,太和县教育局,太和县教育局 高中音乐,本科及以上,本科：音乐表演（钢琴） 硕士研究生及以上学历专业不限,,笔试+面试,,,学段：高级中学；学科：音乐；招聘职位：高中音乐；招聘人数：1,安徽 阜阳太和县,https://www.xduim.com/zw/jszk,,专业：本科：音乐表演（钢琴） 硕士研究生及以上学历专业不限
2023,教师,2023安徽教师招考,太和县教育局,太和县教育局 高中体育,本科及以上,本科：体育教育、运动训练、武术与民族传统体育 硕士研究生及以上学历专业不限,,笔试+面试,,,学段：高级中学；学科：体育；招聘职位：高中体育；招聘人数：1,安徽 阜阳太和县,https://www.xduim.com/zw/jszk,,专业：本科：体育教育、运动训练、武术与民族传统体育 硕士研究生及以上学历专业不限
2023,教师,2023安徽教师招考,安庆市田家炳中学,80107306 安庆市田家炳中学 学科教师,本科及以上,本科生：071001生物科学、071002生物技术、071003生物信息学、071004生态学、071005T整合科学、071006T神经科学 研究生：专业不限,,笔试+面试,,,学段：高级中学；学科：生物；招聘职位：学科教师；招聘人数：1,安徽 安庆市直,https://www.xduim.com/zw/jszk,,专业：本科生：071001生物科学、071002生物技术、071003生物信息学、071004生态学、071005T整合科学、071006T神经科学 研究生：专业不限
2023,教师,2023安徽教师招考,安庆市田家炳中学,80107307 安庆市田家炳中学 学科教师,本科及以上,本科生：070501地理科学、070502自然地理与资源环境、070503人文地理与城乡规划、070503地理信息科学（070504） 研究生：专业不限,,笔试+面试,,,学段：高级中学；学科：地理；招聘职位：学科教师；招聘人数：1,安徽 安庆市直,https://www.xduim.com/zw/jszk,,专业：本科生：070501地理科学、070502自然地理与资源环境、070503人文地理与城乡规划、070503地理信息科学（070504） 研究生：专业不限
2023,教师,2023安徽教师招考,安庆市石化第一中学本部高中部,80108307 安庆市石化第一中学本部高中部 学科教师,本科及以上,本科生：070501地理科学、070502自然地理与资源环境、070503人文地理与城乡规划、070504地理信息科学 研究生：专业不限,,笔试+面试,,,学段：高级中学；学科：地理；招聘职位：学科教师；招聘人数：1,安徽 安庆市直,https://www.xduim.com/zw/jszk,,专业：本科生：070501地理科学、070502自然地理与资源环境、070503人文地理与城乡规划、070504地理信息科学 研究生：专业不限
2023,教师,2023安徽教师招考,安庆市特殊教育学校,80109112 安庆市特殊教育学校 特殊教育教师,本科及以上,本科生：040108特殊教育、040116TK孤独症儿童教育 研究生：040109特殊教育,,笔试+面试,,,学段：义务教育；学科：特殊教育；招聘职位：特殊教育教师；招聘人数：1,安徽 安庆市直,https://www.xduim.com/zw/jszk,,专业：本科生：040108特殊教育、040116TK孤独症儿童教育 研究生：040109特殊教育
2023,教师,2023安徽教师招考,安庆市特殊教育学校,80109401 安庆市特殊教育学校 特殊教育教师,本科及以上,本科生：100501K中医学、100510TK中医康复学、100502K针灸推拿学、100513TK中医骨伤科、100601K中西医临床医学 研究生：100500中医学、100501中医基础理论、100508中医骨伤科学、100512针灸推拿学,,笔试+面试,,,学段：中职；学科：中医康复技术；招聘职位：特殊教育教师；招聘人数：1,安徽 安庆市直,https://www.xduim.com/zw/jszk,,专业：本科生：100501K中医学、100510TK中医康复学、100502K针灸推拿学、100513TK中医骨伤科、100601K中西医临床医学 研究生：100500中医学、100501中医基础理论、100508中医骨伤科学、100512针灸推拿学
2024,教师,2024安徽教师招考,宣州区教育体育局,18022421 宣州区教育体育局 小学科学,本科及以上,专业不限,,笔试+面试,,,学段：小学；学科：科学；招聘职位：小学科学；招聘人数：1,安徽 宣城宣州区,https://www.xduim.com/zw/jszk,,专业：专业不限
2024,教师,2024安徽教师招考,宿松县教育局,20240121 宿松县教育局 初中音乐教师,本科及以上,本科：艺术学门类 研究生：艺术学门类、学科教学（音乐）、课程与教学论（音乐）,,笔试+面试,,,学段：初级中学；学科：音乐；招聘职位：初中音乐教师；招聘人数：1,安徽 安庆宿松县,https://www.xduim.com/zw/jszk,,专业：本科：艺术学门类 研究生：艺术学门类、学科教学（音乐）、课程与教学论（音乐）
2024,教师,2024安徽教师招考,宿松县教育局,20240122 宿松县教育局 初中心理健康教育教师,本科及以上,本科：心理学类 研究生：心理学类、心理健康教育、应用心理,,笔试+面试,,,学段：初级中学；学科：心理健康教育；招聘职位：初中心理健康教育教师；招聘人数：1,安徽 安庆宿松县,https://www.xduim.com/zw/jszk,,专业：本科：心理学类 研究生：心理学类、心理健康教育、应用心理
2024,教师,2024安徽教师招考,宿松县教育局,20240123 宿松县教育局 幼儿园 教师,专科及以上,大专：学前教育 本科及以上：不限,,笔试+面试,,,学段：幼儿园；学科：幼儿园；招聘职位：幼儿园 教师；招聘人数：10,安徽 安庆宿松县,https://www.xduim.com/zw/jszk,,专业：大专：学前教育 本科及以上：不限
2023,教师,2023安徽教师招考,宣州区教育体育局,18022321 宣州区教育体育局 小学信息技术,本科及以上,专业不限,,笔试+面试,,,学段：小学；学科：信息技术；招聘职位：小学信息技术；招聘人数：2,安徽 宣城宣州区,https://www.xduim.com/zw/jszk,,专业：专业不限
2023,教师,2023安徽教师招考,宣州区教育体育局,18022322 宣州区教育体育局 小学科学,本科及以上,专业不限,,笔试+面试,,,学段：小学；学科：科学；招聘职位：小学科学；招聘人数：3,安徽 宣城宣州区,https://www.xduim.com/zw/jszk,,专业：专业不限
2023,教师,2023安徽教师招考,屯溪龙山实验小学,34100221 屯溪龙山实验小学 小学英语,专科及以上,本科：英语专业、英语教育专业 研究生：学科教学（英语）,,笔试+面试,,,招聘职位：小学英语；招聘人数：1,安徽 黄山屯溪区,https://www.xduim.com/zw/jszk,,专业：本科：英语专业、英语教育专业 研究生：学科教学（英语）
2023,教师,2023安徽教师招考,屯溪东城实验小学,34100222 屯溪东城实验小学 小学语文,专科及以上,不限,,笔试+面试,,,招聘职位：小学语文；招聘人数：2,安徽 黄山屯溪区,https://www.xduim.com/zw/jszk,,专业：不限
2023,教师,2023安徽教师招考,屯溪东城实验小学,34100223 屯溪东城实验小学 小学数学,专科及以上,不限,,笔试+面试,,,招聘职位：小学数学；招聘人数：3,安徽 黄山屯溪区,https://www.xduim.com/zw/jszk,,专业：不限
2023,教师,2023安徽教师招考,屯溪东城实验小学,34100224 屯溪东城实验小学 小学体育,本科及以上,本科：体育学类； 研究生：体育学（一级学科）,,笔试+面试,,,招聘职位：小学体育；招聘人数：1,安徽 黄山屯溪区,https://www.xduim.com/zw/jszk,,专业：本科：体育学类； 研究生：体育学（一级学科）
2024,教师,2024安徽教师招考,屯溪荷花池小学,34100221 屯溪荷花池小学 小学数学,本科及以上,不限,,笔试+面试,,,学段：小学；招聘职位：小学数学；招聘人数：1,安徽 黄山屯溪区,https://www.xduim.com/zw/jszk,,专业：不限
2024,教师,2024安徽教师招考,屯溪荷花池小学,34100222 屯溪荷花池小学 小学科学,本科及以上,不限,,笔试+面试,,,学段：小学；招聘职位：小学科学；招聘人数：1,安徽 黄山屯溪区,https://www.xduim.com/zw/jszk,,专业：不限
2024,教师,2024安徽教师招考,屯溪大位小学,34100223 屯溪大位小学 小学语文,本科及以上,本科：汉语言文学专业、小学教育专业 研究生：中国语言文学（一级学科）、 学科教学（语文）、小学教育,,笔试+面试,,,学段：小学；招聘职位：小学语文；招聘人数：1,安徽 黄山屯溪区,https://www.xduim.com/zw/jszk,,专业：本科：汉语言文学专业、小学教育专业 研究生：中国语言文学（一级学科）、 学科教学（语文）、小学教育
2024,教师,2024安徽教师招考,屯溪现代实验学校,34100224 屯溪现代实验学校 小学语文,本科及以上,本科：汉语言文学专业、小学教育专业 研究生：中国语言文学（一级学科）、 学科教学（语文）、小学教育,,笔试+面试,,,学段：小学；招聘职位：小学语文；招聘人数：3,安徽 黄山屯溪区,https://www.xduim.com/zw/jszk,,专业：本科：汉语言文学专业、小学教育专业 研究生：中国语言文学（一级学科）、 学科教学（语文）、小学教育
2024,教师,2024安徽教师招考,屯溪现代实验学校,34100225 屯溪现代实验学校 小学英语,本科及以上,本科：英语专业、小学教育专业； 研究生：学科教学（英语）、小学教育,,笔试+面试,,,学段：小学；招聘职位：小学英语；招聘人数：2,安徽 黄山屯溪区,https://www.xduim.com/zw/jszk,,专业：本科：英语专业、小学教育专业； 研究生：学科教学（英语）、小学教育
2024,教师,2024安徽教师招考,屯溪现代实验学校,34100226 屯溪现代实验学校 小学信息技术,本科及以上,本科：教育技术学专业、计算机类； 研究生：教育技术学（二级学科）、计算机科学与技术（一级学科）、现代教育技术,,笔试+面试,,,学段：小学；招聘职位：小学信息技术；招聘人数：1,安徽 黄山屯溪区,https://www.xduim.com/zw/jszk,,专业：本科：教育技术学专业、计算机类； 研究生：教育技术学（二级学科）、计算机科学与技术（一级学科）、现代教育技术
2024,教师,2024安徽教师招考,屯溪现代实验学校,34100227 屯溪现代实验学校 小学音乐,本科及以上,本科：音乐与舞蹈学类； 研究生：学科教学（音乐）、音乐学（二级学科）、舞蹈学（二级学科）、音乐、舞蹈,,笔试+面试,,,学段：小学；招聘职位：小学音乐；招聘人数：1,安徽 黄山屯溪区,https://www.xduim.com/zw/jszk,,专业：本科：音乐与舞蹈学类； 研究生：学科教学（音乐）、音乐学（二级学科）、舞蹈学（二级学科）、音乐、舞蹈
2024,教师,2024安徽教师招考,屯溪现代实验学校,34100228 屯溪现代实验学校 小学美术,本科及以上,本科：美术学类、设计学类； 研究生：美术学（二级学科）、设计艺术学（二级学科）、学科教学（美术）、美术、艺术设计,,笔试+面试,,,学段：小学；招聘职位：小学美术；招聘人数：1,安徽 黄山屯溪区,https://www.xduim.com/zw/jszk,,专业：本科：美术学类、设计学类； 研究生：美术学（二级学科）、设计艺术学（二级学科）、学科教学（美术）、美术、艺术设计
2024,教师,2024安徽教师招考,屯溪现代实验学校,34100229 屯溪现代实验学校 小学体育,本科及以上,本科：体育学类； 研究生：体育学（一级学科）、学科教学（体育）,,笔试+面试,,,学段：小学；招聘职位：小学体育；招聘人数：1,安徽 黄山屯溪区,https://www.xduim.com/zw/jszk,,专业：本科：体育学类； 研究生：体育学（一级学科）、学科教学（体育）
2024,教师,2024安徽教师招考,屯溪现代实验学校,34100230 屯溪现代实验学校 小学心理健康,本科及以上,不限,,笔试+面试,,,学段：小学；招聘职位：小学心理健康；招聘人数：1,安徽 黄山屯溪区,https://www.xduim.com/zw/jszk,,专业：不限
2024,教师,2024安徽教师招考,屯溪龙山实验小学,34100231 屯溪龙山实验小学 小学科学,本科及以上,不限,,笔试+面试,,,学段：小学；招聘职位：小学科学；招聘人数：1,安徽 黄山屯溪区,https://www.xduim.com/zw/jszk,,专业：不限
2024,教师,2024安徽教师招考,屯溪龙山实验小学,34100232 屯溪龙山实验小学 小学音乐,本科及以上,本科：音乐与舞蹈学类； 研究生：学科教学（音乐）、音乐学（二级学科）、舞蹈学（二级学科）、音乐、舞蹈,,笔试+面试,,,学段：小学；招聘职位：小学音乐；招聘人数：1,安徽 黄山屯溪区,https://www.xduim.com/zw/jszk,,专业：本科：音乐与舞蹈学类； 研究生：学科教学（音乐）、音乐学（二级学科）、舞蹈学（二级学科）、音乐、舞蹈
2024,教师,2024安徽教师招考,屯溪东城实验小学,34100233 屯溪东城实验小学 小学语文,本科及以上,不限,,笔试+面试,,,学段：小学；招聘职位：小学语文；招聘人数：1,安徽 黄山屯溪区,https://www.xduim.com/zw/jszk,,专业：不限
2024,教师,2024安徽教师招考,屯溪东城实验小学,34100234 屯溪东城实验小学 小学数学,本科及以上,不限,,笔试+面试,,,学段：小学；招聘职位：小学数学；招聘人数：2,安徽 黄山屯溪区,https://www.xduim.com/zw/jszk,,专业：不限
2024,教师,2024安徽教师招考,屯溪东城实验小学,34100235 屯溪东城实验小学 小学英语,本科及以上,本科：英语专业、小学教育专业； 研究生：学科教学（英语）、小学教育,,笔试+面试,,,学段：小学；招聘职位：小学英语；招聘人数：1,安徽 黄山屯溪区,https://www.xduim.com/zw/jszk,,专业：本科：英语专业、小学教育专业； 研究生：学科教学（英语）、小学教育
2024,教师,2024安徽教师招考,屯溪东城实验小学,34100236 屯溪东城实验小学 小学美术,本科及以上,本科：美术学类、设计学类； 研究生：美术学（二级学科）、设计艺术学（二级学科）、学科教学（美术）、美术、艺术设计,,笔试+面试,,,学段：小学；招聘职位：小学美术；招聘人数：1,安徽 黄山屯溪区,https://www.xduim.com/zw/jszk,,专业：本科：美术学类、设计学类； 研究生：美术学（二级学科）、设计艺术学（二级学科）、学科教学（美术）、美术、艺术设计
2024,教师,2024安徽教师招考,屯溪东城实验小学,34100237 屯溪东城实验小学 小学体育,本科及以上,本科：体育学类； 研究生：体育学（一级学科）、学科教学（体育）,,笔试+面试,,,学段：小学；招聘职位：小学体育；招聘人数：1,安徽 黄山屯溪区,https://www.xduim.com/zw/jszk,,专业：本科：体育学类； 研究生：体育学（一级学科）、学科教学（体育）
2024,教师,2024安徽教师招考,屯溪区奕棋镇中心小学,34100238 屯溪区奕棋镇中心小学 小学语文,本科及以上,不限,,笔试+面试,,,学段：小学；招聘职位：小学语文；招聘人数：1,安徽 黄山屯溪区,https://www.xduim.com/zw/jszk,,专业：不限
2024,教师,2024安徽教师招考,黄山市实验小学,34100239 黄山市实验小学 小学语文,本科及以上,本科：汉语言文学专业、小学教育专业 研究生：中国语言文学（一级学科）、 学科教学（语文）、小学教育,,笔试+面试,,,学段：小学；招聘职位：小学语文；招聘人数：1,安徽 黄山屯溪区,https://www.xduim.com/zw/jszk,,专业：本科：汉语言文学专业、小学教育专业 研究生：中国语言文学（一级学科）、 学科教学（语文）、小学教育
2024,教师,2024安徽教师招考,庐阳区区属学校,30121 庐阳区区属学校 小学心理健康教育,本科及以上,心理健康教育；心理学；应用心理学；应用心理,,笔试+面试,,,学段：小学；学科：小学心理健康教育(小学)；招聘职位：小学心理健康教育；招聘人数：11,安徽 合肥庐阳区,https://www.xduim.com/zw/jszk,,专业：心理健康教育；心理学；应用心理学；应用心理
2024,教师,2024安徽教师招考,庐阳区区属学校,30122 庐阳区区属学校 小学体育A组,本科及以上,体育学科相关专业,,笔试+面试,,,学段：小学；学科：小学体育(小学)；招聘职位：小学体育A组；招聘人数：6,安徽 合肥庐阳区,https://www.xduim.com/zw/jszk,,专业：体育学科相关专业
2024,教师,2024安徽教师招考,庐阳区区属学校,30123 庐阳区区属学校 小学体育B组,本科及以上,田径,,笔试+面试,,,学段：小学；学科：小学体育(小学)；招聘职位：小学体育B组；招聘人数：4,安徽 合肥庐阳区,https://www.xduim.com/zw/jszk,,专业：田径
2024,教师,2024安徽教师招考,庐阳区区属学校,30124 庐阳区区属学校 小学体育C组,本科及以上,手球,,笔试+面试,,,学段：小学；学科：小学体育(小学)；招聘职位：小学体育C组；招聘人数：2,安徽 合肥庐阳区,https://www.xduim.com/zw/jszk,,专业：手球
2024,教师,2024安徽教师招考,庐阳区区属学校,30125 庐阳区区属学校 小学体育D组,本科及以上,乒乓球,,笔试+面试,,,学段：小学；学科：小学体育(小学)；招聘职位：小学体育D组；招聘人数：2,安徽 合肥庐阳区,https://www.xduim.com/zw/jszk,,专业：乒乓球
2024,教师,2024安徽教师招考,庐阳区区属学校,30126 庐阳区区属学校 小学体育E组,本科及以上,篮球,,笔试+面试,,,学段：小学；学科：小学体育(小学)；招聘职位：小学体育E组；招聘人数：2,安徽 合肥庐阳区,https://www.xduim.com/zw/jszk,,专业：篮球
2024,教师,2024安徽教师招考,庐阳区区属学校,30127 庐阳区区属学校 小学体育F组,本科及以上,健美操,,笔试+面试,,,学段：小学；学科：小学体育(小学)；招聘职位：小学体育F组；招聘人数：1,安徽 合肥庐阳区,https://www.xduim.com/zw/jszk,,专业：健美操
2024,教师,2024安徽教师招考,庐阳区区属学校,30128 庐阳区区属学校 小学体育G组,本科及以上,运动训练,,笔试+面试,,,学段：小学；学科：小学体育(小学)；招聘职位：小学体育G组；招聘人数：1,安徽 合肥庐阳区,https://www.xduim.com/zw/jszk,,专业：运动训练
2024,教师,2024安徽教师招考,庐阳区区属学校,30129 庐阳区区属学校 小学特教组,本科及以上,特殊教育；特殊教育学；教育康复学；,,笔试+面试,,,学段：小学；学科：小学特殊教育(小学)；招聘职位：小学特教组；招聘人数：1,安徽 合肥庐阳区,https://www.xduim.com/zw/jszk,,专业：特殊教育；特殊教育学；教育康复学；
2023,教师,2023安徽教师招考,庐阳区区属学校,庐阳区区属学校 小学语文B组,专科及以上,专业不限,,笔试+面试,,,学段：小学；学科：小学语文(小学)；招聘职位：小学语文B组；招聘人数：10,安徽 合肥庐阳区,https://www.xduim.com/zw/jszk,,专业：专业不限
2023,教师,2023安徽教师招考,庐阳区区属学校,庐阳区区属学校 小学语文C组,专科及以上,专业不限,,笔试+面试,,,学段：小学；学科：小学语文(小学)；招聘职位：小学语文C组；招聘人数：10,安徽 合肥庐阳区,https://www.xduim.com/zw/jszk,,专业：专业不限
2023,教师,2023安徽教师招考,庐阳区区属学校,庐阳区区属学校 小学语文D组,专科及以上,专业不限,,笔试+面试,,,学段：小学；学科：小学语文(小学)；招聘职位：小学语文D组；招聘人数：11,安徽 合肥庐阳区,https://www.xduim.com/zw/jszk,,专业：专业不限
2023,教师,2023安徽教师招考,庐阳区区属学校,庐阳区区属学校 小学语文E组,专科及以上,专业不限,,笔试+面试,,,学段：小学；学科：小学语文(小学)；招聘职位：小学语文E组；招聘人数：11,安徽 合肥庐阳区,https://www.xduim.com/zw/jszk,,专业：专业不限
2023,教师,2023安徽教师招考,庐阳区区属学校,庐阳区区属学校 小学语文F组,专科及以上,专业不限,,笔试+面试,,,学段：小学；学科：小学语文(小学)；招聘职位：小学语文F组；招聘人数：11,安徽 合肥庐阳区,https://www.xduim.com/zw/jszk,,专业：专业不限
2023,教师,2023安徽教师招考,庐阳区区属学校,庐阳区区属学校 小学语文G组,专科及以上,专业不限,,笔试+面试,,,学段：小学；学科：小学语文(小学)；招聘职位：小学语文G组；招聘人数：11,安徽 合肥庐阳区,https://www.xduim.com/zw/jszk,,专业：专业不限
2023,教师,2023安徽教师招考,庐阳区区属学校,庐阳区区属学校 小学语文H组,专科及以上,专业不限,,笔试+面试,,,学段：小学；学科：小学语文(小学)；招聘职位：小学语文H组；招聘人数：11,安徽 合肥庐阳区,https://www.xduim.com/zw/jszk,,专业：专业不限
2023,教师,2023安徽教师招考,庐阳区区属学校,庐阳区区属学校 小学数学A组,专科及以上,专业不限,,笔试+面试,,,学段：小学；学科：小学数学(小学)；招聘职位：小学数学A组；招聘人数：10,安徽 合肥庐阳区,https://www.xduim.com/zw/jszk,,专业：专业不限
2023,教师,2023安徽教师招考,庐阳区区属学校,庐阳区区属学校 小学数学B组,专科及以上,专业不限,,笔试+面试,,,学段：小学；学科：小学数学(小学)；招聘职位：小学数学B组；招聘人数：10,安徽 合肥庐阳区,https://www.xduim.com/zw/jszk,,专业：专业不限
2023,教师,2023安徽教师招考,庐阳区区属学校,庐阳区区属学校 小学数学C组,专科及以上,专业不限,,笔试+面试,,,学段：小学；学科：小学数学(小学)；招聘职位：小学数学C组；招聘人数：10,安徽 合肥庐阳区,https://www.xduim.com/zw/jszk,,专业：专业不限
2023,教师,2023安徽教师招考,庐阳区区属学校,庐阳区区属学校 小学英语,专科及以上,专业不限,,笔试+面试,,,学段：小学；学科：小学英语(小学)；招聘职位：小学英语；招聘人数：7,安徽 合肥庐阳区,https://www.xduim.com/zw/jszk,,专业：专业不限
2023,教师,2023安徽教师招考,庐阳区区属学校,庐阳区区属学校 小学美术A组,专科及以上,专业不限,,笔试+面试,,,学段：小学；学科：小学美术(小学)；招聘职位：小学美术A组；招聘人数：3,安徽 合肥庐阳区,https://www.xduim.com/zw/jszk,,专业：专业不限
2023,教师,2023安徽教师招考,庐阳区区属学校,庐阳区区属学校 小学美术B组,专科及以上,动画,,笔试+面试,,,学段：小学；学科：小学美术(小学)；招聘职位：小学美术B组；招聘人数：1,安徽 合肥庐阳区,https://www.xduim.com/zw/jszk,,专业：动画
2023,教师,2023安徽教师招考,庐阳区区属学校,庐阳区区属学校 小学信息技术,专科及以上,专业不限,,笔试+面试,,,学段：小学；学科：小学信息技术(小学)；招聘职位：小学信息技术；招聘人数：4,安徽 合肥庐阳区,https://www.xduim.com/zw/jszk,,专业：专业不限
2023,教师,2023安徽教师招考,庐阳区区属学校,庐阳区区属学校 小学心理健康教育,专科及以上,心理健康教育；心理学；应用心理学,,笔试+面试,,,学段：小学；学科：小学心理健康教育(小学)；招聘职位：小学心理健康教育；招聘人数：4,安徽 合肥庐阳区,https://www.xduim.com/zw/jszk,,专业：心理健康教育；心理学；应用心理学
2023,教师,2023安徽教师招考,庐阳区区属学校,庐阳区区属学校 小学科学,专科及以上,专业不限,,笔试+面试,,,学段：小学；学科：小学科学(小学)；招聘职位：小学科学；招聘人数：4,安徽 合肥庐阳区,https://www.xduim.com/zw/jszk,,专业：专业不限
2023,教师,2023安徽教师招考,庐阳区区属学校,庐阳区区属学校 小学音乐A组,专科及以上,专业不限,,笔试+面试,,,学段：小学；学科：小学音乐(小学)；招聘职位：小学音乐A组；招聘人数：2,安徽 合肥庐阳区,https://www.xduim.com/zw/jszk,,专业：专业不限
2023,教师,2023安徽教师招考,庐阳区区属学校,庐阳区区属学校 小学音乐B组,专科及以上,音乐教育,,笔试+面试,,,学段：小学；学科：小学音乐(小学)；招聘职位：小学音乐B组；招聘人数：1,安徽 合肥庐阳区,https://www.xduim.com/zw/jszk,,专业：音乐教育
2023,教师,2023安徽教师招考,庐阳区区属学校,庐阳区区属学校 小学体育A组,专科及以上,专业不限,,笔试+面试,,,学段：小学；学科：小学体育(小学)；招聘职位：小学体育A组；招聘人数：8,安徽 合肥庐阳区,https://www.xduim.com/zw/jszk,,专业：专业不限
2023,教师,2023安徽教师招考,庐阳区区属学校,庐阳区区属学校 小学体育B组,专科及以上,篮球,,笔试+面试,,,学段：小学；学科：小学体育(小学)；招聘职位：小学体育B组；招聘人数：3,安徽 合肥庐阳区,https://www.xduim.com/zw/jszk,,专业：篮球
2024,教师,2024安徽教师招考,芜湖市火龙岗中心学校,芜湖市火龙岗中心学校 小学数学,本科及以上,数学类；小学教育专业,,笔试+面试,,,学段：小学；学科：数学；招聘职位：小学数学；招聘人数：1,安徽 芜湖弋江区,https://www.xduim.com/zw/jszk,,专业：数学类；小学教育专业
2024,教师,2024安徽教师招考,芜湖市元亩塘小学,芜湖市元亩塘小学 小学语文,本科及以上,汉语言文学专业、汉语言专业、汉语国际教育专业、小学教育专业,,笔试+面试,,,学段：小学；学科：语文；招聘职位：小学语文；招聘人数：2,安徽 芜湖弋江区,https://www.xduim.com/zw/jszk,,专业：汉语言文学专业、汉语言专业、汉语国际教育专业、小学教育专业
2024,教师,2024安徽教师招考,芜湖市元亩塘小学,芜湖市元亩塘小学 小学英语,本科及以上,英语专业、小学教育专业,,笔试+面试,,,学段：小学；学科：英语；招聘职位：小学英语；招聘人数：1,安徽 芜湖弋江区,https://www.xduim.com/zw/jszk,,专业：英语专业、小学教育专业
2024,教师,2024安徽教师招考,芜湖市元亩塘小学,芜湖市元亩塘小学 小学数学,本科及以上,数学类；小学教育专业,,笔试+面试,,,学段：小学；学科：数学；招聘职位：小学数学；招聘人数：1,安徽 芜湖弋江区,https://www.xduim.com/zw/jszk,,专业：数学类；小学教育专业
2024,教师,2024安徽教师招考,芜湖市元亩塘小学,芜湖市元亩塘小学 小学科学,本科及以上,科学教育专业、物理学专业、化学专业、生物科学专业、小学教育专业,,笔试+面试,,,学段：小学；学科：科学；招聘职位：小学科学；招聘人数：1,安徽 芜湖弋江区,https://www.xduim.com/zw/jszk,,专业：科学教育专业、物理学专业、化学专业、生物科学专业、小学教育专业
2024,教师,2024安徽教师招考,芜湖市元亩塘小学,芜湖市元亩塘小学 小学信息技术,本科及以上,计算机科学与技术专业、教育技术学专业,,笔试+面试,,,学段：小学；学科：信息技术；招聘职位：小学信息技术；招聘人数：1,安徽 芜湖弋江区,https://www.xduim.com/zw/jszk,,专业：计算机科学与技术专业、教育技术学专业
2024,教师,2024安徽教师招考,芜湖市大学城小学,芜湖市大学城小学 小学语文,本科及以上,汉语言文学专业、汉语言专业、汉语国际教育专业、小学教育专业,,笔试+面试,,,学段：小学；学科：语文；招聘职位：小学语文；招聘人数：3,安徽 芜湖弋江区,https://www.xduim.com/zw/jszk,,专业：汉语言文学专业、汉语言专业、汉语国际教育专业、小学教育专业
2024,教师,2024安徽教师招考,芜湖市大学城小学,芜湖市大学城小学 小学数学,本科及以上,数学类；小学教育专业,,笔试+面试,,,学段：小学；学科：数学；招聘职位：小学数学；招聘人数：2,安徽 芜湖弋江区,https://www.xduim.com/zw/jszk,,专业：数学类；小学教育专业
2024,教师,2024安徽教师招考,芜湖市文昌西路小学,芜湖市文昌西路小学 小学语文,本科及以上,汉语言文学专业、汉语言专业、汉语国际教育专业、小学教育专业,,笔试+面试,,,学段：小学；学科：语文；招聘职位：小学语文；招聘人数：8,安徽 芜湖弋江区,https://www.xduim.com/zw/jszk,,专业：汉语言文学专业、汉语言专业、汉语国际教育专业、小学教育专业
2024,教师,2024安徽教师招考,芜湖市文昌西路小学,芜湖市文昌西路小学 小学数学,本科及以上,数学类；小学教育专业,,笔试+面试,,,学段：小学；学科：数学；招聘职位：小学数学；招聘人数：7,安徽 芜湖弋江区,https://www.xduim.com/zw/jszk,,专业：数学类；小学教育专业
2024,教师,2024安徽教师招考,芜湖市文昌西路小学,芜湖市文昌西路小学 小学英语,本科及以上,英语专业、小学教育专业,,笔试+面试,,,学段：小学；学科：英语；招聘职位：小学英语；招聘人数：1,安徽 芜湖弋江区,https://www.xduim.com/zw/jszk,,专业：英语专业、小学教育专业
2024,教师,2024安徽教师招考,芜湖市文昌西路小学,芜湖市文昌西路小学 小学体育与健康,本科及以上,体育教育专业,,笔试+面试,,,学段：小学；学科：体育与健康；招聘职位：小学体育与健康；招聘人数：1,安徽 芜湖弋江区,https://www.xduim.com/zw/jszk,,专业：体育教育专业
2024,教师,2024安徽教师招考,芜湖市文昌西路小学,芜湖市文昌西路小学 小学美术,本科及以上,美术学专业,,笔试+面试,,,学段：小学；学科：美术；招聘职位：小学美术；招聘人数：1,安徽 芜湖弋江区,https://www.xduim.com/zw/jszk,,专业：美术学专业
2024,教师,2024安徽教师招考,芜湖市文昌西路小学,芜湖市文昌西路小学 小学科学,本科及以上,科学教育专业、物理学专业、化学专业、生物科学专业、小学教育专业,,笔试+面试,,,学段：小学；学科：科学；招聘职位：小学科学；招聘人数：1,安徽 芜湖弋江区,https://www.xduim.com/zw/jszk,,专业：科学教育专业、物理学专业、化学专业、生物科学专业、小学教育专业
2024,教师,2024安徽教师招考,芜湖市乌霞山路小学,芜湖市乌霞山路小学 小学语文,本科及以上,汉语言文学专业、汉语言专业、汉语国际教育专业、小学教育专业,,笔试+面试,,,学段：小学；学科：语文；招聘职位：小学语文；招聘人数：6,安徽 芜湖弋江区,https://www.xduim.com/zw/jszk,,专业：汉语言文学专业、汉语言专业、汉语国际教育专业、小学教育专业
2024,教师,2024安徽教师招考,芜湖市乌霞山路小学,芜湖市乌霞山路小学 小学数学,本科及以上,数学类；小学教育专业,,笔试+面试,,,学段：小学；学科：数学；招聘职位：小学数学；招聘人数：6,安徽 芜湖弋江区,https://www.xduim.com/zw/jszk,,专业：数学类；小学教育专业
2024,教师,2024安徽教师招考,芜湖市乌霞山路小学,芜湖市乌霞山路小学 小学英语,本科及以上,英语专业、小学教育专业,,笔试+面试,,,学段：小学；学科：英语；招聘职位：小学英语；招聘人数：1,安徽 芜湖弋江区,https://www.xduim.com/zw/jszk,,专业：英语专业、小学教育专业
2024,教师,2024安徽教师招考,芜湖市乌霞山路小学,芜湖市乌霞山路小学 小学音乐,本科及以上,音乐学专业,,笔试+面试,,,学段：小学；学科：音乐；招聘职位：小学音乐；招聘人数：1,安徽 芜湖弋江区,https://www.xduim.com/zw/jszk,,专业：音乐学专业
2024,教师,2024安徽教师招考,芜湖市乌霞山路小学,芜湖市乌霞山路小学 小学信息技术,本科及以上,计算机科学与技术专业、教育技术学专业,,笔试+面试,,,学段：小学；学科：信息技术；招聘职位：小学信息技术；招聘人数：1,安徽 芜湖弋江区,https://www.xduim.com/zw/jszk,,专业：计算机科学与技术专业、教育技术学专业
2024,教师,2024安徽教师招考,芜湖市乌霞山路小学,芜湖市乌霞山路小学 小学科学,本科及以上,科学教育专业、物理学专业、化学专业、生物科学专业、小学教育专业,,笔试+面试,,,学段：小学；学科：科学；招聘职位：小学科学；招聘人数：1,安徽 芜湖弋江区,https://www.xduim.com/zw/jszk,,专业：科学教育专业、物理学专业、化学专业、生物科学专业、小学教育专业
2023,教师,2023安徽教师招考,庐阳区区属学校,庐阳区区属学校 小学体育C组,专科及以上,足球,,笔试+面试,,,学段：小学；学科：小学体育(小学)；招聘职位：小学体育C组；招聘人数：1,安徽 合肥庐阳区,https://www.xduim.com/zw/jszk,,专业：足球
2023,教师,2023安徽教师招考,庐阳区区属学校,庐阳区区属学校 小学体育D组,专科及以上,乒乓球,,笔试+面试,,,学段：小学；学科：小学体育(小学)；招聘职位：小学体育D组；招聘人数：1,安徽 合肥庐阳区,https://www.xduim.com/zw/jszk,,专业：乒乓球
2023,教师,2023安徽教师招考,庐阳区区属学校,庐阳区区属学校 小学体育E组,专科及以上,排球,,笔试+面试,,,学段：小学；学科：小学体育(小学)；招聘职位：小学体育E组；招聘人数：1,安徽 合肥庐阳区,https://www.xduim.com/zw/jszk,,专业：排球
2023,教师,2023安徽教师招考,庐阳区区属学校,庐阳区区属学校 小学体育F组,专科及以上,手球,,笔试+面试,,,学段：小学；学科：小学体育(小学)；招聘职位：小学体育F组；招聘人数：1,安徽 合肥庐阳区,https://www.xduim.com/zw/jszk,,专业：手球
2023,教师,2023安徽教师招考,庐阳区区属学校,庐阳区区属学校 小学特教组,专科及以上,特殊教育专业、培智专业、自闭症康复专业或康复治疗专业,,笔试+面试,,,学段：小学；学科：小学特殊教育(小学)；招聘职位：小学特教组；招聘人数：2,安徽 合肥庐阳区,https://www.xduim.com/zw/jszk,,专业：特殊教育专业、培智专业、自闭症康复专业或康复治疗专业
2024,教师,2024安徽教师招考,芜湖市马饮学校,芜湖市马饮学校 小学语文,本科及以上,汉语言文学专业、汉语言专业、汉语国际教育专业、小学教育专业,,笔试+面试,,,学段：小学；学科：语文；招聘职位：小学语文；招聘人数：5,安徽 芜湖弋江区,https://www.xduim.com/zw/jszk,,专业：汉语言文学专业、汉语言专业、汉语国际教育专业、小学教育专业
2024,教师,2024安徽教师招考,芜湖市马饮学校,芜湖市马饮学校 小学数学,本科及以上,数学类；小学教育专业,,笔试+面试,,,学段：小学；学科：数学；招聘职位：小学数学；招聘人数：3,安徽 芜湖弋江区,https://www.xduim.com/zw/jszk,,专业：数学类；小学教育专业
2024,教师,2024安徽教师招考,芜湖市马饮学校,芜湖市马饮学校 小学英语,本科及以上,英语专业、小学教育专业,,笔试+面试,,,学段：小学；学科：英语；招聘职位：小学英语；招聘人数：2,安徽 芜湖弋江区,https://www.xduim.com/zw/jszk,,专业：英语专业、小学教育专业
2024,教师,2024安徽教师招考,芜湖市马饮学校,芜湖市马饮学校 小学体育与健康,本科及以上,体育教育专业,,笔试+面试,,,学段：小学；学科：体育与健康；招聘职位：小学体育与健康；招聘人数：1,安徽 芜湖弋江区,https://www.xduim.com/zw/jszk,,专业：体育教育专业
2024,教师,2024安徽教师招考,芜湖市二十五中学,芜湖市二十五中学 初中语文,本科及以上,汉语言文学专业、汉语言专业、汉语国际教育专业,,笔试+面试,,,学段：初级中学；学科：语文；招聘职位：初中语文；招聘人数：1,安徽 芜湖弋江区,https://www.xduim.com/zw/jszk,,专业：汉语言文学专业、汉语言专业、汉语国际教育专业
2024,教师,2024安徽教师招考,芜湖市二十五中学,芜湖市二十五中学 初中数学,本科及以上,数学类,,笔试+面试,,,学段：初级中学；学科：数学；招聘职位：初中数学；招聘人数：1,安徽 芜湖弋江区,https://www.xduim.com/zw/jszk,,专业：数学类
2024,教师,2024安徽教师招考,芜湖市二十五中学,芜湖市二十五中学 初中化学,本科及以上,化学类,,笔试+面试,,,学段：初级中学；学科：化学；招聘职位：初中化学；招聘人数：1,安徽 芜湖弋江区,https://www.xduim.com/zw/jszk,,专业：化学类
2024,教师,2024安徽教师招考,安徽师范大学附属萃文中学,安徽师范大学附属萃文中学 初中语文,本科及以上,汉语言文学专业、汉语言专业、汉语国际教育专业,,笔试+面试,,,学段：初级中学；学科：语文；招聘职位：初中语文；招聘人数：3,安徽 芜湖弋江区,https://www.xduim.com/zw/jszk,,专业：汉语言文学专业、汉语言专业、汉语国际教育专业
2024,教师,2024安徽教师招考,安徽师范大学附属萃文中学,安徽师范大学附属萃文中学 初中数学,本科及以上,数学类,,笔试+面试,,,学段：初级中学；学科：数学；招聘职位：初中数学；招聘人数：3,安徽 芜湖弋江区,https://www.xduim.com/zw/jszk,,专业：数学类
2024,教师,2024安徽教师招考,安徽师范大学附属萃文中学,安徽师范大学附属萃文中学 初中英语,本科及以上,英语专业,,笔试+面试,,,学段：初级中学；学科：英语；招聘职位：初中英语；招聘人数：3,安徽 芜湖弋江区,https://www.xduim.com/zw/jszk,,专业：英语专业
2024,教师,2024安徽教师招考,安徽师范大学附属萃文中学,安徽师范大学附属萃文中学 初中心理健康教育,本科及以上,心理学专业、应用心理学专业,,笔试+面试,,,学段：初级中学；学科：心理健康教育；招聘职位：初中心理健康教育；招聘人数：1,安徽 芜湖弋江区,https://www.xduim.com/zw/jszk,,专业：心理学专业、应用心理学专业
2024,教师,2024安徽教师招考,安徽师范大学附属萃文中学,安徽师范大学附属萃文中学 初中历史,本科及以上,历史学专业,,笔试+面试,,,学段：初级中学；学科：历史；招聘职位：初中历史；招聘人数：1,安徽 芜湖弋江区,https://www.xduim.com/zw/jszk,,专业：历史学专业
2024,教师,2024安徽教师招考,安徽师范大学附属萃文中学,安徽师范大学附属萃文中学 初中地理,本科及以上,地理科学专业,,笔试+面试,,,学段：初级中学；学科：地理；招聘职位：初中地理；招聘人数：1,安徽 芜湖弋江区,https://www.xduim.com/zw/jszk,,专业：地理科学专业
2024,教师,2024安徽教师招考,安徽师范大学附属萃文中学,安徽师范大学附属萃文中学 初中物理,本科及以上,物理学专业,,笔试+面试,,,学段：初级中学；学科：物理；招聘职位：初中物理；招聘人数：1,安徽 芜湖弋江区,https://www.xduim.com/zw/jszk,,专业：物理学专业
2024,教师,2024安徽教师招考,安徽师范大学附属萃文中学,安徽师范大学附属萃文中学 初中化学,本科及以上,化学类,,笔试+面试,,,学段：初级中学；学科：化学；招聘职位：初中化学；招聘人数：1,安徽 芜湖弋江区,https://www.xduim.com/zw/jszk,,专业：化学类
2024,教师,2024安徽教师招考,安徽师范大学附属萃文中学,安徽师范大学附属萃文中学 初中生物学,本科及以上,生物科学专业,,笔试+面试,,,学段：初级中学；学科：生物学；招聘职位：初中生物学；招聘人数：1,安徽 芜湖弋江区,https://www.xduim.com/zw/jszk,,专业：生物科学专业
2024,教师,2024安徽教师招考,安徽师范大学附属萃文中学,安徽师范大学附属萃文中学 初中信息技术,本科及以上,计算机科学与技术专业、教育技术学专业,,笔试+面试,,,学段：初级中学；学科：信息技术；招聘职位：初中信息技术；招聘人数：1,安徽 芜湖弋江区,https://www.xduim.com/zw/jszk,,专业：计算机科学与技术专业、教育技术学专业
2024,教师,2024安徽教师招考,安徽师范大学附属萃文中学,安徽师范大学附属萃文中学 初中体育与健康,本科及以上,体育教育专业,,笔试+面试,,,学段：初级中学；学科：体育与健康；招聘职位：初中体育与健康；招聘人数：2,安徽 芜湖弋江区,https://www.xduim.com/zw/jszk,,专业：体育教育专业
2024,教师,2024安徽教师招考,芜湖市白马中学,芜湖市白马中学 初中化学,本科及以上,化学类,,笔试+面试,,,学段：初级中学；学科：化学；招聘职位：初中化学；招聘人数：1,安徽 芜湖弋江区,https://www.xduim.com/zw/jszk,,专业：化学类
2024,教师,2024安徽教师招考,芜湖市石硊中学,芜湖市石硊中学 初中英语,本科及以上,英语专业,,笔试+面试,,,学段：初级中学；学科：英语；招聘职位：初中英语；招聘人数：1,安徽 芜湖弋江区,https://www.xduim.com/zw/jszk,,专业：英语专业
2024,教师,2024安徽教师招考,芜湖市善瑞中学,芜湖市善瑞中学 初中英语,本科及以上,英语专业,,笔试+面试,,,学段：初级中学；学科：英语；招聘职位：初中英语；招聘人数：1,安徽 芜湖弋江区,https://www.xduim.com/zw/jszk,,专业：英语专业
2024,教师,2024安徽教师招考,芜湖市马塘初级中学,芜湖市马塘初级中学 初中语文,本科及以上,汉语言文学专业、汉语言专业、汉语国际教育专业,,笔试+面试,,,学段：初级中学；学科：语文；招聘职位：初中语文；招聘人数：1,安徽 芜湖弋江区,https://www.xduim.com/zw/jszk,,专业：汉语言文学专业、汉语言专业、汉语国际教育专业
2024,教师,2024安徽教师招考,芜湖市马塘初级中学,芜湖市马塘初级中学 初中道德与法治,本科及以上,思想政治教育专业,,笔试+面试,,,学段：初级中学；学科：道德与法治；招聘职位：初中道德与法治；招聘人数：1,安徽 芜湖弋江区,https://www.xduim.com/zw/jszk,,专业：思想政治教育专业
2024,教师,2024安徽教师招考,芜湖市马塘初级中学,芜湖市马塘初级中学 初中历史,本科及以上,历史学专业,,笔试+面试,,,学段：初级中学；学科：历史；招聘职位：初中历史；招聘人数：1,安徽 芜湖弋江区,https://www.xduim.com/zw/jszk,,专业：历史学专业
2024,教师,2024安徽教师招考,芜湖市马塘初级中学,芜湖市马塘初级中学 初中化学,本科及以上,化学类,,笔试+面试,,,学段：初级中学；学科：化学；招聘职位：初中化学；招聘人数：1,安徽 芜湖弋江区,https://www.xduim.com/zw/jszk,,专业：化学类
2024,教师,2024安徽教师招考,芜湖市马塘初级中学,芜湖市马塘初级中学 初中物理,本科及以上,物理学专业,,笔试+面试,,,学段：初级中学；学科：物理；招聘职位：初中物理；招聘人数：1,安徽 芜湖弋江区,https://www.xduim.com/zw/jszk,,专业：物理学专业
2024,教师,2024安徽教师招考,芜湖市马塘初级中学,芜湖市马塘初级中学 初中体育与健康,本科及以上,体育教育专业,,笔试+面试,,,学段：初级中学；学科：体育与健康；招聘职位：初中体育与健康；招聘人数：1,安徽 芜湖弋江区,https://www.xduim.com/zw/jszk,,专业：体育教育专业
2024,教师,2024安徽教师招考,芜湖市南瑞实验学校,芜湖市南瑞实验学校 初中英语,本科及以上,英语专业,,笔试+面试,,,学段：初级中学；学科：英语；招聘职位：初中英语；招聘人数：1,安徽 芜湖弋江区,https://www.xduim.com/zw/jszk,,专业：英语专业
2024,教师,2024安徽教师招考,芜湖市马饮学校,芜湖市马饮学校 初中语文,本科及以上,汉语言文学专业、汉语言专业、汉语国际教育专业,,笔试+面试,,,学段：初级中学；学科：语文；招聘职位：初中语文；招聘人数：2,安徽 芜湖弋江区,https://www.xduim.com/zw/jszk,,专业：汉语言文学专业、汉语言专业、汉语国际教育专业
2024,教师,2024安徽教师招考,芜湖市马饮学校,芜湖市马饮学校 初中数学,本科及以上,数学类,,笔试+面试,,,学段：初级中学；学科：数学；招聘职位：初中数学；招聘人数：2,安徽 芜湖弋江区,https://www.xduim.com/zw/jszk,,专业：数学类
2024,教师,2024安徽教师招考,芜湖市马饮学校,芜湖市马饮学校 初中英语,本科及以上,英语专业,,笔试+面试,,,学段：初级中学；学科：英语；招聘职位：初中英语；招聘人数：1,安徽 芜湖弋江区,https://www.xduim.com/zw/jszk,,专业：英语专业
2024,教师,2024安徽教师招考,芜湖市马饮学校,芜湖市马饮学校 初中道德与法治,本科及以上,思想政治教育专业,,笔试+面试,,,学段：初级中学；学科：道德与法治；招聘职位：初中道德与法治；招聘人数：2,安徽 芜湖弋江区,https://www.xduim.com/zw/jszk,,专业：思想政治教育专业
2024,教师,2024安徽教师招考,芜湖市马饮学校,芜湖市马饮学校 初中化学,本科及以上,化学类,,笔试+面试,,,学段：初级中学；学科：化学；招聘职位：初中化学；招聘人数：1,安徽 芜湖弋江区,https://www.xduim.com/zw/jszk,,专业：化学类
2024,教师,2024安徽教师招考,芜湖市马饮学校,芜湖市马饮学校 初中物理,本科及以上,物理学专业,,笔试+面试,,,学段：初级中学；学科：物理；招聘职位：初中物理；招聘人数：1,安徽 芜湖弋江区,https://www.xduim.com/zw/jszk,,专业：物理学专业
2024,教师,2024安徽教师招考,芜湖市马饮学校,芜湖市马饮学校 初中体育与健康,本科及以上,体育教育专业,,笔试+面试,,,学段：初级中学；学科：体育与健康；招聘职位：初中体育与健康；招聘人数：1,安徽 芜湖弋江区,https://www.xduim.com/zw/jszk,,专业：体育教育专业
2024,教师,2024安徽教师招考,芜湖市文昌中学,芜湖市文昌中学 初中语文,本科及以上,汉语言文学专业、汉语言专业、汉语国际教育专业,,笔试+面试,,,学段：初级中学；学科：语文；招聘职位：初中语文；招聘人数：3,安徽 芜湖弋江区,https://www.xduim.com/zw/jszk,,专业：汉语言文学专业、汉语言专业、汉语国际教育专业
2024,教师,2024安徽教师招考,芜湖市文昌中学,芜湖市文昌中学 初中数学,本科及以上,数学类,,笔试+面试,,,学段：初级中学；学科：数学；招聘职位：初中数学；招聘人数：3,安徽 芜湖弋江区,https://www.xduim.com/zw/jszk,,专业：数学类
2024,教师,2024安徽教师招考,芜湖市文昌中学,芜湖市文昌中学 初中英语,本科及以上,英语专业,,笔试+面试,,,学段：初级中学；学科：英语；招聘职位：初中英语；招聘人数：2,安徽 芜湖弋江区,https://www.xduim.com/zw/jszk,,专业：英语专业
2024,教师,2024安徽教师招考,芜湖市文昌中学,芜湖市文昌中学 初中道德与法治,本科及以上,思想政治教育专业,,笔试+面试,,,学段：初级中学；学科：道德与法治；招聘职位：初中道德与法治；招聘人数：1,安徽 芜湖弋江区,https://www.xduim.com/zw/jszk,,专业：思想政治教育专业
2024,教师,2024安徽教师招考,芜湖市文昌中学,芜湖市文昌中学 初中历史,本科及以上,历史学专业,,笔试+面试,,,学段：初级中学；学科：历史；招聘职位：初中历史；招聘人数：1,安徽 芜湖弋江区,https://www.xduim.com/zw/jszk,,专业：历史学专业
2023,教师,2023安徽教师招考,芜湖市瑞阳小学,芜湖市瑞阳小学 小学数学,本科及以上,数学与应用数学专业、小学教育专业,,笔试+面试,,,学段：小学；学科：数学；招聘职位：小学数学；招聘人数：1,安徽 芜湖弋江区,https://www.xduim.com/zw/jszk,,专业：数学与应用数学专业、小学教育专业
2023,教师,2023安徽教师招考,芜湖市火龙岗中心学校,芜湖市火龙岗中心学校 小学语文,本科及以上,汉语言文学专业、小学教育专业,,笔试+面试,,,学段：小学；学科：语文；招聘职位：小学语文；招聘人数：1,安徽 芜湖弋江区,https://www.xduim.com/zw/jszk,,专业：汉语言文学专业、小学教育专业
2023,教师,2023安徽教师招考,芜湖市火龙岗中心学校,芜湖市火龙岗中心学校 小学数学,本科及以上,数学与应用数学专业、小学教育专业,,笔试+面试,,,学段：小学；学科：数学；招聘职位：小学数学；招聘人数：1,安徽 芜湖弋江区,https://www.xduim.com/zw/jszk,,专业：数学与应用数学专业、小学教育专业
2023,教师,2023安徽教师招考,芜湖市元亩塘小学,芜湖市元亩塘小学 小学语文,本科及以上,汉语言文学专业、小学教育专业,,笔试+面试,,,学段：小学；学科：语文；招聘职位：小学语文；招聘人数：1,安徽 芜湖弋江区,https://www.xduim.com/zw/jszk,,专业：汉语言文学专业、小学教育专业
2023,教师,2023安徽教师招考,芜湖市乌霞山路小学 （安师大教育集团）,芜湖市乌霞山路小学 （安师大教育集团） 小学语文,本科及以上,汉语言文学专业、小学教育专业,,笔试+面试,,,学段：小学；学科：语文；招聘职位：小学语文；招聘人数：3,安徽 芜湖弋江区,https://www.xduim.com/zw/jszk,,专业：汉语言文学专业、小学教育专业
2023,教师,2023安徽教师招考,芜湖市乌霞山路小学 （安师大教育集团）,芜湖市乌霞山路小学 （安师大教育集团） 小学数学,本科及以上,数学与应用数学专业、小学教育专业,,笔试+面试,,,学段：小学；学科：数学；招聘职位：小学数学；招聘人数：3,安徽 芜湖弋江区,https://www.xduim.com/zw/jszk,,专业：数学与应用数学专业、小学教育专业
2023,教师,2023安徽教师招考,芜湖市乌霞山路小学 （安师大教育集团）,芜湖市乌霞山路小学 （安师大教育集团） 小学英语,本科及以上,英语专业、小学教育专业,,笔试+面试,,,学段：小学；学科：英语；招聘职位：小学英语；招聘人数：1,安徽 芜湖弋江区,https://www.xduim.com/zw/jszk,,专业：英语专业、小学教育专业
2023,教师,2023安徽教师招考,芜湖市马饮学校 (安师大教育集团）,芜湖市马饮学校 (安师大教育集团） 小学语文,本科及以上,汉语言文学专业、小学教育专业,,笔试+面试,,,学段：小学；学科：语文；招聘职位：小学语文；招聘人数：1,安徽 芜湖弋江区,https://www.xduim.com/zw/jszk,,专业：汉语言文学专业、小学教育专业
2023,教师,2023安徽教师招考,芜湖市马饮学校 (安师大教育集团）,芜湖市马饮学校 (安师大教育集团） 小学科学,本科及以上,物理学专业、化学专业、生物科学专业、地理科学专业、科学教育专业,,笔试+面试,,,学段：小学；学科：科学；招聘职位：小学科学；招聘人数：1,安徽 芜湖弋江区,https://www.xduim.com/zw/jszk,,专业：物理学专业、化学专业、生物科学专业、地理科学专业、科学教育专业
2023,教师,2023安徽教师招考,芜湖市马饮学校 (安师大教育集团）,芜湖市马饮学校 (安师大教育集团） 小学体育与健康,本科及以上,体育教育专业,,笔试+面试,,,学段：小学；学科：体育与健康；招聘职位：小学体育与健康；招聘人数：1,安徽 芜湖弋江区,https://www.xduim.com/zw/jszk,,专业：体育教育专业
2023,教师,2023安徽教师招考,芜湖市文昌西路小学 （安师大教育集团）,芜湖市文昌西路小学 （安师大教育集团） 小学语文,本科及以上,汉语言文学专业、小学教育专业,,笔试+面试,,,学段：小学；学科：语文；招聘职位：小学语文；招聘人数：2,安徽 芜湖弋江区,https://www.xduim.com/zw/jszk,,专业：汉语言文学专业、小学教育专业
2023,教师,2023安徽教师招考,芜湖市文昌西路小学 （安师大教育集团）,芜湖市文昌西路小学 （安师大教育集团） 小学数学,本科及以上,数学与应用数学专业、小学教育专业,,笔试+面试,,,学段：小学；学科：数学；招聘职位：小学数学；招聘人数：2,安徽 芜湖弋江区,https://www.xduim.com/zw/jszk,,专业：数学与应用数学专业、小学教育专业
2023,教师,2023安徽教师招考,芜湖市文昌西路小学 （安师大教育集团）,芜湖市文昌西路小学 （安师大教育集团） 小学英语,本科及以上,英语专业、小学教育专业,,笔试+面试,,,学段：小学；学科：英语；招聘职位：小学英语；招聘人数：2,安徽 芜湖弋江区,https://www.xduim.com/zw/jszk,,专业：英语专业、小学教育专业
2023,教师,2023安徽教师招考,芜湖市文昌西路小学 （安师大教育集团）,芜湖市文昌西路小学 （安师大教育集团） 小学体育与健康,本科及以上,体育教育专业,,笔试+面试,,,学段：小学；学科：体育与健康；招聘职位：小学体育与健康；招聘人数：1,安徽 芜湖弋江区,https://www.xduim.com/zw/jszk,,专业：体育教育专业
2023,教师,2023安徽教师招考,芜湖市文昌西路小学 （安师大教育集团）,芜湖市文昌西路小学 （安师大教育集团） 小学美术,本科及以上,美术学专业,,笔试+面试,,,学段：小学；学科：美术；招聘职位：小学美术；招聘人数：1,安徽 芜湖弋江区,https://www.xduim.com/zw/jszk,,专业：美术学专业
2023,教师,2023安徽教师招考,怀远县城区初中,230209 怀远县城区初中 初中地理1组,本科及以上,专业不限,,笔试+面试,,,学段：初级中学；学科：地理；招聘职位：初中地理1组；招聘人数：4,安徽 蚌埠怀远县,https://www.xduim.com/zw/jszk,,专业：专业不限
2023,教师,2023安徽教师招考,怀远县城区初中,230210 怀远县城区初中 初中音乐1组,本科及以上,专业不限,,笔试+面试,,,学段：初级中学；学科：音乐；招聘职位：初中音乐1组；招聘人数：2,安徽 蚌埠怀远县,https://www.xduim.com/zw/jszk,,专业：专业不限
2023,教师,2023安徽教师招考,怀远县城区初中,230211 怀远县城区初中 初中体育1组,本科及以上,专业不限,,笔试+面试,,,学段：初级中学；学科：体育；招聘职位：初中体育1组；招聘人数：4,安徽 蚌埠怀远县,https://www.xduim.com/zw/jszk,,专业：专业不限
2023,教师,2023安徽教师招考,怀远县城区初中,230212 怀远县城区初中 初中美术1组,本科及以上,专业不限,,笔试+面试,,,学段：初级中学；学科：美术；招聘职位：初中美术1组；招聘人数：3,安徽 蚌埠怀远县,https://www.xduim.com/zw/jszk,,专业：专业不限
2023,教师,2023安徽教师招考,怀远县城区初中,230213 怀远县城区初中 初中信息技术1组,本科及以上,专业不限,,笔试+面试,,,学段：初级中学；学科：信息技术；招聘职位：初中信息技术1组；招聘人数：1,安徽 蚌埠怀远县,https://www.xduim.com/zw/jszk,,专业：专业不限
2023,教师,2023安徽教师招考,怀远县乡镇初中,230301 怀远县乡镇初中 初中语文2组,本科及以上,专业不限,,笔试+面试,,,学段：初级中学；学科：语文；招聘职位：初中语文2组；招聘人数：6,安徽 蚌埠怀远县,https://www.xduim.com/zw/jszk,,专业：专业不限
2023,教师,2023安徽教师招考,怀远县乡镇初中,230302 怀远县乡镇初中 初中数学2组,本科及以上,专业不限,,笔试+面试,,,学段：初级中学；学科：数学；招聘职位：初中数学2组；招聘人数：8,安徽 蚌埠怀远县,https://www.xduim.com/zw/jszk,,专业：专业不限
2023,教师,2023安徽教师招考,怀远县乡镇初中,230303 怀远县乡镇初中 初中英语2组,本科及以上,专业不限,,笔试+面试,,,学段：初级中学；学科：英语；招聘职位：初中英语2组；招聘人数：8,安徽 蚌埠怀远县,https://www.xduim.com/zw/jszk,,专业：专业不限
2023,教师,2023安徽教师招考,怀远县乡镇初中,230304 怀远县乡镇初中 初中物理2组,本科及以上,专业不限,,笔试+面试,,,学段：初级中学；学科：物理；招聘职位：初中物理2组；招聘人数：4,安徽 蚌埠怀远县,https://www.xduim.com/zw/jszk,,专业：专业不限
2023,教师,2023安徽教师招考,怀远县乡镇初中,230305 怀远县乡镇初中 初中化学2组,本科及以上,专业不限,,笔试+面试,,,学段：初级中学；学科：化学；招聘职位：初中化学2组；招聘人数：2,安徽 蚌埠怀远县,https://www.xduim.com/zw/jszk,,专业：专业不限
2023,教师,2023安徽教师招考,怀远县乡镇初中,230306 怀远县乡镇初中 初中生物2组,本科及以上,专业不限,,笔试+面试,,,学段：初级中学；学科：生物；招聘职位：初中生物2组；招聘人数：4,安徽 蚌埠怀远县,https://www.xduim.com/zw/jszk,,专业：专业不限
2023,教师,2023安徽教师招考,怀远县乡镇初中,230307 怀远县乡镇初中 初中道德与法治2组,本科及以上,专业不限,,笔试+面试,,,学段：初级中学；学科：道德与法治；招聘职位：初中道德与法治2组；招聘人数：8,安徽 蚌埠怀远县,https://www.xduim.com/zw/jszk,,专业：专业不限
2023,教师,2023安徽教师招考,怀远县乡镇初中,230308 怀远县乡镇初中 初中历史2组,本科及以上,专业不限,,笔试+面试,,,学段：初级中学；学科：历史；招聘职位：初中历史2组；招聘人数：3,安徽 蚌埠怀远县,https://www.xduim.com/zw/jszk,,专业：专业不限
2023,教师,2023安徽教师招考,怀远县乡镇初中,230309 怀远县乡镇初中 初中地理2组,本科及以上,专业不限,,笔试+面试,,,学段：初级中学；学科：地理；招聘职位：初中地理2组；招聘人数：5,安徽 蚌埠怀远县,https://www.xduim.com/zw/jszk,,专业：专业不限
2023,教师,2023安徽教师招考,怀远县乡镇初中,230310 怀远县乡镇初中 初中音乐2组,本科及以上,专业不限,,笔试+面试,,,学段：初级中学；学科：音乐；招聘职位：初中音乐2组；招聘人数：3,安徽 蚌埠怀远县,https://www.xduim.com/zw/jszk,,专业：专业不限
2023,教师,2023安徽教师招考,怀远县乡镇初中,230311 怀远县乡镇初中 初中体育2组,本科及以上,专业不限,,笔试+面试,,,学段：初级中学；学科：体育；招聘职位：初中体育2组；招聘人数：3,安徽 蚌埠怀远县,https://www.xduim.com/zw/jszk,,专业：专业不限
2023,教师,2023安徽教师招考,怀远县乡镇初中,230312 怀远县乡镇初中 初中美术2组,本科及以上,专业不限,,笔试+面试,,,学段：初级中学；学科：美术；招聘职位：初中美术2组；招聘人数：1,安徽 蚌埠怀远县,https://www.xduim.com/zw/jszk,,专业：专业不限
2023,教师,2023安徽教师招考,怀远县乡镇初中,230313 怀远县乡镇初中 初中信息技术2组,本科及以上,专业不限,,笔试+面试,,,学段：初级中学；学科：信息技术；招聘职位：初中信息技术2组；招聘人数：1,安徽 蚌埠怀远县,https://www.xduim.com/zw/jszk,,专业：专业不限
2023,教师,2023安徽教师招考,怀远县城区局属小学,230401 怀远县城区局属小学 小学语文1组,本科及以上,专业不限,,笔试+面试,,,学段：小学；学科：语文；招聘职位：小学语文1组；招聘人数：11,安徽 蚌埠怀远县,https://www.xduim.com/zw/jszk,,专业：专业不限
2023,教师,2023安徽教师招考,怀远县城区局属小学,230402 怀远县城区局属小学 小学语文2组,本科及以上,专业不限,,笔试+面试,,,学段：小学；学科：语文；招聘职位：小学语文2组；招聘人数：11,安徽 蚌埠怀远县,https://www.xduim.com/zw/jszk,,专业：专业不限
2023,教师,2023安徽教师招考,怀远县城区局属小学,230403 怀远县城区局属小学 小学数学1组,本科及以上,专业不限,,笔试+面试,,,学段：小学；学科：数学；招聘职位：小学数学1组；招聘人数：8,安徽 蚌埠怀远县,https://www.xduim.com/zw/jszk,,专业：专业不限
2023,教师,2023安徽教师招考,怀远县城区局属小学,230404 怀远县城区局属小学 小学数学2组,本科及以上,专业不限,,笔试+面试,,,学段：小学；学科：数学；招聘职位：小学数学2组；招聘人数：8,安徽 蚌埠怀远县,https://www.xduim.com/zw/jszk,,专业：专业不限
2023,教师,2023安徽教师招考,怀远县城区局属小学,230405 怀远县城区局属小学 小学英语1组,专科及以上,专业不限,,笔试+面试,,,学段：小学；学科：英语；招聘职位：小学英语1组；招聘人数：4,安徽 蚌埠怀远县,https://www.xduim.com/zw/jszk,,专业：专业不限
2023,教师,2023安徽教师招考,怀远县城区局属小学,230406 怀远县城区局属小学 小学科学1组,本科及以上,专业不限,,笔试+面试,,,学段：小学；学科：科学；招聘职位：小学科学1组；招聘人数：1,安徽 蚌埠怀远县,https://www.xduim.com/zw/jszk,,专业：专业不限
2023,教师,2023安徽教师招考,怀远县城区局属小学,230407 怀远县城区局属小学 小学音乐1组,本科及以上,专业不限,,笔试+面试,,,学段：小学；学科：音乐；招聘职位：小学音乐1组；招聘人数：2,安徽 蚌埠怀远县,https://www.xduim.com/zw/jszk,,专业：专业不限
2023,教师,2023安徽教师招考,怀远县城区局属小学,230408 怀远县城区局属小学 小学体育1组,本科及以上,专业不限,,笔试+面试,,,学段：小学；学科：体育；招聘职位：小学体育1组；招聘人数：9,安徽 蚌埠怀远县,https://www.xduim.com/zw/jszk,,专业：专业不限
2023,教师,2023安徽教师招考,怀远县城区局属小学,230409 怀远县城区局属小学 小学美术1组,专科及以上,专业不限,,笔试+面试,,,学段：小学；学科：美术；招聘职位：小学美术1组；招聘人数：3,安徽 蚌埠怀远县,https://www.xduim.com/zw/jszk,,专业：专业不限
2023,教师,2023安徽教师招考,怀远县城区局属小学,230410 怀远县城区局属小学 小学信息技术,本科及以上,专业不限,,笔试+面试,,,学段：小学；学科：信息技术；招聘职位：小学信息技术；招聘人数：3,安徽 蚌埠怀远县,https://www.xduim.com/zw/jszk,,专业：专业不限
2023,教师,2023安徽教师招考,怀远县乡镇所属小学和农村局属学校,230501 怀远县乡镇所属小学和农村局属学校 小学语文3组,专科及以上,专业不限,,笔试+面试,,,学段：小学；学科：语文；招聘职位：小学语文3组；招聘人数：5,安徽 蚌埠怀远县,https://www.xduim.com/zw/jszk,,专业：专业不限
2023,教师,2023安徽教师招考,怀远县乡镇所属小学和农村局属学校,230502 怀远县乡镇所属小学和农村局属学校 小学数学3组,专科及以上,专业不限,,笔试+面试,,,学段：小学；学科：数学；招聘职位：小学数学3组；招聘人数：13,安徽 蚌埠怀远县,https://www.xduim.com/zw/jszk,,专业：专业不限
2023,教师,2023安徽教师招考,怀远县乡镇所属小学和农村局属学校,230503 怀远县乡镇所属小学和农村局属学校 小学英语2组,专科及以上,专业不限,,笔试+面试,,,学段：小学；学科：英语；招聘职位：小学英语2组；招聘人数：6,安徽 蚌埠怀远县,https://www.xduim.com/zw/jszk,,专业：专业不限
2023,教师,2023安徽教师招考,怀远县乡镇所属小学和农村局属学校,230504 怀远县乡镇所属小学和农村局属学校 小学科学2组,专科及以上,专业不限,,笔试+面试,,,学段：小学；学科：科学；招聘职位：小学科学2组；招聘人数：2,安徽 蚌埠怀远县,https://www.xduim.com/zw/jszk,,专业：专业不限
2023,教师,2023安徽教师招考,怀远县乡镇所属小学和农村局属学校,230505 怀远县乡镇所属小学和农村局属学校 小学音乐2组,专科及以上,专业不限,,笔试+面试,,,学段：小学；学科：音乐；招聘职位：小学音乐2组；招聘人数：13,安徽 蚌埠怀远县,https://www.xduim.com/zw/jszk,,专业：专业不限
2023,教师,2023安徽教师招考,怀远县乡镇所属小学和农村局属学校,230506 怀远县乡镇所属小学和农村局属学校 小学体育2组,专科及以上,专业不限,,笔试+面试,,,学段：小学；学科：体育；招聘职位：小学体育2组；招聘人数：12,安徽 蚌埠怀远县,https://www.xduim.com/zw/jszk,,专业：专业不限
2023,教师,2023安徽教师招考,怀远县乡镇所属小学和农村局属学校,230507 怀远县乡镇所属小学和农村局属学校 小学美术2组,专科及以上,专业不限,,笔试+面试,,,学段：小学；学科：美术；招聘职位：小学美术2组；招聘人数：13,安徽 蚌埠怀远县,https://www.xduim.com/zw/jszk,,专业：专业不限
2024,教师,2024安徽教师招考,怀远县城区学校初中部,7020121 怀远县城区学校初中部,本科及以上,专业不限,,笔试+面试,,,学段：初级中学；学科：心理健康教育；招聘人数：1,安徽 蚌埠怀远县,https://www.xduim.com/zw/jszk,,专业：专业不限
2024,教师,2024安徽教师招考,怀远县乡镇学校初中部,7021122 怀远县乡镇学校初中部,本科及以上,专业不限,,笔试+面试,,,学段：初级中学；学科：数学；招聘人数：2,安徽 蚌埠怀远县,https://www.xduim.com/zw/jszk,,专业：专业不限
2024,教师,2024安徽教师招考,怀远县乡镇学校初中部,7021123 怀远县乡镇学校初中部,本科及以上,专业不限,,笔试+面试,,,学段：初级中学；学科：物理；招聘人数：1,安徽 蚌埠怀远县,https://www.xduim.com/zw/jszk,,专业：专业不限
2024,教师,2024安徽教师招考,怀远县乡镇学校初中部,7021124 怀远县乡镇学校初中部,本科及以上,专业不限,,笔试+面试,,,学段：初级中学；学科：生物；招聘人数：1,安徽 蚌埠怀远县,https://www.xduim.com/zw/jszk,,专业：专业不限
2024,教师,2024安徽教师招考,怀远县乡镇学校初中部,7021125 怀远县乡镇学校初中部,本科及以上,专业不限,,笔试+面试,,,学段：初级中学；学科：地理；招聘人数：3,安徽 蚌埠怀远县,https://www.xduim.com/zw/jszk,,专业：专业不限
2024,教师,2024安徽教师招考,怀远县乡镇学校初中部,7021126 怀远县乡镇学校初中部,本科及以上,专业不限,,笔试+面试,,,学段：初级中学；学科：音乐；招聘人数：2,安徽 蚌埠怀远县,https://www.xduim.com/zw/jszk,,专业：专业不限
2024,教师,2024安徽教师招考,怀远县乡镇学校初中部,7021127 怀远县乡镇学校初中部,本科及以上,专业不限,,笔试+面试,,,学段：初级中学；学科：体育；招聘人数：2,安徽 蚌埠怀远县,https://www.xduim.com/zw/jszk,,专业：专业不限
2024,教师,2024安徽教师招考,怀远县乡镇学校初中部,7021128 怀远县乡镇学校初中部,本科及以上,专业不限,,笔试+面试,,,学段：初级中学；学科：美术；招聘人数：5,安徽 蚌埠怀远县,https://www.xduim.com/zw/jszk,,专业：专业不限
2024,教师,2024安徽教师招考,怀远县乡镇学校初中部,7020129 怀远县乡镇学校初中部,本科及以上,专业不限,,笔试+面试,,,学段：初级中学；学科：心理健康教育；招聘人数：1,安徽 蚌埠怀远县,https://www.xduim.com/zw/jszk,,专业：专业不限
2024,教师,2024安徽教师招考,怀远县城区学校小学部,7030030 怀远县城区学校小学部,本科及以上,专业不限,,笔试+面试,,,学段：小学；学科：语文；招聘人数：9,安徽 蚌埠怀远县,https://www.xduim.com/zw/jszk,,专业：专业不限
2024,教师,2024安徽教师招考,怀远县城区学校小学部,7031031 怀远县城区学校小学部,本科及以上,专业不限,,笔试+面试,,,学段：小学；学科：语文；招聘人数：1,安徽 蚌埠怀远县,https://www.xduim.com/zw/jszk,,专业：专业不限
2024,教师,2024安徽教师招考,怀远县城区学校小学部,7030032 怀远县城区学校小学部,本科及以上,专业不限,,笔试+面试,,,学段：小学；学科：数学；招聘人数：11,安徽 蚌埠怀远县,https://www.xduim.com/zw/jszk,,专业：专业不限
2024,教师,2024安徽教师招考,怀远县城区学校小学部,7031033 怀远县城区学校小学部,本科及以上,专业不限,,笔试+面试,,,学段：小学；学科：数学；招聘人数：1,安徽 蚌埠怀远县,https://www.xduim.com/zw/jszk,,专业：专业不限
2024,教师,2024安徽教师招考,怀远县城区学校小学部,7030034 怀远县城区学校小学部,本科及以上,专业不限,,笔试+面试,,,学段：小学；学科：英语；招聘人数：3,安徽 蚌埠怀远县,https://www.xduim.com/zw/jszk,,专业：专业不限
2024,教师,2024安徽教师招考,怀远县城区学校小学部,7030035 怀远县城区学校小学部,本科及以上,专业不限,,笔试+面试,,,学段：小学；学科：科学；招聘人数：4,安徽 蚌埠怀远县,https://www.xduim.com/zw/jszk,,专业：专业不限
2024,教师,2024安徽教师招考,怀远县城区学校小学部,7030036 怀远县城区学校小学部,本科及以上,专业不限,,笔试+面试,,,学段：小学；学科：道德与法治；招聘人数：4,安徽 蚌埠怀远县,https://www.xduim.com/zw/jszk,,专业：专业不限
2024,教师,2024安徽教师招考,怀远县城区学校小学部,7030037 怀远县城区学校小学部,本科及以上,专业不限,,笔试+面试,,,学段：小学；学科：音乐；招聘人数：7,安徽 蚌埠怀远县,https://www.xduim.com/zw/jszk,,专业：专业不限
2024,教师,2024安徽教师招考,怀远县城区学校小学部,7030038 怀远县城区学校小学部,本科及以上,专业不限,,笔试+面试,,,学段：小学；学科：体育；招聘人数：12,安徽 蚌埠怀远县,https://www.xduim.com/zw/jszk,,专业：专业不限
2024,教师,2024安徽教师招考,怀远县城区学校小学部,7030039 怀远县城区学校小学部,本科及以上,专业不限,,笔试+面试,,,学段：小学；学科：美术；招聘人数：8,安徽 蚌埠怀远县,https://www.xduim.com/zw/jszk,,专业：专业不限
2024,教师,2024安徽教师招考,怀远县城区学校小学部,7030040 怀远县城区学校小学部,本科及以上,专业不限,,笔试+面试,,,学段：小学；学科：信息技术；招聘人数：2,安徽 蚌埠怀远县,https://www.xduim.com/zw/jszk,,专业：专业不限
2024,教师,2024安徽教师招考,怀远县乡镇学校小学部,7031041 怀远县乡镇学校小学部,本科及以上,专业不限,,笔试+面试,,,学段：小学；学科：科学；招聘人数：2,安徽 蚌埠怀远县,https://www.xduim.com/zw/jszk,,专业：专业不限
2024,教师,2024安徽教师招考,怀远县乡镇学校小学部,7031042 怀远县乡镇学校小学部,本科及以上,专业不限,,笔试+面试,,,学段：小学；学科：音乐；招聘人数：10,安徽 蚌埠怀远县,https://www.xduim.com/zw/jszk,,专业：专业不限
2024,教师,2024安徽教师招考,怀远县乡镇学校小学部,7031043 怀远县乡镇学校小学部,本科及以上,专业不限,,笔试+面试,,,学段：小学；学科：体育；招聘人数：5,安徽 蚌埠怀远县,https://www.xduim.com/zw/jszk,,专业：专业不限
2024,教师,2024安徽教师招考,怀远县乡镇学校小学部,7031044 怀远县乡镇学校小学部,本科及以上,专业不限,,笔试+面试,,,学段：小学；学科：美术；招聘人数：10,安徽 蚌埠怀远县,https://www.xduim.com/zw/jszk,,专业：专业不限
2024,教师,2024安徽教师招考,怀远县乡镇学校小学部,7031045 怀远县乡镇学校小学部,本科及以上,专业不限,,笔试+面试,,,学段：小学；学科：信息技术；招聘人数：2,安徽 蚌埠怀远县,https://www.xduim.com/zw/jszk,,专业：专业不限
2024,教师,2024安徽教师招考,新站区区属学校,81801 新站区区属学校 小学体育与健康A组,本科及以上,本科：体育教育(040201)、运动训练（040202K） 硕士研究生及以上：不限专业。,,笔试+面试,,,学段：小学；学科：小学体育(小学)；招聘职位：小学体育与健康A组；招聘人数：10,安徽 合肥新站区,https://www.xduim.com/zw/jszk,,专业：本科：体育教育(040201)、运动训练（040202K） 硕士研究生及以上：不限专业。
2024,教师,2024安徽教师招考,新站区区属学校,81802 新站区区属学校 小学体育与健康B组,本科及以上,本科：体育教育(040201)、运动训练（040202K） 硕士研究生及以上：不限专业。,,笔试+面试,,,学段：小学；学科：小学体育(小学)；招聘职位：小学体育与健康B组；招聘人数：11,安徽 合肥新站区,https://www.xduim.com/zw/jszk,,专业：本科：体育教育(040201)、运动训练（040202K） 硕士研究生及以上：不限专业。
2024,教师,2024安徽教师招考,新站区区属学校,81901 新站区区属学校 小学音乐,本科及以上,本科：音乐与舞蹈学类（1302） 硕士研究生及以上：不限专业,,笔试+面试,,,学段：小学；学科：小学音乐(小学)；招聘职位：小学音乐；招聘人数：10,安徽 合肥新站区,https://www.xduim.com/zw/jszk,,专业：本科：音乐与舞蹈学类（1302） 硕士研究生及以上：不限专业
2024,教师,2024安徽教师招考,新站区区属学校,82001 新站区区属学校 小学美术,本科及以上,本科：美术学类（1304） 硕士研究生及以上：不限专业,,笔试+面试,,,学段：小学；学科：小学美术(小学)；招聘职位：小学美术；招聘人数：7,安徽 合肥新站区,https://www.xduim.com/zw/jszk,,专业：本科：美术学类（1304） 硕士研究生及以上：不限专业
2024,教师,2024安徽教师招考,新站区区属学校,82101 新站区区属学校 小学信息技术,本科及以上,本科：计算机类、教育技术学；硕士研究生及以上：不限专业,,笔试+面试,,,学段：小学；学科：小学信息技术(小学)；招聘职位：小学信息技术；招聘人数：1,安徽 合肥新站区,https://www.xduim.com/zw/jszk,,专业：本科：计算机类、教育技术学；硕士研究生及以上：不限专业
2024,教师,2024安徽教师招考,新站区区属学校,82201 新站区区属学校 小学科学,本科及以上,本科：物理学类、化学类、生物学类相关专业；硕士研究生及以上：专业不限,,笔试+面试,,,学段：小学；学科：小学科学(小学)；招聘职位：小学科学；招聘人数：6,安徽 合肥新站区,https://www.xduim.com/zw/jszk,,专业：本科：物理学类、化学类、生物学类相关专业；硕士研究生及以上：专业不限
2024,教师,2024安徽教师招考,泗县教体局,泗县教体局 初中历史2,本科及以上,法学门类、教育学门类、哲学门类、历史学门类、中国语言文学类（专业代码 0501），研究生学历：课程与教学论、学科教学类,,笔试+面试,,,学段：初级中学；学科：历史；招聘职位：初中历史2；招聘人数：12,安徽 宿州泗县,https://www.xduim.com/zw/jszk,,专业：法学门类、教育学门类、哲学门类、历史学门类、中国语言文学类（专业代码 0501），研究生学历：课程与教学论、学科教学类
2024,教师,2024安徽教师招考,泗县教体局,泗县教体局 初中生物,本科及以上,教育学门类、理学门类、农学门类、生物工程类（专业代码0830），研究生学历：课程与教学论、学科教学类,,笔试+面试,,,学段：初级中学；学科：生物；招聘职位：初中生物；招聘人数：12,安徽 宿州泗县,https://www.xduim.com/zw/jszk,,专业：教育学门类、理学门类、农学门类、生物工程类（专业代码0830），研究生学历：课程与教学论、学科教学类
2024,教师,2024安徽教师招考,泗县教体局,泗县教体局 初中音乐,本科及以上,音乐与舞蹈学类（专业代码1302）戏剧与影视学类（专业代码1303）,,笔试+面试,,,学段：初级中学；学科：音乐；招聘职位：初中音乐；招聘人数：4,安徽 宿州泗县,https://www.xduim.com/zw/jszk,,专业：音乐与舞蹈学类（专业代码1302）戏剧与影视学类（专业代码1303）
2024,教师,2024安徽教师招考,泗县教体局,泗县教体局 初中体育与健康,本科及以上,体育学类（专业代码0402）,,笔试+面试,,,学段：初级中学；学科：体育；招聘职位：初中体育与健康；招聘人数：7,安徽 宿州泗县,https://www.xduim.com/zw/jszk,,专业：体育学类（专业代码0402）
2024,教师,2024安徽教师招考,泗县教体局,泗县教体局 初中美术,本科及以上,美术学类（专业代码1304）设计学类（专业代码1305）,,笔试+面试,,,学段：初级中学；学科：美术；招聘职位：初中美术；招聘人数：4,安徽 宿州泗县,https://www.xduim.com/zw/jszk,,专业：美术学类（专业代码1304）设计学类（专业代码1305）
2024,教师,2024安徽教师招考,泗县教体局,泗县教体局 初中信息技术,本科及以上,计算机类（专业代码0809）电子信息类（专业代码0807）,,笔试+面试,,,学段：初级中学；学科：信息技术；招聘职位：初中信息技术；招聘人数：5,安徽 宿州泗县,https://www.xduim.com/zw/jszk,,专业：计算机类（专业代码0809）电子信息类（专业代码0807）
2024,教师,2024安徽教师招考,泗县教体局,泗县教体局 初中心理健康教育,本科及以上,心理学类（专业代码0711）,,笔试+面试,,,学段：初级中学；学科：心理健康教育；招聘职位：初中心理健康教育；招聘人数：1,安徽 宿州泗县,https://www.xduim.com/zw/jszk,,专业：心理学类（专业代码0711）
2024,教师,2024安徽教师招考,泗县教体局,泗县教体局 小学语文1,本科及以上,中国语言文学类（专业代码 0501）教育学门类、法学门类,,笔试+面试,,,学段：小学；学科：语文；招聘职位：小学语文1；招聘人数：14,安徽 宿州泗县,https://www.xduim.com/zw/jszk,,专业：中国语言文学类（专业代码 0501）教育学门类、法学门类
2024,教师,2024安徽教师招考,泗县教体局,泗县教体局 小学语文2,本科及以上,中国语言文学类（专业代码 0501）教育学门类、法学门类,,笔试+面试,,,学段：小学；学科：语文；招聘职位：小学语文2；招聘人数：11,安徽 宿州泗县,https://www.xduim.com/zw/jszk,,专业：中国语言文学类（专业代码 0501）教育学门类、法学门类
2024,教师,2024安徽教师招考,泗县教体局,泗县教体局 小学数学1,本科及以上,经济学门类、理学门类、工学门类、教育学门类、管理学门类,,笔试+面试,,,学段：小学；学科：数学；招聘职位：小学数学1；招聘人数：13,安徽 宿州泗县,https://www.xduim.com/zw/jszk,,专业：经济学门类、理学门类、工学门类、教育学门类、管理学门类
2024,教师,2024安徽教师招考,泗县教体局,泗县教体局 小学数学2,本科及以上,经济学门类、理学门类、工学门类、教育学门类、管理学门类,,笔试+面试,,,学段：小学；学科：数学；招聘职位：小学数学2；招聘人数：12,安徽 宿州泗县,https://www.xduim.com/zw/jszk,,专业：经济学门类、理学门类、工学门类、教育学门类、管理学门类
2024,教师,2024安徽教师招考,泗县教体局,泗县教体局 小学英语,本科及以上,外国语言文学类（专业代码050201、050262）教育学类（专业代码0401）,,笔试+面试,,,学段：小学；学科：英语；招聘职位：小学英语；招聘人数：9,安徽 宿州泗县,https://www.xduim.com/zw/jszk,,专业：外国语言文学类（专业代码050201、050262）教育学类（专业代码0401）
2024,教师,2024安徽教师招考,泗县教体局,泗县教体局 小学信息技术,本科及以上,计算机类（专业代码0809）电子信息类（专业代码0807）,,笔试+面试,,,学段：小学；学科：信息技术；招聘职位：小学信息技术；招聘人数：4,安徽 宿州泗县,https://www.xduim.com/zw/jszk,,专业：计算机类（专业代码0809）电子信息类（专业代码0807）
2024,教师,2024安徽教师招考,泗县教体局,泗县教体局 小学心理健康教育,本科及以上,心理学类（专业代码0711）,,笔试+面试,,,学段：小学；学科：心理健康教育；招聘职位：小学心理健康教育；招聘人数：5,安徽 宿州泗县,https://www.xduim.com/zw/jszk,,专业：心理学类（专业代码0711）
2024,教师,2024安徽教师招考,泗县教体局,泗县教体局 小学特殊教育,本科及以上,特殊教育（专业代码040108）教育康复学（专业代码040110TK）心理学类（专业代码0711）,,笔试+面试,,,学段：小学；学科：特殊教育；招聘职位：小学特殊教育；招聘人数：1,安徽 宿州泗县,https://www.xduim.com/zw/jszk,,专业：特殊教育（专业代码040108）教育康复学（专业代码040110TK）心理学类（专业代码0711）
2024,教师,2024安徽教师招考,泗县教体局,泗县教体局 小学科学,本科及以上,专业不限,,笔试+面试,,,学段：小学；学科：科学；招聘职位：小学科学；招聘人数：8,安徽 宿州泗县,https://www.xduim.com/zw/jszk,,专业：专业不限
2024,教师,2024安徽教师招考,泗县教体局,泗县教体局 小学音乐,专科及以上,本科：音乐与舞蹈学类（专业代码1302）戏剧与影视学类（专业代码1303） 专科：表演艺术类（专业代码6502）、音乐教育（专业代码670112K）,,笔试+面试,,,学段：小学；学科：音乐；招聘职位：小学音乐；招聘人数：5,安徽 宿州泗县,https://www.xduim.com/zw/jszk,,专业：本科：音乐与舞蹈学类（专业代码1302）戏剧与影视学类（专业代码1303） 专科：表演艺术类（专业代码6502）、音乐教育（专业代码670112K）
2024,教师,2024安徽教师招考,泗县教体局,泗县教体局 小学体育,专科及以上,本科：体育学类（专业代码0402） 专科：体育教育（专业代码670114K）、体育类（专业代码6704）,,笔试+面试,,,学段：小学；学科：体育；招聘职位：小学体育；招聘人数：6,安徽 宿州泗县,https://www.xduim.com/zw/jszk,,专业：本科：体育学类（专业代码0402） 专科：体育教育（专业代码670114K）、体育类（专业代码6704）
2024,教师,2024安徽教师招考,泗县教体局,泗县教体局 小学美术,专科及以上,本科：美术学类（专业代码1304）设计学类（专业代码1305） 专科：艺术设计类（专业代码6501）美术教育（专业代码670113K）,,笔试+面试,,,学段：小学；学科：美术；招聘职位：小学美术；招聘人数：5,安徽 宿州泗县,https://www.xduim.com/zw/jszk,,专业：本科：美术学类（专业代码1304）设计学类（专业代码1305） 专科：艺术设计类（专业代码6501）美术教育（专业代码670113K）
2024,教师,2024安徽教师招考,蚌埠市吴安小学,4031021 蚌埠市吴安小学,本科及以上,专业不限,,笔试+面试,,,学段：小学；学科：英语；招聘人数：1,安徽 蚌埠淮上区,https://www.xduim.com/zw/jszk,,专业：专业不限
2024,教师,2024安徽教师招考,蚌埠市吴安小学,4031022 蚌埠市吴安小学,本科及以上,专业不限,,笔试+面试,,,学段：小学；学科：音乐；招聘人数：1,安徽 蚌埠淮上区,https://www.xduim.com/zw/jszk,,专业：专业不限
2024,教师,2024安徽教师招考,蚌埠市吴安小学,4031023 蚌埠市吴安小学,本科及以上,专业不限,,笔试+面试,,,学段：小学；学科：体育；招聘人数：1,安徽 蚌埠淮上区,https://www.xduim.com/zw/jszk,,专业：专业不限
2024,教师,2024安徽教师招考,蚌埠市吴安小学,4031024 蚌埠市吴安小学,本科及以上,专业不限,,笔试+面试,,,学段：小学；学科：美术；招聘人数：1,安徽 蚌埠淮上区,https://www.xduim.com/zw/jszk,,专业：专业不限
2024,教师,2024安徽教师招考,蚌埠市吴安小学,4031025 蚌埠市吴安小学,本科及以上,专业不限,,笔试+面试,,,学段：小学；学科：信息科技；招聘人数：1,安徽 蚌埠淮上区,https://www.xduim.com/zw/jszk,,专业：专业不限
2024,教师,2024安徽教师招考,蚌埠市正街小学,4041026 蚌埠市正街小学,本科及以上,专业不限,,笔试+面试,,,学段：小学；学科：语文；招聘人数：4,安徽 蚌埠淮上区,https://www.xduim.com/zw/jszk,,专业：专业不限
2024,教师,2024安徽教师招考,蚌埠市正街小学,4041027 蚌埠市正街小学,本科及以上,专业不限,,笔试+面试,,,学段：小学；学科：数学；招聘人数：3,安徽 蚌埠淮上区,https://www.xduim.com/zw/jszk,,专业：专业不限
2024,教师,2024安徽教师招考,蚌埠市正街小学,4041028 蚌埠市正街小学,本科及以上,专业不限,,笔试+面试,,,学段：小学；学科：英语；招聘人数：1,安徽 蚌埠淮上区,https://www.xduim.com/zw/jszk,,专业：专业不限
2024,教师,2024安徽教师招考,蚌埠市正街小学,4041029 蚌埠市正街小学,本科及以上,专业不限,,笔试+面试,,,学段：小学；学科：音乐；招聘人数：1,安徽 蚌埠淮上区,https://www.xduim.com/zw/jszk,,专业：专业不限
2024,教师,2024安徽教师招考,蚌埠市正街小学,4041030 蚌埠市正街小学,本科及以上,专业不限,,笔试+面试,,,学段：小学；学科：体育；招聘人数：2,安徽 蚌埠淮上区,https://www.xduim.com/zw/jszk,,专业：专业不限
2024,教师,2024安徽教师招考,蚌埠市正街小学,4041031 蚌埠市正街小学,本科及以上,专业不限,,笔试+面试,,,学段：小学；学科：美术；招聘人数：1,安徽 蚌埠淮上区,https://www.xduim.com/zw/jszk,,专业：专业不限
2024,教师,2024安徽教师招考,蚌埠市后场小学,4051032 蚌埠市后场小学,本科及以上,专业不限,,笔试+面试,,,学段：小学；学科：语文；招聘人数：5,安徽 蚌埠淮上区,https://www.xduim.com/zw/jszk,,专业：专业不限
2024,教师,2024安徽教师招考,蚌埠市后场小学,4051033 蚌埠市后场小学,本科及以上,专业不限,,笔试+面试,,,学段：小学；学科：数学；招聘人数：2,安徽 蚌埠淮上区,https://www.xduim.com/zw/jszk,,专业：专业不限
2024,教师,2024安徽教师招考,蚌埠市后场小学,4051034 蚌埠市后场小学,本科及以上,专业不限,,笔试+面试,,,学段：小学；学科：英语；招聘人数：2,安徽 蚌埠淮上区,https://www.xduim.com/zw/jszk,,专业：专业不限
2024,教师,2024安徽教师招考,蚌埠市后场小学,4051035 蚌埠市后场小学,本科及以上,专业不限,,笔试+面试,,,学段：小学；学科：音乐；招聘人数：1,安徽 蚌埠淮上区,https://www.xduim.com/zw/jszk,,专业：专业不限
2024,教师,2024安徽教师招考,蚌埠市后场小学,4051036 蚌埠市后场小学,本科及以上,专业不限,,笔试+面试,,,学段：小学；学科：美术；招聘人数：1,安徽 蚌埠淮上区,https://www.xduim.com/zw/jszk,,专业：专业不限
2024,教师,2024安徽教师招考,蚌埠市星河小学,4061037 蚌埠市星河小学,本科及以上,专业不限,,笔试+面试,,,学段：小学；学科：语文；招聘人数：1,安徽 蚌埠淮上区,https://www.xduim.com/zw/jszk,,专业：专业不限
2024,教师,2024安徽教师招考,蚌埠市星河小学,4061038 蚌埠市星河小学,本科及以上,专业不限,,笔试+面试,,,学段：小学；学科：数学；招聘人数：1,安徽 蚌埠淮上区,https://www.xduim.com/zw/jszk,,专业：专业不限
2024,教师,2024安徽教师招考,蚌埠市星河小学,4061039 蚌埠市星河小学,本科及以上,专业不限,,笔试+面试,,,学段：小学；学科：音乐；招聘人数：1,安徽 蚌埠淮上区,https://www.xduim.com/zw/jszk,,专业：专业不限
2024,教师,2024安徽教师招考,蚌埠市星河小学,4061040 蚌埠市星河小学,本科及以上,专业不限,,笔试+面试,,,学段：小学；学科：体育；招聘人数：1,安徽 蚌埠淮上区,https://www.xduim.com/zw/jszk,,专业：专业不限
2023,教师,2023安徽教师招考,泗县教体局,泗县教体局 初中美术,本科及以上,美术学类（专业代码1304）设计学类（专业代码1305）,,笔试+面试,,,学段：初级中学；学科：美术；招聘职位：初中美术；招聘人数：2,安徽 宿州泗县,https://www.xduim.com/zw/jszk,,专业：美术学类（专业代码1304）设计学类（专业代码1305）
2023,教师,2023安徽教师招考,泗县教体局,泗县教体局 初中信息技术,本科及以上,计算机类（专业代码0809）电子信息类（专业代码0807）,,笔试+面试,,,学段：初级中学；学科：信息技术；招聘职位：初中信息技术；招聘人数：1,安徽 宿州泗县,https://www.xduim.com/zw/jszk,,专业：计算机类（专业代码0809）电子信息类（专业代码0807）
2023,教师,2023安徽教师招考,泗县教体局,泗县教体局 初中心理健康教育,本科及以上,心理学类（专业代码0711）,,笔试+面试,,,学段：初级中学；学科：心理健康教育；招聘职位：初中心理健康教育；招聘人数：3,安徽 宿州泗县,https://www.xduim.com/zw/jszk,,专业：心理学类（专业代码0711）
2023,教师,2023安徽教师招考,泗县教体局,泗县教体局 小学语文1,本科及以上,中国语言文学类（专业代码 0501）教育学类（专业代码0401）,,笔试+面试,,,学段：小学；学科：语文；招聘职位：小学语文1；招聘人数：15,安徽 宿州泗县,https://www.xduim.com/zw/jszk,,专业：中国语言文学类（专业代码 0501）教育学类（专业代码0401）
2023,教师,2023安徽教师招考,泗县教体局,泗县教体局 小学语文2,本科及以上,中国语言文学类（专业代码 0501）教育学类（专业代码0401）,,笔试+面试,,,学段：小学；学科：语文；招聘职位：小学语文2；招聘人数：11,安徽 宿州泗县,https://www.xduim.com/zw/jszk,,专业：中国语言文学类（专业代码 0501）教育学类（专业代码0401）
2023,教师,2023安徽教师招考,泗县教体局,泗县教体局 小学语文3,本科及以上,专业不限,,笔试+面试,,,学段：小学；学科：语文；招聘职位：小学语文3；招聘人数：10,安徽 宿州泗县,https://www.xduim.com/zw/jszk,,专业：专业不限
2023,教师,2023安徽教师招考,泗县教体局,泗县教体局 小学数学1,本科及以上,数学类（专业代码0701）教育学类（专业代码0401）,,笔试+面试,,,学段：小学；学科：数学；招聘职位：小学数学1；招聘人数：14,安徽 宿州泗县,https://www.xduim.com/zw/jszk,,专业：数学类（专业代码0701）教育学类（专业代码0401）
2023,教师,2023安徽教师招考,泗县教体局,泗县教体局 小学数学2,本科及以上,数学类（专业代码0701）教育学类（专业代码0401）,,笔试+面试,,,学段：小学；学科：数学；招聘职位：小学数学2；招聘人数：11,安徽 宿州泗县,https://www.xduim.com/zw/jszk,,专业：数学类（专业代码0701）教育学类（专业代码0401）
2023,教师,2023安徽教师招考,泗县教体局,泗县教体局 小学数学3,本科及以上,专业不限,,笔试+面试,,,学段：小学；学科：数学；招聘职位：小学数学3；招聘人数：15,安徽 宿州泗县,https://www.xduim.com/zw/jszk,,专业：专业不限
2023,教师,2023安徽教师招考,泗县教体局,泗县教体局 小学英语,本科及以上,外国语言文学类（专业代码050201、050262）教育学类（专业代码0401）,,笔试+面试,,,学段：小学；学科：英语1；招聘职位：小学英语；招聘人数：10,安徽 宿州泗县,https://www.xduim.com/zw/jszk,,专业：外国语言文学类（专业代码050201、050262）教育学类（专业代码0401）
2023,教师,2023安徽教师招考,泗县教体局,泗县教体局 小学英语,本科及以上,专业不限,,笔试+面试,,,学段：小学；学科：英语2；招聘职位：小学英语；招聘人数：9,安徽 宿州泗县,https://www.xduim.com/zw/jszk,,专业：专业不限
2023,教师,2023安徽教师招考,泗县教体局,泗县教体局 小学音乐,本科及以上,音乐与舞蹈学类（专业代码1302）戏剧与影视学类（专业代码1303）,,笔试+面试,,,学段：小学；学科：音乐；招聘职位：小学音乐；招聘人数：4,安徽 宿州泗县,https://www.xduim.com/zw/jszk,,专业：音乐与舞蹈学类（专业代码1302）戏剧与影视学类（专业代码1303）
2023,教师,2023安徽教师招考,泗县教体局,泗县教体局 小学体育,专科及以上,本科：体育学类（专业代码0402） 专科：体育教育、运动训练、运动防护、民族传统体育、 体育艺术表演专业,,笔试+面试,,,学段：小学；学科：体育；招聘职位：小学体育；招聘人数：9,安徽 宿州泗县,https://www.xduim.com/zw/jszk,,专业：本科：体育学类（专业代码0402） 专科：体育教育、运动训练、运动防护、民族传统体育、 体育艺术表演专业
2023,教师,2023安徽教师招考,泗县教体局,泗县教体局 小学美术,本科及以上,美术学类（专业代码1304）设计学类（专业代码1305）,,笔试+面试,,,学段：小学；学科：美术；招聘职位：小学美术；招聘人数：2,安徽 宿州泗县,https://www.xduim.com/zw/jszk,,专业：美术学类（专业代码1304）设计学类（专业代码1305）
2023,教师,2023安徽教师招考,泗县教体局,泗县教体局 小学道德与法治,专科及以上,专业不限,,笔试+面试,,,学段：小学；学科：道德与法治；招聘职位：小学道德与法治；招聘人数：1,安徽 宿州泗县,https://www.xduim.com/zw/jszk,,专业：专业不限
2023,教师,2023安徽教师招考,泗县教体局,泗县教体局 小学科学,专科及以上,专业不限,,笔试+面试,,,学段：小学；学科：科学；招聘职位：小学科学；招聘人数：3,安徽 宿州泗县,https://www.xduim.com/zw/jszk,,专业：专业不限
2023,教师,2023安徽教师招考,泗县教体局,泗县教体局 小学信息技术,本科及以上,计算机类（专业代码0809）教育学类（专业代码0401）电子信息类（专业代码0807）,,笔试+面试,,,学段：小学；学科：信息技术；招聘职位：小学信息技术；招聘人数：4,安徽 宿州泗县,https://www.xduim.com/zw/jszk,,专业：计算机类（专业代码0809）教育学类（专业代码0401）电子信息类（专业代码0807）
2023,教师,2023安徽教师招考,泗县教体局,泗县教体局 小学心理健康教育,本科及以上,心理学类（专业代码0711）教育学类（专业代码0401）,,笔试+面试,,,学段：小学；学科：心理健康教育；招聘职位：小学心理健康教育；招聘人数：4,安徽 宿州泗县,https://www.xduim.com/zw/jszk,,专业：心理学类（专业代码0711）教育学类（专业代码0401）
2024,教师,2024安徽教师招考,蚌埠第八中学初中部,4070141 蚌埠第八中学初中部,本科及以上,专业不限,,笔试+面试,,,学段：初级中学；学科：语文；招聘人数：6,安徽 蚌埠淮上区,https://www.xduim.com/zw/jszk,,专业：专业不限
2024,教师,2024安徽教师招考,蚌埠第八中学初中部,4070142 蚌埠第八中学初中部,本科及以上,专业不限,,笔试+面试,,,学段：初级中学；学科：数学；招聘人数：3,安徽 蚌埠淮上区,https://www.xduim.com/zw/jszk,,专业：专业不限
2024,教师,2024安徽教师招考,蚌埠第八中学初中部,4070143 蚌埠第八中学初中部,本科及以上,专业不限,,笔试+面试,,,学段：初级中学；学科：英语；招聘人数：7,安徽 蚌埠淮上区,https://www.xduim.com/zw/jszk,,专业：专业不限
2024,教师,2024安徽教师招考,蚌埠第八中学初中部,4070144 蚌埠第八中学初中部,本科及以上,专业不限,,笔试+面试,,,学段：初级中学；学科：道德与法治；招聘人数：1,安徽 蚌埠淮上区,https://www.xduim.com/zw/jszk,,专业：专业不限
2024,教师,2024安徽教师招考,蚌埠第八中学初中部,4070145 蚌埠第八中学初中部,本科及以上,专业不限,,笔试+面试,,,学段：初级中学；学科：物理；招聘人数：1,安徽 蚌埠淮上区,https://www.xduim.com/zw/jszk,,专业：专业不限
2024,教师,2024安徽教师招考,蚌埠第八中学初中部,4070146 蚌埠第八中学初中部,本科及以上,专业不限,,笔试+面试,,,学段：初级中学；学科：化学；招聘人数：1,安徽 蚌埠淮上区,https://www.xduim.com/zw/jszk,,专业：专业不限
2024,教师,2024安徽教师招考,蚌埠第八中学初中部,4070147 蚌埠第八中学初中部,本科及以上,专业不限,,笔试+面试,,,学段：初级中学；学科：历史；招聘人数：2,安徽 蚌埠淮上区,https://www.xduim.com/zw/jszk,,专业：专业不限
2024,教师,2024安徽教师招考,蚌埠第八中学初中部,4070148 蚌埠第八中学初中部,本科及以上,专业不限,,笔试+面试,,,学段：初级中学；学科：生物；招聘人数：2,安徽 蚌埠淮上区,https://www.xduim.com/zw/jszk,,专业：专业不限
2024,教师,2024安徽教师招考,蚌埠第八中学初中部,4070149 蚌埠第八中学初中部,本科及以上,专业不限,,笔试+面试,,,学段：初级中学；学科：地理；招聘人数：1,安徽 蚌埠淮上区,https://www.xduim.com/zw/jszk,,专业：专业不限
2024,教师,2024安徽教师招考,蚌埠第八中学初中部,4070150 蚌埠第八中学初中部,本科及以上,专业不限,,笔试+面试,,,学段：初级中学；学科：体育；招聘人数：1,安徽 蚌埠淮上区,https://www.xduim.com/zw/jszk,,专业：专业不限
2024,教师,2024安徽教师招考,蚌埠第八中学初中部,4070151 蚌埠第八中学初中部,本科及以上,专业不限,,笔试+面试,,,学段：初级中学；学科：信息科技；招聘人数：1,安徽 蚌埠淮上区,https://www.xduim.com/zw/jszk,,专业：专业不限
2024,教师,2024安徽教师招考,蚌埠第八中学初中部,4070152 蚌埠第八中学初中部,本科及以上,专业不限,,笔试+面试,,,学段：初级中学；学科：心理健康；招聘人数：1,安徽 蚌埠淮上区,https://www.xduim.com/zw/jszk,,专业：专业不限
2024,教师,2024安徽教师招考,蚌埠第十八中学初中部,4080153 蚌埠第十八中学初中部,本科及以上,专业不限,,笔试+面试,,,学段：初级中学；学科：语文；招聘人数：1,安徽 蚌埠淮上区,https://www.xduim.com/zw/jszk,,专业：专业不限
2024,教师,2024安徽教师招考,蚌埠第十八中学初中部,4080154 蚌埠第十八中学初中部,本科及以上,专业不限,,笔试+面试,,,学段：初级中学；学科：数学；招聘人数：1,安徽 蚌埠淮上区,https://www.xduim.com/zw/jszk,,专业：专业不限
2024,教师,2024安徽教师招考,蚌埠第十八中学初中部,4080155 蚌埠第十八中学初中部,本科及以上,专业不限,,笔试+面试,,,学段：初级中学；学科：英语；招聘人数：1,安徽 蚌埠淮上区,https://www.xduim.com/zw/jszk,,专业：专业不限
2024,教师,2024安徽教师招考,蚌埠第十八中学初中部,4080156 蚌埠第十八中学初中部,本科及以上,专业不限,,笔试+面试,,,学段：初级中学；学科：道德与法治；招聘人数：1,安徽 蚌埠淮上区,https://www.xduim.com/zw/jszk,,专业：专业不限
2024,教师,2024安徽教师招考,蚌埠第十八中学初中部,4080157 蚌埠第十八中学初中部,本科及以上,专业不限,,笔试+面试,,,学段：初级中学；学科：地理；招聘人数：1,安徽 蚌埠淮上区,https://www.xduim.com/zw/jszk,,专业：专业不限
2024,教师,2024安徽教师招考,蚌埠第二十中学,4090158 蚌埠第二十中学,本科及以上,专业不限,,笔试+面试,,,学段：初级中学；学科：语文；招聘人数：1,安徽 蚌埠淮上区,https://www.xduim.com/zw/jszk,,专业：专业不限
2024,教师,2024安徽教师招考,蚌埠第二十中学,4090159 蚌埠第二十中学,本科及以上,专业不限,,笔试+面试,,,学段：初级中学；学科：数学；招聘人数：2,安徽 蚌埠淮上区,https://www.xduim.com/zw/jszk,,专业：专业不限
2024,教师,2024安徽教师招考,蚌埠第二十中学,4090160 蚌埠第二十中学,本科及以上,专业不限,,笔试+面试,,,学段：初级中学；学科：英语；招聘人数：2,安徽 蚌埠淮上区,https://www.xduim.com/zw/jszk,,专业：专业不限
2024,教师,2024安徽教师招考,蚌埠第二十中学,4090161 蚌埠第二十中学,本科及以上,专业不限,,笔试+面试,,,学段：初级中学；学科：道德与法治；招聘人数：1,安徽 蚌埠淮上区,https://www.xduim.com/zw/jszk,,专业：专业不限
2024,教师,2024安徽教师招考,蚌埠第二十中学,4090162 蚌埠第二十中学,本科及以上,专业不限,,笔试+面试,,,学段：初级中学；学科：物理；招聘人数：1,安徽 蚌埠淮上区,https://www.xduim.com/zw/jszk,,专业：专业不限
2024,教师,2024安徽教师招考,蚌埠第二十中学,4090163 蚌埠第二十中学,本科及以上,专业不限,,笔试+面试,,,学段：初级中学；学科：历史；招聘人数：2,安徽 蚌埠淮上区,https://www.xduim.com/zw/jszk,,专业：专业不限
2024,教师,2024安徽教师招考,蚌埠第二十中学,4090164 蚌埠第二十中学,本科及以上,专业不限,,笔试+面试,,,学段：初级中学；学科：生物；招聘人数：1,安徽 蚌埠淮上区,https://www.xduim.com/zw/jszk,,专业：专业不限
2024,教师,2024安徽教师招考,蚌埠第二十中学,4090165 蚌埠第二十中学,本科及以上,专业不限,,笔试+面试,,,学段：初级中学；学科：地理；招聘人数：1,安徽 蚌埠淮上区,https://www.xduim.com/zw/jszk,,专业：专业不限
2024,教师,2024安徽教师招考,蚌埠第二十中学,4090166 蚌埠第二十中学,本科及以上,专业不限,,笔试+面试,,,学段：初级中学；学科：心理健康；招聘人数：1,安徽 蚌埠淮上区,https://www.xduim.com/zw/jszk,,专业：专业不限
2024,教师,2024安徽教师招考,蚌埠市曹老集中学,4100167 蚌埠市曹老集中学,本科及以上,专业不限,,笔试+面试,,,学段：初级中学；学科：语文；招聘人数：1,安徽 蚌埠淮上区,https://www.xduim.com/zw/jszk,,专业：专业不限
2024,教师,2024安徽教师招考,蚌埠市曹老集中学,4100168 蚌埠市曹老集中学,本科及以上,专业不限,,笔试+面试,,,学段：初级中学；学科：数学；招聘人数：1,安徽 蚌埠淮上区,https://www.xduim.com/zw/jszk,,专业：专业不限
2024,教师,2024安徽教师招考,蚌埠市曹老集中学,4100169 蚌埠市曹老集中学,本科及以上,专业不限,,笔试+面试,,,学段：初级中学；学科：英语；招聘人数：1,安徽 蚌埠淮上区,https://www.xduim.com/zw/jszk,,专业：专业不限
2024,教师,2024安徽教师招考,蚌埠市曹老集中学,4100170 蚌埠市曹老集中学,本科及以上,专业不限,,笔试+面试,,,学段：初级中学；学科：道德与法治；招聘人数：1,安徽 蚌埠淮上区,https://www.xduim.com/zw/jszk,,专业：专业不限
2024,教师,2024安徽教师招考,蚌埠市曹老集中学,4100171 蚌埠市曹老集中学,本科及以上,专业不限,,笔试+面试,,,学段：初级中学；学科：历史；招聘人数：1,安徽 蚌埠淮上区,https://www.xduim.com/zw/jszk,,专业：专业不限
2024,教师,2024安徽教师招考,蚌埠市曹老集中学,4100172 蚌埠市曹老集中学,本科及以上,专业不限,,笔试+面试,,,学段：初级中学；学科：生物；招聘人数：1,安徽 蚌埠淮上区,https://www.xduim.com/zw/jszk,,专业：专业不限
2024,教师,2024安徽教师招考,蚌埠市梅桥中学,4110173 蚌埠市梅桥中学,本科及以上,专业不限,,笔试+面试,,,学段：初级中学；学科：物理；招聘人数：1,安徽 蚌埠淮上区,https://www.xduim.com/zw/jszk,,专业：专业不限
2024,教师,2024安徽教师招考,淮上区曹顾张中学初中部,4120174 淮上区曹顾张中学初中部,本科及以上,专业不限,,笔试+面试,,,学段：初级中学；学科：道德与法治；招聘人数：1,安徽 蚌埠淮上区,https://www.xduim.com/zw/jszk,,专业：专业不限
2024,教师,2024安徽教师招考,淮上区曹顾张中学初中部,4120175 淮上区曹顾张中学初中部,本科及以上,专业不限,,笔试+面试,,,学段：初级中学；学科：物理；招聘人数：2,安徽 蚌埠淮上区,https://www.xduim.com/zw/jszk,,专业：专业不限
2024,教师,2024安徽教师招考,淮上区曹顾张中学初中部,4120176 淮上区曹顾张中学初中部,本科及以上,专业不限,,笔试+面试,,,学段：初级中学；学科：美术；招聘人数：1,安徽 蚌埠淮上区,https://www.xduim.com/zw/jszk,,专业：专业不限
2024,教师,2024安徽教师招考,淮上区三铺中学,4130177 淮上区三铺中学,本科及以上,专业不限,,笔试+面试,,,学段：初级中学；学科：语文；招聘人数：1,安徽 蚌埠淮上区,https://www.xduim.com/zw/jszk,,专业：专业不限
2024,教师,2024安徽教师招考,淮上区三铺中学,4130178 淮上区三铺中学,本科及以上,专业不限,,笔试+面试,,,学段：初级中学；学科：物理；招聘人数：1,安徽 蚌埠淮上区,https://www.xduim.com/zw/jszk,,专业：专业不限
2024,教师,2024安徽教师招考,蚌埠第十八中学小学部,4140079 蚌埠第十八中学小学部,本科及以上,专业不限,,笔试+面试,,,学段：小学；学科：语文；招聘人数：1,安徽 蚌埠淮上区,https://www.xduim.com/zw/jszk,,专业：专业不限
2024,教师,2024安徽教师招考,蚌埠第十八中学小学部,4140080 蚌埠第十八中学小学部,本科及以上,专业不限,,笔试+面试,,,学段：小学；学科：数学；招聘人数：1,安徽 蚌埠淮上区,https://www.xduim.com/zw/jszk,,专业：专业不限
2024,教师,2024安徽教师招考,蚌埠第十八中学小学部,4140081 蚌埠第十八中学小学部,本科及以上,专业不限,,笔试+面试,,,学段：小学；学科：体育；招聘人数：2,安徽 蚌埠淮上区,https://www.xduim.com/zw/jszk,,专业：专业不限
2024,教师,2024安徽教师招考,蚌埠第十八中学小学部,4140082 蚌埠第十八中学小学部,本科及以上,专业不限,,笔试+面试,,,学段：小学；学科：美术；招聘人数：1,安徽 蚌埠淮上区,https://www.xduim.com/zw/jszk,,专业：专业不限
2024,教师,2024安徽教师招考,淮上区曹顾张中学小学部,4150083 淮上区曹顾张中学小学部,本科及以上,专业不限,,笔试+面试,,,学段：小学；学科：语文；招聘人数：2,安徽 蚌埠淮上区,https://www.xduim.com/zw/jszk,,专业：专业不限
2024,教师,2024安徽教师招考,淮上区曹顾张中学小学部,4150084 淮上区曹顾张中学小学部,本科及以上,专业不限,,笔试+面试,,,学段：小学；学科：体育；招聘人数：1,安徽 蚌埠淮上区,https://www.xduim.com/zw/jszk,,专业：专业不限
2024,教师,2024安徽教师招考,淮上区滨河小学,4160085 淮上区滨河小学,本科及以上,专业不限,,笔试+面试,,,学段：小学；学科：语文；招聘人数：1,安徽 蚌埠淮上区,https://www.xduim.com/zw/jszk,,专业：专业不限
2024,教师,2024安徽教师招考,淮上区滨河小学,4160086 淮上区滨河小学,本科及以上,专业不限,,笔试+面试,,,学段：小学；学科：信息科技；招聘人数：1,安徽 蚌埠淮上区,https://www.xduim.com/zw/jszk,,专业：专业不限
2024,教师,2024安徽教师招考,蚌埠市西门渡小学,4170087 蚌埠市西门渡小学,本科及以上,专业不限,,笔试+面试,,,学段：小学；学科：语文；招聘人数：1,安徽 蚌埠淮上区,https://www.xduim.com/zw/jszk,,专业：专业不限
2024,教师,2024安徽教师招考,蚌埠市淮上区曹老集镇第二小学,4180088 蚌埠市淮上区曹老集镇第二小学,本科及以上,专业不限,,笔试+面试,,,学段：小学；学科：语文；招聘人数：3,安徽 蚌埠淮上区,https://www.xduim.com/zw/jszk,,专业：专业不限
2024,教师,2024安徽教师招考,淮上区沫河口中心小学,4190089 淮上区沫河口中心小学,本科及以上,专业不限,,笔试+面试,,,学段：小学；学科：语文；招聘人数：3,安徽 蚌埠淮上区,https://www.xduim.com/zw/jszk,,专业：专业不限
2024,教师,2024安徽教师招考,淮上区沫河口中心小学,4190090 淮上区沫河口中心小学,本科及以上,专业不限,,笔试+面试,,,学段：小学；学科：数学；招聘人数：2,安徽 蚌埠淮上区,https://www.xduim.com/zw/jszk,,专业：专业不限
2024,教师,2024安徽教师招考,淮上区沫河口中心小学,4190091 淮上区沫河口中心小学,本科及以上,专业不限,,笔试+面试,,,学段：小学；学科：音乐；招聘人数：1,安徽 蚌埠淮上区,https://www.xduim.com/zw/jszk,,专业：专业不限
2024,教师,2024安徽教师招考,淮上区沫河口中心小学,4190092 淮上区沫河口中心小学,本科及以上,专业不限,,笔试+面试,,,学段：小学；学科：体育；招聘人数：1,安徽 蚌埠淮上区,https://www.xduim.com/zw/jszk,,专业：专业不限
2024,教师,2024安徽教师招考,淮上区沫河口镇三铺小学,4201093 淮上区沫河口镇三铺小学,本科及以上,专业不限,,笔试+面试,,,学段：小学；学科：语文；招聘人数：1,安徽 蚌埠淮上区,https://www.xduim.com/zw/jszk,,专业：专业不限
2024,教师,2024安徽教师招考,淮上区沫河口镇三铺小学,4201094 淮上区沫河口镇三铺小学,本科及以上,专业不限,,笔试+面试,,,学段：小学；学科：数学；招聘人数：1,安徽 蚌埠淮上区,https://www.xduim.com/zw/jszk,,专业：专业不限
2024,教师,2024安徽教师招考,淮上区沫河口镇三铺小学,4200095 淮上区沫河口镇三铺小学,本科及以上,专业不限,,笔试+面试,,,学段：小学；学科：英语；招聘人数：1,安徽 蚌埠淮上区,https://www.xduim.com/zw/jszk,,专业：专业不限
2024,教师,2024安徽教师招考,淮上区沫河口镇马放营小学,4210096 淮上区沫河口镇马放营小学,本科及以上,专业不限,,笔试+面试,,,学段：小学；学科：语文；招聘人数：1,安徽 蚌埠淮上区,https://www.xduim.com/zw/jszk,,专业：专业不限
2024,教师,2024安徽教师招考,淮上区沫河口镇宋圩小学,4220097 淮上区沫河口镇宋圩小学,本科及以上,专业不限,,笔试+面试,,,学段：小学；学科：语文；招聘人数：1,安徽 蚌埠淮上区,https://www.xduim.com/zw/jszk,,专业：专业不限
2024,教师,2024安徽教师招考,淮上区沫河口镇宋圩小学,4220098 淮上区沫河口镇宋圩小学,本科及以上,专业不限,,笔试+面试,,,学段：小学；学科：英语；招聘人数：1,安徽 蚌埠淮上区,https://www.xduim.com/zw/jszk,,专业：专业不限
2024,教师,2024安徽教师招考,淮上区沫河口镇四铺小学,4230099 淮上区沫河口镇四铺小学,本科及以上,专业不限,,笔试+面试,,,学段：小学；学科：语文；招聘人数：1,安徽 蚌埠淮上区,https://www.xduim.com/zw/jszk,,专业：专业不限
2023,教师,2023安徽教师招考,淮上实验小学,2304021 淮上实验小学,本科及以上,专业不限,,笔试+面试,,,学段：小学；学科：语文；招聘人数：9,安徽 蚌埠淮上区,https://www.xduim.com/zw/jszk,,专业：专业不限
2023,教师,2023安徽教师招考,淮上实验小学,2304022 淮上实验小学,本科及以上,专业不限,,笔试+面试,,,学段：小学；学科：数学；招聘人数：4,安徽 蚌埠淮上区,https://www.xduim.com/zw/jszk,,专业：专业不限
2023,教师,2023安徽教师招考,淮上实验小学,2304023 淮上实验小学,本科及以上,专业不限,,笔试+面试,,,学段：小学；学科：英语；招聘人数：2,安徽 蚌埠淮上区,https://www.xduim.com/zw/jszk,,专业：专业不限
2023,教师,2023安徽教师招考,淮上实验小学,2304024 淮上实验小学,本科及以上,专业不限,,笔试+面试,,,学段：小学；学科：音乐；招聘人数：1,安徽 蚌埠淮上区,https://www.xduim.com/zw/jszk,,专业：专业不限
2023,教师,2023安徽教师招考,淮上实验小学,2304025 淮上实验小学,本科及以上,专业不限,,笔试+面试,,,学段：小学；学科：美术；招聘人数：1,安徽 蚌埠淮上区,https://www.xduim.com/zw/jszk,,专业：专业不限
2023,教师,2023安徽教师招考,后场小学,2304026 后场小学,本科及以上,专业不限,,笔试+面试,,,学段：小学；学科：语文；招聘人数：7,安徽 蚌埠淮上区,https://www.xduim.com/zw/jszk,,专业：专业不限
2023,教师,2023安徽教师招考,后场小学,2304027 后场小学,本科及以上,专业不限,,笔试+面试,,,学段：小学；学科：数学；招聘人数：3,安徽 蚌埠淮上区,https://www.xduim.com/zw/jszk,,专业：专业不限
2023,教师,2023安徽教师招考,后场小学,2304028 后场小学,本科及以上,专业不限,,笔试+面试,,,学段：小学；学科：英语；招聘人数：2,安徽 蚌埠淮上区,https://www.xduim.com/zw/jszk,,专业：专业不限
2023,教师,2023安徽教师招考,后场小学,2304029 后场小学,本科及以上,专业不限,,笔试+面试,,,学段：小学；学科：音乐；招聘人数：2,安徽 蚌埠淮上区,https://www.xduim.com/zw/jszk,,专业：专业不限
2023,教师,2023安徽教师招考,后场小学,2304030 后场小学,本科及以上,专业不限,,笔试+面试,,,学段：小学；学科：体育；招聘人数：2,安徽 蚌埠淮上区,https://www.xduim.com/zw/jszk,,专业：专业不限
2023,教师,2023安徽教师招考,后场小学,2304031 后场小学,本科及以上,专业不限,,笔试+面试,,,学段：小学；学科：美术；招聘人数：2,安徽 蚌埠淮上区,https://www.xduim.com/zw/jszk,,专业：专业不限
2023,教师,2023安徽教师招考,吴安小学,2304032 吴安小学,本科及以上,专业不限,,笔试+面试,,,学段：小学；学科：语文；招聘人数：11,安徽 蚌埠淮上区,https://www.xduim.com/zw/jszk,,专业：专业不限
2023,教师,2023安徽教师招考,吴安小学,2304033 吴安小学,本科及以上,专业不限,,笔试+面试,,,学段：小学；学科：数学；招聘人数：4,安徽 蚌埠淮上区,https://www.xduim.com/zw/jszk,,专业：专业不限
2023,教师,2023安徽教师招考,吴安小学,2304034 吴安小学,本科及以上,专业不限,,笔试+面试,,,学段：小学；学科：英语；招聘人数：3,安徽 蚌埠淮上区,https://www.xduim.com/zw/jszk,,专业：专业不限
2023,教师,2023安徽教师招考,吴安小学,2304035 吴安小学,本科及以上,专业不限,,笔试+面试,,,学段：小学；学科：体育；招聘人数：1,安徽 蚌埠淮上区,https://www.xduim.com/zw/jszk,,专业：专业不限
2023,教师,2023安徽教师招考,吴安小学,2304036 吴安小学,本科及以上,专业不限,,笔试+面试,,,学段：小学；学科：美术；招聘人数：1,安徽 蚌埠淮上区,https://www.xduim.com/zw/jszk,,专业：专业不限
2023,教师,2023安徽教师招考,西门渡小学,2304037 西门渡小学,本科及以上,专业不限,,笔试+面试,,,学段：小学；学科：语文；招聘人数：1,安徽 蚌埠淮上区,https://www.xduim.com/zw/jszk,,专业：专业不限
2023,教师,2023安徽教师招考,西门渡小学,2304038 西门渡小学,本科及以上,专业不限,,笔试+面试,,,学段：小学；学科：数学；招聘人数：1,安徽 蚌埠淮上区,https://www.xduim.com/zw/jszk,,专业：专业不限
2023,教师,2023安徽教师招考,八中初中部,2304039 八中初中部,本科及以上,专业不限,,笔试+面试,,,学段：初级中学；学科：道德与法治；招聘人数：10,安徽 蚌埠淮上区,https://www.xduim.com/zw/jszk,,专业：专业不限
2023,教师,2023安徽教师招考,八中初中部,2304040 八中初中部,本科及以上,专业不限,,笔试+面试,,,学段：初级中学；学科：历史；招聘人数：10,安徽 蚌埠淮上区,https://www.xduim.com/zw/jszk,,专业：专业不限
2023,教师,2023安徽教师招考,曹顾张中学初中部,2304061 曹顾张中学初中部,本科及以上,专业不限,,笔试+面试,,,学段：初级中学；学科：物理；招聘人数：1,安徽 蚌埠淮上区,https://www.xduim.com/zw/jszk,,专业：专业不限
2023,教师,2023安徽教师招考,曹顾张中学初中部,2304062 曹顾张中学初中部,本科及以上,专业不限,,笔试+面试,,,学段：初级中学；学科：生物；招聘人数：1,安徽 蚌埠淮上区,https://www.xduim.com/zw/jszk,,专业：专业不限
2023,教师,2023安徽教师招考,曹顾张中学初中部,2304063 曹顾张中学初中部,本科及以上,专业不限,,笔试+面试,,,学段：初级中学；学科：体育；招聘人数：1,安徽 蚌埠淮上区,https://www.xduim.com/zw/jszk,,专业：专业不限
2023,教师,2023安徽教师招考,曹顾张中学初中部,2304064 曹顾张中学初中部,本科及以上,专业不限,,笔试+面试,,,学段：初级中学；学科：美术；招聘人数：1,安徽 蚌埠淮上区,https://www.xduim.com/zw/jszk,,专业：专业不限
2023,教师,2023安徽教师招考,曹顾张中学小学部,2304065 曹顾张中学小学部,本科及以上,专业不限,,笔试+面试,,,学段：小学；学科：语文；招聘人数：2,安徽 蚌埠淮上区,https://www.xduim.com/zw/jszk,,专业：专业不限
2023,教师,2023安徽教师招考,曹顾张中学小学部,2304066 曹顾张中学小学部,本科及以上,专业不限,,笔试+面试,,,学段：小学；学科：数学；招聘人数：2,安徽 蚌埠淮上区,https://www.xduim.com/zw/jszk,,专业：专业不限
2023,教师,2023安徽教师招考,曹顾张中学小学部,2304067 曹顾张中学小学部,本科及以上,专业不限,,笔试+面试,,,学段：小学；学科：英语；招聘人数：1,安徽 蚌埠淮上区,https://www.xduim.com/zw/jszk,,专业：专业不限
2023,教师,2023安徽教师招考,曹顾张中学小学部,2304068 曹顾张中学小学部,本科及以上,专业不限,,笔试+面试,,,学段：小学；学科：音乐；招聘人数：1,安徽 蚌埠淮上区,https://www.xduim.com/zw/jszk,,专业：专业不限
2023,教师,2023安徽教师招考,曹顾张中学小学部,2304069 曹顾张中学小学部,本科及以上,专业不限,,笔试+面试,,,学段：小学；学科：体育；招聘人数：1,安徽 蚌埠淮上区,https://www.xduim.com/zw/jszk,,专业：专业不限
2023,教师,2023安徽教师招考,曹顾张中学小学部,2304070 曹顾张中学小学部,本科及以上,专业不限,,笔试+面试,,,学段：小学；学科：美术；招聘人数：1,安徽 蚌埠淮上区,https://www.xduim.com/zw/jszk,,专业：专业不限
2023,教师,2023安徽教师招考,三铺中学,2304071 三铺中学,本科及以上,专业不限,,笔试+面试,,,学段：初级中学；学科：数学；招聘人数：2,安徽 蚌埠淮上区,https://www.xduim.com/zw/jszk,,专业：专业不限
2023,教师,2023安徽教师招考,曹老集镇中心小学,2304072 曹老集镇中心小学,本科及以上,专业不限,,笔试+面试,,,学段：小学；学科：语文；招聘人数：1,安徽 蚌埠淮上区,https://www.xduim.com/zw/jszk,,专业：专业不限
2023,教师,2023安徽教师招考,曹老集镇中心小学,2304073 曹老集镇中心小学,本科及以上,专业不限,,笔试+面试,,,学段：小学；学科：英语；招聘人数：2,安徽 蚌埠淮上区,https://www.xduim.com/zw/jszk,,专业：专业不限
2023,教师,2023安徽教师招考,梅桥镇中心小学,2304074 梅桥镇中心小学,本科及以上,专业不限,,笔试+面试,,,学段：小学；学科：语文；招聘人数：5,安徽 蚌埠淮上区,https://www.xduim.com/zw/jszk,,专业：专业不限
2023,教师,2023安徽教师招考,梅桥镇振兴小学,2304075 梅桥镇振兴小学,本科及以上,专业不限,,笔试+面试,,,学段：小学；学科：语文；招聘人数：3,安徽 蚌埠淮上区,https://www.xduim.com/zw/jszk,,专业：专业不限
2023,教师,2023安徽教师招考,梅桥镇振兴小学,2304076 梅桥镇振兴小学,本科及以上,专业不限,,笔试+面试,,,学段：小学；学科：数学；招聘人数：2,安徽 蚌埠淮上区,https://www.xduim.com/zw/jszk,,专业：专业不限
2023,教师,2023安徽教师招考,三铺小学,2304077 三铺小学,本科及以上,专业不限,,笔试+面试,,,学段：小学；学科：语文；招聘人数：5,安徽 蚌埠淮上区,https://www.xduim.com/zw/jszk,,专业：专业不限
2023,教师,2023安徽教师招考,三铺小学,2304078 三铺小学,本科及以上,专业不限,,笔试+面试,,,学段：小学；学科：数学；招聘人数：2,安徽 蚌埠淮上区,https://www.xduim.com/zw/jszk,,专业：专业不限
2023,教师,2023安徽教师招考,三铺小学,2304079 三铺小学,本科及以上,专业不限,,笔试+面试,,,学段：小学；学科：美术；招聘人数：1,安徽 蚌埠淮上区,https://www.xduim.com/zw/jszk,,专业：专业不限
2023,教师,2023安徽教师招考,石王小学,2304080 石王小学,本科及以上,专业不限,,笔试+面试,,,学段：小学；学科：语文；招聘人数：2,安徽 蚌埠淮上区,https://www.xduim.com/zw/jszk,,专业：专业不限
2023,教师,2023安徽教师招考,八中初中部,2304041 八中初中部,本科及以上,专业不限,,笔试+面试,,,学段：初级中学；学科：生物；招聘人数：7,安徽 蚌埠淮上区,https://www.xduim.com/zw/jszk,,专业：专业不限
2023,教师,2023安徽教师招考,八中初中部,2304042 八中初中部,本科及以上,专业不限,,笔试+面试,,,学段：初级中学；学科：地理；招聘人数：8,安徽 蚌埠淮上区,https://www.xduim.com/zw/jszk,,专业：专业不限
2023,教师,2023安徽教师招考,八中初中部,2304043 八中初中部,本科及以上,专业不限,,笔试+面试,,,学段：初级中学；学科：音乐；招聘人数：1,安徽 蚌埠淮上区,https://www.xduim.com/zw/jszk,,专业：专业不限
2023,教师,2023安徽教师招考,八中初中部,2304044 八中初中部,本科及以上,专业不限,,笔试+面试,,,学段：初级中学；学科：体育；招聘人数：5,安徽 蚌埠淮上区,https://www.xduim.com/zw/jszk,,专业：专业不限
2023,教师,2023安徽教师招考,八中初中部,2304045 八中初中部,本科及以上,专业不限,,笔试+面试,,,学段：初级中学；学科：美术；招聘人数：1,安徽 蚌埠淮上区,https://www.xduim.com/zw/jszk,,专业：专业不限
2023,教师,2023安徽教师招考,八中初中部,2304046 八中初中部,本科及以上,专业不限,,笔试+面试,,,学段：初级中学；学科：信息技术；招聘人数：2,安徽 蚌埠淮上区,https://www.xduim.com/zw/jszk,,专业：专业不限
2023,教师,2023安徽教师招考,曹老集中学,2304047 曹老集中学,本科及以上,专业不限,,笔试+面试,,,学段：初级中学；学科：道德与法治；招聘人数：1,安徽 蚌埠淮上区,https://www.xduim.com/zw/jszk,,专业：专业不限
2023,教师,2023安徽教师招考,曹老集中学,2304048 曹老集中学,本科及以上,专业不限,,笔试+面试,,,学段：初级中学；学科：物理；招聘人数：2,安徽 蚌埠淮上区,https://www.xduim.com/zw/jszk,,专业：专业不限
2023,教师,2023安徽教师招考,曹老集中学,2304049 曹老集中学,本科及以上,专业不限,,笔试+面试,,,学段：初级中学；学科：历史；招聘人数：1,安徽 蚌埠淮上区,https://www.xduim.com/zw/jszk,,专业：专业不限
2023,教师,2023安徽教师招考,曹老集中学,2304050 曹老集中学,本科及以上,专业不限,,笔试+面试,,,学段：初级中学；学科：生物；招聘人数：2,安徽 蚌埠淮上区,https://www.xduim.com/zw/jszk,,专业：专业不限
2023,教师,2023安徽教师招考,曹老集中学,2304051 曹老集中学,本科及以上,专业不限,,笔试+面试,,,学段：初级中学；学科：地理；招聘人数：2,安徽 蚌埠淮上区,https://www.xduim.com/zw/jszk,,专业：专业不限
2023,教师,2023安徽教师招考,梅桥中学,2304052 梅桥中学,本科及以上,专业不限,,笔试+面试,,,学段：初级中学；学科：语文；招聘人数：3,安徽 蚌埠淮上区,https://www.xduim.com/zw/jszk,,专业：专业不限
2023,教师,2023安徽教师招考,梅桥中学,2304053 梅桥中学,本科及以上,专业不限,,笔试+面试,,,学段：初级中学；学科：数学；招聘人数：1,安徽 蚌埠淮上区,https://www.xduim.com/zw/jszk,,专业：专业不限
2023,教师,2023安徽教师招考,梅桥中学,2304054 梅桥中学,本科及以上,专业不限,,笔试+面试,,,学段：初级中学；学科：英语；招聘人数：1,安徽 蚌埠淮上区,https://www.xduim.com/zw/jszk,,专业：专业不限
2023,教师,2023安徽教师招考,梅桥中学,2304055 梅桥中学,本科及以上,专业不限,,笔试+面试,,,学段：初级中学；学科：道德与法治；招聘人数：1,安徽 蚌埠淮上区,https://www.xduim.com/zw/jszk,,专业：专业不限
2023,教师,2023安徽教师招考,梅桥中学,2304056 梅桥中学,本科及以上,专业不限,,笔试+面试,,,学段：初级中学；学科：物理；招聘人数：1,安徽 蚌埠淮上区,https://www.xduim.com/zw/jszk,,专业：专业不限
2023,教师,2023安徽教师招考,梅桥中学,2304057 梅桥中学,本科及以上,专业不限,,笔试+面试,,,学段：初级中学；学科：历史；招聘人数：2,安徽 蚌埠淮上区,https://www.xduim.com/zw/jszk,,专业：专业不限
2023,教师,2023安徽教师招考,梅桥中学,2304058 梅桥中学,本科及以上,专业不限,,笔试+面试,,,学段：初级中学；学科：体育；招聘人数：1,安徽 蚌埠淮上区,https://www.xduim.com/zw/jszk,,专业：专业不限
2023,教师,2023安徽教师招考,曹顾张中学初中部,2304059 曹顾张中学初中部,本科及以上,专业不限,,笔试+面试,,,学段：初级中学；学科：语文；招聘人数：1,安徽 蚌埠淮上区,https://www.xduim.com/zw/jszk,,专业：专业不限
2023,教师,2023安徽教师招考,曹顾张中学初中部,2304060 曹顾张中学初中部,本科及以上,专业不限,,笔试+面试,,,学段：初级中学；学科：数学；招聘人数：1,安徽 蚌埠淮上区,https://www.xduim.com/zw/jszk,,专业：专业不限
2024,教师,2024安徽教师招考,淮北市教育局,1021 淮北市教育局 初中英语B,本科及以上,本科：英语、翻译、商务英语 研究生：英语语言文学、教育学、或其他与岗位学科一致专业,,笔试+面试,,,学段：初级中学；学科：英语(初级中学)；招聘职位：初中英语B；招聘人数：1,安徽 淮北市直,https://www.xduim.com/zw/jszk,,专业：本科：英语、翻译、商务英语 研究生：英语语言文学、教育学、或其他与岗位学科一致专业
2024,教师,2024安徽教师招考,淮北市教育局,1022 淮北市教育局 初中道德与法治,本科及以上,本科：政治学类、马克思主义理论类、人文教育、哲学类 研究生：政治学、马克思主义理论、哲学、或其他与岗位学科一致专业,,笔试+面试,,,学段：初级中学；学科：道德与法治(初级中学)；招聘职位：初中道德与法治；招聘人数：4,安徽 淮北市直,https://www.xduim.com/zw/jszk,,专业：本科：政治学类、马克思主义理论类、人文教育、哲学类 研究生：政治学、马克思主义理论、哲学、或其他与岗位学科一致专业
2024,教师,2024安徽教师招考,淮北市教育局,1023 淮北市教育局 初中物理A,本科及以上,本科：物理学类、天文学类 研究生：物理学、天文学、或其他与岗位学科一致专业,,笔试+面试,,,学段：初级中学；学科：物理(初级中学)；招聘职位：初中物理A；招聘人数：6,安徽 淮北市直,https://www.xduim.com/zw/jszk,,专业：本科：物理学类、天文学类 研究生：物理学、天文学、或其他与岗位学科一致专业
2024,教师,2024安徽教师招考,淮北市教育局,1024 淮北市教育局 初中物理B,本科及以上,本科：物理学类、天文学类 研究生：物理学、天文学、或其他与岗位学科一致专业,,笔试+面试,,,学段：初级中学；学科：物理(初级中学)；招聘职位：初中物理B；招聘人数：1,安徽 淮北市直,https://www.xduim.com/zw/jszk,,专业：本科：物理学类、天文学类 研究生：物理学、天文学、或其他与岗位学科一致专业
2024,教师,2024安徽教师招考,淮北市教育局,1025 淮北市教育局 初中化学,本科及以上,本科：化学类 研究生：化学、或其他与岗位学科一致专业,,笔试+面试,,,学段：初级中学；学科：化学(初级中学)；招聘职位：初中化学；招聘人数：1,安徽 淮北市直,https://www.xduim.com/zw/jszk,,专业：本科：化学类 研究生：化学、或其他与岗位学科一致专业
2024,教师,2024安徽教师招考,淮北市教育局,1026 淮北市教育局 初中生物,本科及以上,本科：生物科学类 研究生：生物学、或其他与岗位学科一致专业,,笔试+面试,,,学段：初级中学；学科：生物(初级中学)；招聘职位：初中生物；招聘人数：1,安徽 淮北市直,https://www.xduim.com/zw/jszk,,专业：本科：生物科学类 研究生：生物学、或其他与岗位学科一致专业
2024,教师,2024安徽教师招考,淮北市教育局,1027 淮北市教育局 初中历史A,本科及以上,本科：历史学类、人文教育 研究生：历史学、教育学、或其他与岗位学科一致专业,,笔试+面试,,,学段：初级中学；学科：历史(初级中学)；招聘职位：初中历史A；招聘人数：2,安徽 淮北市直,https://www.xduim.com/zw/jszk,,专业：本科：历史学类、人文教育 研究生：历史学、教育学、或其他与岗位学科一致专业
2024,教师,2024安徽教师招考,淮北市教育局,1028 淮北市教育局 初中历史B,本科及以上,本科：历史学类、人文教育 研究生：历史学、教育学、或其他与岗位学科一致专业,,笔试+面试,,,学段：初级中学；学科：历史(初级中学)；招聘职位：初中历史B；招聘人数：1,安徽 淮北市直,https://www.xduim.com/zw/jszk,,专业：本科：历史学类、人文教育 研究生：历史学、教育学、或其他与岗位学科一致专业
2024,教师,2024安徽教师招考,淮北市教育局,1029 淮北市教育局 初中体育,本科及以上,本科：体育学类 研究生：体育学、或其他与岗位学科一致专业,,笔试+面试,,,学段：初级中学；学科：体育(初级中学)；招聘职位：初中体育；招聘人数：1,安徽 淮北市直,https://www.xduim.com/zw/jszk,,专业：本科：体育学类 研究生：体育学、或其他与岗位学科一致专业
2024,教师,2024安徽教师招考,淮北市教育局,1030 淮北市教育局 初中心理健康,本科及以上,本科：心理学类 研究生：心理学,,笔试+面试,,,学段：初级中学；学科：心理健康(初级中学)；招聘职位：初中心理健康；招聘人数：1,安徽 淮北市直,https://www.xduim.com/zw/jszk,,专业：本科：心理学类 研究生：心理学
2024,教师,2024安徽教师招考,淮北市教育局,1031 淮北市教育局 初中音乐,本科及以上,本科：音乐表演、音乐学 研究生：音乐学、或其他与岗位学科一致专业,,笔试+面试,,,学段：初级中学；学科：音乐(初级中学)；招聘职位：初中音乐；招聘人数：1,安徽 淮北市直,https://www.xduim.com/zw/jszk,,专业：本科：音乐表演、音乐学 研究生：音乐学、或其他与岗位学科一致专业
2024,教师,2024安徽教师招考,淮北市教育局,1032 淮北市教育局 初中美术,本科及以上,本科：美术学类、设计学类、戏剧影视美术设计、动画、艺术教育 研究生：美术学、设计艺术学、或其他与岗位学科一致专业,,笔试+面试,,,学段：初级中学；学科：美术(初级中学)；招聘职位：初中美术；招聘人数：1,安徽 淮北市直,https://www.xduim.com/zw/jszk,,专业：本科：美术学类、设计学类、戏剧影视美术设计、动画、艺术教育 研究生：美术学、设计艺术学、或其他与岗位学科一致专业
2024,教师,2024安徽教师招考,淮北市教育局,1033 淮北市教育局 小学语文A,本科及以上,本科：中国语言文学类、小学教育 研究生：中国语言文学、教育学、或其他与岗位学科一致专业,,笔试+面试,,,学段：小学；学科：语文；招聘职位：小学语文A；招聘人数：10,安徽 淮北市直,https://www.xduim.com/zw/jszk,,专业：本科：中国语言文学类、小学教育 研究生：中国语言文学、教育学、或其他与岗位学科一致专业
2024,教师,2024安徽教师招考,淮北市教育局,1034 淮北市教育局 小学语文B,本科及以上,本科：中国语言文学类、小学教育 研究生：中国语言文学、教育学、或其他与岗位学科一致专业,,笔试+面试,,,学段：小学；学科：语文；招聘职位：小学语文B；招聘人数：1,安徽 淮北市直,https://www.xduim.com/zw/jszk,,专业：本科：中国语言文学类、小学教育 研究生：中国语言文学、教育学、或其他与岗位学科一致专业
2024,教师,2024安徽教师招考,淮北市教育局,1035 淮北市教育局 小学语文C,本科及以上,本科：中国语言文学类、小学教育 研究生：中国语言文学、教育学、或其他与岗位学科一致专业,,笔试+面试,,,学段：小学；学科：语文；招聘职位：小学语文C；招聘人数：1,安徽 淮北市直,https://www.xduim.com/zw/jszk,,专业：本科：中国语言文学类、小学教育 研究生：中国语言文学、教育学、或其他与岗位学科一致专业
2024,教师,2024安徽教师招考,淮北市教育局,1036 淮北市教育局 小学数学A,本科及以上,本科：数学类、小学教育 研究生：数学、教育学、或其他与岗位学科一致专业,,笔试+面试,,,学段：小学；学科：数学；招聘职位：小学数学A；招聘人数：5,安徽 淮北市直,https://www.xduim.com/zw/jszk,,专业：本科：数学类、小学教育 研究生：数学、教育学、或其他与岗位学科一致专业
2024,教师,2024安徽教师招考,淮北市教育局,1037 淮北市教育局 小学数学B,本科及以上,本科：数学类、小学教育 研究生：数学、教育学、或其他与岗位学科一致专业,,笔试+面试,,,学段：小学；学科：数学；招聘职位：小学数学B；招聘人数：1,安徽 淮北市直,https://www.xduim.com/zw/jszk,,专业：本科：数学类、小学教育 研究生：数学、教育学、或其他与岗位学科一致专业
2024,教师,2024安徽教师招考,淮北市教育局,1038 淮北市教育局 小学数学C,本科及以上,本科：数学类、小学教育 研究生：数学、教育学、或其他与岗位学科一致专业,,笔试+面试,,,学段：小学；学科：数学；招聘职位：小学数学C；招聘人数：1,安徽 淮北市直,https://www.xduim.com/zw/jszk,,专业：本科：数学类、小学教育 研究生：数学、教育学、或其他与岗位学科一致专业
2024,教师,2024安徽教师招考,淮北市教育局,1039 淮北市教育局 小学体育A,本科及以上,本科：体育学类 研究生：体育学、或其他与岗位学科一致专业,,笔试+面试,,,学段：小学；学科：体育；招聘职位：小学体育A；招聘人数：2,安徽 淮北市直,https://www.xduim.com/zw/jszk,,专业：本科：体育学类 研究生：体育学、或其他与岗位学科一致专业
2024,教师,2024安徽教师招考,淮北市教育局,1040 淮北市教育局 小学体育B,本科及以上,本科：体育学类 研究生：体育学、或其他与岗位学科一致专业,,笔试+面试,,,学段：小学；学科：体育；招聘职位：小学体育B；招聘人数：1,安徽 淮北市直,https://www.xduim.com/zw/jszk,,专业：本科：体育学类 研究生：体育学、或其他与岗位学科一致专业
2023,教师,2023安徽教师招考,石王小学,2304081 石王小学,本科及以上,专业不限,,笔试+面试,,,学段：小学；学科：数学；招聘人数：2,安徽 蚌埠淮上区,https://www.xduim.com/zw/jszk,,专业：专业不限
2023,教师,2023安徽教师招考,石王小学,2304082 石王小学,本科及以上,专业不限,,笔试+面试,,,学段：小学；学科：体育；招聘人数：1,安徽 蚌埠淮上区,https://www.xduim.com/zw/jszk,,专业：专业不限
2023,教师,2023安徽教师招考,宋岗小学,2304083 宋岗小学,本科及以上,专业不限,,笔试+面试,,,学段：小学；学科：语文；招聘人数：1,安徽 蚌埠淮上区,https://www.xduim.com/zw/jszk,,专业：专业不限
2023,教师,2023安徽教师招考,宋岗小学,2304084 宋岗小学,本科及以上,专业不限,,笔试+面试,,,学段：小学；学科：数学；招聘人数：1,安徽 蚌埠淮上区,https://www.xduim.com/zw/jszk,,专业：专业不限
2023,教师,2023安徽教师招考,团结希望小学,2304085 团结希望小学,本科及以上,专业不限,,笔试+面试,,,学段：小学；学科：英语；招聘人数：1,安徽 蚌埠淮上区,https://www.xduim.com/zw/jszk,,专业：专业不限
2023,教师,2023安徽教师招考,沫河口中心小学,2304086 沫河口中心小学,本科及以上,专业不限,,笔试+面试,,,学段：小学；学科：音乐；招聘人数：1,安徽 蚌埠淮上区,https://www.xduim.com/zw/jszk,,专业：专业不限
2023,教师,2023安徽教师招考,沫河口中心小学,2304087 沫河口中心小学,本科及以上,专业不限,,笔试+面试,,,学段：小学；学科：体育；招聘人数：1,安徽 蚌埠淮上区,https://www.xduim.com/zw/jszk,,专业：专业不限
2023,教师,2023安徽教师招考,曹老集镇第二小学,2304088 曹老集镇第二小学,本科及以上,专业不限,,笔试+面试,,,学段：小学；学科：语文；招聘人数：5,安徽 蚌埠淮上区,https://www.xduim.com/zw/jszk,,专业：专业不限
2023,教师,2023安徽教师招考,曹老集镇第二小学,2304089 曹老集镇第二小学,本科及以上,专业不限,,笔试+面试,,,学段：小学；学科：数学；招聘人数：1,安徽 蚌埠淮上区,https://www.xduim.com/zw/jszk,,专业：专业不限
2023,教师,2023安徽教师招考,曹老集镇第二小学,2304090 曹老集镇第二小学,本科及以上,专业不限,,笔试+面试,,,学段：小学；学科：英语；招聘人数：4,安徽 蚌埠淮上区,https://www.xduim.com/zw/jszk,,专业：专业不限
2023,教师,2023安徽教师招考,信湾小学,2304091 信湾小学,本科及以上,专业不限,,笔试+面试,,,学段：小学；学科：数学；招聘人数：1,安徽 蚌埠淮上区,https://www.xduim.com/zw/jszk,,专业：专业不限
2023,教师,2023安徽教师招考,信湾小学,2304092 信湾小学,本科及以上,专业不限,,笔试+面试,,,学段：小学；学科：体育；招聘人数：1,安徽 蚌埠淮上区,https://www.xduim.com/zw/jszk,,专业：专业不限
2023,教师,2023安徽教师招考,周集小学,2304093 周集小学,本科及以上,专业不限,,笔试+面试,,,学段：小学；学科：语文；招聘人数：2,安徽 蚌埠淮上区,https://www.xduim.com/zw/jszk,,专业：专业不限
2023,教师,2023安徽教师招考,周集小学,2304094 周集小学,本科及以上,专业不限,,笔试+面试,,,学段：小学；学科：音乐；招聘人数：1,安徽 蚌埠淮上区,https://www.xduim.com/zw/jszk,,专业：专业不限
2023,教师,2023安徽教师招考,周集小学,2304095 周集小学,本科及以上,专业不限,,笔试+面试,,,学段：小学；学科：美术；招聘人数：1,安徽 蚌埠淮上区,https://www.xduim.com/zw/jszk,,专业：专业不限
2024,教师,2024安徽教师招考,淮北市教育局,1041 淮北市教育局 小学美术,本科及以上,本科：美术学类、设计学类、戏剧影视美术设计、动画、艺术教育 研究生：美术学、设计艺术学、或其他与岗位学科一致专业,,笔试+面试,,,学段：小学；学科：美术；招聘职位：小学美术；招聘人数：1,安徽 淮北市直,https://www.xduim.com/zw/jszk,,专业：本科：美术学类、设计学类、戏剧影视美术设计、动画、艺术教育 研究生：美术学、设计艺术学、或其他与岗位学科一致专业
2023,教师,2023安徽教师招考,淮北市教育局,1021 淮北市教育局 初中道德与法治,本科及以上,本科：政治学类、马克思主义理论类、人文教育、哲学类 研究生：政治学、马克思主义理论、哲学、或其他与岗位学科相近专业,,笔试+面试,,,招聘职位：初中道德与法治；招聘人数：2,安徽 淮北市直,https://www.xduim.com/zw/jszk,,专业：本科：政治学类、马克思主义理论类、人文教育、哲学类 研究生：政治学、马克思主义理论、哲学、或其他与岗位学科相近专业
2023,教师,2023安徽教师招考,淮北市教育局,1022 淮北市教育局 初中物理,本科及以上,本科：物理学类 研究生：物理学、教育学、或其他与岗位学科相近专业,,笔试+面试,,,招聘职位：初中物理；招聘人数：2,安徽 淮北市直,https://www.xduim.com/zw/jszk,,专业：本科：物理学类 研究生：物理学、教育学、或其他与岗位学科相近专业
2023,教师,2023安徽教师招考,淮北市教育局,1023 淮北市教育局 初中生物,本科及以上,本科：生物科学类、生物工程类 研究生：生物学、教育学、或其他与岗位学科相近专业,,笔试+面试,,,招聘职位：初中生物；招聘人数：1,安徽 淮北市直,https://www.xduim.com/zw/jszk,,专业：本科：生物科学类、生物工程类 研究生：生物学、教育学、或其他与岗位学科相近专业
2023,教师,2023安徽教师招考,淮北市教育局,1024 淮北市教育局 初中心理健康教育,本科及以上,本科：心理学类 研究生：心理学,,笔试+面试,,,招聘职位：初中心理健康教育；招聘人数：1,安徽 淮北市直,https://www.xduim.com/zw/jszk,,专业：本科：心理学类 研究生：心理学
2023,教师,2023安徽教师招考,淮北市教育局,1025 淮北市教育局 高中物理,本科及以上,本科：物理学类 研究生：物理学、教育学、或其他与岗位学科相近专业,,笔试+面试,,,招聘职位：高中物理；招聘人数：1,安徽 淮北市直,https://www.xduim.com/zw/jszk,,专业：本科：物理学类 研究生：物理学、教育学、或其他与岗位学科相近专业
2024,教师,2024安徽教师招考,淮师附小山南第十小学,340401010001 淮师附小山南第十小学 小学语文,本科及以上,中国语言文学类（专业代码前四位为0501）、小学教育语文方向（专业代码040107）,,笔试+面试,,,学段：小学；学科：语文；招聘职位：小学语文；招聘人数：1,安徽 淮南市直,https://www.xduim.com/zw/jszk,,专业：中国语言文学类（专业代码前四位为0501）、小学教育语文方向（专业代码040107）
2024,教师,2024安徽教师招考,淮师附小山南第十小学,340401010002 淮师附小山南第十小学 小学英语,本科及以上,英语类（专业代码0502英语类或0551翻译类）,,笔试+面试,,,学段：小学；学科：英语；招聘职位：小学英语；招聘人数：1,安徽 淮南市直,https://www.xduim.com/zw/jszk,,专业：英语类（专业代码0502英语类或0551翻译类）
2024,教师,2024安徽教师招考,淮师附小山南第十小学,340401010003 淮师附小山南第十小学 小学体育,本科及以上,体育学类（专业代码前四位为0402）,,笔试+面试,,,学段：小学；学科：体育；招聘职位：小学体育；招聘人数：1,安徽 淮南市直,https://www.xduim.com/zw/jszk,,专业：体育学类（专业代码前四位为0402）
2024,教师,2024安徽教师招考,淮师附小山南第十小学,340401010004 淮师附小山南第十小学 小学音乐,本科及以上,音乐与舞蹈学类（专业代码前四位为1302）,,笔试+面试,,,学段：小学；学科：音乐；招聘职位：小学音乐；招聘人数：1,安徽 淮南市直,https://www.xduim.com/zw/jszk,,专业：音乐与舞蹈学类（专业代码前四位为1302）
2024,教师,2024安徽教师招考,淮南师范附属小学,340401011001 淮南师范附属小学 小学语文,本科及以上,中国语言文学类专业代码前四位为0501、小学教育语文方向040107,,笔试+面试,,,学段：小学；学科：语文；招聘职位：小学语文；招聘人数：2,安徽 淮南市直,https://www.xduim.com/zw/jszk,,专业：中国语言文学类专业代码前四位为0501、小学教育语文方向040107
2024,教师,2024安徽教师招考,淮师附小洞山校区,340401012001 淮师附小洞山校区 小学语文,本科及以上,中国语言文学类（专业代码前四位为0501） 小学教育语文方向（专业代码为040107）,,笔试+面试,,,学段：小学；学科：语文；招聘职位：小学语文；招聘人数：1,安徽 淮南市直,https://www.xduim.com/zw/jszk,,专业：中国语言文学类（专业代码前四位为0501） 小学教育语文方向（专业代码为040107）
2024,教师,2024安徽教师招考,淮师附小洞山校区,340401012002 淮师附小洞山校区 小学数学,本科及以上,数学类（专业代码前四位为0701）、小学教育数学方向（专业代码为040107）,,笔试+面试,,,学段：小学；学科：数学；招聘职位：小学数学；招聘人数：1,安徽 淮南市直,https://www.xduim.com/zw/jszk,,专业：数学类（专业代码前四位为0701）、小学教育数学方向（专业代码为040107）
2024,教师,2024安徽教师招考,淮师附小洞山校区,340401012003 淮师附小洞山校区 小学美术,本科及以上,美术学类(专业代码前四位为1304),,笔试+面试,,,学段：小学；学科：美术；招聘职位：小学美术；招聘人数：1,安徽 淮南市直,https://www.xduim.com/zw/jszk,,专业：美术学类(专业代码前四位为1304)
2024,教师,2024安徽教师招考,淮南实验中学 山南第一中学,340401013001 淮南实验中学 山南第一中学 初中语文,本科及以上,中国语言文学类（0501）,,笔试+面试,,,学段：初级中学；学科：语文；招聘职位：初中语文；招聘人数：3,安徽 淮南市直,https://www.xduim.com/zw/jszk,,专业：中国语言文学类（0501）
2024,教师,2024安徽教师招考,淮南实验中学 山南第一中学,340401013002 淮南实验中学 山南第一中学 初中数学,本科及以上,数学类（0701）,,笔试+面试,,,学段：初级中学；学科：数学；招聘职位：初中数学；招聘人数：3,安徽 淮南市直,https://www.xduim.com/zw/jszk,,专业：数学类（0701）
2024,教师,2024安徽教师招考,淮南实验中学 山南第一中学,340401013003 淮南实验中学 山南第一中学 初中英语,本科及以上,英语系列专业,,笔试+面试,,,学段：初级中学；学科：英语；招聘职位：初中英语；招聘人数：3,安徽 淮南市直,https://www.xduim.com/zw/jszk,,专业：英语系列专业
2024,教师,2024安徽教师招考,淮南实验中学 山南第一中学,340401013004 淮南实验中学 山南第一中学 初中物理,本科及以上,物理学类（0702）,,笔试+面试,,,学段：初级中学；学科：物理；招聘职位：初中物理；招聘人数：2,安徽 淮南市直,https://www.xduim.com/zw/jszk,,专业：物理学类（0702）
2024,教师,2024安徽教师招考,淮南实验中学 山南第一中学,340401013005 淮南实验中学 山南第一中学 初中道德与法治,本科及以上,政治学类（0302） 马克思主义理论类（0305）,,笔试+面试,,,学段：初级中学；学科：道德与法治；招聘职位：初中道德与法治；招聘人数：2,安徽 淮南市直,https://www.xduim.com/zw/jszk,,专业：政治学类（0302） 马克思主义理论类（0305）
2024,教师,2024安徽教师招考,淮南实验中学 山南第一中学,340401013006 淮南实验中学 山南第一中学 初中历史,本科及以上,历史学类（0601）,,笔试+面试,,,学段：初级中学；学科：历史；招聘职位：初中历史；招聘人数：1,安徽 淮南市直,https://www.xduim.com/zw/jszk,,专业：历史学类（0601）
2024,教师,2024安徽教师招考,淮南实验中学 山南第一中学,340401013007 淮南实验中学 山南第一中学 初中体育,本科及以上,体育学类（0402）,,笔试+面试,,,学段：初级中学；学科：体育；招聘职位：初中体育；招聘人数：2,安徽 淮南市直,https://www.xduim.com/zw/jszk,,专业：体育学类（0402）
2024,教师,2024安徽教师招考,淮南实验中学,340401014001 淮南实验中学 初中数学,本科及以上,数学类（专业代码前四位为0701）,,笔试+面试,,,学段：初级中学；学科：数学；招聘职位：初中数学；招聘人数：1,安徽 淮南市直,https://www.xduim.com/zw/jszk,,专业：数学类（专业代码前四位为0701）
2024,教师,2024安徽教师招考,淮南实验中学,340401014002 淮南实验中学 初中数学,本科及以上,英语系列专业,,笔试+面试,,,学段：初级中学；学科：英语；招聘职位：初中数学；招聘人数：1,安徽 淮南市直,https://www.xduim.com/zw/jszk,,专业：英语系列专业
2023,教师,2023安徽教师招考,淮师附小山南第十三、十四小学,340401005001 淮师附小山南第十三、十四小学 小学语文,本科及以上,中国语言文学类（专业代码前四位为0501）、 小学教育语文方向（专业代码为040107）,,笔试+面试,,,学段：小学；学科：语文；招聘职位：小学语文；招聘人数：13,安徽 淮南市直,https://www.xduim.com/zw/jszk,,专业：中国语言文学类（专业代码前四位为0501）、 小学教育语文方向（专业代码为040107）
2023,教师,2023安徽教师招考,淮师附小山南第十三、十四小学,340401005002 淮师附小山南第十三、十四小学 小学数学,本科及以上,数学类（专业代码前四位为0701）、小学教育数学方向（专业代码为040107）,,笔试+面试,,,学段：小学；学科：数学；招聘职位：小学数学；招聘人数：8,安徽 淮南市直,https://www.xduim.com/zw/jszk,,专业：数学类（专业代码前四位为0701）、小学教育数学方向（专业代码为040107）
2023,教师,2023安徽教师招考,淮师附小山南第十三、十四小学,340401005003 淮师附小山南第十三、十四小学 小学科学,本科及以上,物理学类（专业代码前四位为0702） 化学类（专业代码前四位为0703） 生物科学类（专业代码前四位为0710） 科学教育（专业代码为040102）,,笔试+面试,,,学段：小学；学科：科学；招聘职位：小学科学；招聘人数：2,安徽 淮南市直,https://www.xduim.com/zw/jszk,,专业：物理学类（专业代码前四位为0702） 化学类（专业代码前四位为0703） 生物科学类（专业代码前四位为0710） 科学教育（专业代码为040102）
2023,教师,2023安徽教师招考,淮师附小山南第十三、十四小学,340401005004 淮师附小山南第十三、十四小学 小学体育,本科及以上,体育学类（专业代码前四位为0402）,,笔试+面试,,,学段：小学；学科：体育；招聘职位：小学体育；招聘人数：2,安徽 淮南市直,https://www.xduim.com/zw/jszk,,专业：体育学类（专业代码前四位为0402）
2023,教师,2023安徽教师招考,淮师附小山南第十三、十四小学,340401005005 淮师附小山南第十三、十四小学 小学心理健康,本科及以上,心理学类（专业代码前四位为0711）,,笔试+面试,,,学段：小学；学科：心理健康；招聘职位：小学心理健康；招聘人数：1,安徽 淮南市直,https://www.xduim.com/zw/jszk,,专业：心理学类（专业代码前四位为0711）
2023,教师,2023安徽教师招考,淮师附小山南第十五小学,340401006001 淮师附小山南第十五小学 小学语文,本科及以上,中国语言文学类（专业代码前四位为0501）、小学教育语文方向（专业代码为040107）,,笔试+面试,,,学段：小学；学科：语文；招聘职位：小学语文；招聘人数：3,安徽 淮南市直,https://www.xduim.com/zw/jszk,,专业：中国语言文学类（专业代码前四位为0501）、小学教育语文方向（专业代码为040107）
2023,教师,2023安徽教师招考,淮师附小山南第十五小学,340401006002 淮师附小山南第十五小学 小学数学,本科及以上,数学类（专业代码前四位为0701）、小学教育数学方向（专业代码为040107）,,笔试+面试,,,学段：小学；学科：数学；招聘职位：小学数学；招聘人数：2,安徽 淮南市直,https://www.xduim.com/zw/jszk,,专业：数学类（专业代码前四位为0701）、小学教育数学方向（专业代码为040107）
2023,教师,2023安徽教师招考,淮南市特殊教育学校,340401007001 淮南市特殊教育学校 专业技术岗位,本科及以上,不限专业,,笔试+面试,,,学段：小学；学科：语文；招聘职位：专业技术岗位；招聘人数：1,安徽 淮南市直,https://www.xduim.com/zw/jszk,,专业：不限专业
2024,教师,2024安徽教师招考,滁州市实验中学,滁州市实验中学 高中语文,本科及以上,本科：汉语言文学、汉语言、汉语国际教育；研究生：中国语言文学、国际中文教育、学科教学（语文）、课程与教学论（语文方向）,,笔试+面试,,,学段：高级中学；学科：语文；招聘职位：高中语文；招聘人数：3,安徽 滁州市直,https://www.xduim.com/zw/jszk,,专业：本科：汉语言文学、汉语言、汉语国际教育；研究生：中国语言文学、国际中文教育、学科教学（语文）、课程与教学论（语文方向）
2024,教师,2024安徽教师招考,滁州市实验中学,滁州市实验中学 高中数学,本科及以上,本科：数学类、统计学类；研究生：数学、统计学、学科教学（数学）、课程与教学论（数学方向）,,笔试+面试,,,学段：高级中学；学科：数学；招聘职位：高中数学；招聘人数：1,安徽 滁州市直,https://www.xduim.com/zw/jszk,,专业：本科：数学类、统计学类；研究生：数学、统计学、学科教学（数学）、课程与教学论（数学方向）
2024,教师,2024安徽教师招考,滁州市实验中学,滁州市实验中学 高中英语,本科及以上,本科：英语、商务英语、翻译（英语方向）；研究生：外国语言文学（英语方向）、翻译（英语方向）、学科教学（英语）、课程与教学论（英语方向）,,笔试+面试,,,学段：高级中学；学科：英语；招聘职位：高中英语；招聘人数：2,安徽 滁州市直,https://www.xduim.com/zw/jszk,,专业：本科：英语、商务英语、翻译（英语方向）；研究生：外国语言文学（英语方向）、翻译（英语方向）、学科教学（英语）、课程与教学论（英语方向）
2024,教师,2024安徽教师招考,滁州市实验中学,滁州市实验中学 高中物理,本科及以上,本科：物理学类、天文学类、力学类、电子信息类；研究生：物理学、天文学、力学、电子科学与技术、电子信息、遥感（智能、纳米）科学与技术、学科教学（物理）、课程与教学论（物理方向）,,笔试+面试,,,学段：高级中学；学科：物理；招聘职位：高中物理；招聘人数：2,安徽 滁州市直,https://www.xduim.com/zw/jszk,,专业：本科：物理学类、天文学类、力学类、电子信息类；研究生：物理学、天文学、力学、电子科学与技术、电子信息、遥感（智能、纳米）科学与技术、学科教学（物理）、课程与教学论（物理方向）
2024,教师,2024安徽教师招考,滁州市实验中学,滁州市实验中学 高中化学,本科及以上,本科：化学类；研究生：化学、学科教学（化学）、课程与教学论（化学方向）,,笔试+面试,,,学段：高级中学；学科：化学；招聘职位：高中化学；招聘人数：1,安徽 滁州市直,https://www.xduim.com/zw/jszk,,专业：本科：化学类；研究生：化学、学科教学（化学）、课程与教学论（化学方向）
2024,教师,2024安徽教师招考,滁州市实验中学,滁州市实验中学 高中地理,本科及以上,本科：地理科学类；研究生：地理学、大气科学、海洋科学、地球物理学、地质学、学科教学（地理）、课程与教学论（地理方向）,,笔试+面试,,,学段：高级中学；学科：地理；招聘职位：高中地理；招聘人数：2,安徽 滁州市直,https://www.xduim.com/zw/jszk,,专业：本科：地理科学类；研究生：地理学、大气科学、海洋科学、地球物理学、地质学、学科教学（地理）、课程与教学论（地理方向）
2024,教师,2024安徽教师招考,滁州市实验中学,滁州市实验中学 初中语文,本科及以上,本科：汉语言文学、汉语言、汉语国际教育；研究生：中国语言文学、国际中文教育、学科教学（语文）、课程与教学论（语文方向）,,笔试+面试,,,学段：初级中学；学科：语文；招聘职位：初中语文；招聘人数：2,安徽 滁州市直,https://www.xduim.com/zw/jszk,,专业：本科：汉语言文学、汉语言、汉语国际教育；研究生：中国语言文学、国际中文教育、学科教学（语文）、课程与教学论（语文方向）
2024,教师,2024安徽教师招考,滁州市实验中学,滁州市实验中学 初中数学,本科及以上,本科：数学类、统计学类；研究生：数学、统计学、学科教学（数学）、课程与教学论（数学方向）,,笔试+面试,,,学段：初级中学；学科：数学；招聘职位：初中数学；招聘人数：1,安徽 滁州市直,https://www.xduim.com/zw/jszk,,专业：本科：数学类、统计学类；研究生：数学、统计学、学科教学（数学）、课程与教学论（数学方向）
2024,教师,2024安徽教师招考,滁州市实验中学,滁州市实验中学 初中英语,本科及以上,本科：英语、商务英语、翻译（英语方向）；研究生：外国语言文学（英语方向）、翻译（英语方向）、学科教学（英语）、课程与教学论（英语方向）,,笔试+面试,,,学段：初级中学；学科：英语；招聘职位：初中英语；招聘人数：1,安徽 滁州市直,https://www.xduim.com/zw/jszk,,专业：本科：英语、商务英语、翻译（英语方向）；研究生：外国语言文学（英语方向）、翻译（英语方向）、学科教学（英语）、课程与教学论（英语方向）
2024,教师,2024安徽教师招考,滁州市实验中学,滁州市实验中学 初中道德与法治,本科及以上,本科：政治学类、马克思主义理论类、人文教育；研究生：政治学、马克思主义理论、学科教学（思政）、课程与教学论（思政方向）,,笔试+面试,,,学段：初级中学；学科：道德与法治；招聘职位：初中道德与法治；招聘人数：2,安徽 滁州市直,https://www.xduim.com/zw/jszk,,专业：本科：政治学类、马克思主义理论类、人文教育；研究生：政治学、马克思主义理论、学科教学（思政）、课程与教学论（思政方向）
2024,教师,2024安徽教师招考,滁州市实验中学,滁州市实验中学 初中历史,本科及以上,本科：历史学类、人文教育；研究生：历史学、学科教学（历史）、课程与教学论（历史方向）,,笔试+面试,,,学段：初级中学；学科：历史；招聘职位：初中历史；招聘人数：1,安徽 滁州市直,https://www.xduim.com/zw/jszk,,专业：本科：历史学类、人文教育；研究生：历史学、学科教学（历史）、课程与教学论（历史方向）
2024,教师,2024安徽教师招考,滁州市实验中学,滁州市实验中学 初中地理,本科及以上,本科：地理科学类；研究生：地理学、大气科学、海洋科学、地球物理学、地质学、学科教学（地理）、课程与教学论（地理方向）,,笔试+面试,,,学段：初级中学；学科：地理；招聘职位：初中地理；招聘人数：1,安徽 滁州市直,https://www.xduim.com/zw/jszk,,专业：本科：地理科学类；研究生：地理学、大气科学、海洋科学、地球物理学、地质学、学科教学（地理）、课程与教学论（地理方向）
2024,教师,2024安徽教师招考,滁州市实验中学,滁州市实验中学 初中化学,本科及以上,本科：化学类；研究生：化学、学科教学（化学）、课程与教学论（化学方向）,,笔试+面试,,,学段：初级中学；学科：化学；招聘职位：初中化学；招聘人数：1,安徽 滁州市直,https://www.xduim.com/zw/jszk,,专业：本科：化学类；研究生：化学、学科教学（化学）、课程与教学论（化学方向）
2024,教师,2024安徽教师招考,滁州市实验中学,滁州市实验中学 初中生物,本科及以上,本科：生物科学类、生物工程类、生物医学工程类；研究生：生物学、生物工程、生物医学工程、学科教学（生物）、课程与教学论（生物方向）,,笔试+面试,,,学段：初级中学；学科：生物；招聘职位：初中生物；招聘人数：1,安徽 滁州市直,https://www.xduim.com/zw/jszk,,专业：本科：生物科学类、生物工程类、生物医学工程类；研究生：生物学、生物工程、生物医学工程、学科教学（生物）、课程与教学论（生物方向）
2024,教师,2024安徽教师招考,滁州市实验中学,滁州市实验中学 初中体育,本科及以上,本科：体育学类；研究生：体育学、体育、学科教学(体育),,笔试+面试,,,学段：初级中学；学科：体育；招聘职位：初中体育；招聘人数：3,安徽 滁州市直,https://www.xduim.com/zw/jszk,,专业：本科：体育学类；研究生：体育学、体育、学科教学(体育)
2024,教师,2024安徽教师招考,滁州市田家炳学校,滁州市田家炳学校 小学语文,本科及以上,本科：汉语言文学、汉语言、汉语国际教育、小学教育；研究生：中国语言文学、汉语国际教育、小学教育、学科教学（语文）、课程与教学论（语文方向）,,笔试+面试,,,学段：小学；学科：语文；招聘职位：小学语文；招聘人数：12,安徽 滁州市直,https://www.xduim.com/zw/jszk,,专业：本科：汉语言文学、汉语言、汉语国际教育、小学教育；研究生：中国语言文学、汉语国际教育、小学教育、学科教学（语文）、课程与教学论（语文方向）
2024,教师,2024安徽教师招考,滁州市田家炳学校,滁州市田家炳学校 小学数学,本科及以上,本科：数学类、统计学类、小学教育、会计学、审计学；研究生：数学、统计学、小学教育、会计、审计、学科教学（数学）、课程与教学论（数学方向）,,笔试+面试,,,学段：小学；学科：数学；招聘职位：小学数学；招聘人数：12,安徽 滁州市直,https://www.xduim.com/zw/jszk,,专业：本科：数学类、统计学类、小学教育、会计学、审计学；研究生：数学、统计学、小学教育、会计、审计、学科教学（数学）、课程与教学论（数学方向）
2024,教师,2024安徽教师招考,滁州市田家炳学校,滁州市田家炳学校 小学英语,本科及以上,本科：英语、商务英语、翻译（英语方向）、小学教育；研究生：外国语言文学（英语方向）、翻译（英语方向）、小学教育、学科教学（英语）、课程与教学论（英语方向）,,笔试+面试,,,学段：小学；学科：英语；招聘职位：小学英语；招聘人数：6,安徽 滁州市直,https://www.xduim.com/zw/jszk,,专业：本科：英语、商务英语、翻译（英语方向）、小学教育；研究生：外国语言文学（英语方向）、翻译（英语方向）、小学教育、学科教学（英语）、课程与教学论（英语方向）
2024,教师,2024安徽教师招考,滁州市田家炳学校,滁州市田家炳学校 小学美术,本科及以上,本科：美术学类、设计学类、戏剧影视美术设计、动画、艺术教育；研究生：美术学、设计学、设计艺术学、艺术设计、学科教学（美术）,,笔试+面试,,,学段：小学；学科：美术；招聘职位：小学美术；招聘人数：2,安徽 滁州市直,https://www.xduim.com/zw/jszk,,专业：本科：美术学类、设计学类、戏剧影视美术设计、动画、艺术教育；研究生：美术学、设计学、设计艺术学、艺术设计、学科教学（美术）
2024,教师,2024安徽教师招考,滁州市田家炳学校,滁州市田家炳学校 小学音乐,本科及以上,本科：音乐与舞蹈学类、艺术教育；研究生：音乐学、舞蹈学、音乐与舞蹈学、音乐、舞蹈、学科教学（音乐）,,笔试+面试,,,学段：小学；学科：音乐；招聘职位：小学音乐；招聘人数：2,安徽 滁州市直,https://www.xduim.com/zw/jszk,,专业：本科：音乐与舞蹈学类、艺术教育；研究生：音乐学、舞蹈学、音乐与舞蹈学、音乐、舞蹈、学科教学（音乐）
2024,教师,2024安徽教师招考,滁州市田家炳学校,滁州市田家炳学校 小学体育,本科及以上,本科：体育学类；研究生：体育学、体育、学科教学(体育),,笔试+面试,,,学段：小学；学科：体育；招聘职位：小学体育；招聘人数：4,安徽 滁州市直,https://www.xduim.com/zw/jszk,,专业：本科：体育学类；研究生：体育学、体育、学科教学(体育)
2024,教师,2024安徽教师招考,滁州市田家炳学校,滁州市田家炳学校 小学信息科技,本科及以上,本科：计算机类、教育技术学；研究生：计算机科学与技术、教育技术学、现代教育技术、科学与技术教育、计算机技术、软件工程、人工智能、大数据、网络信息（空间）安全、遥感（智能）科学与技术,,笔试+面试,,,学段：小学；学科：信息科技；招聘职位：小学信息科技；招聘人数：1,安徽 滁州市直,https://www.xduim.com/zw/jszk,,专业：本科：计算机类、教育技术学；研究生：计算机科学与技术、教育技术学、现代教育技术、科学与技术教育、计算机技术、软件工程、人工智能、大数据、网络信息（空间）安全、遥感（智能）科学与技术
2024,教师,2024安徽教师招考,滁州市田家炳学校,滁州市田家炳学校 心理健康教育,本科及以上,本科：心理学类；研究生：心理学、心理健康教育、应用心理,,笔试+面试,,,学段：小学；学科：心理健康；招聘职位：心理健康教育；招聘人数：1,安徽 滁州市直,https://www.xduim.com/zw/jszk,,专业：本科：心理学类；研究生：心理学、心理健康教育、应用心理
2024,教师,2024安徽教师招考,滁州市田家炳学校,滁州市田家炳学校 初中物理,本科及以上,本科：物理学类、天文学类、力学类、电子信息类；研究生：物理学、天文学、力学、电子科学与技术、电子信息、遥感（智能、纳米）科学与技术、学科教学（物理）、课程与教学论（物理方向）,,笔试+面试,,,学段：初级中学；学科：物理；招聘职位：初中物理；招聘人数：2,安徽 滁州市直,https://www.xduim.com/zw/jszk,,专业：本科：物理学类、天文学类、力学类、电子信息类；研究生：物理学、天文学、力学、电子科学与技术、电子信息、遥感（智能、纳米）科学与技术、学科教学（物理）、课程与教学论（物理方向）
2024,教师,2024安徽教师招考,滁州市田家炳学校,滁州市田家炳学校 初中化学,本科及以上,本科：化学类；研究生：化学、学科教学（化学）、课程与教学论（化学方向）,,笔试+面试,,,学段：初级中学；学科：化学；招聘职位：初中化学；招聘人数：2,安徽 滁州市直,https://www.xduim.com/zw/jszk,,专业：本科：化学类；研究生：化学、学科教学（化学）、课程与教学论（化学方向）
2024,教师,2024安徽教师招考,滁州市田家炳学校,滁州市田家炳学校 初中道德与法治,本科及以上,本科：政治学类、马克思主义理论类、人文教育；研究生：政治学、马克思主义理论、学科教学（思政）、课程与教学论（思政方向）,,笔试+面试,,,学段：初级中学；学科：道德与法治；招聘职位：初中道德与法治；招聘人数：2,安徽 滁州市直,https://www.xduim.com/zw/jszk,,专业：本科：政治学类、马克思主义理论类、人文教育；研究生：政治学、马克思主义理论、学科教学（思政）、课程与教学论（思政方向）
2024,教师,2024安徽教师招考,滁州市田家炳学校,滁州市田家炳学校 初中历史,本科及以上,本科：历史学类、人文教育；研究生：历史学、学科教学（历史）、课程与教学论（历史方向）,,笔试+面试,,,学段：初级中学；学科：历史；招聘职位：初中历史；招聘人数：1,安徽 滁州市直,https://www.xduim.com/zw/jszk,,专业：本科：历史学类、人文教育；研究生：历史学、学科教学（历史）、课程与教学论（历史方向）
2024,教师,2024安徽教师招考,滁州市田家炳学校,滁州市田家炳学校 初中地理,本科及以上,本科：地理科学类；研究生：地理学、大气科学、海洋科学、地球物理学、地质学、学科教学（地理）、课程与教学论（地理方向）,,笔试+面试,,,学段：初级中学；学科：地理；招聘职位：初中地理；招聘人数：1,安徽 滁州市直,https://www.xduim.com/zw/jszk,,专业：本科：地理科学类；研究生：地理学、大气科学、海洋科学、地球物理学、地质学、学科教学（地理）、课程与教学论（地理方向）
2024,教师,2024安徽教师招考,滁州市田家炳学校,滁州市田家炳学校 初中生物,本科及以上,本科：生物科学类、生物工程类、生物医学工程类；研究生：生物学、生物工程、生物医学工程、学科教学（生物）、课程与教学论（生物方向）,,笔试+面试,,,学段：初级中学；学科：生物；招聘职位：初中生物；招聘人数：2,安徽 滁州市直,https://www.xduim.com/zw/jszk,,专业：本科：生物科学类、生物工程类、生物医学工程类；研究生：生物学、生物工程、生物医学工程、学科教学（生物）、课程与教学论（生物方向）
2023,教师,2023安徽教师招考,滁州市实验中学,滁州市实验中学 初中生物,本科及以上,本科：生物科学类； 研究生：生物学、学科教学（生物）、课程与教学论（生物方向）,,笔试+面试,,,学段：初级中学；学科：生物；招聘职位：初中生物；招聘人数：1,安徽 滁州市直,https://www.xduim.com/zw/jszk,,专业：本科：生物科学类； 研究生：生物学、学科教学（生物）、课程与教学论（生物方向）
2023,教师,2023安徽教师招考,滁州市田家炳学校,滁州市田家炳学校 小学语文,本科及以上,本科：汉语言文学、汉语言、汉语国际教育、小学教育；研究生：中国语言文学、汉语国际教育、小学教育、学科教学（语文）、课程与教学论（语文方向）,,笔试+面试,,,学段：小学；学科：语文；招聘职位：小学语文；招聘人数：5,安徽 滁州市直,https://www.xduim.com/zw/jszk,,专业：本科：汉语言文学、汉语言、汉语国际教育、小学教育；研究生：中国语言文学、汉语国际教育、小学教育、学科教学（语文）、课程与教学论（语文方向）
2023,教师,2023安徽教师招考,滁州市田家炳学校,滁州市田家炳学校 小学数学,本科及以上,本科：数学类、小学教育；研究生：数学、小学教育、学科教学（数学）、课程与教学论（数学方向）,,笔试+面试,,,学段：小学；学科：数学；招聘职位：小学数学；招聘人数：5,安徽 滁州市直,https://www.xduim.com/zw/jszk,,专业：本科：数学类、小学教育；研究生：数学、小学教育、学科教学（数学）、课程与教学论（数学方向）
2023,教师,2023安徽教师招考,滁州市田家炳学校,滁州市田家炳学校 小学英语,本科及以上,本科：英语、商务英语、翻译、小学教育；研究生：英语语言文学、翻译（英语方向）、外国语言学及应用语言学、小学教育、学科教学（英语）、课程与教学论（英语方向）,,笔试+面试,,,学段：小学；学科：英语；招聘职位：小学英语；招聘人数：3,安徽 滁州市直,https://www.xduim.com/zw/jszk,,专业：本科：英语、商务英语、翻译、小学教育；研究生：英语语言文学、翻译（英语方向）、外国语言学及应用语言学、小学教育、学科教学（英语）、课程与教学论（英语方向）
2023,教师,2023安徽教师招考,滁州市田家炳学校,滁州市田家炳学校 小学美术,本科及以上,本科：美术学类、设计学类、戏剧影视美术设计、动画、艺术教育；研究生：美术学、设计学、设计艺术学、艺术设计、学科教学（美术）,,笔试+面试,,,学段：小学；学科：美术；招聘职位：小学美术；招聘人数：2,安徽 滁州市直,https://www.xduim.com/zw/jszk,,专业：本科：美术学类、设计学类、戏剧影视美术设计、动画、艺术教育；研究生：美术学、设计学、设计艺术学、艺术设计、学科教学（美术）
2023,教师,2023安徽教师招考,滁州市田家炳学校,滁州市田家炳学校 小学音乐,本科及以上,本科：音乐与舞蹈学类、艺术教育；研究生：音乐学、舞蹈学、音乐与舞蹈学、音乐、舞蹈、学科教学（音乐）,,笔试+面试,,,学段：小学；学科：音乐；招聘职位：小学音乐；招聘人数：1,安徽 滁州市直,https://www.xduim.com/zw/jszk,,专业：本科：音乐与舞蹈学类、艺术教育；研究生：音乐学、舞蹈学、音乐与舞蹈学、音乐、舞蹈、学科教学（音乐）
2023,教师,2023安徽教师招考,滁州市田家炳学校,滁州市田家炳学校 小学体育,本科及以上,本科：体育学类 研究生：体育学、体育、学科教学(体育),,笔试+面试,,,学段：小学；学科：体育；招聘职位：小学体育；招聘人数：1,安徽 滁州市直,https://www.xduim.com/zw/jszk,,专业：本科：体育学类 研究生：体育学、体育、学科教学(体育)
2023,教师,2023安徽教师招考,滁州市田家炳学校,滁州市田家炳学校 小学信息科技,本科及以上,本科：计算机类；研究生：计算机科学与技术,,笔试+面试,,,学段：小学；学科：信息科技；招聘职位：小学信息科技；招聘人数：1,安徽 滁州市直,https://www.xduim.com/zw/jszk,,专业：本科：计算机类；研究生：计算机科学与技术
2023,教师,2023安徽教师招考,滁州市田家炳学校,滁州市田家炳学校 小学心理健康,本科及以上,本科：心理学类、教育学；研究生：心理学、教育学（一级学科）、心理健康教育、应用心理,,笔试+面试,,,学段：小学；学科：心理健康；招聘职位：小学心理健康；招聘人数：1,安徽 滁州市直,https://www.xduim.com/zw/jszk,,专业：本科：心理学类、教育学；研究生：心理学、教育学（一级学科）、心理健康教育、应用心理
2023,教师,2023安徽教师招考,滁州市田家炳学校,滁州市田家炳学校 初中物理,本科及以上,本科：物理学类、天文学；研究生：物理学、天文学、学科教学（物理）、课程与教学论（物理方向）,,笔试+面试,,,学段：初级中学；学科：物理；招聘职位：初中物理；招聘人数：1,安徽 滁州市直,https://www.xduim.com/zw/jszk,,专业：本科：物理学类、天文学；研究生：物理学、天文学、学科教学（物理）、课程与教学论（物理方向）
2023,教师,2023安徽教师招考,滁州市田家炳学校,滁州市田家炳学校 初中化学,本科及以上,本科：化学类；研究生：化学、学科教学（化学）、课程与教学论（化学方向）,,笔试+面试,,,学段：初级中学；学科：化学；招聘职位：初中化学；招聘人数：1,安徽 滁州市直,https://www.xduim.com/zw/jszk,,专业：本科：化学类；研究生：化学、学科教学（化学）、课程与教学论（化学方向）
2023,教师,2023安徽教师招考,滁州市田家炳学校,滁州市田家炳学校 初中道德与法治,本科及以上,本科：政治学类、马克思主义理论类、人文教育；研究生：政治学、马克思主义理论、学科教学（思政）、课程与教学论（思政方向）,,笔试+面试,,,学段：初级中学；学科：道德与法治；招聘职位：初中道德与法治；招聘人数：2,安徽 滁州市直,https://www.xduim.com/zw/jszk,,专业：本科：政治学类、马克思主义理论类、人文教育；研究生：政治学、马克思主义理论、学科教学（思政）、课程与教学论（思政方向）
2023,教师,2023安徽教师招考,滁州市田家炳学校,滁州市田家炳学校 初中历史,本科及以上,本科：历史学类、人文教育；研究生：历史学、学科教学（历史）、课程与教学论（历史方向）,,笔试+面试,,,学段：初级中学；学科：历史；招聘职位：初中历史；招聘人数：1,安徽 滁州市直,https://www.xduim.com/zw/jszk,,专业：本科：历史学类、人文教育；研究生：历史学、学科教学（历史）、课程与教学论（历史方向）
2023,教师,2023安徽教师招考,滁州市田家炳学校,滁州市田家炳学校 初中地理,本科及以上,本科：地理科学类；研究生：地理学、学科教学（地理）、课程与教学论（地理方向）,,笔试+面试,,,学段：初级中学；学科：地理；招聘职位：初中地理；招聘人数：1,安徽 滁州市直,https://www.xduim.com/zw/jszk,,专业：本科：地理科学类；研究生：地理学、学科教学（地理）、课程与教学论（地理方向）
2023,教师,2023安徽教师招考,滁州市田家炳学校,滁州市田家炳学校 初中生物,本科及以上,本科：生物科学类；研究生：生物学、学科教学（生物）、课程与教学论（生物方向）,,笔试+面试,,,学段：初级中学；学科：生物；招聘职位：初中生物；招聘人数：1,安徽 滁州市直,https://www.xduim.com/zw/jszk,,专业：本科：生物科学类；研究生：生物学、学科教学（生物）、课程与教学论（生物方向）
2023,教师,2023安徽教师招考,濉溪县教育局,2021 濉溪县教育局 小学语文D,专科及以上,专业不限,,笔试+面试,,,招聘职位：小学语文D；招聘人数：10,安徽 淮北濉溪县,https://www.xduim.com/zw/jszk,,专业：专业不限
2023,教师,2023安徽教师招考,濉溪县教育局,2022 濉溪县教育局 小学语文E,专科及以上,专业不限,,笔试+面试,,,招聘职位：小学语文E；招聘人数：11,安徽 淮北濉溪县,https://www.xduim.com/zw/jszk,,专业：专业不限
2023,教师,2023安徽教师招考,濉溪县教育局,2023 濉溪县教育局 小学语文F,专科及以上,专业不限,,笔试+面试,,,招聘职位：小学语文F；招聘人数：13,安徽 淮北濉溪县,https://www.xduim.com/zw/jszk,,专业：专业不限
2023,教师,2023安徽教师招考,濉溪县教育局,2024 濉溪县教育局 小学数学A,专科及以上,专业不限,,笔试+面试,,,招聘职位：小学数学A；招聘人数：12,安徽 淮北濉溪县,https://www.xduim.com/zw/jszk,,专业：专业不限
2023,教师,2023安徽教师招考,濉溪县教育局,2025 濉溪县教育局 小学数学B,专科及以上,专业不限,,笔试+面试,,,招聘职位：小学数学B；招聘人数：12,安徽 淮北濉溪县,https://www.xduim.com/zw/jszk,,专业：专业不限
2023,教师,2023安徽教师招考,濉溪县教育局,2026 濉溪县教育局 小学数学C,专科及以上,专业不限,,笔试+面试,,,招聘职位：小学数学C；招聘人数：14,安徽 淮北濉溪县,https://www.xduim.com/zw/jszk,,专业：专业不限
2023,教师,2023安徽教师招考,濉溪县教育局,2027 濉溪县教育局 小学数学D,专科及以上,专业不限,,笔试+面试,,,招聘职位：小学数学D；招聘人数：13,安徽 淮北濉溪县,https://www.xduim.com/zw/jszk,,专业：专业不限
2023,教师,2023安徽教师招考,濉溪县教育局,2028 濉溪县教育局 小学英语A,专科及以上,专业不限,,笔试+面试,,,招聘职位：小学英语A；招聘人数：7,安徽 淮北濉溪县,https://www.xduim.com/zw/jszk,,专业：专业不限
2023,教师,2023安徽教师招考,濉溪县教育局,2029 濉溪县教育局 小学英语B,专科及以上,专业不限,,笔试+面试,,,招聘职位：小学英语B；招聘人数：11,安徽 淮北濉溪县,https://www.xduim.com/zw/jszk,,专业：专业不限
2023,教师,2023安徽教师招考,濉溪县教育局,2030 濉溪县教育局 小学道德与法治,专科及以上,专业不限,,笔试+面试,,,招聘职位：小学道德与法治；招聘人数：6,安徽 淮北濉溪县,https://www.xduim.com/zw/jszk,,专业：专业不限
2023,教师,2023安徽教师招考,濉溪县教育局,2031 濉溪县教育局 小学音乐,专科及以上,专业不限,,笔试+面试,,,招聘职位：小学音乐；招聘人数：5,安徽 淮北濉溪县,https://www.xduim.com/zw/jszk,,专业：专业不限
2023,教师,2023安徽教师招考,濉溪县教育局,2032 濉溪县教育局 小学体育,专科及以上,专业不限,,笔试+面试,,,招聘职位：小学体育；招聘人数：11,安徽 淮北濉溪县,https://www.xduim.com/zw/jszk,,专业：专业不限
2023,教师,2023安徽教师招考,濉溪县教育局,2033 濉溪县教育局 小学美术,专科及以上,专业不限,,笔试+面试,,,招聘职位：小学美术；招聘人数：9,安徽 淮北濉溪县,https://www.xduim.com/zw/jszk,,专业：专业不限
2023,教师,2023安徽教师招考,濉溪县教育局,2034 濉溪县教育局 小学科学,专科及以上,专业不限,,笔试+面试,,,招聘职位：小学科学；招聘人数：6,安徽 淮北濉溪县,https://www.xduim.com/zw/jszk,,专业：专业不限
2023,教师,2023安徽教师招考,濉溪县教育局,2035 濉溪县教育局 小学信息技术,专科及以上,专业不限,,笔试+面试,,,招聘职位：小学信息技术；招聘人数：2,安徽 淮北濉溪县,https://www.xduim.com/zw/jszk,,专业：专业不限
2023,教师,2023安徽教师招考,濉溪县教育局,2036 濉溪县教育局 小学心理健康教育,专科及以上,专业不限,,笔试+面试,,,招聘职位：小学心理健康教育；招聘人数：2,安徽 淮北濉溪县,https://www.xduim.com/zw/jszk,,专业：专业不限
2023,教师,2023安徽教师招考,,341323021 高中英语,本科及以上,本科：外国语言文学类（专业 代码 050201、050262） 研究生：专业不限,,笔试+面试,,,招聘职位：高中英语；招聘人数：6,安徽 宿州灵璧县,https://www.xduim.com/zw/jszk,,专业：本科：外国语言文学类（专业 代码 050201、050262） 研究生：专业不限
2024,教师,2024安徽教师招考,田家庵区民生中学,340403007001 田家庵区民生中学 小学语文,本科及以上,中国语言文学类（专业代码前四位为0501）、小学教育语文方向（专业代码为040107）,,笔试+面试,,,学段：小学；学科：语文；招聘职位：小学语文；招聘人数：1,安徽 淮南田家庵区,https://www.xduim.com/zw/jszk,,专业：中国语言文学类（专业代码前四位为0501）、小学教育语文方向（专业代码为040107）
2024,教师,2024安徽教师招考,田家庵区民生中学,340403007002 田家庵区民生中学 初中语文,本科及以上,中国语言文学类（专业代码前四位为0501）,,笔试+面试,,,学段：初级中学；学科：语文；招聘职位：初中语文；招聘人数：1,安徽 淮南田家庵区,https://www.xduim.com/zw/jszk,,专业：中国语言文学类（专业代码前四位为0501）
2024,教师,2024安徽教师招考,田家庵区民生中学,340403007003 田家庵区民生中学 初中数学,本科及以上,数学类专业代码前四位为0701,,笔试+面试,,,学段：初级中学；学科：数学；招聘职位：初中数学；招聘人数：1,安徽 淮南田家庵区,https://www.xduim.com/zw/jszk,,专业：数学类专业代码前四位为0701
2024,教师,2024安徽教师招考,田家庵区民生中学,340403007004 田家庵区民生中学 初中英语,本科及以上,外国语言文学类专业代码前四位为0502,,笔试+面试,,,学段：初级中学；学科：英语；招聘职位：初中英语；招聘人数：1,安徽 淮南田家庵区,https://www.xduim.com/zw/jszk,,专业：外国语言文学类专业代码前四位为0502
2024,教师,2024安徽教师招考,田家庵区曹庵中学,340403008001 田家庵区曹庵中学 初中语文,本科及以上,中国语言文学类（专业代码前四位为0501）,,笔试+面试,,,学段：初级中学；学科：语文；招聘职位：初中语文；招聘人数：1,安徽 淮南田家庵区,https://www.xduim.com/zw/jszk,,专业：中国语言文学类（专业代码前四位为0501）
2024,教师,2024安徽教师招考,田家庵区史院中学,340403009001 田家庵区史院中学 初中物理,本科及以上,物理学类专业代码前四位为0702,,笔试+面试,,,学段：初级中学；学科：物理；招聘职位：初中物理；招聘人数：1,安徽 淮南田家庵区,https://www.xduim.com/zw/jszk,,专业：物理学类专业代码前四位为0702
2023,教师,2023安徽教师招考,瑶海区区属学校,瑶海区区属学校 小学语文A组,专科及以上,专业不限,,笔试+面试,,,学段：小学；学科：小学语文(小学)；招聘职位：小学语文A组；招聘人数：13,安徽 合肥瑶海区,https://www.xduim.com/zw/jszk,,专业：专业不限
2023,教师,2023安徽教师招考,瑶海区区属学校,瑶海区区属学校 小学语文B组,专科及以上,专业不限,,笔试+面试,,,学段：小学；学科：小学语文(小学)；招聘职位：小学语文B组；招聘人数：13,安徽 合肥瑶海区,https://www.xduim.com/zw/jszk,,专业：专业不限
2023,教师,2023安徽教师招考,瑶海区区属学校,瑶海区区属学校 小学语文C组,专科及以上,专业不限,,笔试+面试,,,学段：小学；学科：小学语文(小学)；招聘职位：小学语文C组；招聘人数：13,安徽 合肥瑶海区,https://www.xduim.com/zw/jszk,,专业：专业不限
2023,教师,2023安徽教师招考,瑶海区区属学校,瑶海区区属学校 小学语文D组,专科及以上,专业不限,,笔试+面试,,,学段：小学；学科：小学语文(小学)；招聘职位：小学语文D组；招聘人数：13,安徽 合肥瑶海区,https://www.xduim.com/zw/jszk,,专业：专业不限
2023,教师,2023安徽教师招考,瑶海区区属学校,瑶海区区属学校 小学语文E组,专科及以上,专业不限,,笔试+面试,,,学段：小学；学科：小学语文(小学)；招聘职位：小学语文E组；招聘人数：12,安徽 合肥瑶海区,https://www.xduim.com/zw/jszk,,专业：专业不限
2023,教师,2023安徽教师招考,瑶海区区属学校,瑶海区区属学校 小学语文F组,专科及以上,专业不限,,笔试+面试,,,学段：小学；学科：小学语文(小学)；招聘职位：小学语文F组；招聘人数：12,安徽 合肥瑶海区,https://www.xduim.com/zw/jszk,,专业：专业不限
2023,教师,2023安徽教师招考,瑶海区区属学校,瑶海区区属学校 小学数学A组,专科及以上,专业不限,,笔试+面试,,,学段：小学；学科：小学数学(小学)；招聘职位：小学数学A组；招聘人数：14,安徽 合肥瑶海区,https://www.xduim.com/zw/jszk,,专业：专业不限
2023,教师,2023安徽教师招考,瑶海区区属学校,瑶海区区属学校 小学数学B组,专科及以上,专业不限,,笔试+面试,,,学段：小学；学科：小学数学(小学)；招聘职位：小学数学B组；招聘人数：14,安徽 合肥瑶海区,https://www.xduim.com/zw/jszk,,专业：专业不限
2023,教师,2023安徽教师招考,瑶海区区属学校,瑶海区区属学校 小学数学C组,专科及以上,专业不限,,笔试+面试,,,学段：小学；学科：小学数学(小学)；招聘职位：小学数学C组；招聘人数：15,安徽 合肥瑶海区,https://www.xduim.com/zw/jszk,,专业：专业不限
2023,教师,2023安徽教师招考,瑶海区区属学校,瑶海区区属学校 小学英语A组,专科及以上,专业不限,,笔试+面试,,,学段：小学；学科：小学英语(小学)；招聘职位：小学英语A组；招聘人数：3,安徽 合肥瑶海区,https://www.xduim.com/zw/jszk,,专业：专业不限
2023,教师,2023安徽教师招考,瑶海区区属学校,瑶海区区属学校 小学英语B组,专科及以上,专业不限,,笔试+面试,,,学段：小学；学科：小学英语(小学)；招聘职位：小学英语B组；招聘人数：3,安徽 合肥瑶海区,https://www.xduim.com/zw/jszk,,专业：专业不限
2023,教师,2023安徽教师招考,瑶海区区属学校,瑶海区区属学校 小学英语C组,专科及以上,专业不限,,笔试+面试,,,学段：小学；学科：小学英语(小学)；招聘职位：小学英语C组；招聘人数：13,安徽 合肥瑶海区,https://www.xduim.com/zw/jszk,,专业：专业不限
2023,教师,2023安徽教师招考,瑶海区区属学校,瑶海区区属学校 小学音乐组,专科及以上,专业不限,,笔试+面试,,,学段：小学；学科：小学音乐(小学)；招聘职位：小学音乐组；招聘人数：7,安徽 合肥瑶海区,https://www.xduim.com/zw/jszk,,专业：专业不限
2023,教师,2023安徽教师招考,瑶海区区属学校,瑶海区区属学校 小学体育组,专科及以上,专业不限,,笔试+面试,,,学段：小学；学科：小学体育(小学)；招聘职位：小学体育组；招聘人数：10,安徽 合肥瑶海区,https://www.xduim.com/zw/jszk,,专业：专业不限
2023,教师,2023安徽教师招考,瑶海区区属学校,瑶海区区属学校 小学美术组,专科及以上,专业不限,,笔试+面试,,,学段：小学；学科：小学美术(小学)；招聘职位：小学美术组；招聘人数：5,安徽 合肥瑶海区,https://www.xduim.com/zw/jszk,,专业：专业不限
2023,教师,2023安徽教师招考,瑶海区区属学校,瑶海区区属学校 小学信息技术组,专科及以上,专业不限,,笔试+面试,,,学段：小学；学科：小学信息技术(小学)；招聘职位：小学信息技术组；招聘人数：5,安徽 合肥瑶海区,https://www.xduim.com/zw/jszk,,专业：专业不限
2023,教师,2023安徽教师招考,瑶海区区属学校,瑶海区区属学校 小学科学组,专科及以上,专业不限,,笔试+面试,,,学段：小学；学科：小学科学(小学)；招聘职位：小学科学组；招聘人数：3,安徽 合肥瑶海区,https://www.xduim.com/zw/jszk,,专业：专业不限
2023,教师,2023安徽教师招考,瑶海区区属学校,瑶海区区属学校 小学心理健康教育组,专科及以上,专业不限,,笔试+面试,,,学段：小学；学科：小学心理健康教育 (小学)；招聘职位：小学心理健康教育组；招聘人数：5,安徽 合肥瑶海区,https://www.xduim.com/zw/jszk,,专业：专业不限
2023,教师,2023安徽教师招考,瑶海区区属学校,瑶海区区属学校 小学道德与法治组,专科及以上,专业不限,,笔试+面试,,,学段：小学；学科：小学道德与法治 (小学)；招聘职位：小学道德与法治组；招聘人数：3,安徽 合肥瑶海区,https://www.xduim.com/zw/jszk,,专业：专业不限
2024,教师,2024安徽教师招考,琅琊区教育体育局,琅琊区教育体育局 小学道德与法治,本科及以上,本科：政治学类、马克思主义理论类、人文教育；研究生：政治学、马克思主义理论、教育学、学科教学（思政）、课程与教学论（思政方向）,,笔试+面试,,,学段：小学；学科：道德与法治；招聘职位：小学道德与法治；招聘人数：5,安徽 滁州琅琊区,https://www.xduim.com/zw/jszk,,专业：本科：政治学类、马克思主义理论类、人文教育；研究生：政治学、马克思主义理论、教育学、学科教学（思政）、课程与教学论（思政方向）
2024,教师,2024安徽教师招考,琅琊区教育体育局,琅琊区教育体育局 小学体育,本科及以上,本科：体育学类；研究生：体育学、体育、学科教学(体育),,笔试+面试,,,学段：小学；学科：体育；招聘职位：小学体育；招聘人数：1,安徽 滁州琅琊区,https://www.xduim.com/zw/jszk,,专业：本科：体育学类；研究生：体育学、体育、学科教学(体育)
2024,教师,2024安徽教师招考,琅琊区教育体育局,琅琊区教育体育局 小学体育A,本科及以上,本科：体育学类；研究生：体育学、体育、学科教学(体育),,笔试+面试,,,学段：小学；学科：体育；招聘职位：小学体育A；招聘人数：1,安徽 滁州琅琊区,https://www.xduim.com/zw/jszk,,专业：本科：体育学类；研究生：体育学、体育、学科教学(体育)
2024,教师,2024安徽教师招考,琅琊区教育体育局,琅琊区教育体育局 小学体育B,本科及以上,本科：体育学类；研究生：体育学、体育、学科教学(体育),,笔试+面试,,,学段：小学；学科：体育；招聘职位：小学体育B；招聘人数：1,安徽 滁州琅琊区,https://www.xduim.com/zw/jszk,,专业：本科：体育学类；研究生：体育学、体育、学科教学(体育)
2024,教师,2024安徽教师招考,琅琊区教育体育局,琅琊区教育体育局 小学信息科技,本科及以上,本科：计算机类、教育技术学；研究生：计算机科学与技术、教育技术学、现代教育技术、科学与技术教育、计算机技术、软件工程、人工智能、大数据、网络信息（空间）安全、遥感（智能）科学与技术,,笔试+面试,,,学段：小学；学科：信息科技；招聘职位：小学信息科技；招聘人数：1,安徽 滁州琅琊区,https://www.xduim.com/zw/jszk,,专业：本科：计算机类、教育技术学；研究生：计算机科学与技术、教育技术学、现代教育技术、科学与技术教育、计算机技术、软件工程、人工智能、大数据、网络信息（空间）安全、遥感（智能）科学与技术
2023,教师,2023安徽教师招考,琅琊区教育体育局,琅琊区教育体育局 小学体育A,本科及以上,本科：体育学类；研究生：体育学、体育、学科教学(体育),,笔试+面试,,,学段：小学；学科：体育；招聘职位：小学体育A；招聘人数：7,安徽 滁州琅琊区,https://www.xduim.com/zw/jszk,,专业：本科：体育学类；研究生：体育学、体育、学科教学(体育)
2023,教师,2023安徽教师招考,琅琊区教育体育局,琅琊区教育体育局 小学体育B,本科及以上,本科：体育学类；研究生：体育学、体育、学科教学(体育),,笔试+面试,,,学段：小学；学科：体育；招聘职位：小学体育B；招聘人数：2,安徽 滁州琅琊区,https://www.xduim.com/zw/jszk,,专业：本科：体育学类；研究生：体育学、体育、学科教学(体育)
2023,教师,2023安徽教师招考,琅琊区教育体育局,琅琊区教育体育局 小学美术A,本科及以上,本科：美术学类、设计学类、动画、艺术教育；研究生：美术学、设计学、设计艺术学、艺术设计、学科教学（美术）,,笔试+面试,,,学段：小学；学科：美术；招聘职位：小学美术A；招聘人数：6,安徽 滁州琅琊区,https://www.xduim.com/zw/jszk,,专业：本科：美术学类、设计学类、动画、艺术教育；研究生：美术学、设计学、设计艺术学、艺术设计、学科教学（美术）
2023,教师,2023安徽教师招考,琅琊区教育体育局,琅琊区教育体育局 小学美术B,本科及以上,本科：美术学类、设计学类、动画、艺术教育；研究生：美术学、设计学、设计艺术学、艺术设计、学科教学（美术）,,笔试+面试,,,学段：小学；学科：美术；招聘职位：小学美术B；招聘人数：1,安徽 滁州琅琊区,https://www.xduim.com/zw/jszk,,专业：本科：美术学类、设计学类、动画、艺术教育；研究生：美术学、设计学、设计艺术学、艺术设计、学科教学（美术）
2023,教师,2023安徽教师招考,琅琊区教育体育局,琅琊区教育体育局 小学信息科技,本科及以上,本科：计算机类；研究生：计算机科学与技术,,笔试+面试,,,学段：小学；学科：信息科技；招聘职位：小学信息科技；招聘人数：5,安徽 滁州琅琊区,https://www.xduim.com/zw/jszk,,专业：本科：计算机类；研究生：计算机科学与技术
2023,教师,2023安徽教师招考,田家庵区朝阳中学,340403008003 田家庵区朝阳中学 初中数学,本科及以上,数学类专业代码前四位为0701,,笔试+面试,,,学段：初级中学；学科：数学；招聘职位：初中数学；招聘人数：2,安徽 淮南田家庵区,https://www.xduim.com/zw/jszk,,专业：数学类专业代码前四位为0701
2023,教师,2023安徽教师招考,田家庵区朝阳中学,340403008004 田家庵区朝阳中学 初中物理,本科及以上,物理学类专业代码前四位为0702,,笔试+面试,,,学段：初级中学；学科：物理；招聘职位：初中物理；招聘人数：2,安徽 淮南田家庵区,https://www.xduim.com/zw/jszk,,专业：物理学类专业代码前四位为0702
2023,教师,2023安徽教师招考,田家庵区朝阳中学,340403008005 田家庵区朝阳中学 初中生物,本科及以上,生物科学类专业代码前四位为0710,,笔试+面试,,,学段：初级中学；学科：生物；招聘职位：初中生物；招聘人数：1,安徽 淮南田家庵区,https://www.xduim.com/zw/jszk,,专业：生物科学类专业代码前四位为0710
2023,教师,2023安徽教师招考,田家庵区朝阳中学,340403008006 田家庵区朝阳中学 初中道德与法治,本科及以上,马克思主义理论类专业代码前四位为0305，政治学类专业代码前四位为0302,,笔试+面试,,,学段：初级中学；学科：道德与法治；招聘职位：初中道德与法治；招聘人数：1,安徽 淮南田家庵区,https://www.xduim.com/zw/jszk,,专业：马克思主义理论类专业代码前四位为0305，政治学类专业代码前四位为0302
2023,教师,2023安徽教师招考,田家庵区淮河中学,340403009001 田家庵区淮河中学 初中语文,本科及以上,中国语言文学类专业代码前四位为0501,,笔试+面试,,,学段：初级中学；学科：语文；招聘职位：初中语文；招聘人数：2,安徽 淮南田家庵区,https://www.xduim.com/zw/jszk,,专业：中国语言文学类专业代码前四位为0501
2023,教师,2023安徽教师招考,田家庵区淮河中学,340403009002 田家庵区淮河中学 初中数学,本科及以上,数学类专业代码前四位为0701,,笔试+面试,,,学段：初级中学；学科：数学；招聘职位：初中数学；招聘人数：1,安徽 淮南田家庵区,https://www.xduim.com/zw/jszk,,专业：数学类专业代码前四位为0701
2023,教师,2023安徽教师招考,田家庵区淮河中学,340403009003 田家庵区淮河中学 初中英语,本科及以上,外国语言文学类专业代码前四位为0502,,笔试+面试,,,学段：初级中学；学科：英语；招聘职位：初中英语；招聘人数：2,安徽 淮南田家庵区,https://www.xduim.com/zw/jszk,,专业：外国语言文学类专业代码前四位为0502
2023,教师,2023安徽教师招考,田家庵区淮河中学,340403009004 田家庵区淮河中学 初中地理,本科及以上,地理科学类专业代码前四位为0705,,笔试+面试,,,学段：初级中学；学科：地理；招聘职位：初中地理；招聘人数：1,安徽 淮南田家庵区,https://www.xduim.com/zw/jszk,,专业：地理科学类专业代码前四位为0705
2023,教师,2023安徽教师招考,田家庵区淮河中学,340403009005 田家庵区淮河中学 初中历史,本科及以上,历史学类专业代码前四位为0601,,笔试+面试,,,学段：初级中学；学科：历史；招聘职位：初中历史；招聘人数：1,安徽 淮南田家庵区,https://www.xduim.com/zw/jszk,,专业：历史学类专业代码前四位为0601
2023,教师,2023安徽教师招考,田家庵区淮河中学,340403009006 田家庵区淮河中学 初中道德与法治,本科及以上,马克思主义理论类专业代码前四位为0305，政治学类专业代码前四位为0302,,笔试+面试,,,学段：初级中学；学科：道德与法治；招聘职位：初中道德与法治；招聘人数：1,安徽 淮南田家庵区,https://www.xduim.com/zw/jszk,,专业：马克思主义理论类专业代码前四位为0305，政治学类专业代码前四位为0302
2023,教师,2023安徽教师招考,田家庵区洞山中学,340403010001 田家庵区洞山中学 初中语文A,本科及以上,中国语言文学类专业代码前四位为0501,,笔试+面试,,,学段：初级中学；学科：语文；招聘职位：初中语文A；招聘人数：1,安徽 淮南田家庵区,https://www.xduim.com/zw/jszk,,专业：中国语言文学类专业代码前四位为0501
2023,教师,2023安徽教师招考,田家庵区洞山中学,340403010002 田家庵区洞山中学 初中语文B,本科及以上,中国语言文学类专业代码前四位为0501,,笔试+面试,,,学段：初级中学；学科：语文；招聘职位：初中语文B；招聘人数：2,安徽 淮南田家庵区,https://www.xduim.com/zw/jszk,,专业：中国语言文学类专业代码前四位为0501
2023,教师,2023安徽教师招考,田家庵区洞山中学,340403010003 田家庵区洞山中学 初中数学A,本科及以上,数学类专业代码前四位为0701,,笔试+面试,,,学段：初级中学；学科：数学；招聘职位：初中数学A；招聘人数：1,安徽 淮南田家庵区,https://www.xduim.com/zw/jszk,,专业：数学类专业代码前四位为0701
2023,教师,2023安徽教师招考,田家庵区洞山中学,340403010004 田家庵区洞山中学 初中数学B,本科及以上,数学类专业代码前四位为0701,,笔试+面试,,,学段：初级中学；学科：数学；招聘职位：初中数学B；招聘人数：2,安徽 淮南田家庵区,https://www.xduim.com/zw/jszk,,专业：数学类专业代码前四位为0701
2023,教师,2023安徽教师招考,田家庵区洞山中学,340403010005 田家庵区洞山中学 初中英语,本科及以上,外国语言文学类专业代码前四位为0502,,笔试+面试,,,学段：初级中学；学科：英语；招聘职位：初中英语；招聘人数：1,安徽 淮南田家庵区,https://www.xduim.com/zw/jszk,,专业：外国语言文学类专业代码前四位为0502
2023,教师,2023安徽教师招考,田家庵区洞山中学,340403010006 田家庵区洞山中学 初中物理,本科及以上,物理学类专业代码前四位为0702,,笔试+面试,,,学段：初级中学；学科：物理；招聘职位：初中物理；招聘人数：1,安徽 淮南田家庵区,https://www.xduim.com/zw/jszk,,专业：物理学类专业代码前四位为0702
2023,教师,2023安徽教师招考,田家庵区洞山中学,340403010007 田家庵区洞山中学 初中地理,本科及以上,地理科学类专业代码前四位为0705,,笔试+面试,,,学段：初级中学；学科：地理；招聘职位：初中地理；招聘人数：1,安徽 淮南田家庵区,https://www.xduim.com/zw/jszk,,专业：地理科学类专业代码前四位为0705
2023,教师,2023安徽教师招考,田家庵区洞山中学,340403010008 田家庵区洞山中学 初中道德与法治,本科及以上,马克思主义理论类专业代码前四位为0305，政治学类专业代码前四位为0302,,笔试+面试,,,学段：初级中学；学科：道德与法治；招聘职位：初中道德与法治；招聘人数：1,安徽 淮南田家庵区,https://www.xduim.com/zw/jszk,,专业：马克思主义理论类专业代码前四位为0305，政治学类专业代码前四位为0302
2023,教师,2023安徽教师招考,田家庵区洞山中学,340403010009 田家庵区洞山中学 初中化学,本科及以上,化学类专业代码前四位为0703,,笔试+面试,,,学段：初级中学；学科：化学；招聘职位：初中化学；招聘人数：1,安徽 淮南田家庵区,https://www.xduim.com/zw/jszk,,专业：化学类专业代码前四位为0703
2023,教师,2023安徽教师招考,田家庵区金岭中学,340403011001 田家庵区金岭中学 初中数学,本科及以上,数学类专业代码前四位为0701,,笔试+面试,,,学段：初级中学；学科：数学；招聘职位：初中数学；招聘人数：1,安徽 淮南田家庵区,https://www.xduim.com/zw/jszk,,专业：数学类专业代码前四位为0701
2023,教师,2023安徽教师招考,田家庵区曹庵中学,340403012001 田家庵区曹庵中学 初中体育,本科及以上,体育学类专业代码前四位为0402,,笔试+面试,,,学段：初级中学；学科：体育；招聘职位：初中体育；招聘人数：1,安徽 淮南田家庵区,https://www.xduim.com/zw/jszk,,专业：体育学类专业代码前四位为0402
2023,教师,2023安徽教师招考,田家庵区史院中学,340403013001 田家庵区史院中学 初中化学,本科及以上,化学类专业代码前四位为0703,,笔试+面试,,,学段：初级中学；学科：化学；招聘职位：初中化学；招聘人数：1,安徽 淮南田家庵区,https://www.xduim.com/zw/jszk,,专业：化学类专业代码前四位为0703
2023,教师,2023安徽教师招考,界首市第七中学,界首市第七中学 初中英语,本科及以上,专业不限,,笔试+面试,,,学段：初级中学；学科：英语；招聘职位：初中英语；招聘人数：3,安徽 阜阳界首市,https://www.xduim.com/zw/jszk,,专业：专业不限
2023,教师,2023安徽教师招考,界首市第七中学,界首市第七中学 初中语文,本科及以上,专业不限,,笔试+面试,,,学段：初级中学；学科：语文；招聘职位：初中语文；招聘人数：2,安徽 阜阳界首市,https://www.xduim.com/zw/jszk,,专业：专业不限
2023,教师,2023安徽教师招考,界首市第七中学,界首市第七中学 初中数学,本科及以上,专业不限,,笔试+面试,,,学段：初级中学；学科：数学；招聘职位：初中数学；招聘人数：2,安徽 阜阳界首市,https://www.xduim.com/zw/jszk,,专业：专业不限
2023,教师,2023安徽教师招考,界首市第七中学,界首市第七中学 初中历史,本科及以上,专业不限,,笔试+面试,,,学段：初级中学；学科：历史；招聘职位：初中历史；招聘人数：1,安徽 阜阳界首市,https://www.xduim.com/zw/jszk,,专业：专业不限
2023,教师,2023安徽教师招考,界首市第七中学,界首市第七中学 小学数学,本科及以上,专业不限,,笔试+面试,,,学段：小学；学科：数学；招聘职位：小学数学；招聘人数：1,安徽 阜阳界首市,https://www.xduim.com/zw/jszk,,专业：专业不限
2023,教师,2023安徽教师招考,界首市第七中学,界首市第七中学 小学道德与法治,本科及以上,专业不限,,笔试+面试,,,学段：小学；学科：道德与法治；招聘职位：小学道德与法治；招聘人数：1,安徽 阜阳界首市,https://www.xduim.com/zw/jszk,,专业：专业不限
2023,教师,2023安徽教师招考,界首市第一小学,界首市第一小学 小学语文,本科及以上,专业不限,,笔试+面试,,,学段：小学；学科：语文；招聘职位：小学语文；招聘人数：1,安徽 阜阳界首市,https://www.xduim.com/zw/jszk,,专业：专业不限
2023,教师,2023安徽教师招考,界首市第一小学,界首市第一小学 小学数学,本科及以上,专业不限,,笔试+面试,,,学段：小学；学科：数学；招聘职位：小学数学；招聘人数：1,安徽 阜阳界首市,https://www.xduim.com/zw/jszk,,专业：专业不限
2023,教师,2023安徽教师招考,界首市第二中学,界首市第二中学 初中英语,本科及以上,专业不限,,笔试+面试,,,学段：初级中学；学科：英语；招聘职位：初中英语；招聘人数：2,安徽 阜阳界首市,https://www.xduim.com/zw/jszk,,专业：专业不限
2023,教师,2023安徽教师招考,界首市第二中学,界首市第二中学 初中语文,本科及以上,专业不限,,笔试+面试,,,学段：初级中学；学科：语文；招聘职位：初中语文；招聘人数：1,安徽 阜阳界首市,https://www.xduim.com/zw/jszk,,专业：专业不限
2023,教师,2023安徽教师招考,界首市第二中学,界首市第二中学 初中数学,本科及以上,专业不限,,笔试+面试,,,学段：初级中学；学科：数学；招聘职位：初中数学；招聘人数：1,安徽 阜阳界首市,https://www.xduim.com/zw/jszk,,专业：专业不限
2023,教师,2023安徽教师招考,界首市第二中学,界首市第二中学 初中历史,本科及以上,专业不限,,笔试+面试,,,学段：初级中学；学科：历史；招聘职位：初中历史；招聘人数：1,安徽 阜阳界首市,https://www.xduim.com/zw/jszk,,专业：专业不限
2023,教师,2023安徽教师招考,界首市第二中学,界首市第二中学 初中地理,本科及以上,专业不限,,笔试+面试,,,学段：初级中学；学科：地理；招聘职位：初中地理；招聘人数：1,安徽 阜阳界首市,https://www.xduim.com/zw/jszk,,专业：专业不限
2023,教师,2023安徽教师招考,界首市第二中学,界首市第二中学 初中体育,本科及以上,专业不限,,笔试+面试,,,学段：初级中学；学科：体育；招聘职位：初中体育；招聘人数：1,安徽 阜阳界首市,https://www.xduim.com/zw/jszk,,专业：专业不限
2023,教师,2023安徽教师招考,界首市第二中学,界首市第二中学 初中美术,本科及以上,专业不限,,笔试+面试,,,学段：初级中学；学科：美术；招聘职位：初中美术；招聘人数：1,安徽 阜阳界首市,https://www.xduim.com/zw/jszk,,专业：专业不限
2023,教师,2023安徽教师招考,界首市师范附属小学,界首市师范附属小学 小学数学,本科及以上,专业不限,,笔试+面试,,,学段：小学；学科：数学；招聘职位：小学数学；招聘人数：2,安徽 阜阳界首市,https://www.xduim.com/zw/jszk,,专业：专业不限
2023,教师,2023安徽教师招考,界首市回民小学,界首市回民小学 小学数学,本科及以上,专业不限,,笔试+面试,,,学段：小学；学科：数学；招聘职位：小学数学；招聘人数：2,安徽 阜阳界首市,https://www.xduim.com/zw/jszk,,专业：专业不限
2023,教师,2023安徽教师招考,界首市第四小学,界首市第四小学 小学语文,本科及以上,专业不限,,笔试+面试,,,学段：小学；学科：语文；招聘职位：小学语文；招聘人数：1,安徽 阜阳界首市,https://www.xduim.com/zw/jszk,,专业：专业不限
2023,教师,2023安徽教师招考,界首市第四小学,界首市第四小学 小学数学,本科及以上,专业不限,,笔试+面试,,,学段：小学；学科：数学；招聘职位：小学数学；招聘人数：1,安徽 阜阳界首市,https://www.xduim.com/zw/jszk,,专业：专业不限
2023,教师,2023安徽教师招考,界首市第二小学,界首市第二小学 小学数学,本科及以上,专业不限,,笔试+面试,,,学段：小学；学科：数学；招聘职位：小学数学；招聘人数：1,安徽 阜阳界首市,https://www.xduim.com/zw/jszk,,专业：专业不限
2023,教师,2023安徽教师招考,界首市第三小学,界首市第三小学 小学语文,本科及以上,专业不限,,笔试+面试,,,学段：小学；学科：语文；招聘职位：小学语文；招聘人数：1,安徽 阜阳界首市,https://www.xduim.com/zw/jszk,,专业：专业不限
2024,教师,2024安徽教师招考,蚌埠市禹会区孝仪初级中学,3051121 蚌埠市禹会区孝仪初级中学,本科及以上,专业不限,,笔试+面试,,,学段：初级中学；学科：体育与健康；招聘人数：1,安徽 蚌埠禹会区,https://www.xduim.com/zw/jszk,,专业：专业不限
2024,教师,2024安徽教师招考,蚌埠二中禹会实验学校,3061122 蚌埠二中禹会实验学校,本科及以上,专业不限,,笔试+面试,,,学段：初级中学；学科：英语；招聘人数：1,安徽 蚌埠禹会区,https://www.xduim.com/zw/jszk,,专业：专业不限
2024,教师,2024安徽教师招考,蚌埠二中禹会实验学校,3061123 蚌埠二中禹会实验学校,本科及以上,专业不限,,笔试+面试,,,学段：初级中学；学科：历史；招聘人数：1,安徽 蚌埠禹会区,https://www.xduim.com/zw/jszk,,专业：专业不限
2024,教师,2024安徽教师招考,蚌埠二中禹会实验学校,3061024 蚌埠二中禹会实验学校,本科及以上,专业不限,,笔试+面试,,,学段：小学；学科：语文；招聘人数：1,安徽 蚌埠禹会区,https://www.xduim.com/zw/jszk,,专业：专业不限
2024,教师,2024安徽教师招考,蚌埠二中禹会实验学校,3061025 蚌埠二中禹会实验学校,本科及以上,专业不限,,笔试+面试,,,学段：小学；学科：美术；招聘人数：1,安徽 蚌埠禹会区,https://www.xduim.com/zw/jszk,,专业：专业不限
2024,教师,2024安徽教师招考,蚌埠二中禹会实验学校,3061026 蚌埠二中禹会实验学校,本科及以上,专业不限,,笔试+面试,,,学段：小学；学科：体育与健康；招聘人数：1,安徽 蚌埠禹会区,https://www.xduim.com/zw/jszk,,专业：专业不限
2024,教师,2024安徽教师招考,安徽省蚌埠第十中学,3071127 安徽省蚌埠第十中学,本科及以上,专业不限,,笔试+面试,,,学段：初级中学；学科：地理；招聘人数：1,安徽 蚌埠禹会区,https://www.xduim.com/zw/jszk,,专业：专业不限
2024,教师,2024安徽教师招考,蚌埠市秀水实验学校,3011128 蚌埠市秀水实验学校,本科及以上,专业不限,,笔试+面试,,,学段：初级中学；学科：数学；招聘人数：1,安徽 蚌埠禹会区,https://www.xduim.com/zw/jszk,,专业：专业不限
2024,教师,2024安徽教师招考,蚌埠市秀水实验学校,3011129 蚌埠市秀水实验学校,本科及以上,专业不限,,笔试+面试,,,学段：初级中学；学科：英语；招聘人数：1,安徽 蚌埠禹会区,https://www.xduim.com/zw/jszk,,专业：专业不限
2024,教师,2024安徽教师招考,蚌埠市秀水实验学校,3011030 蚌埠市秀水实验学校,本科及以上,专业不限,,笔试+面试,,,学段：小学；学科：语文；招聘人数：1,安徽 蚌埠禹会区,https://www.xduim.com/zw/jszk,,专业：专业不限
2024,教师,2024安徽教师招考,蚌埠市秀水实验学校,3011031 蚌埠市秀水实验学校,本科及以上,专业不限,,笔试+面试,,,学段：小学；学科：数学；招聘人数：1,安徽 蚌埠禹会区,https://www.xduim.com/zw/jszk,,专业：专业不限
2024,教师,2024安徽教师招考,蚌埠京师实验学校,3081032 蚌埠京师实验学校,本科及以上,专业不限,,笔试+面试,,,学段：小学；学科：语文；招聘人数：4,安徽 蚌埠禹会区,https://www.xduim.com/zw/jszk,,专业：专业不限
2024,教师,2024安徽教师招考,蚌埠京师实验学校,3081033 蚌埠京师实验学校,本科及以上,专业不限,,笔试+面试,,,学段：小学；学科：数学；招聘人数：2,安徽 蚌埠禹会区,https://www.xduim.com/zw/jszk,,专业：专业不限
2024,教师,2024安徽教师招考,蚌埠京师实验学校,3081034 蚌埠京师实验学校,本科及以上,专业不限,,笔试+面试,,,学段：小学；学科：英语；招聘人数：2,安徽 蚌埠禹会区,https://www.xduim.com/zw/jszk,,专业：专业不限
2024,教师,2024安徽教师招考,蚌埠京师实验学校,3081135 蚌埠京师实验学校,本科及以上,专业不限,,笔试+面试,,,学段：初级中学；学科：语文；招聘人数：1,安徽 蚌埠禹会区,https://www.xduim.com/zw/jszk,,专业：专业不限
2024,教师,2024安徽教师招考,蚌埠京师实验学校,3081136 蚌埠京师实验学校,本科及以上,专业不限,,笔试+面试,,,学段：初级中学；学科：数学；招聘人数：1,安徽 蚌埠禹会区,https://www.xduim.com/zw/jszk,,专业：专业不限
2024,教师,2024安徽教师招考,蚌埠京师实验学校,3081137 蚌埠京师实验学校,本科及以上,专业不限,,笔试+面试,,,学段：初级中学；学科：英语；招聘人数：1,安徽 蚌埠禹会区,https://www.xduim.com/zw/jszk,,专业：专业不限
2024,教师,2024安徽教师招考,蚌埠京师实验学校,3081138 蚌埠京师实验学校,本科及以上,专业不限,,笔试+面试,,,学段：初级中学；学科：物理；招聘人数：1,安徽 蚌埠禹会区,https://www.xduim.com/zw/jszk,,专业：专业不限
2024,教师,2024安徽教师招考,蚌埠京师实验学校,3081139 蚌埠京师实验学校,本科及以上,专业不限,,笔试+面试,,,学段：初级中学；学科：化学；招聘人数：1,安徽 蚌埠禹会区,https://www.xduim.com/zw/jszk,,专业：专业不限
2024,教师,2024安徽教师招考,蚌埠京师实验学校,3081140 蚌埠京师实验学校,本科及以上,专业不限,,笔试+面试,,,学段：初级中学；学科：地理；招聘人数：1,安徽 蚌埠禹会区,https://www.xduim.com/zw/jszk,,专业：专业不限
2023,教师,2023安徽教师招考,相山区教育局,3021 相山区教育局 初中体育,本科及以上,本科：体育学类 研究生：体育学、或其他与岗位学科相近专业,,笔试+面试,,,招聘职位：初中体育；招聘人数：5,安徽 淮北相山区,https://www.xduim.com/zw/jszk,,专业：本科：体育学类 研究生：体育学、或其他与岗位学科相近专业
2023,教师,2023安徽教师招考,相山区教育局,3022 相山区教育局 初中信息技术,本科及以上,本科：计算机类、教育技术学 研究生：计算机科学与技术、教育技术学、或其他与岗位学科相近专业,,笔试+面试,,,招聘职位：初中信息技术；招聘人数：2,安徽 淮北相山区,https://www.xduim.com/zw/jszk,,专业：本科：计算机类、教育技术学 研究生：计算机科学与技术、教育技术学、或其他与岗位学科相近专业
2024,教师,2024安徽教师招考,蚌埠京师实验学校,3081141 蚌埠京师实验学校,本科及以上,专业不限,,笔试+面试,,,学段：初级中学；学科：体育与健康；招聘人数：1,安徽 蚌埠禹会区,https://www.xduim.com/zw/jszk,,专业：专业不限
2024,教师,2024安徽教师招考,蚌埠新城教育集团,5010113 蚌埠新城教育集团,本科及以上,师范类数学教育或数学与应用数学,,笔试+面试,,,学段：初级中学；学科：数学；招聘人数：2,安徽 蚌埠经开区,https://www.xduim.com/zw/jszk,,专业：师范类数学教育或数学与应用数学
2024,教师,2024安徽教师招考,蚌埠新城教育集团,5011114 蚌埠新城教育集团,本科及以上,师范类专业为英语教育，非师范类专业仅限英语相关专业,,笔试+面试,,,学段：初级中学；学科：英语；招聘人数：1,安徽 蚌埠经开区,https://www.xduim.com/zw/jszk,,专业：师范类专业为英语教育，非师范类专业仅限英语相关专业
2024,教师,2024安徽教师招考,蚌埠新城教育集团,5010115 蚌埠新城教育集团,本科及以上,师范类专业为英语教育，非师范类专业仅限英语相关专业,,笔试+面试,,,学段：初级中学；学科：英语；招聘人数：1,安徽 蚌埠经开区,https://www.xduim.com/zw/jszk,,专业：师范类专业为英语教育，非师范类专业仅限英语相关专业
2024,教师,2024安徽教师招考,蚌埠新城教育集团,5011116 蚌埠新城教育集团,本科及以上,师范类思想政治教育专业,,笔试+面试,,,学段：初级中学；学科：道法；招聘人数：1,安徽 蚌埠经开区,https://www.xduim.com/zw/jszk,,专业：师范类思想政治教育专业
2024,教师,2024安徽教师招考,蚌埠新城教育集团,5011117 蚌埠新城教育集团,本科及以上,体育教育（师范类）、体育运动或武术、足球、篮球、乒乓球运动方向,,笔试+面试,,,学段：初级中学；学科：体育；招聘人数：1,安徽 蚌埠经开区,https://www.xduim.com/zw/jszk,,专业：体育教育（师范类）、体育运动或武术、足球、篮球、乒乓球运动方向
2024,教师,2024安徽教师招考,蚌埠新城教育集团,5011118 蚌埠新城教育集团,本科及以上,师范类历史教育专业,,笔试+面试,,,学段：初级中学；学科：历史；招聘人数：1,安徽 蚌埠经开区,https://www.xduim.com/zw/jszk,,专业：师范类历史教育专业
2024,教师,2024安徽教师招考,蚌埠新城教育集团,5010119 蚌埠新城教育集团,本科及以上,师范类历史教育专业,,笔试+面试,,,学段：初级中学；学科：历史；招聘人数：1,安徽 蚌埠经开区,https://www.xduim.com/zw/jszk,,专业：师范类历史教育专业
2024,教师,2024安徽教师招考,蚌埠新城教育集团,5011120 蚌埠新城教育集团,本科及以上,师范类为地理教育，非师范类为地理相关专业,,笔试+面试,,,学段：初级中学；学科：地理；招聘人数：1,安徽 蚌埠经开区,https://www.xduim.com/zw/jszk,,专业：师范类为地理教育，非师范类为地理相关专业
2024,教师,2024安徽教师招考,蚌埠新城教育集团 蚌埠第二十一中学,5021121 蚌埠新城教育集团 蚌埠第二十一中学,本科及以上,不限,,笔试+面试,,,学段：初级中学；学科：数学；招聘人数：2,安徽 蚌埠经开区,https://www.xduim.com/zw/jszk,,专业：不限
2024,教师,2024安徽教师招考,蚌埠新城教育集团 蚌埠第二十一中学,5020122 蚌埠新城教育集团 蚌埠第二十一中学,本科及以上,师范类数学教育或数学与应用数学,,笔试+面试,,,学段：初级中学；学科：数学；招聘人数：2,安徽 蚌埠经开区,https://www.xduim.com/zw/jszk,,专业：师范类数学教育或数学与应用数学
2024,教师,2024安徽教师招考,蚌埠新城教育集团 蚌埠第二十一中学,5021123 蚌埠新城教育集团 蚌埠第二十一中学,本科及以上,师范类历史教育专业,,笔试+面试,,,学段：初级中学；学科：历史；招聘人数：1,安徽 蚌埠经开区,https://www.xduim.com/zw/jszk,,专业：师范类历史教育专业
2024,教师,2024安徽教师招考,蚌埠新城教育集团 蚌埠第二十一中学,5020124 蚌埠新城教育集团 蚌埠第二十一中学,本科及以上,师范类历史教育专业,,笔试+面试,,,学段：初级中学；学科：历史；招聘人数：1,安徽 蚌埠经开区,https://www.xduim.com/zw/jszk,,专业：师范类历史教育专业
2024,教师,2024安徽教师招考,蚌埠新城教育集团 蚌埠第二十一中学,5021125 蚌埠新城教育集团 蚌埠第二十一中学,本科及以上,师范类物理专业,,笔试+面试,,,学段：初级中学；学科：物理；招聘人数：1,安徽 蚌埠经开区,https://www.xduim.com/zw/jszk,,专业：师范类物理专业
2024,教师,2024安徽教师招考,经开区南区学校,70101 经开区南区学校 小学语文A组,本科及以上,专业不限,,笔试+面试,,,学段：小学；学科：小学语文(小学)；招聘职位：小学语文A组；招聘人数：12,安徽 合肥经开区,https://www.xduim.com/zw/jszk,,专业：专业不限
2024,教师,2024安徽教师招考,经开区南区学校,70102 经开区南区学校 小学语文B组,本科及以上,专业不限,,笔试+面试,,,学段：小学；学科：小学语文(小学)；招聘职位：小学语文B组；招聘人数：12,安徽 合肥经开区,https://www.xduim.com/zw/jszk,,专业：专业不限
2024,教师,2024安徽教师招考,经开区南区学校,70103 经开区南区学校 小学语文C组,本科及以上,专业不限,,笔试+面试,,,学段：小学；学科：小学语文(小学)；招聘职位：小学语文C组；招聘人数：12,安徽 合肥经开区,https://www.xduim.com/zw/jszk,,专业：专业不限
2024,教师,2024安徽教师招考,经开区南区学校,70104 经开区南区学校 小学语文D组,本科及以上,专业不限,,笔试+面试,,,学段：小学；学科：小学语文(小学)；招聘职位：小学语文D组；招聘人数：12,安徽 合肥经开区,https://www.xduim.com/zw/jszk,,专业：专业不限
2024,教师,2024安徽教师招考,经开区南区学校,70105 经开区南区学校 小学语文E组,本科及以上,专业不限,,笔试+面试,,,学段：小学；学科：小学语文(小学)；招聘职位：小学语文E组；招聘人数：12,安徽 合肥经开区,https://www.xduim.com/zw/jszk,,专业：专业不限
2024,教师,2024安徽教师招考,合肥经开自贸区实验学校,70106 合肥经开自贸区实验学校 小学语文F组,本科及以上,专业不限,,笔试+面试,,,学段：小学；学科：小学语文(小学)；招聘职位：小学语文F组；招聘人数：4,安徽 合肥经开区,https://www.xduim.com/zw/jszk,,专业：专业不限
2024,教师,2024安徽教师招考,合肥市锦绣小学卧云校区,70107 合肥市锦绣小学卧云校区 小学语文G组,本科及以上,专业不限,,笔试+面试,,,学段：小学；学科：小学语文(小学)；招聘职位：小学语文G组；招聘人数：2,安徽 合肥经开区,https://www.xduim.com/zw/jszk,,专业：专业不限
2024,教师,2024安徽教师招考,合肥一六八新桥学校,70108 合肥一六八新桥学校 小学语文H组,本科及以上,专业不限,,笔试+面试,,,学段：小学；学科：小学语文(小学)；招聘职位：小学语文H组；招聘人数：3,安徽 合肥经开区,https://www.xduim.com/zw/jszk,,专业：专业不限
2024,教师,2024安徽教师招考,合肥一六八玫瑰园学校东校,70109 合肥一六八玫瑰园学校东校 小学语文I组,本科及以上,专业不限,,笔试+面试,,,学段：小学；学科：小学语文(小学)；招聘职位：小学语文I组；招聘人数：1,安徽 合肥经开区,https://www.xduim.com/zw/jszk,,专业：专业不限
2024,教师,2024安徽教师招考,经开区南区学校,70110 经开区南区学校 小学数学A组,本科及以上,专业不限,,笔试+面试,,,学段：小学；学科：小学数学(小学)；招聘职位：小学数学A组；招聘人数：10,安徽 合肥经开区,https://www.xduim.com/zw/jszk,,专业：专业不限
2024,教师,2024安徽教师招考,经开区南区学校,70111 经开区南区学校 小学数学B组,本科及以上,专业不限,,笔试+面试,,,学段：小学；学科：小学数学(小学)；招聘职位：小学数学B组；招聘人数：10,安徽 合肥经开区,https://www.xduim.com/zw/jszk,,专业：专业不限
2024,教师,2024安徽教师招考,合肥经开自贸区 实验学校,70112 合肥经开自贸区 实验学校 小学数学C组,本科及以上,专业不限,,笔试+面试,,,学段：小学；学科：小学数学(小学)；招聘职位：小学数学C组；招聘人数：3,安徽 合肥经开区,https://www.xduim.com/zw/jszk,,专业：专业不限
2024,教师,2024安徽教师招考,合肥一六八新桥学校,70113 合肥一六八新桥学校 小学数学D组,本科及以上,专业不限,,笔试+面试,,,学段：小学；学科：小学数学(小学)；招聘职位：小学数学D组；招聘人数：1,安徽 合肥经开区,https://www.xduim.com/zw/jszk,,专业：专业不限
2024,教师,2024安徽教师招考,合肥一六八新桥学校,70114 合肥一六八新桥学校 小学英语组,本科及以上,专业不限,,笔试+面试,,,学段：小学；学科：小学英语(小学)；招聘职位：小学英语组；招聘人数：1,安徽 合肥经开区,https://www.xduim.com/zw/jszk,,专业：专业不限
2024,教师,2024安徽教师招考,经开区南区学校,70115 经开区南区学校 小学体育A组,本科及以上,专业不限,,笔试+面试,,,学段：小学；学科：小学体育(小学)；招聘职位：小学体育A组；招聘人数：11,安徽 合肥经开区,https://www.xduim.com/zw/jszk,,专业：专业不限
2024,教师,2024安徽教师招考,经开区南区学校,70116 经开区南区学校 小学体育B组,本科及以上,专业不限,,笔试+面试,,,学段：小学；学科：小学体育(小学)；招聘职位：小学体育B组；招聘人数：11,安徽 合肥经开区,https://www.xduim.com/zw/jszk,,专业：专业不限
2024,教师,2024安徽教师招考,合肥经开实验高刘小学,70117 合肥经开实验高刘小学 小学体育C组,本科及以上,专业不限,,笔试+面试,,,学段：小学；学科：小学体育(小学)；招聘职位：小学体育C组；招聘人数：1,安徽 合肥经开区,https://www.xduim.com/zw/jszk,,专业：专业不限
2024,教师,2024安徽教师招考,合肥一六八新桥学校,70118 合肥一六八新桥学校 小学体育D组,本科及以上,专业不限,,笔试+面试,,,学段：小学；学科：小学体育(小学)；招聘职位：小学体育D组；招聘人数：1,安徽 合肥经开区,https://www.xduim.com/zw/jszk,,专业：专业不限
2024,教师,2024安徽教师招考,经开区南区学校,70119 经开区南区学校 小学科学A组,本科及以上,专业不限,,笔试+面试,,,学段：小学；学科：小学科学(小学)；招聘职位：小学科学A组；招聘人数：6,安徽 合肥经开区,https://www.xduim.com/zw/jszk,,专业：专业不限
2024,教师,2024安徽教师招考,合肥经开自贸区实验学校,70120 合肥经开自贸区实验学校 小学科学B组,本科及以上,专业不限,,笔试+面试,,,学段：小学；学科：小学科学(小学)；招聘职位：小学科学B组；招聘人数：1,安徽 合肥经开区,https://www.xduim.com/zw/jszk,,专业：专业不限
2024,教师,2024安徽教师招考,合肥市锦绣小学 卧云校区,70121 合肥市锦绣小学 卧云校区 小学科学C组,本科及以上,专业不限,,笔试+面试,,,学段：小学；学科：小学科学(小学)；招聘职位：小学科学C组；招聘人数：1,安徽 合肥经开区,https://www.xduim.com/zw/jszk,,专业：专业不限
2024,教师,2024安徽教师招考,合肥经开实验高刘小学,70122 合肥经开实验高刘小学 小学科学D组,本科及以上,专业不限,,笔试+面试,,,学段：小学；学科：小学科学(小学)；招聘职位：小学科学D组；招聘人数：1,安徽 合肥经开区,https://www.xduim.com/zw/jszk,,专业：专业不限
2024,教师,2024安徽教师招考,经开区南区学校,70123 经开区南区学校 初中语文A组,本科及以上,专业不限,,笔试+面试,,,学段：初级中学；学科：语文(初级中学)；招聘职位：初中语文A组；招聘人数：12,安徽 合肥经开区,https://www.xduim.com/zw/jszk,,专业：专业不限
2024,教师,2024安徽教师招考,合肥经开自贸区实验学校,70124 合肥经开自贸区实验学校 初中语文B组,本科及以上,专业不限,,笔试+面试,,,学段：初级中学；学科：语文(初级中学)；招聘职位：初中语文B组；招聘人数：1,安徽 合肥经开区,https://www.xduim.com/zw/jszk,,专业：专业不限
2024,教师,2024安徽教师招考,合肥市五十中学 西校高刘分校,70125 合肥市五十中学 西校高刘分校 初中语文C组,本科及以上,专业不限,,笔试+面试,,,学段：初级中学；学科：语文(初级中学)；招聘职位：初中语文C组；招聘人数：1,安徽 合肥经开区,https://www.xduim.com/zw/jszk,,专业：专业不限
2024,教师,2024安徽教师招考,经开区南区学校,70126 经开区南区学校 初中数学A组,本科及以上,专业不限,,笔试+面试,,,学段：初级中学；学科：数学(初级中学)；招聘职位：初中数学A组；招聘人数：11,安徽 合肥经开区,https://www.xduim.com/zw/jszk,,专业：专业不限
2024,教师,2024安徽教师招考,合肥市五十中学 西校高刘分校,70127 合肥市五十中学 西校高刘分校 初中数学B组,本科及以上,专业不限,,笔试+面试,,,学段：初级中学；学科：数学(初级中学)；招聘职位：初中数学B组；招聘人数：1,安徽 合肥经开区,https://www.xduim.com/zw/jszk,,专业：专业不限
2024,教师,2024安徽教师招考,经开区南区学校,70128.0 经开区南区学校 初中英语A组,本科及以上,专业不限,,笔试+面试,,,学段：初级中学；学科：英语(初级中学)；招聘职位：初中英语A组；招聘人数：6,安徽 合肥经开区,https://www.xduim.com/zw/jszk,,专业：专业不限
2024,教师,2024安徽教师招考,合肥市五十中学 西校高刘分校,70129.0 合肥市五十中学 西校高刘分校 初中英语B组,本科及以上,专业不限,,笔试+面试,,,学段：初级中学；学科：英语(初级中学)；招聘职位：初中英语B组；招聘人数：1,安徽 合肥经开区,https://www.xduim.com/zw/jszk,,专业：专业不限
2024,教师,2024安徽教师招考,合肥一六八新桥学校,70130.0 合肥一六八新桥学校 初中英语C组,本科及以上,专业不限,,笔试+面试,,,学段：初级中学；学科：英语(初级中学)；招聘职位：初中英语C组；招聘人数：1,安徽 合肥经开区,https://www.xduim.com/zw/jszk,,专业：专业不限
2024,教师,2024安徽教师招考,经开区南区学校,70131.0 经开区南区学校 初中政治A组,本科及以上,专业不限,,笔试+面试,,,学段：初级中学；学科：道德与法治(初级中学)；招聘职位：初中政治A组；招聘人数：7,安徽 合肥经开区,https://www.xduim.com/zw/jszk,,专业：专业不限
2024,教师,2024安徽教师招考,合肥经开自贸区实验学校,70132.0 合肥经开自贸区实验学校 初中政治B组,本科及以上,专业不限,,笔试+面试,,,学段：初级中学；学科：道德与法治(初级中学)；招聘职位：初中政治B组；招聘人数：1,安徽 合肥经开区,https://www.xduim.com/zw/jszk,,专业：专业不限
2024,教师,2024安徽教师招考,经开区南区学校,70133.0 经开区南区学校 初中体育A组,本科及以上,专业不限,,笔试+面试,,,学段：初级中学；学科：体育与健康(初级中学  )；招聘职位：初中体育A组；招聘人数：9,安徽 合肥经开区,https://www.xduim.com/zw/jszk,,专业：专业不限
2024,教师,2024安徽教师招考,合肥一六八新桥 学校,70134.0 合肥一六八新桥 学校 初中体育B组,本科及以上,专业不限,,笔试+面试,,,学段：初级中学；学科：体育与健康(初级中学  )；招聘职位：初中体育B组；招聘人数：1,安徽 合肥经开区,https://www.xduim.com/zw/jszk,,专业：专业不限
2024,教师,2024安徽教师招考,经开区南区学校,70135.0 经开区南区学校 初中历史A组,本科及以上,专业不限,,笔试+面试,,,学段：初级中学；学科：历史(初级中学)；招聘职位：初中历史A组；招聘人数：5,安徽 合肥经开区,https://www.xduim.com/zw/jszk,,专业：专业不限
2024,教师,2024安徽教师招考,合肥经开自贸区 实验学校,70136.0 合肥经开自贸区 实验学校 初中历史B组,本科及以上,专业不限,,笔试+面试,,,学段：初级中学；学科：历史(初级中学)；招聘职位：初中历史B组；招聘人数：1,安徽 合肥经开区,https://www.xduim.com/zw/jszk,,专业：专业不限
2024,教师,2024安徽教师招考,合肥一六八新桥 学校,70137.0 合肥一六八新桥 学校 初中历史C组,本科及以上,专业不限,,笔试+面试,,,学段：初级中学；学科：历史(初级中学)；招聘职位：初中历史C组；招聘人数：1,安徽 合肥经开区,https://www.xduim.com/zw/jszk,,专业：专业不限
2024,教师,2024安徽教师招考,经开区南区学校,70138.0 经开区南区学校 初中物理组,本科及以上,专业不限,,笔试+面试,,,学段：初级中学；学科：物理(初级中学)；招聘职位：初中物理组；招聘人数：6,安徽 合肥经开区,https://www.xduim.com/zw/jszk,,专业：专业不限
2024,教师,2024安徽教师招考,经开区南区学校,70139.0 经开区南区学校 初中化学组,本科及以上,专业不限,,笔试+面试,,,学段：初级中学；学科：化学(初级中学)；招聘职位：初中化学组；招聘人数：5,安徽 合肥经开区,https://www.xduim.com/zw/jszk,,专业：专业不限
2024,教师,2024安徽教师招考,淮南经济技术开发区实验学校,340409001001.0 淮南经济技术开发区实验学校 初中语文,本科及以上,中国语言文学类专业代码前四位为0501,,笔试+面试,,,学段：初级中学；学科：语文；招聘职位：初中语文；招聘人数：1,安徽 淮南经开区,https://www.xduim.com/zw/jszk,,专业：中国语言文学类专业代码前四位为0501
2024,教师,2024安徽教师招考,淮南经济技术开发区实验学校,340409001002.0 淮南经济技术开发区实验学校 初中数学,本科及以上,数学类专业代码前四位为0701,,笔试+面试,,,学段：初级中学；学科：数学；招聘职位：初中数学；招聘人数：1,安徽 淮南经开区,https://www.xduim.com/zw/jszk,,专业：数学类专业代码前四位为0701
2024,教师,2024安徽教师招考,淮南经济技术开发区实验学校,340409001003.0 淮南经济技术开发区实验学校 初中英语,本科及以上,英语系列专业,,笔试+面试,,,学段：初级中学；学科：英语；招聘职位：初中英语；招聘人数：1,安徽 淮南经开区,https://www.xduim.com/zw/jszk,,专业：英语系列专业
2024,教师,2024安徽教师招考,淮南经济技术开发区实验学校,340409001004.0 淮南经济技术开发区实验学校 初中物理,本科及以上,物理学类专业代码前四位为0702,,笔试+面试,,,学段：初级中学；学科：物理；招聘职位：初中物理；招聘人数：1,安徽 淮南经开区,https://www.xduim.com/zw/jszk,,专业：物理学类专业代码前四位为0702
2024,教师,2024安徽教师招考,淮南经济技术开发区实验学校,340409001005.0 淮南经济技术开发区实验学校 初中体育,本科及以上,体育学类专业代码前四位为0402,,笔试+面试,,,学段：初级中学；学科：体育；招聘职位：初中体育；招聘人数：1,安徽 淮南经开区,https://www.xduim.com/zw/jszk,,专业：体育学类专业代码前四位为0402
2024,教师,2024安徽教师招考,淮南经济技术开发区实验学校,340409001006.0 淮南经济技术开发区实验学校 小学英语,本科及以上,英语系列专业,,笔试+面试,,,学段：小学；学科：英语；招聘职位：小学英语；招聘人数：1,安徽 淮南经开区,https://www.xduim.com/zw/jszk,,专业：英语系列专业
2024,教师,2024安徽教师招考,芜湖市银湖中学,芜湖市银湖中学 初中语文A,本科及以上,中国语言文学类,,笔试+面试,,,学段：初级中学；学科：语文；招聘职位：初中语文A；招聘人数：1,安徽 芜湖经开区,https://www.xduim.com/zw/jszk,,专业：中国语言文学类
2024,教师,2024安徽教师招考,芜湖市银湖中学,芜湖市银湖中学 初中语文B,本科及以上,中国语言文学类,,笔试+面试,,,学段：初级中学；学科：语文；招聘职位：初中语文B；招聘人数：1,安徽 芜湖经开区,https://www.xduim.com/zw/jszk,,专业：中国语言文学类
2024,教师,2024安徽教师招考,芜湖市银湖中学,芜湖市银湖中学 初中数学A,本科及以上,数学类,,笔试+面试,,,学段：初级中学；学科：数学；招聘职位：初中数学A；招聘人数：1,安徽 芜湖经开区,https://www.xduim.com/zw/jszk,,专业：数学类
2024,教师,2024安徽教师招考,芜湖市银湖中学,芜湖市银湖中学 初中数学B,本科及以上,数学类,,笔试+面试,,,学段：初级中学；学科：数学；招聘职位：初中数学B；招聘人数：1,安徽 芜湖经开区,https://www.xduim.com/zw/jszk,,专业：数学类
2024,教师,2024安徽教师招考,芜湖市银湖中学,芜湖市银湖中学 初中英语A,本科及以上,英语专业,,笔试+面试,,,学段：初级中学；学科：英语；招聘职位：初中英语A；招聘人数：1,安徽 芜湖经开区,https://www.xduim.com/zw/jszk,,专业：英语专业
2024,教师,2024安徽教师招考,芜湖市银湖中学,芜湖市银湖中学 初中英语B,本科及以上,英语专业,,笔试+面试,,,学段：初级中学；学科：英语；招聘职位：初中英语B；招聘人数：1,安徽 芜湖经开区,https://www.xduim.com/zw/jszk,,专业：英语专业
2024,教师,2024安徽教师招考,芜湖市银湖中学,芜湖市银湖中学 初中物理A,本科及以上,物理学类,,笔试+面试,,,学段：初级中学；学科：物理；招聘职位：初中物理A；招聘人数：1,安徽 芜湖经开区,https://www.xduim.com/zw/jszk,,专业：物理学类
2024,教师,2024安徽教师招考,芜湖市银湖中学,芜湖市银湖中学 初中物理B,本科及以上,物理学类,,笔试+面试,,,学段：初级中学；学科：物理；招聘职位：初中物理B；招聘人数：1,安徽 芜湖经开区,https://www.xduim.com/zw/jszk,,专业：物理学类
2024,教师,2024安徽教师招考,芜湖市银湖中学,芜湖市银湖中学 初中化学A,本科及以上,化学类,,笔试+面试,,,学段：初级中学；学科：化学；招聘职位：初中化学A；招聘人数：1,安徽 芜湖经开区,https://www.xduim.com/zw/jszk,,专业：化学类
2024,教师,2024安徽教师招考,芜湖市银湖中学,芜湖市银湖中学 初中化学B,本科及以上,化学类,,笔试+面试,,,学段：初级中学；学科：化学；招聘职位：初中化学B；招聘人数：1,安徽 芜湖经开区,https://www.xduim.com/zw/jszk,,专业：化学类
2024,教师,2024安徽教师招考,芜湖市银湖中学,芜湖市银湖中学 初中道德与法治,本科及以上,思想政治教育专业,,笔试+面试,,,学段：初级中学；学科：道德与法治；招聘职位：初中道德与法治；招聘人数：1,安徽 芜湖经开区,https://www.xduim.com/zw/jszk,,专业：思想政治教育专业
2024,教师,2024安徽教师招考,芜湖市银湖中学,芜湖市银湖中学 初中历史,本科及以上,历史学类,,笔试+面试,,,学段：初级中学；学科：历史；招聘职位：初中历史；招聘人数：1,安徽 芜湖经开区,https://www.xduim.com/zw/jszk,,专业：历史学类
2024,教师,2024安徽教师招考,芜湖市银湖中学,芜湖市银湖中学 初中体育与健康,本科及以上,体育学类,,笔试+面试,,,学段：初级中学；学科：体育与健康；招聘职位：初中体育与健康；招聘人数：1,安徽 芜湖经开区,https://www.xduim.com/zw/jszk,,专业：体育学类
2024,教师,2024安徽教师招考,芜湖市万春中学,芜湖市万春中学 初中英语,本科及以上,英语专业,,笔试+面试,,,学段：初级中学；学科：英语；招聘职位：初中英语；招聘人数：1,安徽 芜湖经开区,https://www.xduim.com/zw/jszk,,专业：英语专业
2024,教师,2024安徽教师招考,芜湖市第三十三中学,芜湖市第三十三中学 初中道德与法治,本科及以上,思想政治教育专业,,笔试+面试,,,学段：初级中学；学科：道德与法治；招聘职位：初中道德与法治；招聘人数：2,安徽 芜湖经开区,https://www.xduim.com/zw/jszk,,专业：思想政治教育专业
2024,教师,2024安徽教师招考,芜湖市第三十三中学,芜湖市第三十三中学 初中物理,本科及以上,物理学类,,笔试+面试,,,学段：初级中学；学科：物理；招聘职位：初中物理；招聘人数：2,安徽 芜湖经开区,https://www.xduim.com/zw/jszk,,专业：物理学类
2024,教师,2024安徽教师招考,芜湖市第三十三中学,芜湖市第三十三中学 初中体育与健康,本科及以上,体育学类,,笔试+面试,,,学段：初级中学；学科：体育与健康；招聘职位：初中体育与健康；招聘人数：1,安徽 芜湖经开区,https://www.xduim.com/zw/jszk,,专业：体育学类
2024,教师,2024安徽教师招考,芜湖市第三十三中学,芜湖市第三十三中学 初中信息技术,本科及以上,计算机类；教育技术学专业,,笔试+面试,,,学段：初级中学；学科：信息技术；招聘职位：初中信息技术；招聘人数：1,安徽 芜湖经开区,https://www.xduim.com/zw/jszk,,专业：计算机类；教育技术学专业
2024,教师,2024安徽教师招考,芜湖市梦溪小学,芜湖市梦溪小学 小学语文A,本科及以上,中国语言文学类；小学教育专业,,笔试+面试,,,学段：小学；学科：语文；招聘职位：小学语文A；招聘人数：2,安徽 芜湖经开区,https://www.xduim.com/zw/jszk,,专业：中国语言文学类；小学教育专业
2024,教师,2024安徽教师招考,芜湖市梦溪小学,芜湖市梦溪小学 小学语文B,本科及以上,中国语言文学类；小学教育专业,,笔试+面试,,,学段：小学；学科：语文；招聘职位：小学语文B；招聘人数：2,安徽 芜湖经开区,https://www.xduim.com/zw/jszk,,专业：中国语言文学类；小学教育专业
2024,教师,2024安徽教师招考,芜湖市梦溪小学,芜湖市梦溪小学 小学数学A,本科及以上,数学类；小学教育专业,,笔试+面试,,,学段：小学；学科：数学；招聘职位：小学数学A；招聘人数：1,安徽 芜湖经开区,https://www.xduim.com/zw/jszk,,专业：数学类；小学教育专业
2024,教师,2024安徽教师招考,芜湖市梦溪小学,芜湖市梦溪小学 小学数学B,本科及以上,数学类；小学教育专业,,笔试+面试,,,学段：小学；学科：数学；招聘职位：小学数学B；招聘人数：1,安徽 芜湖经开区,https://www.xduim.com/zw/jszk,,专业：数学类；小学教育专业
2024,教师,2024安徽教师招考,芜湖市梦溪小学,芜湖市梦溪小学 小学英语,本科及以上,英语专业,,笔试+面试,,,学段：小学；学科：英语；招聘职位：小学英语；招聘人数：1,安徽 芜湖经开区,https://www.xduim.com/zw/jszk,,专业：英语专业
2024,教师,2024安徽教师招考,芜湖市梦溪小学,芜湖市梦溪小学 小学科学,本科及以上,物理学类、化学类、生物科学类；科学教育专业,,笔试+面试,,,学段：小学；学科：科学；招聘职位：小学科学；招聘人数：1,安徽 芜湖经开区,https://www.xduim.com/zw/jszk,,专业：物理学类、化学类、生物科学类；科学教育专业
2024,教师,2024安徽教师招考,芜湖市梦溪小学,芜湖市梦溪小学 小学体育与健康,本科及以上,体育学类,,笔试+面试,,,学段：小学；学科：体育与健康；招聘职位：小学体育与健康；招聘人数：2,安徽 芜湖经开区,https://www.xduim.com/zw/jszk,,专业：体育学类
2024,教师,2024安徽教师招考,芜湖市梦溪小学,芜湖市梦溪小学 小学音乐,本科及以上,音乐与舞蹈学类,,笔试+面试,,,学段：小学；学科：音乐；招聘职位：小学音乐；招聘人数：1,安徽 芜湖经开区,https://www.xduim.com/zw/jszk,,专业：音乐与舞蹈学类
2024,教师,2024安徽教师招考,芜湖市梦溪小学,芜湖市梦溪小学 小学美术,本科及以上,美术学类；工艺美术专业,,笔试+面试,,,学段：小学；学科：美术；招聘职位：小学美术；招聘人数：1,安徽 芜湖经开区,https://www.xduim.com/zw/jszk,,专业：美术学类；工艺美术专业
2024,教师,2024安徽教师招考,芜湖市万春小学,芜湖市万春小学 小学语文,本科及以上,中国语言文学类；小学教育专业,,笔试+面试,,,学段：小学；学科：语文；招聘职位：小学语文；招聘人数：1,安徽 芜湖经开区,https://www.xduim.com/zw/jszk,,专业：中国语言文学类；小学教育专业
2024,教师,2024安徽教师招考,芜湖市万春小学,芜湖市万春小学 小学数学,本科及以上,数学类；小学教育专业,,笔试+面试,,,学段：小学；学科：数学；招聘职位：小学数学；招聘人数：1,安徽 芜湖经开区,https://www.xduim.com/zw/jszk,,专业：数学类；小学教育专业
2024,教师,2024安徽教师招考,芜湖市万春小学,芜湖市万春小学 小学英语,本科及以上,英语专业,,笔试+面试,,,学段：小学；学科：英语；招聘职位：小学英语；招聘人数：1,安徽 芜湖经开区,https://www.xduim.com/zw/jszk,,专业：英语专业
2024,教师,2024安徽教师招考,芜湖市银湖小学,芜湖市银湖小学 小学语文A,本科及以上,中国语言文学类；小学教育专业,,笔试+面试,,,学段：小学；学科：语文；招聘职位：小学语文A；招聘人数：1,安徽 芜湖经开区,https://www.xduim.com/zw/jszk,,专业：中国语言文学类；小学教育专业
2024,教师,2024安徽教师招考,芜湖市银湖小学,芜湖市银湖小学 小学语文B,本科及以上,中国语言文学类；小学教育专业,,笔试+面试,,,学段：小学；学科：语文；招聘职位：小学语文B；招聘人数：1,安徽 芜湖经开区,https://www.xduim.com/zw/jszk,,专业：中国语言文学类；小学教育专业
2024,教师,2024安徽教师招考,芜湖市银湖小学,芜湖市银湖小学 小学语文,本科及以上,中国语言文学类；小学教育专业,,笔试+面试,,,学段：小学；学科：语文；招聘职位：小学语文；招聘人数：1,安徽 芜湖经开区,https://www.xduim.com/zw/jszk,,专业：中国语言文学类；小学教育专业
2024,教师,2024安徽教师招考,芜湖市银湖小学,芜湖市银湖小学 小学数学A,本科及以上,数学类；小学教育专业,,笔试+面试,,,学段：小学；学科：数学；招聘职位：小学数学A；招聘人数：1,安徽 芜湖经开区,https://www.xduim.com/zw/jszk,,专业：数学类；小学教育专业
2024,教师,2024安徽教师招考,芜湖市银湖小学,芜湖市银湖小学 小学数学B,本科及以上,数学类；小学教育专业,,笔试+面试,,,学段：小学；学科：数学；招聘职位：小学数学B；招聘人数：1,安徽 芜湖经开区,https://www.xduim.com/zw/jszk,,专业：数学类；小学教育专业
2024,教师,2024安徽教师招考,芜湖市银湖小学,芜湖市银湖小学 小学英语,本科及以上,英语专业,,笔试+面试,,,学段：小学；学科：英语；招聘职位：小学英语；招聘人数：1,安徽 芜湖经开区,https://www.xduim.com/zw/jszk,,专业：英语专业
2024,教师,2024安徽教师招考,芜湖市银湖小学,芜湖市银湖小学 小学音乐,本科及以上,音乐与舞蹈学类,,笔试+面试,,,学段：小学；学科：音乐；招聘职位：小学音乐；招聘人数：1,安徽 芜湖经开区,https://www.xduim.com/zw/jszk,,专业：音乐与舞蹈学类
2024,教师,2024安徽教师招考,芜湖市银湖小学,芜湖市银湖小学 小学体育与健康,本科及以上,体育学类,,笔试+面试,,,学段：小学；学科：体育与健康；招聘职位：小学体育与健康；招聘人数：1,安徽 芜湖经开区,https://www.xduim.com/zw/jszk,,专业：体育学类
2024,教师,2024安徽教师招考,芜湖市城北实验小学,芜湖市城北实验小学 小学语文A,本科及以上,中国语言文学类；小学教育专业,,笔试+面试,,,学段：小学；学科：语文；招聘职位：小学语文A；招聘人数：1,安徽 芜湖经开区,https://www.xduim.com/zw/jszk,,专业：中国语言文学类；小学教育专业
2024,教师,2024安徽教师招考,芜湖市城北实验小学,芜湖市城北实验小学 小学语文B,本科及以上,中国语言文学类；小学教育专业,,笔试+面试,,,学段：小学；学科：语文；招聘职位：小学语文B；招聘人数：1,安徽 芜湖经开区,https://www.xduim.com/zw/jszk,,专业：中国语言文学类；小学教育专业
2024,教师,2024安徽教师招考,芜湖市城北实验小学,芜湖市城北实验小学 小学语文,本科及以上,中国语言文学类；小学教育专业,,笔试+面试,,,学段：小学；学科：语文；招聘职位：小学语文；招聘人数：1,安徽 芜湖经开区,https://www.xduim.com/zw/jszk,,专业：中国语言文学类；小学教育专业
2024,教师,2024安徽教师招考,芜湖市城北实验小学,芜湖市城北实验小学 小学数学A,本科及以上,数学类；小学教育专业,,笔试+面试,,,学段：小学；学科：数学；招聘职位：小学数学A；招聘人数：1,安徽 芜湖经开区,https://www.xduim.com/zw/jszk,,专业：数学类；小学教育专业
2024,教师,2024安徽教师招考,芜湖市城北实验小学,芜湖市城北实验小学 小学数学B,本科及以上,数学类；小学教育专业,,笔试+面试,,,学段：小学；学科：数学；招聘职位：小学数学B；招聘人数：1,安徽 芜湖经开区,https://www.xduim.com/zw/jszk,,专业：数学类；小学教育专业
2024,教师,2024安徽教师招考,芜湖市城北实验小学,芜湖市城北实验小学 小学英语A,本科及以上,英语专业,,笔试+面试,,,学段：小学；学科：英语；招聘职位：小学英语A；招聘人数：1,安徽 芜湖经开区,https://www.xduim.com/zw/jszk,,专业：英语专业
2024,教师,2024安徽教师招考,芜湖市城北实验小学,芜湖市城北实验小学 小学英语B,本科及以上,英语专业,,笔试+面试,,,学段：小学；学科：英语；招聘职位：小学英语B；招聘人数：1,安徽 芜湖经开区,https://www.xduim.com/zw/jszk,,专业：英语专业
2024,教师,2024安徽教师招考,芜湖市城北实验小学,芜湖市城北实验小学 小学音乐,本科及以上,音乐与舞蹈学类,,笔试+面试,,,学段：小学；学科：音乐；招聘职位：小学音乐；招聘人数：1,安徽 芜湖经开区,https://www.xduim.com/zw/jszk,,专业：音乐与舞蹈学类
2024,教师,2024安徽教师招考,芜湖市龙山小学,芜湖市龙山小学 小学语文A,本科及以上,中国语言文学类；小学教育专业,,笔试+面试,,,学段：小学；学科：语文；招聘职位：小学语文A；招聘人数：1,安徽 芜湖经开区,https://www.xduim.com/zw/jszk,,专业：中国语言文学类；小学教育专业
2024,教师,2024安徽教师招考,芜湖市龙山小学,芜湖市龙山小学 小学语文B,本科及以上,中国语言文学类；小学教育专业,,笔试+面试,,,学段：小学；学科：语文；招聘职位：小学语文B；招聘人数：1,安徽 芜湖经开区,https://www.xduim.com/zw/jszk,,专业：中国语言文学类；小学教育专业
2024,教师,2024安徽教师招考,芜湖市龙山小学,芜湖市龙山小学 小学数学,本科及以上,数学类；小学教育专业,,笔试+面试,,,学段：小学；学科：数学；招聘职位：小学数学；招聘人数：1,安徽 芜湖经开区,https://www.xduim.com/zw/jszk,,专业：数学类；小学教育专业
2024,教师,2024安徽教师招考,芜湖市龙山小学,芜湖市龙山小学 小学心理健康教育,本科及以上,心理学类,,笔试+面试,,,学段：小学；学科：心理健康教育；招聘职位：小学心理健康教育；招聘人数：1,安徽 芜湖经开区,https://www.xduim.com/zw/jszk,,专业：心理学类
2023,教师,2023安徽教师招考,合肥一六八新桥学校,70121 合肥一六八新桥学校 初中数学D组,本科及以上,本科：数学与应用数学（070101）；硕士研究生及以上：不限专业。,,笔试+面试,,,学段：初级中学；学科：数学(初级中学)；招聘职位：初中数学D组；招聘人数：1,安徽 合肥经开区,https://www.xduim.com/zw/jszk,,专业：本科：数学与应用数学（070101）；硕士研究生及以上：不限专业。
2023,教师,2023安徽教师招考,经开区南区学校,70122 经开区南区学校 初中英语A组,本科及以上,本科：英语（050201）；硕士研究生及以上：不限专业。,,笔试+面试,,,学段：初级中学；学科：英语(初级中学)；招聘职位：初中英语A组；招聘人数：8,安徽 合肥经开区,https://www.xduim.com/zw/jszk,,专业：本科：英语（050201）；硕士研究生及以上：不限专业。
2023,教师,2023安徽教师招考,合肥市五十中学西校高刘分校,70123 合肥市五十中学西校高刘分校 初中英语B组,本科及以上,本科：英语（050201）；硕士研究生及以上：不限专业。,,笔试+面试,,,学段：初级中学；学科：英语(初级中学)；招聘职位：初中英语B组；招聘人数：1,安徽 合肥经开区,https://www.xduim.com/zw/jszk,,专业：本科：英语（050201）；硕士研究生及以上：不限专业。
2023,教师,2023安徽教师招考,经开区南区学校,70124 经开区南区学校 初中体育组,本科及以上,本科：体育教育(040201)、运动训练（040202K）；硕士研究生及以上：不限专业。,,笔试+面试,,,学段：初级中学；学科：体育与健康(初级中学)；招聘职位：初中体育组；招聘人数：8,安徽 合肥经开区,https://www.xduim.com/zw/jszk,,专业：本科：体育教育(040201)、运动训练（040202K）；硕士研究生及以上：不限专业。
2023,教师,2023安徽教师招考,经开区南区学校,70125 经开区南区学校 初中历史组,本科及以上,本科：历史学(060101)；硕士研究生及以上：不限专业。,,笔试+面试,,,学段：初级中学；学科：历史(初级中学)；招聘职位：初中历史组；招聘人数：6,安徽 合肥经开区,https://www.xduim.com/zw/jszk,,专业：本科：历史学(060101)；硕士研究生及以上：不限专业。
2023,教师,2023安徽教师招考,经开区南区学校,70126 经开区南区学校 初中物理A组,本科及以上,本科：物理学(070201)、应用物理学（070202）；硕士研究生及以上：不限专业。,,笔试+面试,,,学段：初级中学；学科：物理(初级中学)；招聘职位：初中物理A组；招聘人数：8,安徽 合肥经开区,https://www.xduim.com/zw/jszk,,专业：本科：物理学(070201)、应用物理学（070202）；硕士研究生及以上：不限专业。
2023,教师,2023安徽教师招考,合肥一六八新桥学校,70127 合肥一六八新桥学校 初中物理B组,本科及以上,本科：物理学(070201)、应用物理学（070202）；硕士研究生及以上：不限专业。,,笔试+面试,,,学段：初级中学；学科：物理(初级中学)；招聘职位：初中物理B组；招聘人数：1,安徽 合肥经开区,https://www.xduim.com/zw/jszk,,专业：本科：物理学(070201)、应用物理学（070202）；硕士研究生及以上：不限专业。
2023,教师,2023安徽教师招考,经开区南区学校,70128 经开区南区学校 初中化学A组,本科及以上,本科：化学（070301）、应用化学（070302）；硕士研究生及以上：不限专业。,,笔试+面试,,,学段：初级中学；学科：化学(初级中学)；招聘职位：初中化学A组；招聘人数：5,安徽 合肥经开区,https://www.xduim.com/zw/jszk,,专业：本科：化学（070301）、应用化学（070302）；硕士研究生及以上：不限专业。
2023,教师,2023安徽教师招考,合肥经开自贸区实验学校,70129 合肥经开自贸区实验学校 初中化学B组,本科及以上,本科：化学（070301）、应用化学（070302）；硕士研究生及以上：不限专业。,,笔试+面试,,,学段：初级中学；学科：化学(初级中学)；招聘职位：初中化学B组；招聘人数：1,安徽 合肥经开区,https://www.xduim.com/zw/jszk,,专业：本科：化学（070301）、应用化学（070302）；硕士研究生及以上：不限专业。
2023,教师,2023安徽教师招考,合肥一六八新桥学校,70130 合肥一六八新桥学校 初中化学C组,本科及以上,本科：化学（070301）、应用化学（070302）；硕士研究生及以上：不限专业。,,笔试+面试,,,学段：初级中学；学科：化学(初级中学)；招聘职位：初中化学C组；招聘人数：2,安徽 合肥经开区,https://www.xduim.com/zw/jszk,,专业：本科：化学（070301）、应用化学（070302）；硕士研究生及以上：不限专业。
2023,教师,2023安徽教师招考,淮南经济技术开发区实验学校,340409001001 淮南经济技术开发区实验学校 初中语文,本科及以上,中国语言文学类专业代码前四位为0501,,笔试+面试,,,学段：初级中学；学科：语文；招聘职位：初中语文；招聘人数：2,安徽 淮南经开区,https://www.xduim.com/zw/jszk,,专业：中国语言文学类专业代码前四位为0501
2023,教师,2023安徽教师招考,淮南经济技术开发区实验学校,340409001002 淮南经济技术开发区实验学校 初中数学,本科及以上,数学类专业代码前四位为0701,,笔试+面试,,,学段：初级中学；学科：数学；招聘职位：初中数学；招聘人数：3,安徽 淮南经开区,https://www.xduim.com/zw/jszk,,专业：数学类专业代码前四位为0701
2023,教师,2023安徽教师招考,淮南经济技术开发区实验学校,340409001003 淮南经济技术开发区实验学校 初中英语,本科及以上,英语系列专业,,笔试+面试,,,学段：初级中学；学科：英语；招聘职位：初中英语；招聘人数：2,安徽 淮南经开区,https://www.xduim.com/zw/jszk,,专业：英语系列专业
2023,教师,2023安徽教师招考,淮南经济技术开发区实验学校,340409001004 淮南经济技术开发区实验学校 初中道德与法治,本科及以上,马克思主义理论类专业代码前四位为0305，政治学类专业代码前四位为0302,,笔试+面试,,,学段：初级中学；学科：道德与法治；招聘职位：初中道德与法治；招聘人数：1,安徽 淮南经开区,https://www.xduim.com/zw/jszk,,专业：马克思主义理论类专业代码前四位为0305，政治学类专业代码前四位为0302
2023,教师,2023安徽教师招考,淮南经济技术开发区实验学校,340409001005 淮南经济技术开发区实验学校 初中化学,本科及以上,化学类专业代码前四位为0703,,笔试+面试,,,学段：初级中学；学科：化学；招聘职位：初中化学；招聘人数：1,安徽 淮南经开区,https://www.xduim.com/zw/jszk,,专业：化学类专业代码前四位为0703
2023,教师,2023安徽教师招考,淮南经济技术开发区实验学校,340409001006 淮南经济技术开发区实验学校 初中历史,本科及以上,历史学类专业代码前四位为0601,,笔试+面试,,,学段：初级中学；学科：历史；招聘职位：初中历史；招聘人数：2,安徽 淮南经开区,https://www.xduim.com/zw/jszk,,专业：历史学类专业代码前四位为0601
2023,教师,2023安徽教师招考,淮南经济技术开发区实验学校,340409001007 淮南经济技术开发区实验学校 初中地理,本科及以上,地理科学类专业代码前四位为0705,,笔试+面试,,,学段：初级中学；学科：地理；招聘职位：初中地理；招聘人数：1,安徽 淮南经开区,https://www.xduim.com/zw/jszk,,专业：地理科学类专业代码前四位为0705
2023,教师,2023安徽教师招考,淮南经济技术开发区实验学校,340409001008 淮南经济技术开发区实验学校 初中物理,本科及以上,物理学类专业代码前四位为0702,,笔试+面试,,,学段：初级中学；学科：物理；招聘职位：初中物理；招聘人数：2,安徽 淮南经开区,https://www.xduim.com/zw/jszk,,专业：物理学类专业代码前四位为0702
2023,教师,2023安徽教师招考,淮南经济技术开发区实验学校,340409001009 淮南经济技术开发区实验学校 初中生物,本科及以上,生物科学类专业代码前四位为0710,,笔试+面试,,,学段：初级中学；学科：生物；招聘职位：初中生物；招聘人数：1,安徽 淮南经开区,https://www.xduim.com/zw/jszk,,专业：生物科学类专业代码前四位为0710
2023,教师,2023安徽教师招考,淮南经济技术开发区实验学校,340409001010 淮南经济技术开发区实验学校 小学语文,本科及以上,专业不限,,笔试+面试,,,学段：小学；学科：语文；招聘职位：小学语文；招聘人数：4,安徽 淮南经开区,https://www.xduim.com/zw/jszk,,专业：专业不限
2023,教师,2023安徽教师招考,淮南经济技术开发区实验学校,340409001011.0 淮南经济技术开发区实验学校 小学数学,本科及以上,专业不限,,笔试+面试,,,学段：小学；学科：数学；招聘职位：小学数学；招聘人数：2,安徽 淮南经开区,https://www.xduim.com/zw/jszk,,专业：专业不限
2023,教师,2023安徽教师招考,淮南经济技术开发区实验学校,340409001012.0 淮南经济技术开发区实验学校 小学英语,本科及以上,英语系列专业,,笔试+面试,,,学段：小学；学科：英语；招聘职位：小学英语；招聘人数：1,安徽 淮南经开区,https://www.xduim.com/zw/jszk,,专业：英语系列专业
2023,教师,2023安徽教师招考,芜湖市银湖中学,芜湖市银湖中学 初中语文A,本科及以上,中国语言文学类,,笔试+面试,,,学段：初级中学；学科：语文；招聘职位：初中语文A；招聘人数：1,安徽 芜湖经开区,https://www.xduim.com/zw/jszk,,专业：中国语言文学类
2023,教师,2023安徽教师招考,芜湖市银湖中学,芜湖市银湖中学 初中语文B,本科及以上,中国语言文学类,,笔试+面试,,,学段：初级中学；学科：语文；招聘职位：初中语文B；招聘人数：1,安徽 芜湖经开区,https://www.xduim.com/zw/jszk,,专业：中国语言文学类
2023,教师,2023安徽教师招考,芜湖市银湖中学,芜湖市银湖中学 初中数学A,本科及以上,数学类,,笔试+面试,,,学段：初级中学；学科：数学；招聘职位：初中数学A；招聘人数：1,安徽 芜湖经开区,https://www.xduim.com/zw/jszk,,专业：数学类
2023,教师,2023安徽教师招考,芜湖市银湖中学,芜湖市银湖中学 初中数学B,本科及以上,数学类,,笔试+面试,,,学段：初级中学；学科：数学；招聘职位：初中数学B；招聘人数：1,安徽 芜湖经开区,https://www.xduim.com/zw/jszk,,专业：数学类
2023,教师,2023安徽教师招考,芜湖市银湖中学,芜湖市银湖中学 初中英语A,本科及以上,英语专业,,笔试+面试,,,学段：初级中学；学科：英语；招聘职位：初中英语A；招聘人数：1,安徽 芜湖经开区,https://www.xduim.com/zw/jszk,,专业：英语专业
2023,教师,2023安徽教师招考,芜湖市银湖中学,芜湖市银湖中学 初中英语B,本科及以上,英语专业,,笔试+面试,,,学段：初级中学；学科：英语；招聘职位：初中英语B；招聘人数：1,安徽 芜湖经开区,https://www.xduim.com/zw/jszk,,专业：英语专业
2023,教师,2023安徽教师招考,芜湖市银湖中学,芜湖市银湖中学 初中物理,本科及以上,物理学类,,笔试+面试,,,学段：初级中学；学科：物理；招聘职位：初中物理；招聘人数：1,安徽 芜湖经开区,https://www.xduim.com/zw/jszk,,专业：物理学类
2023,教师,2023安徽教师招考,芜湖市银湖中学,芜湖市银湖中学 初中历史,本科及以上,历史学类,,笔试+面试,,,学段：初级中学；学科：历史；招聘职位：初中历史；招聘人数：1,安徽 芜湖经开区,https://www.xduim.com/zw/jszk,,专业：历史学类
2023,教师,2023安徽教师招考,芜湖市银湖中学,芜湖市银湖中学 初中美术,本科及以上,美术学类,,笔试+面试,,,学段：初级中学；学科：美术；招聘职位：初中美术；招聘人数：1,安徽 芜湖经开区,https://www.xduim.com/zw/jszk,,专业：美术学类
2023,教师,2023安徽教师招考,芜湖市银湖中学,芜湖市银湖中学 初中体育与健康,本科及以上,体育学类,,笔试+面试,,,学段：初级中学；学科：体育与健康；招聘职位：初中体育与健康；招聘人数：1,安徽 芜湖经开区,https://www.xduim.com/zw/jszk,,专业：体育学类
2023,教师,2023安徽教师招考,芜湖市万春中学,芜湖市万春中学 初中语文,本科及以上,中国语言文学类,,笔试+面试,,,学段：初级中学；学科：语文；招聘职位：初中语文；招聘人数：1,安徽 芜湖经开区,https://www.xduim.com/zw/jszk,,专业：中国语言文学类
2023,教师,2023安徽教师招考,芜湖市城北实验小学,芜湖市城北实验小学 小学语文A,本科及以上,中国语言文学类；小学教育专业,,笔试+面试,,,学段：小学；学科：语文；招聘职位：小学语文A；招聘人数：2,安徽 芜湖经开区,https://www.xduim.com/zw/jszk,,专业：中国语言文学类；小学教育专业
2023,教师,2023安徽教师招考,芜湖市城北实验小学,芜湖市城北实验小学 小学语文B,本科及以上,中国语言文学类；小学教育专业,,笔试+面试,,,学段：小学；学科：语文；招聘职位：小学语文B；招聘人数：2,安徽 芜湖经开区,https://www.xduim.com/zw/jszk,,专业：中国语言文学类；小学教育专业
2023,教师,2023安徽教师招考,芜湖市城北实验小学,芜湖市城北实验小学 小学数学A,本科及以上,数学类；小学教育专业,,笔试+面试,,,学段：小学；学科：数学；招聘职位：小学数学A；招聘人数：1,安徽 芜湖经开区,https://www.xduim.com/zw/jszk,,专业：数学类；小学教育专业
2023,教师,2023安徽教师招考,芜湖市城北实验小学,芜湖市城北实验小学 小学数学B,本科及以上,数学类；小学教育专业,,笔试+面试,,,学段：小学；学科：数学；招聘职位：小学数学B；招聘人数：1,安徽 芜湖经开区,https://www.xduim.com/zw/jszk,,专业：数学类；小学教育专业
2023,教师,2023安徽教师招考,芜湖市城北实验小学,芜湖市城北实验小学 小学体育与健康,本科及以上,体育学类,,笔试+面试,,,学段：小学；学科：体育与健康；招聘职位：小学体育与健康；招聘人数：1,安徽 芜湖经开区,https://www.xduim.com/zw/jszk,,专业：体育学类
2023,教师,2023安徽教师招考,芜湖市城北实验小学,芜湖市城北实验小学 小学美术,本科及以上,美术学类,,笔试+面试,,,学段：小学；学科：美术；招聘职位：小学美术；招聘人数：1,安徽 芜湖经开区,https://www.xduim.com/zw/jszk,,专业：美术学类
2023,教师,2023安徽教师招考,芜湖市城北实验小学,芜湖市城北实验小学 小学道德与法治,本科及以上,思想政治教育专业、小学教育专业,,笔试+面试,,,学段：小学；学科：道德与法治；招聘职位：小学道德与法治；招聘人数：1,安徽 芜湖经开区,https://www.xduim.com/zw/jszk,,专业：思想政治教育专业、小学教育专业
2024,教师,2024安徽教师招考,安徽师范大学附属外国语学校城东校区,安徽师范大学附属外国语学校城东校区 初中物理,本科及以上,物理学专业,,笔试+面试,,,学段：初级中学；学科：物理；招聘职位：初中物理；招聘人数：1,安徽 芜湖市直,https://www.xduim.com/zw/jszk,,专业：物理学专业
2024,教师,2024安徽教师招考,安徽师范大学附属外国语学校城东校区,安徽师范大学附属外国语学校城东校区 初中体育与健康,本科及以上,体育教育专业,,笔试+面试,,,学段：初级中学；学科：体育与健康；招聘职位：初中体育与健康；招聘人数：1,安徽 芜湖市直,https://www.xduim.com/zw/jszk,,专业：体育教育专业
2024,教师,2024安徽教师招考,安徽师范大学附属外国语学校城东校区,安徽师范大学附属外国语学校城东校区 初中生物学,本科及以上,生物科学专业,,笔试+面试,,,学段：初级中学；学科：生物学；招聘职位：初中生物学；招聘人数：1,安徽 芜湖市直,https://www.xduim.com/zw/jszk,,专业：生物科学专业
2024,教师,2024安徽教师招考,芜湖华师实验学校,芜湖华师实验学校 初中语文,本科及以上,汉语言文学专业,,笔试+面试,,,学段：初级中学；学科：语文；招聘职位：初中语文；招聘人数：3,安徽 芜湖市直,https://www.xduim.com/zw/jszk,,专业：汉语言文学专业
2024,教师,2024安徽教师招考,芜湖华师实验学校,芜湖华师实验学校 初中数学,本科及以上,数学与应用数学专业,,笔试+面试,,,学段：初级中学；学科：数学；招聘职位：初中数学；招聘人数：2,安徽 芜湖市直,https://www.xduim.com/zw/jszk,,专业：数学与应用数学专业
2024,教师,2024安徽教师招考,芜湖华师实验学校,芜湖华师实验学校 初中英语,本科及以上,英语专业,,笔试+面试,,,学段：初级中学；学科：英语；招聘职位：初中英语；招聘人数：3,安徽 芜湖市直,https://www.xduim.com/zw/jszk,,专业：英语专业
2024,教师,2024安徽教师招考,芜湖华师实验学校,芜湖华师实验学校 初中心理健康教育,本科及以上,心理学专业、应用心理学专业,,笔试+面试,,,学段：初级中学；学科：心理健康教育；招聘职位：初中心理健康教育；招聘人数：2,安徽 芜湖市直,https://www.xduim.com/zw/jszk,,专业：心理学专业、应用心理学专业
2024,教师,2024安徽教师招考,芜湖市扬帆实验学校,芜湖市扬帆实验学校 初中体育与健康,本科及以上,体育教育专业,,笔试+面试,,,学段：初级中学；学科：体育与健康；招聘职位：初中体育与健康；招聘人数：1,安徽 芜湖市直,https://www.xduim.com/zw/jszk,,专业：体育教育专业
2024,教师,2024安徽教师招考,芜湖市扬帆实验学校,芜湖市扬帆实验学校 初中心理健康教育,本科及以上,心理学专业、应用心理学专业,,笔试+面试,,,学段：初级中学；学科：心理健康教育；招聘职位：初中心理健康教育；招聘人数：1,安徽 芜湖市直,https://www.xduim.com/zw/jszk,,专业：心理学专业、应用心理学专业
2024,教师,2024安徽教师招考,芜湖市中江中学,芜湖市中江中学 初中化学,本科及以上,化学专业,,笔试+面试,,,学段：初级中学；学科：化学；招聘职位：初中化学；招聘人数：1,安徽 芜湖市直,https://www.xduim.com/zw/jszk,,专业：化学专业
2024,教师,2024安徽教师招考,芜湖市中江中学,芜湖市中江中学 初中心理健康教育,本科及以上,心理学专业、应用心理学专业,,笔试+面试,,,学段：初级中学；学科：心理健康教育；招聘职位：初中心理健康教育；招聘人数：1,安徽 芜湖市直,https://www.xduim.com/zw/jszk,,专业：心理学专业、应用心理学专业
2024,教师,2024安徽教师招考,芜湖市中江中学,芜湖市中江中学 初中物理,本科及以上,物理学专业,,笔试+面试,,,学段：初级中学；学科：物理；招聘职位：初中物理；招聘人数：1,安徽 芜湖市直,https://www.xduim.com/zw/jszk,,专业：物理学专业
2024,教师,2024安徽教师招考,芜湖荟萃中学,芜湖荟萃中学 初中数学,本科及以上,数学与应用数学专业,,笔试+面试,,,学段：初级中学；学科：数学；招聘职位：初中数学；招聘人数：1,安徽 芜湖市直,https://www.xduim.com/zw/jszk,,专业：数学与应用数学专业
2024,教师,2024安徽教师招考,芜湖荟萃中学,芜湖荟萃中学 初中英语,本科及以上,英语专业,,笔试+面试,,,学段：初级中学；学科：英语；招聘职位：初中英语；招聘人数：1,安徽 芜湖市直,https://www.xduim.com/zw/jszk,,专业：英语专业
2024,教师,2024安徽教师招考,芜湖市第十六中学,芜湖市第十六中学 初中信息技术,本科及以上,计算机科学与技术专业、教育技术学专业,,笔试+面试,,,学段：初级中学；学科：信息技术；招聘职位：初中信息技术；招聘人数：1,安徽 芜湖市直,https://www.xduim.com/zw/jszk,,专业：计算机科学与技术专业、教育技术学专业
2024,教师,2024安徽教师招考,芜湖市第二中学,芜湖市第二中学 高中体育与健康,本科及以上,体育教育专业,,笔试+面试,,,学段：高级中学；学科：体育与健康；招聘职位：高中体育与健康；招聘人数：1,安徽 芜湖市直,https://www.xduim.com/zw/jszk,,专业：体育教育专业
2024,教师,2024安徽教师招考,芜湖市第三中学,芜湖市第三中学 高中物理,本科及以上,物理学专业,,笔试+面试,,,学段：高级中学；学科：物理；招聘职位：高中物理；招聘人数：1,安徽 芜湖市直,https://www.xduim.com/zw/jszk,,专业：物理学专业
2024,教师,2024安徽教师招考,芜湖市第七中学,芜湖市第七中学 高中化学,本科及以上,化学专业,,笔试+面试,,,学段：高级中学；学科：化学；招聘职位：高中化学；招聘人数：1,安徽 芜湖市直,https://www.xduim.com/zw/jszk,,专业：化学专业
2024,教师,2024安徽教师招考,安徽师范大学附属外国语学校,安徽师范大学附属外国语学校 高中语文,本科及以上,汉语言文学专业,,笔试+面试,,,学段：高级中学；学科：语文；招聘职位：高中语文；招聘人数：1,安徽 芜湖市直,https://www.xduim.com/zw/jszk,,专业：汉语言文学专业
2024,教师,2024安徽教师招考,安徽师范大学附属外国语学校,安徽师范大学附属外国语学校 高中心理健康教育,本科及以上,心理学专业、应用心理学专业,,笔试+面试,,,学段：高级中学；学科：心理健康教育；招聘职位：高中心理健康教育；招聘人数：1,安徽 芜湖市直,https://www.xduim.com/zw/jszk,,专业：心理学专业、应用心理学专业
2023,教师,2023安徽教师招考,芜湖市银湖小学,芜湖市银湖小学 小学语文,本科及以上,中国语言文学类；小学教育专业,,笔试+面试,,,学段：小学；学科：语文；招聘职位：小学语文；招聘人数：3,安徽 芜湖经开区,https://www.xduim.com/zw/jszk,,专业：中国语言文学类；小学教育专业
2023,教师,2023安徽教师招考,芜湖市银湖小学,芜湖市银湖小学 小学数学,本科及以上,数学类；小学教育专业,,笔试+面试,,,学段：小学；学科：数学；招聘职位：小学数学；招聘人数：2,安徽 芜湖经开区,https://www.xduim.com/zw/jszk,,专业：数学类；小学教育专业
2023,教师,2023安徽教师招考,芜湖市银湖小学,芜湖市银湖小学 小学信息技术,本科及以上,计算机类；教育技术学专业,,笔试+面试,,,学段：小学；学科：信息技术；招聘职位：小学信息技术；招聘人数：1,安徽 芜湖经开区,https://www.xduim.com/zw/jszk,,专业：计算机类；教育技术学专业
2023,教师,2023安徽教师招考,芜湖市东梁小学,芜湖市东梁小学 小学数学,本科及以上,数学类；小学教育专业,,笔试+面试,,,学段：小学；学科：数学；招聘职位：小学数学；招聘人数：1,安徽 芜湖经开区,https://www.xduim.com/zw/jszk,,专业：数学类；小学教育专业
2023,教师,2023安徽教师招考,芜湖市万春小学,芜湖市万春小学 小学音乐,本科及以上,音乐与舞蹈学类,,笔试+面试,,,学段：小学；学科：音乐；招聘职位：小学音乐；招聘人数：1,安徽 芜湖经开区,https://www.xduim.com/zw/jszk,,专业：音乐与舞蹈学类
2023,教师,2023安徽教师招考,芜湖市万春小学,芜湖市万春小学 小学美术,本科及以上,美术学类,,笔试+面试,,,学段：小学；学科：美术；招聘职位：小学美术；招聘人数：1,安徽 芜湖经开区,https://www.xduim.com/zw/jszk,,专业：美术学类
2023,教师,2023安徽教师招考,芜湖市龙山小学,芜湖市龙山小学 小学语文,本科及以上,中国语言文学类；小学教育专业,,笔试+面试,,,学段：小学；学科：语文；招聘职位：小学语文；招聘人数：2,安徽 芜湖经开区,https://www.xduim.com/zw/jszk,,专业：中国语言文学类；小学教育专业
2023,教师,2023安徽教师招考,芜湖市龙山小学,芜湖市龙山小学 小学数学,本科及以上,数学类；小学教育专业,,笔试+面试,,,学段：小学；学科：数学；招聘职位：小学数学；招聘人数：1,安徽 芜湖经开区,https://www.xduim.com/zw/jszk,,专业：数学类；小学教育专业
2023,教师,2023安徽教师招考,芜湖市龙山小学,芜湖市龙山小学 小学英语,本科及以上,英语专业,,笔试+面试,,,学段：小学；学科：英语；招聘职位：小学英语；招聘人数：1,安徽 芜湖经开区,https://www.xduim.com/zw/jszk,,专业：英语专业
2023,教师,2023安徽教师招考,区属小学,80501101.0 区属小学 小学语文,本科及以上,专业不限,,笔试+面试,,,学段：小学；学科：语文；招聘职位：小学语文；招聘人数：5,安徽 安庆经开区,https://www.xduim.com/zw/jszk,,专业：专业不限
2023,教师,2023安徽教师招考,区属小学,80501102.0 区属小学 小学数学,本科及以上,专业不限,,笔试+面试,,,学段：小学；学科：数学；招聘职位：小学数学；招聘人数：3,安徽 安庆经开区,https://www.xduim.com/zw/jszk,,专业：专业不限
2023,教师,2023安徽教师招考,区属中学,80501202.0 区属中学 初中数学,本科及以上,专业不限,,笔试+面试,,,学段：初级中学；学科：数学；招聘职位：初中数学；招聘人数：1,安徽 安庆经开区,https://www.xduim.com/zw/jszk,,专业：专业不限
2023,教师,2023安徽教师招考,区属中学,80501206.0 区属中学 初中生物,本科及以上,专业不限,,笔试+面试,,,学段：初级中学；学科：生物；招聘职位：初中生物；招聘人数：1,安徽 安庆经开区,https://www.xduim.com/zw/jszk,,专业：专业不限
2023,教师,2023安徽教师招考,区属中学,80501207.0 区属中学 初中地理,本科及以上,专业不限,,笔试+面试,,,学段：初级中学；学科：地理；招聘职位：初中地理；招聘人数：1,安徽 安庆经开区,https://www.xduim.com/zw/jszk,,专业：专业不限
2023,教师,2023安徽教师招考,区属中学,80501208.0 区属中学 初中历史,本科及以上,专业不限,,笔试+面试,,,学段：初级中学；学科：历史；招聘职位：初中历史；招聘人数：1,安徽 安庆经开区,https://www.xduim.com/zw/jszk,,专业：专业不限
2023,教师,2023安徽教师招考,区属中学,80501209.0 区属中学 初中道德与法治,本科及以上,专业不限,,笔试+面试,,,学段：初级中学；学科：道德与法治；招聘职位：初中道德与法治；招聘人数：2,安徽 安庆经开区,https://www.xduim.com/zw/jszk,,专业：专业不限
2023,教师,2023安徽教师招考,区属中学,80501210.0 区属中学 初中信息技术,本科及以上,专业不限,,笔试+面试,,,学段：初级中学；学科：信息技术；招聘职位：初中信息技术；招聘人数：1,安徽 安庆经开区,https://www.xduim.com/zw/jszk,,专业：专业不限
2024,教师,2024安徽教师招考,芜湖市城南实验中学,芜湖市城南实验中学 高中数学,本科及以上,数学与应用数学专业,,笔试+面试,,,学段：高级中学；学科：数学；招聘职位：高中数学；招聘人数：1,安徽 芜湖市直,https://www.xduim.com/zw/jszk,,专业：数学与应用数学专业
2024,教师,2024安徽教师招考,芜湖市清水河中学,芜湖市清水河中学 高中物理,本科及以上,物理学专业,,笔试+面试,,,学段：高级中学；学科：物理；招聘职位：高中物理；招聘人数：1,安徽 芜湖市直,https://www.xduim.com/zw/jszk,,专业：物理学专业
2024,教师,2024安徽教师招考,芜湖市火龙岗中学,芜湖市火龙岗中学 高中语文,本科及以上,汉语言文学专业,,笔试+面试,,,学段：高级中学；学科：语文；招聘职位：高中语文；招聘人数：1,安徽 芜湖市直,https://www.xduim.com/zw/jszk,,专业：汉语言文学专业
2024,教师,2024安徽教师招考,北京师范大学芜湖附属学校,北京师范大学芜湖附属学校 高中生物学,本科及以上,生物科学专业,,笔试+面试,,,学段：高级中学；学科：生物学；招聘职位：高中生物学；招聘人数：2,安徽 芜湖市直,https://www.xduim.com/zw/jszk,,专业：生物科学专业
2024,教师,2024安徽教师招考,北京师范大学芜湖附属学校,北京师范大学芜湖附属学校 高中英语,本科及以上,英语专业,,笔试+面试,,,学段：高级中学；学科：英语；招聘职位：高中英语；招聘人数：1,安徽 芜湖市直,https://www.xduim.com/zw/jszk,,专业：英语专业
2024,教师,2024安徽教师招考,芜湖市沈巷中学,芜湖市沈巷中学 高中英语,本科及以上,英语专业,,笔试+面试,,,学段：高级中学；学科：英语；招聘职位：高中英语；招聘人数：1,安徽 芜湖市直,https://www.xduim.com/zw/jszk,,专业：英语专业
2024,教师,2024安徽教师招考,芜湖市汤沟中学,芜湖市汤沟中学 高中生物学,本科及以上,生物科学专业,,笔试+面试,,,学段：高级中学；学科：生物学；招聘职位：高中生物学；招聘人数：1,安徽 芜湖市直,https://www.xduim.com/zw/jszk,,专业：生物科学专业
2024,教师,2024安徽教师招考,芜湖市汤沟中学,芜湖市汤沟中学 高中物理,本科及以上,物理学专业,,笔试+面试,,,学段：高级中学；学科：物理；招聘职位：高中物理；招聘人数：1,安徽 芜湖市直,https://www.xduim.com/zw/jszk,,专业：物理学专业
2024,教师,2024安徽教师招考,芜湖高级职业技术学校,芜湖高级职业技术学校 高中体育与健康,本科及以上,体育教育专业,,笔试+面试,,,学段：高级中学；学科：体育与健康；招聘职位：高中体育与健康；招聘人数：1,安徽 芜湖市直,https://www.xduim.com/zw/jszk,,专业：体育教育专业
2024,教师,2024安徽教师招考,芜湖高级职业技术学校,芜湖高级职业技术学校 高中数学,本科及以上,数学与应用数学专业,,笔试+面试,,,学段：高级中学；学科：数学；招聘职位：高中数学；招聘人数：1,安徽 芜湖市直,https://www.xduim.com/zw/jszk,,专业：数学与应用数学专业
2023,教师,2023安徽教师招考,花山区教育局,花山区教育局 初中体育,本科及以上,本科：040201 体育教育，040202K 运动训练。 硕士研究生及以上：专业不限。,,笔试+面试,,,学段：初级中学；学科：体育；招聘职位：初中体育；招聘人数：1,安徽 马鞍山花山区,https://www.xduim.com/zw/jszk,,专业：本科：040201 体育教育，040202K 运动训练。 硕士研究生及以上：专业不限。
2024,教师,2024安徽教师招考,萧县教育体育局,20240321 萧县教育体育局 高中生物,本科及以上,本科：生物科学类 研究生：专业不限,,笔试+面试,,,学段：高级中学；学科：高中生物；招聘职位：高中生物；招聘人数：2,安徽 宿州萧县,https://www.xduim.com/zw/jszk,,专业：本科：生物科学类 研究生：专业不限
2024,教师,2024安徽教师招考,萧县教育体育局,20240322 萧县教育体育局 高中政治,本科及以上,本科：政治学类、马克思主义理论类 研究生：专业不限,,笔试+面试,,,学段：高级中学；学科：高中政治；招聘职位：高中政治；招聘人数：3,安徽 宿州萧县,https://www.xduim.com/zw/jszk,,专业：本科：政治学类、马克思主义理论类 研究生：专业不限
2024,教师,2024安徽教师招考,萧县教育体育局,20240323 萧县教育体育局 高中地理,本科及以上,本科：地理科学类 研究生：专业不限,,笔试+面试,,,学段：高级中学；学科：高中地理；招聘职位：高中地理；招聘人数：1,安徽 宿州萧县,https://www.xduim.com/zw/jszk,,专业：本科：地理科学类 研究生：专业不限
2024,教师,2024安徽教师招考,萧县教育体育局,20240324 萧县教育体育局 高中音乐,本科及以上,本科：音乐与舞蹈学类 研究生：专业不限,,笔试+面试,,,学段：高级中学；学科：高中音乐；招聘职位：高中音乐；招聘人数：1,安徽 宿州萧县,https://www.xduim.com/zw/jszk,,专业：本科：音乐与舞蹈学类 研究生：专业不限
2024,教师,2024安徽教师招考,萧县教育体育局,20240325 萧县教育体育局 高中体育,本科及以上,本科：体育学类 研究生：专业不限,,笔试+面试,,,学段：高级中学；学科：高中体育；招聘职位：高中体育；招聘人数：1,安徽 宿州萧县,https://www.xduim.com/zw/jszk,,专业：本科：体育学类 研究生：专业不限
2023,教师,2023安徽教师招考,蒙城县第八中学,2023030021 蒙城县第八中学 普通高中心理健康,本科及以上,本科：心理学类；硕士研究生及以上：专业不限。,,笔试+面试,,,学段：高级中学；学科：普通高中心理健康；招聘职位：普通高中心理健康；招聘人数：1,安徽 亳州蒙城县,https://www.xduim.com/zw/jszk,,专业：本科：心理学类；硕士研究生及以上：专业不限。
2023,教师,2023安徽教师招考,蒙城县第八中学,2023030022 蒙城县第八中学 普通高中体育与健康,本科及以上,本科：体育学类；硕士研究生及以上：专业不限。,,笔试+面试,,,学段：高级中学；学科：普通高中体育与健康；招聘职位：普通高中体育与健康；招聘人数：1,安徽 亳州蒙城县,https://www.xduim.com/zw/jszk,,专业：本科：体育学类；硕士研究生及以上：专业不限。
2023,教师,2023安徽教师招考,蒙城中学联盟,2023030023 蒙城中学联盟 初中语文,本科及以上,专业不限,,笔试+面试,,,学段：初级中学；学科：初中语文；招聘职位：初中语文；招聘人数：10,安徽 亳州蒙城县,https://www.xduim.com/zw/jszk,,专业：专业不限
2023,教师,2023安徽教师招考,蒙城中学联盟,2023030024 蒙城中学联盟 初中语文,本科及以上,专业不限,,笔试+面试,,,学段：初级中学；学科：初中语文；招聘职位：初中语文；招聘人数：9,安徽 亳州蒙城县,https://www.xduim.com/zw/jszk,,专业：专业不限
2023,教师,2023安徽教师招考,蒙城中学联盟,2023030025 蒙城中学联盟 初中数学,本科及以上,专业不限,,笔试+面试,,,学段：初级中学；学科：初中数学；招聘职位：初中数学；招聘人数：10,安徽 亳州蒙城县,https://www.xduim.com/zw/jszk,,专业：专业不限
2023,教师,2023安徽教师招考,蒙城中学联盟,2023030026 蒙城中学联盟 初中数学,本科及以上,专业不限,,笔试+面试,,,学段：初级中学；学科：初中数学；招聘职位：初中数学；招聘人数：9,安徽 亳州蒙城县,https://www.xduim.com/zw/jszk,,专业：专业不限
2023,教师,2023安徽教师招考,蒙城中学联盟,2023030027 蒙城中学联盟 初中英语,本科及以上,专业不限,,笔试+面试,,,学段：初级中学；学科：初中英语；招聘职位：初中英语；招聘人数：10,安徽 亳州蒙城县,https://www.xduim.com/zw/jszk,,专业：专业不限
2023,教师,2023安徽教师招考,蒙城中学联盟,2023030028 蒙城中学联盟 初中英语,本科及以上,专业不限,,笔试+面试,,,学段：初级中学；学科：初中英语；招聘职位：初中英语；招聘人数：8,安徽 亳州蒙城县,https://www.xduim.com/zw/jszk,,专业：专业不限
2023,教师,2023安徽教师招考,蒙城中学联盟,2023030029 蒙城中学联盟 初中政治,本科及以上,专业不限,,笔试+面试,,,学段：初级中学；学科：初中政治；招聘职位：初中政治；招聘人数：11,安徽 亳州蒙城县,https://www.xduim.com/zw/jszk,,专业：专业不限
2023,教师,2023安徽教师招考,蒙城中学联盟,2023030030 蒙城中学联盟 初中历史,本科及以上,专业不限,,笔试+面试,,,学段：初级中学；学科：初中历史；招聘职位：初中历史；招聘人数：11,安徽 亳州蒙城县,https://www.xduim.com/zw/jszk,,专业：专业不限
2023,教师,2023安徽教师招考,蒙城中学联盟,2023030031 蒙城中学联盟 初中地理,本科及以上,专业不限,,笔试+面试,,,学段：初级中学；学科：初中地理；招聘职位：初中地理；招聘人数：6,安徽 亳州蒙城县,https://www.xduim.com/zw/jszk,,专业：专业不限
2023,教师,2023安徽教师招考,蒙城中学联盟,2023030032 蒙城中学联盟 初中生物学,本科及以上,专业不限,,笔试+面试,,,学段：初级中学；学科：初中生物学；招聘职位：初中生物学；招聘人数：6,安徽 亳州蒙城县,https://www.xduim.com/zw/jszk,,专业：专业不限
2023,教师,2023安徽教师招考,蒙城中学联盟,2023030033 蒙城中学联盟 初中物理,本科及以上,专业不限,,笔试+面试,,,学段：初级中学；学科：初中物理；招聘职位：初中物理；招聘人数：6,安徽 亳州蒙城县,https://www.xduim.com/zw/jszk,,专业：专业不限
2023,教师,2023安徽教师招考,蒙城中学联盟,2023030034 蒙城中学联盟 初中化学,本科及以上,专业不限,,笔试+面试,,,学段：初级中学；学科：初中化学；招聘职位：初中化学；招聘人数：5,安徽 亳州蒙城县,https://www.xduim.com/zw/jszk,,专业：专业不限
2023,教师,2023安徽教师招考,蒙城中学联盟,2023030035 蒙城中学联盟 初中音乐,本科及以上,专业不限,,笔试+面试,,,学段：初级中学；学科：初中音乐；招聘职位：初中音乐；招聘人数：1,安徽 亳州蒙城县,https://www.xduim.com/zw/jszk,,专业：专业不限
2023,教师,2023安徽教师招考,蒙城中学联盟,2023030036 蒙城中学联盟 初中体育与健康,本科及以上,专业不限,,笔试+面试,,,学段：初级中学；学科：初中体育与健康；招聘职位：初中体育与健康；招聘人数：9,安徽 亳州蒙城县,https://www.xduim.com/zw/jszk,,专业：专业不限
2023,教师,2023安徽教师招考,蒙城中学联盟,2023030037 蒙城中学联盟 初中美术,本科及以上,专业不限,,笔试+面试,,,学段：初级中学；学科：初中美术；招聘职位：初中美术；招聘人数：2,安徽 亳州蒙城县,https://www.xduim.com/zw/jszk,,专业：专业不限
2023,教师,2023安徽教师招考,蒙城中学联盟,2023030038 蒙城中学联盟 初中心理健康教育,本科及以上,专业不限,,笔试+面试,,,学段：初级中学；学科：初中心理健康教育；招聘职位：初中心理健康教育；招聘人数：3,安徽 亳州蒙城县,https://www.xduim.com/zw/jszk,,专业：专业不限
2023,教师,2023安徽教师招考,蒙城中学联盟,2023030039 蒙城中学联盟 初中信息技术,本科及以上,专业不限,,笔试+面试,,,学段：初级中学；学科：初中信息技术；招聘职位：初中信息技术；招聘人数：1,安徽 亳州蒙城县,https://www.xduim.com/zw/jszk,,专业：专业不限
2023,教师,2023安徽教师招考,鲲鹏中学联盟,2023030040 鲲鹏中学联盟 初中语文,本科及以上,专业不限,,笔试+面试,,,学段：初级中学；学科：初中语文；招聘职位：初中语文；招聘人数：2,安徽 亳州蒙城县,https://www.xduim.com/zw/jszk,,专业：专业不限
2023,教师,2023安徽教师招考,鲲鹏中学联盟,2023030041 鲲鹏中学联盟 初中英语,本科及以上,专业不限,,笔试+面试,,,学段：初级中学；学科：初中英语；招聘职位：初中英语；招聘人数：1,安徽 亳州蒙城县,https://www.xduim.com/zw/jszk,,专业：专业不限
2023,教师,2023安徽教师招考,鲲鹏中学联盟,2023030042 鲲鹏中学联盟 初中政治,本科及以上,专业不限,,笔试+面试,,,学段：初级中学；学科：初中政治；招聘职位：初中政治；招聘人数：3,安徽 亳州蒙城县,https://www.xduim.com/zw/jszk,,专业：专业不限
2023,教师,2023安徽教师招考,鲲鹏中学联盟,2023030043 鲲鹏中学联盟 初中历史,本科及以上,专业不限,,笔试+面试,,,学段：初级中学；学科：初中历史；招聘职位：初中历史；招聘人数：4,安徽 亳州蒙城县,https://www.xduim.com/zw/jszk,,专业：专业不限
2023,教师,2023安徽教师招考,鲲鹏中学联盟,2023030044 鲲鹏中学联盟 初中地理,本科及以上,专业不限,,笔试+面试,,,学段：初级中学；学科：初中地理；招聘职位：初中地理；招聘人数：5,安徽 亳州蒙城县,https://www.xduim.com/zw/jszk,,专业：专业不限
2023,教师,2023安徽教师招考,鲲鹏中学联盟,2023030045 鲲鹏中学联盟 初中生物学,本科及以上,专业不限,,笔试+面试,,,学段：初级中学；学科：初中生物学；招聘职位：初中生物学；招聘人数：4,安徽 亳州蒙城县,https://www.xduim.com/zw/jszk,,专业：专业不限
2023,教师,2023安徽教师招考,鲲鹏中学联盟,2023030046 鲲鹏中学联盟 初中体育与健康,本科及以上,专业不限,,笔试+面试,,,学段：初级中学；学科：初中体育与健康；招聘职位：初中体育与健康；招聘人数：4,安徽 亳州蒙城县,https://www.xduim.com/zw/jszk,,专业：专业不限
2023,教师,2023安徽教师招考,鲲鹏中学联盟,2023030047 鲲鹏中学联盟 初中心理健康教育,本科及以上,专业不限,,笔试+面试,,,学段：初级中学；学科：初中心理健康教育；招聘职位：初中心理健康教育；招聘人数：2,安徽 亳州蒙城县,https://www.xduim.com/zw/jszk,,专业：专业不限
2023,教师,2023安徽教师招考,蒙城县庄子中学联盟,2023030048 蒙城县庄子中学联盟 初中政治,本科及以上,专业不限,,笔试+面试,,,学段：初级中学；学科：初中政治；招聘职位：初中政治；招聘人数：1,安徽 亳州蒙城县,https://www.xduim.com/zw/jszk,,专业：专业不限
2023,教师,2023安徽教师招考,蒙城县庄子中学联盟,2023030049 蒙城县庄子中学联盟 初中地理,本科及以上,专业不限,,笔试+面试,,,学段：初级中学；学科：初中地理；招聘职位：初中地理；招聘人数：1,安徽 亳州蒙城县,https://www.xduim.com/zw/jszk,,专业：专业不限
2023,教师,2023安徽教师招考,蒙城县庄子中学联盟,2023030050 蒙城县庄子中学联盟 初中生物学,本科及以上,专业不限,,笔试+面试,,,学段：初级中学；学科：初中生物学；招聘职位：初中生物学；招聘人数：1,安徽 亳州蒙城县,https://www.xduim.com/zw/jszk,,专业：专业不限
2023,教师,2023安徽教师招考,蒙城县三义中学,2023030051 蒙城县三义中学 初中英语,本科及以上,专业不限,,笔试+面试,,,学段：初级中学；学科：初中英语；招聘职位：初中英语；招聘人数：1,安徽 亳州蒙城县,https://www.xduim.com/zw/jszk,,专业：专业不限
2023,教师,2023安徽教师招考,蒙城县三义中学,2023030052 蒙城县三义中学 初中地理,本科及以上,专业不限,,笔试+面试,,,学段：初级中学；学科：初中地理；招聘职位：初中地理；招聘人数：1,安徽 亳州蒙城县,https://www.xduim.com/zw/jszk,,专业：专业不限
2023,教师,2023安徽教师招考,蒙城县郭集学校,2023030053 蒙城县郭集学校 初中英语,本科及以上,专业不限,,笔试+面试,,,学段：初级中学；学科：初中英语；招聘职位：初中英语；招聘人数：1,安徽 亳州蒙城县,https://www.xduim.com/zw/jszk,,专业：专业不限
2023,教师,2023安徽教师招考,蒙城县篱笆中学,2023030054 蒙城县篱笆中学 初中英语,本科及以上,专业不限,,笔试+面试,,,学段：初级中学；学科：初中英语；招聘职位：初中英语；招聘人数：1,安徽 亳州蒙城县,https://www.xduim.com/zw/jszk,,专业：专业不限
2023,教师,2023安徽教师招考,蒙城县篱笆中学,2023030055 蒙城县篱笆中学 初中语文,本科及以上,专业不限,,笔试+面试,,,学段：初级中学；学科：初中语文；招聘职位：初中语文；招聘人数：1,安徽 亳州蒙城县,https://www.xduim.com/zw/jszk,,专业：专业不限
2023,教师,2023安徽教师招考,蒙城县篱笆中学,2023030056 蒙城县篱笆中学 初中数学,本科及以上,专业不限,,笔试+面试,,,学段：初级中学；学科：初中数学；招聘职位：初中数学；招聘人数：1,安徽 亳州蒙城县,https://www.xduim.com/zw/jszk,,专业：专业不限
2023,教师,2023安徽教师招考,蒙城县篱笆中学,2023030057 蒙城县篱笆中学 初中生物学,本科及以上,专业不限,,笔试+面试,,,学段：初级中学；学科：初中生物学；招聘职位：初中生物学；招聘人数：1,安徽 亳州蒙城县,https://www.xduim.com/zw/jszk,,专业：专业不限
2023,教师,2023安徽教师招考,蒙城县王集乡中心学校,2023030058 蒙城县王集乡中心学校 初中政治,本科及以上,专业不限,,笔试+面试,,,学段：初级中学；学科：初中政治；招聘职位：初中政治；招聘人数：1,安徽 亳州蒙城县,https://www.xduim.com/zw/jszk,,专业：专业不限
2023,教师,2023安徽教师招考,蒙城县王集乡中心学校,2023030059 蒙城县王集乡中心学校 初中历史,本科及以上,专业不限,,笔试+面试,,,学段：初级中学；学科：初中历史；招聘职位：初中历史；招聘人数：1,安徽 亳州蒙城县,https://www.xduim.com/zw/jszk,,专业：专业不限
2023,教师,2023安徽教师招考,蒙城县王集乡中心学校,2023030060 蒙城县王集乡中心学校 初中地理,本科及以上,专业不限,,笔试+面试,,,学段：初级中学；学科：初中地理；招聘职位：初中地理；招聘人数：1,安徽 亳州蒙城县,https://www.xduim.com/zw/jszk,,专业：专业不限
2023,教师,2023安徽教师招考,蒙城县王集乡中心学校,2023030061 蒙城县王集乡中心学校 初中生物学,本科及以上,专业不限,,笔试+面试,,,学段：初级中学；学科：初中生物学；招聘职位：初中生物学；招聘人数：1,安徽 亳州蒙城县,https://www.xduim.com/zw/jszk,,专业：专业不限
2023,教师,2023安徽教师招考,板桥中学,2023030062 板桥中学 初中政治,本科及以上,专业不限,,笔试+面试,,,学段：初级中学；学科：初中政治；招聘职位：初中政治；招聘人数：2,安徽 亳州蒙城县,https://www.xduim.com/zw/jszk,,专业：专业不限
2023,教师,2023安徽教师招考,板桥中学,2023030063 板桥中学 初中历史,本科及以上,专业不限,,笔试+面试,,,学段：初级中学；学科：初中历史；招聘职位：初中历史；招聘人数：1,安徽 亳州蒙城县,https://www.xduim.com/zw/jszk,,专业：专业不限
2023,教师,2023安徽教师招考,板桥中学,2023030064 板桥中学 初中体育与健康,本科及以上,专业不限,,笔试+面试,,,学段：初级中学；学科：初中体育与健康；招聘职位：初中体育与健康；招聘人数：1,安徽 亳州蒙城县,https://www.xduim.com/zw/jszk,,专业：专业不限
2023,教师,2023安徽教师招考,板桥中学,2023030065 板桥中学 初中体育与健康,本科及以上,专业不限,,笔试+面试,,,学段：初级中学；学科：初中体育与健康；招聘职位：初中体育与健康；招聘人数：1,安徽 亳州蒙城县,https://www.xduim.com/zw/jszk,,专业：专业不限
2023,教师,2023安徽教师招考,板桥中学,2023030066 板桥中学 初中物理,本科及以上,专业不限,,笔试+面试,,,学段：初级中学；学科：初中物理；招聘职位：初中物理；招聘人数：1,安徽 亳州蒙城县,https://www.xduim.com/zw/jszk,,专业：专业不限
2023,教师,2023安徽教师招考,牛王初级中学,2023030067 牛王初级中学 初中语文,本科及以上,专业不限,,笔试+面试,,,学段：初级中学；学科：初中语文；招聘职位：初中语文；招聘人数：1,安徽 亳州蒙城县,https://www.xduim.com/zw/jszk,,专业：专业不限
2023,教师,2023安徽教师招考,牛王初级中学,2023030068 牛王初级中学 初中数学,本科及以上,专业不限,,笔试+面试,,,学段：初级中学；学科：初中数学；招聘职位：初中数学；招聘人数：1,安徽 亳州蒙城县,https://www.xduim.com/zw/jszk,,专业：专业不限
2023,教师,2023安徽教师招考,蒙城县许疃中学,2023030069 蒙城县许疃中学 初中地理,本科及以上,专业不限,,笔试+面试,,,学段：初级中学；学科：初中地理；招聘职位：初中地理；招聘人数：1,安徽 亳州蒙城县,https://www.xduim.com/zw/jszk,,专业：专业不限
2023,教师,2023安徽教师招考,亳州师范高等专科学校附属小学联盟,2023030070 亳州师范高等专科学校附属小学联盟 小学语文,本科及以上,专业不限,,笔试+面试,,,学段：小学；学科：小学语文；招聘职位：小学语文；招聘人数：8,安徽 亳州蒙城县,https://www.xduim.com/zw/jszk,,专业：专业不限
2023,教师,2023安徽教师招考,亳州师范高等专科学校附属小学联盟,2023030071 亳州师范高等专科学校附属小学联盟 小学语文,本科及以上,专业不限,,笔试+面试,,,学段：小学；学科：小学语文；招聘职位：小学语文；招聘人数：7,安徽 亳州蒙城县,https://www.xduim.com/zw/jszk,,专业：专业不限
2023,教师,2023安徽教师招考,亳州师范高等专科学校附属小学联盟,2023030072 亳州师范高等专科学校附属小学联盟 小学数学,本科及以上,专业不限,,笔试+面试,,,学段：小学；学科：小学数学；招聘职位：小学数学；招聘人数：8,安徽 亳州蒙城县,https://www.xduim.com/zw/jszk,,专业：专业不限
2023,教师,2023安徽教师招考,亳州师范高等专科学校附属小学联盟,2023030073 亳州师范高等专科学校附属小学联盟 小学英语,本科及以上,专业不限,,笔试+面试,,,学段：小学；学科：小学英语；招聘职位：小学英语；招聘人数：3,安徽 亳州蒙城县,https://www.xduim.com/zw/jszk,,专业：专业不限
2023,教师,2023安徽教师招考,亳州师范高等专科学校附属小学联盟,2023030074 亳州师范高等专科学校附属小学联盟 小学音乐,本科及以上,专业不限,,笔试+面试,,,学段：小学；学科：小学音乐；招聘职位：小学音乐；招聘人数：3,安徽 亳州蒙城县,https://www.xduim.com/zw/jszk,,专业：专业不限
2023,教师,2023安徽教师招考,亳州师范高等专科学校附属小学联盟,2023030075 亳州师范高等专科学校附属小学联盟 小学体育与健康,本科及以上,专业不限,,笔试+面试,,,学段：小学；学科：小学体育与健康；招聘职位：小学体育与健康；招聘人数：3,安徽 亳州蒙城县,https://www.xduim.com/zw/jszk,,专业：专业不限
2023,教师,2023安徽教师招考,亳州师范高等专科学校附属小学联盟,2023030076 亳州师范高等专科学校附属小学联盟 小学美术,本科及以上,专业不限,,笔试+面试,,,学段：小学；学科：小学美术；招聘职位：小学美术；招聘人数：3,安徽 亳州蒙城县,https://www.xduim.com/zw/jszk,,专业：专业不限
2023,教师,2023安徽教师招考,蒙城县逍遥路小学联盟,2023030077 蒙城县逍遥路小学联盟 小学语文,本科及以上,专业不限,,笔试+面试,,,学段：小学；学科：小学语文；招聘职位：小学语文；招聘人数：11,安徽 亳州蒙城县,https://www.xduim.com/zw/jszk,,专业：专业不限
2023,教师,2023安徽教师招考,蒙城县逍遥路小学联盟,2023030078 蒙城县逍遥路小学联盟 小学语文,本科及以上,专业不限,,笔试+面试,,,学段：小学；学科：小学语文；招聘职位：小学语文；招聘人数：11,安徽 亳州蒙城县,https://www.xduim.com/zw/jszk,,专业：专业不限
2023,教师,2023安徽教师招考,蒙城县逍遥路小学联盟,2023030079 蒙城县逍遥路小学联盟 小学数学,本科及以上,专业不限,,笔试+面试,,,学段：小学；学科：小学数学；招聘职位：小学数学；招聘人数：11,安徽 亳州蒙城县,https://www.xduim.com/zw/jszk,,专业：专业不限
2023,教师,2023安徽教师招考,蒙城县逍遥路小学联盟,2023030080 蒙城县逍遥路小学联盟 小学数学,本科及以上,专业不限,,笔试+面试,,,学段：小学；学科：小学数学；招聘职位：小学数学；招聘人数：10,安徽 亳州蒙城县,https://www.xduim.com/zw/jszk,,专业：专业不限
2023,教师,2023安徽教师招考,蒙城县逍遥路小学联盟,2023030081 蒙城县逍遥路小学联盟 小学英语,本科及以上,专业不限,,笔试+面试,,,学段：小学；学科：小学英语；招聘职位：小学英语；招聘人数：3,安徽 亳州蒙城县,https://www.xduim.com/zw/jszk,,专业：专业不限
2023,教师,2023安徽教师招考,蒙城县逍遥路小学联盟,2023030082 蒙城县逍遥路小学联盟 小学道德与法治,本科及以上,专业不限,,笔试+面试,,,学段：小学；学科：小学道德与法治；招聘职位：小学道德与法治；招聘人数：1,安徽 亳州蒙城县,https://www.xduim.com/zw/jszk,,专业：专业不限
2023,教师,2023安徽教师招考,蒙城县逍遥路小学联盟,2023030083 蒙城县逍遥路小学联盟 小学音乐,本科及以上,专业不限,,笔试+面试,,,学段：小学；学科：小学音乐；招聘职位：小学音乐；招聘人数：3,安徽 亳州蒙城县,https://www.xduim.com/zw/jszk,,专业：专业不限
2023,教师,2023安徽教师招考,蒙城县逍遥路小学联盟,2023030084 蒙城县逍遥路小学联盟 小学体育与健康,本科及以上,专业不限,,笔试+面试,,,学段：小学；学科：小学体育与健康；招聘职位：小学体育与健康；招聘人数：5,安徽 亳州蒙城县,https://www.xduim.com/zw/jszk,,专业：专业不限
2023,教师,2023安徽教师招考,蒙城县逍遥路小学联盟,2023030085 蒙城县逍遥路小学联盟 小学美术,本科及以上,专业不限,,笔试+面试,,,学段：小学；学科：小学美术；招聘职位：小学美术；招聘人数：3,安徽 亳州蒙城县,https://www.xduim.com/zw/jszk,,专业：专业不限
2023,教师,2023安徽教师招考,蒙城县逍遥路小学联盟,2023030086 蒙城县逍遥路小学联盟 小学信息技术,本科及以上,专业不限,,笔试+面试,,,学段：小学；学科：小学信息技术；招聘职位：小学信息技术；招聘人数：2,安徽 亳州蒙城县,https://www.xduim.com/zw/jszk,,专业：专业不限
2023,教师,2023安徽教师招考,蒙城县城关第三小学联盟,2023030087 蒙城县城关第三小学联盟 小学语文,本科及以上,专业不限,,笔试+面试,,,学段：小学；学科：小学语文；招聘职位：小学语文；招聘人数：7,安徽 亳州蒙城县,https://www.xduim.com/zw/jszk,,专业：专业不限
2023,教师,2023安徽教师招考,蒙城县城关第三小学联盟,2023030088 蒙城县城关第三小学联盟 小学数学,本科及以上,专业不限,,笔试+面试,,,学段：小学；学科：小学数学；招聘职位：小学数学；招聘人数：7,安徽 亳州蒙城县,https://www.xduim.com/zw/jszk,,专业：专业不限
2023,教师,2023安徽教师招考,蒙城县城关第三小学联盟,2023030089 蒙城县城关第三小学联盟 小学音乐,本科及以上,专业不限,,笔试+面试,,,学段：小学；学科：小学音乐；招聘职位：小学音乐；招聘人数：2,安徽 亳州蒙城县,https://www.xduim.com/zw/jszk,,专业：专业不限
2023,教师,2023安徽教师招考,蒙城县城关第三小学联盟,2023030090 蒙城县城关第三小学联盟 小学体育与健康,本科及以上,专业不限,,笔试+面试,,,学段：小学；学科：小学体育与健康；招聘职位：小学体育与健康；招聘人数：3,安徽 亳州蒙城县,https://www.xduim.com/zw/jszk,,专业：专业不限
2023,教师,2023安徽教师招考,蒙城县城关第三小学联盟,2023030091 蒙城县城关第三小学联盟 小学美术,本科及以上,专业不限,,笔试+面试,,,学段：小学；学科：小学美术；招聘职位：小学美术；招聘人数：2,安徽 亳州蒙城县,https://www.xduim.com/zw/jszk,,专业：专业不限
2023,教师,2023安徽教师招考,蒙城县城关第三小学联盟,2023030092 蒙城县城关第三小学联盟 小学信息技术,本科及以上,专业不限,,笔试+面试,,,学段：小学；学科：小学信息技术；招聘职位：小学信息技术；招聘人数：2,安徽 亳州蒙城县,https://www.xduim.com/zw/jszk,,专业：专业不限
2023,教师,2023安徽教师招考,蒙城县特殊教育学校,2023030093 蒙城县特殊教育学校 小学特殊教育（小学语文方向）,专科及以上,专科：教育类； 本科：教育学类；硕士研究生及以上：教育学。,,笔试+面试,,,学段：小学；学科：小学特殊教育（小学语文方向）；招聘职位：小学特殊教育（小学语文方向）；招聘人数：1,安徽 亳州蒙城县,https://www.xduim.com/zw/jszk,,专业：专科：教育类； 本科：教育学类；硕士研究生及以上：教育学。
2023,教师,2023安徽教师招考,蒙城县特殊教育学校,2023030094 蒙城县特殊教育学校 小学音乐,本科及以上,专业不限,,笔试+面试,,,学段：小学；学科：小学音乐；招聘职位：小学音乐；招聘人数：1,安徽 亳州蒙城县,https://www.xduim.com/zw/jszk,,专业：专业不限
2024,教师,2024安徽教师招考,蚌埠市兰凤路学校,2050121 蚌埠市兰凤路学校,本科及以上,地理科学类（专业代码0705）,,笔试+面试,,,学段：初级中学；学科：地理；招聘人数：1,安徽 蚌埠蚌山区,https://www.xduim.com/zw/jszk,,专业：地理科学类（专业代码0705）
2024,教师,2024安徽教师招考,蚌埠市蓝天路小学,2061022 蚌埠市蓝天路小学,本科及以上,专业不限,,笔试+面试,,,学段：小学；学科：语文；招聘人数：1,安徽 蚌埠蚌山区,https://www.xduim.com/zw/jszk,,专业：专业不限
2024,教师,2024安徽教师招考,蚌埠慕远学校,2070123 蚌埠慕远学校,本科及以上,心理学类（专业代码0711）,,笔试+面试,,,学段：初级中学；学科：心理健康教育；招聘人数：1,安徽 蚌埠蚌山区,https://www.xduim.com/zw/jszk,,专业：心理学类（专业代码0711）
2024,教师,2024安徽教师招考,蚌埠慕远学校,2070124 蚌埠慕远学校,本科及以上,历史学类（专业代码0601）,,笔试+面试,,,学段：初级中学；学科：历史；招聘人数：1,安徽 蚌埠蚌山区,https://www.xduim.com/zw/jszk,,专业：历史学类（专业代码0601）
2023,教师,2023安徽教师招考,蚌埠第一实验学校城南校区,2305021 蚌埠第一实验学校城南校区,本科及以上,科学教育040102、物理学类0702、化学类0703、地理科学类0705、生物科学类0710,,笔试+面试,,,学段：小学；学科：科学；招聘人数：3,安徽 蚌埠蚌山区,https://www.xduim.com/zw/jszk,,专业：科学教育040102、物理学类0702、化学类0703、地理科学类0705、生物科学类0710
2023,教师,2023安徽教师招考,蚌埠第一实验学校城南校区,2305022 蚌埠第一实验学校城南校区,本科及以上,体育教育040201、运动训练040202K、武术与民族传统体育040204K、体能训练040208T,,笔试+面试,,,学段：小学；学科：体育；招聘人数：3,安徽 蚌埠蚌山区,https://www.xduim.com/zw/jszk,,专业：体育教育040201、运动训练040202K、武术与民族传统体育040204K、体能训练040208T
2023,教师,2023安徽教师招考,蚌埠第一实验学校城南校区,2305023 蚌埠第一实验学校城南校区,本科及以上,美术学130401、绘画130402、雕塑130403、书法学130405T、中国画130406T、漫画130410T、艺术设计学130501、工艺美术130507,,笔试+面试,,,学段：小学；学科：美术；招聘人数：2,安徽 蚌埠蚌山区,https://www.xduim.com/zw/jszk,,专业：美术学130401、绘画130402、雕塑130403、书法学130405T、中国画130406T、漫画130410T、艺术设计学130501、工艺美术130507
2023,教师,2023安徽教师招考,蚌埠第一实验学校初中部,2305024 蚌埠第一实验学校初中部,本科及以上,数学类0701,,笔试+面试,,,学段：初级中学；学科：数学；招聘人数：1,安徽 蚌埠蚌山区,https://www.xduim.com/zw/jszk,,专业：数学类0701
2023,教师,2023安徽教师招考,蚌埠第一实验学校初中部,2305025 蚌埠第一实验学校初中部,本科及以上,英语050201,,笔试+面试,,,学段：初级中学；学科：英语；招聘人数：1,安徽 蚌埠蚌山区,https://www.xduim.com/zw/jszk,,专业：英语050201
2023,教师,2023安徽教师招考,蚌埠第一实验学校初中部,2305026 蚌埠第一实验学校初中部,本科及以上,汉语言文学050101、汉语言050102,,笔试+面试,,,学段：初级中学；学科：语文；招聘人数：1,安徽 蚌埠蚌山区,https://www.xduim.com/zw/jszk,,专业：汉语言文学050101、汉语言050102
2023,教师,2023安徽教师招考,蚌埠第一实验学校初中部,2305027 蚌埠第一实验学校初中部,本科及以上,物理学类0702,,笔试+面试,,,学段：初级中学；学科：物理；招聘人数：1,安徽 蚌埠蚌山区,https://www.xduim.com/zw/jszk,,专业：物理学类0702
2023,教师,2023安徽教师招考,蚌埠第一实验学校汇金校区,2305028 蚌埠第一实验学校汇金校区,本科及以上,数学类0701,,笔试+面试,,,学段：小学；学科：数学；招聘人数：1,安徽 蚌埠蚌山区,https://www.xduim.com/zw/jszk,,专业：数学类0701
2023,教师,2023安徽教师招考,蚌埠第一实验学校汇金校区,2305029 蚌埠第一实验学校汇金校区,本科及以上,汉语言文学050101、汉语言050102、汉语国际教育050103、古典文献学050105、应用语言学050106T、中国语言与文化050108T、小学教育040107,,笔试+面试,,,学段：小学；学科：语文；招聘人数：1,安徽 蚌埠蚌山区,https://www.xduim.com/zw/jszk,,专业：汉语言文学050101、汉语言050102、汉语国际教育050103、古典文献学050105、应用语言学050106T、中国语言与文化050108T、小学教育040107
2023,教师,2023安徽教师招考,蚌埠第一实验学校中山校区,2305030 蚌埠第一实验学校中山校区,本科及以上,体育教育040201、运动训练040202K、武术与民族传统体育040204K、体能训练040208T,,笔试+面试,,,学段：小学；学科：体育；招聘人数：1,安徽 蚌埠蚌山区,https://www.xduim.com/zw/jszk,,专业：体育教育040201、运动训练040202K、武术与民族传统体育040204K、体能训练040208T
2023,教师,2023安徽教师招考,蚌埠第一实验学校中山校区,2305031 蚌埠第一实验学校中山校区,本科及以上,计算机科学与技术080901,,笔试+面试,,,学段：小学；学科：信息科技；招聘人数：1,安徽 蚌埠蚌山区,https://www.xduim.com/zw/jszk,,专业：计算机科学与技术080901
2023,教师,2023安徽教师招考,蚌埠二十六中学,2305032 蚌埠二十六中学,本科及以上,汉语言文学050101、汉语言050102、汉语国际教育050103；,,笔试+面试,,,学段：初级中学；学科：语文；招聘人数：1,安徽 蚌埠蚌山区,https://www.xduim.com/zw/jszk,,专业：汉语言文学050101、汉语言050102、汉语国际教育050103；
2023,教师,2023安徽教师招考,蚌埠二十六中学,2305033 蚌埠二十六中学,本科及以上,数学与应用数学070101,,笔试+面试,,,学段：初级中学；学科：数学；招聘人数：1,安徽 蚌埠蚌山区,https://www.xduim.com/zw/jszk,,专业：数学与应用数学070101
2023,教师,2023安徽教师招考,蚌埠二十六中学,2305034 蚌埠二十六中学,本科及以上,英语050201,,笔试+面试,,,学段：初级中学；学科：英语；招聘人数：1,安徽 蚌埠蚌山区,https://www.xduim.com/zw/jszk,,专业：英语050201
2023,教师,2023安徽教师招考,蚌埠二十六中学,2305035 蚌埠二十六中学,本科及以上,物理学类0702,,笔试+面试,,,学段：初级中学；学科：物理；招聘人数：1,安徽 蚌埠蚌山区,https://www.xduim.com/zw/jszk,,专业：物理学类0702
2023,教师,2023安徽教师招考,蚌埠二十六中学,2305036 蚌埠二十六中学,本科及以上,马克思主义理论类0305,,笔试+面试,,,学段：初级中学；学科：道德与法治；招聘人数：1,安徽 蚌埠蚌山区,https://www.xduim.com/zw/jszk,,专业：马克思主义理论类0305
2023,教师,2023安徽教师招考,蚌埠二十六中学,2305037 蚌埠二十六中学,本科及以上,历史学类0601,,笔试+面试,,,学段：初级中学；学科：历史；招聘人数：2,安徽 蚌埠蚌山区,https://www.xduim.com/zw/jszk,,专业：历史学类0601
2023,教师,2023安徽教师招考,蚌埠二十六中学,2305038 蚌埠二十六中学,本科及以上,地理科学类0705,,笔试+面试,,,学段：初级中学；学科：地理；招聘人数：1,安徽 蚌埠蚌山区,https://www.xduim.com/zw/jszk,,专业：地理科学类0705
2023,教师,2023安徽教师招考,蚌埠二十六中学,2305039 蚌埠二十六中学,本科及以上,生物科学类0710,,笔试+面试,,,学段：初级中学；学科：生物；招聘人数：1,安徽 蚌埠蚌山区,https://www.xduim.com/zw/jszk,,专业：生物科学类0710
2023,教师,2023安徽教师招考,蚌埠二十六中学,2305040 蚌埠二十六中学,本科及以上,体育学类0402,,笔试+面试,,,学段：初级中学；学科：体育；招聘人数：2,安徽 蚌埠蚌山区,https://www.xduim.com/zw/jszk,,专业：体育学类0402
2023,教师,2023安徽教师招考,蚌埠二十六中学,2305041 蚌埠二十六中学,本科及以上,音乐与舞蹈学类1302,,笔试+面试,,,学段：初级中学；学科：音乐；招聘人数：1,安徽 蚌埠蚌山区,https://www.xduim.com/zw/jszk,,专业：音乐与舞蹈学类1302
2023,教师,2023安徽教师招考,蚌埠二十六中学燕京小学部,2305042 蚌埠二十六中学燕京小学部,本科及以上,专业不限,,笔试+面试,,,学段：小学；学科：英语；招聘人数：1,安徽 蚌埠蚌山区,https://www.xduim.com/zw/jszk,,专业：专业不限
2023,教师,2023安徽教师招考,蚌埠二十六中学燕京小学部,2305043 蚌埠二十六中学燕京小学部,本科及以上,专业不限,,笔试+面试,,,学段：小学；学科：道德与法治；招聘人数：1,安徽 蚌埠蚌山区,https://www.xduim.com/zw/jszk,,专业：专业不限
2023,教师,2023安徽教师招考,蚌埠二十六中学燕京小学部,2305044 蚌埠二十六中学燕京小学部,本科及以上,专业不限,,笔试+面试,,,学段：小学；学科：体育；招聘人数：1,安徽 蚌埠蚌山区,https://www.xduim.com/zw/jszk,,专业：专业不限
2023,教师,2023安徽教师招考,蚌埠二十六中学燕京小学部,2305045 蚌埠二十六中学燕京小学部,本科及以上,专业不限,,笔试+面试,,,学段：小学；学科：语文；招聘人数：4,安徽 蚌埠蚌山区,https://www.xduim.com/zw/jszk,,专业：专业不限
2023,教师,2023安徽教师招考,蚌埠二十六中学燕京小学部,2305046 蚌埠二十六中学燕京小学部,本科及以上,专业不限,,笔试+面试,,,学段：小学；学科：数学；招聘人数：3,安徽 蚌埠蚌山区,https://www.xduim.com/zw/jszk,,专业：专业不限
2023,教师,2023安徽教师招考,蚌埠二十六中学燕京校区中学部,2305047 蚌埠二十六中学燕京校区中学部,本科及以上,汉语言文学050101、汉语言050102、汉语国际教育050103；,,笔试+面试,,,学段：初级中学；学科：语文；招聘人数：2,安徽 蚌埠蚌山区,https://www.xduim.com/zw/jszk,,专业：汉语言文学050101、汉语言050102、汉语国际教育050103；
2023,教师,2023安徽教师招考,蚌埠二十六中学燕京校区中学部,2305048 蚌埠二十六中学燕京校区中学部,本科及以上,数学与应用数学070101,,笔试+面试,,,学段：初级中学；学科：数学；招聘人数：2,安徽 蚌埠蚌山区,https://www.xduim.com/zw/jszk,,专业：数学与应用数学070101
2023,教师,2023安徽教师招考,蚌埠二十六中学燕京校区中学部,2305049 蚌埠二十六中学燕京校区中学部,本科及以上,英语050201,,笔试+面试,,,学段：初级中学；学科：英语；招聘人数：2,安徽 蚌埠蚌山区,https://www.xduim.com/zw/jszk,,专业：英语050201
2023,教师,2023安徽教师招考,蚌埠二十六中学燕京校区中学部,2305050 蚌埠二十六中学燕京校区中学部,本科及以上,物理学类0702,,笔试+面试,,,学段：初级中学；学科：物理；招聘人数：1,安徽 蚌埠蚌山区,https://www.xduim.com/zw/jszk,,专业：物理学类0702
2023,教师,2023安徽教师招考,蚌埠二十六中学燕京校区中学部,2305051 蚌埠二十六中学燕京校区中学部,本科及以上,化学类0703,,笔试+面试,,,学段：初级中学；学科：化学；招聘人数：1,安徽 蚌埠蚌山区,https://www.xduim.com/zw/jszk,,专业：化学类0703
2023,教师,2023安徽教师招考,蚌埠二十六中学燕京校区中学部,2305052 蚌埠二十六中学燕京校区中学部,本科及以上,生物科学类0710,,笔试+面试,,,学段：初级中学；学科：生物；招聘人数：1,安徽 蚌埠蚌山区,https://www.xduim.com/zw/jszk,,专业：生物科学类0710
2023,教师,2023安徽教师招考,蚌埠二十六中学燕京校区中学部,2305053 蚌埠二十六中学燕京校区中学部,本科及以上,美术学类1304,,笔试+面试,,,学段：初级中学；学科：美术；招聘人数：1,安徽 蚌埠蚌山区,https://www.xduim.com/zw/jszk,,专业：美术学类1304
2023,教师,2023安徽教师招考,蚌埠二十六中学燕京校区中学部,2305054 蚌埠二十六中学燕京校区中学部,本科及以上,汉语言文学050101、汉语言050102、汉语国际教育050103,,笔试+面试,,,学段：初级中学；学科：语文；招聘人数：2,安徽 蚌埠蚌山区,https://www.xduim.com/zw/jszk,,专业：汉语言文学050101、汉语言050102、汉语国际教育050103
2023,教师,2023安徽教师招考,蚌埠二十六中学燕京校区中学部,2305055 蚌埠二十六中学燕京校区中学部,本科及以上,数学与应用数学070101,,笔试+面试,,,学段：初级中学；学科：数学；招聘人数：1,安徽 蚌埠蚌山区,https://www.xduim.com/zw/jszk,,专业：数学与应用数学070101
2023,教师,2023安徽教师招考,蚌埠二十六中学燕京校区中学部,2305056 蚌埠二十六中学燕京校区中学部,本科及以上,英语050201,,笔试+面试,,,学段：初级中学；学科：英语；招聘人数：2,安徽 蚌埠蚌山区,https://www.xduim.com/zw/jszk,,专业：英语050201
2023,教师,2023安徽教师招考,蚌埠二十六中学燕京校区中学部,2305057 蚌埠二十六中学燕京校区中学部,本科及以上,马克思主义理论类0305,,笔试+面试,,,学段：初级中学；学科：道德与法治；招聘人数：2,安徽 蚌埠蚌山区,https://www.xduim.com/zw/jszk,,专业：马克思主义理论类0305
2023,教师,2023安徽教师招考,蚌埠二十六中学燕京校区中学部,2305058 蚌埠二十六中学燕京校区中学部,本科及以上,历史学类0601,,笔试+面试,,,学段：初级中学；学科：历史；招聘人数：1,安徽 蚌埠蚌山区,https://www.xduim.com/zw/jszk,,专业：历史学类0601
2023,教师,2023安徽教师招考,蚌埠二十六中学燕京校区中学部,2305059 蚌埠二十六中学燕京校区中学部,本科及以上,地理科学类0705,,笔试+面试,,,学段：初级中学；学科：地理；招聘人数：1,安徽 蚌埠蚌山区,https://www.xduim.com/zw/jszk,,专业：地理科学类0705
2023,教师,2023安徽教师招考,蚌埠二十六中学燕京校区中学部,2305060 蚌埠二十六中学燕京校区中学部,本科及以上,体育学类0402,,笔试+面试,,,学段：初级中学；学科：体育；招聘人数：2,安徽 蚌埠蚌山区,https://www.xduim.com/zw/jszk,,专业：体育学类0402
2023,教师,2023安徽教师招考,蚌埠二十六中学燕京校区中学部,2305061 蚌埠二十六中学燕京校区中学部,本科及以上,计算机类0809、教育技术学040104,,笔试+面试,,,学段：初级中学；学科：信息科技；招聘人数：2,安徽 蚌埠蚌山区,https://www.xduim.com/zw/jszk,,专业：计算机类0809、教育技术学040104
2023,教师,2023安徽教师招考,蚌埠六中教育集团滨湖校区,2305062 蚌埠六中教育集团滨湖校区,本科及以上,专业不限,,笔试+面试,,,学段：初级中学；学科：语文；招聘人数：1,安徽 蚌埠蚌山区,https://www.xduim.com/zw/jszk,,专业：专业不限
2023,教师,2023安徽教师招考,蚌埠六中教育集团滨湖校区,2305063 蚌埠六中教育集团滨湖校区,本科及以上,专业不限,,笔试+面试,,,学段：初级中学；学科：数学；招聘人数：1,安徽 蚌埠蚌山区,https://www.xduim.com/zw/jszk,,专业：专业不限
2023,教师,2023安徽教师招考,蚌埠六中教育集团滨湖校区,2305064 蚌埠六中教育集团滨湖校区,本科及以上,专业不限,,笔试+面试,,,学段：初级中学；学科：英语；招聘人数：1,安徽 蚌埠蚌山区,https://www.xduim.com/zw/jszk,,专业：专业不限
2023,教师,2023安徽教师招考,蚌埠六中教育集团滨湖校区,2305065 蚌埠六中教育集团滨湖校区,本科及以上,专业不限,,笔试+面试,,,学段：初级中学；学科：物理；招聘人数：1,安徽 蚌埠蚌山区,https://www.xduim.com/zw/jszk,,专业：专业不限
2023,教师,2023安徽教师招考,蚌埠六中教育集团滨湖校区,2305066 蚌埠六中教育集团滨湖校区,本科及以上,专业不限,,笔试+面试,,,学段：初级中学；学科：地理；招聘人数：1,安徽 蚌埠蚌山区,https://www.xduim.com/zw/jszk,,专业：专业不限
2023,教师,2023安徽教师招考,蚌埠六中教育集团滨湖校区,2305067 蚌埠六中教育集团滨湖校区,本科及以上,专业不限,,笔试+面试,,,学段：初级中学；学科：体育；招聘人数：1,安徽 蚌埠蚌山区,https://www.xduim.com/zw/jszk,,专业：专业不限
2023,教师,2023安徽教师招考,蚌埠六中教育集团滨湖校区,2305068 蚌埠六中教育集团滨湖校区,本科及以上,专业不限,,笔试+面试,,,学段：小学；学科：语文；招聘人数：5,安徽 蚌埠蚌山区,https://www.xduim.com/zw/jszk,,专业：专业不限
2023,教师,2023安徽教师招考,蚌埠六中教育集团滨湖校区,2305069 蚌埠六中教育集团滨湖校区,本科及以上,专业不限,,笔试+面试,,,学段：小学；学科：数学；招聘人数：3,安徽 蚌埠蚌山区,https://www.xduim.com/zw/jszk,,专业：专业不限
2023,教师,2023安徽教师招考,蚌埠六中教育集团滨湖校区,2305070 蚌埠六中教育集团滨湖校区,本科及以上,专业不限,,笔试+面试,,,学段：小学；学科：音乐；招聘人数：1,安徽 蚌埠蚌山区,https://www.xduim.com/zw/jszk,,专业：专业不限
2023,教师,2023安徽教师招考,蚌埠六中教育集团滨湖校区,2305071 蚌埠六中教育集团滨湖校区,本科及以上,专业不限,,笔试+面试,,,学段：初级中学；学科：语文；招聘人数：2,安徽 蚌埠蚌山区,https://www.xduim.com/zw/jszk,,专业：专业不限
2023,教师,2023安徽教师招考,蚌埠六中教育集团滨湖校区,2305072 蚌埠六中教育集团滨湖校区,本科及以上,专业不限,,笔试+面试,,,学段：初级中学；学科：数学；招聘人数：1,安徽 蚌埠蚌山区,https://www.xduim.com/zw/jszk,,专业：专业不限
2023,教师,2023安徽教师招考,蚌埠六中教育集团滨湖校区,2305073 蚌埠六中教育集团滨湖校区,本科及以上,专业不限,,笔试+面试,,,学段：初级中学；学科：英语；招聘人数：1,安徽 蚌埠蚌山区,https://www.xduim.com/zw/jszk,,专业：专业不限
2023,教师,2023安徽教师招考,蚌埠六中教育集团滨湖校区,2305074 蚌埠六中教育集团滨湖校区,本科及以上,专业不限,,笔试+面试,,,学段：初级中学；学科：历史；招聘人数：1,安徽 蚌埠蚌山区,https://www.xduim.com/zw/jszk,,专业：专业不限
2023,教师,2023安徽教师招考,蚌埠六中教育集团滨湖校区,2305075 蚌埠六中教育集团滨湖校区,本科及以上,专业不限,,笔试+面试,,,学段：初级中学；学科：美术；招聘人数：1,安徽 蚌埠蚌山区,https://www.xduim.com/zw/jszk,,专业：专业不限
2023,教师,2023安徽教师招考,蚌埠六中教育集团滨湖校区,2305076 蚌埠六中教育集团滨湖校区,本科及以上,专业不限,,笔试+面试,,,学段：初级中学；学科：道德与法治；招聘人数：1,安徽 蚌埠蚌山区,https://www.xduim.com/zw/jszk,,专业：专业不限
2023,教师,2023安徽教师招考,蚌埠六中教育集团滨湖校区,2305077 蚌埠六中教育集团滨湖校区,本科及以上,专业不限,,笔试+面试,,,学段：初级中学；学科：生物；招聘人数：1,安徽 蚌埠蚌山区,https://www.xduim.com/zw/jszk,,专业：专业不限
2023,教师,2023安徽教师招考,蚌埠六中教育集团滨湖校区,2305078 蚌埠六中教育集团滨湖校区,本科及以上,专业不限,,笔试+面试,,,学段：小学；学科：语文；招聘人数：4,安徽 蚌埠蚌山区,https://www.xduim.com/zw/jszk,,专业：专业不限
2023,教师,2023安徽教师招考,蚌埠六中教育集团滨湖校区,2305079 蚌埠六中教育集团滨湖校区,本科及以上,专业不限,,笔试+面试,,,学段：小学；学科：数学；招聘人数：2,安徽 蚌埠蚌山区,https://www.xduim.com/zw/jszk,,专业：专业不限
2023,教师,2023安徽教师招考,蚌埠六中教育集团滨湖校区,2305080 蚌埠六中教育集团滨湖校区,本科及以上,专业不限,,笔试+面试,,,学段：小学；学科：科学；招聘人数：1,安徽 蚌埠蚌山区,https://www.xduim.com/zw/jszk,,专业：专业不限
2023,教师,2023安徽教师招考,蚌埠六中教育集团滨湖校区,2305081 蚌埠六中教育集团滨湖校区,本科及以上,专业不限,,笔试+面试,,,学段：小学；学科：美术；招聘人数：1,安徽 蚌埠蚌山区,https://www.xduim.com/zw/jszk,,专业：专业不限
2023,教师,2023安徽教师招考,蚌埠六中教育集团滨湖校区,2305082 蚌埠六中教育集团滨湖校区,本科及以上,专业不限,,笔试+面试,,,学段：小学；学科：英语；招聘人数：1,安徽 蚌埠蚌山区,https://www.xduim.com/zw/jszk,,专业：专业不限
2023,教师,2023安徽教师招考,蚌埠六中教育集团滨湖校区,2305083 蚌埠六中教育集团滨湖校区,本科及以上,专业不限,,笔试+面试,,,学段：小学；学科：体育；招聘人数：1,安徽 蚌埠蚌山区,https://www.xduim.com/zw/jszk,,专业：专业不限
2023,教师,2023安徽教师招考,蚌埠慕远学校,2305084 蚌埠慕远学校,本科及以上,汉语言文学050101、汉语言050102、小学教育040107,,笔试+面试,,,学段：小学；学科：语文；招聘人数：2,安徽 蚌埠蚌山区,https://www.xduim.com/zw/jszk,,专业：汉语言文学050101、汉语言050102、小学教育040107
2023,教师,2023安徽教师招考,蚌埠慕远学校,2305085 蚌埠慕远学校,本科及以上,音乐表演130201、音乐学130202、舞蹈表演130204、舞蹈学130205、舞蹈编导130206、舞蹈教育130207T、流行音乐130209T、音乐治疗130210T、流行舞蹈130211T、表演130301、播音与主持艺术130309、小学教育040107,,笔试+面试,,,学段：小学；学科：音乐；招聘人数：1,安徽 蚌埠蚌山区,https://www.xduim.com/zw/jszk,,专业：音乐表演130201、音乐学130202、舞蹈表演130204、舞蹈学130205、舞蹈编导130206、舞蹈教育130207T、流行音乐130209T、音乐治疗130210T、流行舞蹈130211T、表演130301、播音与主持艺术130309、小学教育040107
2023,教师,2023安徽教师招考,蚌埠慕远学校,2305086 蚌埠慕远学校,本科及以上,戏剧影视美术设计130307、动画130310、美术学130401、绘画130402、雕塑130403、摄影130404、书法学130405T、中国画130406T、漫画130410T、设计学类1305（不含陶瓷艺术设计130510TK）、艺术教育040105,,笔试+面试,,,学段：小学；学科：美术；招聘人数：1,安徽 蚌埠蚌山区,https://www.xduim.com/zw/jszk,,专业：戏剧影视美术设计130307、动画130310、美术学130401、绘画130402、雕塑130403、摄影130404、书法学130405T、中国画130406T、漫画130410T、设计学类1305（不含陶瓷艺术设计130510TK）、艺术教育040105
2023,教师,2023安徽教师招考,蚌埠慕远学校,2305087 蚌埠慕远学校,本科及以上,英语050201、商务英语050262,,笔试+面试,,,学段：小学；学科：英语；招聘人数：1,安徽 蚌埠蚌山区,https://www.xduim.com/zw/jszk,,专业：英语050201、商务英语050262
2023,教师,2023安徽教师招考,蚌埠慕远学校,2305088 蚌埠慕远学校,本科及以上,数学类0701、小学教育040107,,笔试+面试,,,学段：小学；学科：数学；招聘人数：1,安徽 蚌埠蚌山区,https://www.xduim.com/zw/jszk,,专业：数学类0701、小学教育040107
2023,教师,2023安徽教师招考,蚌埠慕远学校,2305089 蚌埠慕远学校,本科及以上,汉语言文学050101、汉语言050102、汉语国际教育050103,,笔试+面试,,,学段：初级中学；学科：语文；招聘人数：1,安徽 蚌埠蚌山区,https://www.xduim.com/zw/jszk,,专业：汉语言文学050101、汉语言050102、汉语国际教育050103
2023,教师,2023安徽教师招考,蚌埠慕远学校,2305090 蚌埠慕远学校,本科及以上,数学类0701,,笔试+面试,,,学段：初级中学；学科：数学；招聘人数：1,安徽 蚌埠蚌山区,https://www.xduim.com/zw/jszk,,专业：数学类0701
2023,教师,2023安徽教师招考,蚌埠慕远学校,2305091 蚌埠慕远学校,本科及以上,物理学070201,,笔试+面试,,,学段：初级中学；学科：物理；招聘人数：1,安徽 蚌埠蚌山区,https://www.xduim.com/zw/jszk,,专业：物理学070201
2023,教师,2023安徽教师招考,蚌埠慕远学校,2305092 蚌埠慕远学校,本科及以上,体育教育040201、运动训练040202K、社会体育指导与管理040203、武术与民族传统体育040204K、运动人体科学040205、运动康复040206T、休闲体育040207T、体能训练040208T、冰雪运动040209T,,笔试+面试,,,学段：小学；学科：体育；招聘人数：1,安徽 蚌埠蚌山区,https://www.xduim.com/zw/jszk,,专业：体育教育040201、运动训练040202K、社会体育指导与管理040203、武术与民族传统体育040204K、运动人体科学040205、运动康复040206T、休闲体育040207T、体能训练040208T、冰雪运动040209T
2023,教师,2023安徽教师招考,蚌埠慕远学校,2305093 蚌埠慕远学校,本科及以上,书法学130405T,,笔试+面试,,,学段：小学；学科：美术；招聘人数：1,安徽 蚌埠蚌山区,https://www.xduim.com/zw/jszk,,专业：书法学130405T
2023,教师,2023安徽教师招考,蚌埠慕远学校,2305094 蚌埠慕远学校,本科及以上,汉语言文学050101、汉语言050102、小学教育040107,,笔试+面试,,,学段：小学；学科：语文；招聘人数：2,安徽 蚌埠蚌山区,https://www.xduim.com/zw/jszk,,专业：汉语言文学050101、汉语言050102、小学教育040107
2023,教师,2023安徽教师招考,蚌埠慕远学校,2305095 蚌埠慕远学校,本科及以上,数学类0701、小学教育040107,,笔试+面试,,,学段：小学；学科：数学；招聘人数：1,安徽 蚌埠蚌山区,https://www.xduim.com/zw/jszk,,专业：数学类0701、小学教育040107
2023,教师,2023安徽教师招考,蚌埠慕远学校,2305096 蚌埠慕远学校,本科及以上,物理学类0702、化学类0703、地理科学类0705、大气科学类0706、海洋科学类0707、地球物理学类0708、地质学类0709、生物科学类0710、科学教育040102、小学教育040107,,笔试+面试,,,学段：小学；学科：科学；招聘人数：1,安徽 蚌埠蚌山区,https://www.xduim.com/zw/jszk,,专业：物理学类0702、化学类0703、地理科学类0705、大气科学类0706、海洋科学类0707、地球物理学类0708、地质学类0709、生物科学类0710、科学教育040102、小学教育040107
2023,教师,2023安徽教师招考,蚌埠慕远学校,2305097 蚌埠慕远学校,本科及以上,体育教育040201、运动训练040202K、社会体育指导与管理040203、武术与民族传统体育040204K、运动人体科学040205、运动康复040206T、休闲体育040207T、体能训练040208T、冰雪运动040209T,,笔试+面试,,,学段：小学；学科：体育；招聘人数：1,安徽 蚌埠蚌山区,https://www.xduim.com/zw/jszk,,专业：体育教育040201、运动训练040202K、社会体育指导与管理040203、武术与民族传统体育040204K、运动人体科学040205、运动康复040206T、休闲体育040207T、体能训练040208T、冰雪运动040209T
2023,教师,2023安徽教师招考,蚌埠慕远学校,2305098 蚌埠慕远学校,本科及以上,政治学类0302、马克思主义理论类0305、小学教育040107,,笔试+面试,,,学段：小学；学科：道德与法治；招聘人数：1,安徽 蚌埠蚌山区,https://www.xduim.com/zw/jszk,,专业：政治学类0302、马克思主义理论类0305、小学教育040107
2023,教师,2023安徽教师招考,蚌埠慕远学校,2305099 蚌埠慕远学校,本科及以上,汉语言文学050101、汉语言050102、汉语国际教育050103,,笔试+面试,,,学段：初级中学；学科：语文；招聘人数：3,安徽 蚌埠蚌山区,https://www.xduim.com/zw/jszk,,专业：汉语言文学050101、汉语言050102、汉语国际教育050103
2023,教师,2023安徽教师招考,蚌埠慕远学校,2305100 蚌埠慕远学校,本科及以上,生物科学071001、生物技术071002,,笔试+面试,,,学段：初级中学；学科：生物；招聘人数：1,安徽 蚌埠蚌山区,https://www.xduim.com/zw/jszk,,专业：生物科学071001、生物技术071002
2023,教师,2023安徽教师招考,蚌埠慕远学校,2305101 蚌埠慕远学校,本科及以上,地理科学类0705,,笔试+面试,,,学段：初级中学；学科：地理；招聘人数：2,安徽 蚌埠蚌山区,https://www.xduim.com/zw/jszk,,专业：地理科学类0705
2023,教师,2023安徽教师招考,蚌埠慕远学校,2305102 蚌埠慕远学校,本科及以上,政治学类0302、马克思主义理论类0305,,笔试+面试,,,学段：初级中学；学科：道德与法治；招聘人数：1,安徽 蚌埠蚌山区,https://www.xduim.com/zw/jszk,,专业：政治学类0302、马克思主义理论类0305
2023,教师,2023安徽教师招考,蚌埠南山学校,2305103 蚌埠南山学校,本科及以上,专业不限,,笔试+面试,,,学段：初级中学；学科：数学；招聘人数：1,安徽 蚌埠蚌山区,https://www.xduim.com/zw/jszk,,专业：专业不限
2023,教师,2023安徽教师招考,蚌埠南山学校,2305104 蚌埠南山学校,本科及以上,专业不限,,笔试+面试,,,学段：初级中学；学科：物理；招聘人数：1,安徽 蚌埠蚌山区,https://www.xduim.com/zw/jszk,,专业：专业不限
2023,教师,2023安徽教师招考,蚌埠南山学校,2305105 蚌埠南山学校,本科及以上,专业不限,,笔试+面试,,,学段：初级中学；学科：语文；招聘人数：1,安徽 蚌埠蚌山区,https://www.xduim.com/zw/jszk,,专业：专业不限
2023,教师,2023安徽教师招考,蚌埠南山学校,2305106 蚌埠南山学校,本科及以上,专业不限,,笔试+面试,,,学段：初级中学；学科：历史；招聘人数：1,安徽 蚌埠蚌山区,https://www.xduim.com/zw/jszk,,专业：专业不限
2023,教师,2023安徽教师招考,蚌埠南山学校,2305107 蚌埠南山学校,本科及以上,专业不限,,笔试+面试,,,学段：初级中学；学科：道德与法治；招聘人数：1,安徽 蚌埠蚌山区,https://www.xduim.com/zw/jszk,,专业：专业不限
2023,教师,2023安徽教师招考,蚌埠南山学校,2305108 蚌埠南山学校,本科及以上,专业不限,,笔试+面试,,,学段：初级中学；学科：化学；招聘人数：1,安徽 蚌埠蚌山区,https://www.xduim.com/zw/jszk,,专业：专业不限
2023,教师,2023安徽教师招考,蚌埠市晨光小学,2305109 蚌埠市晨光小学,本科及以上,专业不限,,笔试+面试,,,学段：小学；学科：体育；招聘人数：1,安徽 蚌埠蚌山区,https://www.xduim.com/zw/jszk,,专业：专业不限
2023,教师,2023安徽教师招考,蚌埠市瀚林小学,2305110 蚌埠市瀚林小学,本科及以上,专业不限,,笔试+面试,,,学段：小学；学科：语文；招聘人数：2,安徽 蚌埠蚌山区,https://www.xduim.com/zw/jszk,,专业：专业不限
2023,教师,2023安徽教师招考,蚌埠市瀚林小学,2305111 蚌埠市瀚林小学,本科及以上,专业不限,,笔试+面试,,,学段：小学；学科：数学；招聘人数：1,安徽 蚌埠蚌山区,https://www.xduim.com/zw/jszk,,专业：专业不限
2023,教师,2023安徽教师招考,蚌埠市瀚林小学,2305112 蚌埠市瀚林小学,本科及以上,专业不限,,笔试+面试,,,学段：小学；学科：英语；招聘人数：2,安徽 蚌埠蚌山区,https://www.xduim.com/zw/jszk,,专业：专业不限
2023,教师,2023安徽教师招考,蚌埠市瀚林小学,2305113 蚌埠市瀚林小学,本科及以上,专业不限,,笔试+面试,,,学段：小学；学科：体育；招聘人数：1,安徽 蚌埠蚌山区,https://www.xduim.com/zw/jszk,,专业：专业不限
2023,教师,2023安徽教师招考,蚌埠市瀚林小学,2305114 蚌埠市瀚林小学,本科及以上,专业不限,,笔试+面试,,,学段：小学；学科：体育；招聘人数：1,安徽 蚌埠蚌山区,https://www.xduim.com/zw/jszk,,专业：专业不限
2023,教师,2023安徽教师招考,蚌埠市蓝天路小学,2305115 蚌埠市蓝天路小学,本科及以上,专业不限,,笔试+面试,,,学段：小学；学科：语文；招聘人数：11,安徽 蚌埠蚌山区,https://www.xduim.com/zw/jszk,,专业：专业不限
2023,教师,2023安徽教师招考,蚌埠市蓝天路小学,2305116 蚌埠市蓝天路小学,本科及以上,专业不限,,笔试+面试,,,学段：小学；学科：数学；招聘人数：4,安徽 蚌埠蚌山区,https://www.xduim.com/zw/jszk,,专业：专业不限
2023,教师,2023安徽教师招考,蚌埠市蓝天路小学,2305117 蚌埠市蓝天路小学,本科及以上,汉语言文学050101、汉语言050102、汉语国际教育050103，小学教育040107,,笔试+面试,,,学段：小学；学科：语文；招聘人数：5,安徽 蚌埠蚌山区,https://www.xduim.com/zw/jszk,,专业：汉语言文学050101、汉语言050102、汉语国际教育050103，小学教育040107
2023,教师,2023安徽教师招考,蚌埠市蓝天路小学,2305118 蚌埠市蓝天路小学,本科及以上,数学类0701、小学教育040107,,笔试+面试,,,学段：小学；学科：数学；招聘人数：2,安徽 蚌埠蚌山区,https://www.xduim.com/zw/jszk,,专业：数学类0701、小学教育040107
2023,教师,2023安徽教师招考,蚌埠市蓝天路小学,2305119 蚌埠市蓝天路小学,本科及以上,音乐与舞蹈学类1302、艺术教育040105、小学教育040107,,笔试+面试,,,学段：小学；学科：音乐；招聘人数：1,安徽 蚌埠蚌山区,https://www.xduim.com/zw/jszk,,专业：音乐与舞蹈学类1302、艺术教育040105、小学教育040107
2023,教师,2023安徽教师招考,蚌埠市蓝天路小学,2305120 蚌埠市蓝天路小学,本科及以上,体育学类0402、小学教育040107,,笔试+面试,,,学段：小学；学科：体育；招聘人数：2,安徽 蚌埠蚌山区,https://www.xduim.com/zw/jszk,,专业：体育学类0402、小学教育040107
2023,教师,2023安徽教师招考,蚌埠市蓝天路小学,2305121 蚌埠市蓝天路小学,本科及以上,美术学类1304、小学教育040107,,笔试+面试,,,学段：小学；学科：美术；招聘人数：2,安徽 蚌埠蚌山区,https://www.xduim.com/zw/jszk,,专业：美术学类1304、小学教育040107
2023,教师,2023安徽教师招考,蚌埠市蓝天路小学,2305122 蚌埠市蓝天路小学,本科及以上,英语050201、小学教育040107,,笔试+面试,,,学段：小学；学科：英语；招聘人数：1,安徽 蚌埠蚌山区,https://www.xduim.com/zw/jszk,,专业：英语050201、小学教育040107
2023,教师,2023安徽教师招考,蚌埠市蓝天路小学,2305123 蚌埠市蓝天路小学,本科及以上,物理学类0702、化学类0703、天文学类0704、地理科学类0705、大气科学类0706、海洋科学类0707、地球物理学类0708、地质学类0709、生物科学类0710、小学教育040107,,笔试+面试,,,学段：小学；学科：科学；招聘人数：1,安徽 蚌埠蚌山区,https://www.xduim.com/zw/jszk,,专业：物理学类0702、化学类0703、天文学类0704、地理科学类0705、大气科学类0706、海洋科学类0707、地球物理学类0708、地质学类0709、生物科学类0710、小学教育040107
2023,教师,2023安徽教师招考,蚌埠市学海路学校,2305124 蚌埠市学海路学校,本科及以上,汉语言文学050101、汉语言050102、汉语国际教育050103、小学教育040107,,笔试+面试,,,学段：小学；学科：语文；招聘人数：7,安徽 蚌埠蚌山区,https://www.xduim.com/zw/jszk,,专业：汉语言文学050101、汉语言050102、汉语国际教育050103、小学教育040107
2023,教师,2023安徽教师招考,蚌埠市学海路学校,2305125 蚌埠市学海路学校,本科及以上,专业不限,,笔试+面试,,,学段：小学；学科：数学；招聘人数：4,安徽 蚌埠蚌山区,https://www.xduim.com/zw/jszk,,专业：专业不限
2023,教师,2023安徽教师招考,蚌埠市学海路学校,2305126 蚌埠市学海路学校,本科及以上,专业不限,,笔试+面试,,,学段：小学；学科：英语；招聘人数：1,安徽 蚌埠蚌山区,https://www.xduim.com/zw/jszk,,专业：专业不限
2023,教师,2023安徽教师招考,蚌埠市学海路学校,2305127 蚌埠市学海路学校,本科及以上,专业不限,,笔试+面试,,,学段：小学；学科：美术；招聘人数：1,安徽 蚌埠蚌山区,https://www.xduim.com/zw/jszk,,专业：专业不限
2023,教师,2023安徽教师招考,蚌埠市学海路学校,2305128 蚌埠市学海路学校,本科及以上,汉语言文学050101、汉语言050102、汉语国际教育050103,,笔试+面试,,,学段：初级中学；学科：语文；招聘人数：2,安徽 蚌埠蚌山区,https://www.xduim.com/zw/jszk,,专业：汉语言文学050101、汉语言050102、汉语国际教育050103
2023,教师,2023安徽教师招考,蚌埠市学海路学校,2305129 蚌埠市学海路学校,本科及以上,专业不限,,笔试+面试,,,学段：初级中学；学科：数学；招聘人数：2,安徽 蚌埠蚌山区,https://www.xduim.com/zw/jszk,,专业：专业不限
2023,教师,2023安徽教师招考,蚌埠市学海路学校,2305130 蚌埠市学海路学校,本科及以上,专业不限,,笔试+面试,,,学段：初级中学；学科：英语；招聘人数：2,安徽 蚌埠蚌山区,https://www.xduim.com/zw/jszk,,专业：专业不限
2023,教师,2023安徽教师招考,蚌埠市学海路学校,2305131 蚌埠市学海路学校,本科及以上,专业不限,,笔试+面试,,,学段：初级中学；学科：道德与法治；招聘人数：1,安徽 蚌埠蚌山区,https://www.xduim.com/zw/jszk,,专业：专业不限
2023,教师,2023安徽教师招考,蚌埠市学海路学校,2305132 蚌埠市学海路学校,本科及以上,汉语言文学050101、汉语言050102、汉语国际教育050103，小学教育040107,,笔试+面试,,,学段：小学；学科：语文；招聘人数：3,安徽 蚌埠蚌山区,https://www.xduim.com/zw/jszk,,专业：汉语言文学050101、汉语言050102、汉语国际教育050103，小学教育040107
2023,教师,2023安徽教师招考,蚌埠市学海路学校,2305133 蚌埠市学海路学校,本科及以上,专业不限,,笔试+面试,,,学段：小学；学科：数学；招聘人数：4,安徽 蚌埠蚌山区,https://www.xduim.com/zw/jszk,,专业：专业不限
2023,教师,2023安徽教师招考,蚌埠市学海路学校,2305134 蚌埠市学海路学校,本科及以上,专业不限,,笔试+面试,,,学段：小学；学科：英语；招聘人数：2,安徽 蚌埠蚌山区,https://www.xduim.com/zw/jszk,,专业：专业不限
2023,教师,2023安徽教师招考,蚌埠市学海路学校,2305135 蚌埠市学海路学校,本科及以上,专业不限,,笔试+面试,,,学段：小学；学科：体育；招聘人数：1,安徽 蚌埠蚌山区,https://www.xduim.com/zw/jszk,,专业：专业不限
2023,教师,2023安徽教师招考,蚌埠市学海路学校,2305136 蚌埠市学海路学校,本科及以上,汉语言文学050101、汉语言050102、汉语国际教育050103,,笔试+面试,,,学段：初级中学；学科：语文；招聘人数：2,安徽 蚌埠蚌山区,https://www.xduim.com/zw/jszk,,专业：汉语言文学050101、汉语言050102、汉语国际教育050103
2023,教师,2023安徽教师招考,蚌埠市学海路学校,2305137 蚌埠市学海路学校,本科及以上,专业不限,,笔试+面试,,,学段：初级中学；学科：数学；招聘人数：2,安徽 蚌埠蚌山区,https://www.xduim.com/zw/jszk,,专业：专业不限
2023,教师,2023安徽教师招考,蚌埠市学海路学校,2305138 蚌埠市学海路学校,本科及以上,专业不限,,笔试+面试,,,学段：初级中学；学科：英语；招聘人数：2,安徽 蚌埠蚌山区,https://www.xduim.com/zw/jszk,,专业：专业不限
2023,教师,2023安徽教师招考,蚌埠市学海路学校,2305139 蚌埠市学海路学校,本科及以上,专业不限,,笔试+面试,,,学段：初级中学；学科：体育；招聘人数：1,安徽 蚌埠蚌山区,https://www.xduim.com/zw/jszk,,专业：专业不限
2023,教师,2023安徽教师招考,蚌埠市学海路学校,2305140 蚌埠市学海路学校,本科及以上,专业不限,,笔试+面试,,,学段：初级中学；学科：道德与法治；招聘人数：1,安徽 蚌埠蚌山区,https://www.xduim.com/zw/jszk,,专业：专业不限
2023,教师,2023安徽教师招考,蚌埠市学海路学校,2305141 蚌埠市学海路学校,本科及以上,专业不限,,笔试+面试,,,学段：初级中学；学科：历史；招聘人数：1,安徽 蚌埠蚌山区,https://www.xduim.com/zw/jszk,,专业：专业不限
2023,教师,2023安徽教师招考,蚌埠市学海路学校,2305142 蚌埠市学海路学校,本科及以上,专业不限,,笔试+面试,,,学段：初级中学；学科：生物；招聘人数：1,安徽 蚌埠蚌山区,https://www.xduim.com/zw/jszk,,专业：专业不限
2023,教师,2023安徽教师招考,蚌埠铁路第三小学,2305143 蚌埠铁路第三小学,本科及以上,专业不限,,笔试+面试,,,学段：小学；学科：语文；招聘人数：2,安徽 蚌埠蚌山区,https://www.xduim.com/zw/jszk,,专业：专业不限
2023,教师,2023安徽教师招考,蚌埠铁路第三小学,2305144 蚌埠铁路第三小学,本科及以上,专业不限,,笔试+面试,,,学段：小学；学科：数学；招聘人数：2,安徽 蚌埠蚌山区,https://www.xduim.com/zw/jszk,,专业：专业不限
2023,教师,2023安徽教师招考,蚌埠铁路第三小学,2305145 蚌埠铁路第三小学,本科及以上,专业不限,,笔试+面试,,,学段：小学；学科：音乐；招聘人数：1,安徽 蚌埠蚌山区,https://www.xduim.com/zw/jszk,,专业：专业不限
2023,教师,2023安徽教师招考,蚌埠铁路第三小学,2305146 蚌埠铁路第三小学,本科及以上,汉语言文学050101、汉语言050102、汉语国际教育050103、古典文献学050105、应用语言学050106T、中国语言与文化050108T、小学教育040107,,笔试+面试,,,学段：小学；学科：语文；招聘人数：2,安徽 蚌埠蚌山区,https://www.xduim.com/zw/jszk,,专业：汉语言文学050101、汉语言050102、汉语国际教育050103、古典文献学050105、应用语言学050106T、中国语言与文化050108T、小学教育040107
2023,教师,2023安徽教师招考,蚌埠铁路第三小学,2305147 蚌埠铁路第三小学,本科及以上,数学类0701、小学教育040107,,笔试+面试,,,学段：小学；学科：数学；招聘人数：2,安徽 蚌埠蚌山区,https://www.xduim.com/zw/jszk,,专业：数学类0701、小学教育040107
2023,教师,2023安徽教师招考,蚌埠铁路第三小学,2305148 蚌埠铁路第三小学,本科及以上,体育教育040201、运动训练040202K、武术与民族传统体育040204K、体能训练040208T,,笔试+面试,,,学段：小学；学科：体育；招聘人数：1,安徽 蚌埠蚌山区,https://www.xduim.com/zw/jszk,,专业：体育教育040201、运动训练040202K、武术与民族传统体育040204K、体能训练040208T
2023,教师,2023安徽教师招考,蚌山小学教育集团蚌山校区,2305149 蚌山小学教育集团蚌山校区,本科及以上,专业不限,,笔试+面试,,,学段：小学；学科：语文；招聘人数：1,安徽 蚌埠蚌山区,https://www.xduim.com/zw/jszk,,专业：专业不限
2023,教师,2023安徽教师招考,蚌山小学教育集团蚌山校区,2305150 蚌山小学教育集团蚌山校区,本科及以上,体育教育040201、运动训练040202K、武术与民族传统体育040204K、体能训练040208T,,笔试+面试,,,学段：小学；学科：体育；招聘人数：1,安徽 蚌埠蚌山区,https://www.xduim.com/zw/jszk,,专业：体育教育040201、运动训练040202K、武术与民族传统体育040204K、体能训练040208T
2023,教师,2023安徽教师招考,蚌山小学教育集团蚌山校区,2305151 蚌山小学教育集团蚌山校区,本科及以上,汉语言文学050101、汉语言050102、汉语国际教育050103、小学教育040107、教育学040101,,笔试+面试,,,学段：小学；学科：语文；招聘人数：1,安徽 蚌埠蚌山区,https://www.xduim.com/zw/jszk,,专业：汉语言文学050101、汉语言050102、汉语国际教育050103、小学教育040107、教育学040101
2023,教师,2023安徽教师招考,蚌山小学教育集团黄山校区,2305152 蚌山小学教育集团黄山校区,本科及以上,专业不限,,笔试+面试,,,学段：小学；学科：语文；招聘人数：5,安徽 蚌埠蚌山区,https://www.xduim.com/zw/jszk,,专业：专业不限
2023,教师,2023安徽教师招考,蚌山小学教育集团黄山校区,2305153 蚌山小学教育集团黄山校区,本科及以上,专业不限,,笔试+面试,,,学段：小学；学科：数学；招聘人数：2,安徽 蚌埠蚌山区,https://www.xduim.com/zw/jszk,,专业：专业不限
2023,教师,2023安徽教师招考,蚌山小学教育集团黄山校区,2305154 蚌山小学教育集团黄山校区,本科及以上,汉语言文学050101、汉语言050102、汉语国际教育050103,,笔试+面试,,,学段：初级中学；学科：语文；招聘人数：2,安徽 蚌埠蚌山区,https://www.xduim.com/zw/jszk,,专业：汉语言文学050101、汉语言050102、汉语国际教育050103
2023,教师,2023安徽教师招考,蚌山小学教育集团黄山校区,2305155 蚌山小学教育集团黄山校区,本科及以上,数学类0701,,笔试+面试,,,学段：初级中学；学科：数学；招聘人数：2,安徽 蚌埠蚌山区,https://www.xduim.com/zw/jszk,,专业：数学类0701
2023,教师,2023安徽教师招考,蚌山小学教育集团黄山校区,2305156 蚌山小学教育集团黄山校区,本科及以上,英语050201,,笔试+面试,,,学段：初级中学；学科：英语；招聘人数：1,安徽 蚌埠蚌山区,https://www.xduim.com/zw/jszk,,专业：英语050201
2023,教师,2023安徽教师招考,蚌山小学教育集团黄山校区,2305157 蚌山小学教育集团黄山校区,本科及以上,生物科学类0710,,笔试+面试,,,学段：初级中学；学科：生物；招聘人数：1,安徽 蚌埠蚌山区,https://www.xduim.com/zw/jszk,,专业：生物科学类0710
2023,教师,2023安徽教师招考,蚌山小学教育集团黄山校区,2305158 蚌山小学教育集团黄山校区,本科及以上,地理科学类0705,,笔试+面试,,,学段：初级中学；学科：地理；招聘人数：2,安徽 蚌埠蚌山区,https://www.xduim.com/zw/jszk,,专业：地理科学类0705
2023,教师,2023安徽教师招考,蚌山小学教育集团黄山校区,2305159 蚌山小学教育集团黄山校区,本科及以上,历史学类0601,,笔试+面试,,,学段：初级中学；学科：历史；招聘人数：2,安徽 蚌埠蚌山区,https://www.xduim.com/zw/jszk,,专业：历史学类0601
2023,教师,2023安徽教师招考,蚌山小学教育集团黄山校区,2305160 蚌山小学教育集团黄山校区,本科及以上,思想政治教育030503,,笔试+面试,,,学段：初级中学；学科：道德与法治；招聘人数：1,安徽 蚌埠蚌山区,https://www.xduim.com/zw/jszk,,专业：思想政治教育030503
2023,教师,2023安徽教师招考,蚌山小学教育集团黄山校区,2305161 蚌山小学教育集团黄山校区,本科及以上,物理学类0702,,笔试+面试,,,学段：初级中学；学科：物理；招聘人数：1,安徽 蚌埠蚌山区,https://www.xduim.com/zw/jszk,,专业：物理学类0702
2023,教师,2023安徽教师招考,蚌山小学教育集团黄山校区,2305162 蚌山小学教育集团黄山校区,本科及以上,音乐表演130201,,笔试+面试,,,学段：初级中学；学科：音乐；招聘人数：1,安徽 蚌埠蚌山区,https://www.xduim.com/zw/jszk,,专业：音乐表演130201
2023,教师,2023安徽教师招考,蚌山小学教育集团黄山校区,2305163 蚌山小学教育集团黄山校区,本科及以上,体育教育040201、运动训练040202K、武术与民族传统体育040204K、体能训练040208T,,笔试+面试,,,学段：初级中学；学科：体育；招聘人数：1,安徽 蚌埠蚌山区,https://www.xduim.com/zw/jszk,,专业：体育教育040201、运动训练040202K、武术与民族传统体育040204K、体能训练040208T
2023,教师,2023安徽教师招考,蚌山小学教育集团黄山校区,2305164 蚌山小学教育集团黄山校区,本科及以上,计算机类0809,,笔试+面试,,,学段：小学；学科：信息科技；招聘人数：1,安徽 蚌埠蚌山区,https://www.xduim.com/zw/jszk,,专业：计算机类0809
2023,教师,2023安徽教师招考,蚌山小学教育集团黄山校区,2305165 蚌山小学教育集团黄山校区,本科及以上,汉语言文学050101、汉语言050102、汉语国际教育050103、小学教育040107、教育学040101,,笔试+面试,,,学段：小学；学科：语文；招聘人数：4,安徽 蚌埠蚌山区,https://www.xduim.com/zw/jszk,,专业：汉语言文学050101、汉语言050102、汉语国际教育050103、小学教育040107、教育学040101
2023,教师,2023安徽教师招考,蚌山小学教育集团黄山校区,2305166 蚌山小学教育集团黄山校区,本科及以上,数学类0701,,笔试+面试,,,学段：小学；学科：数学；招聘人数：2,安徽 蚌埠蚌山区,https://www.xduim.com/zw/jszk,,专业：数学类0701
2023,教师,2023安徽教师招考,蚌山小学教育集团黄山校区,2305167 蚌山小学教育集团黄山校区,本科及以上,音乐表演130201、音乐学130202、舞蹈表演130204、舞蹈学130205、舞蹈编导130206、舞蹈教育130207T,,笔试+面试,,,学段：小学；学科：音乐；招聘人数：1,安徽 蚌埠蚌山区,https://www.xduim.com/zw/jszk,,专业：音乐表演130201、音乐学130202、舞蹈表演130204、舞蹈学130205、舞蹈编导130206、舞蹈教育130207T
2023,教师,2023安徽教师招考,蚌山小学教育集团黄山校区,2305168 蚌山小学教育集团黄山校区,本科及以上,生物科学类0710,,笔试+面试,,,学段：初级中学；学科：生物；招聘人数：1,安徽 蚌埠蚌山区,https://www.xduim.com/zw/jszk,,专业：生物科学类0710
2023,教师,2023安徽教师招考,蚌山小学教育集团黄山校区,2305169 蚌山小学教育集团黄山校区,本科及以上,思想政治教育030503,,笔试+面试,,,学段：初级中学；学科：道德与法治；招聘人数：1,安徽 蚌埠蚌山区,https://www.xduim.com/zw/jszk,,专业：思想政治教育030503
2023,教师,2023安徽教师招考,蚌山小学教育集团黄山校区,2305170 蚌山小学教育集团黄山校区,本科及以上,心理学类0711,,笔试+面试,,,学段：初级中学；学科：心理健康教育；招聘人数：1,安徽 蚌埠蚌山区,https://www.xduim.com/zw/jszk,,专业：心理学类0711
2023,教师,2023安徽教师招考,蚌山小学教育集团黄山校区,2305171 蚌山小学教育集团黄山校区,本科及以上,专业不限,,笔试+面试,,,学段：初级中学；学科：语文；招聘人数：1,安徽 蚌埠蚌山区,https://www.xduim.com/zw/jszk,,专业：专业不限
2023,教师,2023安徽教师招考,蚌山小学教育集团郦都校区,2305172 蚌山小学教育集团郦都校区,本科及以上,专业不限,,笔试+面试,,,学段：小学；学科：语文；招聘人数：3,安徽 蚌埠蚌山区,https://www.xduim.com/zw/jszk,,专业：专业不限
2023,教师,2023安徽教师招考,蚌山小学教育集团郦都校区,2305173 蚌山小学教育集团郦都校区,本科及以上,英语050201,,笔试+面试,,,学段：小学；学科：英语；招聘人数：1,安徽 蚌埠蚌山区,https://www.xduim.com/zw/jszk,,专业：英语050201
2023,教师,2023安徽教师招考,蚌山小学教育集团郦都校区,2305174 蚌山小学教育集团郦都校区,本科及以上,汉语言文学050101、汉语言050102、汉语国际教育050103、小学教育040107、教育学040101,,笔试+面试,,,学段：小学；学科：语文；招聘人数：2,安徽 蚌埠蚌山区,https://www.xduim.com/zw/jszk,,专业：汉语言文学050101、汉语言050102、汉语国际教育050103、小学教育040107、教育学040101
2023,教师,2023安徽教师招考,戴湖小学,2305175 戴湖小学,本科及以上,专业不限,,笔试+面试,,,学段：小学；学科：语文；招聘人数：4,安徽 蚌埠蚌山区,https://www.xduim.com/zw/jszk,,专业：专业不限
2023,教师,2023安徽教师招考,戴湖小学,2305176 戴湖小学,本科及以上,专业不限,,笔试+面试,,,学段：小学；学科：英语；招聘人数：1,安徽 蚌埠蚌山区,https://www.xduim.com/zw/jszk,,专业：专业不限
2023,教师,2023安徽教师招考,戴湖小学,2305177 戴湖小学,本科及以上,专业不限,,笔试+面试,,,学段：小学；学科：数学；招聘人数：2,安徽 蚌埠蚌山区,https://www.xduim.com/zw/jszk,,专业：专业不限
2023,教师,2023安徽教师招考,戴湖小学,2305178 戴湖小学,本科及以上,专业不限,,笔试+面试,,,学段：小学；学科：美术；招聘人数：1,安徽 蚌埠蚌山区,https://www.xduim.com/zw/jszk,,专业：专业不限
2023,教师,2023安徽教师招考,戴湖小学,2305179 戴湖小学,本科及以上,汉语言文学050101、汉语言050102、汉语国际教育050103，小学教育040107,,笔试+面试,,,学段：小学；学科：语文；招聘人数：2,安徽 蚌埠蚌山区,https://www.xduim.com/zw/jszk,,专业：汉语言文学050101、汉语言050102、汉语国际教育050103，小学教育040107
2023,教师,2023安徽教师招考,戴湖小学,2305180 戴湖小学,本科及以上,英语050201、小学教育040107,,笔试+面试,,,学段：小学；学科：英语；招聘人数：1,安徽 蚌埠蚌山区,https://www.xduim.com/zw/jszk,,专业：英语050201、小学教育040107
2023,教师,2023安徽教师招考,戴湖小学,2305181 戴湖小学,本科及以上,数学类0701、小学教育040107,,笔试+面试,,,学段：小学；学科：数学；招聘人数：2,安徽 蚌埠蚌山区,https://www.xduim.com/zw/jszk,,专业：数学类0701、小学教育040107
2023,教师,2023安徽教师招考,戴湖小学,2305182 戴湖小学,本科及以上,美术学类1304,,笔试+面试,,,学段：小学；学科：美术；招聘人数：1,安徽 蚌埠蚌山区,https://www.xduim.com/zw/jszk,,专业：美术学类1304
2023,教师,2023安徽教师招考,戴湖小学,2305183 戴湖小学,本科及以上,马克思主义理论类0305,,笔试+面试,,,学段：小学；学科：道德与法治；招聘人数：1,安徽 蚌埠蚌山区,https://www.xduim.com/zw/jszk,,专业：马克思主义理论类0305
2023,教师,2023安徽教师招考,红旗一路小学,2305184 红旗一路小学,本科及以上,汉语言文学050101、汉语言050102、汉语国际教育050103，小学教育040107,,笔试+面试,,,学段：小学；学科：语文；招聘人数：3,安徽 蚌埠蚌山区,https://www.xduim.com/zw/jszk,,专业：汉语言文学050101、汉语言050102、汉语国际教育050103，小学教育040107
2023,教师,2023安徽教师招考,红旗一路小学,2305185 红旗一路小学,本科及以上,数学与应用数学070101、信息与计算科学070102、数理基础科学070103T、小学教育040107,,笔试+面试,,,学段：小学；学科：数学；招聘人数：2,安徽 蚌埠蚌山区,https://www.xduim.com/zw/jszk,,专业：数学与应用数学070101、信息与计算科学070102、数理基础科学070103T、小学教育040107
2023,教师,2023安徽教师招考,红旗一路小学,2305186 红旗一路小学,本科及以上,英语050201、小学教育040107,,笔试+面试,,,学段：小学；学科：英语；招聘人数：1,安徽 蚌埠蚌山区,https://www.xduim.com/zw/jszk,,专业：英语050201、小学教育040107
2023,教师,2023安徽教师招考,红旗一路小学,2305187 红旗一路小学,本科及以上,体育教育040201、运动训练040202K、休闲体育040207T、体能训练040208T,,笔试+面试,,,学段：小学；学科：体育；招聘人数：1,安徽 蚌埠蚌山区,https://www.xduim.com/zw/jszk,,专业：体育教育040201、运动训练040202K、休闲体育040207T、体能训练040208T
2023,教师,2023安徽教师招考,红旗一路小学,2305188 红旗一路小学,本科及以上,专业不限,,笔试+面试,,,学段：小学；学科：科学；招聘人数：1,安徽 蚌埠蚌山区,https://www.xduim.com/zw/jszk,,专业：专业不限
2023,教师,2023安徽教师招考,红旗一路小学,2305189 红旗一路小学,本科及以上,专业不限,,笔试+面试,,,学段：小学；学科：信息科技；招聘人数：1,安徽 蚌埠蚌山区,https://www.xduim.com/zw/jszk,,专业：专业不限
2023,教师,2023安徽教师招考,红旗一路小学,2305190 红旗一路小学,本科及以上,音乐表演130201、音乐学130202,,笔试+面试,,,学段：小学；学科：音乐；招聘人数：1,安徽 蚌埠蚌山区,https://www.xduim.com/zw/jszk,,专业：音乐表演130201、音乐学130202
2023,教师,2023安徽教师招考,水游城学校,2305191 水游城学校,本科及以上,专业不限,,笔试+面试,,,学段：小学；学科：语文；招聘人数：3,安徽 蚌埠蚌山区,https://www.xduim.com/zw/jszk,,专业：专业不限
2023,教师,2023安徽教师招考,水游城学校,2305192 水游城学校,本科及以上,专业不限,,笔试+面试,,,学段：小学；学科：英语；招聘人数：1,安徽 蚌埠蚌山区,https://www.xduim.com/zw/jszk,,专业：专业不限
2023,教师,2023安徽教师招考,水游城学校,2305193 水游城学校,本科及以上,专业不限,,笔试+面试,,,学段：小学；学科：数学；招聘人数：2,安徽 蚌埠蚌山区,https://www.xduim.com/zw/jszk,,专业：专业不限
2023,教师,2023安徽教师招考,水游城学校,2305194 水游城学校,本科及以上,专业不限,,笔试+面试,,,学段：小学；学科：音乐；招聘人数：1,安徽 蚌埠蚌山区,https://www.xduim.com/zw/jszk,,专业：专业不限
2023,教师,2023安徽教师招考,水游城学校,2305195 水游城学校,本科及以上,专业不限,,笔试+面试,,,学段：初级中学；学科：历史；招聘人数：1,安徽 蚌埠蚌山区,https://www.xduim.com/zw/jszk,,专业：专业不限
2023,教师,2023安徽教师招考,水游城学校,2305196 水游城学校,本科及以上,专业不限,,笔试+面试,,,学段：初级中学；学科：体育；招聘人数：1,安徽 蚌埠蚌山区,https://www.xduim.com/zw/jszk,,专业：专业不限
2023,教师,2023安徽教师招考,水游城学校,2305197 水游城学校,本科及以上,专业不限,,笔试+面试,,,学段：初级中学；学科：语文；招聘人数：1,安徽 蚌埠蚌山区,https://www.xduim.com/zw/jszk,,专业：专业不限
2023,教师,2023安徽教师招考,水游城学校,2305198 水游城学校,本科及以上,专业不限,,笔试+面试,,,学段：初级中学；学科：数学；招聘人数：1,安徽 蚌埠蚌山区,https://www.xduim.com/zw/jszk,,专业：专业不限
2023,教师,2023安徽教师招考,水游城学校,2305199 水游城学校,本科及以上,专业不限,,笔试+面试,,,学段：初级中学；学科：英语；招聘人数：1,安徽 蚌埠蚌山区,https://www.xduim.com/zw/jszk,,专业：专业不限
2023,教师,2023安徽教师招考,水游城学校,2305200 水游城学校,本科及以上,专业不限,,笔试+面试,,,学段：初级中学；学科：道德与法治；招聘人数：1,安徽 蚌埠蚌山区,https://www.xduim.com/zw/jszk,,专业：专业不限
2023,教师,2023安徽教师招考,新城滨湖学校,2305201 新城滨湖学校,本科及以上,历史学类0601,,笔试+面试,,,学段：初级中学；学科：历史；招聘人数：1,安徽 蚌埠蚌山区,https://www.xduim.com/zw/jszk,,专业：历史学类0601
2023,教师,2023安徽教师招考,新城滨湖学校,2305202 新城滨湖学校,本科及以上,专业不限,,笔试+面试,,,学段：小学；学科：语文；招聘人数：4,安徽 蚌埠蚌山区,https://www.xduim.com/zw/jszk,,专业：专业不限
2023,教师,2023安徽教师招考,新城滨湖学校,2305203 新城滨湖学校,本科及以上,专业不限,,笔试+面试,,,学段：小学；学科：数学；招聘人数：3,安徽 蚌埠蚌山区,https://www.xduim.com/zw/jszk,,专业：专业不限
2023,教师,2023安徽教师招考,新城滨湖学校,2305204 新城滨湖学校,本科及以上,专业不限,,笔试+面试,,,学段：小学；学科：英语；招聘人数：2,安徽 蚌埠蚌山区,https://www.xduim.com/zw/jszk,,专业：专业不限
2023,教师,2023安徽教师招考,新城滨湖学校,2305205 新城滨湖学校,本科及以上,汉语言文学050101,,笔试+面试,,,学段：初级中学；学科：语文；招聘人数：1,安徽 蚌埠蚌山区,https://www.xduim.com/zw/jszk,,专业：汉语言文学050101
2023,教师,2023安徽教师招考,新城滨湖学校,2305206 新城滨湖学校,本科及以上,专业不限,,笔试+面试,,,学段：初级中学；学科：数学；招聘人数：1,安徽 蚌埠蚌山区,https://www.xduim.com/zw/jszk,,专业：专业不限
2023,教师,2023安徽教师招考,新城滨湖学校,2305207 新城滨湖学校,本科及以上,专业不限,,笔试+面试,,,学段：初级中学；学科：地理；招聘人数：1,安徽 蚌埠蚌山区,https://www.xduim.com/zw/jszk,,专业：专业不限
2023,教师,2023安徽教师招考,新城滨湖学校,2305208 新城滨湖学校,本科及以上,专业不限,,笔试+面试,,,学段：初级中学；学科：音乐；招聘人数：1,安徽 蚌埠蚌山区,https://www.xduim.com/zw/jszk,,专业：专业不限
2023,教师,2023安徽教师招考,新城滨湖学校,2305209 新城滨湖学校,本科及以上,专业不限,,笔试+面试,,,学段：小学；学科：语文；招聘人数：1,安徽 蚌埠蚌山区,https://www.xduim.com/zw/jszk,,专业：专业不限
2023,教师,2023安徽教师招考,新城滨湖学校,2305210 新城滨湖学校,本科及以上,专业不限,,笔试+面试,,,学段：小学；学科：数学；招聘人数：1,安徽 蚌埠蚌山区,https://www.xduim.com/zw/jszk,,专业：专业不限
2023,教师,2023安徽教师招考,新城滨湖学校,2305211 新城滨湖学校,本科及以上,体育教育040201、运动训练040202K、武术与民族传统体育040204K、社会体育指导与管理040203,,笔试+面试,,,学段：小学；学科：体育；招聘人数：2,安徽 蚌埠蚌山区,https://www.xduim.com/zw/jszk,,专业：体育教育040201、运动训练040202K、武术与民族传统体育040204K、社会体育指导与管理040203
2023,教师,2023安徽教师招考,新城滨湖学校,2305212 新城滨湖学校,本科及以上,专业不限,,笔试+面试,,,学段：小学；学科：科学；招聘人数：1,安徽 蚌埠蚌山区,https://www.xduim.com/zw/jszk,,专业：专业不限
2023,教师,2023安徽教师招考,新城滨湖学校,2305213 新城滨湖学校,本科及以上,美术学类1304、设计学类1305,,笔试+面试,,,学段：小学；学科：美术；招聘人数：1,安徽 蚌埠蚌山区,https://www.xduim.com/zw/jszk,,专业：美术学类1304、设计学类1305
2023,教师,2023安徽教师招考,新城滨湖学校,2305214 新城滨湖学校,本科及以上,音乐与舞蹈学类1302,,笔试+面试,,,学段：小学；学科：音乐；招聘人数：2,安徽 蚌埠蚌山区,https://www.xduim.com/zw/jszk,,专业：音乐与舞蹈学类1302
2023,教师,2023安徽教师招考,新城滨湖学校,2305215 新城滨湖学校,本科及以上,英语050201,,笔试+面试,,,学段：初级中学；学科：英语；招聘人数：1,安徽 蚌埠蚌山区,https://www.xduim.com/zw/jszk,,专业：英语050201
2023,教师,2023安徽教师招考,新城滨湖学校,2305216 新城滨湖学校,本科及以上,体育教育040201、运动训练040202K、武术与民族传统体育040204K,,笔试+面试,,,学段：初级中学；学科：体育；招聘人数：1,安徽 蚌埠蚌山区,https://www.xduim.com/zw/jszk,,专业：体育教育040201、运动训练040202K、武术与民族传统体育040204K
2023,教师,2023安徽教师招考,新城滨湖学校,2305217 新城滨湖学校,本科及以上,专业不限,,笔试+面试,,,学段：初级中学；学科：信息科技；招聘人数：1,安徽 蚌埠蚌山区,https://www.xduim.com/zw/jszk,,专业：专业不限
2024,教师,2024安徽教师招考,蜀山区区属学校,40121 蜀山区区属学校 小学数学1组,本科及以上,专业不限,,笔试+面试,,,学段：小学；学科：小学数学(小学)；招聘职位：小学数学1组；招聘人数：8,安徽 合肥蜀山区,https://www.xduim.com/zw/jszk,,专业：专业不限
2024,教师,2024安徽教师招考,蜀山区区属学校,40122 蜀山区区属学校 小学数学2组,本科及以上,专业不限,,笔试+面试,,,学段：小学；学科：小学数学(小学)；招聘职位：小学数学2组；招聘人数：9,安徽 合肥蜀山区,https://www.xduim.com/zw/jszk,,专业：专业不限
2024,教师,2024安徽教师招考,蜀山区区属学校,40123 蜀山区区属学校 小学英语,本科及以上,专业不限,,笔试+面试,,,学段：小学；学科：小学英语(小学)；招聘职位：小学英语；招聘人数：3,安徽 合肥蜀山区,https://www.xduim.com/zw/jszk,,专业：专业不限
2024,教师,2024安徽教师招考,蜀山区区属学校,40124 蜀山区区属学校 小学科学,本科及以上,专业不限,,笔试+面试,,,学段：小学；学科：小学科学(小学)；招聘职位：小学科学；招聘人数：4,安徽 合肥蜀山区,https://www.xduim.com/zw/jszk,,专业：专业不限
2024,教师,2024安徽教师招考,蜀山区区属学校,40125 蜀山区区属学校 小学心理健康教育1组,本科及以上,心理学，应用心理学，基础心理学，发展与教育心理学，心理健康教育，应用心理及相近专业。,,笔试+面试,,,学段：小学；学科：小学心理健康教育(小学)；招聘职位：小学心理健康教育1组；招聘人数：9,安徽 合肥蜀山区,https://www.xduim.com/zw/jszk,,专业：心理学，应用心理学，基础心理学，发展与教育心理学，心理健康教育，应用心理及相近专业。
2024,教师,2024安徽教师招考,蜀山区区属学校,40126 蜀山区区属学校 小学心理健康教育2组,本科及以上,心理学，应用心理学，基础心理学，发展与教育心理学，心理健康教育，应用心理及相近专业。,,笔试+面试,,,学段：小学；学科：小学心理健康教育(小学)；招聘职位：小学心理健康教育2组；招聘人数：10,安徽 合肥蜀山区,https://www.xduim.com/zw/jszk,,专业：心理学，应用心理学，基础心理学，发展与教育心理学，心理健康教育，应用心理及相近专业。
2024,教师,2024安徽教师招考,蜀山区区属学校,40127 蜀山区区属学校 特殊教育,本科及以上,特殊教育相关专业,,笔试+面试,,,学段：小学；学科：小学特殊教育(小学)；招聘职位：特殊教育；招聘人数：1,安徽 合肥蜀山区,https://www.xduim.com/zw/jszk,,专业：特殊教育相关专业
2024,教师,2024安徽教师招考,蜀山区区属学校,40128 蜀山区区属学校 小学体育1组,本科及以上,体育学科相关专业,,笔试+面试,,,学段：小学；学科：小学体育(小学)；招聘职位：小学体育1组；招聘人数：3,安徽 合肥蜀山区,https://www.xduim.com/zw/jszk,,专业：体育学科相关专业
2024,教师,2024安徽教师招考,蜀山区区属学校,40129 蜀山区区属学校 小学体育2组,本科及以上,足球专业（专项）,,笔试+面试,,,学段：小学；学科：小学体育(小学)；招聘职位：小学体育2组；招聘人数：10,安徽 合肥蜀山区,https://www.xduim.com/zw/jszk,,专业：足球专业（专项）
2024,教师,2024安徽教师招考,蜀山区区属学校,40130 蜀山区区属学校 小学体育3组,本科及以上,篮球专业（专项）,,笔试+面试,,,学段：小学；学科：小学体育(小学)；招聘职位：小学体育3组；招聘人数：10,安徽 合肥蜀山区,https://www.xduim.com/zw/jszk,,专业：篮球专业（专项）
2024,教师,2024安徽教师招考,蜀山区区属学校,40131 蜀山区区属学校 小学体育5组,本科及以上,乒乓球专业（专项）,,笔试+面试,,,学段：小学；学科：小学体育(小学)；招聘职位：小学体育5组；招聘人数：4,安徽 合肥蜀山区,https://www.xduim.com/zw/jszk,,专业：乒乓球专业（专项）
2024,教师,2024安徽教师招考,蜀山区区属学校,40132 蜀山区区属学校 小学体育6组,本科及以上,羽毛球专业（专项）,,笔试+面试,,,学段：小学；学科：小学体育(小学)；招聘职位：小学体育6组；招聘人数：1,安徽 合肥蜀山区,https://www.xduim.com/zw/jszk,,专业：羽毛球专业（专项）
2024,教师,2024安徽教师招考,蜀山区区属学校,40133 蜀山区区属学校 小学体育7组,本科及以上,手球专业（专项）,,笔试+面试,,,学段：小学；学科：小学体育(小学)；招聘职位：小学体育7组；招聘人数：2,安徽 合肥蜀山区,https://www.xduim.com/zw/jszk,,专业：手球专业（专项）
2024,教师,2024安徽教师招考,蜀山区区属学校,40134 蜀山区区属学校 小学体育8组,本科及以上,武术套路专业（专项）,,笔试+面试,,,学段：小学；学科：小学体育(小学)；招聘职位：小学体育8组；招聘人数：1,安徽 合肥蜀山区,https://www.xduim.com/zw/jszk,,专业：武术套路专业（专项）
2024,教师,2024安徽教师招考,蜀山区区属学校,40135 蜀山区区属学校 小学体育9组,本科及以上,健美操专业（专项）,,笔试+面试,,,学段：小学；学科：小学体育(小学)；招聘职位：小学体育9组；招聘人数：1,安徽 合肥蜀山区,https://www.xduim.com/zw/jszk,,专业：健美操专业（专项）
2024,教师,2024安徽教师招考,蜀山区区属学校,40136 蜀山区区属学校 小学体育10组,本科及以上,田径专业（专项）,,笔试+面试,,,学段：小学；学科：小学体育(小学)；招聘职位：小学体育10组；招聘人数：1,安徽 合肥蜀山区,https://www.xduim.com/zw/jszk,,专业：田径专业（专项）
2023,教师,2023安徽教师招考,蜀山区区属学校,40121 蜀山区区属学校 小学数学2组,专科及以上,专业不限,,笔试+面试,,,学段：小学；学科：小学数学(小学)；招聘职位：小学数学2组；招聘人数：10,安徽 合肥蜀山区,https://www.xduim.com/zw/jszk,,专业：专业不限
2023,教师,2023安徽教师招考,蜀山区区属学校,40122 蜀山区区属学校 小学数学3组,专科及以上,专业不限,,笔试+面试,,,学段：小学；学科：小学数学(小学)；招聘职位：小学数学3组；招聘人数：10,安徽 合肥蜀山区,https://www.xduim.com/zw/jszk,,专业：专业不限
2023,教师,2023安徽教师招考,蜀山区区属学校,40123 蜀山区区属学校 小学数学4组,专科及以上,专业不限,,笔试+面试,,,学段：小学；学科：小学数学(小学)；招聘职位：小学数学4组；招聘人数：11,安徽 合肥蜀山区,https://www.xduim.com/zw/jszk,,专业：专业不限
2023,教师,2023安徽教师招考,蜀山区区属学校,40124 蜀山区区属学校 小学英语,专科及以上,专业不限,,笔试+面试,,,学段：小学；学科：小学英语(小学)；招聘职位：小学英语；招聘人数：10,安徽 合肥蜀山区,https://www.xduim.com/zw/jszk,,专业：专业不限
2023,教师,2023安徽教师招考,蜀山区区属学校,40125 蜀山区区属学校 小学音乐,专科及以上,专业不限,,笔试+面试,,,学段：小学；学科：小学音乐(小学)；招聘职位：小学音乐；招聘人数：7,安徽 合肥蜀山区,https://www.xduim.com/zw/jszk,,专业：专业不限
2023,教师,2023安徽教师招考,蜀山区区属学校,40126 蜀山区区属学校 小学体育1组,专科及以上,体育学科相关专业,,笔试+面试,,,学段：小学；学科：小学体育(小学)；招聘职位：小学体育1组；招聘人数：4,安徽 合肥蜀山区,https://www.xduim.com/zw/jszk,,专业：体育学科相关专业
2023,教师,2023安徽教师招考,蜀山区区属学校,40127 蜀山区区属学校 小学体育2组,专科及以上,体育学科相关专业,,笔试+面试,,,学段：小学；学科：小学体育(小学)；招聘职位：小学体育2组；招聘人数：4,安徽 合肥蜀山区,https://www.xduim.com/zw/jszk,,专业：体育学科相关专业
2023,教师,2023安徽教师招考,蜀山区区属学校,40128 蜀山区区属学校 小学体育3组,专科及以上,体育学科相关专业,,笔试+面试,,,学段：小学；学科：小学体育(小学)；招聘职位：小学体育3组；招聘人数：11,安徽 合肥蜀山区,https://www.xduim.com/zw/jszk,,专业：体育学科相关专业
2023,教师,2023安徽教师招考,蜀山区区属学校,40129 蜀山区区属学校 小学体育4组,专科及以上,篮球专业（专项）,,笔试+面试,,,学段：小学；学科：小学体育(小学)；招聘职位：小学体育4组；招聘人数：1,安徽 合肥蜀山区,https://www.xduim.com/zw/jszk,,专业：篮球专业（专项）
2023,教师,2023安徽教师招考,蜀山区区属学校,40130 蜀山区区属学校 小学体育5组,专科及以上,射击专业（专项）,,笔试+面试,,,学段：小学；学科：小学体育(小学)；招聘职位：小学体育5组；招聘人数：1,安徽 合肥蜀山区,https://www.xduim.com/zw/jszk,,专业：射击专业（专项）
2023,教师,2023安徽教师招考,蜀山区区属学校,40131 蜀山区区属学校 小学美术组,专科及以上,专业不限,,笔试+面试,,,学段：小学；学科：小学美术(小学)；招聘职位：小学美术组；招聘人数：3,安徽 合肥蜀山区,https://www.xduim.com/zw/jszk,,专业：专业不限
2023,教师,2023安徽教师招考,蜀山区区属学校,40132 蜀山区区属学校 小学科学,专科及以上,专业不限,,笔试+面试,,,学段：小学；学科：小学科学(小学)；招聘职位：小学科学；招聘人数：9,安徽 合肥蜀山区,https://www.xduim.com/zw/jszk,,专业：专业不限
2023,教师,2023安徽教师招考,蜀山区区属学校,40133 蜀山区区属学校 小学信息技术,专科及以上,信息技术学科相关专业,,笔试+面试,,,学段：小学；学科：小学信息技术(小学)；招聘职位：小学信息技术；招聘人数：4,安徽 合肥蜀山区,https://www.xduim.com/zw/jszk,,专业：信息技术学科相关专业
2023,教师,2023安徽教师招考,蜀山区区属学校,40134 蜀山区区属学校 特殊教育,专科及以上,特殊教育相关专业,,笔试+面试,,,学段：小学；学科：小学特殊教育(小学)；招聘职位：特殊教育；招聘人数：2,安徽 合肥蜀山区,https://www.xduim.com/zw/jszk,,专业：特殊教育相关专业
2023,教师,2023安徽教师招考,义务教育学校,2023021 义务教育学校 城区初中化学,本科及以上,本科专业：化学类（0703），研究生及以上专业不限；或相应学科教师资格,,笔试+面试,,,招聘职位：城区初中化学；招聘人数：1,安徽 宣城郎溪县,https://www.xduim.com/zw/jszk,,专业：本科专业：化学类（0703），研究生及以上专业不限；或相应学科教师资格
2023,教师,2023安徽教师招考,义务教育学校,2023022 义务教育学校 镇区初中化学,本科及以上,本科专业：化学类（0703），研究生及以上专业不限；或相应学科教师资格,,笔试+面试,,,招聘职位：镇区初中化学；招聘人数：1,安徽 宣城郎溪县,https://www.xduim.com/zw/jszk,,专业：本科专业：化学类（0703），研究生及以上专业不限；或相应学科教师资格
2023,教师,2023安徽教师招考,义务教育学校,2023023 义务教育学校 城区初中生物,本科及以上,本科专业：生物科学类（0710），研究生及以上专业不限；或相应学科教师资格,,笔试+面试,,,招聘职位：城区初中生物；招聘人数：1,安徽 宣城郎溪县,https://www.xduim.com/zw/jszk,,专业：本科专业：生物科学类（0710），研究生及以上专业不限；或相应学科教师资格
2023,教师,2023安徽教师招考,特殊教育学校,2023024 特殊教育学校 城区特殊教育,专科及以上,专科专业：特殊教育（670118K）；本科专业：特殊教育（040108）；研究生及以上专业不限；,,笔试+面试,,,招聘职位：城区特殊教育；招聘人数：2,安徽 宣城郎溪县,https://www.xduim.com/zw/jszk,,专业：专科专业：特殊教育（670118K）；本科专业：特殊教育（040108）；研究生及以上专业不限；
2023,教师,2023安徽教师招考,涛城镇中心幼儿园,2023025 涛城镇中心幼儿园 学前教育,专科及以上,专科专业：学前教育（670102K）、早期教育（670101K）；本科专业：学前教育（040106），研究生及以上专业不限,,笔试+面试,,,招聘职位：学前教育；招聘人数：1,安徽 宣城郎溪县,https://www.xduim.com/zw/jszk,,专业：专科专业：学前教育（670102K）、早期教育（670101K）；本科专业：学前教育（040106），研究生及以上专业不限
2023,教师,2023安徽教师招考,梅渚镇中心幼儿园,2023026 梅渚镇中心幼儿园 学前教育,专科及以上,专科专业：学前教育（670102K）、早期教育（670101K）；本科专业：学前教育（040106），研究生及以上专业不限,,笔试+面试,,,招聘职位：学前教育；招聘人数：1,安徽 宣城郎溪县,https://www.xduim.com/zw/jszk,,专业：专科专业：学前教育（670102K）、早期教育（670101K）；本科专业：学前教育（040106），研究生及以上专业不限
2023,教师,2023安徽教师招考,凌笪镇岗南幼儿园,2023027 凌笪镇岗南幼儿园 学前教育,专科及以上,专科专业：学前教育（670102K）、早期教育（670101K）；本科专业：学前教育（040106），研究生及以上专业不限,,笔试+面试,,,招聘职位：学前教育；招聘人数：2,安徽 宣城郎溪县,https://www.xduim.com/zw/jszk,,专业：专科专业：学前教育（670102K）、早期教育（670101K）；本科专业：学前教育（040106），研究生及以上专业不限
2023,教师,2023安徽教师招考,郎溪中学,2023028 郎溪中学 郎中物理,本科及以上,物理学及相近专业,,笔试+面试,,,招聘职位：郎中物理；招聘人数：1,安徽 宣城郎溪县,https://www.xduim.com/zw/jszk,,专业：物理学及相近专业
2023,教师,2023安徽教师招考,郎溪中学,2023029 郎溪中学 郎中化学,本科及以上,化学及相近专业,,笔试+面试,,,招聘职位：郎中化学；招聘人数：2,安徽 宣城郎溪县,https://www.xduim.com/zw/jszk,,专业：化学及相近专业
2023,教师,2023安徽教师招考,郎溪中学,2023030 郎溪中学 郎中政治,本科及以上,思想政治教育及相近专业,,笔试+面试,,,招聘职位：郎中政治；招聘人数：1,安徽 宣城郎溪县,https://www.xduim.com/zw/jszk,,专业：思想政治教育及相近专业
2023,教师,2023安徽教师招考,郎溪中学,2023031 郎溪中学 郎中心理健康教育,本科及以上,心理学及相近专业,,笔试+面试,,,招聘职位：郎中心理健康教育；招聘人数：1,安徽 宣城郎溪县,https://www.xduim.com/zw/jszk,,专业：心理学及相近专业
2023,教师,2023安徽教师招考,郎溪县教学研究室,2023032 郎溪县教学研究室 心理健康教研员,本科及以上,心理学及相近专业,,笔试+面试,,,招聘职位：心理健康教研员；招聘人数：1,安徽 宣城郎溪县,https://www.xduim.com/zw/jszk,,专业：心理学及相近专业
2024,教师,2024安徽教师招考,义务教育学校,2024021 义务教育学校 镇区初中物理,本科及以上,本科专业：物理学类（0702），研究生及以上专业不限；或相应学科教师资格,,笔试+面试,,,学段：初级中学；招聘职位：镇区初中物理；招聘人数：1,安徽 宣城郎溪县,https://www.xduim.com/zw/jszk,,专业：本科专业：物理学类（0702），研究生及以上专业不限；或相应学科教师资格
2024,教师,2024安徽教师招考,义务教育学校,2024022 义务教育学校 镇区初中化学,本科及以上,本科专业：化学类（0703），研究生及以上专业不限；或相应学科教师资格,,笔试+面试,,,学段：初级中学；招聘职位：镇区初中化学；招聘人数：1,安徽 宣城郎溪县,https://www.xduim.com/zw/jszk,,专业：本科专业：化学类（0703），研究生及以上专业不限；或相应学科教师资格
2024,教师,2024安徽教师招考,义务教育学校,2024023 义务教育学校 城区初中生物,本科及以上,本科专业：生物科学类（0710），研究生及以上专业不限；或相应学科教师资格,,笔试+面试,,,学段：初级中学；招聘职位：城区初中生物；招聘人数：1,安徽 宣城郎溪县,https://www.xduim.com/zw/jszk,,专业：本科专业：生物科学类（0710），研究生及以上专业不限；或相应学科教师资格
2024,教师,2024安徽教师招考,义务教育学校,2024024 义务教育学校 城区初中心理健康,本科及以上,本科专业：心理学类（0711）；研究生：心理学（0402）；或相应学科教师资格,,笔试+面试,,,学段：初级中学；招聘职位：城区初中心理健康；招聘人数：1,安徽 宣城郎溪县,https://www.xduim.com/zw/jszk,,专业：本科专业：心理学类（0711）；研究生：心理学（0402）；或相应学科教师资格
2024,教师,2024安徽教师招考,铜陵市特殊教育学校,2024021 铜陵市特殊教育学校 初中语文,本科及以上,本科：汉语言文学专业050101； 硕士研究生及以上：中国语言文学类0501，学科教学（语文）045103,,笔试+面试,,,学段：特殊教育学校（初中）；学科：语文；招聘职位：初中语文；招聘人数：1,安徽 铜陵市直,https://www.xduim.com/zw/jszk,,专业：本科：汉语言文学专业050101； 硕士研究生及以上：中国语言文学类0501，学科教学（语文）045103
2023,教师,2023安徽教师招考,芜湖市绿影小学,芜湖市绿影小学 小学数学,本科及以上,数学与应用数学专业、信息与计算科学专业、小学教育专业,,笔试+面试,,,学段：小学；学科：数学；招聘职位：小学数学；招聘人数：1,安徽 芜湖镜湖区,https://www.xduim.com/zw/jszk,,专业：数学与应用数学专业、信息与计算科学专业、小学教育专业
2023,教师,2023安徽教师招考,芜湖市绿影小学华强校区 （原芜湖市向阳小学）,芜湖市绿影小学华强校区 （原芜湖市向阳小学） 小学语文,本科及以上,汉语言文学专业、小学教育专业,,笔试+面试,,,学段：小学；学科：语文；招聘职位：小学语文；招聘人数：1,安徽 芜湖镜湖区,https://www.xduim.com/zw/jszk,,专业：汉语言文学专业、小学教育专业
2023,教师,2023安徽教师招考,芜湖市绿影小学华强校区 （原芜湖市向阳小学）,芜湖市绿影小学华强校区 （原芜湖市向阳小学） 小学数学,本科及以上,数学与应用数学专业、信息与计算科学专业、小学教育专业,,笔试+面试,,,学段：小学；学科：数学；招聘职位：小学数学；招聘人数：1,安徽 芜湖镜湖区,https://www.xduim.com/zw/jszk,,专业：数学与应用数学专业、信息与计算科学专业、小学教育专业
2023,教师,2023安徽教师招考,芜湖市绿影小学华强校区 （原芜湖市向阳小学）,芜湖市绿影小学华强校区 （原芜湖市向阳小学） 小学体育与健康,本科及以上,运动训练专业、体育教育专业、小学教育专业,,笔试+面试,,,学段：小学；学科：体育与健康；招聘职位：小学体育与健康；招聘人数：1,安徽 芜湖镜湖区,https://www.xduim.com/zw/jszk,,专业：运动训练专业、体育教育专业、小学教育专业
2023,教师,2023安徽教师招考,芜湖市三园小学,芜湖市三园小学 小学体育与健康,本科及以上,运动训练专业、体育教育专业、小学教育专业,,笔试+面试,,,学段：小学；学科：体育与健康；招聘职位：小学体育与健康；招聘人数：1,安徽 芜湖镜湖区,https://www.xduim.com/zw/jszk,,专业：运动训练专业、体育教育专业、小学教育专业
2023,教师,2023安徽教师招考,芜湖市王家巷小学,芜湖市王家巷小学 小学语文,本科及以上,汉语言文学专业、小学教育专业,,笔试+面试,,,学段：小学；学科：语文；招聘职位：小学语文；招聘人数：1,安徽 芜湖镜湖区,https://www.xduim.com/zw/jszk,,专业：汉语言文学专业、小学教育专业
2023,教师,2023安徽教师招考,芜湖市大庆路小学,芜湖市大庆路小学 小学语文,本科及以上,汉语言文学专业、小学教育专业,,笔试+面试,,,学段：小学；学科：语文；招聘职位：小学语文；招聘人数：1,安徽 芜湖镜湖区,https://www.xduim.com/zw/jszk,,专业：汉语言文学专业、小学教育专业
2023,教师,2023安徽教师招考,芜湖市狮子山小学,芜湖市狮子山小学 小学体育与健康,本科及以上,运动训练专业、体育教育专业、小学教育专业,,笔试+面试,,,学段：小学；学科：体育与健康；招聘职位：小学体育与健康；招聘人数：1,安徽 芜湖镜湖区,https://www.xduim.com/zw/jszk,,专业：运动训练专业、体育教育专业、小学教育专业
2023,教师,2023安徽教师招考,芜湖市解放西路小学,芜湖市解放西路小学 小学语文 A,本科及以上,汉语言文学专业、小学教育专业,,笔试+面试,,,学段：小学；学科：语文；招聘职位：小学语文 A；招聘人数：1,安徽 芜湖镜湖区,https://www.xduim.com/zw/jszk,,专业：汉语言文学专业、小学教育专业
2023,教师,2023安徽教师招考,芜湖市解放西路小学,芜湖市解放西路小学 小学语文 B,本科及以上,汉语言文学专业、小学教育专业,,笔试+面试,,,学段：小学；学科：语文；招聘职位：小学语文 B；招聘人数：1,安徽 芜湖镜湖区,https://www.xduim.com/zw/jszk,,专业：汉语言文学专业、小学教育专业
2023,教师,2023安徽教师招考,芜湖市解放西路小学,芜湖市解放西路小学 小学数学,本科及以上,数学与应用数学专业、信息与计算科学专业、小学教育专业,,笔试+面试,,,学段：小学；学科：数学；招聘职位：小学数学；招聘人数：2,安徽 芜湖镜湖区,https://www.xduim.com/zw/jszk,,专业：数学与应用数学专业、信息与计算科学专业、小学教育专业
2023,教师,2023安徽教师招考,芜湖市大官山小学,芜湖市大官山小学 小学体育与健康,本科及以上,运动训练专业、体育教育专业、小学教育专业,,笔试+面试,,,学段：小学；学科：体育与健康；招聘职位：小学体育与健康；招聘人数：1,安徽 芜湖镜湖区,https://www.xduim.com/zw/jszk,,专业：运动训练专业、体育教育专业、小学教育专业
2023,教师,2023安徽教师招考,芜湖市北塘小学,芜湖市北塘小学 小学语文,本科及以上,汉语言文学专业、小学教育专业,,笔试+面试,,,学段：小学；学科：语文；招聘职位：小学语文；招聘人数：2,安徽 芜湖镜湖区,https://www.xduim.com/zw/jszk,,专业：汉语言文学专业、小学教育专业
2023,教师,2023安徽教师招考,芜湖市北塘小学,芜湖市北塘小学 小学数学 A,本科及以上,数学与应用数学专业、信息与计算科学专业、小学教育专业,,笔试+面试,,,学段：小学；学科：数学；招聘职位：小学数学 A；招聘人数：1,安徽 芜湖镜湖区,https://www.xduim.com/zw/jszk,,专业：数学与应用数学专业、信息与计算科学专业、小学教育专业
2023,教师,2023安徽教师招考,芜湖市北塘小学,芜湖市北塘小学 小学数学 B,本科及以上,数学与应用数学专业、信息与计算科学专业、小学教育专业,,笔试+面试,,,学段：小学；学科：数学；招聘职位：小学数学 B；招聘人数：1,安徽 芜湖镜湖区,https://www.xduim.com/zw/jszk,,专业：数学与应用数学专业、信息与计算科学专业、小学教育专业
2023,教师,2023安徽教师招考,芜湖市北塘小学,芜湖市北塘小学 小学道德与法治,本科及以上,思想政治教育专业、小学教育专业,,笔试+面试,,,学段：小学；学科：道德与法治；招聘职位：小学道德与法治；招聘人数：1,安徽 芜湖镜湖区,https://www.xduim.com/zw/jszk,,专业：思想政治教育专业、小学教育专业
2023,教师,2023安徽教师招考,芜湖市梅莲路小学,芜湖市梅莲路小学 小学数学,本科及以上,数学与应用数学专业、信息与计算科学专业、小学教育专业,,笔试+面试,,,学段：小学；学科：数学；招聘职位：小学数学；招聘人数：1,安徽 芜湖镜湖区,https://www.xduim.com/zw/jszk,,专业：数学与应用数学专业、信息与计算科学专业、小学教育专业
2023,教师,2023安徽教师招考,芜湖市赭山小学,芜湖市赭山小学 小学语文,本科及以上,汉语言文学专业、小学教育专业,,笔试+面试,,,学段：小学；学科：语文；招聘职位：小学语文；招聘人数：1,安徽 芜湖镜湖区,https://www.xduim.com/zw/jszk,,专业：汉语言文学专业、小学教育专业
2023,教师,2023安徽教师招考,芜湖市赭山小学,芜湖市赭山小学 小学数学,本科及以上,数学与应用数学专业、信息与计算科学专业、小学教育专业,,笔试+面试,,,学段：小学；学科：数学；招聘职位：小学数学；招聘人数：1,安徽 芜湖镜湖区,https://www.xduim.com/zw/jszk,,专业：数学与应用数学专业、信息与计算科学专业、小学教育专业
2023,教师,2023安徽教师招考,芜湖市赭山小学荆山校区 （原芜湖市荆山小学）,芜湖市赭山小学荆山校区 （原芜湖市荆山小学） 小学语文,本科及以上,汉语言文学专业、小学教育专业,,笔试+面试,,,学段：小学；学科：语文；招聘职位：小学语文；招聘人数：1,安徽 芜湖镜湖区,https://www.xduim.com/zw/jszk,,专业：汉语言文学专业、小学教育专业
2023,教师,2023安徽教师招考,芜湖市赭山小学荆山校区 （原芜湖市荆山小学）,芜湖市赭山小学荆山校区 （原芜湖市荆山小学） 小学数学,本科及以上,数学与应用数学专业、信息与计算科学专业、小学教育专业,,笔试+面试,,,学段：小学；学科：数学；招聘职位：小学数学；招聘人数：1,安徽 芜湖镜湖区,https://www.xduim.com/zw/jszk,,专业：数学与应用数学专业、信息与计算科学专业、小学教育专业
2023,教师,2023安徽教师招考,芜湖市镜湖小学,芜湖市镜湖小学 小学语文,本科及以上,汉语言文学专业、小学教育专业,,笔试+面试,,,学段：小学；学科：语文；招聘职位：小学语文；招聘人数：1,安徽 芜湖镜湖区,https://www.xduim.com/zw/jszk,,专业：汉语言文学专业、小学教育专业
2023,教师,2023安徽教师招考,芜湖市镜湖小学,芜湖市镜湖小学 小学数学,本科及以上,数学与应用数学专业、信息与计算科学专业、小学教育专业,,笔试+面试,,,学段：小学；学科：数学；招聘职位：小学数学；招聘人数：1,安徽 芜湖镜湖区,https://www.xduim.com/zw/jszk,,专业：数学与应用数学专业、信息与计算科学专业、小学教育专业
2023,教师,2023安徽教师招考,芜湖市镜湖小学汀棠校区 （原芜湖市棠桥小学）,芜湖市镜湖小学汀棠校区 （原芜湖市棠桥小学） 小学语文,本科及以上,汉语言文学专业、小学教育专业,,笔试+面试,,,学段：小学；学科：语文；招聘职位：小学语文；招聘人数：1,安徽 芜湖镜湖区,https://www.xduim.com/zw/jszk,,专业：汉语言文学专业、小学教育专业
2023,教师,2023安徽教师招考,芜湖市镜湖小学汀棠校区 （原芜湖市棠桥小学）,芜湖市镜湖小学汀棠校区 （原芜湖市棠桥小学） 小学数学,本科及以上,数学与应用数学专业、信息与计算科学专业、小学教育专业,,笔试+面试,,,学段：小学；学科：数学；招聘职位：小学数学；招聘人数：1,安徽 芜湖镜湖区,https://www.xduim.com/zw/jszk,,专业：数学与应用数学专业、信息与计算科学专业、小学教育专业
2023,教师,2023安徽教师招考,芜湖市镜湖小学,芜湖市镜湖小学 小学体育与健康,本科及以上,运动训练专业、体育教育专业、小学教育专业,,笔试+面试,,,学段：小学；学科：体育与健康；招聘职位：小学体育与健康；招聘人数：1,安徽 芜湖镜湖区,https://www.xduim.com/zw/jszk,,专业：运动训练专业、体育教育专业、小学教育专业
2023,教师,2023安徽教师招考,芜湖市罗家闸小学,芜湖市罗家闸小学 小学语文,本科及以上,汉语言文学专业、小学教育专业,,笔试+面试,,,学段：小学；学科：语文；招聘职位：小学语文；招聘人数：1,安徽 芜湖镜湖区,https://www.xduim.com/zw/jszk,,专业：汉语言文学专业、小学教育专业
2023,教师,2023安徽教师招考,芜湖市棠梅小学,芜湖市棠梅小学 小学语文,本科及以上,汉语言文学专业、小学教育专业,,笔试+面试,,,学段：小学；学科：语文；招聘职位：小学语文；招聘人数：1,安徽 芜湖镜湖区,https://www.xduim.com/zw/jszk,,专业：汉语言文学专业、小学教育专业
2023,教师,2023安徽教师招考,芜湖市棠梅小学,芜湖市棠梅小学 小学数学,本科及以上,数学与应用数学专业、信息与计算科学专业、小学教育专业,,笔试+面试,,,学段：小学；学科：数学；招聘职位：小学数学；招聘人数：1,安徽 芜湖镜湖区,https://www.xduim.com/zw/jszk,,专业：数学与应用数学专业、信息与计算科学专业、小学教育专业
2023,教师,2023安徽教师招考,芜湖市方村小学,芜湖市方村小学 小学语文,本科及以上,汉语言文学专业、小学教育专业,,笔试+面试,,,学段：小学；学科：语文；招聘职位：小学语文；招聘人数：1,安徽 芜湖镜湖区,https://www.xduim.com/zw/jszk,,专业：汉语言文学专业、小学教育专业
2023,教师,2023安徽教师招考,芜湖市方村小学,芜湖市方村小学 小学数学,本科及以上,数学与应用数学专业、信息与计算科学专业、小学教育专业,,笔试+面试,,,学段：小学；学科：数学；招聘职位：小学数学；招聘人数：1,安徽 芜湖镜湖区,https://www.xduim.com/zw/jszk,,专业：数学与应用数学专业、信息与计算科学专业、小学教育专业
2023,教师,2023安徽教师招考,芜湖市埭南小学,芜湖市埭南小学 小学数学,本科及以上,数学与应用数学专业、信息与计算科学专业、小学教育专业,,笔试+面试,,,学段：小学；学科：数学；招聘职位：小学数学；招聘人数：1,安徽 芜湖镜湖区,https://www.xduim.com/zw/jszk,,专业：数学与应用数学专业、信息与计算科学专业、小学教育专业
2023,教师,2023安徽教师招考,芜湖市镜湖新城实验学校,芜湖市镜湖新城实验学校 小学语文,本科及以上,汉语言文学专业、小学教育专业,,笔试+面试,,,学段：小学；学科：语文；招聘职位：小学语文；招聘人数：3,安徽 芜湖镜湖区,https://www.xduim.com/zw/jszk,,专业：汉语言文学专业、小学教育专业
2023,教师,2023安徽教师招考,芜湖市镜湖新城实验学校,芜湖市镜湖新城实验学校 小学数学,本科及以上,数学与应用数学专业、信息与计算科学专业、小学教育专业,,笔试+面试,,,学段：小学；学科：数学；招聘职位：小学数学；招聘人数：1,安徽 芜湖镜湖区,https://www.xduim.com/zw/jszk,,专业：数学与应用数学专业、信息与计算科学专业、小学教育专业
2023,教师,2023安徽教师招考,芜湖市天民学校,芜湖市天民学校 小学语文,本科及以上,汉语言文学专业、小学教育专业,,笔试+面试,,,学段：小学；学科：语文；招聘职位：小学语文；招聘人数：1,安徽 芜湖镜湖区,https://www.xduim.com/zw/jszk,,专业：汉语言文学专业、小学教育专业
2023,教师,2023安徽教师招考,芜湖市天民学校,芜湖市天民学校 小学数学,本科及以上,数学与应用数学专业、信息与计算科学专业、小学教育专业,,笔试+面试,,,学段：小学；学科：数学；招聘职位：小学数学；招聘人数：1,安徽 芜湖镜湖区,https://www.xduim.com/zw/jszk,,专业：数学与应用数学专业、信息与计算科学专业、小学教育专业
2024,教师,2024安徽教师招考,芜湖市师范学校附属小学,芜湖市师范学校附属小学 小学美术,本科及以上,美术学专业、小学教育专业,,笔试+面试,,,学段：小学；学科：美术；招聘职位：小学美术；招聘人数：1,安徽 芜湖镜湖区,https://www.xduim.com/zw/jszk,,专业：美术学专业、小学教育专业
2024,教师,2024安徽教师招考,芜湖市绿影小学,芜湖市绿影小学 小学语文,本科及以上,汉语言文学专业、小学教育专业,,笔试+面试,,,学段：小学；学科：语文；招聘职位：小学语文；招聘人数：1,安徽 芜湖镜湖区,https://www.xduim.com/zw/jszk,,专业：汉语言文学专业、小学教育专业
2024,教师,2024安徽教师招考,芜湖市绿影小学,芜湖市绿影小学 小学数学,本科及以上,数学类；小学教育专业,,笔试+面试,,,学段：小学；学科：数学；招聘职位：小学数学；招聘人数：2,安徽 芜湖镜湖区,https://www.xduim.com/zw/jszk,,专业：数学类；小学教育专业
2024,教师,2024安徽教师招考,芜湖市绿影小学,芜湖市绿影小学 小学道德与法治,本科及以上,思想政治教育专业、小学教育专业,,笔试+面试,,,学段：小学；学科：道德与法治；招聘职位：小学道德与法治；招聘人数：1,安徽 芜湖镜湖区,https://www.xduim.com/zw/jszk,,专业：思想政治教育专业、小学教育专业
2024,教师,2024安徽教师招考,芜湖市绿影小学华强校区 （原芜湖市向阳小学）,芜湖市绿影小学华强校区 （原芜湖市向阳小学） 小学语文A,本科及以上,汉语言文学专业、小学教育专业,,笔试+面试,,,学段：小学；学科：语文；招聘职位：小学语文A；招聘人数：1,安徽 芜湖镜湖区,https://www.xduim.com/zw/jszk,,专业：汉语言文学专业、小学教育专业
2024,教师,2024安徽教师招考,芜湖市绿影小学华强校区 （原芜湖市向阳小学）,芜湖市绿影小学华强校区 （原芜湖市向阳小学） 小学语文 B,本科及以上,汉语言文学专业、小学教育专业,,笔试+面试,,,学段：小学；学科：语文；招聘职位：小学语文 B；招聘人数：1,安徽 芜湖镜湖区,https://www.xduim.com/zw/jszk,,专业：汉语言文学专业、小学教育专业
2024,教师,2024安徽教师招考,芜湖市绿影小学华强校区 （原芜湖市向阳小学）,芜湖市绿影小学华强校区 （原芜湖市向阳小学） 小学数学,本科及以上,数学类；小学教育专业,,笔试+面试,,,学段：小学；学科：数学；招聘职位：小学数学；招聘人数：1,安徽 芜湖镜湖区,https://www.xduim.com/zw/jszk,,专业：数学类；小学教育专业
2024,教师,2024安徽教师招考,芜湖市绿影小学华强校区 （原芜湖市向阳小学）,芜湖市绿影小学华强校区 （原芜湖市向阳小学） 小学体育与健康,本科及以上,运动训练专业、体育教育专业、小学教育专业,,笔试+面试,,,学段：小学；学科：体育与健康；招聘职位：小学体育与健康；招聘人数：1,安徽 芜湖镜湖区,https://www.xduim.com/zw/jszk,,专业：运动训练专业、体育教育专业、小学教育专业
2024,教师,2024安徽教师招考,芜湖市解放西路小学,芜湖市解放西路小学 小学数学,本科及以上,数学类；小学教育专业,,笔试+面试,,,学段：小学；学科：数学；招聘职位：小学数学；招聘人数：1,安徽 芜湖镜湖区,https://www.xduim.com/zw/jszk,,专业：数学类；小学教育专业
2024,教师,2024安徽教师招考,芜湖市解放西路小学,芜湖市解放西路小学 小学语文,本科及以上,汉语言文学专业、小学教育专业,,笔试+面试,,,学段：小学；学科：语文；招聘职位：小学语文；招聘人数：2,安徽 芜湖镜湖区,https://www.xduim.com/zw/jszk,,专业：汉语言文学专业、小学教育专业
2024,教师,2024安徽教师招考,芜湖市北塘小学,芜湖市北塘小学 小学语文,本科及以上,汉语言文学专业、小学教育专业,,笔试+面试,,,学段：小学；学科：语文；招聘职位：小学语文；招聘人数：4,安徽 芜湖镜湖区,https://www.xduim.com/zw/jszk,,专业：汉语言文学专业、小学教育专业
2024,教师,2024安徽教师招考,芜湖市北塘小学,芜湖市北塘小学 小学数学,本科及以上,数学类；小学教育专业,,笔试+面试,,,学段：小学；学科：数学；招聘职位：小学数学；招聘人数：2,安徽 芜湖镜湖区,https://www.xduim.com/zw/jszk,,专业：数学类；小学教育专业
2024,教师,2024安徽教师招考,芜湖市北塘小学,芜湖市北塘小学 小学体育与健康,本科及以上,运动训练专业、体育教育专业、小学教育专业,,笔试+面试,,,学段：小学；学科：体育与健康；招聘职位：小学体育与健康；招聘人数：1,安徽 芜湖镜湖区,https://www.xduim.com/zw/jszk,,专业：运动训练专业、体育教育专业、小学教育专业
2024,教师,2024安徽教师招考,芜湖市北塘小学,芜湖市北塘小学 小学科学,本科及以上,物理学专业、化学专业、生物科学专业、科学教育专业、小学教育专业,,笔试+面试,,,学段：小学；学科：科学；招聘职位：小学科学；招聘人数：1,安徽 芜湖镜湖区,https://www.xduim.com/zw/jszk,,专业：物理学专业、化学专业、生物科学专业、科学教育专业、小学教育专业
2024,教师,2024安徽教师招考,芜湖市赭山小学,芜湖市赭山小学 小学语文,本科及以上,汉语言文学专业、小学教育专业,,笔试+面试,,,学段：小学；学科：语文；招聘职位：小学语文；招聘人数：2,安徽 芜湖镜湖区,https://www.xduim.com/zw/jszk,,专业：汉语言文学专业、小学教育专业
2024,教师,2024安徽教师招考,芜湖市赭山小学,芜湖市赭山小学 小学数学,本科及以上,数学类；小学教育专业,,笔试+面试,,,学段：小学；学科：数学；招聘职位：小学数学；招聘人数：2,安徽 芜湖镜湖区,https://www.xduim.com/zw/jszk,,专业：数学类；小学教育专业
2024,教师,2024安徽教师招考,芜湖市赭山小学荆山校区 （原芜湖市荆山小学）,芜湖市赭山小学荆山校区 （原芜湖市荆山小学） 小学语文,本科及以上,汉语言文学专业、小学教育专业,,笔试+面试,,,学段：小学；学科：语文；招聘职位：小学语文；招聘人数：1,安徽 芜湖镜湖区,https://www.xduim.com/zw/jszk,,专业：汉语言文学专业、小学教育专业
2024,教师,2024安徽教师招考,芜湖市镜湖小学,芜湖市镜湖小学 小学语文,本科及以上,汉语言文学专业、小学教育专业,,笔试+面试,,,学段：小学；学科：语文；招聘职位：小学语文；招聘人数：2,安徽 芜湖镜湖区,https://www.xduim.com/zw/jszk,,专业：汉语言文学专业、小学教育专业
2024,教师,2024安徽教师招考,芜湖市镜湖小学,芜湖市镜湖小学 小学体育与健康,本科及以上,运动训练专业、体育教育专业、小学教育专业,,笔试+面试,,,学段：小学；学科：体育与健康；招聘职位：小学体育与健康；招聘人数：1,安徽 芜湖镜湖区,https://www.xduim.com/zw/jszk,,专业：运动训练专业、体育教育专业、小学教育专业
2024,教师,2024安徽教师招考,芜湖市镜湖小学汀棠校区 （原芜湖市棠桥小学）,芜湖市镜湖小学汀棠校区 （原芜湖市棠桥小学） 小学语文A,本科及以上,汉语言文学专业、小学教育专业,,笔试+面试,,,学段：小学；学科：语文；招聘职位：小学语文A；招聘人数：1,安徽 芜湖镜湖区,https://www.xduim.com/zw/jszk,,专业：汉语言文学专业、小学教育专业
2024,教师,2024安徽教师招考,芜湖市镜湖小学汀棠校区 （原芜湖市棠桥小学）,芜湖市镜湖小学汀棠校区 （原芜湖市棠桥小学） 小学语文 B,本科及以上,汉语言文学专业、小学教育专业,,笔试+面试,,,学段：小学；学科：语文；招聘职位：小学语文 B；招聘人数：1,安徽 芜湖镜湖区,https://www.xduim.com/zw/jszk,,专业：汉语言文学专业、小学教育专业
2024,教师,2024安徽教师招考,芜湖市镜湖小学汀棠校区 （原芜湖市棠桥小学）,芜湖市镜湖小学汀棠校区 （原芜湖市棠桥小学） 小学数学,本科及以上,数学类；小学教育专业,,笔试+面试,,,学段：小学；学科：数学；招聘职位：小学数学；招聘人数：1,安徽 芜湖镜湖区,https://www.xduim.com/zw/jszk,,专业：数学类；小学教育专业
2024,教师,2024安徽教师招考,芜湖市方村小学,芜湖市方村小学 小学语文,本科及以上,汉语言文学专业、小学教育专业,,笔试+面试,,,学段：小学；学科：语文；招聘职位：小学语文；招聘人数：1,安徽 芜湖镜湖区,https://www.xduim.com/zw/jszk,,专业：汉语言文学专业、小学教育专业
2024,教师,2024安徽教师招考,芜湖市镜湖新城实验学校,芜湖市镜湖新城实验学校 小学语文,本科及以上,汉语言文学专业、小学教育专业,,笔试+面试,,,学段：小学；学科：语文；招聘职位：小学语文；招聘人数：2,安徽 芜湖镜湖区,https://www.xduim.com/zw/jszk,,专业：汉语言文学专业、小学教育专业
2024,教师,2024安徽教师招考,芜湖市镜湖新城实验学校,芜湖市镜湖新城实验学校 小学数学,本科及以上,数学类；小学教育专业,,笔试+面试,,,学段：小学；学科：数学；招聘职位：小学数学；招聘人数：1,安徽 芜湖镜湖区,https://www.xduim.com/zw/jszk,,专业：数学类；小学教育专业
2024,教师,2024安徽教师招考,芜湖市天民学校,芜湖市天民学校 小学语文,本科及以上,汉语言文学专业、小学教育专业,,笔试+面试,,,学段：小学；学科：语文；招聘职位：小学语文；招聘人数：1,安徽 芜湖镜湖区,https://www.xduim.com/zw/jszk,,专业：汉语言文学专业、小学教育专业
2024,教师,2024安徽教师招考,阜南县教育局,阜南县教育局 初中信息技术,本科及以上,计算机类,,笔试+面试,,,学段：初级中学；学科：信息技术；招聘职位：初中信息技术；招聘人数：1,安徽 阜阳阜南县,https://www.xduim.com/zw/jszk,,专业：计算机类
2024,教师,2024安徽教师招考,阜南县教育局,阜南县教育局 初中心理健康教育,本科及以上,心理学类、心理健康教育,,笔试+面试,,,学段：初级中学；学科：心理健康教育；招聘职位：初中心理健康教育；招聘人数：2,安徽 阜阳阜南县,https://www.xduim.com/zw/jszk,,专业：心理学类、心理健康教育
2023,教师,2023安徽教师招考,阜南县教育局,阜南县教育局 初中音乐,本科及以上,音乐表演、音乐学、作曲与作曲技术理论,,笔试+面试,,,学段：初级中学；学科：音乐；招聘职位：初中音乐；招聘人数：1,安徽 阜阳阜南县,https://www.xduim.com/zw/jszk,,专业：音乐表演、音乐学、作曲与作曲技术理论
2023,教师,2023安徽教师招考,阜南县教育局,阜南县教育局 初中体育,本科及以上,体育学类,,笔试+面试,,,学段：初级中学；学科：体育；招聘职位：初中体育；招聘人数：8,安徽 阜阳阜南县,https://www.xduim.com/zw/jszk,,专业：体育学类
2023,教师,2023安徽教师招考,阜南县教育局,阜南县教育局 初中美术,本科及以上,美术学类,,笔试+面试,,,学段：初级中学；学科：美术；招聘职位：初中美术；招聘人数：1,安徽 阜阳阜南县,https://www.xduim.com/zw/jszk,,专业：美术学类
2023,教师,2023安徽教师招考,阜南县教育局,阜南县教育局 初中生物,本科及以上,生物科学类、生物工程类,,笔试+面试,,,学段：初级中学；学科：生物；招聘职位：初中生物；招聘人数：1,安徽 阜阳阜南县,https://www.xduim.com/zw/jszk,,专业：生物科学类、生物工程类
2023,教师,2023安徽教师招考,阜南县教育局,阜南县教育局 初中地理,本科及以上,地理科学类,,笔试+面试,,,学段：初级中学；学科：地理；招聘职位：初中地理；招聘人数：1,安徽 阜阳阜南县,https://www.xduim.com/zw/jszk,,专业：地理科学类
2023,教师,2023安徽教师招考,阜南县教育局,阜南县教育局 初中信息技术,本科及以上,计算机类,,笔试+面试,,,学段：初级中学；学科：信息技术；招聘职位：初中信息技术；招聘人数：2,安徽 阜阳阜南县,https://www.xduim.com/zw/jszk,,专业：计算机类
2023,教师,2023安徽教师招考,阜南县教育局,阜南县教育局 初中心理健康教育,本科及以上,心理学类、心理健康教育,,笔试+面试,,,学段：初级中学；学科：心理健康教育；招聘职位：初中心理健康教育；招聘人数：4,安徽 阜阳阜南县,https://www.xduim.com/zw/jszk,,专业：心理学类、心理健康教育
2023,教师,2023安徽教师招考,阜南县教育局,阜南县教育局 小学语文A,本科及以上,专业不限,,笔试+面试,,,学段：小学；学科：语文；招聘职位：小学语文A；招聘人数：14,安徽 阜阳阜南县,https://www.xduim.com/zw/jszk,,专业：专业不限
2023,教师,2023安徽教师招考,阜南县教育局,阜南县教育局 小学语文B,本科及以上,专业不限,,笔试+面试,,,学段：小学；学科：语文；招聘职位：小学语文B；招聘人数：14,安徽 阜阳阜南县,https://www.xduim.com/zw/jszk,,专业：专业不限
2023,教师,2023安徽教师招考,阜南县教育局,阜南县教育局 小学语文C,本科及以上,专业不限,,笔试+面试,,,学段：小学；学科：语文；招聘职位：小学语文C；招聘人数：13,安徽 阜阳阜南县,https://www.xduim.com/zw/jszk,,专业：专业不限
2023,教师,2023安徽教师招考,阜南县教育局,阜南县教育局 小学语文D,本科及以上,专业不限,,笔试+面试,,,学段：小学；学科：语文；招聘职位：小学语文D；招聘人数：15,安徽 阜阳阜南县,https://www.xduim.com/zw/jszk,,专业：专业不限
2023,教师,2023安徽教师招考,阜南县教育局,阜南县教育局 小学数学A,本科及以上,专业不限,,笔试+面试,,,学段：小学；学科：数学；招聘职位：小学数学A；招聘人数：13,安徽 阜阳阜南县,https://www.xduim.com/zw/jszk,,专业：专业不限
2023,教师,2023安徽教师招考,阜南县教育局,阜南县教育局 小学数学B,本科及以上,专业不限,,笔试+面试,,,学段：小学；学科：数学；招聘职位：小学数学B；招聘人数：11,安徽 阜阳阜南县,https://www.xduim.com/zw/jszk,,专业：专业不限
2023,教师,2023安徽教师招考,阜南县教育局,阜南县教育局 小学数学C,本科及以上,专业不限,,笔试+面试,,,学段：小学；学科：数学；招聘职位：小学数学C；招聘人数：15,安徽 阜阳阜南县,https://www.xduim.com/zw/jszk,,专业：专业不限
2023,教师,2023安徽教师招考,阜南县教育局,阜南县教育局 小学数学D,本科及以上,专业不限,,笔试+面试,,,学段：小学；学科：数学；招聘职位：小学数学D；招聘人数：10,安徽 阜阳阜南县,https://www.xduim.com/zw/jszk,,专业：专业不限
2023,教师,2023安徽教师招考,阜南县教育局,阜南县教育局 小学英语,本科及以上,专业不限,,笔试+面试,,,学段：小学；学科：英语；招聘职位：小学英语；招聘人数：5,安徽 阜阳阜南县,https://www.xduim.com/zw/jszk,,专业：专业不限
2023,教师,2023安徽教师招考,阜南县教育局,阜南县教育局 小学音乐,本科及以上,音乐表演、音乐学、作曲与作曲技术理论,,笔试+面试,,,学段：小学；学科：音乐；招聘职位：小学音乐；招聘人数：5,安徽 阜阳阜南县,https://www.xduim.com/zw/jszk,,专业：音乐表演、音乐学、作曲与作曲技术理论
2023,教师,2023安徽教师招考,阜南县教育局,阜南县教育局 小学体育A,本科及以上,体育学类,,笔试+面试,,,学段：小学；学科：体育；招聘职位：小学体育A；招聘人数：8,安徽 阜阳阜南县,https://www.xduim.com/zw/jszk,,专业：体育学类
2023,教师,2023安徽教师招考,阜南县教育局,阜南县教育局 小学体育B,本科及以上,体育学类,,笔试+面试,,,学段：小学；学科：体育；招聘职位：小学体育B；招聘人数：10,安徽 阜阳阜南县,https://www.xduim.com/zw/jszk,,专业：体育学类
2023,教师,2023安徽教师招考,阜南县教育局,阜南县教育局 小学美术,本科及以上,美术学类,,笔试+面试,,,学段：小学；学科：美术；招聘职位：小学美术；招聘人数：5,安徽 阜阳阜南县,https://www.xduim.com/zw/jszk,,专业：美术学类
2023,教师,2023安徽教师招考,阜南县教育局,阜南县教育局 小学品德,本科及以上,专业不限,,笔试+面试,,,学段：小学；学科：道德与法治（品德与社会）；招聘职位：小学品德；招聘人数：3,安徽 阜阳阜南县,https://www.xduim.com/zw/jszk,,专业：专业不限
2023,教师,2023安徽教师招考,阜南县教育局,阜南县教育局 小学信息技术,本科及以上,计算机类,,笔试+面试,,,学段：小学；学科：信息技术；招聘职位：小学信息技术；招聘人数：2,安徽 阜阳阜南县,https://www.xduim.com/zw/jszk,,专业：计算机类
2023,教师,2023安徽教师招考,阜南县教育局,阜南县教育局 小学科学,本科及以上,专业不限,,笔试+面试,,,学段：小学；学科：科学；招聘职位：小学科学；招聘人数：1,安徽 阜阳阜南县,https://www.xduim.com/zw/jszk,,专业：专业不限
2023,教师,2023安徽教师招考,阜南县教育局,阜南县教育局 小学心理健康教育,本科及以上,心理学类、心理健康教育,,笔试+面试,,,学段：小学；学科：心理健康教育；招聘职位：小学心理健康教育；招聘人数：7,安徽 阜阳阜南县,https://www.xduim.com/zw/jszk,,专业：心理学类、心理健康教育
2023,教师,2023安徽教师招考,阜南县教育局,阜南县教育局 特殊教育,本科及以上,本科：特殊教育、康复治疗学、听力与言语康复学,,笔试+面试,,,学段：小学；学科：特殊教育；招聘职位：特殊教育；招聘人数：2,安徽 阜阳阜南县,https://www.xduim.com/zw/jszk,,专业：本科：特殊教育、康复治疗学、听力与言语康复学
2023,教师,2023安徽教师招考,阜阳市城南中学,阜阳市城南中学 初中音乐,本科及以上,本科：音乐学、音乐表演； 研究生：音乐学、舞蹈学,,笔试+面试,,,学段：初级中学；学科：音乐；招聘职位：初中音乐；招聘人数：1,安徽 阜阳市直,https://www.xduim.com/zw/jszk,,专业：本科：音乐学、音乐表演； 研究生：音乐学、舞蹈学
2023,教师,2023安徽教师招考,阜阳市城南中学,阜阳市城南中学 初中信息技术,本科及以上,本科：计算机科学与技术； 研究生：计算机系统结构、计算机软件与理论、计算机应用技术,,笔试+面试,,,学段：初级中学；学科：信息技术；招聘职位：初中信息技术；招聘人数：1,安徽 阜阳市直,https://www.xduim.com/zw/jszk,,专业：本科：计算机科学与技术； 研究生：计算机系统结构、计算机软件与理论、计算机应用技术
2023,教师,2023安徽教师招考,阜阳市城南中学,阜阳市城南中学 初中化学,本科及以上,本科：化学、应用化学； 研究生：无机化学、有机化学,,笔试+面试,,,学段：初级中学；学科：化学；招聘职位：初中化学；招聘人数：1,安徽 阜阳市直,https://www.xduim.com/zw/jszk,,专业：本科：化学、应用化学； 研究生：无机化学、有机化学
2023,教师,2023安徽教师招考,阜阳市城南中学,阜阳市城南中学 初中美术,本科及以上,本科：美术学、绘画； 研究生：美术学,,笔试+面试,,,学段：初级中学；学科：美术；招聘职位：初中美术；招聘人数：1,安徽 阜阳市直,https://www.xduim.com/zw/jszk,,专业：本科：美术学、绘画； 研究生：美术学
2023,教师,2023安徽教师招考,阜阳市城南中学,阜阳市城南中学 初中体育,本科及以上,本科：体育教育篮球 研究生：体育教育训练学,,笔试+面试,,,学段：初级中学；学科：体育；招聘职位：初中体育；招聘人数：2,安徽 阜阳市直,https://www.xduim.com/zw/jszk,,专业：本科：体育教育篮球 研究生：体育教育训练学
2023,教师,2023安徽教师招考,阜阳市城南中学,阜阳市城南中学 初中体育,本科及以上,本科：体育教育舞蹈表演、 研究生：体育教育训练学,,笔试+面试,,,学段：初级中学；学科：体育；招聘职位：初中体育；招聘人数：1,安徽 阜阳市直,https://www.xduim.com/zw/jszk,,专业：本科：体育教育舞蹈表演、 研究生：体育教育训练学
2023,教师,2023安徽教师招考,阜阳市城南中学,阜阳市城南中学 初中体育,本科及以上,本科：体育教育田径 研究生：体育教育训练学,,笔试+面试,,,学段：初级中学；学科：体育；招聘职位：初中体育；招聘人数：1,安徽 阜阳市直,https://www.xduim.com/zw/jszk,,专业：本科：体育教育田径 研究生：体育教育训练学
2023,教师,2023安徽教师招考,阜阳市城南中学,阜阳市城南中学 初中心理健康教育,本科及以上,本科：心理学、应用心理学教育； 研究生：基础心理学、发展与教育心理学、应用心理学,,笔试+面试,,,学段：初级中学；学科：心理健康教育；招聘职位：初中心理健康教育；招聘人数：1,安徽 阜阳市直,https://www.xduim.com/zw/jszk,,专业：本科：心理学、应用心理学教育； 研究生：基础心理学、发展与教育心理学、应用心理学
2023,教师,2023安徽教师招考,阜阳阜合实验中学,阜阳阜合实验中学 初中语文1,本科及以上,本科：汉语言文学； 硕士研究生以上专业不限，本科须是汉言语文学专业,,笔试+面试,,,学段：初级中学；学科：语文；招聘职位：初中语文1；招聘人数：3,安徽 阜阳市直,https://www.xduim.com/zw/jszk,,专业：本科：汉语言文学； 硕士研究生以上专业不限，本科须是汉言语文学专业
2023,教师,2023安徽教师招考,阜阳阜合实验中学,阜阳阜合实验中学 初中语文2,本科及以上,本科：汉语言文学； 硕士研究生以上专业不限，本科须是汉言语文学专业,,笔试+面试,,,学段：初级中学；学科：语文；招聘职位：初中语文2；招聘人数：1,安徽 阜阳市直,https://www.xduim.com/zw/jszk,,专业：本科：汉语言文学； 硕士研究生以上专业不限，本科须是汉言语文学专业
2023,教师,2023安徽教师招考,阜阳阜合实验中学,阜阳阜合实验中学 初中数学1,本科及以上,本科：数学与应用数学、信息与计算科学； 硕士研究生以上专业不限，本科须是数学与应用数学、信息与计算科学专业,,笔试+面试,,,学段：初级中学；学科：数学；招聘职位：初中数学1；招聘人数：4,安徽 阜阳市直,https://www.xduim.com/zw/jszk,,专业：本科：数学与应用数学、信息与计算科学； 硕士研究生以上专业不限，本科须是数学与应用数学、信息与计算科学专业
2023,教师,2023安徽教师招考,阜阳阜合实验中学,阜阳阜合实验中学 初中数学2,本科及以上,本科：数学与应用数学、信息与计算科学； 硕士研究生以上专业不限，本科须是数学与应用数学、信息与计算科学专业,,笔试+面试,,,学段：初级中学；学科：数学；招聘职位：初中数学2；招聘人数：1,安徽 阜阳市直,https://www.xduim.com/zw/jszk,,专业：本科：数学与应用数学、信息与计算科学； 硕士研究生以上专业不限，本科须是数学与应用数学、信息与计算科学专业
2023,教师,2023安徽教师招考,阜阳阜合实验中学,阜阳阜合实验中学 初中英语,本科及以上,本科：英语； 硕士研究生以上专业不限，本科须是英语专业,,笔试+面试,,,学段：初级中学；学科：英语；招聘职位：初中英语；招聘人数：4,安徽 阜阳市直,https://www.xduim.com/zw/jszk,,专业：本科：英语； 硕士研究生以上专业不限，本科须是英语专业
2023,教师,2023安徽教师招考,阜阳阜合实验中学,阜阳阜合实验中学 初中物理,本科及以上,本科：物理学、应用物理学； 硕士研究生以上专业不限，本科须是物理学、应用物理学专业,,笔试+面试,,,学段：初级中学；学科：物理；招聘职位：初中物理；招聘人数：3,安徽 阜阳市直,https://www.xduim.com/zw/jszk,,专业：本科：物理学、应用物理学； 硕士研究生以上专业不限，本科须是物理学、应用物理学专业
2023,教师,2023安徽教师招考,阜阳阜合实验中学,阜阳阜合实验中学 初中化学,本科及以上,本科：化学、应用化学； 硕士研究生以上专业不限，本科须是化学、应用化学专业,,笔试+面试,,,学段：初级中学；学科：化学；招聘职位：初中化学；招聘人数：2,安徽 阜阳市直,https://www.xduim.com/zw/jszk,,专业：本科：化学、应用化学； 硕士研究生以上专业不限，本科须是化学、应用化学专业
2023,教师,2023安徽教师招考,阜阳阜合实验中学,阜阳阜合实验中学 初中政治,本科及以上,本科：思想政治教育； 硕士研究生以上专业不限，本科须是思想政治教育专业,,笔试+面试,,,学段：初级中学；学科：道德与法治；招聘职位：初中政治；招聘人数：2,安徽 阜阳市直,https://www.xduim.com/zw/jszk,,专业：本科：思想政治教育； 硕士研究生以上专业不限，本科须是思想政治教育专业
2023,教师,2023安徽教师招考,阜阳阜合实验中学,阜阳阜合实验中学 初中历史,本科及以上,本科：历史学； 硕士研究生以上专业不限，本科须是历史学专业,,笔试+面试,,,学段：初级中学；学科：历史；招聘职位：初中历史；招聘人数：3,安徽 阜阳市直,https://www.xduim.com/zw/jszk,,专业：本科：历史学； 硕士研究生以上专业不限，本科须是历史学专业
2023,教师,2023安徽教师招考,阜阳阜合实验中学,阜阳阜合实验中学 初中地理,本科及以上,本科：地理科学； 硕士研究生以上专业不限，本科须是地理科学专业,,笔试+面试,,,学段：初级中学；学科：地理；招聘职位：初中地理；招聘人数：1,安徽 阜阳市直,https://www.xduim.com/zw/jszk,,专业：本科：地理科学； 硕士研究生以上专业不限，本科须是地理科学专业
2023,教师,2023安徽教师招考,阜阳阜合实验中学,阜阳阜合实验中学 初中生物,本科及以上,本科：生物科学； 硕士研究生以上专业不限，本科须是生物科学专业,,笔试+面试,,,学段：初级中学；学科：生物；招聘职位：初中生物；招聘人数：1,安徽 阜阳市直,https://www.xduim.com/zw/jszk,,专业：本科：生物科学； 硕士研究生以上专业不限，本科须是生物科学专业
2023,教师,2023安徽教师招考,阜阳阜合实验中学,阜阳阜合实验中学 初中体育,本科及以上,本科：体育教育、运动训练、武术与民族传统体育； 硕士研究生以上专业不限，本科须是体育教育、运动训练、武术与民族传统体育专业,,笔试+面试,,,学段：初级中学；学科：体育；招聘职位：初中体育；招聘人数：1,安徽 阜阳市直,https://www.xduim.com/zw/jszk,,专业：本科：体育教育、运动训练、武术与民族传统体育； 硕士研究生以上专业不限，本科须是体育教育、运动训练、武术与民族传统体育专业
2023,教师,2023安徽教师招考,阜阳阜合实验中学,阜阳阜合实验中学 初中音乐,本科及以上,本科：音乐学、音乐表演； 硕士研究生以上专业不限，本科须是音乐学、音乐表演专业,,笔试+面试,,,学段：初级中学；学科：音乐；招聘职位：初中音乐；招聘人数：1,安徽 阜阳市直,https://www.xduim.com/zw/jszk,,专业：本科：音乐学、音乐表演； 硕士研究生以上专业不限，本科须是音乐学、音乐表演专业
2023,教师,2023安徽教师招考,阜阳阜合实验中学,阜阳阜合实验中学 初中美术,本科及以上,本科：美术学、绘画；  硕士研究生以上专业不限，本科须是美术学、绘画专业,,笔试+面试,,,学段：初级中学；学科：美术；招聘职位：初中美术；招聘人数：1,安徽 阜阳市直,https://www.xduim.com/zw/jszk,,专业：本科：美术学、绘画；  硕士研究生以上专业不限，本科须是美术学、绘画专业
2023,教师,2023安徽教师招考,阜阳阜合实验中学,阜阳阜合实验中学 初中信息技术,本科及以上,本科：计算机科学与技术； 硕士研究生以上专业不限，本科须是计算机科学与技术专业,,笔试+面试,,,学段：初级中学；学科：信息技术；招聘职位：初中信息技术；招聘人数：1,安徽 阜阳市直,https://www.xduim.com/zw/jszk,,专业：本科：计算机科学与技术； 硕士研究生以上专业不限，本科须是计算机科学与技术专业
2023,教师,2023安徽教师招考,阜阳阜合实验中学,阜阳阜合实验中学 初中历史,本科及以上,本科：历史学； 研究生：史学理论及史学史、历史地理学,,笔试+面试,,,学段：初级中学；学科：历史；招聘职位：初中历史；招聘人数：1,安徽 阜阳市直,https://www.xduim.com/zw/jszk,,专业：本科：历史学； 研究生：史学理论及史学史、历史地理学
2023,教师,2023安徽教师招考,阜阳阜合实验中学,阜阳阜合实验中学 初中语文1,本科及以上,本科：汉语言文学； 研究生：汉语言文字学、语言学及应用语言学,,笔试+面试,,,学段：初级中学；学科：语文；招聘职位：初中语文1；招聘人数：1,安徽 阜阳市直,https://www.xduim.com/zw/jszk,,专业：本科：汉语言文学； 研究生：汉语言文字学、语言学及应用语言学
2023,教师,2023安徽教师招考,阜阳阜合实验中学,阜阳阜合实验中学 初中数学,本科及以上,本科：数学与应用数学、信息与计算科学 研究生：基础数学、计算数学、应用数学,,笔试+面试,,,学段：初级中学；学科：数学；招聘职位：初中数学；招聘人数：1,安徽 阜阳市直,https://www.xduim.com/zw/jszk,,专业：本科：数学与应用数学、信息与计算科学 研究生：基础数学、计算数学、应用数学
2023,教师,2023安徽教师招考,阜阳市特殊教育学校,阜阳市特殊教育学校 初中体育,本科及以上,本科：体育教育； 硕士研究生以上专业不限，本科须是体育教育专业,,笔试+面试,,,学段：初级中学；学科：体育；招聘职位：初中体育；招聘人数：1,安徽 阜阳市直,https://www.xduim.com/zw/jszk,,专业：本科：体育教育； 硕士研究生以上专业不限，本科须是体育教育专业
2023,教师,2023安徽教师招考,阜阳市特殊教育学校,阜阳市特殊教育学校 初中舞蹈,本科及以上,本科：舞蹈学、舞蹈教育、舞蹈编导、舞蹈表演；硕士研究生以上专业不限，本科须是舞蹈学、舞蹈教育、舞蹈编导、舞蹈表演专业,,笔试+面试,,,学段：初级中学；学科：音乐；招聘职位：初中舞蹈；招聘人数：1,安徽 阜阳市直,https://www.xduim.com/zw/jszk,,专业：本科：舞蹈学、舞蹈教育、舞蹈编导、舞蹈表演；硕士研究生以上专业不限，本科须是舞蹈学、舞蹈教育、舞蹈编导、舞蹈表演专业
2023,教师,2023安徽教师招考,阜阳市特殊教育学校,阜阳市特殊教育学校 小学特殊教育,本科及以上,本科：特殊教育、小学教育、学前教育；硕士研究生以上专业不限，本科须是特殊教育、小学教育、学前教育专业,,笔试+面试,,,学段：小学；学科：特殊教育；招聘职位：小学特殊教育；招聘人数：4,安徽 阜阳市直,https://www.xduim.com/zw/jszk,,专业：本科：特殊教育、小学教育、学前教育；硕士研究生以上专业不限，本科须是特殊教育、小学教育、学前教育专业
2024,教师,2024安徽教师招考,阜阳市颍州区苗桥小学,阜阳市颍州区苗桥小学 小学数学,本科及以上,专业不限,,笔试+面试,,,学段：小学；学科：数学；招聘职位：小学数学；招聘人数：4,安徽 阜阳颍州区,https://www.xduim.com/zw/jszk,,专业：专业不限
2024,教师,2024安徽教师招考,阜阳市阜纺小学,阜阳市阜纺小学 小学语文,本科及以上,专业不限,,笔试+面试,,,学段：小学；学科：语文；招聘职位：小学语文；招聘人数：1,安徽 阜阳颍州区,https://www.xduim.com/zw/jszk,,专业：专业不限
2024,教师,2024安徽教师招考,阜阳市阜纺小学,阜阳市阜纺小学 小学数学,本科及以上,专业不限,,笔试+面试,,,学段：小学；学科：数学；招聘职位：小学数学；招聘人数：1,安徽 阜阳颍州区,https://www.xduim.com/zw/jszk,,专业：专业不限
2024,教师,2024安徽教师招考,阜阳市刘锜小学,阜阳市刘锜小学 小学语文,本科及以上,专业不限,,笔试+面试,,,学段：小学；学科：语文；招聘职位：小学语文；招聘人数：1,安徽 阜阳颍州区,https://www.xduim.com/zw/jszk,,专业：专业不限
2024,教师,2024安徽教师招考,阜阳市刘锜小学,阜阳市刘锜小学 小学数学,本科及以上,专业不限,,笔试+面试,,,学段：小学；学科：数学；招聘职位：小学数学；招聘人数：1,安徽 阜阳颍州区,https://www.xduim.com/zw/jszk,,专业：专业不限
2024,教师,2024安徽教师招考,阜阳经济技术开发区第一小学,阜阳经济技术开发区第一小学 小学语文,本科及以上,专业不限,,笔试+面试,,,学段：小学；学科：语文；招聘职位：小学语文；招聘人数：2,安徽 阜阳颍州区,https://www.xduim.com/zw/jszk,,专业：专业不限
2024,教师,2024安徽教师招考,阜阳经济技术开发区第一小学,阜阳经济技术开发区第一小学 小学心理健康教育,本科及以上,本科：心理学、应用心理学教育；研究生：基础心理学、发展与教育心理学、应用心理学,,笔试+面试,,,学段：小学；学科：心理健康教育；招聘职位：小学心理健康教育；招聘人数：1,安徽 阜阳颍州区,https://www.xduim.com/zw/jszk,,专业：本科：心理学、应用心理学教育；研究生：基础心理学、发展与教育心理学、应用心理学
2024,教师,2024安徽教师招考,阜阳市开发区京九路办事处田庄小学,阜阳市开发区京九路办事处田庄小学 小学数学,本科及以上,专业不限,,笔试+面试,,,学段：小学；学科：数学；招聘职位：小学数学；招聘人数：1,安徽 阜阳颍州区,https://www.xduim.com/zw/jszk,,专业：专业不限
2024,教师,2024安徽教师招考,阜阳市九里中学,阜阳市九里中学 初中语文,本科及以上,本科：中国语言文学类、汉语言文学教育；硕士研究生及以上专业不限。,,笔试+面试,,,学段：初级中学；学科：语文；招聘职位：初中语文；招聘人数：2,安徽 阜阳颍州区,https://www.xduim.com/zw/jszk,,专业：本科：中国语言文学类、汉语言文学教育；硕士研究生及以上专业不限。
2024,教师,2024安徽教师招考,阜阳市九里中学,阜阳市九里中学 初中数学,本科及以上,本科：数学类；硕士研究生及以上专业不限。,,笔试+面试,,,学段：初级中学；学科：数学；招聘职位：初中数学；招聘人数：2,安徽 阜阳颍州区,https://www.xduim.com/zw/jszk,,专业：本科：数学类；硕士研究生及以上专业不限。
2024,教师,2024安徽教师招考,阜阳市九里中学,阜阳市九里中学 初中英语,本科及以上,本科：英语专业、商务英语专业、英语教育专业；硕士研究生及以上专业不限。,,笔试+面试,,,学段：初级中学；学科：英语；招聘职位：初中英语；招聘人数：2,安徽 阜阳颍州区,https://www.xduim.com/zw/jszk,,专业：本科：英语专业、商务英语专业、英语教育专业；硕士研究生及以上专业不限。
2024,教师,2024安徽教师招考,阜阳市华信中学,阜阳市华信中学 初中语文,本科及以上,本科：中国语言文学类、汉语言文学教育；硕士研究生及以上专业不限。,,笔试+面试,,,学段：初级中学；学科：语文；招聘职位：初中语文；招聘人数：2,安徽 阜阳颍州区,https://www.xduim.com/zw/jszk,,专业：本科：中国语言文学类、汉语言文学教育；硕士研究生及以上专业不限。
2024,教师,2024安徽教师招考,阜阳市华信中学,阜阳市华信中学 初中数学,本科及以上,本科：数学类；硕士研究生及以上专业不限。,,笔试+面试,,,学段：初级中学；学科：数学；招聘职位：初中数学；招聘人数：2,安徽 阜阳颍州区,https://www.xduim.com/zw/jszk,,专业：本科：数学类；硕士研究生及以上专业不限。
2024,教师,2024安徽教师招考,阜阳市华信中学,阜阳市华信中学 初中英语,本科及以上,本科：英语专业、商务英语专业、英语教育专业；硕士研究生及以上专业不限。,,笔试+面试,,,学段：初级中学；学科：英语；招聘职位：初中英语；招聘人数：2,安徽 阜阳颍州区,https://www.xduim.com/zw/jszk,,专业：本科：英语专业、商务英语专业、英语教育专业；硕士研究生及以上专业不限。
2024,教师,2024安徽教师招考,阜阳市华信中学,阜阳市华信中学 初中道德与法治,本科及以上,本科：政治学类、马克思主义理论类、政治教育、思想政治教育；硕士研究生及以上专业不限。,,笔试+面试,,,学段：初级中学；学科：道德与法治；招聘职位：初中道德与法治；招聘人数：1,安徽 阜阳颍州区,https://www.xduim.com/zw/jszk,,专业：本科：政治学类、马克思主义理论类、政治教育、思想政治教育；硕士研究生及以上专业不限。
2024,教师,2024安徽教师招考,阜阳市华信中学,阜阳市华信中学 初中历史,本科及以上,本科：历史学类、历史教育；硕士研究生及以上专业不限。,,笔试+面试,,,学段：初级中学；学科：历史；招聘职位：初中历史；招聘人数：1,安徽 阜阳颍州区,https://www.xduim.com/zw/jszk,,专业：本科：历史学类、历史教育；硕士研究生及以上专业不限。
2024,教师,2024安徽教师招考,阜阳市华信中学,阜阳市华信中学 初中地理,本科及以上,本科：地理科学类、地理教育；硕士研究生及以上专业不限。,,笔试+面试,,,学段：初级中学；学科：地理；招聘职位：初中地理；招聘人数：1,安徽 阜阳颍州区,https://www.xduim.com/zw/jszk,,专业：本科：地理科学类、地理教育；硕士研究生及以上专业不限。
2024,教师,2024安徽教师招考,阜阳市颍州区南京路初级中学,阜阳市颍州区南京路初级中学 初中心理健康教育,本科及以上,本科：心理学、应用心理学教育；研究生：基础心理学、发展与教育心理学、应用心理学,,笔试+面试,,,学段：初级中学；学科：心理健康教育；招聘职位：初中心理健康教育；招聘人数：1,安徽 阜阳颍州区,https://www.xduim.com/zw/jszk,,专业：本科：心理学、应用心理学教育；研究生：基础心理学、发展与教育心理学、应用心理学
2024,教师,2024安徽教师招考,阜阳市颍州区南京路初级中学,阜阳市颍州区南京路初级中学 初中数学,本科及以上,本科：数学类；硕士研究生及以上专业不限。,,笔试+面试,,,学段：初级中学；学科：数学；招聘职位：初中数学；招聘人数：1,安徽 阜阳颍州区,https://www.xduim.com/zw/jszk,,专业：本科：数学类；硕士研究生及以上专业不限。
2024,教师,2024安徽教师招考,阜阳市颍州区西清路初级中学,阜阳市颍州区西清路初级中学 初中数学,本科及以上,本科：数学类；硕士研究生及以上专业不限。,,笔试+面试,,,学段：初级中学；学科：数学；招聘职位：初中数学；招聘人数：2,安徽 阜阳颍州区,https://www.xduim.com/zw/jszk,,专业：本科：数学类；硕士研究生及以上专业不限。
2023,教师,2023安徽教师招考,颍东区枫林小学,颍东区枫林小学 小学数学,本科及以上,专业不限,,笔试+面试,,,学段：小学；学科：数学；招聘职位：小学数学；招聘人数：1,安徽 阜阳颍东区,https://www.xduim.com/zw/jszk,,专业：专业不限
2023,教师,2023安徽教师招考,颍东区枫林小学,颍东区枫林小学 小学英语,本科及以上,专业不限,,笔试+面试,,,学段：小学；学科：英语；招聘职位：小学英语；招聘人数：1,安徽 阜阳颍东区,https://www.xduim.com/zw/jszk,,专业：专业不限
2023,教师,2023安徽教师招考,颍东区育新小学,颍东区育新小学 小学语文,本科及以上,专业不限,,笔试+面试,,,学段：小学；学科：语文；招聘职位：小学语文；招聘人数：1,安徽 阜阳颍东区,https://www.xduim.com/zw/jszk,,专业：专业不限
2023,教师,2023安徽教师招考,阜阳师范大学附属颍东第一小学（颍东区向阳小学）,阜阳师范大学附属颍东第一小学（颍东区向阳小学） 小学语文,本科及以上,专业不限,,笔试+面试,,,学段：小学；学科：语文；招聘职位：小学语文；招聘人数：3,安徽 阜阳颍东区,https://www.xduim.com/zw/jszk,,专业：专业不限
2023,教师,2023安徽教师招考,阜阳师范大学附属颍东第一小学（颍东区向阳小学）,阜阳师范大学附属颍东第一小学（颍东区向阳小学） 小学语文,本科及以上,专业不限,,笔试+面试,,,学段：小学；学科：语文；招聘职位：小学语文；招聘人数：2,安徽 阜阳颍东区,https://www.xduim.com/zw/jszk,,专业：专业不限
2023,教师,2023安徽教师招考,阜阳师范大学附属颍东第一小学（颍东区向阳小学）,阜阳师范大学附属颍东第一小学（颍东区向阳小学） 小学数学,本科及以上,专业不限,,笔试+面试,,,学段：小学；学科：数学；招聘职位：小学数学；招聘人数：2,安徽 阜阳颍东区,https://www.xduim.com/zw/jszk,,专业：专业不限
2023,教师,2023安徽教师招考,阜阳师范大学附属颍东第一小学（颍东区向阳小学）,阜阳师范大学附属颍东第一小学（颍东区向阳小学） 小学体育,本科及以上,专业不限,,笔试+面试,,,学段：小学；学科：体育；招聘职位：小学体育；招聘人数：2,安徽 阜阳颍东区,https://www.xduim.com/zw/jszk,,专业：专业不限
2023,教师,2023安徽教师招考,阜阳师范大学附属颍东第一小学（颍东区向阳小学）,阜阳师范大学附属颍东第一小学（颍东区向阳小学） 小学信息技术,本科及以上,专业不限,,笔试+面试,,,学段：小学；学科：信息技术；招聘职位：小学信息技术；招聘人数：1,安徽 阜阳颍东区,https://www.xduim.com/zw/jszk,,专业：专业不限
2024,教师,2024安徽教师招考,阜阳经济技术开发区第一初级中学,阜阳经济技术开发区第一初级中学 初中语文,本科及以上,本科：中国语言文学类、汉语言文学教育；硕士研究生及以上专业不限。,,笔试+面试,,,学段：初级中学；学科：语文；招聘职位：初中语文；招聘人数：1,安徽 阜阳颍州区,https://www.xduim.com/zw/jszk,,专业：本科：中国语言文学类、汉语言文学教育；硕士研究生及以上专业不限。
2023,教师,2023安徽教师招考,阜阳市北城小学府前路校区（语文B岗）,阜阳市北城小学府前路校区（语文B岗） 小学语文,本科及以上,专业不限,,笔试+面试,,,学段：小学；学科：语文；招聘职位：小学语文；招聘人数：5,安徽 阜阳颍州区,https://www.xduim.com/zw/jszk,,专业：专业不限
2023,教师,2023安徽教师招考,阜阳市北城小学府前路校区（数学A岗）,阜阳市北城小学府前路校区（数学A岗） 小学数学,本科及以上,专业不限,,笔试+面试,,,学段：小学；学科：数学；招聘职位：小学数学；招聘人数：1,安徽 阜阳颍州区,https://www.xduim.com/zw/jszk,,专业：专业不限
2023,教师,2023安徽教师招考,阜阳市北城小学府前路校区（数学B岗）,阜阳市北城小学府前路校区（数学B岗） 小学数学,本科及以上,专业不限,,笔试+面试,,,学段：小学；学科：数学；招聘职位：小学数学；招聘人数：3,安徽 阜阳颍州区,https://www.xduim.com/zw/jszk,,专业：专业不限
2023,教师,2023安徽教师招考,阜阳市北城小学府前路校区,阜阳市北城小学府前路校区 小学英语,本科及以上,专业不限,,笔试+面试,,,学段：小学；学科：英语；招聘职位：小学英语；招聘人数：1,安徽 阜阳颍州区,https://www.xduim.com/zw/jszk,,专业：专业不限
2023,教师,2023安徽教师招考,阜阳市北城小学府前路校区,阜阳市北城小学府前路校区 小学体育,本科及以上,专业不限,,笔试+面试,,,学段：小学；学科：体育；招聘职位：小学体育；招聘人数：1,安徽 阜阳颍州区,https://www.xduim.com/zw/jszk,,专业：专业不限
2023,教师,2023安徽教师招考,阜阳市清河路第一小学西清路校区,阜阳市清河路第一小学西清路校区 小学语文,本科及以上,专业不限,,笔试+面试,,,学段：小学；学科：语文；招聘职位：小学语文；招聘人数：3,安徽 阜阳颍州区,https://www.xduim.com/zw/jszk,,专业：专业不限
2023,教师,2023安徽教师招考,阜阳市清河路第一小学西清路校区,阜阳市清河路第一小学西清路校区 小学数学,本科及以上,专业不限,,笔试+面试,,,学段：小学；学科：数学；招聘职位：小学数学；招聘人数：1,安徽 阜阳颍州区,https://www.xduim.com/zw/jszk,,专业：专业不限
2023,教师,2023安徽教师招考,阜阳市清河路第一小学西清路校区,阜阳市清河路第一小学西清路校区 小学音乐,本科及以上,专业不限,,笔试+面试,,,学段：小学；学科：音乐；招聘职位：小学音乐；招聘人数：1,安徽 阜阳颍州区,https://www.xduim.com/zw/jszk,,专业：专业不限
2023,教师,2023安徽教师招考,阜阳市清河路第一小学西清路校区,阜阳市清河路第一小学西清路校区 小学体育,本科及以上,专业不限,,笔试+面试,,,学段：小学；学科：体育；招聘职位：小学体育；招聘人数：1,安徽 阜阳颍州区,https://www.xduim.com/zw/jszk,,专业：专业不限
2023,教师,2023安徽教师招考,阜阳市清河路第一小学西清路校区,阜阳市清河路第一小学西清路校区 小学美术,本科及以上,专业不限,,笔试+面试,,,学段：小学；学科：美术；招聘职位：小学美术；招聘人数：1,安徽 阜阳颍州区,https://www.xduim.com/zw/jszk,,专业：专业不限
2023,教师,2023安徽教师招考,阜阳市清河路第一小学西清路校区,阜阳市清河路第一小学西清路校区 小学科学,本科及以上,专业不限,,笔试+面试,,,学段：小学；学科：科学；招聘职位：小学科学；招聘人数：1,安徽 阜阳颍州区,https://www.xduim.com/zw/jszk,,专业：专业不限
2023,教师,2023安徽教师招考,阜阳市清河路第一小学逍遥津校区,阜阳市清河路第一小学逍遥津校区 小学语文,本科及以上,专业不限,,笔试+面试,,,学段：小学；学科：语文；招聘职位：小学语文；招聘人数：4,安徽 阜阳颍州区,https://www.xduim.com/zw/jszk,,专业：专业不限
2023,教师,2023安徽教师招考,阜阳市清河路第一小学逍遥津校区,阜阳市清河路第一小学逍遥津校区 小学数学,本科及以上,专业不限,,笔试+面试,,,学段：小学；学科：数学；招聘职位：小学数学；招聘人数：3,安徽 阜阳颍州区,https://www.xduim.com/zw/jszk,,专业：专业不限
2023,教师,2023安徽教师招考,阜阳市清河路第一小学逍遥津校区,阜阳市清河路第一小学逍遥津校区 小学音乐,本科及以上,专业不限,,笔试+面试,,,学段：小学；学科：音乐；招聘职位：小学音乐；招聘人数：1,安徽 阜阳颍州区,https://www.xduim.com/zw/jszk,,专业：专业不限
2023,教师,2023安徽教师招考,阜阳市清河路第一小学逍遥津校区,阜阳市清河路第一小学逍遥津校区 小学体育,本科及以上,专业不限,,笔试+面试,,,学段：小学；学科：体育；招聘职位：小学体育；招聘人数：1,安徽 阜阳颍州区,https://www.xduim.com/zw/jszk,,专业：专业不限
2023,教师,2023安徽教师招考,阜阳市清河路第一小学逍遥津校区,阜阳市清河路第一小学逍遥津校区 小学美术,本科及以上,专业不限,,笔试+面试,,,学段：小学；学科：美术；招聘职位：小学美术；招聘人数：1,安徽 阜阳颍州区,https://www.xduim.com/zw/jszk,,专业：专业不限
2023,教师,2023安徽教师招考,阜阳市清河路第一小学高铁校区,阜阳市清河路第一小学高铁校区 小学语文,本科及以上,专业不限,,笔试+面试,,,学段：小学；学科：语文；招聘职位：小学语文；招聘人数：2,安徽 阜阳颍州区,https://www.xduim.com/zw/jszk,,专业：专业不限
2023,教师,2023安徽教师招考,阜阳市清河路第一小学高铁校区,阜阳市清河路第一小学高铁校区 小学数学,本科及以上,专业不限,,笔试+面试,,,学段：小学；学科：数学；招聘职位：小学数学；招聘人数：2,安徽 阜阳颍州区,https://www.xduim.com/zw/jszk,,专业：专业不限
2023,教师,2023安徽教师招考,阜阳市清河路第一小学高铁校区,阜阳市清河路第一小学高铁校区 小学体育,本科及以上,专业不限,,笔试+面试,,,学段：小学；学科：体育；招聘职位：小学体育；招聘人数：2,安徽 阜阳颍州区,https://www.xduim.com/zw/jszk,,专业：专业不限
2023,教师,2023安徽教师招考,阜阳市清河路第一小学高铁校区,阜阳市清河路第一小学高铁校区 小学美术,本科及以上,专业不限,,笔试+面试,,,学段：小学；学科：美术；招聘职位：小学美术；招聘人数：2,安徽 阜阳颍州区,https://www.xduim.com/zw/jszk,,专业：专业不限
2023,教师,2023安徽教师招考,阜阳市东清小学（数学A岗）,阜阳市东清小学（数学A岗） 小学数学,本科及以上,专业不限,,笔试+面试,,,学段：小学；学科：数学；招聘职位：小学数学；招聘人数：1,安徽 阜阳颍州区,https://www.xduim.com/zw/jszk,,专业：专业不限
2023,教师,2023安徽教师招考,阜阳市东清小学（数学B岗）,阜阳市东清小学（数学B岗） 小学数学,本科及以上,专业不限,,笔试+面试,,,学段：小学；学科：数学；招聘职位：小学数学；招聘人数：2,安徽 阜阳颍州区,https://www.xduim.com/zw/jszk,,专业：专业不限
2023,教师,2023安徽教师招考,阜阳市东清小学,阜阳市东清小学 小学英语,本科及以上,专业不限,,笔试+面试,,,学段：小学；学科：英语；招聘职位：小学英语；招聘人数：1,安徽 阜阳颍州区,https://www.xduim.com/zw/jszk,,专业：专业不限
2023,教师,2023安徽教师招考,阜阳市东清小学,阜阳市东清小学 小学音乐,本科及以上,专业不限,,笔试+面试,,,学段：小学；学科：音乐；招聘职位：小学音乐；招聘人数：1,安徽 阜阳颍州区,https://www.xduim.com/zw/jszk,,专业：专业不限
2023,教师,2023安徽教师招考,阜阳市东清小学,阜阳市东清小学 小学美术,本科及以上,专业不限,,笔试+面试,,,学段：小学；学科：美术；招聘职位：小学美术；招聘人数：1,安徽 阜阳颍州区,https://www.xduim.com/zw/jszk,,专业：专业不限
2023,教师,2023安徽教师招考,阜阳市东清小学,阜阳市东清小学 小学科学,本科及以上,专业不限,,笔试+面试,,,学段：小学；学科：科学；招聘职位：小学科学；招聘人数：1,安徽 阜阳颍州区,https://www.xduim.com/zw/jszk,,专业：专业不限
2023,教师,2023安徽教师招考,阜阳市六里小学,阜阳市六里小学 小学语文,本科及以上,专业不限,,笔试+面试,,,学段：小学；学科：语文；招聘职位：小学语文；招聘人数：3,安徽 阜阳颍州区,https://www.xduim.com/zw/jszk,,专业：专业不限
2023,教师,2023安徽教师招考,阜阳市六里小学（数学A岗）,阜阳市六里小学（数学A岗） 小学数学,本科及以上,专业不限,,笔试+面试,,,学段：小学；学科：数学；招聘职位：小学数学；招聘人数：1,安徽 阜阳颍州区,https://www.xduim.com/zw/jszk,,专业：专业不限
2023,教师,2023安徽教师招考,阜阳市六里小学（数学B岗）,阜阳市六里小学（数学B岗） 小学数学,本科及以上,专业不限,,笔试+面试,,,学段：小学；学科：数学；招聘职位：小学数学；招聘人数：2,安徽 阜阳颍州区,https://www.xduim.com/zw/jszk,,专业：专业不限
2023,教师,2023安徽教师招考,阜阳市六里小学,阜阳市六里小学 小学音乐,本科及以上,专业不限,,笔试+面试,,,学段：小学；学科：音乐；招聘职位：小学音乐；招聘人数：1,安徽 阜阳颍州区,https://www.xduim.com/zw/jszk,,专业：专业不限
2023,教师,2023安徽教师招考,阜阳市六里小学,阜阳市六里小学 小学体育,本科及以上,专业不限,,笔试+面试,,,学段：小学；学科：体育；招聘职位：小学体育；招聘人数：1,安徽 阜阳颍州区,https://www.xduim.com/zw/jszk,,专业：专业不限
2023,教师,2023安徽教师招考,阜阳市六里小学,阜阳市六里小学 小学信息技术,本科及以上,专业不限,,笔试+面试,,,学段：小学；学科：信息技术；招聘职位：小学信息技术；招聘人数：1,安徽 阜阳颍州区,https://www.xduim.com/zw/jszk,,专业：专业不限
2023,教师,2023安徽教师招考,阜阳市六里小学,阜阳市六里小学 小学科学,本科及以上,专业不限,,笔试+面试,,,学段：小学；学科：科学；招聘职位：小学科学；招聘人数：1,安徽 阜阳颍州区,https://www.xduim.com/zw/jszk,,专业：专业不限
2023,教师,2023安徽教师招考,阜阳市颍州区清河办事处五里示范小学,阜阳市颍州区清河办事处五里示范小学 小学语文,本科及以上,专业不限,,笔试+面试,,,学段：小学；学科：语文；招聘职位：小学语文；招聘人数：1,安徽 阜阳颍州区,https://www.xduim.com/zw/jszk,,专业：专业不限
2023,教师,2023安徽教师招考,阜阳市颍州区清河办事处五里示范小学,阜阳市颍州区清河办事处五里示范小学 小学数学,本科及以上,专业不限,,笔试+面试,,,学段：小学；学科：数学；招聘职位：小学数学；招聘人数：1,安徽 阜阳颍州区,https://www.xduim.com/zw/jszk,,专业：专业不限
2023,教师,2023安徽教师招考,阜阳市南京路第一小学,阜阳市南京路第一小学 小学数学,本科及以上,专业不限,,笔试+面试,,,学段：小学；学科：数学；招聘职位：小学数学；招聘人数：1,安徽 阜阳颍州区,https://www.xduim.com/zw/jszk,,专业：专业不限
2023,教师,2023安徽教师招考,阜阳市南京路第二小学,阜阳市南京路第二小学 小学信息技术,本科及以上,专业不限,,笔试+面试,,,学段：小学；学科：信息技术；招聘职位：小学信息技术；招聘人数：1,安徽 阜阳颍州区,https://www.xduim.com/zw/jszk,,专业：专业不限
2023,教师,2023安徽教师招考,阜阳市南京路第三小学,阜阳市南京路第三小学 小学语文,本科及以上,专业不限,,笔试+面试,,,学段：小学；学科：语文；招聘职位：小学语文；招聘人数：1,安徽 阜阳颍州区,https://www.xduim.com/zw/jszk,,专业：专业不限
2023,教师,2023安徽教师招考,阜阳市南京路第三小学,阜阳市南京路第三小学 小学数学,本科及以上,专业不限,,笔试+面试,,,学段：小学；学科：数学；招聘职位：小学数学；招聘人数：1,安徽 阜阳颍州区,https://www.xduim.com/zw/jszk,,专业：专业不限
2023,教师,2023安徽教师招考,阜阳市东城小学,阜阳市东城小学 小学语文,本科及以上,专业不限,,笔试+面试,,,学段：小学；学科：语文；招聘职位：小学语文；招聘人数：1,安徽 阜阳颍州区,https://www.xduim.com/zw/jszk,,专业：专业不限
2023,教师,2023安徽教师招考,阜阳市清河路第一小学万象校区,阜阳市清河路第一小学万象校区 小学语文,本科及以上,专业不限,,笔试+面试,,,学段：小学；学科：语文；招聘职位：小学语文；招聘人数：4,安徽 阜阳颍州区,https://www.xduim.com/zw/jszk,,专业：专业不限
2023,教师,2023安徽教师招考,阜阳市清河路第一小学万象校区,阜阳市清河路第一小学万象校区 小学数学,本科及以上,专业不限,,笔试+面试,,,学段：小学；学科：数学；招聘职位：小学数学；招聘人数：3,安徽 阜阳颍州区,https://www.xduim.com/zw/jszk,,专业：专业不限
2023,教师,2023安徽教师招考,阜阳市清河路第一小学万象校区,阜阳市清河路第一小学万象校区 小学音乐,本科及以上,专业不限,,笔试+面试,,,学段：小学；学科：音乐；招聘职位：小学音乐；招聘人数：1,安徽 阜阳颍州区,https://www.xduim.com/zw/jszk,,专业：专业不限
2023,教师,2023安徽教师招考,阜阳市清河路第一小学万象校区,阜阳市清河路第一小学万象校区 小学体育,本科及以上,专业不限,,笔试+面试,,,学段：小学；学科：体育；招聘职位：小学体育；招聘人数：1,安徽 阜阳颍州区,https://www.xduim.com/zw/jszk,,专业：专业不限
2023,教师,2023安徽教师招考,阜阳市清河路第一小学万象校区,阜阳市清河路第一小学万象校区 小学美术,本科及以上,专业不限,,笔试+面试,,,学段：小学；学科：美术；招聘职位：小学美术；招聘人数：1,安徽 阜阳颍州区,https://www.xduim.com/zw/jszk,,专业：专业不限
2023,教师,2023安徽教师招考,阜阳市阜纺小学东坡校区（语文A岗）,阜阳市阜纺小学东坡校区（语文A岗） 小学语文,本科及以上,专业不限,,笔试+面试,,,学段：小学；学科：语文；招聘职位：小学语文；招聘人数：1,安徽 阜阳颍州区,https://www.xduim.com/zw/jszk,,专业：专业不限
2023,教师,2023安徽教师招考,阜阳市阜纺小学东坡校区（语文B岗）,阜阳市阜纺小学东坡校区（语文B岗） 小学语文,本科及以上,专业不限,,笔试+面试,,,学段：小学；学科：语文；招聘职位：小学语文；招聘人数：2,安徽 阜阳颍州区,https://www.xduim.com/zw/jszk,,专业：专业不限
2023,教师,2023安徽教师招考,阜阳市阜纺小学东坡校区,阜阳市阜纺小学东坡校区 小学数学,本科及以上,专业不限,,笔试+面试,,,学段：小学；学科：数学；招聘职位：小学数学；招聘人数：2,安徽 阜阳颍州区,https://www.xduim.com/zw/jszk,,专业：专业不限
2023,教师,2023安徽教师招考,阜阳市阜纺小学东坡校区,阜阳市阜纺小学东坡校区 小学英语,本科及以上,专业不限,,笔试+面试,,,学段：小学；学科：英语；招聘职位：小学英语；招聘人数：2,安徽 阜阳颍州区,https://www.xduim.com/zw/jszk,,专业：专业不限
2023,教师,2023安徽教师招考,阜阳市汇鑫小学,阜阳市汇鑫小学 小学体育,本科及以上,专业不限,,笔试+面试,,,学段：小学；学科：体育；招聘职位：小学体育；招聘人数：1,安徽 阜阳颍州区,https://www.xduim.com/zw/jszk,,专业：专业不限
2023,教师,2023安徽教师招考,阜阳市颍州区苗桥小学（语文A岗）,阜阳市颍州区苗桥小学（语文A岗） 小学语文,本科及以上,专业不限,,笔试+面试,,,学段：小学；学科：语文；招聘职位：小学语文；招聘人数：2,安徽 阜阳颍州区,https://www.xduim.com/zw/jszk,,专业：专业不限
2023,教师,2023安徽教师招考,阜阳市颍州区苗桥小学（语文B岗）,阜阳市颍州区苗桥小学（语文B岗） 小学语文,本科及以上,专业不限,,笔试+面试,,,学段：小学；学科：语文；招聘职位：小学语文；招聘人数：4,安徽 阜阳颍州区,https://www.xduim.com/zw/jszk,,专业：专业不限
2023,教师,2023安徽教师招考,阜阳市颍州区苗桥小学,阜阳市颍州区苗桥小学 小学数学,本科及以上,专业不限,,笔试+面试,,,学段：小学；学科：数学；招聘职位：小学数学；招聘人数：3,安徽 阜阳颍州区,https://www.xduim.com/zw/jszk,,专业：专业不限
2023,教师,2023安徽教师招考,阜阳市清河小学,阜阳市清河小学 小学语文,本科及以上,专业不限,,笔试+面试,,,学段：小学；学科：语文；招聘职位：小学语文；招聘人数：3,安徽 阜阳颍州区,https://www.xduim.com/zw/jszk,,专业：专业不限
2023,教师,2023安徽教师招考,阜阳市清河小学,阜阳市清河小学 小学数学,本科及以上,专业不限,,笔试+面试,,,学段：小学；学科：数学；招聘职位：小学数学；招聘人数：1,安徽 阜阳颍州区,https://www.xduim.com/zw/jszk,,专业：专业不限
2023,教师,2023安徽教师招考,阜阳市清河小学,阜阳市清河小学 小学道德与法治（品德与社会）,本科及以上,专业不限,,笔试+面试,,,学段：小学；学科：道德与法治（品德与社会）；招聘职位：小学道德与法治（品德与社会）；招聘人数：1,安徽 阜阳颍州区,https://www.xduim.com/zw/jszk,,专业：专业不限
2023,教师,2023安徽教师招考,阜阳市清河小学,阜阳市清河小学 小学音乐,本科及以上,专业不限,,笔试+面试,,,学段：小学；学科：音乐；招聘职位：小学音乐；招聘人数：1,安徽 阜阳颍州区,https://www.xduim.com/zw/jszk,,专业：专业不限
2023,教师,2023安徽教师招考,阜阳市清河小学,阜阳市清河小学 小学体育,本科及以上,专业不限,,笔试+面试,,,学段：小学；学科：体育；招聘职位：小学体育；招聘人数：1,安徽 阜阳颍州区,https://www.xduim.com/zw/jszk,,专业：专业不限
2023,教师,2023安徽教师招考,阜阳市清河小学,阜阳市清河小学 小学科学,本科及以上,专业不限,,笔试+面试,,,学段：小学；学科：科学；招聘职位：小学科学；招聘人数：1,安徽 阜阳颍州区,https://www.xduim.com/zw/jszk,,专业：专业不限
2023,教师,2023安徽教师招考,阜阳市东清小学,阜阳市东清小学 小学语文,本科及以上,专业不限,,笔试+面试,,,学段：小学；学科：语文；招聘职位：小学语文；招聘人数：3,安徽 阜阳颍州区,https://www.xduim.com/zw/jszk,,专业：专业不限
2023,教师,2023安徽教师招考,阜阳市颍州区文峰中心学校源溪路校区,阜阳市颍州区文峰中心学校源溪路校区 小学语文,本科及以上,专业不限,,笔试+面试,,,学段：小学；学科：语文；招聘职位：小学语文；招聘人数：3,安徽 阜阳颍州区,https://www.xduim.com/zw/jszk,,专业：专业不限
2023,教师,2023安徽教师招考,阜阳市颍州区文峰中心学校源溪路校区,阜阳市颍州区文峰中心学校源溪路校区 小学数学,本科及以上,专业不限,,笔试+面试,,,学段：小学；学科：数学；招聘职位：小学数学；招聘人数：2,安徽 阜阳颍州区,https://www.xduim.com/zw/jszk,,专业：专业不限
2023,教师,2023安徽教师招考,阜阳市颍州区文峰中心学校源溪路校区,阜阳市颍州区文峰中心学校源溪路校区 小学英语,本科及以上,专业不限,,笔试+面试,,,学段：小学；学科：英语；招聘职位：小学英语；招聘人数：1,安徽 阜阳颍州区,https://www.xduim.com/zw/jszk,,专业：专业不限
2023,教师,2023安徽教师招考,阜阳市颍州区文峰中心学校源溪路校区,阜阳市颍州区文峰中心学校源溪路校区 小学信息技术,本科及以上,专业不限,,笔试+面试,,,学段：小学；学科：信息技术；招聘职位：小学信息技术；招聘人数：1,安徽 阜阳颍州区,https://www.xduim.com/zw/jszk,,专业：专业不限
2023,教师,2023安徽教师招考,阜阳市莲池小学分校,阜阳市莲池小学分校 小学语文,本科及以上,专业不限,,笔试+面试,,,学段：小学；学科：语文；招聘职位：小学语文；招聘人数：1,安徽 阜阳颍州区,https://www.xduim.com/zw/jszk,,专业：专业不限
2023,教师,2023安徽教师招考,阜阳市莲池小学分校,阜阳市莲池小学分校 小学数学,本科及以上,专业不限,,笔试+面试,,,学段：小学；学科：数学；招聘职位：小学数学；招聘人数：1,安徽 阜阳颍州区,https://www.xduim.com/zw/jszk,,专业：专业不限
2023,教师,2023安徽教师招考,阜阳市颍州区文峰中心学校翰林苑分校,阜阳市颍州区文峰中心学校翰林苑分校 小学音乐,本科及以上,专业不限,,笔试+面试,,,学段：小学；学科：音乐；招聘职位：小学音乐；招聘人数：1,安徽 阜阳颍州区,https://www.xduim.com/zw/jszk,,专业：专业不限
2023,教师,2023安徽教师招考,阜阳市颍州区文峰中心学校翰林苑分校,阜阳市颍州区文峰中心学校翰林苑分校 小学体育,本科及以上,专业不限,,笔试+面试,,,学段：小学；学科：体育；招聘职位：小学体育；招聘人数：1,安徽 阜阳颍州区,https://www.xduim.com/zw/jszk,,专业：专业不限
2023,教师,2023安徽教师招考,阜阳市颍州区王店镇中心学校,阜阳市颍州区王店镇中心学校 初中数学,本科及以上,本科：数学类；硕士研究生及以上专业不限。,,笔试+面试,,,学段：初级中学；学科：数学；招聘职位：初中数学；招聘人数：1,安徽 阜阳颍州区,https://www.xduim.com/zw/jszk,,专业：本科：数学类；硕士研究生及以上专业不限。
2023,教师,2023安徽教师招考,阜阳市颍州区王店镇中心学校,阜阳市颍州区王店镇中心学校 初中地理,本科及以上,本科：地理科学类、地理教育；硕士研究生及以上专业不限。,,笔试+面试,,,学段：初级中学；学科：地理；招聘职位：初中地理；招聘人数：1,安徽 阜阳颍州区,https://www.xduim.com/zw/jszk,,专业：本科：地理科学类、地理教育；硕士研究生及以上专业不限。
2023,教师,2023安徽教师招考,阜阳市颍州区三合镇中心学校,阜阳市颍州区三合镇中心学校 初中英语,本科及以上,本科：英语专业、商务英语专业、英语教育专业；硕士研究生及以上专业不限。,,笔试+面试,,,学段：初级中学；学科：英语；招聘职位：初中英语；招聘人数：1,安徽 阜阳颍州区,https://www.xduim.com/zw/jszk,,专业：本科：英语专业、商务英语专业、英语教育专业；硕士研究生及以上专业不限。
2023,教师,2023安徽教师招考,阜阳市颍州区三合镇三合小学,阜阳市颍州区三合镇三合小学 小学语文,本科及以上,专业不限,,笔试+面试,,,学段：小学；学科：语文；招聘职位：小学语文；招聘人数：1,安徽 阜阳颍州区,https://www.xduim.com/zw/jszk,,专业：专业不限
2023,教师,2023安徽教师招考,阜阳市颍州区三合镇胡庙小学,阜阳市颍州区三合镇胡庙小学 小学数学,本科及以上,专业不限,,笔试+面试,,,学段：小学；学科：数学；招聘职位：小学数学；招聘人数：1,安徽 阜阳颍州区,https://www.xduim.com/zw/jszk,,专业：专业不限
2023,教师,2023安徽教师招考,阜阳市颍州区程集镇中心学校,阜阳市颍州区程集镇中心学校 初中语文,本科及以上,本科：中国语言文学类、汉语言文学教育；硕士研究生及以上专业不限。,,笔试+面试,,,学段：初级中学；学科：语文；招聘职位：初中语文；招聘人数：1,安徽 阜阳颍州区,https://www.xduim.com/zw/jszk,,专业：本科：中国语言文学类、汉语言文学教育；硕士研究生及以上专业不限。
2023,教师,2023安徽教师招考,阜阳市颍州区西湖镇中心学校,阜阳市颍州区西湖镇中心学校 初中历史,本科及以上,本科：历史学类、历史教育；硕士研究生及以上专业不限。,,笔试+面试,,,学段：初级中学；学科：历史；招聘职位：初中历史；招聘人数：1,安徽 阜阳颍州区,https://www.xduim.com/zw/jszk,,专业：本科：历史学类、历史教育；硕士研究生及以上专业不限。
2023,教师,2023安徽教师招考,阜阳市颍州区马寨乡中心小学,阜阳市颍州区马寨乡中心小学 小学体育,本科及以上,专业不限,,笔试+面试,,,学段：小学；学科：体育；招聘职位：小学体育；招聘人数：1,安徽 阜阳颍州区,https://www.xduim.com/zw/jszk,,专业：专业不限
2023,教师,2023安徽教师招考,阜阳市颍州区九龙镇中心学校,阜阳市颍州区九龙镇中心学校 初中数学,本科及以上,本科：数学类；硕士研究生及以上专业不限。,,笔试+面试,,,学段：初级中学；学科：数学；招聘职位：初中数学；招聘人数：1,安徽 阜阳颍州区,https://www.xduim.com/zw/jszk,,专业：本科：数学类；硕士研究生及以上专业不限。
2023,教师,2023安徽教师招考,阜阳市颍州区九龙镇姬庙中学,阜阳市颍州区九龙镇姬庙中学 初中历史,本科及以上,本科：历史学类、历史教育；硕士研究生及以上专业不限。,,笔试+面试,,,学段：初级中学；学科：历史；招聘职位：初中历史；招聘人数：1,安徽 阜阳颍州区,https://www.xduim.com/zw/jszk,,专业：本科：历史学类、历史教育；硕士研究生及以上专业不限。
2023,教师,2023安徽教师招考,阜阳市颍州区九龙镇中心小学,阜阳市颍州区九龙镇中心小学 小学美术,本科及以上,专业不限,,笔试+面试,,,学段：小学；学科：美术；招聘职位：小学美术；招聘人数：1,安徽 阜阳颍州区,https://www.xduim.com/zw/jszk,,专业：专业不限
2023,教师,2023安徽教师招考,阜阳市颍州区三塔集镇大塘中学,阜阳市颍州区三塔集镇大塘中学 初中音乐,本科及以上,本科：音乐与舞蹈学类、音乐教育；硕士研究生及以上专业不限。,,笔试+面试,,,学段：初级中学；学科：音乐；招聘职位：初中音乐；招聘人数：1,安徽 阜阳颍州区,https://www.xduim.com/zw/jszk,,专业：本科：音乐与舞蹈学类、音乐教育；硕士研究生及以上专业不限。
2023,教师,2023安徽教师招考,阜阳市刘锜小学,阜阳市刘锜小学 小学语文,本科及以上,专业不限,,笔试+面试,,,学段：小学；学科：语文；招聘职位：小学语文；招聘人数：2,安徽 阜阳颍州区,https://www.xduim.com/zw/jszk,,专业：专业不限
2023,教师,2023安徽教师招考,阜阳市刘锜小学,阜阳市刘锜小学 小学数学,本科及以上,专业不限,,笔试+面试,,,学段：小学；学科：数学；招聘职位：小学数学；招聘人数：2,安徽 阜阳颍州区,https://www.xduim.com/zw/jszk,,专业：专业不限
2023,教师,2023安徽教师招考,阜阳市刘锜小学,阜阳市刘锜小学 小学音乐,本科及以上,专业不限,,笔试+面试,,,学段：小学；学科：音乐；招聘职位：小学音乐；招聘人数：1,安徽 阜阳颍州区,https://www.xduim.com/zw/jszk,,专业：专业不限
2023,教师,2023安徽教师招考,阜阳市刘锜小学,阜阳市刘锜小学 小学体育,本科及以上,专业不限,,笔试+面试,,,学段：小学；学科：体育；招聘职位：小学体育；招聘人数：1,安徽 阜阳颍州区,https://www.xduim.com/zw/jszk,,专业：专业不限
2023,教师,2023安徽教师招考,阜阳市刘锜小学,阜阳市刘锜小学 小学科学,本科及以上,专业不限,,笔试+面试,,,学段：小学；学科：科学；招聘职位：小学科学；招聘人数：1,安徽 阜阳颍州区,https://www.xduim.com/zw/jszk,,专业：专业不限
2023,教师,2023安徽教师招考,阜阳市颍州区西清路初级中学,阜阳市颍州区西清路初级中学 初中历史,本科及以上,本科：历史学类、历史教育；硕士研究生及以上专业不限。,,笔试+面试,,,学段：初级中学；学科：历史；招聘职位：初中历史；招聘人数：1,安徽 阜阳颍州区,https://www.xduim.com/zw/jszk,,专业：本科：历史学类、历史教育；硕士研究生及以上专业不限。
2023,教师,2023安徽教师招考,阜阳市颍州区南京路初级中学,阜阳市颍州区南京路初级中学 初中道德与法治,本科及以上,本科：政治学类、马克思主义理论类、政治教育、思想政治教育；硕士研究生及以上专业不限。,,笔试+面试,,,学段：初级中学；学科：道德与法治；招聘职位：初中道德与法治；招聘人数：1,安徽 阜阳颍州区,https://www.xduim.com/zw/jszk,,专业：本科：政治学类、马克思主义理论类、政治教育、思想政治教育；硕士研究生及以上专业不限。
2023,教师,2023安徽教师招考,阜阳市九里中学,阜阳市九里中学 初中语文,本科及以上,本科：中国语言文学类、汉语言文学教育；硕士研究生及以上专业不限。,,笔试+面试,,,学段：初级中学；学科：语文；招聘职位：初中语文；招聘人数：4,安徽 阜阳颍州区,https://www.xduim.com/zw/jszk,,专业：本科：中国语言文学类、汉语言文学教育；硕士研究生及以上专业不限。
2023,教师,2023安徽教师招考,阜阳市九里中学,阜阳市九里中学 初中数学,本科及以上,本科：数学类；硕士研究生及以上专业不限。,,笔试+面试,,,学段：初级中学；学科：数学；招聘职位：初中数学；招聘人数：5,安徽 阜阳颍州区,https://www.xduim.com/zw/jszk,,专业：本科：数学类；硕士研究生及以上专业不限。
2023,教师,2023安徽教师招考,阜阳市九里中学,阜阳市九里中学 初中英语,本科及以上,本科：英语专业、商务英语专业、英语教育专业；硕士研究生及以上专业不限。,,笔试+面试,,,学段：初级中学；学科：英语；招聘职位：初中英语；招聘人数：2,安徽 阜阳颍州区,https://www.xduim.com/zw/jszk,,专业：本科：英语专业、商务英语专业、英语教育专业；硕士研究生及以上专业不限。
2023,教师,2023安徽教师招考,阜阳市九里中学,阜阳市九里中学 初中道德与法治,本科及以上,本科：政治学类、马克思主义理论类、政治教育、思想政治教育；硕士研究生及以上专业不限。,,笔试+面试,,,学段：初级中学；学科：道德与法治；招聘职位：初中道德与法治；招聘人数：1,安徽 阜阳颍州区,https://www.xduim.com/zw/jszk,,专业：本科：政治学类、马克思主义理论类、政治教育、思想政治教育；硕士研究生及以上专业不限。
2023,教师,2023安徽教师招考,阜阳市九里中学,阜阳市九里中学 初中历史,本科及以上,本科：历史学类、历史教育；硕士研究生及以上专业不限。,,笔试+面试,,,学段：初级中学；学科：历史；招聘职位：初中历史；招聘人数：1,安徽 阜阳颍州区,https://www.xduim.com/zw/jszk,,专业：本科：历史学类、历史教育；硕士研究生及以上专业不限。
2023,教师,2023安徽教师招考,阜阳市九里中学,阜阳市九里中学 初中物理,本科及以上,本科：物理学类、物理教育；硕士研究生及以上专业不限。,,笔试+面试,,,学段：初级中学；学科：物理；招聘职位：初中物理；招聘人数：1,安徽 阜阳颍州区,https://www.xduim.com/zw/jszk,,专业：本科：物理学类、物理教育；硕士研究生及以上专业不限。
2023,教师,2023安徽教师招考,阜阳市九里中学,阜阳市九里中学 初中体育,本科及以上,本科：体育学类、体育教育；硕士研究生及以上专业不限。,,笔试+面试,,,学段：初级中学；学科：体育；招聘职位：初中体育；招聘人数：2,安徽 阜阳颍州区,https://www.xduim.com/zw/jszk,,专业：本科：体育学类、体育教育；硕士研究生及以上专业不限。
2023,教师,2023安徽教师招考,阜阳经济技术开发区第一初级中学,阜阳经济技术开发区第一初级中学 初中语文,本科及以上,本科：中国语言文学类、汉语言文学教育；硕士研究生及以上专业不限。,,笔试+面试,,,学段：初级中学；学科：语文；招聘职位：初中语文；招聘人数：1,安徽 阜阳颍州区,https://www.xduim.com/zw/jszk,,专业：本科：中国语言文学类、汉语言文学教育；硕士研究生及以上专业不限。
2023,教师,2023安徽教师招考,阜阳经济技术开发区第一初级中学,阜阳经济技术开发区第一初级中学 初中道德与法治,本科及以上,本科：政治学类、马克思主义理论类、政治教育、思想政治教育；硕士研究生及以上专业不限。,,笔试+面试,,,学段：初级中学；学科：道德与法治；招聘职位：初中道德与法治；招聘人数：1,安徽 阜阳颍州区,https://www.xduim.com/zw/jszk,,专业：本科：政治学类、马克思主义理论类、政治教育、思想政治教育；硕士研究生及以上专业不限。
2023,教师,2023安徽教师招考,阜阳经济技术开发区第一初级中学,阜阳经济技术开发区第一初级中学 初中物理,本科及以上,本科：物理学类、物理教育；硕士研究生及以上专业不限。,,笔试+面试,,,学段：初级中学；学科：物理；招聘职位：初中物理；招聘人数：1,安徽 阜阳颍州区,https://www.xduim.com/zw/jszk,,专业：本科：物理学类、物理教育；硕士研究生及以上专业不限。
2024,教师,2024安徽教师招考,苏滁教育局,苏滁教育局 心理健康教育,本科及以上,本科：心理学类；研究生：心理学、心理健康教育、应用心理,,笔试+面试,,,学段：初级中学；学科：心理健康；招聘职位：心理健康教育；招聘人数：1,安徽 滁州高新区,https://www.xduim.com/zw/jszk,,专业：本科：心理学类；研究生：心理学、心理健康教育、应用心理
2024,教师,2024安徽教师招考,安庆高新区社会事业发展局,340806101.0 安庆高新区社会事业发展局 小学语文,本科及以上,专业不限,,笔试+面试,,,学段：小学；学科：语文；招聘职位：小学语文；招聘人数：1,安徽 安庆高新区,https://www.xduim.com/zw/jszk,,专业：专业不限
2024,教师,2024安徽教师招考,安庆高新区社会事业发展局,340806201.0 安庆高新区社会事业发展局 初中语文,本科及以上,专业不限,,笔试+面试,,,学段：初级中学；学科：语文；招聘职位：初中语文；招聘人数：1,安徽 安庆高新区,https://www.xduim.com/zw/jszk,,专业：专业不限
2024,教师,2024安徽教师招考,蚌埠第三实验学校,6010001.0 蚌埠第三实验学校,本科及以上,专业不限,,笔试+面试,,,学段：小学；学科：语文（一）；招聘人数：3,安徽 蚌埠高新区,https://www.xduim.com/zw/jszk,,专业：专业不限
2024,教师,2024安徽教师招考,蚌埠第三实验学校,6011002.0 蚌埠第三实验学校,本科及以上,专业不限,,笔试+面试,,,学段：小学；学科：语文（二）；招聘人数：9,安徽 蚌埠高新区,https://www.xduim.com/zw/jszk,,专业：专业不限
2024,教师,2024安徽教师招考,蚌埠第三实验学校,6010003.0 蚌埠第三实验学校,本科及以上,专业不限,,笔试+面试,,,学段：小学；学科：数学（一）；招聘人数：1,安徽 蚌埠高新区,https://www.xduim.com/zw/jszk,,专业：专业不限
2024,教师,2024安徽教师招考,蚌埠第三实验学校,6011004.0 蚌埠第三实验学校,本科及以上,专业不限,,笔试+面试,,,学段：小学；学科：数学（二）；招聘人数：4,安徽 蚌埠高新区,https://www.xduim.com/zw/jszk,,专业：专业不限
2024,教师,2024安徽教师招考,蚌埠第三实验学校,6011005.0 蚌埠第三实验学校,本科及以上,专业不限,,笔试+面试,,,学段：小学；学科：英语；招聘人数：1,安徽 蚌埠高新区,https://www.xduim.com/zw/jszk,,专业：专业不限
2024,教师,2024安徽教师招考,蚌埠第三实验学校,6011006.0 蚌埠第三实验学校,本科及以上,专业不限,,笔试+面试,,,学段：小学；学科：音乐；招聘人数：1,安徽 蚌埠高新区,https://www.xduim.com/zw/jszk,,专业：专业不限
2024,教师,2024安徽教师招考,蚌埠第三实验学校,6011007.0 蚌埠第三实验学校,本科及以上,专业不限,,笔试+面试,,,学段：小学；学科：美术；招聘人数：1,安徽 蚌埠高新区,https://www.xduim.com/zw/jszk,,专业：专业不限
2024,教师,2024安徽教师招考,蚌埠第三实验学校,6011008.0 蚌埠第三实验学校,本科及以上,专业不限,,笔试+面试,,,学段：小学；学科：体育与健康；招聘人数：3,安徽 蚌埠高新区,https://www.xduim.com/zw/jszk,,专业：专业不限
2024,教师,2024安徽教师招考,蚌埠第三实验学校,6011009.0 蚌埠第三实验学校,本科及以上,专业不限,,笔试+面试,,,学段：小学；学科：信息技术；招聘人数：1,安徽 蚌埠高新区,https://www.xduim.com/zw/jszk,,专业：专业不限
2024,教师,2024安徽教师招考,蚌埠第三实验学校,6011010.0 蚌埠第三实验学校,本科及以上,专业不限,,笔试+面试,,,学段：小学；学科：科学；招聘人数：1,安徽 蚌埠高新区,https://www.xduim.com/zw/jszk,,专业：专业不限
2024,教师,2024安徽教师招考,蚌埠第三实验学校,6010011.0 蚌埠第三实验学校,本科及以上,本科：心理学（071101)、应用心理学（071102）； 硕士研究生及以上：专业不限。,,笔试+面试,,,学段：小学；学科：心理健康教育；招聘人数：1,安徽 蚌埠高新区,https://www.xduim.com/zw/jszk,,专业：本科：心理学（071101)、应用心理学（071102）； 硕士研究生及以上：专业不限。
2024,教师,2024安徽教师招考,蚌埠第三实验学校,6010101.0 蚌埠第三实验学校,本科及以上,专业不限,,笔试+面试,,,学段：初级中学；学科：语文（一）；招聘人数：2,安徽 蚌埠高新区,https://www.xduim.com/zw/jszk,,专业：专业不限
2024,教师,2024安徽教师招考,蚌埠第三实验学校,6011102.0 蚌埠第三实验学校,本科及以上,专业不限,,笔试+面试,,,学段：初级中学；学科：语文（二）；招聘人数：3,安徽 蚌埠高新区,https://www.xduim.com/zw/jszk,,专业：专业不限
2024,教师,2024安徽教师招考,蚌埠第三实验学校,6010103.0 蚌埠第三实验学校,本科及以上,专业不限,,笔试+面试,,,学段：初级中学；学科：数学（一）；招聘人数：2,安徽 蚌埠高新区,https://www.xduim.com/zw/jszk,,专业：专业不限
2024,教师,2024安徽教师招考,蚌埠第三实验学校,6011104.0 蚌埠第三实验学校,本科及以上,专业不限,,笔试+面试,,,学段：初级中学；学科：数学（二）；招聘人数：4,安徽 蚌埠高新区,https://www.xduim.com/zw/jszk,,专业：专业不限
2024,教师,2024安徽教师招考,蚌埠第三实验学校,6010105.0 蚌埠第三实验学校,本科及以上,专业不限,,笔试+面试,,,学段：初级中学；学科：英语（一）；招聘人数：1,安徽 蚌埠高新区,https://www.xduim.com/zw/jszk,,专业：专业不限
2024,教师,2024安徽教师招考,蚌埠第三实验学校,6011106.0 蚌埠第三实验学校,本科及以上,专业不限,,笔试+面试,,,学段：初级中学；学科：英语（二）；招聘人数：2,安徽 蚌埠高新区,https://www.xduim.com/zw/jszk,,专业：专业不限
2023,教师,2023安徽教师招考,阜阳市第九中学,阜阳市第九中学 初中体育,本科及以上,本科：体育学类、体育教育；硕士研究生及以上专业不限。,,笔试+面试,,,学段：初级中学；学科：体育；招聘职位：初中体育；招聘人数：1,安徽 阜阳颍泉区,https://www.xduim.com/zw/jszk,,专业：本科：体育学类、体育教育；硕士研究生及以上专业不限。
2023,教师,2023安徽教师招考,阜阳市实验小学,阜阳市实验小学 小学语文,本科及以上,专业不限,,笔试+面试,,,学段：小学；学科：语文；招聘职位：小学语文；招聘人数：3,安徽 阜阳颍泉区,https://www.xduim.com/zw/jszk,,专业：专业不限
2023,教师,2023安徽教师招考,阜阳市实验小学,阜阳市实验小学 小学数学,本科及以上,专业不限,,笔试+面试,,,学段：小学；学科：数学；招聘职位：小学数学；招聘人数：3,安徽 阜阳颍泉区,https://www.xduim.com/zw/jszk,,专业：专业不限
2023,教师,2023安徽教师招考,阜阳市实验小学,阜阳市实验小学 小学体育,本科及以上,专业不限,,笔试+面试,,,学段：小学；学科：体育；招聘职位：小学体育；招聘人数：1,安徽 阜阳颍泉区,https://www.xduim.com/zw/jszk,,专业：专业不限
2023,教师,2023安徽教师招考,阜阳市实验小学,阜阳市实验小学 小学音乐,本科及以上,专业不限,,笔试+面试,,,学段：小学；学科：音乐；招聘职位：小学音乐；招聘人数：1,安徽 阜阳颍泉区,https://www.xduim.com/zw/jszk,,专业：专业不限
2023,教师,2023安徽教师招考,阜阳市实验小学,阜阳市实验小学 小学美术,本科及以上,专业不限,,笔试+面试,,,学段：小学；学科：美术；招聘职位：小学美术；招聘人数：1,安徽 阜阳颍泉区,https://www.xduim.com/zw/jszk,,专业：专业不限
2023,教师,2023安徽教师招考,阜阳市实验小学,阜阳市实验小学 小学道德与法治,本科及以上,专业不限,,笔试+面试,,,学段：小学；学科：道德与法治；招聘职位：小学道德与法治；招聘人数：1,安徽 阜阳颍泉区,https://www.xduim.com/zw/jszk,,专业：专业不限
2023,教师,2023安徽教师招考,阜阳市第二实验小学,阜阳市第二实验小学 小学语文,本科及以上,专业不限,,笔试+面试,,,学段：小学；学科：语文；招聘职位：小学语文；招聘人数：2,安徽 阜阳颍泉区,https://www.xduim.com/zw/jszk,,专业：专业不限
2023,教师,2023安徽教师招考,阜阳市第二实验小学,阜阳市第二实验小学 小学语文,本科及以上,专业不限,,笔试+面试,,,学段：小学；学科：语文；招聘职位：小学语文；招聘人数：1,安徽 阜阳颍泉区,https://www.xduim.com/zw/jszk,,专业：专业不限
2023,教师,2023安徽教师招考,阜阳市第二实验小学,阜阳市第二实验小学 小学数学,本科及以上,专业不限,,笔试+面试,,,学段：小学；学科：数学；招聘职位：小学数学；招聘人数：3,安徽 阜阳颍泉区,https://www.xduim.com/zw/jszk,,专业：专业不限
2024,教师,2024安徽教师招考,蚌埠第三实验学校,6010107 蚌埠第三实验学校,本科及以上,专业不限,,笔试+面试,,,学段：初级中学；学科：道德与法治（一）；招聘人数：1,安徽 蚌埠高新区,https://www.xduim.com/zw/jszk,,专业：专业不限
2024,教师,2024安徽教师招考,蚌埠第三实验学校,6011108 蚌埠第三实验学校,本科及以上,专业不限,,笔试+面试,,,学段：初级中学；学科：道德与法治（二）；招聘人数：1,安徽 蚌埠高新区,https://www.xduim.com/zw/jszk,,专业：专业不限
2024,教师,2024安徽教师招考,蚌埠第三实验学校,6010109 蚌埠第三实验学校,本科及以上,专业不限,,笔试+面试,,,学段：初级中学；学科：历史；招聘人数：1,安徽 蚌埠高新区,https://www.xduim.com/zw/jszk,,专业：专业不限
2024,教师,2024安徽教师招考,蚌埠第三实验学校,6010110 蚌埠第三实验学校,本科及以上,专业不限,,笔试+面试,,,学段：初级中学；学科：地理；招聘人数：2,安徽 蚌埠高新区,https://www.xduim.com/zw/jszk,,专业：专业不限
2024,教师,2024安徽教师招考,蚌埠第三实验学校,6010111 蚌埠第三实验学校,本科及以上,专业不限,,笔试+面试,,,学段：初级中学；学科：生物；招聘人数：2,安徽 蚌埠高新区,https://www.xduim.com/zw/jszk,,专业：专业不限
2024,教师,2024安徽教师招考,蚌埠第三实验学校,6010112 蚌埠第三实验学校,本科及以上,专业不限,,笔试+面试,,,学段：初级中学；学科：物理（一）；招聘人数：1,安徽 蚌埠高新区,https://www.xduim.com/zw/jszk,,专业：专业不限
2024,教师,2024安徽教师招考,蚌埠第三实验学校,6011113 蚌埠第三实验学校,本科及以上,专业不限,,笔试+面试,,,学段：初级中学；学科：物理（二）；招聘人数：1,安徽 蚌埠高新区,https://www.xduim.com/zw/jszk,,专业：专业不限
2024,教师,2024安徽教师招考,蚌埠第三实验学校,6010114 蚌埠第三实验学校,本科及以上,专业不限,,笔试+面试,,,学段：初级中学；学科：化学；招聘人数：1,安徽 蚌埠高新区,https://www.xduim.com/zw/jszk,,专业：专业不限
2024,教师,2024安徽教师招考,蚌埠第三实验学校,6010115 蚌埠第三实验学校,本科及以上,专业不限,,笔试+面试,,,学段：初级中学；学科：美术；招聘人数：1,安徽 蚌埠高新区,https://www.xduim.com/zw/jszk,,专业：专业不限
2024,教师,2024安徽教师招考,蚌埠第三实验学校,6010116 蚌埠第三实验学校,本科及以上,本科：心理学（071101)、应用心理学（071102）； 硕士研究生及以上：专业不限。,,笔试+面试,,,学段：初级中学；学科：心理健康教育；招聘人数：1,安徽 蚌埠高新区,https://www.xduim.com/zw/jszk,,专业：本科：心理学（071101)、应用心理学（071102）； 硕士研究生及以上：专业不限。
2024,教师,2024安徽教师招考,蚌埠第三实验学校,6010117 蚌埠第三实验学校,本科及以上,专业不限,,笔试+面试,,,学段：初级中学；学科：体育与健康（一）；招聘人数：1,安徽 蚌埠高新区,https://www.xduim.com/zw/jszk,,专业：专业不限
2024,教师,2024安徽教师招考,蚌埠第三实验学校,6011118 蚌埠第三实验学校,本科及以上,专业不限,,笔试+面试,,,学段：初级中学；学科：体育与健康（二）；招聘人数：1,安徽 蚌埠高新区,https://www.xduim.com/zw/jszk,,专业：专业不限
2024,教师,2024安徽教师招考,蚌埠第三实验学校兴华校区,6021012 蚌埠第三实验学校兴华校区,本科及以上,专业不限,,笔试+面试,,,学段：小学；学科：语文（一）；招聘人数：5,安徽 蚌埠高新区,https://www.xduim.com/zw/jszk,,专业：专业不限
2024,教师,2024安徽教师招考,蚌埠第三实验学校兴华校区,6020013 蚌埠第三实验学校兴华校区,本科及以上,专业不限,,笔试+面试,,,学段：小学；学科：语文（二）；招聘人数：3,安徽 蚌埠高新区,https://www.xduim.com/zw/jszk,,专业：专业不限
2024,教师,2024安徽教师招考,蚌埠第三实验学校兴华校区,6021014 蚌埠第三实验学校兴华校区,本科及以上,专业不限,,笔试+面试,,,学段：小学；学科：数学（一）；招聘人数：3,安徽 蚌埠高新区,https://www.xduim.com/zw/jszk,,专业：专业不限
2024,教师,2024安徽教师招考,蚌埠第三实验学校兴华校区,6020015 蚌埠第三实验学校兴华校区,本科及以上,专业不限,,笔试+面试,,,学段：小学；学科：数学（二）；招聘人数：2,安徽 蚌埠高新区,https://www.xduim.com/zw/jszk,,专业：专业不限
2024,教师,2024安徽教师招考,蚌埠第三实验学校兴华校区,6020016 蚌埠第三实验学校兴华校区,本科及以上,专业不限,,笔试+面试,,,学段：小学；学科：英语；招聘人数：1,安徽 蚌埠高新区,https://www.xduim.com/zw/jszk,,专业：专业不限
2024,教师,2024安徽教师招考,蚌埠第三实验学校兴华校区,6021017 蚌埠第三实验学校兴华校区,本科及以上,专业不限,,笔试+面试,,,学段：小学；学科：体育与健康；招聘人数：1,安徽 蚌埠高新区,https://www.xduim.com/zw/jszk,,专业：专业不限
2024,教师,2024安徽教师招考,蚌埠第三实验学校兴华校区,6020018 蚌埠第三实验学校兴华校区,本科及以上,专业不限,,笔试+面试,,,学段：小学；学科：美术；招聘人数：1,安徽 蚌埠高新区,https://www.xduim.com/zw/jszk,,专业：专业不限
2024,教师,2024安徽教师招考,蚌埠第三实验学校兴华校区,6021119 蚌埠第三实验学校兴华校区,本科及以上,专业不限,,笔试+面试,,,学段：初级中学；学科：语文（一）；招聘人数：1,安徽 蚌埠高新区,https://www.xduim.com/zw/jszk,,专业：专业不限
2024,教师,2024安徽教师招考,蚌埠高新实验学校,6031128 蚌埠高新实验学校,本科及以上,专业不限,,笔试+面试,,,学段：初级中学；学科：语文（一）；招聘人数：2,安徽 蚌埠高新区,https://www.xduim.com/zw/jszk,,专业：专业不限
2024,教师,2024安徽教师招考,蚌埠高新实验学校,6030129 蚌埠高新实验学校,本科及以上,专业不限,,笔试+面试,,,学段：初级中学；学科：语文（二）；招聘人数：1,安徽 蚌埠高新区,https://www.xduim.com/zw/jszk,,专业：专业不限
2024,教师,2024安徽教师招考,蚌埠高新实验学校,6031130 蚌埠高新实验学校,本科及以上,专业不限,,笔试+面试,,,学段：初级中学；学科：数学（一）；招聘人数：1,安徽 蚌埠高新区,https://www.xduim.com/zw/jszk,,专业：专业不限
2024,教师,2024安徽教师招考,蚌埠高新实验学校,6030131 蚌埠高新实验学校,本科及以上,专业不限,,笔试+面试,,,学段：初级中学；学科：数学（二）；招聘人数：1,安徽 蚌埠高新区,https://www.xduim.com/zw/jszk,,专业：专业不限
2024,教师,2024安徽教师招考,蚌埠高新实验学校,6031132 蚌埠高新实验学校,本科及以上,专业不限,,笔试+面试,,,学段：初级中学；学科：英语（一）；招聘人数：2,安徽 蚌埠高新区,https://www.xduim.com/zw/jszk,,专业：专业不限
2024,教师,2024安徽教师招考,蚌埠高新实验学校,6030133 蚌埠高新实验学校,本科及以上,专业不限,,笔试+面试,,,学段：初级中学；学科：英语（二）；招聘人数：1,安徽 蚌埠高新区,https://www.xduim.com/zw/jszk,,专业：专业不限
2024,教师,2024安徽教师招考,蚌埠高新实验学校,6031134 蚌埠高新实验学校,本科及以上,专业不限,,笔试+面试,,,学段：初级中学；学科：道德与法治（一）；招聘人数：1,安徽 蚌埠高新区,https://www.xduim.com/zw/jszk,,专业：专业不限
2024,教师,2024安徽教师招考,蚌埠高新实验学校,6030135 蚌埠高新实验学校,本科及以上,专业不限,,笔试+面试,,,学段：初级中学；学科：道德与法治（二）；招聘人数：1,安徽 蚌埠高新区,https://www.xduim.com/zw/jszk,,专业：专业不限
2024,教师,2024安徽教师招考,蚌埠高新实验学校,6031136 蚌埠高新实验学校,本科及以上,专业不限,,笔试+面试,,,学段：初级中学；学科：历史（一）；招聘人数：1,安徽 蚌埠高新区,https://www.xduim.com/zw/jszk,,专业：专业不限
2024,教师,2024安徽教师招考,蚌埠高新实验学校,6030137 蚌埠高新实验学校,本科及以上,专业不限,,笔试+面试,,,学段：初级中学；学科：历史（二）；招聘人数：1,安徽 蚌埠高新区,https://www.xduim.com/zw/jszk,,专业：专业不限
2024,教师,2024安徽教师招考,蚌埠高新实验学校,6031138 蚌埠高新实验学校,本科及以上,专业不限,,笔试+面试,,,学段：初级中学；学科：地理（一）；招聘人数：1,安徽 蚌埠高新区,https://www.xduim.com/zw/jszk,,专业：专业不限
2024,教师,2024安徽教师招考,蚌埠高新实验学校,6030139 蚌埠高新实验学校,本科及以上,专业不限,,笔试+面试,,,学段：初级中学；学科：地理（二）；招聘人数：1,安徽 蚌埠高新区,https://www.xduim.com/zw/jszk,,专业：专业不限
2024,教师,2024安徽教师招考,蚌埠高新实验学校,6031140 蚌埠高新实验学校,本科及以上,专业不限,,笔试+面试,,,学段：初级中学；学科：生物（一）；招聘人数：1,安徽 蚌埠高新区,https://www.xduim.com/zw/jszk,,专业：专业不限
2024,教师,2024安徽教师招考,蚌埠高新实验学校,6030141 蚌埠高新实验学校,本科及以上,专业不限,,笔试+面试,,,学段：初级中学；学科：生物（二）；招聘人数：1,安徽 蚌埠高新区,https://www.xduim.com/zw/jszk,,专业：专业不限
2024,教师,2024安徽教师招考,蚌埠高新实验学校,6030142 蚌埠高新实验学校,本科及以上,专业不限,,笔试+面试,,,学段：初级中学；学科：物理；招聘人数：1,安徽 蚌埠高新区,https://www.xduim.com/zw/jszk,,专业：专业不限
2024,教师,2024安徽教师招考,蚌埠高新实验学校,6030143 蚌埠高新实验学校,本科及以上,专业不限,,笔试+面试,,,学段：初级中学；学科：化学；招聘人数：1,安徽 蚌埠高新区,https://www.xduim.com/zw/jszk,,专业：专业不限
2024,教师,2024安徽教师招考,蚌埠高新实验学校,6031144 蚌埠高新实验学校,本科及以上,专业不限,,笔试+面试,,,学段：初级中学；学科：体育与健康（一）；招聘人数：1,安徽 蚌埠高新区,https://www.xduim.com/zw/jszk,,专业：专业不限
2024,教师,2024安徽教师招考,蚌埠高新实验学校,6030145 蚌埠高新实验学校,本科及以上,专业不限,,笔试+面试,,,学段：初级中学；学科：体育与健康（二）；招聘人数：1,安徽 蚌埠高新区,https://www.xduim.com/zw/jszk,,专业：专业不限
2024,教师,2024安徽教师招考,蚌埠高新（自贸区）迎宾实验学校,6041146 蚌埠高新（自贸区）迎宾实验学校,本科及以上,本科：汉语言（050102)、汉语言文学（050101）； 硕士研究生及以上：专业不限。,,笔试+面试,,,学段：初级中学；学科：语文；招聘人数：2,安徽 蚌埠高新区,https://www.xduim.com/zw/jszk,,专业：本科：汉语言（050102)、汉语言文学（050101）； 硕士研究生及以上：专业不限。
2024,教师,2024安徽教师招考,蚌埠高新（自贸区）迎宾实验学校,6041147 蚌埠高新（自贸区）迎宾实验学校,本科及以上,本科：数学类(0701)； 硕士研究生及以上：专业不限。,,笔试+面试,,,学段：初级中学；学科：数学（一）；招聘人数：2,安徽 蚌埠高新区,https://www.xduim.com/zw/jszk,,专业：本科：数学类(0701)； 硕士研究生及以上：专业不限。
2024,教师,2024安徽教师招考,蚌埠第三实验学校兴华校区,6020120 蚌埠第三实验学校兴华校区,本科及以上,专业不限,,笔试+面试,,,学段：初级中学；学科：语文（二）；招聘人数：1,安徽 蚌埠高新区,https://www.xduim.com/zw/jszk,,专业：专业不限
2024,教师,2024安徽教师招考,蚌埠第三实验学校兴华校区,6021121 蚌埠第三实验学校兴华校区,本科及以上,专业不限,,笔试+面试,,,学段：初级中学；学科：数学；招聘人数：1,安徽 蚌埠高新区,https://www.xduim.com/zw/jszk,,专业：专业不限
2024,教师,2024安徽教师招考,蚌埠第三实验学校兴华校区,6021122 蚌埠第三实验学校兴华校区,本科及以上,专业不限,,笔试+面试,,,学段：初级中学；学科：历史；招聘人数：1,安徽 蚌埠高新区,https://www.xduim.com/zw/jszk,,专业：专业不限
2024,教师,2024安徽教师招考,蚌埠第三实验学校兴华校区,6021123 蚌埠第三实验学校兴华校区,本科及以上,专业不限,,笔试+面试,,,学段：初级中学；学科：道德与法治；招聘人数：1,安徽 蚌埠高新区,https://www.xduim.com/zw/jszk,,专业：专业不限
2024,教师,2024安徽教师招考,蚌埠第三实验学校兴华校区,6021124 蚌埠第三实验学校兴华校区,本科及以上,专业不限,,笔试+面试,,,学段：初级中学；学科：地理；招聘人数：1,安徽 蚌埠高新区,https://www.xduim.com/zw/jszk,,专业：专业不限
2024,教师,2024安徽教师招考,蚌埠第三实验学校兴华校区,6021125 蚌埠第三实验学校兴华校区,本科及以上,专业不限,,笔试+面试,,,学段：初级中学；学科：生物；招聘人数：1,安徽 蚌埠高新区,https://www.xduim.com/zw/jszk,,专业：专业不限
2024,教师,2024安徽教师招考,蚌埠第三实验学校兴华校区,6020126 蚌埠第三实验学校兴华校区,本科及以上,专业不限,,笔试+面试,,,学段：初级中学；学科：信息技术；招聘人数：1,安徽 蚌埠高新区,https://www.xduim.com/zw/jszk,,专业：专业不限
2024,教师,2024安徽教师招考,蚌埠第三实验学校兴华校区,6020127 蚌埠第三实验学校兴华校区,本科及以上,本科：心理学（071101)、应用心理学（071102）； 硕士研究生及以上：专业不限。,,笔试+面试,,,学段：初级中学；学科：心理健康教育；招聘人数：1,安徽 蚌埠高新区,https://www.xduim.com/zw/jszk,,专业：本科：心理学（071101)、应用心理学（071102）； 硕士研究生及以上：专业不限。
2024,教师,2024安徽教师招考,蚌埠高新实验学校,6031019 蚌埠高新实验学校,本科及以上,专业不限,,笔试+面试,,,学段：小学；学科：语文（一）；招聘人数：4,安徽 蚌埠高新区,https://www.xduim.com/zw/jszk,,专业：专业不限
2024,教师,2024安徽教师招考,蚌埠高新实验学校,6030020 蚌埠高新实验学校,本科及以上,专业不限,,笔试+面试,,,学段：小学；学科：语文（二）；招聘人数：3,安徽 蚌埠高新区,https://www.xduim.com/zw/jszk,,专业：专业不限
2024,教师,2024安徽教师招考,蚌埠高新实验学校,6031021 蚌埠高新实验学校,本科及以上,专业不限,,笔试+面试,,,学段：小学；学科：数学（一）；招聘人数：4,安徽 蚌埠高新区,https://www.xduim.com/zw/jszk,,专业：专业不限
2024,教师,2024安徽教师招考,蚌埠高新实验学校,6030022 蚌埠高新实验学校,本科及以上,专业不限,,笔试+面试,,,学段：小学；学科：数学（二）；招聘人数：2,安徽 蚌埠高新区,https://www.xduim.com/zw/jszk,,专业：专业不限
2024,教师,2024安徽教师招考,蚌埠高新实验学校,6030023 蚌埠高新实验学校,本科及以上,专业不限,,笔试+面试,,,学段：小学；学科：英语；招聘人数：1,安徽 蚌埠高新区,https://www.xduim.com/zw/jszk,,专业：专业不限
2024,教师,2024安徽教师招考,蚌埠高新实验学校,6030024 蚌埠高新实验学校,本科及以上,专业不限,,笔试+面试,,,学段：小学；学科：音乐；招聘人数：1,安徽 蚌埠高新区,https://www.xduim.com/zw/jszk,,专业：专业不限
2024,教师,2024安徽教师招考,蚌埠高新实验学校,6031025 蚌埠高新实验学校,本科及以上,专业不限,,笔试+面试,,,学段：小学；学科：体育与健康（一）；招聘人数：2,安徽 蚌埠高新区,https://www.xduim.com/zw/jszk,,专业：专业不限
2024,教师,2024安徽教师招考,蚌埠高新实验学校,6030026 蚌埠高新实验学校,本科及以上,专业不限,,笔试+面试,,,学段：小学；学科：体育与健康（二）；招聘人数：1,安徽 蚌埠高新区,https://www.xduim.com/zw/jszk,,专业：专业不限
2024,教师,2024安徽教师招考,蚌埠高新实验学校,6031027 蚌埠高新实验学校,本科及以上,专业不限,,笔试+面试,,,学段：小学；学科：美术；招聘人数：1,安徽 蚌埠高新区,https://www.xduim.com/zw/jszk,,专业：专业不限
2024,教师,2024安徽教师招考,蚌埠高新实验学校,6030028 蚌埠高新实验学校,本科及以上,专业不限,,笔试+面试,,,学段：小学；学科：信息技术；招聘人数：1,安徽 蚌埠高新区,https://www.xduim.com/zw/jszk,,专业：专业不限
2024,教师,2024安徽教师招考,蚌埠高新实验学校,6030029 蚌埠高新实验学校,本科及以上,本科：心理学（071101)、应用心理学（071102）； 硕士研究生及以上：专业不限。,,笔试+面试,,,学段：小学；学科：心理健康教育；招聘人数：1,安徽 蚌埠高新区,https://www.xduim.com/zw/jszk,,专业：本科：心理学（071101)、应用心理学（071102）； 硕士研究生及以上：专业不限。
2024,教师,2024安徽教师招考,蚌埠高新实验学校,6030030 蚌埠高新实验学校,本科及以上,本科：政治学与行政学（030201）、思想政治教育（030503）； 硕士研究生及以上：专业不限。,,笔试+面试,,,学段：小学；学科：道德与法治；招聘人数：1,安徽 蚌埠高新区,https://www.xduim.com/zw/jszk,,专业：本科：政治学与行政学（030201）、思想政治教育（030503）； 硕士研究生及以上：专业不限。
2024,教师,2024安徽教师招考,蚌埠高新（自贸区）迎宾实验学校,6040148 蚌埠高新（自贸区）迎宾实验学校,本科及以上,本科：数学类(0701)； 硕士研究生及以上：专业不限。,,笔试+面试,,,学段：初级中学；学科：数学（二）；招聘人数：1,安徽 蚌埠高新区,https://www.xduim.com/zw/jszk,,专业：本科：数学类(0701)； 硕士研究生及以上：专业不限。
2024,教师,2024安徽教师招考,蚌埠高新（自贸区）迎宾实验学校,6041149 蚌埠高新（自贸区）迎宾实验学校,本科及以上,本科：英语(050201)； 硕士研究生及以上：专业不限。,,笔试+面试,,,学段：初级中学；学科：英语；招聘人数：2,安徽 蚌埠高新区,https://www.xduim.com/zw/jszk,,专业：本科：英语(050201)； 硕士研究生及以上：专业不限。
2024,教师,2024安徽教师招考,蚌埠高新（自贸区）迎宾实验学校,6041150 蚌埠高新（自贸区）迎宾实验学校,本科及以上,本科：物理学(070201)、应用物理学(070202)、核物理(070203)； 硕士研究生及以上：专业不限；,,笔试+面试,,,学段：初级中学；学科：物理；招聘人数：1,安徽 蚌埠高新区,https://www.xduim.com/zw/jszk,,专业：本科：物理学(070201)、应用物理学(070202)、核物理(070203)； 硕士研究生及以上：专业不限；
2024,教师,2024安徽教师招考,蚌埠高新（自贸区）迎宾实验学校,6040151 蚌埠高新（自贸区）迎宾实验学校,本科及以上,本科：政治学类（0302）、马克思主义理论类（0305）； 硕士研究生及以上：专业不限。,,笔试+面试,,,学段：初级中学；学科：道德与法治；招聘人数：1,安徽 蚌埠高新区,https://www.xduim.com/zw/jszk,,专业：本科：政治学类（0302）、马克思主义理论类（0305）； 硕士研究生及以上：专业不限。
2024,教师,2024安徽教师招考,蚌埠高新（自贸区）迎宾实验学校,6040152 蚌埠高新（自贸区）迎宾实验学校,本科及以上,本科：生物科学类（0710）、生物工程类（0830）； 硕士研究生及以上：专业不限。,,笔试+面试,,,学段：初级中学；学科：生物；招聘人数：1,安徽 蚌埠高新区,https://www.xduim.com/zw/jszk,,专业：本科：生物科学类（0710）、生物工程类（0830）； 硕士研究生及以上：专业不限。
2024,教师,2024安徽教师招考,蚌埠高新（自贸区）迎宾实验学校,6041031 蚌埠高新（自贸区）迎宾实验学校,本科及以上,专业不限,,笔试+面试,,,学段：小学；学科：语文（一）；招聘人数：2,安徽 蚌埠高新区,https://www.xduim.com/zw/jszk,,专业：专业不限
2024,教师,2024安徽教师招考,蚌埠高新（自贸区）迎宾实验学校,6040032 蚌埠高新（自贸区）迎宾实验学校,本科及以上,专业不限,,笔试+面试,,,学段：小学；学科：语文（二）；招聘人数：2,安徽 蚌埠高新区,https://www.xduim.com/zw/jszk,,专业：专业不限
2024,教师,2024安徽教师招考,蚌埠高新（自贸区）迎宾实验学校,6041033 蚌埠高新（自贸区）迎宾实验学校,本科及以上,专业不限,,笔试+面试,,,学段：小学；学科：数学（一）；招聘人数：2,安徽 蚌埠高新区,https://www.xduim.com/zw/jszk,,专业：专业不限
2024,教师,2024安徽教师招考,蚌埠高新（自贸区）迎宾实验学校,6040034 蚌埠高新（自贸区）迎宾实验学校,本科及以上,专业不限,,笔试+面试,,,学段：小学；学科：数学（二）；招聘人数：1,安徽 蚌埠高新区,https://www.xduim.com/zw/jszk,,专业：专业不限
2024,教师,2024安徽教师招考,蚌埠高新（自贸区）迎宾实验学校,6041035 蚌埠高新（自贸区）迎宾实验学校,本科及以上,专业不限,,笔试+面试,,,学段：小学；学科：英语（一）；招聘人数：2,安徽 蚌埠高新区,https://www.xduim.com/zw/jszk,,专业：专业不限
2024,教师,2024安徽教师招考,蚌埠高新（自贸区）迎宾实验学校,6040036 蚌埠高新（自贸区）迎宾实验学校,本科及以上,专业不限,,笔试+面试,,,学段：小学；学科：英语（二）；招聘人数：1,安徽 蚌埠高新区,https://www.xduim.com/zw/jszk,,专业：专业不限
2024,教师,2024安徽教师招考,安徽省蚌埠第十四中学,6050153 安徽省蚌埠第十四中学,本科及以上,专业不限,,笔试+面试,,,学段：初级中学；学科：物理；招聘人数：1,安徽 蚌埠高新区,https://www.xduim.com/zw/jszk,,专业：专业不限
2024,教师,2024安徽教师招考,安徽省蚌埠第十四中学,6050154 安徽省蚌埠第十四中学,本科及以上,专业不限,,笔试+面试,,,学段：初级中学；学科：地理；招聘人数：1,安徽 蚌埠高新区,https://www.xduim.com/zw/jszk,,专业：专业不限
2024,教师,2024安徽教师招考,蚌埠市仁和中学,6060155 蚌埠市仁和中学,本科及以上,专业不限,,笔试+面试,,,学段：初级中学；学科：信息技术；招聘人数：1,安徽 蚌埠高新区,https://www.xduim.com/zw/jszk,,专业：专业不限
2024,教师,2024安徽教师招考,蚌埠高新区禹庙初级中学,6070156 蚌埠高新区禹庙初级中学,本科及以上,专业不限,,笔试+面试,,,学段：初级中学；学科：音乐；招聘人数：1,安徽 蚌埠高新区,https://www.xduim.com/zw/jszk,,专业：专业不限
2024,教师,2024安徽教师招考,蚌埠高新区禹庙初级中学,6070157 蚌埠高新区禹庙初级中学,本科及以上,专业不限,,笔试+面试,,,学段：初级中学；学科：地理；招聘人数：1,安徽 蚌埠高新区,https://www.xduim.com/zw/jszk,,专业：专业不限
2024,教师,2024安徽教师招考,蚌埠高新区禹庙初级中学,6071158 蚌埠高新区禹庙初级中学,本科及以上,专业不限,,笔试+面试,,,学段：初级中学；学科：生物；招聘人数：1,安徽 蚌埠高新区,https://www.xduim.com/zw/jszk,,专业：专业不限
2024,教师,2024安徽教师招考,蚌埠高新区禹庙初级中学,6070159 蚌埠高新区禹庙初级中学,本科及以上,专业不限,,笔试+面试,,,学段：初级中学；学科：道德与法治；招聘人数：1,安徽 蚌埠高新区,https://www.xduim.com/zw/jszk,,专业：专业不限
2024,教师,2024安徽教师招考,蚌埠高新区禹庙初级中学,6070160 蚌埠高新区禹庙初级中学,本科及以上,专业不限,,笔试+面试,,,学段：初级中学；学科：历史；招聘人数：1,安徽 蚌埠高新区,https://www.xduim.com/zw/jszk,,专业：专业不限
2024,教师,2024安徽教师招考,蚌埠高新区禹庙初级中学,6071037 蚌埠高新区禹庙初级中学,本科及以上,专业不限,,笔试+面试,,,学段：小学；学科：语文（一）；招聘人数：2,安徽 蚌埠高新区,https://www.xduim.com/zw/jszk,,专业：专业不限
2024,教师,2024安徽教师招考,蚌埠高新区禹庙初级中学,6071038 蚌埠高新区禹庙初级中学,本科及以上,专业不限,,笔试+面试,,,学段：小学；学科：语文（二）；招聘人数：1,安徽 蚌埠高新区,https://www.xduim.com/zw/jszk,,专业：专业不限
2024,教师,2024安徽教师招考,蚌埠高新区禹庙初级中学,6071039 蚌埠高新区禹庙初级中学,本科及以上,专业不限,,笔试+面试,,,学段：小学；学科：数学；招聘人数：3,安徽 蚌埠高新区,https://www.xduim.com/zw/jszk,,专业：专业不限
2024,教师,2024安徽教师招考,蚌埠高新区禹庙初级中学,6070040 蚌埠高新区禹庙初级中学,本科及以上,专业不限,,笔试+面试,,,学段：小学；学科：英语；招聘人数：1,安徽 蚌埠高新区,https://www.xduim.com/zw/jszk,,专业：专业不限
2024,教师,2024安徽教师招考,蚌埠高新区禹庙初级中学,6070041 蚌埠高新区禹庙初级中学,本科及以上,专业不限,,笔试+面试,,,学段：小学；学科：体育与健康；招聘人数：1,安徽 蚌埠高新区,https://www.xduim.com/zw/jszk,,专业：专业不限
2024,教师,2024安徽教师招考,蚌埠高新区禹庙初级中学,6071042 蚌埠高新区禹庙初级中学,本科及以上,专业不限,,笔试+面试,,,学段：小学；学科：美术；招聘人数：1,安徽 蚌埠高新区,https://www.xduim.com/zw/jszk,,专业：专业不限
2024,教师,2024安徽教师招考,蚌埠高新区禹庙初级中学,6070043 蚌埠高新区禹庙初级中学,本科及以上,专业不限,,笔试+面试,,,学段：小学；学科：音乐；招聘人数：1,安徽 蚌埠高新区,https://www.xduim.com/zw/jszk,,专业：专业不限
2024,教师,2024安徽教师招考,蚌埠高新区秦集中心小学,6080044 蚌埠高新区秦集中心小学,本科及以上,专业不限,,笔试+面试,,,学段：小学；学科：英语；招聘人数：1,安徽 蚌埠高新区,https://www.xduim.com/zw/jszk,,专业：专业不限
2024,教师,2024安徽教师招考,合肥高新技术产 业开发区区属学 校,60101 合肥高新技术产 业开发区区属学 校 小学语文A组,本科及以上,本科：汉语言文学 （050101） 硕士研究生及以上： 不限专业,,笔试+面试,,,学段：小学；学科：小学语文(小学)；招聘职位：小学语文A组；招聘人数：7,安徽 合肥高新区,https://www.xduim.com/zw/jszk,,专业：本科：汉语言文学 （050101） 硕士研究生及以上： 不限专业
2024,教师,2024安徽教师招考,合肥高新技术产 业开发区区属学 校,60102 合肥高新技术产 业开发区区属学 校 小学语文B组,本科及以上,本科：汉语言文学 （050101） 硕士研究生及以上： 不限专业,,笔试+面试,,,学段：小学；学科：小学语文(小学)；招聘职位：小学语文B组；招聘人数：7,安徽 合肥高新区,https://www.xduim.com/zw/jszk,,专业：本科：汉语言文学 （050101） 硕士研究生及以上： 不限专业
2024,教师,2024安徽教师招考,合肥高新技术产 业开发区区属学 校,60103 合肥高新技术产 业开发区区属学 校 小学语文C组,本科及以上,本科：汉语言文学 （050101） 硕士研究生及以上： 不限专业,,笔试+面试,,,学段：小学；学科：小学语文(小学)；招聘职位：小学语文C组；招聘人数：9,安徽 合肥高新区,https://www.xduim.com/zw/jszk,,专业：本科：汉语言文学 （050101） 硕士研究生及以上： 不限专业
2024,教师,2024安徽教师招考,合肥高新技术产 业开发区区属学 校,60104 合肥高新技术产 业开发区区属学 校 小学语文D组,本科及以上,本科：汉语言文学 （050101） 硕士研究生及以上： 不限专业,,笔试+面试,,,学段：小学；学科：小学语文(小学)；招聘职位：小学语文D组；招聘人数：9,安徽 合肥高新区,https://www.xduim.com/zw/jszk,,专业：本科：汉语言文学 （050101） 硕士研究生及以上： 不限专业
2024,教师,2024安徽教师招考,合肥高新技术产 业开发区区属学 校,60105 合肥高新技术产 业开发区区属学 校 小学语文E组,本科及以上,本科：汉语言文学 （050101） 硕士研究生及以上： 不限专业,,笔试+面试,,,学段：小学；学科：小学语文(小学)；招聘职位：小学语文E组；招聘人数：9,安徽 合肥高新区,https://www.xduim.com/zw/jszk,,专业：本科：汉语言文学 （050101） 硕士研究生及以上： 不限专业
2024,教师,2024安徽教师招考,合肥高新技术产 业开发区区属学 校,60106 合肥高新技术产 业开发区区属学 校 小学数学A组,本科及以上,本科：数学与应用数 学（070101） 硕士研究生及以上： 不限专业,,笔试+面试,,,学段：小学；学科：小学数学(小学)；招聘职位：小学数学A组；招聘人数：8,安徽 合肥高新区,https://www.xduim.com/zw/jszk,,专业：本科：数学与应用数 学（070101） 硕士研究生及以上： 不限专业
2024,教师,2024安徽教师招考,合肥高新技术产 业开发区区属学 校,60107 合肥高新技术产 业开发区区属学 校 小学数学B组,本科及以上,本科：数学与应用数 学（070101） 硕士研究生及以上： 不限专业,,笔试+面试,,,学段：小学；学科：小学数学(小学)；招聘职位：小学数学B组；招聘人数：8,安徽 合肥高新区,https://www.xduim.com/zw/jszk,,专业：本科：数学与应用数 学（070101） 硕士研究生及以上： 不限专业
2024,教师,2024安徽教师招考,合肥高新技术产 业开发区区属学 校,60108 合肥高新技术产 业开发区区属学 校 小学数学C组,本科及以上,本科：数学与应用数 学（070101） 硕士研究生及以上： 不限专业,,笔试+面试,,,学段：小学；学科：小学数学(小学)；招聘职位：小学数学C组；招聘人数：9,安徽 合肥高新区,https://www.xduim.com/zw/jszk,,专业：本科：数学与应用数 学（070101） 硕士研究生及以上： 不限专业
2024,教师,2024安徽教师招考,合肥高新技术产 业开发区区属学 校,60109 合肥高新技术产 业开发区区属学 校 小学数学D组,本科及以上,本科：数学与应用数 学（070101） 硕士研究生及以上： 不限专业,,笔试+面试,,,学段：小学；学科：小学数学(小学)；招聘职位：小学数学D组；招聘人数：9,安徽 合肥高新区,https://www.xduim.com/zw/jszk,,专业：本科：数学与应用数 学（070101） 硕士研究生及以上： 不限专业
2024,教师,2024安徽教师招考,合肥高新技术产 业开发区区属学 校,60110 合肥高新技术产 业开发区区属学 校 小学体育A组,本科及以上,本科：体育教育 (040201)、运动训练 （040202K） 硕士研究生及以上： 不限专业,,笔试+面试,,,学段：小学；学科：小学体育（小学）；招聘职位：小学体育A组；招聘人数：5,安徽 合肥高新区,https://www.xduim.com/zw/jszk,,专业：本科：体育教育 (040201)、运动训练 （040202K） 硕士研究生及以上： 不限专业
2024,教师,2024安徽教师招考,合肥高新技术产 业开发区区属学 校,60111 合肥高新技术产 业开发区区属学 校 小学体育B组,本科及以上,本科：体育教育 (040201)、运动训练 （040202K） 硕士研究生及以上： 不限专业,,笔试+面试,,,学段：小学；学科：小学体育（小学）；招聘职位：小学体育B组；招聘人数：6,安徽 合肥高新区,https://www.xduim.com/zw/jszk,,专业：本科：体育教育 (040201)、运动训练 （040202K） 硕士研究生及以上： 不限专业
2024,教师,2024安徽教师招考,合肥高新技术产 业开发区区属学 校,60112 合肥高新技术产 业开发区区属学 校 小学体育C组,本科及以上,本科：运动训练 （040202K） 硕士研究生及以上： 不限专业,,笔试+面试,,,学段：小学；学科：小学体育（小学）；招聘职位：小学体育C组；招聘人数：6,安徽 合肥高新区,https://www.xduim.com/zw/jszk,,专业：本科：运动训练 （040202K） 硕士研究生及以上： 不限专业
2024,教师,2024安徽教师招考,合肥高新技术产 业开发区区属学 校,60113 合肥高新技术产 业开发区区属学 校 小学体育D组,本科及以上,不限专业,,笔试+面试,,,学段：小学；学科：小学体育（小学）；招聘职位：小学体育D组；招聘人数：1,安徽 合肥高新区,https://www.xduim.com/zw/jszk,,专业：不限专业
2024,教师,2024安徽教师招考,合肥高新技术产 业开发区区属学 校,60114 合肥高新技术产 业开发区区属学 校 小学音乐,本科及以上,本科：音乐与舞蹈学 类（1302） 硕士研究生及以上： 不限专业,,笔试+面试,,,学段：小学；学科：小学音乐（小学）；招聘职位：小学音乐；招聘人数：3,安徽 合肥高新区,https://www.xduim.com/zw/jszk,,专业：本科：音乐与舞蹈学 类（1302） 硕士研究生及以上： 不限专业
2024,教师,2024安徽教师招考,合肥高新技术产 业开发区区属学 校,60115 合肥高新技术产 业开发区区属学 校 小学美术,本科及以上,本科：美术学类 （1304） 硕士研究生及以上： 不限专业,,笔试+面试,,,学段：小学；学科：小学美术（小学）；招聘职位：小学美术；招聘人数：3,安徽 合肥高新区,https://www.xduim.com/zw/jszk,,专业：本科：美术学类 （1304） 硕士研究生及以上： 不限专业
2024,教师,2024安徽教师招考,合肥高新技术产 业开发区区属学 校,60116 合肥高新技术产 业开发区区属学 校 小学科学,本科及以上,不限专业,,笔试+面试,,,学段：小学；学科：小学科学（小学）；招聘职位：小学科学；招聘人数：3,安徽 合肥高新区,https://www.xduim.com/zw/jszk,,专业：不限专业
2024,教师,2024安徽教师招考,合肥高新技术产 业开发区区属学 校,60117 合肥高新技术产 业开发区区属学 校 初中语文,本科及以上,本科：汉语言文学 （050101） 硕士研究生：不限专 业,,笔试+面试,,,学段：初级中学；学科：初中语文（初级中学）；招聘职位：初中语文；招聘人数：5,安徽 合肥高新区,https://www.xduim.com/zw/jszk,,专业：本科：汉语言文学 （050101） 硕士研究生：不限专 业
2024,教师,2024安徽教师招考,合肥高新技术产 业开发区区属学 校,60118 合肥高新技术产 业开发区区属学 校 初中数学,本科及以上,本科：数学与应用数 学（070101） 硕士研究生及以上： 不限专业,,笔试+面试,,,学段：初级中学；学科：初中数学（初级中学）；招聘职位：初中数学；招聘人数：8,安徽 合肥高新区,https://www.xduim.com/zw/jszk,,专业：本科：数学与应用数 学（070101） 硕士研究生及以上： 不限专业
2024,教师,2024安徽教师招考,合肥高新技术产 业开发区区属学 校,60119 合肥高新技术产 业开发区区属学 校 初中英语,本科及以上,本科：英语 （050201） 硕士研究生及以上： 不限专业,,笔试+面试,,,学段：初级中学；学科：初中英语（初级中学）；招聘职位：初中英语；招聘人数：8,安徽 合肥高新区,https://www.xduim.com/zw/jszk,,专业：本科：英语 （050201） 硕士研究生及以上： 不限专业
2024,教师,2024安徽教师招考,合肥高新技术产 业开发区区属学 校,60120 合肥高新技术产 业开发区区属学 校 初中体育,本科及以上,本科：体育教育 (040201)、运动训练 （040202K） 硕士研究生及以上： 不限专业,,笔试+面试,,,学段：初级中学；学科：初中体育（初级中学）；招聘职位：初中体育；招聘人数：4,安徽 合肥高新区,https://www.xduim.com/zw/jszk,,专业：本科：体育教育 (040201)、运动训练 （040202K） 硕士研究生及以上： 不限专业
2024,教师,2024安徽教师招考,合肥高新技术产 业开发区区属学 校,60121 合肥高新技术产 业开发区区属学 校 初中历史,本科及以上,本科：历史学 （060101） 硕士研究生及以上： 不限专业,,笔试+面试,,,学段：初级中学；学科：初中历史（初级中学）；招聘职位：初中历史；招聘人数：4,安徽 合肥高新区,https://www.xduim.com/zw/jszk,,专业：本科：历史学 （060101） 硕士研究生及以上： 不限专业
2024,教师,2024安徽教师招考,合肥高新技术产 业开发区区属学 校,60122 合肥高新技术产 业开发区区属学 校 初中道德与法治,本科及以上,本科：思想政治教育 （030503） 硕士研究生及以上： 不限专业,,笔试+面试,,,学段：初级中学；学科：初中道德与法治（初级中学）；招聘职位：初中道德与法治；招聘人数：4,安徽 合肥高新区,https://www.xduim.com/zw/jszk,,专业：本科：思想政治教育 （030503） 硕士研究生及以上： 不限专业
2024,教师,2024安徽教师招考,合肥高新技术产 业开发区区属学 校,60123 合肥高新技术产 业开发区区属学 校 初中物理,本科及以上,本科：物理学 (070201)、应用物理 学（070202） 硕士研究生及以上： 不限专业,,笔试+面试,,,学段：初级中学；学科：初中物理（初级中学）；招聘职位：初中物理；招聘人数：3,安徽 合肥高新区,https://www.xduim.com/zw/jszk,,专业：本科：物理学 (070201)、应用物理 学（070202） 硕士研究生及以上： 不限专业
2024,教师,2024安徽教师招考,北师大淮南实验学校,340408001001 北师大淮南实验学校 初中语文,研究生及以上,0501中国语言文学类、学科教学语文,,笔试+面试,,,学段：初级中学；学科：语文；招聘职位：初中语文；招聘人数：1,安徽 淮南高新区,https://www.xduim.com/zw/jszk,,专业：0501中国语言文学类、学科教学语文
2024,教师,2024安徽教师招考,北师大淮南实验学校,340408001002 北师大淮南实验学校 初中数学,研究生及以上,0701数学类、学科教学数学,,笔试+面试,,,学段：初级中学；学科：数学；招聘职位：初中数学；招聘人数：1,安徽 淮南高新区,https://www.xduim.com/zw/jszk,,专业：0701数学类、学科教学数学
2024,教师,2024安徽教师招考,北师大淮南实验学校,340408001003 北师大淮南实验学校 初中历史,研究生及以上,0601历史学专业类、学科教学历史,,笔试+面试,,,学段：初级中学；学科：历史；招聘职位：初中历史；招聘人数：1,安徽 淮南高新区,https://www.xduim.com/zw/jszk,,专业：0601历史学专业类、学科教学历史
2024,教师,2024安徽教师招考,北师大淮南实验学校,340408001004 北师大淮南实验学校 初中物理,研究生及以上,0702物理学类、学科教学物理,,笔试+面试,,,学段：初级中学；学科：物理；招聘职位：初中物理；招聘人数：1,安徽 淮南高新区,https://www.xduim.com/zw/jszk,,专业：0702物理学类、学科教学物理
2024,教师,2024安徽教师招考,北师大淮南实验学校,340408002001 北师大淮南实验学校 小学语文,本科及以上,0501中国语言文学类、学科教学语文,,笔试+面试,,,学段：小学；学科：语文；招聘职位：小学语文；招聘人数：4,安徽 淮南高新区,https://www.xduim.com/zw/jszk,,专业：0501中国语言文学类、学科教学语文
2024,教师,2024安徽教师招考,北师大淮南实验学校,340408002002 北师大淮南实验学校 小学数学,本科及以上,0701数学类、学科教学数学,,笔试+面试,,,学段：小学；学科：数学；招聘职位：小学数学；招聘人数：2,安徽 淮南高新区,https://www.xduim.com/zw/jszk,,专业：0701数学类、学科教学数学
2024,教师,2024安徽教师招考,北师大淮南实验学校,340408002003 北师大淮南实验学校 小学英语,本科及以上,0502英语类或0551翻译类,,笔试+面试,,,学段：小学；学科：英语；招聘职位：小学英语；招聘人数：2,安徽 淮南高新区,https://www.xduim.com/zw/jszk,,专业：0502英语类或0551翻译类
2024,教师,2024安徽教师招考,北师大淮南实验学校,340408002004 北师大淮南实验学校 小学道法,本科及以上,0305马克思主义理论类或0302政治学类,,笔试+面试,,,学段：小学；学科：道法；招聘职位：小学道法；招聘人数：1,安徽 淮南高新区,https://www.xduim.com/zw/jszk,,专业：0305马克思主义理论类或0302政治学类
2024,教师,2024安徽教师招考,北师大淮南实验学校,340408002005 北师大淮南实验学校 小学音乐,本科及以上,1302音乐与舞蹈类,,笔试+面试,,,学段：小学；学科：音乐；招聘职位：小学音乐；招聘人数：1,安徽 淮南高新区,https://www.xduim.com/zw/jszk,,专业：1302音乐与舞蹈类
2024,教师,2024安徽教师招考,北师大淮南实验学校,340408002006 北师大淮南实验学校 小学体育,本科及以上,0402体育类,,笔试+面试,,,学段：小学；学科：体育；招聘职位：小学体育；招聘人数：1,安徽 淮南高新区,https://www.xduim.com/zw/jszk,,专业：0402体育类
2024,教师,2024安徽教师招考,北师大淮南实验学校,340408002007 北师大淮南实验学校 小学美术,本科及以上,1304美术类或1351艺术类,,笔试+面试,,,学段：小学；学科：美术；招聘职位：小学美术；招聘人数：3,安徽 淮南高新区,https://www.xduim.com/zw/jszk,,专业：1304美术类或1351艺术类
2024,教师,2024安徽教师招考,北师大淮南实验学校,340408002008 北师大淮南实验学校 小学信息,本科及以上,0809计算机类,,笔试+面试,,,学段：小学；学科：信息；招聘职位：小学信息；招聘人数：2,安徽 淮南高新区,https://www.xduim.com/zw/jszk,,专业：0809计算机类
2024,教师,2024安徽教师招考,北师大淮南实验学校,340408002009 北师大淮南实验学校 小学心理健康,本科及以上,0711心理学类,,笔试+面试,,,学段：小学；学科：心理健康；招聘职位：小学心理健康；招聘人数：1,安徽 淮南高新区,https://www.xduim.com/zw/jszk,,专业：0711心理学类
2024,教师,2024安徽教师招考,山南四中,340408003001 山南四中 初中语文,本科及以上,0501中国语言文学类,,笔试+面试,,,学段：初级中学；学科：语文；招聘职位：初中语文；招聘人数：1,安徽 淮南高新区,https://www.xduim.com/zw/jszk,,专业：0501中国语言文学类
2024,教师,2024安徽教师招考,山南四中,340408003002 山南四中 初中英语,本科及以上,0502英语类或0551翻译类,,笔试+面试,,,学段：初级中学；学科：英语；招聘职位：初中英语；招聘人数：1,安徽 淮南高新区,https://www.xduim.com/zw/jszk,,专业：0502英语类或0551翻译类
2024,教师,2024安徽教师招考,山南四中,340408003003 山南四中 初中物理,本科及以上,0702物理学类,,笔试+面试,,,学段：初级中学；学科：物理；招聘职位：初中物理；招聘人数：1,安徽 淮南高新区,https://www.xduim.com/zw/jszk,,专业：0702物理学类
2024,教师,2024安徽教师招考,山南六中,340408004001 山南六中 初中语文,本科及以上,0501中国语言文学类,,笔试+面试,,,学段：初级中学；学科：语文；招聘职位：初中语文；招聘人数：3,安徽 淮南高新区,https://www.xduim.com/zw/jszk,,专业：0501中国语言文学类
2024,教师,2024安徽教师招考,山南六中,340408004002 山南六中 初中数学,本科及以上,0701数学类,,笔试+面试,,,学段：初级中学；学科：数学；招聘职位：初中数学；招聘人数：3,安徽 淮南高新区,https://www.xduim.com/zw/jszk,,专业：0701数学类
2024,教师,2024安徽教师招考,山南六中,340408004003 山南六中 初中英语,本科及以上,0502英语类或0551翻译类,,笔试+面试,,,学段：初级中学；学科：英语；招聘职位：初中英语；招聘人数：2,安徽 淮南高新区,https://www.xduim.com/zw/jszk,,专业：0502英语类或0551翻译类
2024,教师,2024安徽教师招考,山南十一中,340408005001 山南十一中 初中道法,本科及以上,0305马克思主义理论类或0302政治学类,,笔试+面试,,,学段：初级中学；学科：道法；招聘职位：初中道法；招聘人数：1,安徽 淮南高新区,https://www.xduim.com/zw/jszk,,专业：0305马克思主义理论类或0302政治学类
2024,教师,2024安徽教师招考,山南十一中,340408005002 山南十一中 初中历史,本科及以上,0601历史学专业类,,笔试+面试,,,学段：初级中学；学科：历史；招聘职位：初中历史；招聘人数：1,安徽 淮南高新区,https://www.xduim.com/zw/jszk,,专业：0601历史学专业类
2024,教师,2024安徽教师招考,山南十一中,340408005003 山南十一中 初中物理,本科及以上,0702物理学类,,笔试+面试,,,学段：初级中学；学科：物理；招聘职位：初中物理；招聘人数：1,安徽 淮南高新区,https://www.xduim.com/zw/jszk,,专业：0702物理学类
2024,教师,2024安徽教师招考,山南十一中,340408005004 山南十一中 初中体育,本科及以上,0402体育学类,,笔试+面试,,,学段：初级中学；学科：体育；招聘职位：初中体育；招聘人数：1,安徽 淮南高新区,https://www.xduim.com/zw/jszk,,专业：0402体育学类
2024,教师,2024安徽教师招考,山南十一中,340408005005 山南十一中 初中信息,本科及以上,0809计算机类,,笔试+面试,,,学段：初级中学；学科：信息；招聘职位：初中信息；招聘人数：1,安徽 淮南高新区,https://www.xduim.com/zw/jszk,,专业：0809计算机类
2024,教师,2024安徽教师招考,山南十一中,340408005006 山南十一中 小学语文,本科及以上,0501中国语言文学类,,笔试+面试,,,学段：小学；学科：语文；招聘职位：小学语文；招聘人数：1,安徽 淮南高新区,https://www.xduim.com/zw/jszk,,专业：0501中国语言文学类
2024,教师,2024安徽教师招考,山南十一中,340408005007 山南十一中 小学数学,本科及以上,0701数学类,,笔试+面试,,,学段：小学；学科：数学；招聘职位：小学数学；招聘人数：2,安徽 淮南高新区,https://www.xduim.com/zw/jszk,,专业：0701数学类
2024,教师,2024安徽教师招考,山南十一中,340408005008 山南十一中 小学数学,本科及以上,0701数学类、0702物理学类、0703化学类、0710生物科学类、0809计算机类,,笔试+面试,,,学段：小学；学科：数学；招聘职位：小学数学；招聘人数：1,安徽 淮南高新区,https://www.xduim.com/zw/jszk,,专业：0701数学类、0702物理学类、0703化学类、0710生物科学类、0809计算机类
2024,教师,2024安徽教师招考,泉山湖中学,340408006001 泉山湖中学 小学语文,本科及以上,0501中国语言文学类,,笔试+面试,,,学段：小学；学科：语文；招聘职位：小学语文；招聘人数：2,安徽 淮南高新区,https://www.xduim.com/zw/jszk,,专业：0501中国语言文学类
2024,教师,2024安徽教师招考,泉山湖中学,340408006002 泉山湖中学 小学体育,本科及以上,0402体育学类,,笔试+面试,,,学段：小学；学科：体育；招聘职位：小学体育；招聘人数：1,安徽 淮南高新区,https://www.xduim.com/zw/jszk,,专业：0402体育学类
2024,教师,2024安徽教师招考,山南七小,340408007001 山南七小 小学语文,本科及以上,0501中国语言文学类,,笔试+面试,,,学段：小学；学科：语文；招聘职位：小学语文；招聘人数：4,安徽 淮南高新区,https://www.xduim.com/zw/jszk,,专业：0501中国语言文学类
2023,教师,2023安徽教师招考,蚌埠高新实验学校,2303014 蚌埠高新实验学校,本科及以上,专业不限,,笔试+面试,,,学段：初级中学；学科：数学；招聘人数：1,安徽 蚌埠高新区,https://www.xduim.com/zw/jszk,,专业：专业不限
2023,教师,2023安徽教师招考,蚌埠高新实验学校,2303015 蚌埠高新实验学校,本科及以上,专业不限,,笔试+面试,,,学段：初级中学；学科：英语；招聘人数：1,安徽 蚌埠高新区,https://www.xduim.com/zw/jszk,,专业：专业不限
2023,教师,2023安徽教师招考,蚌埠高新实验学校,2303016 蚌埠高新实验学校,本科及以上,专业不限,,笔试+面试,,,学段：初级中学；学科：物理；招聘人数：1,安徽 蚌埠高新区,https://www.xduim.com/zw/jszk,,专业：专业不限
2023,教师,2023安徽教师招考,蚌埠高新实验学校,2303017 蚌埠高新实验学校,本科及以上,专业不限,,笔试+面试,,,学段：初级中学；学科：地理；招聘人数：1,安徽 蚌埠高新区,https://www.xduim.com/zw/jszk,,专业：专业不限
2023,教师,2023安徽教师招考,蚌埠高新实验学校,2303018 蚌埠高新实验学校,本科及以上,专业不限,,笔试+面试,,,学段：初级中学；学科：生物；招聘人数：1,安徽 蚌埠高新区,https://www.xduim.com/zw/jszk,,专业：专业不限
2023,教师,2023安徽教师招考,蚌埠高新实验学校,2303019 蚌埠高新实验学校,本科及以上,专业不限,,笔试+面试,,,学段：初级中学；学科：历史；招聘人数：1,安徽 蚌埠高新区,https://www.xduim.com/zw/jszk,,专业：专业不限
2023,教师,2023安徽教师招考,蚌埠高新实验学校,2303020 蚌埠高新实验学校,本科及以上,专业不限,,笔试+面试,,,学段：初级中学；学科：体育；招聘人数：1,安徽 蚌埠高新区,https://www.xduim.com/zw/jszk,,专业：专业不限
2023,教师,2023安徽教师招考,蚌埠高新迎宾（自贸区）实验学校,2303021 蚌埠高新迎宾（自贸区）实验学校,本科及以上,硕士研究生及以上学历：专业不限； 本科：汉语言（050102)、汉语言文学（050101）,,笔试+面试,,,学段：初级中学；学科：语文；招聘人数：1,安徽 蚌埠高新区,https://www.xduim.com/zw/jszk,,专业：硕士研究生及以上学历：专业不限； 本科：汉语言（050102)、汉语言文学（050101）
2023,教师,2023安徽教师招考,蚌埠高新迎宾（自贸区）实验学校,2303022 蚌埠高新迎宾（自贸区）实验学校,本科及以上,硕士研究生及以上学历：专业不限； 本科：数学与应用数学(070101),,笔试+面试,,,学段：初级中学；学科：数学；招聘人数：2,安徽 蚌埠高新区,https://www.xduim.com/zw/jszk,,专业：硕士研究生及以上学历：专业不限； 本科：数学与应用数学(070101)
2023,教师,2023安徽教师招考,蚌埠高新迎宾（自贸区）实验学校,2303023 蚌埠高新迎宾（自贸区）实验学校,本科及以上,硕士研究生及以上学历：专业不限； 本科：英语(050201),,笔试+面试,,,学段：初级中学；学科：英语；招聘人数：2,安徽 蚌埠高新区,https://www.xduim.com/zw/jszk,,专业：硕士研究生及以上学历：专业不限； 本科：英语(050201)
2023,教师,2023安徽教师招考,蚌埠高新迎宾（自贸区）实验学校,2303024 蚌埠高新迎宾（自贸区）实验学校,本科及以上,硕士研究生及以上学历：专业不限； 本科：物理学(070201)、应用物理学(070202)、核物理(070203),,笔试+面试,,,学段：初级中学；学科：物理；招聘人数：1,安徽 蚌埠高新区,https://www.xduim.com/zw/jszk,,专业：硕士研究生及以上学历：专业不限； 本科：物理学(070201)、应用物理学(070202)、核物理(070203)
2023,教师,2023安徽教师招考,蚌埠高新迎宾（自贸区）实验学校,2303025 蚌埠高新迎宾（自贸区）实验学校,本科及以上,专业不限,,笔试+面试,,,学段：小学；学科：语文（一）；招聘人数：3,安徽 蚌埠高新区,https://www.xduim.com/zw/jszk,,专业：专业不限
2023,教师,2023安徽教师招考,蚌埠高新迎宾（自贸区）实验学校,2303026 蚌埠高新迎宾（自贸区）实验学校,本科及以上,专业不限,,笔试+面试,,,学段：小学；学科：语文（二）；招聘人数：3,安徽 蚌埠高新区,https://www.xduim.com/zw/jszk,,专业：专业不限
2023,教师,2023安徽教师招考,蚌埠高新迎宾（自贸区）实验学校,2303027 蚌埠高新迎宾（自贸区）实验学校,本科及以上,专业不限,,笔试+面试,,,学段：小学；学科：数学（一）；招聘人数：3,安徽 蚌埠高新区,https://www.xduim.com/zw/jszk,,专业：专业不限
2023,教师,2023安徽教师招考,蚌埠高新迎宾（自贸区）实验学校,2303028 蚌埠高新迎宾（自贸区）实验学校,本科及以上,专业不限,,笔试+面试,,,学段：小学；学科：数学（二）；招聘人数：2,安徽 蚌埠高新区,https://www.xduim.com/zw/jszk,,专业：专业不限
2023,教师,2023安徽教师招考,蚌埠高新迎宾（自贸区）实验学校,2303029 蚌埠高新迎宾（自贸区）实验学校,本科及以上,硕士研究生及以上学历：专业不限； 本科：音乐学(130202)、音乐表演(130201),,笔试+面试,,,学段：小学；学科：音乐；招聘人数：1,安徽 蚌埠高新区,https://www.xduim.com/zw/jszk,,专业：硕士研究生及以上学历：专业不限； 本科：音乐学(130202)、音乐表演(130201)
2023,教师,2023安徽教师招考,蚌埠高新迎宾（自贸区）实验学校,2303030 蚌埠高新迎宾（自贸区）实验学校,本科及以上,硕士研究生及以上学历：专业不限； 本科：体育教育(040201)、运动训练(040202K)、武术与民族传统体育(040204K)、运动人体科学(040205)、体能训练(040208T),,笔试+面试,,,学段：小学；学科：体育；招聘人数：1,安徽 蚌埠高新区,https://www.xduim.com/zw/jszk,,专业：硕士研究生及以上学历：专业不限； 本科：体育教育(040201)、运动训练(040202K)、武术与民族传统体育(040204K)、运动人体科学(040205)、体能训练(040208T)
2023,教师,2023安徽教师招考,蚌埠高新迎宾（自贸区）实验学校,2303031 蚌埠高新迎宾（自贸区）实验学校,本科及以上,硕士研究生及以上学历：专业不限； 本科：美术学(130401)、绘画(130402)、雕塑(130403),,笔试+面试,,,学段：小学；学科：美术；招聘人数：1,安徽 蚌埠高新区,https://www.xduim.com/zw/jszk,,专业：硕士研究生及以上学历：专业不限； 本科：美术学(130401)、绘画(130402)、雕塑(130403)
2023,教师,2023安徽教师招考,安徽省蚌埠第十四中学,2303032 安徽省蚌埠第十四中学,本科及以上,专业不限,,笔试+面试,,,学段：初级中学；学科：语文；招聘人数：1,安徽 蚌埠高新区,https://www.xduim.com/zw/jszk,,专业：专业不限
2023,教师,2023安徽教师招考,蚌埠市仁和中学,2303033 蚌埠市仁和中学,本科及以上,专业不限,,笔试+面试,,,学段：初级中学；学科：化学；招聘人数：1,安徽 蚌埠高新区,https://www.xduim.com/zw/jszk,,专业：专业不限
2023,教师,2023安徽教师招考,蚌埠市仁和中学,2303034.0 蚌埠市仁和中学,本科及以上,专业不限,,笔试+面试,,,学段：初级中学；学科：音乐；招聘人数：1,安徽 蚌埠高新区,https://www.xduim.com/zw/jszk,,专业：专业不限
2023,教师,2023安徽教师招考,蚌埠高新区禹庙学区,2303035.0 蚌埠高新区禹庙学区,本科及以上,专业不限,,笔试+面试,,,学段：初级中学；学科：语文；招聘人数：1,安徽 蚌埠高新区,https://www.xduim.com/zw/jszk,,专业：专业不限
2023,教师,2023安徽教师招考,蚌埠高新区禹庙学区,2303036.0 蚌埠高新区禹庙学区,本科及以上,专业不限,,笔试+面试,,,学段：初级中学；学科：数学；招聘人数：1,安徽 蚌埠高新区,https://www.xduim.com/zw/jszk,,专业：专业不限
2023,教师,2023安徽教师招考,蚌埠高新区禹庙学区,2303037.0 蚌埠高新区禹庙学区,本科及以上,专业不限,,笔试+面试,,,学段：小学；学科：语文；招聘人数：1,安徽 蚌埠高新区,https://www.xduim.com/zw/jszk,,专业：专业不限
2023,教师,2023安徽教师招考,蚌埠高新区禹庙学区,2303038.0 蚌埠高新区禹庙学区,本科及以上,专业不限,,笔试+面试,,,学段：小学；学科：数学；招聘人数：1,安徽 蚌埠高新区,https://www.xduim.com/zw/jszk,,专业：专业不限
2023,教师,2023安徽教师招考,蚌埠高新区秦集中心小学,2303039.0 蚌埠高新区秦集中心小学,本科及以上,专业不限,,笔试+面试,,,学段：小学；学科：英语；招聘人数：1,安徽 蚌埠高新区,https://www.xduim.com/zw/jszk,,专业：专业不限
2023,教师,2023安徽教师招考,蚌埠高新区洪集中学,2303040.0 蚌埠高新区洪集中学,本科及以上,专业不限,,笔试+面试,,,学段：初级中学；学科：化学；招聘人数：1,安徽 蚌埠高新区,https://www.xduim.com/zw/jszk,,专业：专业不限
2023,教师,2023安徽教师招考,蚌埠高新区洪集中学,2303041.0 蚌埠高新区洪集中学,本科及以上,专业不限,,笔试+面试,,,学段：初级中学；学科：体育；招聘人数：1,安徽 蚌埠高新区,https://www.xduim.com/zw/jszk,,专业：专业不限
2023,教师,2023安徽教师招考,中新苏滁高新区第一小学,中新苏滁高新区第一小学 小学语文,本科及以上,本科：汉语言文学、汉语言、汉语国际教育、小学教育；研究生：中国语言文学、汉语国际教育、小学教育、学科教学（语文）、课程与教学论（语文方向）,,笔试+面试,,,学段：小学；学科：语文；招聘职位：小学语文；招聘人数：5,安徽 滁州高新区,https://www.xduim.com/zw/jszk,,专业：本科：汉语言文学、汉语言、汉语国际教育、小学教育；研究生：中国语言文学、汉语国际教育、小学教育、学科教学（语文）、课程与教学论（语文方向）
2023,教师,2023安徽教师招考,中新苏滁高新区第一小学,中新苏滁高新区第一小学 小学数学,本科及以上,本科：数学类、小学教育；研究生：数学、小学教育、学科教学（数学）、课程与教学论（数学方向）,,笔试+面试,,,学段：小学；学科：数学；招聘职位：小学数学；招聘人数：4,安徽 滁州高新区,https://www.xduim.com/zw/jszk,,专业：本科：数学类、小学教育；研究生：数学、小学教育、学科教学（数学）、课程与教学论（数学方向）
2023,教师,2023安徽教师招考,中新苏滁高新区第一小学,中新苏滁高新区第一小学 小学英语,本科及以上,本科：英语、商务英语、翻译、小学教育；研究生：英语语言文学、翻译（英语方向）、外国语言学及应用语言学、小学教育、学科教学（英语）、课程与教学论（英语方向）,,笔试+面试,,,学段：小学；学科：英语；招聘职位：小学英语；招聘人数：2,安徽 滁州高新区,https://www.xduim.com/zw/jszk,,专业：本科：英语、商务英语、翻译、小学教育；研究生：英语语言文学、翻译（英语方向）、外国语言学及应用语言学、小学教育、学科教学（英语）、课程与教学论（英语方向）
2023,教师,2023安徽教师招考,中新苏滁高新区第一小学,中新苏滁高新区第一小学 小学体育,本科及以上,本科：体育学类 研究生：体育学、体育、学科教学(体育),,笔试+面试,,,学段：小学；学科：体育；招聘职位：小学体育；招聘人数：1,安徽 滁州高新区,https://www.xduim.com/zw/jszk,,专业：本科：体育学类 研究生：体育学、体育、学科教学(体育)
2023,教师,2023安徽教师招考,中新苏滁高新区第一小学,中新苏滁高新区第一小学 小学心理健康,本科及以上,本科：心理学类；研究生：心理学、心理健康教育、应用心理,,笔试+面试,,,学段：小学；学科：心理健康；招聘职位：小学心理健康；招聘人数：1,安徽 滁州高新区,https://www.xduim.com/zw/jszk,,专业：本科：心理学类；研究生：心理学、心理健康教育、应用心理
2023,教师,2023安徽教师招考,中新苏滁高新区第一小学,中新苏滁高新区第一小学 小学道德与法治,本科及以上,本科：政治学类、马克思主义理论类、人文教育；研究生：政治学、马克思主义理论、学科教学（思政）、课程与教学论（思政方向）,,笔试+面试,,,学段：小学；学科：道德与法治；招聘职位：小学道德与法治；招聘人数：1,安徽 滁州高新区,https://www.xduim.com/zw/jszk,,专业：本科：政治学类、马克思主义理论类、人文教育；研究生：政治学、马克思主义理论、学科教学（思政）、课程与教学论（思政方向）
2023,教师,2023安徽教师招考,北师大淮南实验学校,340408001001.0 北师大淮南实验学校 初中语文,研究生及以上,0501中国语言文学类、学科教学语文,,笔试+面试,,,学段：初级中学；学科：语文；招聘职位：初中语文；招聘人数：1,安徽 淮南高新区,https://www.xduim.com/zw/jszk,,专业：0501中国语言文学类、学科教学语文
2023,教师,2023安徽教师招考,北师大淮南实验学校,340408001002.0 北师大淮南实验学校 初中数学,研究生及以上,0701数学类、学科教学数学,,笔试+面试,,,学段：初级中学；学科：数学；招聘职位：初中数学；招聘人数：2,安徽 淮南高新区,https://www.xduim.com/zw/jszk,,专业：0701数学类、学科教学数学
2023,教师,2023安徽教师招考,北师大淮南实验学校,340408001003.0 北师大淮南实验学校 初中英语,研究生及以上,0502英语类或0551翻译类、学科教学英语,,笔试+面试,,,学段：初级中学；学科：英语；招聘职位：初中英语；招聘人数：2,安徽 淮南高新区,https://www.xduim.com/zw/jszk,,专业：0502英语类或0551翻译类、学科教学英语
2023,教师,2023安徽教师招考,北师大淮南实验学校,340408001004.0 北师大淮南实验学校 初中美术,研究生及以上,1304美术类或1351艺术类、学科教学美术,,笔试+面试,,,学段：初级中学；学科：美术；招聘职位：初中美术；招聘人数：1,安徽 淮南高新区,https://www.xduim.com/zw/jszk,,专业：1304美术类或1351艺术类、学科教学美术
2023,教师,2023安徽教师招考,北师大淮南实验学校,340408001005.0 北师大淮南实验学校 初中信息,研究生及以上,不限,,笔试+面试,,,学段：初级中学；学科：信息；招聘职位：初中信息；招聘人数：1,安徽 淮南高新区,https://www.xduim.com/zw/jszk,,专业：不限
2023,教师,2023安徽教师招考,北师大淮南实验学校,340408001006.0 北师大淮南实验学校 初中信息,研究生及以上,不限,,笔试+面试,,,学段：初级中学；学科：信息；招聘职位：初中信息；招聘人数：1,安徽 淮南高新区,https://www.xduim.com/zw/jszk,,专业：不限
2024,教师,2024安徽教师招考,山南七小,340408007002 山南七小 小学数学,本科及以上,0701数学类,,笔试+面试,,,学段：小学；学科：数学；招聘职位：小学数学；招聘人数：2,安徽 淮南高新区,https://www.xduim.com/zw/jszk,,专业：0701数学类
2024,教师,2024安徽教师招考,山南七小,340408007003 山南七小 小学体育,本科及以上,0402体育学类,,笔试+面试,,,学段：小学；学科：体育；招聘职位：小学体育；招聘人数：1,安徽 淮南高新区,https://www.xduim.com/zw/jszk,,专业：0402体育学类
2023,教师,2023安徽教师招考,北师大淮南实验学校,340408001007 北师大淮南实验学校 初中体育,研究生及以上,不限,,笔试+面试,,,学段：初级中学；学科：体育；招聘职位：初中体育；招聘人数：1,安徽 淮南高新区,https://www.xduim.com/zw/jszk,,专业：不限
2023,教师,2023安徽教师招考,北师大淮南实验学校,340408001008 北师大淮南实验学校 小学语文,本科及以上,0501中国言文学类,,笔试+面试,,,学段：小学；学科：语文；招聘职位：小学语文；招聘人数：5,安徽 淮南高新区,https://www.xduim.com/zw/jszk,,专业：0501中国言文学类
2023,教师,2023安徽教师招考,北师大淮南实验学校,340408001009 北师大淮南实验学校 小学数学,本科及以上,0701数学类,,笔试+面试,,,学段：小学；学科：数学；招聘职位：小学数学；招聘人数：4,安徽 淮南高新区,https://www.xduim.com/zw/jszk,,专业：0701数学类
2023,教师,2023安徽教师招考,北师大淮南实验学校,340408001010 北师大淮南实验学校 小学英语,本科及以上,0502英语类或0551翻译类,,笔试+面试,,,学段：小学；学科：英语；招聘职位：小学英语；招聘人数：2,安徽 淮南高新区,https://www.xduim.com/zw/jszk,,专业：0502英语类或0551翻译类
2023,教师,2023安徽教师招考,北师大淮南实验学校,340408001011 北师大淮南实验学校 小学道法,本科及以上,不限,,笔试+面试,,,学段：小学；学科：道法；招聘职位：小学道法；招聘人数：2,安徽 淮南高新区,https://www.xduim.com/zw/jszk,,专业：不限
2023,教师,2023安徽教师招考,北师大淮南实验学校,340408001012 北师大淮南实验学校 小学美术,本科及以上,不限,,笔试+面试,,,学段：小学；学科：美术；招聘职位：小学美术；招聘人数：1,安徽 淮南高新区,https://www.xduim.com/zw/jszk,,专业：不限
2023,教师,2023安徽教师招考,北师大淮南实验学校,340408001013 北师大淮南实验学校 小学音乐,本科及以上,不限,,笔试+面试,,,学段：小学；学科：音乐；招聘职位：小学音乐；招聘人数：1,安徽 淮南高新区,https://www.xduim.com/zw/jszk,,专业：不限
2023,教师,2023安徽教师招考,北师大淮南实验学校,340408001014 北师大淮南实验学校 小学音乐,本科及以上,1302音乐与舞蹈类,,笔试+面试,,,学段：小学；学科：音乐；招聘职位：小学音乐；招聘人数：1,安徽 淮南高新区,https://www.xduim.com/zw/jszk,,专业：1302音乐与舞蹈类
2023,教师,2023安徽教师招考,北师大淮南实验学校,340408001015 北师大淮南实验学校 小学美术,本科及以上,1304美术类或1351艺术类,,笔试+面试,,,学段：小学；学科：美术；招聘职位：小学美术；招聘人数：1,安徽 淮南高新区,https://www.xduim.com/zw/jszk,,专业：1304美术类或1351艺术类
2023,教师,2023安徽教师招考,北师大淮南实验学校,340408001016 北师大淮南实验学校 小学信息,本科及以上,不限,,笔试+面试,,,学段：小学；学科：信息；招聘职位：小学信息；招聘人数：1,安徽 淮南高新区,https://www.xduim.com/zw/jszk,,专业：不限
2023,教师,2023安徽教师招考,北师大淮南实验学校,340408001017 北师大淮南实验学校 小学科学,本科及以上,不限,,笔试+面试,,,学段：小学；学科：科学；招聘职位：小学科学；招聘人数：1,安徽 淮南高新区,https://www.xduim.com/zw/jszk,,专业：不限
2023,教师,2023安徽教师招考,北师大淮南实验学校,340408001018 北师大淮南实验学校 小学体育,本科及以上,不限,,笔试+面试,,,学段：小学；学科：体育；招聘职位：小学体育；招聘人数：1,安徽 淮南高新区,https://www.xduim.com/zw/jszk,,专业：不限
2023,教师,2023安徽教师招考,北师大淮南实验学校,340408001019 北师大淮南实验学校 小学体育,本科及以上,不限,,笔试+面试,,,学段：小学；学科：体育；招聘职位：小学体育；招聘人数：1,安徽 淮南高新区,https://www.xduim.com/zw/jszk,,专业：不限
2023,教师,2023安徽教师招考,山南十一中,340408002001 山南十一中 初中语文,本科及以上,0501中国语言文学类,,笔试+面试,,,学段：初级中学；学科：语文；招聘职位：初中语文；招聘人数：1,安徽 淮南高新区,https://www.xduim.com/zw/jszk,,专业：0501中国语言文学类
2023,教师,2023安徽教师招考,山南十一中,340408002002 山南十一中 初中数学,本科及以上,0701数学类,,笔试+面试,,,学段：初级中学；学科：数学；招聘职位：初中数学；招聘人数：1,安徽 淮南高新区,https://www.xduim.com/zw/jszk,,专业：0701数学类
2023,教师,2023安徽教师招考,山南十一中,340408002003 山南十一中 初中英语,本科及以上,0502英语类或0551翻译类,,笔试+面试,,,学段：初级中学；学科：英语；招聘职位：初中英语；招聘人数：1,安徽 淮南高新区,https://www.xduim.com/zw/jszk,,专业：0502英语类或0551翻译类
2023,教师,2023安徽教师招考,山南十一中,340408002004 山南十一中 小学语文,本科及以上,0501中国言文学类,,笔试+面试,,,学段：小学；学科：语文；招聘职位：小学语文；招聘人数：2,安徽 淮南高新区,https://www.xduim.com/zw/jszk,,专业：0501中国言文学类
2023,教师,2023安徽教师招考,山南十一中,340408002005 山南十一中 小学数学,本科及以上,0701数学类,,笔试+面试,,,学段：小学；学科：数学；招聘职位：小学数学；招聘人数：1,安徽 淮南高新区,https://www.xduim.com/zw/jszk,,专业：0701数学类
2023,教师,2023安徽教师招考,山南四中,340408003001 山南四中 初中语文,本科及以上,0501中国语言文学类,,笔试+面试,,,学段：初级中学；学科：语文；招聘职位：初中语文；招聘人数：1,安徽 淮南高新区,https://www.xduim.com/zw/jszk,,专业：0501中国语言文学类
2023,教师,2023安徽教师招考,山南四中,340408003002 山南四中 初中数学,本科及以上,0701数学类,,笔试+面试,,,学段：初级中学；学科：数学；招聘职位：初中数学；招聘人数：1,安徽 淮南高新区,https://www.xduim.com/zw/jszk,,专业：0701数学类
2023,教师,2023安徽教师招考,山南四中,340408003003 山南四中 初中英语,本科及以上,0502英语类或0551翻译类,,笔试+面试,,,学段：初级中学；学科：英语；招聘职位：初中英语；招聘人数：1,安徽 淮南高新区,https://www.xduim.com/zw/jszk,,专业：0502英语类或0551翻译类
2023,教师,2023安徽教师招考,山南四中,340408003004 山南四中 初中历史,本科及以上,0601历史学类,,笔试+面试,,,学段：初级中学；学科：历史；招聘职位：初中历史；招聘人数：1,安徽 淮南高新区,https://www.xduim.com/zw/jszk,,专业：0601历史学类
2023,教师,2023安徽教师招考,山南四中,340408003005 山南四中 初中物理,本科及以上,0702物理学类,,笔试+面试,,,学段：初级中学；学科：物理；招聘职位：初中物理；招聘人数：1,安徽 淮南高新区,https://www.xduim.com/zw/jszk,,专业：0702物理学类
2023,教师,2023安徽教师招考,山南十中,340408004001 山南十中 初中语文,本科及以上,0501中国语言文学类,,笔试+面试,,,学段：初级中学；学科：语文；招聘职位：初中语文；招聘人数：1,安徽 淮南高新区,https://www.xduim.com/zw/jszk,,专业：0501中国语言文学类
2023,教师,2023安徽教师招考,山南十中,340408004002 山南十中 初中数学,本科及以上,0701数学类,,笔试+面试,,,学段：初级中学；学科：数学；招聘职位：初中数学；招聘人数：1,安徽 淮南高新区,https://www.xduim.com/zw/jszk,,专业：0701数学类
2023,教师,2023安徽教师招考,山南十中,340408004003 山南十中 初中历史,本科及以上,0601历史学类,,笔试+面试,,,学段：初级中学；学科：历史；招聘职位：初中历史；招聘人数：1,安徽 淮南高新区,https://www.xduim.com/zw/jszk,,专业：0601历史学类
2023,教师,2023安徽教师招考,山南十中,340408004004 山南十中 初中物理,本科及以上,0702物理学类,,笔试+面试,,,学段：初级中学；学科：物理；招聘职位：初中物理；招聘人数：1,安徽 淮南高新区,https://www.xduim.com/zw/jszk,,专业：0702物理学类
2023,教师,2023安徽教师招考,泉山湖中学,340408005001 泉山湖中学 小学语文,本科及以上,0501中国言文学类,,笔试+面试,,,学段：小学；学科：语文；招聘职位：小学语文；招聘人数：5,安徽 淮南高新区,https://www.xduim.com/zw/jszk,,专业：0501中国言文学类
2023,教师,2023安徽教师招考,泉山湖中学,340408005002 泉山湖中学 小学数学,本科及以上,0701数学类,,笔试+面试,,,学段：小学；学科：数学；招聘职位：小学数学；招聘人数：3,安徽 淮南高新区,https://www.xduim.com/zw/jszk,,专业：0701数学类
2023,教师,2023安徽教师招考,泉山湖中学,340408005003 泉山湖中学 小学体育,本科及以上,0402体育类,,笔试+面试,,,学段：小学；学科：体育；招聘职位：小学体育；招聘人数：2,安徽 淮南高新区,https://www.xduim.com/zw/jszk,,专业：0402体育类
2023,教师,2023安徽教师招考,山南七小,340408006001 山南七小 小学语文,本科及以上,0501中国言文学类,,笔试+面试,,,学段：小学；学科：语文；招聘职位：小学语文；招聘人数：3,安徽 淮南高新区,https://www.xduim.com/zw/jszk,,专业：0501中国言文学类
2023,教师,2023安徽教师招考,山南七小,340408006002 山南七小 小学数学,本科及以上,0701数学类,,笔试+面试,,,学段：小学；学科：数学；招聘职位：小学数学；招聘人数：2,安徽 淮南高新区,https://www.xduim.com/zw/jszk,,专业：0701数学类
2023,教师,2023安徽教师招考,高新区社会事业发展局,80601101 高新区社会事业发展局 小学语文,本科及以上,专业不限,,笔试+面试,,,学段：小学；学科：语文；招聘职位：小学语文；招聘人数：1,安徽 安庆高新区,https://www.xduim.com/zw/jszk,,专业：专业不限
2024,教师,2024安徽教师招考,芜湖市西湾小学,芜湖市西湾小学 小学心理健康教育,本科及以上,心理学类；小学教育专业,,笔试+面试,,,学段：小学；学科：心理健康教育；招聘职位：小学心理健康教育；招聘人数：1,安徽 芜湖鸠江区,https://www.xduim.com/zw/jszk,,专业：心理学类；小学教育专业
2024,教师,2024安徽教师招考,芜湖市螺百中学,芜湖市螺百中学 初中物理,本科及以上,物理学类,,笔试+面试,,,学段：初级中学；学科：物理；招聘职位：初中物理；招聘人数：1,安徽 芜湖鸠江区,https://www.xduim.com/zw/jszk,,专业：物理学类
2024,教师,2024安徽教师招考,芜湖市汤沟中心学校（含村小、教学点）,芜湖市汤沟中心学校（含村小、教学点） 小学语文,本科及以上,中国语言文学类；小学教育专业,,笔试+面试,,,学段：小学；学科：语文；招聘职位：小学语文；招聘人数：1,安徽 芜湖鸠江区,https://www.xduim.com/zw/jszk,,专业：中国语言文学类；小学教育专业
2024,教师,2024安徽教师招考,黄山市屯溪第四中学,34100121 黄山市屯溪第四中学 初中生物,本科及以上,本科：生物科学类 研究生：生物学（一级学科）、学科教学（生物）,,笔试+面试,,,学段：初级中学；招聘职位：初中生物；招聘人数：1,安徽 黄山市直,https://www.xduim.com/zw/jszk,,专业：本科：生物科学类 研究生：生物学（一级学科）、学科教学（生物）
2024,教师,2024安徽教师招考,黄山市屯溪第四中学,34100122 黄山市屯溪第四中学 初中化学,本科及以上,本科：化学类 研究生：化学（一级学科）、学科教学（化学）,,笔试+面试,,,学段：初级中学；招聘职位：初中化学；招聘人数：1,安徽 黄山市直,https://www.xduim.com/zw/jszk,,专业：本科：化学类 研究生：化学（一级学科）、学科教学（化学）
2024,教师,2024安徽教师招考,黄山市屯溪第四中学,34100123 黄山市屯溪第四中学 初中地理,本科及以上,本科：地理科学类 研究生：地理学（一级学科）、学科教学（地理）,,笔试+面试,,,学段：初级中学；招聘职位：初中地理；招聘人数：1,安徽 黄山市直,https://www.xduim.com/zw/jszk,,专业：本科：地理科学类 研究生：地理学（一级学科）、学科教学（地理）
2024,教师,2024安徽教师招考,黄山市屯溪第四中学,34100124 黄山市屯溪第四中学 初中道德与法治,本科及以上,本科:思想政治教育专业 研究生:马克思主义理论（一级学科）、学科教学（思政）,,笔试+面试,,,学段：初级中学；招聘职位：初中道德与法治；招聘人数：1,安徽 黄山市直,https://www.xduim.com/zw/jszk,,专业：本科:思想政治教育专业 研究生:马克思主义理论（一级学科）、学科教学（思政）
2024,教师,2024安徽教师招考,黄山市屯溪第四中学,34100125 黄山市屯溪第四中学 初中心理健康,本科及以上,本科:心理学类 研究生:心理学（一级学科）、应用心理专硕、心理健康教育,,笔试+面试,,,学段：初级中学；招聘职位：初中心理健康；招聘人数：1,安徽 黄山市直,https://www.xduim.com/zw/jszk,,专业：本科:心理学类 研究生:心理学（一级学科）、应用心理专硕、心理健康教育
2024,教师,2024安徽教师招考,黄山市屯溪第五中学,34100126 黄山市屯溪第五中学 初中心理健康,本科及以上,本科：心理学类 研究生：心理学（一级学科）、应用心理专硕、心理健康教育,,笔试+面试,,,学段：初级中学；招聘职位：初中心理健康；招聘人数：1,安徽 黄山市直,https://www.xduim.com/zw/jszk,,专业：本科：心理学类 研究生：心理学（一级学科）、应用心理专硕、心理健康教育
2024,教师,2024安徽教师招考,黄山市屯溪第五中学,34100127 黄山市屯溪第五中学 初中英语,研究生及以上,研究生：英语语言文学（二级学科）、学科教学（英语）,,笔试+面试,,,学段：初级中学；招聘职位：初中英语；招聘人数：1,安徽 黄山市直,https://www.xduim.com/zw/jszk,,专业：研究生：英语语言文学（二级学科）、学科教学（英语）
2024,教师,2024安徽教师招考,黄山市屯溪第五中学,34100128 黄山市屯溪第五中学 初中历史,本科及以上,本科：历史学类、人文教育专业 研究生：历史学（一级学科）、学科教学（历史）,,笔试+面试,,,学段：初级中学；招聘职位：初中历史；招聘人数：1,安徽 黄山市直,https://www.xduim.com/zw/jszk,,专业：本科：历史学类、人文教育专业 研究生：历史学（一级学科）、学科教学（历史）
2024,教师,2024安徽教师招考,黄山市屯溪第五中学,34100129 黄山市屯溪第五中学 初中音乐,本科及以上,本科：音乐表演专业、音乐学专业 研究生：学科教学（音乐）、音乐学（二级学科）、艺术硕士（音乐）,,笔试+面试,,,学段：初级中学；招聘职位：初中音乐；招聘人数：1,安徽 黄山市直,https://www.xduim.com/zw/jszk,,专业：本科：音乐表演专业、音乐学专业 研究生：学科教学（音乐）、音乐学（二级学科）、艺术硕士（音乐）
2024,教师,2024安徽教师招考,黄山市屯溪第五中学,34100130 黄山市屯溪第五中学 初中地理,本科及以上,本科：地理科学类 研究生：地理学（一级学科）、学科教学（地理）,,笔试+面试,,,学段：初级中学；招聘职位：初中地理；招聘人数：1,安徽 黄山市直,https://www.xduim.com/zw/jszk,,专业：本科：地理科学类 研究生：地理学（一级学科）、学科教学（地理）
2024,教师,2024安徽教师招考,黄山市屯溪第五中学,34100131 黄山市屯溪第五中学 初中美术,本科及以上,本科：美术学类 研究生：学科教学（美术）、美术学（二级学科）、艺术专硕（美术）,,笔试+面试,,,学段：初级中学；招聘职位：初中美术；招聘人数：1,安徽 黄山市直,https://www.xduim.com/zw/jszk,,专业：本科：美术学类 研究生：学科教学（美术）、美术学（二级学科）、艺术专硕（美术）
2024,教师,2024安徽教师招考,黄山市屯溪第六中学,34100132 黄山市屯溪第六中学 初中语文,本科及以上,本科：汉语言文学专业、汉语言专业 研究生：中国语言文学（一级学科）、学科教学（语文）,,笔试+面试,,,学段：初级中学；招聘职位：初中语文；招聘人数：1,安徽 黄山市直,https://www.xduim.com/zw/jszk,,专业：本科：汉语言文学专业、汉语言专业 研究生：中国语言文学（一级学科）、学科教学（语文）
2024,教师,2024安徽教师招考,黄山市屯溪第六中学,34100133 黄山市屯溪第六中学 初中英语,本科及以上,本科：英语专业 研究生：英语语言文学（二级学科）、学科教学（英语）,,笔试+面试,,,学段：初级中学；招聘职位：初中英语；招聘人数：1,安徽 黄山市直,https://www.xduim.com/zw/jszk,,专业：本科：英语专业 研究生：英语语言文学（二级学科）、学科教学（英语）
2024,教师,2024安徽教师招考,黄山市屯溪第六中学,34100134 黄山市屯溪第六中学 初中数学,本科及以上,本科：数学与应用数学专业 研究生：数学（一级学科）、学科教学（数学）,,笔试+面试,,,学段：初级中学；招聘职位：初中数学；招聘人数：1,安徽 黄山市直,https://www.xduim.com/zw/jszk,,专业：本科：数学与应用数学专业 研究生：数学（一级学科）、学科教学（数学）
2024,教师,2024安徽教师招考,黄山市屯溪第六中学,34100135 黄山市屯溪第六中学 初中地理,本科及以上,本科：地理科学类 研究生：地理学（一级学科）、学科教学（地理）,,笔试+面试,,,学段：初级中学；招聘职位：初中地理；招聘人数：1,安徽 黄山市直,https://www.xduim.com/zw/jszk,,专业：本科：地理科学类 研究生：地理学（一级学科）、学科教学（地理）
2024,教师,2024安徽教师招考,黄山市屯溪第六中学,34100136 黄山市屯溪第六中学 初中生物,本科及以上,本科：生物科学类 研究生：生物学（一级学科）、学科教学（生物）,,笔试+面试,,,学段：初级中学；招聘职位：初中生物；招聘人数：1,安徽 黄山市直,https://www.xduim.com/zw/jszk,,专业：本科：生物科学类 研究生：生物学（一级学科）、学科教学（生物）
2024,教师,2024安徽教师招考,黄山市屯溪第六中学,34100137 黄山市屯溪第六中学 初中物理,本科及以上,本科：物理学类 研究生：物理学（一级学科）、学科教学（物理）,,笔试+面试,,,学段：初级中学；招聘职位：初中物理；招聘人数：1,安徽 黄山市直,https://www.xduim.com/zw/jszk,,专业：本科：物理学类 研究生：物理学（一级学科）、学科教学（物理）
2024,教师,2024安徽教师招考,黄山市屯溪第六中学,34100138 黄山市屯溪第六中学 初中历史,本科及以上,本科：历史学类 研究生：历史学（一级学科）、学科教学（历史）,,笔试+面试,,,学段：初级中学；招聘职位：初中历史；招聘人数：1,安徽 黄山市直,https://www.xduim.com/zw/jszk,,专业：本科：历史学类 研究生：历史学（一级学科）、学科教学（历史）
2024,教师,2024安徽教师招考,黄山市新城实验教育集团新城校区,34100139 黄山市新城实验教育集团新城校区 初中语文,本科及以上,本科：汉语言文学专业、汉语言专业 研究生：中国语言文学类（一级学科）、学科教学（语文）,,笔试+面试,,,学段：初级中学；招聘职位：初中语文；招聘人数：3,安徽 黄山市直,https://www.xduim.com/zw/jszk,,专业：本科：汉语言文学专业、汉语言专业 研究生：中国语言文学类（一级学科）、学科教学（语文）
2024,教师,2024安徽教师招考,黄山市新城实验教育集团新城校区,34100140 黄山市新城实验教育集团新城校区 初中历史,本科及以上,本科：历史学类 研究生：历史学（一级学科）、学科教学（历史）,,笔试+面试,,,学段：初级中学；招聘职位：初中历史；招聘人数：2,安徽 黄山市直,https://www.xduim.com/zw/jszk,,专业：本科：历史学类 研究生：历史学（一级学科）、学科教学（历史）
2024,教师,2024安徽教师招考,黄山市新城实验教育集团新城校区,34100141 黄山市新城实验教育集团新城校区 初中道德与法治,本科及以上,本科：马克思主义理论类、政治学类 研究生：马克思主义理论（一级学科）、政治学（一级学科）、学科教学（思政）,,笔试+面试,,,学段：初级中学；招聘职位：初中道德与法治；招聘人数：1,安徽 黄山市直,https://www.xduim.com/zw/jszk,,专业：本科：马克思主义理论类、政治学类 研究生：马克思主义理论（一级学科）、政治学（一级学科）、学科教学（思政）
2024,教师,2024安徽教师招考,黄山市新城实验教育集团新城校区,34100142 黄山市新城实验教育集团新城校区 初中物理,本科及以上,本科：物理学专业、应用物理学专业 研究生：物理学（一级学科）、学科教学（物理）,,笔试+面试,,,学段：初级中学；招聘职位：初中物理；招聘人数：1,安徽 黄山市直,https://www.xduim.com/zw/jszk,,专业：本科：物理学专业、应用物理学专业 研究生：物理学（一级学科）、学科教学（物理）
2024,教师,2024安徽教师招考,黄山市新城实验教育集团新城校区,34100143 黄山市新城实验教育集团新城校区 小学英语,本科及以上,本科：英语专业 研究生：英语语言文学（二级学科）、学科教学（英语）,,笔试+面试,,,学段：小学；招聘职位：小学英语；招聘人数：1,安徽 黄山市直,https://www.xduim.com/zw/jszk,,专业：本科：英语专业 研究生：英语语言文学（二级学科）、学科教学（英语）
2024,教师,2024安徽教师招考,黄山市新城实验教育集团新城校区,34100144 黄山市新城实验教育集团新城校区 小学科学,本科及以上,本科：科学教育专业、物理学类、化学类、地理科学类、生物科学类 研究生：物理学（一级学科）、化学（一级学科）、地理学（一级学科）、生物学（一级学科）、学科教学（物理）、学科教学（化学）、学科教学（地理）、学科教学（生物）、科学与技术教育,,笔试+面试,,,学段：小学；招聘职位：小学科学；招聘人数：2,安徽 黄山市直,https://www.xduim.com/zw/jszk,,专业：本科：科学教育专业、物理学类、化学类、地理科学类、生物科学类 研究生：物理学（一级学科）、化学（一级学科）、地理学（一级学科）、生物学（一级学科）、学科教学（物理）、学科教学（化学）、学科教学（地理）、学科教学（生物）、科学与技术教育
2024,教师,2024安徽教师招考,黄山市新城实验教育集团新城校区,34100145 黄山市新城实验教育集团新城校区 小学信息技术,本科及以上,本科：计算机类、教育技术学专业 研究生：计算机科学与技术（一级学科）、教育技术学（二级学科）、现代教育技术,,笔试+面试,,,学段：小学；招聘职位：小学信息技术；招聘人数：1,安徽 黄山市直,https://www.xduim.com/zw/jszk,,专业：本科：计算机类、教育技术学专业 研究生：计算机科学与技术（一级学科）、教育技术学（二级学科）、现代教育技术
2024,教师,2024安徽教师招考,黄山市新城实验教育集团新城校区,34100146 黄山市新城实验教育集团新城校区 初中心理健康,本科及以上,本科：心理学类 研究生：心理学（一级学科）、心理健康教育、应用心理专硕,,笔试+面试,,,学段：初级中学；招聘职位：初中心理健康；招聘人数：1,安徽 黄山市直,https://www.xduim.com/zw/jszk,,专业：本科：心理学类 研究生：心理学（一级学科）、心理健康教育、应用心理专硕
2024,教师,2024安徽教师招考,黄山市新城实验教育集团梅林校区,34100147 黄山市新城实验教育集团梅林校区 小学语文,本科及以上,本科：汉语言文学专业、汉语言专业、小学教育专业 研究生：中国语言文学（一级学科）、学科教学（语文）、教育学（一级学科）、小学教育,,笔试+面试,,,学段：小学；招聘职位：小学语文；招聘人数：2,安徽 黄山市直,https://www.xduim.com/zw/jszk,,专业：本科：汉语言文学专业、汉语言专业、小学教育专业 研究生：中国语言文学（一级学科）、学科教学（语文）、教育学（一级学科）、小学教育
2024,教师,2024安徽教师招考,黄山市新城实验教育集团梅林校区,34100148 黄山市新城实验教育集团梅林校区 小学语文,本科及以上,本科：汉语言文学专业、汉语言专业、小学教育专业 研究生：中国语言文学（一级学科）、学科教学（语文）、教育学（一级学科）、小学教育,,笔试+面试,,,学段：小学；招聘职位：小学语文；招聘人数：1,安徽 黄山市直,https://www.xduim.com/zw/jszk,,专业：本科：汉语言文学专业、汉语言专业、小学教育专业 研究生：中国语言文学（一级学科）、学科教学（语文）、教育学（一级学科）、小学教育
2024,教师,2024安徽教师招考,黄山市特殊教育学校,34100149 黄山市特殊教育学校 小学音乐,本科及以上,本科：音乐与舞蹈学类 研究生：音乐学（二级学科）、舞蹈学（二级学科）、学科教学（音乐）、艺术专硕（音乐、舞蹈）,,笔试+面试,,,学段：小学；招聘职位：小学音乐；招聘人数：1,安徽 黄山市直,https://www.xduim.com/zw/jszk,,专业：本科：音乐与舞蹈学类 研究生：音乐学（二级学科）、舞蹈学（二级学科）、学科教学（音乐）、艺术专硕（音乐、舞蹈）
2024,教师,2024安徽教师招考,黄山市新潭小学,34100150 黄山市新潭小学 小学数学,本科及以上,专业不限,,笔试+面试,,,学段：小学；招聘职位：小学数学；招聘人数：2,安徽 黄山市直,https://www.xduim.com/zw/jszk,,专业：专业不限
2024,教师,2024安徽教师招考,黄山市新潭小学,34100151 黄山市新潭小学 小学英语,本科及以上,本科：英语专业 研究生：英语语言文学（二级学科）、学科教学（英语）,,笔试+面试,,,学段：小学；招聘职位：小学英语；招聘人数：1,安徽 黄山市直,https://www.xduim.com/zw/jszk,,专业：本科：英语专业 研究生：英语语言文学（二级学科）、学科教学（英语）
2024,教师,2024安徽教师招考,黄山市新潭小学,34100152 黄山市新潭小学 小学音乐,本科及以上,本科：音乐与舞蹈学类、小学教育专业 研究生：音乐学（二级学科）、舞蹈学（二级学科）、学科教学（音乐）、艺术专硕（音乐、舞蹈）、小学教育,,笔试+面试,,,学段：小学；招聘职位：小学音乐；招聘人数：1,安徽 黄山市直,https://www.xduim.com/zw/jszk,,专业：本科：音乐与舞蹈学类、小学教育专业 研究生：音乐学（二级学科）、舞蹈学（二级学科）、学科教学（音乐）、艺术专硕（音乐、舞蹈）、小学教育
2024,教师,2024安徽教师招考,黄山市新潭小学,34100153 黄山市新潭小学 小学科学,本科及以上,本科：科学教育专业、物理学类、化学类、地理科学类、生物科学类 研究生：物理学（一级学科）、化学（一级学科）、地理学（一级学科）、生物学（一级学科）、学科教学（物理）、学科教学（化学）、学科教学（地理）、学科教学（生物）、科学与技术教育,,笔试+面试,,,学段：小学；招聘职位：小学科学；招聘人数：1,安徽 黄山市直,https://www.xduim.com/zw/jszk,,专业：本科：科学教育专业、物理学类、化学类、地理科学类、生物科学类 研究生：物理学（一级学科）、化学（一级学科）、地理学（一级学科）、生物学（一级学科）、学科教学（物理）、学科教学（化学）、学科教学（地理）、学科教学（生物）、科学与技术教育
2024,教师,2024安徽教师招考,黄山市新潭小学,34100154 黄山市新潭小学 小学语文,本科及以上,本科：汉语言文学专业、汉语言专业、小学教育专业 研究生：中国语言文学（一级学科）、 教育学（一级学科）、学科教学（语文）、小学教育,,笔试+面试,,,学段：小学；招聘职位：小学语文；招聘人数：1,安徽 黄山市直,https://www.xduim.com/zw/jszk,,专业：本科：汉语言文学专业、汉语言专业、小学教育专业 研究生：中国语言文学（一级学科）、 教育学（一级学科）、学科教学（语文）、小学教育
2023,教师,2023安徽教师招考,蚌埠市龙子湖实验学校,2302021 蚌埠市龙子湖实验学校,本科及以上,本科：政治学类0302、马克思主义理论类0305,,笔试+面试,,,学段：初级中学；学科：道德与法治；招聘人数：2,安徽 蚌埠龙子湖区,https://www.xduim.com/zw/jszk,,专业：本科：政治学类0302、马克思主义理论类0305
2023,教师,2023安徽教师招考,蚌埠市龙子湖实验学校,2302022 蚌埠市龙子湖实验学校,本科及以上,本科：历史学类0601,,笔试+面试,,,学段：初级中学；学科：历史；招聘人数：1,安徽 蚌埠龙子湖区,https://www.xduim.com/zw/jszk,,专业：本科：历史学类0601
2023,教师,2023安徽教师招考,蚌埠市龙子湖实验学校,2302023 蚌埠市龙子湖实验学校,本科及以上,本科：体育学类0402,,笔试+面试,,,学段：初级中学；学科：体育；招聘人数：1,安徽 蚌埠龙子湖区,https://www.xduim.com/zw/jszk,,专业：本科：体育学类0402
2023,教师,2023安徽教师招考,蚌埠市行知实验学校,2302024 蚌埠市行知实验学校,本科及以上,本科：数学类0701,,笔试+面试,,,学段：初级中学；学科：数学；招聘人数：5,安徽 蚌埠龙子湖区,https://www.xduim.com/zw/jszk,,专业：本科：数学类0701
2023,教师,2023安徽教师招考,蚌埠市行知实验学校,2302025 蚌埠市行知实验学校,本科及以上,本科：政治学类0302、马克思主义理论类0305,,笔试+面试,,,学段：初级中学；学科：道德与法治；招聘人数：1,安徽 蚌埠龙子湖区,https://www.xduim.com/zw/jszk,,专业：本科：政治学类0302、马克思主义理论类0305
2023,教师,2023安徽教师招考,蚌埠市行知实验学校,2302026 蚌埠市行知实验学校,本科及以上,本科：化学070301、应用化学070302,,笔试+面试,,,学段：初级中学；学科：化学；招聘人数：1,安徽 蚌埠龙子湖区,https://www.xduim.com/zw/jszk,,专业：本科：化学070301、应用化学070302
2023,教师,2023安徽教师招考,蚌埠市行知实验学校,2302027 蚌埠市行知实验学校,本科及以上,本科：地理科学类0705,,笔试+面试,,,学段：初级中学；学科：地理；招聘人数：2,安徽 蚌埠龙子湖区,https://www.xduim.com/zw/jszk,,专业：本科：地理科学类0705
2023,教师,2023安徽教师招考,蚌埠市行知实验学校,2302028 蚌埠市行知实验学校,本科及以上,本科：体育学类0402,,笔试+面试,,,学段：初级中学；学科：体育；招聘人数：2,安徽 蚌埠龙子湖区,https://www.xduim.com/zw/jszk,,专业：本科：体育学类0402
2023,教师,2023安徽教师招考,蚌埠市龙子湖区未来实验小学,2302029 蚌埠市龙子湖区未来实验小学,本科及以上,本科：汉语言文学050101、汉语言050102、小学教育040107,,笔试+面试,,,学段：小学；学科：语文；招聘人数：2,安徽 蚌埠龙子湖区,https://www.xduim.com/zw/jszk,,专业：本科：汉语言文学050101、汉语言050102、小学教育040107
2023,教师,2023安徽教师招考,蚌埠市龙子湖区未来实验小学,2302030 蚌埠市龙子湖区未来实验小学,本科及以上,本科：数学类0701、小学教育040107,,笔试+面试,,,学段：小学；学科：数学；招聘人数：1,安徽 蚌埠龙子湖区,https://www.xduim.com/zw/jszk,,专业：本科：数学类0701、小学教育040107
2023,教师,2023安徽教师招考,蚌埠市龙子湖区未来实验小学,2302031 蚌埠市龙子湖区未来实验小学,本科及以上,本科：英语050201、小学教育040107,,笔试+面试,,,学段：小学；学科：英语；招聘人数：1,安徽 蚌埠龙子湖区,https://www.xduim.com/zw/jszk,,专业：本科：英语050201、小学教育040107
2023,教师,2023安徽教师招考,蚌埠市和煦小学,2302032 蚌埠市和煦小学,本科及以上,本科：英语050201、小学教育040107,,笔试+面试,,,学段：小学；学科：英语；招聘人数：1,安徽 蚌埠龙子湖区,https://www.xduim.com/zw/jszk,,专业：本科：英语050201、小学教育040107
2023,教师,2023安徽教师招考,蚌埠师范附属小学,2302033 蚌埠师范附属小学,本科及以上,本科：体育学类0402,,笔试+面试,,,学段：小学；学科：体育；招聘人数：1,安徽 蚌埠龙子湖区,https://www.xduim.com/zw/jszk,,专业：本科：体育学类0402
2023,教师,2023安徽教师招考,蚌埠第十六中学,2302034 蚌埠第十六中学,本科及以上,专业不限,,笔试+面试,,,学段：初级中学；学科：数学；招聘人数：1,安徽 蚌埠龙子湖区,https://www.xduim.com/zw/jszk,,专业：专业不限
2023,教师,2023安徽教师招考,蚌埠第三十一中学,2302035 蚌埠第三十一中学,本科及以上,专业不限,,笔试+面试,,,学段：初级中学；学科：语文；招聘人数：2,安徽 蚌埠龙子湖区,https://www.xduim.com/zw/jszk,,专业：专业不限
2023,教师,2023安徽教师招考,蚌埠第三十一中学,2302036 蚌埠第三十一中学,本科及以上,专业不限,,笔试+面试,,,学段：初级中学；学科：数学；招聘人数：1,安徽 蚌埠龙子湖区,https://www.xduim.com/zw/jszk,,专业：专业不限
2023,教师,2023安徽教师招考,蚌埠市汤和路学校,2302037 蚌埠市汤和路学校,本科及以上,专业不限,,笔试+面试,,,学段：初级中学；学科：数学；招聘人数：3,安徽 蚌埠龙子湖区,https://www.xduim.com/zw/jszk,,专业：专业不限
2023,教师,2023安徽教师招考,蚌埠市汤和路学校,2302038 蚌埠市汤和路学校,本科及以上,专业不限,,笔试+面试,,,学段：初级中学；学科：生物；招聘人数：2,安徽 蚌埠龙子湖区,https://www.xduim.com/zw/jszk,,专业：专业不限
2023,教师,2023安徽教师招考,蚌埠市汤和路学校,2302039 蚌埠市汤和路学校,本科及以上,专业不限,,笔试+面试,,,学段：小学；学科：语文(二)；招聘人数：8,安徽 蚌埠龙子湖区,https://www.xduim.com/zw/jszk,,专业：专业不限
2023,教师,2023安徽教师招考,蚌埠市汤和路学校,2302040 蚌埠市汤和路学校,本科及以上,专业不限,,笔试+面试,,,学段：小学；学科：数学；招聘人数：6,安徽 蚌埠龙子湖区,https://www.xduim.com/zw/jszk,,专业：专业不限
2023,教师,2023安徽教师招考,蚌埠市汤和路学校,2302041 蚌埠市汤和路学校,本科及以上,专业不限,,笔试+面试,,,学段：小学；学科：英语；招聘人数：4,安徽 蚌埠龙子湖区,https://www.xduim.com/zw/jszk,,专业：专业不限
2023,教师,2023安徽教师招考,蚌埠市龙子湖实验学校,2302042 蚌埠市龙子湖实验学校,本科及以上,专业不限,,笔试+面试,,,学段：初级中学；学科：数学；招聘人数：3,安徽 蚌埠龙子湖区,https://www.xduim.com/zw/jszk,,专业：专业不限
2023,教师,2023安徽教师招考,蚌埠市龙子湖实验学校,2302043 蚌埠市龙子湖实验学校,本科及以上,专业不限,,笔试+面试,,,学段：初级中学；学科：英语；招聘人数：2,安徽 蚌埠龙子湖区,https://www.xduim.com/zw/jszk,,专业：专业不限
2023,教师,2023安徽教师招考,蚌埠市龙子湖实验学校,2302044 蚌埠市龙子湖实验学校,本科及以上,专业不限,,笔试+面试,,,学段：初级中学；学科：生物；招聘人数：1,安徽 蚌埠龙子湖区,https://www.xduim.com/zw/jszk,,专业：专业不限
2023,教师,2023安徽教师招考,蚌埠市龙子湖实验学校,2302045 蚌埠市龙子湖实验学校,本科及以上,专业不限,,笔试+面试,,,学段：小学；学科：语文；招聘人数：3,安徽 蚌埠龙子湖区,https://www.xduim.com/zw/jszk,,专业：专业不限
2023,教师,2023安徽教师招考,蚌埠市龙子湖实验学校,2302046 蚌埠市龙子湖实验学校,本科及以上,专业不限,,笔试+面试,,,学段：小学；学科：数学；招聘人数：3,安徽 蚌埠龙子湖区,https://www.xduim.com/zw/jszk,,专业：专业不限
2023,教师,2023安徽教师招考,蚌埠市龙子湖实验学校,2302047 蚌埠市龙子湖实验学校,本科及以上,专业不限,,笔试+面试,,,学段：小学；学科：英语；招聘人数：1,安徽 蚌埠龙子湖区,https://www.xduim.com/zw/jszk,,专业：专业不限
2023,教师,2023安徽教师招考,蚌埠市龙子湖实验学校,2302048 蚌埠市龙子湖实验学校,本科及以上,专业不限,,笔试+面试,,,学段：小学；学科：体育；招聘人数：2,安徽 蚌埠龙子湖区,https://www.xduim.com/zw/jszk,,专业：专业不限
2023,教师,2023安徽教师招考,蚌埠市龙子湖实验学校,2302049 蚌埠市龙子湖实验学校,本科及以上,专业不限,,笔试+面试,,,学段：小学；学科：美术；招聘人数：1,安徽 蚌埠龙子湖区,https://www.xduim.com/zw/jszk,,专业：专业不限
2023,教师,2023安徽教师招考,蚌埠市行知实验学校,2302050 蚌埠市行知实验学校,本科及以上,专业不限,,笔试+面试,,,学段：初级中学；学科：语文；招聘人数：2,安徽 蚌埠龙子湖区,https://www.xduim.com/zw/jszk,,专业：专业不限
2023,教师,2023安徽教师招考,蚌埠市行知实验学校,2302051 蚌埠市行知实验学校,本科及以上,专业不限,,笔试+面试,,,学段：初级中学；学科：英语；招聘人数：2,安徽 蚌埠龙子湖区,https://www.xduim.com/zw/jszk,,专业：专业不限
2023,教师,2023安徽教师招考,蚌埠市行知实验学校,2302052 蚌埠市行知实验学校,本科及以上,专业不限,,笔试+面试,,,学段：初级中学；学科：生物；招聘人数：1,安徽 蚌埠龙子湖区,https://www.xduim.com/zw/jszk,,专业：专业不限
2023,教师,2023安徽教师招考,蚌埠市新元实验小学,2302053 蚌埠市新元实验小学,本科及以上,专业不限,,笔试+面试,,,学段：小学；学科：体育；招聘人数：2,安徽 蚌埠龙子湖区,https://www.xduim.com/zw/jszk,,专业：专业不限
2023,教师,2023安徽教师招考,蚌埠市新元实验小学,2302054 蚌埠市新元实验小学,本科及以上,专业不限,,笔试+面试,,,学段：小学；学科：音乐；招聘人数：1,安徽 蚌埠龙子湖区,https://www.xduim.com/zw/jszk,,专业：专业不限
2023,教师,2023安徽教师招考,蚌埠市新元实验小学,2302055 蚌埠市新元实验小学,本科及以上,专业不限,,笔试+面试,,,学段：小学；学科：美术；招聘人数：1,安徽 蚌埠龙子湖区,https://www.xduim.com/zw/jszk,,专业：专业不限
2023,教师,2023安徽教师招考,蚌埠市和煦小学,2302056 蚌埠市和煦小学,本科及以上,专业不限,,笔试+面试,,,学段：小学；学科：体育；招聘人数：1,安徽 蚌埠龙子湖区,https://www.xduim.com/zw/jszk,,专业：专业不限
2023,教师,2023安徽教师招考,蚌埠市和煦小学,2302057 蚌埠市和煦小学,本科及以上,专业不限,,笔试+面试,,,学段：小学；学科：语文；招聘人数：1,安徽 蚌埠龙子湖区,https://www.xduim.com/zw/jszk,,专业：专业不限
2023,教师,2023安徽教师招考,蚌埠市和煦小学,2302058 蚌埠市和煦小学,本科及以上,专业不限,,笔试+面试,,,学段：小学；学科：数学；招聘人数：1,安徽 蚌埠龙子湖区,https://www.xduim.com/zw/jszk,,专业：专业不限
2023,教师,2023安徽教师招考,蚌埠师范附属小学,2302059 蚌埠师范附属小学,本科及以上,专业不限,,笔试+面试,,,学段：小学；学科：语文；招聘人数：1,安徽 蚌埠龙子湖区,https://www.xduim.com/zw/jszk,,专业：专业不限
2023,教师,2023安徽教师招考,蚌埠市工农小学,2302060 蚌埠市工农小学,本科及以上,专业不限,,笔试+面试,,,学段：小学；学科：语文；招聘人数：2,安徽 蚌埠龙子湖区,https://www.xduim.com/zw/jszk,,专业：专业不限
2023,教师,2023安徽教师招考,蚌埠市龙子湖区李楼乡中心小学,2302061 蚌埠市龙子湖区李楼乡中心小学,本科及以上,专业不限,,笔试+面试,,,学段：小学；学科：信息技术；招聘人数：1,安徽 蚌埠龙子湖区,https://www.xduim.com/zw/jszk,,专业：专业不限
2023,教师,2023安徽教师招考,蚌埠市龙子湖区李楼乡中心小学,2302062 蚌埠市龙子湖区李楼乡中心小学,本科及以上,专业不限,,笔试+面试,,,学段：小学；学科：语文；招聘人数：1,安徽 蚌埠龙子湖区,https://www.xduim.com/zw/jszk,,专业：专业不限
2024,教师,2024安徽教师招考,蚌埠市汤和路学校,1031021 蚌埠市汤和路学校,本科及以上,本科：美术学类1304、设计学类1305,,笔试+面试,,,学段：小学；学科：美术；招聘人数：1,安徽 蚌埠龙子湖区,https://www.xduim.com/zw/jszk,,专业：本科：美术学类1304、设计学类1305
2024,教师,2024安徽教师招考,蚌埠市龙子湖区未来实验小学,1041022 蚌埠市龙子湖区未来实验小学,本科及以上,本科：汉语言文学050101、汉语言050102、小学教育040107,,笔试+面试,,,学段：小学；学科：语文；招聘人数：1,安徽 蚌埠龙子湖区,https://www.xduim.com/zw/jszk,,专业：本科：汉语言文学050101、汉语言050102、小学教育040107
2024,教师,2024安徽教师招考,蚌埠第十六中学,1051123 蚌埠第十六中学,本科及以上,专业不限,,笔试+面试,,,学段：初级中学；学科：英语；招聘人数：1,安徽 蚌埠龙子湖区,https://www.xduim.com/zw/jszk,,专业：专业不限
2024,教师,2024安徽教师招考,蚌埠第三十一中学,1061124 蚌埠第三十一中学,本科及以上,专业不限,,笔试+面试,,,学段：初级中学；学科：英语；招聘人数：1,安徽 蚌埠龙子湖区,https://www.xduim.com/zw/jszk,,专业：专业不限
2024,教师,2024安徽教师招考,蚌埠第三十一中学,1061125 蚌埠第三十一中学,本科及以上,专业不限,,笔试+面试,,,学段：初级中学；学科：历史；招聘人数：1,安徽 蚌埠龙子湖区,https://www.xduim.com/zw/jszk,,专业：专业不限
2024,教师,2024安徽教师招考,蚌埠市龙子湖实验学校,1071126 蚌埠市龙子湖实验学校,本科及以上,专业不限,,笔试+面试,,,学段：初级中学；学科：语文（二）；招聘人数：1,安徽 蚌埠龙子湖区,https://www.xduim.com/zw/jszk,,专业：专业不限
2024,教师,2024安徽教师招考,蚌埠市龙子湖实验学校,1071127 蚌埠市龙子湖实验学校,本科及以上,专业不限,,笔试+面试,,,学段：初级中学；学科：数学（二）；招聘人数：2,安徽 蚌埠龙子湖区,https://www.xduim.com/zw/jszk,,专业：专业不限
2024,教师,2024安徽教师招考,蚌埠市龙子湖实验学校,1071128 蚌埠市龙子湖实验学校,本科及以上,专业不限,,笔试+面试,,,学段：初级中学；学科：英语；招聘人数：3,安徽 蚌埠龙子湖区,https://www.xduim.com/zw/jszk,,专业：专业不限
2024,教师,2024安徽教师招考,蚌埠市新元实验小学,1081029 蚌埠市新元实验小学,本科及以上,专业不限,,笔试+面试,,,学段：小学；学科：语文；招聘人数：2,安徽 蚌埠龙子湖区,https://www.xduim.com/zw/jszk,,专业：专业不限
2024,教师,2024安徽教师招考,蚌埠市新元实验小学,1081030 蚌埠市新元实验小学,本科及以上,专业不限,,笔试+面试,,,学段：小学；学科：数学；招聘人数：1,安徽 蚌埠龙子湖区,https://www.xduim.com/zw/jszk,,专业：专业不限
2024,教师,2024安徽教师招考,蚌埠市新元实验小学,1081031 蚌埠市新元实验小学,本科及以上,专业不限,,笔试+面试,,,学段：小学；学科：英语；招聘人数：1,安徽 蚌埠龙子湖区,https://www.xduim.com/zw/jszk,,专业：专业不限
2024,教师,2024安徽教师招考,蚌埠市汤和路学校,1091132 蚌埠市汤和路学校,本科及以上,专业不限,,笔试+面试,,,学段：初级中学；学科：语文；招聘人数：2,安徽 蚌埠龙子湖区,https://www.xduim.com/zw/jszk,,专业：专业不限
2024,教师,2024安徽教师招考,蚌埠市汤和路学校,1091133 蚌埠市汤和路学校,本科及以上,专业不限,,笔试+面试,,,学段：初级中学；学科：英语（二）；招聘人数：1,安徽 蚌埠龙子湖区,https://www.xduim.com/zw/jszk,,专业：专业不限
2024,教师,2024安徽教师招考,蚌埠市汤和路学校,1091134 蚌埠市汤和路学校,本科及以上,专业不限,,笔试+面试,,,学段：初级中学；学科：物理（二）；招聘人数：1,安徽 蚌埠龙子湖区,https://www.xduim.com/zw/jszk,,专业：专业不限
2024,教师,2024安徽教师招考,蚌埠市汤和路学校,1091135 蚌埠市汤和路学校,本科及以上,专业不限,,笔试+面试,,,学段：初级中学；学科：生物；招聘人数：1,安徽 蚌埠龙子湖区,https://www.xduim.com/zw/jszk,,专业：专业不限
2024,教师,2024安徽教师招考,蚌埠市汤和路学校,1091136 蚌埠市汤和路学校,本科及以上,专业不限,,笔试+面试,,,学段：初级中学；学科：道德与法治；招聘人数：1,安徽 蚌埠龙子湖区,https://www.xduim.com/zw/jszk,,专业：专业不限
2024,教师,2024安徽教师招考,蚌埠市汤和路学校,1091037 蚌埠市汤和路学校,本科及以上,专业不限,,笔试+面试,,,学段：小学；学科：数学（二）；招聘人数：2,安徽 蚌埠龙子湖区,https://www.xduim.com/zw/jszk,,专业：专业不限
2024,教师,2024安徽教师招考,蚌埠市汤和路学校,1091038 蚌埠市汤和路学校,本科及以上,专业不限,,笔试+面试,,,学段：小学；学科：英语；招聘人数：3,安徽 蚌埠龙子湖区,https://www.xduim.com/zw/jszk,,专业：专业不限
2024,教师,2024安徽教师招考,蚌埠市龙子湖区未来实验小学,1101039 蚌埠市龙子湖区未来实验小学,本科及以上,专业不限,,笔试+面试,,,学段：小学；学科：数学；招聘人数：1,安徽 蚌埠龙子湖区,https://www.xduim.com/zw/jszk,,专业：专业不限
2024,教师,2024安徽教师招考,蚌埠市和煦小学,1111040 蚌埠市和煦小学,本科及以上,专业不限,,笔试+面试,,,学段：小学；学科：数学；招聘人数：1,安徽 蚌埠龙子湖区,https://www.xduim.com/zw/jszk,,专业：专业不限
2024,教师,2024安徽教师招考,蚌埠市龙子湖区李楼乡中心小学,1121041 蚌埠市龙子湖区李楼乡中心小学,本科及以上,专业不限,,笔试+面试,,,学段：小学；学科：语文；招聘人数：1,安徽 蚌埠龙子湖区,https://www.xduim.com/zw/jszk,,专业：专业不限
