year,工作类型,考试/招聘类型,用人单位/系统,岗位示例,学历要求,本科生专业要求,研究生专业要求,考试/招聘形式,报名时间,笔试/考试时间,特殊要求,工作地点,信息来源,备注,专业要求（原始）
2025,三支一扶,2025安徽三支一扶招募,县教育局,3023 县教育局,本科及以上,专业不限,,笔试+面试,,,招募类别：支教；服务单位：基层学校；招聘人数：4；报名人数：28；合格人数：25；缴费人数：16,安徽 亳州市利辛县,https://www.xduim.com/zw/szyf,,专业：专业不限
2025,三支一扶,2025安徽三支一扶招募,县教育局,3024 县教育局,本科及以上,专业不限,,笔试+面试,,,招募类别：支教；服务单位：基层学校；招聘人数：2；报名人数：51；合格人数：40；缴费人数：25,安徽 亳州市利辛县,https://www.xduim.com/zw/szyf,,专业：专业不限
2025,三支一扶,2025安徽三支一扶招募,县教育局,3025 县教育局,大专及以上,专业不限,,笔试+面试,,,招募类别：支教；服务单位：基层学校；招聘人数：2；报名人数：110；合格人数：45；缴费人数：34,安徽 亳州市利辛县,https://www.xduim.com/zw/szyf,,专业：专业不限
2025,三支一扶,2025安徽三支一扶招募,县卫健委,3026 县卫健委,大专及以上,大专：5201临床医学类；520401K中医学、520402K中医骨伤、520403K针灸推拿;520102K口腔医学;5207公共卫生与卫生管理类;5202护理类。 本科：1002临床医学类；1005中医学类;100301K口腔医学、101006口腔医学技术;1004公共卫生与预防医学类;1011护理学类。 研究生：1002临床医学、1051临床医学;1003口腔医学（一级学科）、1052口腔医学;1005中医学、1057中医、1059针灸;1004 公共卫生与预防医学（一级学科）;1011护理学。,,笔试+面试,,,招募类别：支医；服务单位：基层卫生院；招聘人数：4；报名人数：438；合格人数：287；缴费人数：158,安徽 亳州市利辛县,https://www.xduim.com/zw/szyf,,专业：大专：5201临床医学类；520401K中医学、520402K中医骨伤、520403K针灸推拿;520102K口腔医学;5207公共卫生与卫生管理类;5202护理类。 本科：1002临床医学类；1005中医学类;100301K口腔医学、101006口腔医学技术;1004公共卫生与预防医学类;1011护理学类。 研究生：1002临床医学、1051临床医学;1003口腔医学（一级学科）、1052口腔医学;1005中医学、1057中医、1059针灸;1004 公共卫生与预防医学（一级学科）;1011护理学。
2025,三支一扶,2025安徽三支一扶招募,县卫健委,3027 县卫健委,大专及以上,大专：520502医学影像技术、520501医学检验技术、5203药学类； 本科：101003医学影像技术、101001医学检验技术、1007药学类； 研究生：100207影像医学与核医学、1058医学技术、1007药学、1055药学。,,笔试+面试,,,招募类别：支医；服务单位：基层卫生院；招聘人数：2；报名人数：263；合格人数：197；缴费人数：118,安徽 亳州市利辛县,https://www.xduim.com/zw/szyf,,专业：大专：520502医学影像技术、520501医学检验技术、5203药学类； 本科：101003医学影像技术、101001医学检验技术、1007药学类； 研究生：100207影像医学与核医学、1058医学技术、1007药学、1055药学。
2025,三支一扶,2025安徽三支一扶招募,县人社局,3028 县人社局,大专及以上,专业不限,,笔试+面试,,,招募类别：基层人社平台；服务单位：乡镇站所；招聘人数：12；报名人数：993；合格人数：784；缴费人数：478,安徽 亳州市利辛县,https://www.xduim.com/zw/szyf,,专业：专业不限
2025,三支一扶,2025安徽三支一扶招募,县农业农村局,3029 县农业农村局,大专及以上,专业不限,,笔试+面试,,,招募类别：乡村振兴协理；服务单位：乡镇站所；招聘人数：12；报名人数：906；合格人数：780；缴费人数：469,安徽 亳州市利辛县,https://www.xduim.com/zw/szyf,,专业：专业不限
2022,三支一扶,2022安徽三支一扶招募,县教育局,3014 县教育局,大专及以上,不限,,笔试+面试,,,招募类别：支教；服务单位：基层学校；招聘人数：20,安徽 亳州市利辛县,https://www.xduim.com/zw/szyf,,专业：不限
2022,三支一扶,2022安徽三支一扶招募,县卫健委,3015 县卫健委,大专及以上,中医学、中医骨伤、针灸推拿、中医康复技术、预防医学、公共卫生管理(大专)，中医学类、中西医结合类、针灸推拿学、康复治疗学、公共卫生与预防医学类（本科）,,笔试+面试,,,招募类别：支医；服务单位：基层卫生院；招聘人数：5,安徽 亳州市利辛县,https://www.xduim.com/zw/szyf,,专业：中医学、中医骨伤、针灸推拿、中医康复技术、预防医学、公共卫生管理(大专)，中医学类、中西医结合类、针灸推拿学、康复治疗学、公共卫生与预防医学类（本科）
2022,三支一扶,2022安徽三支一扶招募,县卫健委,3016 县卫健委,大专及以上,临床医学、医学影像技术、医学检验技术、卫生检验与检疫技术（大专），临床医学、医学影像学、医学影像技术、医学检验技术、卫生检验与检疫（本科）,,笔试+面试,,,招募类别：支医；服务单位：基层卫生院；招聘人数：5,安徽 亳州市利辛县,https://www.xduim.com/zw/szyf,,专业：临床医学、医学影像技术、医学检验技术、卫生检验与检疫技术（大专），临床医学、医学影像学、医学影像技术、医学检验技术、卫生检验与检疫（本科）
2022,三支一扶,2022安徽三支一扶招募,县辖乡镇,3017 县辖乡镇,大专及以上,不限,,笔试+面试,,,招募类别：基层人社平台；服务单位：乡镇社保所；招聘人数：15,安徽 亳州市利辛县,https://www.xduim.com/zw/szyf,,专业：不限
2023,三支一扶,2023安徽三支一扶招募,县教育局,3010 县教育局,大专及以上,不限,,笔试+面试,,,招募类别：支教；服务单位：基层学校；招聘人数：15；报名人数：1007；合格人数：840；缴费人数：534,安徽 亳州市利辛县,https://www.xduim.com/zw/szyf,,专业：不限
2023,三支一扶,2023安徽三支一扶招募,县人社局,3011 县人社局,大专及以上,不限,,笔试+面试,,,招募类别：基层人社平台；服务单位：乡镇人社所；招聘人数：12；报名人数：728；合格人数：526；缴费人数：341,安徽 亳州市利辛县,https://www.xduim.com/zw/szyf,,专业：不限
2023,三支一扶,2023安徽三支一扶招募,县乡村振兴局,3012 县乡村振兴局,大专及以上,不限,,笔试+面试,,,招募类别：乡村振兴协理；服务单位：乡村振兴工作站；招聘人数：12；报名人数：622；合格人数：503；缴费人数：349,安徽 亳州市利辛县,https://www.xduim.com/zw/szyf,,专业：不限
2024,三支一扶,2024安徽三支一扶招募,县教育局,3029 县教育局,本科及以上,大学本科：0702物理学类； 研究生：0702物理学（一级学科）。,,笔试+面试,,,招募类别：支教；服务单位：乡镇学校；招聘人数：5；报名人数：17；合格人数：14；缴费人数：9,安徽 亳州市利辛县,https://www.xduim.com/zw/szyf,,专业：大学本科：0702物理学类； 研究生：0702物理学（一级学科）。
2024,三支一扶,2024安徽三支一扶招募,县教育局,3030 县教育局,本科及以上,大学本科：0703化学类； 研究生：0703化学（一级学科）。,,笔试+面试,,,招募类别：支教；服务单位：乡镇学校；招聘人数：3；报名人数：39；合格人数：31；缴费人数：18,安徽 亳州市利辛县,https://www.xduim.com/zw/szyf,,专业：大学本科：0703化学类； 研究生：0703化学（一级学科）。
2024,三支一扶,2024安徽三支一扶招募,县教育局,3031 县教育局,本科及以上,大学本科：0101哲学类、0302政治学类； 研究生：0101哲学（一级学科）、0302政治（一级学科）。,,笔试+面试,,,招募类别：支教；服务单位：乡镇学校；招聘人数：3；报名人数：8；合格人数：4；缴费人数：2,安徽 亳州市利辛县,https://www.xduim.com/zw/szyf,,专业：大学本科：0101哲学类、0302政治学类； 研究生：0101哲学（一级学科）、0302政治（一级学科）。
2024,三支一扶,2024安徽三支一扶招募,县教育局,3032 县教育局,本科及以上,大学本科：0701数学类； 研究生：0701数学（一级学科）。,,笔试+面试,,,招募类别：支教；服务单位：乡镇学校；招聘人数：2；报名人数：42；合格人数：34；缴费人数：10,安徽 亳州市利辛县,https://www.xduim.com/zw/szyf,,专业：大学本科：0701数学类； 研究生：0701数学（一级学科）。
2024,三支一扶,2024安徽三支一扶招募,县教育局,3033 县教育局,本科及以上,大学本科：050201英语、050262商务英语； 研究生：050201英语语言文学。,,笔试+面试,,,招募类别：支教；服务单位：乡镇学校；招聘人数：2；报名人数：64；合格人数：56；缴费人数：26,安徽 亳州市利辛县,https://www.xduim.com/zw/szyf,,专业：大学本科：050201英语、050262商务英语； 研究生：050201英语语言文学。
2024,三支一扶,2024安徽三支一扶招募,县教育局,3034 县教育局,大专及以上,不限,,笔试+面试,,,招募类别：支教；服务单位：乡镇学校；招聘人数：3；报名人数：105；合格人数：59；缴费人数：37,安徽 亳州市利辛县,https://www.xduim.com/zw/szyf,,专业：不限
2024,三支一扶,2024安徽三支一扶招募,县教育局,3035 县教育局,大专及以上,不限,,笔试+面试,,,招募类别：支教；服务单位：乡镇学校；招聘人数：2；报名人数：70；合格人数：36；缴费人数：24,安徽 亳州市利辛县,https://www.xduim.com/zw/szyf,,专业：不限
2024,三支一扶,2024安徽三支一扶招募,乡镇政府,3036 乡镇政府,大专及以上,不限,,笔试+面试,,,招募类别：基层人社平台；服务单位：乡镇人社所；招聘人数：12；报名人数：887；合格人数：572；缴费人数：298,安徽 亳州市利辛县,https://www.xduim.com/zw/szyf,,专业：不限
2024,三支一扶,2024安徽三支一扶招募,乡镇政府,3037 乡镇政府,大专及以上,不限,,笔试+面试,,,招募类别：乡村振兴协理；服务单位：乡村振兴工作站；招聘人数：12；报名人数：716；合格人数：597；缴费人数：310,安徽 亳州市利辛县,https://www.xduim.com/zw/szyf,,专业：不限
2024,三支一扶,2024安徽三支一扶招募,县卫健委,3038 县卫健委,大专及以上,专科：520102K口腔医学、520504口腔医学技术； 大学本科：100301K口腔医学、101006口腔医学技术； 研究生：1003口腔医学（一级学科）。,,笔试+面试,,,招募类别：支医；服务单位：乡镇卫生院；招聘人数：2；报名人数：26；合格人数：19；缴费人数：12,安徽 亳州市利辛县,https://www.xduim.com/zw/szyf,,专业：专科：520102K口腔医学、520504口腔医学技术； 大学本科：100301K口腔医学、101006口腔医学技术； 研究生：1003口腔医学（一级学科）。
2024,三支一扶,2024安徽三支一扶招募,县卫健委,3039 县卫健委,大专及以上,大专：520401K中医学、520402K中医骨伤、520403K针灸推拿； 大学本科：1005中医学类； 研究生：1005中医学、1057中医、1059针灸。,,笔试+面试,,,招募类别：支医；服务单位：乡镇卫生院；招聘人数：2；报名人数：41；合格人数：23；缴费人数：14,安徽 亳州市利辛县,https://www.xduim.com/zw/szyf,,专业：大专：520401K中医学、520402K中医骨伤、520403K针灸推拿； 大学本科：1005中医学类； 研究生：1005中医学、1057中医、1059针灸。
2024,三支一扶,2024安徽三支一扶招募,县卫健委,3040 县卫健委,大专及以上,大专：5207公共卫生与卫生管理类； 大学本科：1004公共卫生与预防医学类； 研究生：1004公共卫生与预防医学（一级学科）。,,笔试+面试,,,招募类别：支医；服务单位：乡镇卫生院；招聘人数：2；报名人数：25；合格人数：11；缴费人数：7,安徽 亳州市利辛县,https://www.xduim.com/zw/szyf,,专业：大专：5207公共卫生与卫生管理类； 大学本科：1004公共卫生与预防医学类； 研究生：1004公共卫生与预防医学（一级学科）。
2022,三支一扶,2022安徽三支一扶招募,县农业农村局,3009 县农业农村局,大专及以上,农业类（大专），植物生产类（本科）,,笔试+面试,,,招募类别：支农；服务单位：乡镇农业综合服务站；招聘人数：5,安徽 亳州市涡阳县,https://www.xduim.com/zw/szyf,,专业：农业类（大专），植物生产类（本科）
2022,三支一扶,2022安徽三支一扶招募,县自然资源和规划局,3010 县自然资源和规划局,大专及以上,林业类（大专），林学类（本科）,,笔试+面试,,,招募类别：支农；服务单位：乡镇自然资源和规划中心所；招聘人数：5,安徽 亳州市涡阳县,https://www.xduim.com/zw/szyf,,专业：林业类（大专），林学类（本科）
2022,三支一扶,2022安徽三支一扶招募,县水利局,3011 县水利局,大专及以上,水文水资源类、水利工程与管理类（大专），水利类（本科）,,笔试+面试,,,招募类别：支农；服务单位：乡镇水利管理中心站；招聘人数：5,安徽 亳州市涡阳县,https://www.xduim.com/zw/szyf,,专业：水文水资源类、水利工程与管理类（大专），水利类（本科）
2022,三支一扶,2022安徽三支一扶招募,县辖乡镇,3012 县辖乡镇,大专及以上,不限,,笔试+面试,,,招募类别：基层人社平台；服务单位：乡镇文化广播经济信息服务站（社保所）；招聘人数：5,安徽 亳州市涡阳县,https://www.xduim.com/zw/szyf,,专业：不限
2022,三支一扶,2022安徽三支一扶招募,县辖乡镇,3013 县辖乡镇,大专及以上,不限,,笔试+面试,,,招募类别：乡村振兴协理；服务单位：乡镇乡村振兴工作站；招聘人数：5,安徽 亳州市涡阳县,https://www.xduim.com/zw/szyf,,专业：不限
2023,三支一扶,2023安徽三支一扶招募,县自然资源和规划局,3001 县自然资源和规划局,大专及以上,林业类（大专）；林学类（本科）；林学（一级学科），林业（专业学位硕士）（研究生）,,笔试+面试,,,招募类别：支农；服务单位：牌坊自然资源和规划中心所；招聘人数：1；报名人数：12；合格人数：12；缴费人数：8,安徽 亳州市涡阳县,https://www.xduim.com/zw/szyf,,专业：林业类（大专）；林学类（本科）；林学（一级学科），林业（专业学位硕士）（研究生）
2023,三支一扶,2023安徽三支一扶招募,县水利局,3002 县水利局,大专及以上,水文水资源类、水利工程与管理类（大专）；水利类（本科）；水利工程（一级学科），土木水利（专业学位硕士）（研究生）,,笔试+面试,,,招募类别：支农；服务单位：乡镇水利管理中心站；招聘人数：4；报名人数：30；合格人数：24；缴费人数：16,安徽 亳州市涡阳县,https://www.xduim.com/zw/szyf,,专业：水文水资源类、水利工程与管理类（大专）；水利类（本科）；水利工程（一级学科），土木水利（专业学位硕士）（研究生）
2023,三支一扶,2023安徽三支一扶招募,县农业农村局,3003 县农业农村局,大专及以上,农业类、畜牧业类、渔业类（大专）；农业经济管理类、植物生产类、动物生产类、动物医学类、水产类、农业工程类（本科）；作物学、园艺学、农业资源与环境、植物保护、畜牧学、兽医学、水产、农业工程（一级学科），农业、兽医（专业学位硕士）（研究生）,,笔试+面试,,,招募类别：支农；服务单位：乡镇农业综合服务站；招聘人数：11；报名人数：75；合格人数：49；缴费人数：27,安徽 亳州市涡阳县,https://www.xduim.com/zw/szyf,,专业：农业类、畜牧业类、渔业类（大专）；农业经济管理类、植物生产类、动物生产类、动物医学类、水产类、农业工程类（本科）；作物学、园艺学、农业资源与环境、植物保护、畜牧学、兽医学、水产、农业工程（一级学科），农业、兽医（专业学位硕士）（研究生）
2023,三支一扶,2023安徽三支一扶招募,县辖乡镇,3004 县辖乡镇,大专及以上,不限,,笔试+面试,,,招募类别：乡村振兴协理；服务单位：镇政府所属事业单位；招聘人数：2；报名人数：126；合格人数：81；缴费人数：42,安徽 亳州市涡阳县,https://www.xduim.com/zw/szyf,,专业：不限
2023,三支一扶,2023安徽三支一扶招募,县辖乡镇,3005 县辖乡镇,大专及以上,不限,,笔试+面试,,,招募类别：基层人社平台；服务单位：镇政府所属事业单位；招聘人数：5；报名人数：424；合格人数：316；缴费人数：212,安徽 亳州市涡阳县,https://www.xduim.com/zw/szyf,,专业：不限
2023,三支一扶,2023安徽三支一扶招募,县卫健委,3006 县卫健委,大专及以上,临床医学类（大专）；临床医学类、中医学类（本科）；临床医学、中医学（一级学科），临床医学、中医（专业学位硕士）（研究生）,,笔试+面试,,,招募类别：支医；服务单位：牌坊镇卫生院；招聘人数：1；报名人数：12；合格人数：5；缴费人数：3,安徽 亳州市涡阳县,https://www.xduim.com/zw/szyf,,专业：临床医学类（大专）；临床医学类、中医学类（本科）；临床医学、中医学（一级学科），临床医学、中医（专业学位硕士）（研究生）
2023,三支一扶,2023安徽三支一扶招募,县卫健委,3007 县卫健委,大专及以上,口腔医学专业（大专）；口腔医学专业（本科）；口腔医学（一级学科），口腔医学（专业学位硕士）（研究生）,,笔试+面试,,,招募类别：支医；服务单位：曹市镇卫生院；招聘人数：1；报名人数：10；合格人数：6；缴费人数：5,安徽 亳州市涡阳县,https://www.xduim.com/zw/szyf,,专业：口腔医学专业（大专）；口腔医学专业（本科）；口腔医学（一级学科），口腔医学（专业学位硕士）（研究生）
2025,三支一扶,2025安徽三支一扶招募,县自然资源和规划局,3030 县自然资源和规划局,大专及以上,大专：4102林业类； 本科：0905林学类； 研究生：0907林学、0954林业。,,笔试+面试,,,招募类别：支农-林业；服务单位：涡阳县自然资源和规划局乡镇中心所；招聘人数：6；报名人数：44；合格人数：35；缴费人数：22,安徽 亳州市涡阳县,https://www.xduim.com/zw/szyf,,专业：大专：4102林业类； 本科：0905林学类； 研究生：0907林学、0954林业。
2025,三支一扶,2025安徽三支一扶招募,县辖乡镇,3031 县辖乡镇,大专及以上,专业不限,,笔试+面试,,,招募类别：乡村振兴协理；服务单位：新时代文明实践和农业农村发展中心；招聘人数：3；报名人数：272；合格人数：238；缴费人数：126,安徽 亳州市涡阳县,https://www.xduim.com/zw/szyf,,专业：专业不限
2025,三支一扶,2025安徽三支一扶招募,县辖乡镇,3032 县辖乡镇,大专及以上,专业不限,,笔试+面试,,,招募类别：基层人社平台；服务单位：便民和退役军人服务中心；招聘人数：7；报名人数：624；合格人数：556；缴费人数：326,安徽 亳州市涡阳县,https://www.xduim.com/zw/szyf,,专业：专业不限
2025,三支一扶,2025安徽三支一扶招募,县教育局,3033 县教育局,本科及以上,专业不限,,笔试+面试,,,招募类别：支教；服务单位：基层中学；招聘人数：3；报名人数：93；合格人数：72；缴费人数：48,安徽 亳州市涡阳县,https://www.xduim.com/zw/szyf,,专业：专业不限
2025,三支一扶,2025安徽三支一扶招募,县教育局,3034 县教育局,本科及以上,专业不限,,笔试+面试,,,招募类别：支教；服务单位：基层中学；招聘人数：4；报名人数：107；合格人数：87；缴费人数：58,安徽 亳州市涡阳县,https://www.xduim.com/zw/szyf,,专业：专业不限
2025,三支一扶,2025安徽三支一扶招募,县教育局,3035 县教育局,本科及以上,专业不限,,笔试+面试,,,招募类别：支教；服务单位：基层中学；招聘人数：4；报名人数：93；合格人数：68；缴费人数：51,安徽 亳州市涡阳县,https://www.xduim.com/zw/szyf,,专业：专业不限
2025,三支一扶,2025安徽三支一扶招募,县教育局,3036 县教育局,本科及以上,专业不限,,笔试+面试,,,招募类别：支教；服务单位：基层中学；招聘人数：1；报名人数：15；合格人数：13；缴费人数：9,安徽 亳州市涡阳县,https://www.xduim.com/zw/szyf,,专业：专业不限
2025,三支一扶,2025安徽三支一扶招募,县教育局,3037 县教育局,本科及以上,专业不限,,笔试+面试,,,招募类别：支教；服务单位：基层中学；招聘人数：1；报名人数：25；合格人数：16；缴费人数：9,安徽 亳州市涡阳县,https://www.xduim.com/zw/szyf,,专业：专业不限
2022,三支一扶,2022安徽三支一扶招募,县卫健委,3018 县卫健委,大专及以上,临床医学类,,笔试+面试,,,招募类别：支医；服务单位：乡镇卫生院；招聘人数：10,安徽 亳州市蒙城县,https://www.xduim.com/zw/szyf,,专业：临床医学类
2022,三支一扶,2022安徽三支一扶招募,县卫健委,3019 县卫健委,大专及以上,中医学、中医骨伤、针灸推拿（大专），中医学类、中西医结合类（本科）,,笔试+面试,,,招募类别：支医；服务单位：乡镇卫生院；招聘人数：10,安徽 亳州市蒙城县,https://www.xduim.com/zw/szyf,,专业：中医学、中医骨伤、针灸推拿（大专），中医学类、中西医结合类（本科）
2022,三支一扶,2022安徽三支一扶招募,县辖乡镇,3020 县辖乡镇,大专及以上,不限,,笔试+面试,,,招募类别：基层人社平台；服务单位：乡镇社保所；招聘人数：34,安徽 亳州市蒙城县,https://www.xduim.com/zw/szyf,,专业：不限
2022,三支一扶,2022安徽三支一扶招募,县自然资源和规划局,3021 县自然资源和规划局,大专及以上,不限,,笔试+面试,,,招募类别：支农；服务单位：乡镇自然资源中心所；招聘人数：1,安徽 亳州市蒙城县,https://www.xduim.com/zw/szyf,,专业：不限
2023,三支一扶,2023安徽三支一扶招募,县卫健委,3008 县卫健委,大专及以上,临床医学类（大专）；临床医学类（本科）；临床医学（一级学科），临床医学（专业学位硕士）（研究生）,,笔试+面试,,,招募类别：支医；服务单位：乡镇卫生院；招聘人数：8；报名人数：84；合格人数：58；缴费人数：43,安徽 亳州市蒙城县,https://www.xduim.com/zw/szyf,,专业：临床医学类（大专）；临床医学类（本科）；临床医学（一级学科），临床医学（专业学位硕士）（研究生）
2023,三支一扶,2023安徽三支一扶招募,县卫健委,3009 县卫健委,大专及以上,中医学专业、中医骨伤专业、针灸推拿专业（大专）；中医学专业、针灸推拿学专业、中西医临床医学专业（本科）；中医学（一级学科），中医、针灸（专业学位硕士）（研究生）,,笔试+面试,,,招募类别：支医；服务单位：乡镇卫生院；招聘人数：2；报名人数：43；合格人数：33；缴费人数：22,安徽 亳州市蒙城县,https://www.xduim.com/zw/szyf,,专业：中医学专业、中医骨伤专业、针灸推拿专业（大专）；中医学专业、针灸推拿学专业、中西医临床医学专业（本科）；中医学（一级学科），中医、针灸（专业学位硕士）（研究生）
2024,三支一扶,2024安徽三支一扶招募,县自然资源和规划局,3028 县自然资源和规划局,大专及以上,不限,,笔试+面试,,,招募类别：支农；服务单位：县自然资源和规划局乡镇中心所；招聘人数：2；报名人数：292；合格人数：215；缴费人数：100,安徽 亳州市蒙城县,https://www.xduim.com/zw/szyf,,专业：不限
2025,三支一扶,2025安徽三支一扶招募,县（区）辖乡镇,3038 县（区）辖乡镇,大专及以上,专业不限,,笔试+面试,,,招募类别：基层人社平台；服务单位：乡镇社保所；招聘人数：5；报名人数：646；合格人数：445；缴费人数：278,安徽 亳州市蒙城县,https://www.xduim.com/zw/szyf,,专业：专业不限
2022,三支一扶,2022安徽三支一扶招募,区辖乡镇,3001 区辖乡镇,大专及以上,不限,,笔试+面试,,,招募类别：基层人社平台；服务单位：乡镇社保所；招聘人数：10,安徽 亳州市谯城区,https://www.xduim.com/zw/szyf,,专业：不限
2022,三支一扶,2022安徽三支一扶招募,区辖乡镇,3002 区辖乡镇,大专及以上,不限,,笔试+面试,,,招募类别：乡村振兴协理；服务单位：乡镇乡村振兴工作站；招聘人数：10,安徽 亳州市谯城区,https://www.xduim.com/zw/szyf,,专业：不限
2022,三支一扶,2022安徽三支一扶招募,区卫健委,3003 区卫健委,大专及以上,药学类（大专），中药学类（本科）,,笔试+面试,,,招募类别：支医；服务单位：乡镇卫生院；招聘人数：3,安徽 亳州市谯城区,https://www.xduim.com/zw/szyf,,专业：药学类（大专），中药学类（本科）
2022,三支一扶,2022安徽三支一扶招募,区卫健委,3004 区卫健委,大专及以上,临床医学类,,笔试+面试,,,招募类别：支医；服务单位：乡镇卫生院；招聘人数：11,安徽 亳州市谯城区,https://www.xduim.com/zw/szyf,,专业：临床医学类
2022,三支一扶,2022安徽三支一扶招募,区卫健委,3005 区卫健委,大专及以上,康复治疗类（大专），康复治疗学、康复物理治疗、听力与言语康复学（本科）,,笔试+面试,,,招募类别：支医；服务单位：华佗镇卫生院；招聘人数：1,安徽 亳州市谯城区,https://www.xduim.com/zw/szyf,,专业：康复治疗类（大专），康复治疗学、康复物理治疗、听力与言语康复学（本科）
2022,三支一扶,2022安徽三支一扶招募,区卫健委,3006 区卫健委,大专及以上,护理类（大专），护理学类（本科）,,笔试+面试,,,招募类别：支医；服务单位：城父镇卫生院；招聘人数：2,安徽 亳州市谯城区,https://www.xduim.com/zw/szyf,,专业：护理类（大专），护理学类（本科）
2022,三支一扶,2022安徽三支一扶招募,区卫健委,3007 区卫健委,大专及以上,医学影像技术、放射治疗技术（大专），医学影像学、放射医学（本科）,,笔试+面试,,,招募类别：支医；服务单位：双沟中心镇卫生院；招聘人数：2,安徽 亳州市谯城区,https://www.xduim.com/zw/szyf,,专业：医学影像技术、放射治疗技术（大专），医学影像学、放射医学（本科）
2022,三支一扶,2022安徽三支一扶招募,区卫健委,3008 区卫健委,大专及以上,药学类,,笔试+面试,,,招募类别：支医；服务单位：双沟中心镇卫生院；招聘人数：1,安徽 亳州市谯城区,https://www.xduim.com/zw/szyf,,专业：药学类
2023,三支一扶,2023安徽三支一扶招募,区卫健委,3013 区卫健委,大专及以上,临床医学类（大专）；临床医学类（本科）；临床医学（一级学科），临床医学（专业学位硕士）（研究生）,,笔试+面试,,,招募类别：支医；服务单位：乡镇卫生院；招聘人数：4；报名人数：65；合格人数：50；缴费人数：34,安徽 亳州市谯城区,https://www.xduim.com/zw/szyf,,专业：临床医学类（大专）；临床医学类（本科）；临床医学（一级学科），临床医学（专业学位硕士）（研究生）
2023,三支一扶,2023安徽三支一扶招募,区卫健委,3014 区卫健委,大专及以上,中药学专业、蒙药学专业、藏药学专业(大专）；中药学类（本科）；中药学（一级学科），中药（专业学位硕士）（研究生）,,笔试+面试,,,招募类别：支医；服务单位：乡镇卫生院；招聘人数：4；报名人数：76；合格人数：60；缴费人数：42,安徽 亳州市谯城区,https://www.xduim.com/zw/szyf,,专业：中药学专业、蒙药学专业、藏药学专业(大专）；中药学类（本科）；中药学（一级学科），中药（专业学位硕士）（研究生）
2023,三支一扶,2023安徽三支一扶招募,区卫健委,3015 区卫健委,大专及以上,医学影像技术专业、放射治疗技术专业（大专）；医学影像技术专业、医学影像学专业、放射医学专业（本科）；临床医学、基础医学（一级学科），临床医学、医学技术（专业学位硕士）（研究生）,,笔试+面试,,,招募类别：支医；服务单位：乡镇卫生院；招聘人数：4；报名人数：150；合格人数：120；缴费人数：64,安徽 亳州市谯城区,https://www.xduim.com/zw/szyf,,专业：医学影像技术专业、放射治疗技术专业（大专）；医学影像技术专业、医学影像学专业、放射医学专业（本科）；临床医学、基础医学（一级学科），临床医学、医学技术（专业学位硕士）（研究生）
2023,三支一扶,2023安徽三支一扶招募,区卫健委,3016 区卫健委,大专及以上,康复治疗类（大专）；康复治疗学专业、康复物理治疗专业、听力与言语康复学专业（本科）；医学技术（专业学位硕士）（研究生）,,笔试+面试,,,招募类别：支医；服务单位：乡镇卫生院；招聘人数：5；报名人数：135；合格人数：110；缴费人数：64,安徽 亳州市谯城区,https://www.xduim.com/zw/szyf,,专业：康复治疗类（大专）；康复治疗学专业、康复物理治疗专业、听力与言语康复学专业（本科）；医学技术（专业学位硕士）（研究生）
2023,三支一扶,2023安徽三支一扶招募,区卫健委,3017 区卫健委,大专及以上,护理类（大专）；护理学类（本科）；护理学（一级学科），护理（专业学位硕士）（研究生）,,笔试+面试,,,招募类别：支医；服务单位：乡镇卫生院；招聘人数：2；报名人数：203；合格人数：142；缴费人数：61,安徽 亳州市谯城区,https://www.xduim.com/zw/szyf,,专业：护理类（大专）；护理学类（本科）；护理学（一级学科），护理（专业学位硕士）（研究生）
2023,三支一扶,2023安徽三支一扶招募,区卫健委,3018 区卫健委,大专及以上,中医学专业、中医骨伤专业、针灸推拿专业(大专）；中医学类（本科）；中医学（一级学科），中医、针灸（专业学位硕士）（研究生）,,笔试+面试,,,招募类别：支医；服务单位：华佗镇卫生院；招聘人数：1；报名人数：39；合格人数：23；缴费人数：14,安徽 亳州市谯城区,https://www.xduim.com/zw/szyf,,专业：中医学专业、中医骨伤专业、针灸推拿专业(大专）；中医学类（本科）；中医学（一级学科），中医、针灸（专业学位硕士）（研究生）
2023,三支一扶,2023安徽三支一扶招募,区辖乡镇,3019 区辖乡镇,大专及以上,不限,,笔试+面试,,,招募类别：乡村振兴协理；服务单位：乡镇乡村振兴工作站；招聘人数：10；报名人数：651；合格人数：558；缴费人数：339,安徽 亳州市谯城区,https://www.xduim.com/zw/szyf,,专业：不限
2023,三支一扶,2023安徽三支一扶招募,区辖乡镇,3020 区辖乡镇,大专及以上,不限,,笔试+面试,,,招募类别：基层人社平台；服务单位：乡镇人社所；招聘人数：10；报名人数：714；合格人数：594；缴费人数：346,安徽 亳州市谯城区,https://www.xduim.com/zw/szyf,,专业：不限
2024,三支一扶,2024安徽三支一扶招募,区卫健委,3020 区卫健委,大专及以上,大专：5201临床医学类； 大学本科：1002临床医学类； 研究生：1002临床医学、1051临床医学。,,笔试+面试,,,招募类别：支医；服务单位：乡镇卫生院；招聘人数：2；报名人数：46；合格人数：40；缴费人数：23,安徽 亳州市谯城区,https://www.xduim.com/zw/szyf,,专业：大专：5201临床医学类； 大学本科：1002临床医学类； 研究生：1002临床医学、1051临床医学。
2024,三支一扶,2024安徽三支一扶招募,区卫健委,3021 区卫健委,大专及以上,大专：520401K中医学专业、520405K藏医学专业、520408K哈医学专业； 大学本科：100501K中医学专业、100503K藏医学专业、100507K哈医学专业； 研究生：1005中医学、1057中医。,,笔试+面试,,,招募类别：支医；服务单位：乡镇卫生院；招聘人数：2；报名人数：24；合格人数：9；缴费人数：5,安徽 亳州市谯城区,https://www.xduim.com/zw/szyf,,专业：大专：520401K中医学专业、520405K藏医学专业、520408K哈医学专业； 大学本科：100501K中医学专业、100503K藏医学专业、100507K哈医学专业； 研究生：1005中医学、1057中医。
2024,三支一扶,2024安徽三支一扶招募,区卫健委,3022 区卫健委,大专及以上,大专：5202护理类； 大学本科：1011护理学类； 研究生：1011护理学、1054护理。,,笔试+面试,,,招募类别：支医；服务单位：乡镇卫生院；招聘人数：3；报名人数：291；合格人数：159；缴费人数：65,安徽 亳州市谯城区,https://www.xduim.com/zw/szyf,,专业：大专：5202护理类； 大学本科：1011护理学类； 研究生：1011护理学、1054护理。
2024,三支一扶,2024安徽三支一扶招募,区卫健委,3023 区卫健委,大专及以上,大专：520502医学影像技术专业、520505放射治疗技术专业； 大学本科：101003医学影像技术专业、100203TK医学影像学专业、100206TK放射医学专业； 研究生：1001基础医学、1002临床医学、1051临床医学、1058医学技术。,,笔试+面试,,,招募类别：支医；服务单位：乡镇卫生院；招聘人数：2；报名人数：73；合格人数：34；缴费人数：16,安徽 亳州市谯城区,https://www.xduim.com/zw/szyf,,专业：大专：520502医学影像技术专业、520505放射治疗技术专业； 大学本科：101003医学影像技术专业、100203TK医学影像学专业、100206TK放射医学专业； 研究生：1001基础医学、1002临床医学、1051临床医学、1058医学技术。
2024,三支一扶,2024安徽三支一扶招募,区卫健委,3024 区卫健委,大专及以上,大专：520501医学检验技术专业、520503医学生物技术专业、520508卫生检验与检疫技术专业； 大学本科：101001医学检验技术专业、101002医学实验技术专业、101007卫生检验与检疫专业； 研究生：1058医学技术、100208临床检验诊断学。,,笔试+面试,,,招募类别：支医；服务单位：牛集镇卫生院；招聘人数：1；报名人数：64；合格人数：26；缴费人数：13,安徽 亳州市谯城区,https://www.xduim.com/zw/szyf,,专业：大专：520501医学检验技术专业、520503医学生物技术专业、520508卫生检验与检疫技术专业； 大学本科：101001医学检验技术专业、101002医学实验技术专业、101007卫生检验与检疫专业； 研究生：1058医学技术、100208临床检验诊断学。
2024,三支一扶,2024安徽三支一扶招募,区卫健委,3025 区卫健委,大专及以上,大专：5206康复治疗类； 大学本科：101005康复治疗学、101008T听力与言语康复学、101009T康复物理治疗； 研究生：1058医学技术、100215康复医学与理疗学。,,笔试+面试,,,招募类别：支医；服务单位：乡镇卫生院；招聘人数：3；报名人数：100；合格人数：36；缴费人数：23,安徽 亳州市谯城区,https://www.xduim.com/zw/szyf,,专业：大专：5206康复治疗类； 大学本科：101005康复治疗学、101008T听力与言语康复学、101009T康复物理治疗； 研究生：1058医学技术、100215康复医学与理疗学。
2024,三支一扶,2024安徽三支一扶招募,区辖乡镇,3026 区辖乡镇,大专及以上,不限,,笔试+面试,,,招募类别：乡村振兴协理；服务单位：乡镇乡村振兴工作站；招聘人数：10；报名人数：892；合格人数：595；缴费人数：307,安徽 亳州市谯城区,https://www.xduim.com/zw/szyf,,专业：不限
2024,三支一扶,2024安徽三支一扶招募,区辖乡镇,3027 区辖乡镇,大专及以上,不限,,笔试+面试,,,招募类别：基层人社平台；服务单位：乡镇人社所；招聘人数：10；报名人数：871；合格人数：622；缴费人数：353,安徽 亳州市谯城区,https://www.xduim.com/zw/szyf,,专业：不限
2025,三支一扶,2025安徽三支一扶招募,区卫健委,3018 区卫健委,大专及以上,大专：5201临床医学类； 本科：1002临床医学类； 研究生：1002临床医学、1051临床医学。,,笔试+面试,,,招募类别：支医；服务单位：乡镇卫生院；招聘人数：3；报名人数：109；合格人数：77；缴费人数：56,安徽 亳州市谯城区,https://www.xduim.com/zw/szyf,,专业：大专：5201临床医学类； 本科：1002临床医学类； 研究生：1002临床医学、1051临床医学。
2025,三支一扶,2025安徽三支一扶招募,区卫健委,3019 区卫健委,大专及以上,大专：520102K口腔医学； 本科：1003口腔医学类； 研究生：1003口腔医学。,,笔试+面试,,,招募类别：支医；服务单位：乡镇卫生院；招聘人数：2；报名人数：29；合格人数：22；缴费人数：14,安徽 亳州市谯城区,https://www.xduim.com/zw/szyf,,专业：大专：520102K口腔医学； 本科：1003口腔医学类； 研究生：1003口腔医学。
2025,三支一扶,2025安徽三支一扶招募,区卫健委,3020 区卫健委,大专及以上,大专：5203药学类； 本科：1007药学类； 研究生：1007药学、1055药学。,,笔试+面试,,,招募类别：支医；服务单位：立德镇卫生院；招聘人数：1；报名人数：63；合格人数：43；缴费人数：23,安徽 亳州市谯城区,https://www.xduim.com/zw/szyf,,专业：大专：5203药学类； 本科：1007药学类； 研究生：1007药学、1055药学。
2025,三支一扶,2025安徽三支一扶招募,区辖乡镇,3021 区辖乡镇,大专及以上,专业不限,,笔试+面试,,,招募类别：基层人社平台；服务单位：乡镇便民和退役军人服务中心；招聘人数：5；报名人数：690；合格人数：562；缴费人数：282,安徽 亳州市谯城区,https://www.xduim.com/zw/szyf,,专业：专业不限
2025,三支一扶,2025安徽三支一扶招募,区辖乡镇,3022 区辖乡镇,大专及以上,专业不限,,笔试+面试,,,招募类别：乡村振兴协理；服务单位：乡镇新时代文明实践和农业农村发展中心；招聘人数：5；报名人数：599；合格人数：449；缴费人数：275,安徽 亳州市谯城区,https://www.xduim.com/zw/szyf,,专业：专业不限
2022,三支一扶,2022安徽三支一扶招募,区辖乡镇,9014 区辖乡镇,大专及以上,农林牧渔大类（大专），农学门类、农业工程类和其他授予农学学士学位的专业（本科）,,笔试+面试,,,招募类别：支农；服务单位：乡镇政府；招聘人数：3,安徽 六安市叶集区,https://www.xduim.com/zw/szyf,,专业：农林牧渔大类（大专），农学门类、农业工程类和其他授予农学学士学位的专业（本科）
2022,三支一扶,2022安徽三支一扶招募,区农业农村局,9015 区农业农村局,大专及以上,农林牧渔大类（大专），农学门类、农业工程类和其他授予农学学士学位的专业（本科）,,笔试+面试,,,招募类别：支农；服务单位：洪集农业综合服务站；招聘人数：1,安徽 六安市叶集区,https://www.xduim.com/zw/szyf,,专业：农林牧渔大类（大专），农学门类、农业工程类和其他授予农学学士学位的专业（本科）
2024,三支一扶,2024安徽三支一扶招募,叶集区史河街道,9178 叶集区史河街道,大专及以上,不限,,笔试+面试,,,招募类别：基层人社平台；服务单位：史河街道公共服务办公室；招聘人数：1；报名人数：109；合格人数：89；缴费人数：37,安徽 六安市叶集区,https://www.xduim.com/zw/szyf,,专业：不限
2024,三支一扶,2024安徽三支一扶招募,叶集区三元镇,9179 叶集区三元镇,大专及以上,大专：5804法律实务类、5805法律执行类； 大学本科：0301法学类； 研究生：0301法学、0351法律。,,笔试+面试,,,招募类别：乡村振兴协理；服务单位：三元镇所属事业单位；招聘人数：1；报名人数：26；合格人数：16；缴费人数：8,安徽 六安市叶集区,https://www.xduim.com/zw/szyf,,专业：大专：5804法律实务类、5805法律执行类； 大学本科：0301法学类； 研究生：0301法学、0351法律。
2025,三支一扶,2025安徽三支一扶招募,区辖乡镇,9184 区辖乡镇,本科及以上,大学本科：09农学门类； 研究生: 09农学门类。,,笔试+面试,,,招募类别：支农-农技；服务单位：三元镇农业农村管理服务中心；招聘人数：1；报名人数：13；合格人数：10；缴费人数：4,安徽 六安市叶集区,https://www.xduim.com/zw/szyf,,专业：大学本科：09农学门类； 研究生: 09农学门类。
2025,三支一扶,2025安徽三支一扶招募,区辖乡镇 、街道,9185 区辖乡镇 、街道,大专及以上,大专：4401建筑设计类、4402城乡规划与管理类、4403土建施工类； 本科：0705地理科学类、0801力学类、0810土木类、0828建筑类； 研究生：0705地理学、0801力学、0813建筑学、0814土木工程，0851建筑、0853城乡规划、0833城乡规划学。,,笔试+面试,,,招募类别：乡村振兴协理-建规；服务单位：乡镇人民政府、街道办事处；招聘人数：2；报名人数：61；合格人数：44；缴费人数：21,安徽 六安市叶集区,https://www.xduim.com/zw/szyf,,专业：大专：4401建筑设计类、4402城乡规划与管理类、4403土建施工类； 本科：0705地理科学类、0801力学类、0810土木类、0828建筑类； 研究生：0705地理学、0801力学、0813建筑学、0814土木工程，0851建筑、0853城乡规划、0833城乡规划学。
2022,三支一扶,2022安徽三支一扶招募,县农业农村局,9018 县农业农村局,大专及以上,农林牧渔大类（大专），农学门类、农业工程类和其他授予农学学士学位的专业（本科）,,笔试+面试,,,招募类别：支农；服务单位：乡镇农业综合服务中心；招聘人数：1,安徽 六安市舒城县,https://www.xduim.com/zw/szyf,,专业：农林牧渔大类（大专），农学门类、农业工程类和其他授予农学学士学位的专业（本科）
2022,三支一扶,2022安徽三支一扶招募,县水利局,9019 县水利局,大专及以上,水利大类（大专），水利类、农业水利工程（本科）,,笔试+面试,,,招募类别：支农；服务单位：乡镇水利站；招聘人数：1,安徽 六安市舒城县,https://www.xduim.com/zw/szyf,,专业：水利大类（大专），水利类、农业水利工程（本科）
2022,三支一扶,2022安徽三支一扶招募,县林业局,9020 县林业局,大专及以上,林业类（大专），林学类、林业工程类（本科）,,笔试+面试,,,招募类别：支农；服务单位：乡镇林业站；招聘人数：2,安徽 六安市舒城县,https://www.xduim.com/zw/szyf,,专业：林业类（大专），林学类、林业工程类（本科）
2022,三支一扶,2022安徽三支一扶招募,县辖乡镇,9021 县辖乡镇,大专及以上,不限,,笔试+面试,,,招募类别：基层人社平台；服务单位：乡镇社事中心；招聘人数：16,安徽 六安市舒城县,https://www.xduim.com/zw/szyf,,专业：不限
2023,三支一扶,2023安徽三支一扶招募,县辖乡镇,9005 县辖乡镇,大专及以上,不限,,笔试+面试,,,招募类别：基层人社平台；服务单位：乡镇社事中心；招聘人数：20；报名人数：1397；合格人数：1180；缴费人数：787,安徽 六安市舒城县,https://www.xduim.com/zw/szyf,,专业：不限
2024,三支一扶,2024安徽三支一扶招募,舒城县农业农村局,9163 舒城县农业农村局,大专及以上,大专：41农林牧渔大类； 大学本科：09农学门类、0823农业工程类和其他授予农学学士学位的专业； 研究生：09农学门类和其他授予农学硕士学位的专业。,,笔试+面试,,,招募类别：支农；服务单位：乡镇农业综合服务中心；招聘人数：1；报名人数：18；合格人数：15；缴费人数：7,安徽 六安市舒城县,https://www.xduim.com/zw/szyf,,专业：大专：41农林牧渔大类； 大学本科：09农学门类、0823农业工程类和其他授予农学学士学位的专业； 研究生：09农学门类和其他授予农学硕士学位的专业。
2024,三支一扶,2024安徽三支一扶招募,舒城县水利局,9164 舒城县水利局,大专及以上,大专：4502水利工程与管理类； 大学本科：0811水利类； 研究生：0815水利工程、0859土木水利。,,笔试+面试,,,招募类别：支农；服务单位：乡镇水利站；招聘人数：2；报名人数：20；合格人数：19；缴费人数：7,安徽 六安市舒城县,https://www.xduim.com/zw/szyf,,专业：大专：4502水利工程与管理类； 大学本科：0811水利类； 研究生：0815水利工程、0859土木水利。
2024,三支一扶,2024安徽三支一扶招募,舒城县林业局,9165 舒城县林业局,大专及以上,大专：4102林业类； 大学本科：0905林学类； 研究生：0907林学，0954林业。,,笔试+面试,,,招募类别：支农；服务单位：乡镇林业站；招聘人数：1；报名人数：13；合格人数：11；缴费人数：7,安徽 六安市舒城县,https://www.xduim.com/zw/szyf,,专业：大专：4102林业类； 大学本科：0905林学类； 研究生：0907林学，0954林业。
2024,三支一扶,2024安徽三支一扶招募,舒城县辖乡镇,9166 舒城县辖乡镇,大专及以上,不限,,笔试+面试,,,招募类别：基层人社平台；服务单位：乡镇社事中心；招聘人数：16；报名人数：1136；合格人数：1027；缴费人数：585,安徽 六安市舒城县,https://www.xduim.com/zw/szyf,,专业：不限
2025,三支一扶,2025安徽三支一扶招募,县辖乡镇,9157 县辖乡镇,大专及以上,大专：41农林牧渔大类； 本科：09农学门类、0823农业工程类和其他授予农学学士学位的专业； 研究生：09农学门类和其他授予农学硕士学位的专业。,,笔试+面试,,,招募类别：支农-农技；服务单位：乡镇农业农村服务中心；招聘人数：2；报名人数：31；合格人数：25；缴费人数：12,安徽 六安市舒城县,https://www.xduim.com/zw/szyf,,专业：大专：41农林牧渔大类； 本科：09农学门类、0823农业工程类和其他授予农学学士学位的专业； 研究生：09农学门类和其他授予农学硕士学位的专业。
2025,三支一扶,2025安徽三支一扶招募,县辖乡镇,9158 县辖乡镇,大专及以上,大专：4502水利工程与管理类； 本科：0811水利类； 研究生：0815水利工程、0859土木水利。,,笔试+面试,,,招募类别：支农-水利；服务单位：乡镇农业农村服务中心；招聘人数：2；报名人数：26；合格人数：19；缴费人数：8,安徽 六安市舒城县,https://www.xduim.com/zw/szyf,,专业：大专：4502水利工程与管理类； 本科：0811水利类； 研究生：0815水利工程、0859土木水利。
2025,三支一扶,2025安徽三支一扶招募,县辖乡镇,9159 县辖乡镇,大专及以上,专业不限,,笔试+面试,,,招募类别：基层人社平台；服务单位：乡镇便民服务中心；招聘人数：16；报名人数：1448；合格人数：1269；缴费人数：785,安徽 六安市舒城县,https://www.xduim.com/zw/szyf,,专业：专业不限
2022,三支一扶,2022安徽三支一扶招募,区辖乡镇,9010 区辖乡镇,大专及以上,建筑设计类、城乡规划与管理类、土建施工类（大专），地理科学类、力学类、土木类、建筑类（本科），地理学、力学、建筑学、土木工程（研究生），建筑学、城市规划（专业学位硕士）,,笔试+面试,,,招募类别：乡村振兴协理；服务单位：乡镇政府；招聘人数：9,安徽 六安市裕安区,https://www.xduim.com/zw/szyf,,专业：建筑设计类、城乡规划与管理类、土建施工类（大专），地理科学类、力学类、土木类、建筑类（本科），地理学、力学、建筑学、土木工程（研究生），建筑学、城市规划（专业学位硕士）
2022,三支一扶,2022安徽三支一扶招募,区辖乡镇,9011 区辖乡镇,大专及以上,不限,,笔试+面试,,,招募类别：基层人社平台；服务单位：乡镇政府；招聘人数：2,安徽 六安市裕安区,https://www.xduim.com/zw/szyf,,专业：不限
2022,三支一扶,2022安徽三支一扶招募,区自然资源和规划局,9012 区自然资源和规划局,大专及以上,林业技术、森林资源保护、林业调查与信息处理（大专），林学、森林保护、野生动物与自然保护区管理、园林、风景园林（本科）,,笔试+面试,,,招募类别：支农；服务单位：独山国有林木良种场；招聘人数：2,安徽 六安市裕安区,https://www.xduim.com/zw/szyf,,专业：林业技术、森林资源保护、林业调查与信息处理（大专），林学、森林保护、野生动物与自然保护区管理、园林、风景园林（本科）
2022,三支一扶,2022安徽三支一扶招募,区卫健委,9013 区卫健委,大专及以上,临床医学类,,笔试+面试,,,招募类别：支医；服务单位：乡镇卫生院；招聘人数：2,安徽 六安市裕安区,https://www.xduim.com/zw/szyf,,专业：临床医学类
2023,三支一扶,2023安徽三支一扶招募,区辖乡镇,9014 区辖乡镇,大专及以上,不限,,笔试+面试,,,招募类别：乡村振兴协理；服务单位：乡镇人民政府；招聘人数：3；报名人数：241；合格人数：191；缴费人数：114,安徽 六安市裕安区,https://www.xduim.com/zw/szyf,,专业：不限
2023,三支一扶,2023安徽三支一扶招募,区辖乡镇,9015 区辖乡镇,大专及以上,不限,,笔试+面试,,,招募类别：基层人社平台；服务单位：乡镇人民政府；招聘人数：2；报名人数：180；合格人数：135；缴费人数：70,安徽 六安市裕安区,https://www.xduim.com/zw/szyf,,专业：不限
2023,三支一扶,2023安徽三支一扶招募,区卫健委,9016 区卫健委,大专及以上,临床医学专业（大专）；临床医学专业（本科）；临床医学（一级学科），临床医学（专业学位硕士）（研究生）,,笔试+面试,,,招募类别：支医；服务单位：乡镇卫生院；招聘人数：15；报名人数：56；合格人数：40；缴费人数：30,安徽 六安市裕安区,https://www.xduim.com/zw/szyf,,专业：临床医学专业（大专）；临床医学专业（本科）；临床医学（一级学科），临床医学（专业学位硕士）（研究生）
2024,三支一扶,2024安徽三支一扶招募,县辖乡镇,9173 县辖乡镇,大专及以上,不限,,笔试+面试,,,招募类别：乡村振兴协理；服务单位：乡镇政府；招聘人数：5；报名人数：651；合格人数：471；缴费人数：270,安徽 六安市裕安区,https://www.xduim.com/zw/szyf,,专业：不限
2024,三支一扶,2024安徽三支一扶招募,区卫健委,9174 区卫健委,大专及以上,大专：5203药学类； 大学本科：100701药学； 研究生：1007药学、1055药学。,,笔试+面试,,,招募类别：支医；服务单位：乡镇卫生院；招聘人数：4；报名人数：99；合格人数：59；缴费人数：37,安徽 六安市裕安区,https://www.xduim.com/zw/szyf,,专业：大专：5203药学类； 大学本科：100701药学； 研究生：1007药学、1055药学。
2024,三支一扶,2024安徽三支一扶招募,区卫健委,9175 区卫健委,大专及以上,大专：5201临床医学类； 大学本科：100201K临床医学、100301K口腔医学； 研究生：1002临床医学、1003口腔医学、1051临床医学、1052口腔医学。,,笔试+面试,,,招募类别：支医；服务单位：乡镇卫生院；招聘人数：2；报名人数：39；合格人数：20；缴费人数：15,安徽 六安市裕安区,https://www.xduim.com/zw/szyf,,专业：大专：5201临床医学类； 大学本科：100201K临床医学、100301K口腔医学； 研究生：1002临床医学、1003口腔医学、1051临床医学、1052口腔医学。
2024,三支一扶,2024安徽三支一扶招募,区卫健委,9176 区卫健委,大专及以上,大专：520401K中医学； 大学本科：100501K中医学、100601K中西医临床医学； 研究生：1005中医学、1006中西医结合、1057中医。,,笔试+面试,,,招募类别：支医；服务单位：乡镇卫生院；招聘人数：2；报名人数：17；合格人数：13；缴费人数：5,安徽 六安市裕安区,https://www.xduim.com/zw/szyf,,专业：大专：520401K中医学； 大学本科：100501K中医学、100601K中西医临床医学； 研究生：1005中医学、1006中西医结合、1057中医。
2024,三支一扶,2024安徽三支一扶招募,区卫健委,9177 区卫健委,大专及以上,大专：520501医学检验技术； 大学本科：101001医学检验技术； 研究生：1002临床医学、1051临床医学、1058医学技术。,,笔试+面试,,,招募类别：支医；服务单位：乡镇卫生院；招聘人数：2；报名人数：72；合格人数：44；缴费人数：24,安徽 六安市裕安区,https://www.xduim.com/zw/szyf,,专业：大专：520501医学检验技术； 大学本科：101001医学检验技术； 研究生：1002临床医学、1051临床医学、1058医学技术。
2025,三支一扶,2025安徽三支一扶招募,区辖乡镇,9178 区辖乡镇,大专及以上,大专：41农林牧渔大类； 本科：09农学门类、0823农业工程类和其他授予农学学士学位的专业； 研究生：09农学门类和其他授予农学硕士学位的专业。,,笔试+面试,,,招募类别：支农-农技；服务单位：乡镇政府；招聘人数：5；报名人数：44；合格人数：35；缴费人数：22,安徽 六安市裕安区,https://www.xduim.com/zw/szyf,,专业：大专：41农林牧渔大类； 本科：09农学门类、0823农业工程类和其他授予农学学士学位的专业； 研究生：09农学门类和其他授予农学硕士学位的专业。
2025,三支一扶,2025安徽三支一扶招募,区辖乡镇,9179 区辖乡镇,大专及以上,大专：4401建筑设计类、4402城乡规划与管理类、4403土建施工类； 本科：0705地理科学类、0801力学类、0810土木类、0828建筑类； 研究生：0705地理学、0801力学、0813建筑学、0814土木工程、0833城乡规划学，0851建筑、0853城乡规划。,,笔试+面试,,,招募类别：乡村振兴协理-建规；服务单位：乡镇政府；招聘人数：2；报名人数：57；合格人数：37；缴费人数：21,安徽 六安市裕安区,https://www.xduim.com/zw/szyf,,专业：大专：4401建筑设计类、4402城乡规划与管理类、4403土建施工类； 本科：0705地理科学类、0801力学类、0810土木类、0828建筑类； 研究生：0705地理学、0801力学、0813建筑学、0814土木工程、0833城乡规划学，0851建筑、0853城乡规划。
2025,三支一扶,2025安徽三支一扶招募,区辖乡镇,9180 区辖乡镇,大专及以上,专业不限,,笔试+面试,,,招募类别：乡村振兴协理；服务单位：乡镇政府；招聘人数：3；报名人数：405；合格人数：324；缴费人数：174,安徽 六安市裕安区,https://www.xduim.com/zw/szyf,,专业：专业不限
2025,三支一扶,2025安徽三支一扶招募,区卫健委,9181 区卫健委,大专及以上,大专：520401K中医学； 本科：100501K中医学、100601K中西医临床医学； 研究生：1005中医学、1006中西医结合、1057中医。,,笔试+面试,,,招募类别：支医；服务单位：乡镇卫生院；招聘人数：2；报名人数：32；合格人数：28；缴费人数：18,安徽 六安市裕安区,https://www.xduim.com/zw/szyf,,专业：大专：520401K中医学； 本科：100501K中医学、100601K中西医临床医学； 研究生：1005中医学、1006中西医结合、1057中医。
2025,三支一扶,2025安徽三支一扶招募,区卫健委,9182 区卫健委,大专及以上,大专：520502医学影像技术； 本科：100203TK医学影像学、101003医学影像技术、100206TK放射医学； 研究生：100207影像医学与核医学、100106放射医学、105123放射影像学。,,笔试+面试,,,招募类别：支医；服务单位：乡镇卫生院；招聘人数：2；报名人数：75；合格人数：56；缴费人数：41,安徽 六安市裕安区,https://www.xduim.com/zw/szyf,,专业：大专：520502医学影像技术； 本科：100203TK医学影像学、101003医学影像技术、100206TK放射医学； 研究生：100207影像医学与核医学、100106放射医学、105123放射影像学。
2025,三支一扶,2025安徽三支一扶招募,区卫健委,9183 区卫健委,大专及以上,大专：520501医学检验技术； 大学本科：101001医学检验技术； 研究生：1002临床医学、1051临床医学、1058医学技术。,,笔试+面试,,,招募类别：支医；服务单位：罗集乡卫生院；招聘人数：1；报名人数：55；合格人数：46；缴费人数：26,安徽 六安市裕安区,https://www.xduim.com/zw/szyf,,专业：大专：520501医学检验技术； 大学本科：101001医学检验技术； 研究生：1002临床医学、1051临床医学、1058医学技术。
2022,三支一扶,2022安徽三支一扶招募,区卫健委,9001 区卫健委,大专及以上,护理类（大专），护理学类（本科）,,笔试+面试,,,招募类别：支医；服务单位：乡镇卫生院；招聘人数：3,安徽 六安市金安区,https://www.xduim.com/zw/szyf,,专业：护理类（大专），护理学类（本科）
2022,三支一扶,2022安徽三支一扶招募,区辖乡镇,9002 区辖乡镇,大专及以上,建筑设计类、城乡规划与管理类、土建施工类（大专），地理科学类、力学类、土木类、建筑类（本科），地理学、力学、建筑学、土木工程（研究生），建筑学、城市规划（专业学位硕士）,,笔试+面试,,,招募类别：乡村振兴协理；服务单位：乡镇政府；招聘人数：5,安徽 六安市金安区,https://www.xduim.com/zw/szyf,,专业：建筑设计类、城乡规划与管理类、土建施工类（大专），地理科学类、力学类、土木类、建筑类（本科），地理学、力学、建筑学、土木工程（研究生），建筑学、城市规划（专业学位硕士）
2022,三支一扶,2022安徽三支一扶招募,区辖乡镇,9003 区辖乡镇,大专及以上,水利大类（大专），水利类（本科）,,笔试+面试,,,招募类别：支农；服务单位：乡镇政府；招聘人数：2,安徽 六安市金安区,https://www.xduim.com/zw/szyf,,专业：水利大类（大专），水利类（本科）
2022,三支一扶,2022安徽三支一扶招募,区辖乡镇,9004 区辖乡镇,大专及以上,农林牧渔大类（大专），农学门类、农业工程类和其他授予农学学士学位的专业（本科）,,笔试+面试,,,招募类别：支农；服务单位：乡镇政府；招聘人数：6,安徽 六安市金安区,https://www.xduim.com/zw/szyf,,专业：农林牧渔大类（大专），农学门类、农业工程类和其他授予农学学士学位的专业（本科）
2022,三支一扶,2022安徽三支一扶招募,区辖乡镇,9005 区辖乡镇,大专及以上,林业类（大专），林学类（本科）,,笔试+面试,,,招募类别：支农；服务单位：毛坦厂镇；招聘人数：1,安徽 六安市金安区,https://www.xduim.com/zw/szyf,,专业：林业类（大专），林学类（本科）
2022,三支一扶,2022安徽三支一扶招募,区辖乡镇,9006 区辖乡镇,大专及以上,法律实务类、法律执行类（大专），法学类（本科），法学（研究生），法律（专业学位硕士）,,笔试+面试,,,招募类别：乡村振兴协理；服务单位：乡镇政府；招聘人数：2,安徽 六安市金安区,https://www.xduim.com/zw/szyf,,专业：法律实务类、法律执行类（大专），法学类（本科），法学（研究生），法律（专业学位硕士）
2022,三支一扶,2022安徽三支一扶招募,区辖乡镇,9007 区辖乡镇,大专及以上,不限,,笔试+面试,,,招募类别：乡村振兴协理；服务单位：乡镇政府；招聘人数：10,安徽 六安市金安区,https://www.xduim.com/zw/szyf,,专业：不限
2022,三支一扶,2022安徽三支一扶招募,区辖乡镇,9008 区辖乡镇,大专及以上,不限,,笔试+面试,,,招募类别：基层人社平台；服务单位：乡镇政府；招聘人数：4,安徽 六安市金安区,https://www.xduim.com/zw/szyf,,专业：不限
2022,三支一扶,2022安徽三支一扶招募,区教育局,9009 区教育局,大专及以上,不限,,笔试+面试,,,招募类别：支教；服务单位：乡镇幼儿园；招聘人数：30,安徽 六安市金安区,https://www.xduim.com/zw/szyf,,专业：不限
2023,三支一扶,2023安徽三支一扶招募,区卫健委,9006 区卫健委,大专及以上,临床医学类(大专)；临床医学类(本科)；临床医学（一级学科），临床医学（专业学位硕士）（研究生）,,笔试+面试,,,招募类别：支医；服务单位：乡镇卫生院；招聘人数：4；报名人数：18；合格人数：8；缴费人数：4,安徽 六安市金安区,https://www.xduim.com/zw/szyf,,专业：临床医学类(大专)；临床医学类(本科)；临床医学（一级学科），临床医学（专业学位硕士）（研究生）
2023,三支一扶,2023安徽三支一扶招募,区辖乡镇,9007 区辖乡镇,大专及以上,建筑设计类、城乡规划与管理类、土建施工类（大专）；地理科学类、力学类、土木类、建筑类（本科）；地理学、力学、建筑学、土木工程、城乡规划学（一级学科），建筑、城乡规划（专业学位硕士）（研究生）,,笔试+面试,,,招募类别：乡村振兴协理；服务单位：乡镇人民政府；招聘人数：4；报名人数：115；合格人数：80；缴费人数：45,安徽 六安市金安区,https://www.xduim.com/zw/szyf,,专业：建筑设计类、城乡规划与管理类、土建施工类（大专）；地理科学类、力学类、土木类、建筑类（本科）；地理学、力学、建筑学、土木工程、城乡规划学（一级学科），建筑、城乡规划（专业学位硕士）（研究生）
2023,三支一扶,2023安徽三支一扶招募,区辖乡镇,9008 区辖乡镇,大专及以上,水利大类（大专）；水利类（本科）；水利工程（一级学科），土木水利（专业学位硕士）（研究生）,,笔试+面试,,,招募类别：支农；服务单位：乡镇人民政府；招聘人数：3；报名人数：36；合格人数：27；缴费人数：19,安徽 六安市金安区,https://www.xduim.com/zw/szyf,,专业：水利大类（大专）；水利类（本科）；水利工程（一级学科），土木水利（专业学位硕士）（研究生）
2023,三支一扶,2023安徽三支一扶招募,区辖乡镇,9009 区辖乡镇,大专及以上,农林牧渔大类（大专）；农学门类、农业工程类和其他授予农学学士学位的专业（本科）；农学门类和其他授予农学硕士学位的专业（研究生）,,笔试+面试,,,招募类别：支农；服务单位：乡镇人民政府；招聘人数：5；报名人数：67；合格人数：46；缴费人数：29,安徽 六安市金安区,https://www.xduim.com/zw/szyf,,专业：农林牧渔大类（大专）；农学门类、农业工程类和其他授予农学学士学位的专业（本科）；农学门类和其他授予农学硕士学位的专业（研究生）
2023,三支一扶,2023安徽三支一扶招募,区辖乡镇,9010 区辖乡镇,大专及以上,林业类（大专）；林学类（本科）；林学（一级学科），林业（专业学位硕士）（研究生）,,笔试+面试,,,招募类别：支农；服务单位：毛坦厂镇人民政府；招聘人数：1；报名人数：15；合格人数：11；缴费人数：8,安徽 六安市金安区,https://www.xduim.com/zw/szyf,,专业：林业类（大专）；林学类（本科）；林学（一级学科），林业（专业学位硕士）（研究生）
2023,三支一扶,2023安徽三支一扶招募,区辖乡镇,9011 区辖乡镇,大专及以上,法律实务类、法律执行类（大专）；法学类（本科）；法学（一级学科）、法律（专业学位硕士）（研究生）,,笔试+面试,,,招募类别：乡村振兴协理；服务单位：乡镇人民政府；招聘人数：2；报名人数：66；合格人数：52；缴费人数：29,安徽 六安市金安区,https://www.xduim.com/zw/szyf,,专业：法律实务类、法律执行类（大专）；法学类（本科）；法学（一级学科）、法律（专业学位硕士）（研究生）
2023,三支一扶,2023安徽三支一扶招募,区辖乡镇,9012 区辖乡镇,大专及以上,不限,,笔试+面试,,,招募类别：乡村振兴协理；服务单位：乡镇人民政府；招聘人数：5；报名人数：479；合格人数：377；缴费人数：241,安徽 六安市金安区,https://www.xduim.com/zw/szyf,,专业：不限
2023,三支一扶,2023安徽三支一扶招募,区教育局,9013 区教育局,大专及以上,教育类（大专）；教育学类（本科）；教育学（一级学科），教育（专业学位硕士）（研究生）,,笔试+面试,,,招募类别：支教；服务单位：乡镇幼儿园；招聘人数：30；报名人数：564；合格人数：411；缴费人数：280,安徽 六安市金安区,https://www.xduim.com/zw/szyf,,专业：教育类（大专）；教育学类（本科）；教育学（一级学科），教育（专业学位硕士）（研究生）
2024,三支一扶,2024安徽三支一扶招募,区辖乡镇,9167 区辖乡镇,大专及以上,大专：4401建筑设计类、4402城乡规划与管理类、4403土建施工类； 大学本科：0705地理科学类、0801力学类、0810土木类、0828建筑类； 研究生：0705地理学、0801力学、0813建筑学、0814土木工程、0833城乡规划学，0851建筑、0853城乡规划。,,笔试+面试,,,招募类别：乡村振兴协理；服务单位：乡镇人民政府；招聘人数：4；报名人数：143；合格人数：120；缴费人数：69,安徽 六安市金安区,https://www.xduim.com/zw/szyf,,专业：大专：4401建筑设计类、4402城乡规划与管理类、4403土建施工类； 大学本科：0705地理科学类、0801力学类、0810土木类、0828建筑类； 研究生：0705地理学、0801力学、0813建筑学、0814土木工程、0833城乡规划学，0851建筑、0853城乡规划。
2024,三支一扶,2024安徽三支一扶招募,区辖乡镇,9168 区辖乡镇,大专及以上,大专：45水利大类； 大学本科：0811水利类； 研究生：0815水利工程、0859土木水利。,,笔试+面试,,,招募类别：支农；服务单位：乡镇人民政府；招聘人数：5；报名人数：58；合格人数：47；缴费人数：27,安徽 六安市金安区,https://www.xduim.com/zw/szyf,,专业：大专：45水利大类； 大学本科：0811水利类； 研究生：0815水利工程、0859土木水利。
2024,三支一扶,2024安徽三支一扶招募,区辖乡镇,9169 区辖乡镇,大专及以上,大专：41农林牧渔大类； 大学本科：09农学门类、0823农业工程类和其他授予农学学士学位的专业； 研究生：09农学门类和其他授予农学硕士学位的专业。,,笔试+面试,,,招募类别：支农；服务单位：乡镇人民政府；招聘人数：6；报名人数：83；合格人数：76；缴费人数：45,安徽 六安市金安区,https://www.xduim.com/zw/szyf,,专业：大专：41农林牧渔大类； 大学本科：09农学门类、0823农业工程类和其他授予农学学士学位的专业； 研究生：09农学门类和其他授予农学硕士学位的专业。
2024,三支一扶,2024安徽三支一扶招募,区辖乡镇,9170 区辖乡镇,大专及以上,大专：4102林业类； 大学本科：0905林学类； 研究生：0907林学，0954林业。,,笔试+面试,,,招募类别：支农；服务单位：椿树镇人民政府；招聘人数：1；报名人数：15；合格人数：9；缴费人数：3,安徽 六安市金安区,https://www.xduim.com/zw/szyf,,专业：大专：4102林业类； 大学本科：0905林学类； 研究生：0907林学，0954林业。
2024,三支一扶,2024安徽三支一扶招募,区辖乡镇,9171 区辖乡镇,大专及以上,大专：5804法律实务类、5805法律执行类； 大学本科：0301法学类； 研究生：0301法学、0351法律。,,笔试+面试,,,招募类别：乡村振兴协理；服务单位：乡镇人民政府；招聘人数：2；报名人数：66；合格人数：58；缴费人数：26,安徽 六安市金安区,https://www.xduim.com/zw/szyf,,专业：大专：5804法律实务类、5805法律执行类； 大学本科：0301法学类； 研究生：0301法学、0351法律。
2024,三支一扶,2024安徽三支一扶招募,区教育局,9172 区教育局,大专及以上,大专：5701教育类； 大学本科：0401教育学类； 研究生：0401教育学、0451教育。,,笔试+面试,,,招募类别：支教；服务单位：乡镇幼儿园；招聘人数：25；报名人数：750；合格人数：557；缴费人数：362,安徽 六安市金安区,https://www.xduim.com/zw/szyf,,专业：大专：5701教育类； 大学本科：0401教育学类； 研究生：0401教育学、0451教育。
2025,三支一扶,2025安徽三支一扶招募,区辖乡镇,9160 区辖乡镇,大专及以上,大专：41农林牧渔大类； 本科：09农学门类、0823农业工程类和其他授予农学学士学位的专业； 研究生：09农学门类和其他授予农学硕士学位的专业。,,笔试+面试,,,招募类别：支农-农技；服务单位：乡镇人民政府；招聘人数：3；报名人数：26；合格人数：21；缴费人数：13,安徽 六安市金安区,https://www.xduim.com/zw/szyf,,专业：大专：41农林牧渔大类； 本科：09农学门类、0823农业工程类和其他授予农学学士学位的专业； 研究生：09农学门类和其他授予农学硕士学位的专业。
2025,三支一扶,2025安徽三支一扶招募,区辖乡镇,9161 区辖乡镇,大专及以上,大专：45水利大类； 本科：0811水利类； 研究生：0815水利工程，0859土木水利。,,笔试+面试,,,招募类别：支农-水利；服务单位：乡镇人民政府；招聘人数：3；报名人数：48；合格人数：40；缴费人数：28,安徽 六安市金安区,https://www.xduim.com/zw/szyf,,专业：大专：45水利大类； 本科：0811水利类； 研究生：0815水利工程，0859土木水利。
2025,三支一扶,2025安徽三支一扶招募,区辖乡镇,9162 区辖乡镇,大专及以上,大专：4102林业类； 本科：0905林学类； 研究生：0907林学，0954林业。,,笔试+面试,,,招募类别：支农-林业；服务单位：张店镇人民政府；招聘人数：1；报名人数：12；合格人数：10；缴费人数：3,安徽 六安市金安区,https://www.xduim.com/zw/szyf,,专业：大专：4102林业类； 本科：0905林学类； 研究生：0907林学，0954林业。
2025,三支一扶,2025安徽三支一扶招募,区辖乡镇,9163 区辖乡镇,大专及以上,大专：4401建筑设计类、4402城乡规划与管理类、4403土建施工类； 本科：0705地理科学类、0801力学类、0810土木类、0828建筑类； 研究生：0705地理学、0801力学、0813建筑学、0814土木工程、0833城乡规划学，0851建筑、0853城乡规划。,,笔试+面试,,,招募类别：乡村振兴协理-建规；服务单位：乡镇人民政府；招聘人数：2；报名人数：63；合格人数：39；缴费人数：27,安徽 六安市金安区,https://www.xduim.com/zw/szyf,,专业：大专：4401建筑设计类、4402城乡规划与管理类、4403土建施工类； 本科：0705地理科学类、0801力学类、0810土木类、0828建筑类； 研究生：0705地理学、0801力学、0813建筑学、0814土木工程、0833城乡规划学，0851建筑、0853城乡规划。
2025,三支一扶,2025安徽三支一扶招募,区辖乡镇,9164 区辖乡镇,大专及以上,专业不限,,笔试+面试,,,招募类别：乡村振兴协理；服务单位：马头镇人民政府；招聘人数：1；报名人数：138；合格人数：81；缴费人数：47,安徽 六安市金安区,https://www.xduim.com/zw/szyf,,专业：专业不限
2025,三支一扶,2025安徽三支一扶招募,区教育局,9165 区教育局,本科及以上,专业不限,,笔试+面试,,,招募类别：支教；服务单位：乡镇初级中学；招聘人数：5；报名人数：282；合格人数：196；缴费人数：140,安徽 六安市金安区,https://www.xduim.com/zw/szyf,,专业：专业不限
2025,三支一扶,2025安徽三支一扶招募,区教育局,9166 区教育局,本科及以上,专业不限,,笔试+面试,,,招募类别：支教；服务单位：乡镇初级中学；招聘人数：5；报名人数：245；合格人数：207；缴费人数：127,安徽 六安市金安区,https://www.xduim.com/zw/szyf,,专业：专业不限
2025,三支一扶,2025安徽三支一扶招募,区教育局,9167 区教育局,本科及以上,专业不限,,笔试+面试,,,招募类别：支教；服务单位：乡镇初级中学；招聘人数：5；报名人数：211；合格人数：179；缴费人数：112,安徽 六安市金安区,https://www.xduim.com/zw/szyf,,专业：专业不限
2025,三支一扶,2025安徽三支一扶招募,区教育局,9168 区教育局,本科及以上,专业不限,,笔试+面试,,,招募类别：支教；服务单位：乡镇初级中学；招聘人数：2；报名人数：26；合格人数：23；缴费人数：12,安徽 六安市金安区,https://www.xduim.com/zw/szyf,,专业：专业不限
2025,三支一扶,2025安徽三支一扶招募,区教育局,9169 区教育局,本科及以上,专业不限,,笔试+面试,,,招募类别：支教；服务单位：乡镇初级中学；招聘人数：2；报名人数：60；合格人数：55；缴费人数：36,安徽 六安市金安区,https://www.xduim.com/zw/szyf,,专业：专业不限
2025,三支一扶,2025安徽三支一扶招募,区教育局,9170 区教育局,本科及以上,专业不限,,笔试+面试,,,招募类别：支教；服务单位：乡镇初级中学；招聘人数：1；报名人数：36；合格人数：26；缴费人数：15,安徽 六安市金安区,https://www.xduim.com/zw/szyf,,专业：专业不限
2025,三支一扶,2025安徽三支一扶招募,区卫健委,9171 区卫健委,本科及以上,本科：100201K临床医学； 研究生：1002临床医学、1051临床医学。,,笔试+面试,,,招募类别：支医；服务单位：乡镇卫生院；招聘人数：2；报名人数：13；合格人数：12；缴费人数：8,安徽 六安市金安区,https://www.xduim.com/zw/szyf,,专业：本科：100201K临床医学； 研究生：1002临床医学、1051临床医学。
2025,三支一扶,2025安徽三支一扶招募,区卫健委,9172 区卫健委,本科及以上,本科：101101K护理学； 研究生：1011护理学、100209护理学、1054护理。,,笔试+面试,,,招募类别：支医；服务单位：淠东乡卫生院；招聘人数：1；报名人数：50；合格人数：27；缴费人数：12,安徽 六安市金安区,https://www.xduim.com/zw/szyf,,专业：本科：101101K护理学； 研究生：1011护理学、100209护理学、1054护理。
2025,三支一扶,2025安徽三支一扶招募,区卫健委,9173 区卫健委,本科及以上,本科：100301K口腔医学； 研究生：1003口腔医学、1052口腔医学。,,笔试+面试,,,招募类别：支医；服务单位：双河镇中心卫生院；招聘人数：1；报名人数：7；合格人数：5；缴费人数：1,安徽 六安市金安区,https://www.xduim.com/zw/szyf,,专业：本科：100301K口腔医学； 研究生：1003口腔医学、1052口腔医学。
2025,三支一扶,2025安徽三支一扶招募,区卫健委,9174 区卫健委,本科及以上,本科：100701药学； 研究生：1007药学、1055药学。,,笔试+面试,,,招募类别：支医；服务单位：横塘岗乡卫生院；招聘人数：1；报名人数：52；合格人数：38；缴费人数：24,安徽 六安市金安区,https://www.xduim.com/zw/szyf,,专业：本科：100701药学； 研究生：1007药学、1055药学。
2025,三支一扶,2025安徽三支一扶招募,区卫健委,9175 区卫健委,大专及以上,大专：520501医学检验技术； 本科：101001医学检验技术； 研究生：1002临床医学、1051临床医学、1058医学技术。,,笔试+面试,,,招募类别：支医；服务单位：横塘岗乡卫生院；招聘人数：1；报名人数：41；合格人数：30；缴费人数：23,安徽 六安市金安区,https://www.xduim.com/zw/szyf,,专业：大专：520501医学检验技术； 本科：101001医学检验技术； 研究生：1002临床医学、1051临床医学、1058医学技术。
2025,三支一扶,2025安徽三支一扶招募,区卫健委,9176 区卫健委,本科及以上,本科：100203TK医学影像学、101003医学影像技术、100206TK放射医学； 研究生：100207影像医学与核医学、100106放射医学、105123放射影像学。,,笔试+面试,,,招募类别：支医；服务单位：东河口镇中心卫生院；招聘人数：1；报名人数：21；合格人数：10；缴费人数：9,安徽 六安市金安区,https://www.xduim.com/zw/szyf,,专业：本科：100203TK医学影像学、101003医学影像技术、100206TK放射医学； 研究生：100207影像医学与核医学、100106放射医学、105123放射影像学。
2025,三支一扶,2025安徽三支一扶招募,区卫健委,9177 区卫健委,本科及以上,本科：100601K中西医临床医学； 研究生：1006中西医结合。,,笔试+面试,,,招募类别：支医；服务单位：东桥镇卫生院；招聘人数：1；报名人数：15；合格人数：12；缴费人数：11,安徽 六安市金安区,https://www.xduim.com/zw/szyf,,专业：本科：100601K中西医临床医学； 研究生：1006中西医结合。
2022,三支一扶,2022安徽三支一扶招募,县辖乡镇,9022 县辖乡镇,大专及以上,不限,,笔试+面试,,,招募类别：乡村振兴协理；服务单位：乡镇政府；招聘人数：12,安徽 六安市金寨县,https://www.xduim.com/zw/szyf,,专业：不限
2022,三支一扶,2022安徽三支一扶招募,县辖乡镇,9023 县辖乡镇,大专及以上,"林业类（大专）,林学类、林业工程类（本科）",,笔试+面试,,,招募类别：支农；服务单位：乡镇政府；招聘人数：4,安徽 六安市金寨县,https://www.xduim.com/zw/szyf,,"专业：林业类（大专）,林学类、林业工程类（本科）"
2022,三支一扶,2022安徽三支一扶招募,县卫健委,9024 县卫健委,大专及以上,"临床医学类（大专）,临床医学类、中医学类（本科）",,笔试+面试,,,招募类别：支医；服务单位：乡镇卫生院；招聘人数：4,安徽 六安市金寨县,https://www.xduim.com/zw/szyf,,"专业：临床医学类（大专）,临床医学类、中医学类（本科）"
2023,三支一扶,2023安徽三支一扶招募,县辖乡镇,9003 县辖乡镇,大专及以上,不限,,笔试+面试,,,招募类别：乡村振兴协理；服务单位：乡镇人民政府；招聘人数：10；报名人数：607；合格人数：546；缴费人数：320,安徽 六安市金寨县,https://www.xduim.com/zw/szyf,,专业：不限
2023,三支一扶,2023安徽三支一扶招募,县辖乡镇,9004 县辖乡镇,大专及以上,农业类（专科）；农学门类（本科）；农学门类及其他授予农学硕士学位的专业（研究生）,,笔试+面试,,,招募类别：支农；服务单位：乡镇人民政府；招聘人数：5；报名人数：40；合格人数：29；缴费人数：14,安徽 六安市金寨县,https://www.xduim.com/zw/szyf,,专业：农业类（专科）；农学门类（本科）；农学门类及其他授予农学硕士学位的专业（研究生）
2024,三支一扶,2024安徽三支一扶招募,县辖乡镇,9161 县辖乡镇,大专及以上,不限,,笔试+面试,,,招募类别：乡村振兴协理；服务单位：乡镇人民政府；招聘人数：15；报名人数：991；合格人数：798；缴费人数：463,安徽 六安市金寨县,https://www.xduim.com/zw/szyf,,专业：不限
2024,三支一扶,2024安徽三支一扶招募,县辖乡镇,9162 县辖乡镇,大专及以上,大专：4101农业类； 大学本科：09农学门类； 研究生：09农学门类及其他授予农学硕士学位的专业。,,笔试+面试,,,招募类别：支农；服务单位：乡镇人民政府；招聘人数：8；报名人数：60；合格人数：49；缴费人数：25,安徽 六安市金寨县,https://www.xduim.com/zw/szyf,,专业：大专：4101农业类； 大学本科：09农学门类； 研究生：09农学门类及其他授予农学硕士学位的专业。
2025,三支一扶,2025安徽三支一扶招募,县辖乡镇,9154 县辖乡镇,大专及以上,专业不限,,笔试+面试,,,招募类别：乡村振兴协理；服务单位：乡镇政府；招聘人数：16；报名人数：1382；合格人数：1202；缴费人数：722,安徽 六安市金寨县,https://www.xduim.com/zw/szyf,,专业：专业不限
2025,三支一扶,2025安徽三支一扶招募,县辖乡镇,9155 县辖乡镇,大专及以上,大专：41农林牧渔； 本科：09农学； 研究生：09农学。,,笔试+面试,,,招募类别：支农-农技；服务单位：乡镇政府；招聘人数：7；报名人数：50；合格人数：38；缴费人数：25,安徽 六安市金寨县,https://www.xduim.com/zw/szyf,,专业：大专：41农林牧渔； 本科：09农学； 研究生：09农学。
2022,三支一扶,2022安徽三支一扶招募,县辖乡镇,9025 县辖乡镇,大专及以上,不限,,笔试+面试,,,招募类别：乡村振兴协理；服务单位：乡镇政府；招聘人数：15,安徽 六安市霍山县,https://www.xduim.com/zw/szyf,,专业：不限
2023,三支一扶,2023安徽三支一扶招募,县辖乡镇,9002 县辖乡镇,大专及以上,不限,,笔试+面试,,,招募类别：乡村振兴协理；服务单位：乡镇人民政府；招聘人数：15；报名人数：732；合格人数：668；缴费人数：408,安徽 六安市霍山县,https://www.xduim.com/zw/szyf,,专业：不限
2024,三支一扶,2024安徽三支一扶招募,县辖乡镇,9160 县辖乡镇,大专及以上,不限,,笔试+面试,,,招募类别：乡村振兴协理；服务单位：乡镇人民政府；招聘人数：10；报名人数：634；合格人数：571；缴费人数：307,安徽 六安市霍山县,https://www.xduim.com/zw/szyf,,专业：不限
2025,三支一扶,2025安徽三支一扶招募,县辖乡镇,9156 县辖乡镇,大专及以上,专业不限,,笔试+面试,,,招募类别：乡村振兴协理；服务单位：乡镇政府；招聘人数：8；报名人数：656；合格人数：510；缴费人数：316,安徽 六安市霍山县,https://www.xduim.com/zw/szyf,,专业：专业不限
2022,三支一扶,2022安徽三支一扶招募,县卫健委,9016 县卫健委,大专及以上,医药卫生大类（大专），医学门类（本科）,,笔试+面试,,,招募类别：支医；服务单位：乡镇卫生院；招聘人数：14,安徽 六安市霍邱县,https://www.xduim.com/zw/szyf,,专业：医药卫生大类（大专），医学门类（本科）
2022,三支一扶,2022安徽三支一扶招募,县辖乡镇,9017 县辖乡镇,大专及以上,不限,,笔试+面试,,,招募类别：乡村振兴协理；服务单位：乡镇政府；招聘人数：20,安徽 六安市霍邱县,https://www.xduim.com/zw/szyf,,专业：不限
2023,三支一扶,2023安徽三支一扶招募,县辖乡镇,9001 县辖乡镇,大专及以上,不限,,笔试+面试,,,招募类别：乡村振兴协理；服务单位：乡镇人民政府；招聘人数：20；报名人数：1041；合格人数：929；缴费人数：575,安徽 六安市霍邱县,https://www.xduim.com/zw/szyf,,专业：不限
2024,三支一扶,2024安徽三支一扶招募,县卫健委,9157 县卫健委,大专及以上,大专：52医药卫生大类； 大学本科：10医学门类； 研究生：10医学门类。,,笔试+面试,,,招募类别：支医；服务单位：乡镇卫生院；招聘人数：6；报名人数：262；合格人数：216；缴费人数：135,安徽 六安市霍邱县,https://www.xduim.com/zw/szyf,,专业：大专：52医药卫生大类； 大学本科：10医学门类； 研究生：10医学门类。
2024,三支一扶,2024安徽三支一扶招募,县辖乡镇,9158 县辖乡镇,大专及以上,不限,,笔试+面试,,,招募类别：乡村振兴协理；服务单位：乡镇人民政府；招聘人数：6；报名人数：419；合格人数：365；缴费人数：202,安徽 六安市霍邱县,https://www.xduim.com/zw/szyf,,专业：不限
2024,三支一扶,2024安徽三支一扶招募,县辖乡镇,9159 县辖乡镇,大专及以上,不限,,笔试+面试,,,招募类别：基层人社平台；服务单位：乡镇人民政府；招聘人数：6；报名人数：432；合格人数：361；缴费人数：177,安徽 六安市霍邱县,https://www.xduim.com/zw/szyf,,专业：不限
2025,三支一扶,2025安徽三支一扶招募,县卫健委,9152 县卫健委,大专及以上,大专：52医药卫生大类； 本科：10医学门类； 研究生：10医学门类。,,笔试+面试,,,招募类别：支医；服务单位：乡镇卫生院；招聘人数：2；报名人数：244；合格人数：199；缴费人数：124,安徽 六安市霍邱县,https://www.xduim.com/zw/szyf,,专业：大专：52医药卫生大类； 本科：10医学门类； 研究生：10医学门类。
2025,三支一扶,2025安徽三支一扶招募,县辖乡镇,9153 县辖乡镇,大专及以上,专业不限,,笔试+面试,,,招募类别：基层人社平台；服务单位：乡镇政府；招聘人数：13；报名人数：1114；合格人数：968；缴费人数：603,安徽 六安市霍邱县,https://www.xduim.com/zw/szyf,,专业：专业不限
2025,三支一扶,2025安徽三支一扶招募,县（区）辖乡镇,1001 县（区）辖乡镇,大专及以上,专业不限,,笔试+面试,,,招募类别：乡村振兴协理；服务单位：三十岗乡政府；招聘人数：3；报名人数：1341；合格人数：337；缴费人数：170,安徽 合肥市庐阳区,https://www.xduim.com/zw/szyf,,专业：专业不限
2025,三支一扶,2025安徽三支一扶招募,县（区）辖乡镇,1002 县（区）辖乡镇,大专及以上,专业不限,,笔试+面试,,,招募类别：乡村振兴协理；服务单位：大杨镇政府；招聘人数：3；报名人数：1459；合格人数：792；缴费人数：373,安徽 合肥市庐阳区,https://www.xduim.com/zw/szyf,,专业：专业不限
2025,三支一扶,2025安徽三支一扶招募,瑶海区卫健委,1003 瑶海区卫健委,本科及以上,本科：100501K中医学、100502K针灸推拿学； 研究生：100506中医内科学、100512针灸推拿学、105701中医内科学、105707针灸推拿学。,,笔试+面试,,,招募类别：支医；服务单位：大兴镇中心卫生院；招聘人数：1；报名人数：74；合格人数：52；缴费人数：24,安徽 合肥市瑶海区,https://www.xduim.com/zw/szyf,,专业：本科：100501K中医学、100502K针灸推拿学； 研究生：100506中医内科学、100512针灸推拿学、105701中医内科学、105707针灸推拿学。
2025,三支一扶,2025安徽三支一扶招募,瑶海区卫健委,1004 瑶海区卫健委,本科及以上,本科：100201K临床医学； 研究生：100201内科学、100202儿科学、100210外科学、105101内科学、105102儿科学、105109全科医学、105111外科学。,,笔试+面试,,,招募类别：支医；服务单位：大兴镇中心卫生院；招聘人数：1；报名人数：34；合格人数：23；缴费人数：8,安徽 合肥市瑶海区,https://www.xduim.com/zw/szyf,,专业：本科：100201K临床医学； 研究生：100201内科学、100202儿科学、100210外科学、105101内科学、105102儿科学、105109全科医学、105111外科学。
2022,三支一扶,2022安徽三支一扶招募,县卫健委,1001 县卫健委,大专及以上,临床医学类,,笔试+面试,,,招募类别：支医；服务单位：乡镇卫生院；招聘人数：10,安徽 合肥市肥东县,https://www.xduim.com/zw/szyf,,专业：临床医学类
2022,三支一扶,2022安徽三支一扶招募,县卫健委,1002 县卫健委,大专及以上,护理类（大专），护理学类（本科）,,笔试+面试,,,招募类别：支医；服务单位：乡镇卫生院；招聘人数：10,安徽 合肥市肥东县,https://www.xduim.com/zw/szyf,,专业：护理类（大专），护理学类（本科）
2023,三支一扶,2023安徽三支一扶招募,县卫健委,1001 县卫健委,大专及以上,临床医学类（大专、本科）；临床医学、口腔医学、中医学（一级学科），临床医学（专业硕士学位）（研究生）,,笔试+面试,,,招募类别：支医；服务单位：乡镇卫生院；招聘人数：20；报名人数：164；合格人数：95；缴费人数：73,安徽 合肥市肥东县,https://www.xduim.com/zw/szyf,,专业：临床医学类（大专、本科）；临床医学、口腔医学、中医学（一级学科），临床医学（专业硕士学位）（研究生）
2023,三支一扶,2023安徽三支一扶招募,县卫健委,1002 县卫健委,大专及以上,护理类（大专）；护理学类（本科）；护理学（一级学科）、护理（专业硕士学位）（研究生）,,笔试+面试,,,招募类别：支医；服务单位：乡镇卫生院；招聘人数：20；报名人数：722；合格人数：448；缴费人数：279,安徽 合肥市肥东县,https://www.xduim.com/zw/szyf,,专业：护理类（大专）；护理学类（本科）；护理学（一级学科）、护理（专业硕士学位）（研究生）
2023,三支一扶,2023安徽三支一扶招募,县农业农村局,1003 县农业农村局,大专及以上,农业类（大专）；植物生产类（本科）；作物学、农业资源与环境、植物保护（一级学科）（研究生）,,笔试+面试,,,招募类别：支农；服务单位：乡镇农业技术推广区域站；招聘人数：10；报名人数：86；合格人数：45；缴费人数：22,安徽 合肥市肥东县,https://www.xduim.com/zw/szyf,,专业：农业类（大专）；植物生产类（本科）；作物学、农业资源与环境、植物保护（一级学科）（研究生）
2024,三支一扶,2024安徽三支一扶招募,县（区）辖乡镇,1008 县（区）辖乡镇,大专及以上,不限,,笔试+面试,,,招募类别：基层人社平台；服务单位：乡镇政府；招聘人数：3；报名人数：536；合格人数：419；缴费人数：188,安徽 合肥市肥东县,https://www.xduim.com/zw/szyf,,专业：不限
2024,三支一扶,2024安徽三支一扶招募,县（区）辖乡镇,1009 县（区）辖乡镇,大专及以上,不限,,笔试+面试,,,招募类别：乡村振兴协理；服务单位：乡镇政府；招聘人数：7；报名人数：1216；合格人数：902；缴费人数：453,安徽 合肥市肥东县,https://www.xduim.com/zw/szyf,,专业：不限
2024,三支一扶,2024安徽三支一扶招募,县（区）辖乡镇,1010 县（区）辖乡镇,大专及以上,大专：4401建筑设计类、4402城乡规划与管理类、4403土建施工类； 本科：0705地理科学类、0801力学类、0810土木类、0828建筑类； 研究生：0705地理学、0801力学、0813建筑学、0814土木工程、0813建筑学、0853城乡规划。,,笔试+面试,,,招募类别：乡村振兴协理；服务单位：乡镇政府；招聘人数：6；报名人数：388；合格人数：266；缴费人数：125,安徽 合肥市肥东县,https://www.xduim.com/zw/szyf,,专业：大专：4401建筑设计类、4402城乡规划与管理类、4403土建施工类； 本科：0705地理科学类、0801力学类、0810土木类、0828建筑类； 研究生：0705地理学、0801力学、0813建筑学、0814土木工程、0813建筑学、0853城乡规划。
2024,三支一扶,2024安徽三支一扶招募,县（区）辖乡镇,1011 县（区）辖乡镇,大专及以上,大专：5804法律实务类、5805法律执行类； 本科：0301法学类； 研究生：0301法学、0351法律。,,笔试+面试,,,招募类别：乡村振兴协理；服务单位：乡镇政府；招聘人数：2；报名人数：167；合格人数：126；缴费人数：55,安徽 合肥市肥东县,https://www.xduim.com/zw/szyf,,专业：大专：5804法律实务类、5805法律执行类； 本科：0301法学类； 研究生：0301法学、0351法律。
2025,三支一扶,2025安徽三支一扶招募,桥头集镇人民政府,1010 桥头集镇人民政府,大专及以上,大专：5804法律实务类、5805法律执行类； 本科：0301法学类； 研究生：0301法学、0351法律。,,笔试+面试,,,招募类别：乡村振兴协理-法律；服务单位：桥头集镇人民政府；招聘人数：1；报名人数：60；合格人数：46；缴费人数：20,安徽 合肥市肥东县,https://www.xduim.com/zw/szyf,,专业：大专：5804法律实务类、5805法律执行类； 本科：0301法学类； 研究生：0301法学、0351法律。
2025,三支一扶,2025安徽三支一扶招募,古城镇人民政府,1011 古城镇人民政府,大专及以上,专业不限,,笔试+面试,,,招募类别：乡村振兴协理；服务单位：古城镇人民政府；招聘人数：1；报名人数：292；合格人数：187；缴费人数：94,安徽 合肥市肥东县,https://www.xduim.com/zw/szyf,,专业：专业不限
2025,三支一扶,2025安徽三支一扶招募,八斗镇人民政府,1012 八斗镇人民政府,大专及以上,专业不限,,笔试+面试,,,招募类别：基层人社平台；服务单位：八斗镇人民政府；招聘人数：1；报名人数：307；合格人数：262；缴费人数：112,安徽 合肥市肥东县,https://www.xduim.com/zw/szyf,,专业：专业不限
2025,三支一扶,2025安徽三支一扶招募,响导乡人民政府,1013 响导乡人民政府,大专及以上,大专：4401建筑设计类、4402城乡规划与管理类、4403土建施工类； 本科：0705地理科学类、0801力学类、0810土木类、0828建筑类； 研究生：0705地理学、0801力学、0813建筑学、0814土木工程、0833城乡规划学，0851建筑、0853城乡规划。,,笔试+面试,,,招募类别：乡村振兴协理-建规；服务单位：响导乡人民政府；招聘人数：1；报名人数：48；合格人数：33；缴费人数：18,安徽 合肥市肥东县,https://www.xduim.com/zw/szyf,,专业：大专：4401建筑设计类、4402城乡规划与管理类、4403土建施工类； 本科：0705地理科学类、0801力学类、0810土木类、0828建筑类； 研究生：0705地理学、0801力学、0813建筑学、0814土木工程、0833城乡规划学，0851建筑、0853城乡规划。
2022,三支一扶,2022安徽三支一扶招募,县卫健委,1003 县卫健委,大专及以上,临床医学类,,笔试+面试,,,招募类别：支医；服务单位：乡镇卫生院；招聘人数：8,安徽 合肥市肥西县,https://www.xduim.com/zw/szyf,,专业：临床医学类
2022,三支一扶,2022安徽三支一扶招募,县卫健委,1004 县卫健委,大专及以上,口腔医学、中医骨伤、针灸推拿（大专），口腔医学类、中医学类（本科）,,笔试+面试,,,招募类别：支医；服务单位：铭传乡卫生院；招聘人数：2,安徽 合肥市肥西县,https://www.xduim.com/zw/szyf,,专业：口腔医学、中医骨伤、针灸推拿（大专），口腔医学类、中医学类（本科）
2022,三支一扶,2022安徽三支一扶招募,县卫健委,1005 县卫健委,大专及以上,护理类（大专），护理学类（本科）,,笔试+面试,,,招募类别：支医；服务单位：柿树岗乡卫生院；招聘人数：1,安徽 合肥市肥西县,https://www.xduim.com/zw/szyf,,专业：护理类（大专），护理学类（本科）
2022,三支一扶,2022安徽三支一扶招募,县卫健委,1006 县卫健委,大专及以上,医学技术类,,笔试+面试,,,招募类别：支医；服务单位：乡镇卫生院；招聘人数：2,安徽 合肥市肥西县,https://www.xduim.com/zw/szyf,,专业：医学技术类
2022,三支一扶,2022安徽三支一扶招募,县卫健委,1007 县卫健委,大专及以上,公共卫生与卫生管理类（大专），公共卫生与预防医学类（本科）,,笔试+面试,,,招募类别：支医；服务单位：乡镇卫生院；招聘人数：2,安徽 合肥市肥西县,https://www.xduim.com/zw/szyf,,专业：公共卫生与卫生管理类（大专），公共卫生与预防医学类（本科）
2023,三支一扶,2023安徽三支一扶招募,县卫健委,1004 县卫健委,大专及以上,临床医学类（大专、本科）；临床医学（一级学科）、临床医学（专业硕士学位）（研究生）,,笔试+面试,,,招募类别：支医；服务单位：乡镇卫生院；招聘人数：9；报名人数：70；合格人数：47；缴费人数：35,安徽 合肥市肥西县,https://www.xduim.com/zw/szyf,,专业：临床医学类（大专、本科）；临床医学（一级学科）、临床医学（专业硕士学位）（研究生）
2023,三支一扶,2023安徽三支一扶招募,县卫健委,1005 县卫健委,大专及以上,口腔医学专业、中药学专业、医学检验技术专业（大专）；口腔医学专业、中药学专业、医学检验技术专业（本科）；口腔医学、中药学（一级学科），口腔医学、中药（专业硕士学位）（研究生）,,笔试+面试,,,招募类别：支医；服务单位：乡镇卫生院；招聘人数：6；报名人数：204；合格人数：144；缴费人数：105,安徽 合肥市肥西县,https://www.xduim.com/zw/szyf,,专业：口腔医学专业、中药学专业、医学检验技术专业（大专）；口腔医学专业、中药学专业、医学检验技术专业（本科）；口腔医学、中药学（一级学科），口腔医学、中药（专业硕士学位）（研究生）
2023,三支一扶,2023安徽三支一扶招募,县卫健委,1006 县卫健委,大专及以上,护理类（大专）；护理学类（本科）；护理学（一级学科）、护理（专业硕士学位）（研究生）,,笔试+面试,,,招募类别：支医；服务单位：乡镇卫生院；招聘人数：3；报名人数：117；合格人数：72；缴费人数：53,安徽 合肥市肥西县,https://www.xduim.com/zw/szyf,,专业：护理类（大专）；护理学类（本科）；护理学（一级学科）、护理（专业硕士学位）（研究生）
2023,三支一扶,2023安徽三支一扶招募,县卫健委,1007 县卫健委,大专及以上,公共卫生与卫生管理类（大专）；公共卫生与预防医学类（本科）；公共卫生与预防医学（一级学科），公共卫生（专业硕士学位）（研究生）,,笔试+面试,,,招募类别：支医；服务单位：铭传乡卫生院；招聘人数：1；报名人数：24；合格人数：20；缴费人数：10,安徽 合肥市肥西县,https://www.xduim.com/zw/szyf,,专业：公共卫生与卫生管理类（大专）；公共卫生与预防医学类（本科）；公共卫生与预防医学（一级学科），公共卫生（专业硕士学位）（研究生）
2023,三支一扶,2023安徽三支一扶招募,县农业农村局,1008 县农业农村局,大专及以上,作物生产与经营管理专业、植物保护与检疫技术专业、种子生产与经营专业（大专）；农学专业、植物保护专业、植物科学与技术专业、种子科学与工程专业（本科）；作物学（一级学科），农业（专业硕士学位）（研究生）,,笔试+面试,,,招募类别：支农；服务单位：柿树岗乡农办；招聘人数：1；报名人数：33；合格人数：27；缴费人数：11,安徽 合肥市肥西县,https://www.xduim.com/zw/szyf,,专业：作物生产与经营管理专业、植物保护与检疫技术专业、种子生产与经营专业（大专）；农学专业、植物保护专业、植物科学与技术专业、种子科学与工程专业（本科）；作物学（一级学科），农业（专业硕士学位）（研究生）
2023,三支一扶,2023安徽三支一扶招募,县农业农村局,1009 县农业农村局,大专及以上,动物医学专业、畜牧兽医专业（大专）；动物科学专业、动物医学专业（本科）；兽医学（一级学科），兽医（专业硕士学位）（研究生）,,笔试+面试,,,招募类别：支农；服务单位：高店镇动防办；招聘人数：1；报名人数：16；合格人数：15；缴费人数：11,安徽 合肥市肥西县,https://www.xduim.com/zw/szyf,,专业：动物医学专业、畜牧兽医专业（大专）；动物科学专业、动物医学专业（本科）；兽医学（一级学科），兽医（专业硕士学位）（研究生）
2024,三支一扶,2024安徽三支一扶招募,县（区）辖乡镇,1002 县（区）辖乡镇,大专及以上,不限,,笔试+面试,,,招募类别：基层人社平台；服务单位：乡镇（园区）；招聘人数：14；报名人数：3026；合格人数：2333；缴费人数：1002,安徽 合肥市肥西县,https://www.xduim.com/zw/szyf,,专业：不限
2024,三支一扶,2024安徽三支一扶招募,肥西县卫生健康委员会,1003 肥西县卫生健康委员会,大专及以上,大专：5201临床医学类； 本科：1003口腔医学类； 研究生：1003口腔医学、1052口腔医学。,,笔试+面试,,,招募类别：支医；服务单位：乡镇卫生院；招聘人数：3；报名人数：83；合格人数：36；缴费人数：22,安徽 合肥市肥西县,https://www.xduim.com/zw/szyf,,专业：大专：5201临床医学类； 本科：1003口腔医学类； 研究生：1003口腔医学、1052口腔医学。
2024,三支一扶,2024安徽三支一扶招募,肥西县卫生健康委员会,1004 肥西县卫生健康委员会,大专及以上,大专：5201临床医学类； 本科：100201K临床医学、100601K中西医临床医学、100202TK麻醉学； 研究生：1002临床医学、1051临床医学。,,笔试+面试,,,招募类别：支医；服务单位：乡镇卫生院；招聘人数：3；报名人数：105；合格人数：67；缴费人数：39,安徽 合肥市肥西县,https://www.xduim.com/zw/szyf,,专业：大专：5201临床医学类； 本科：100201K临床医学、100601K中西医临床医学、100202TK麻醉学； 研究生：1002临床医学、1051临床医学。
2024,三支一扶,2024安徽三支一扶招募,肥西县卫生健康委员会,1005 肥西县卫生健康委员会,大专及以上,大专：520401K中医学、520402K中医骨伤、520403K针灸推拿； 本科：100501K中医学、100502K针灸推拿学、100510TK中医康复学； 研究生：1005中医学、1057中医。,,笔试+面试,,,招募类别：支医；服务单位：乡镇卫生院；招聘人数：2；报名人数：81；合格人数：61；缴费人数：37,安徽 合肥市肥西县,https://www.xduim.com/zw/szyf,,专业：大专：520401K中医学、520402K中医骨伤、520403K针灸推拿； 本科：100501K中医学、100502K针灸推拿学、100510TK中医康复学； 研究生：1005中医学、1057中医。
2024,三支一扶,2024安徽三支一扶招募,肥西县卫生健康委员会,1006 肥西县卫生健康委员会,大专及以上,大专：520502医学影像技术； 本科：100203TK医学影像学、101003医学影像技术、100206TK放射医学； 研究生：100207影像医学与核医学、100106放射医学、105123放射影像学。,,笔试+面试,,,招募类别：支医；服务单位：乡镇卫生院；招聘人数：1；报名人数：64；合格人数：51；缴费人数：21,安徽 合肥市肥西县,https://www.xduim.com/zw/szyf,,专业：大专：520502医学影像技术； 本科：100203TK医学影像学、101003医学影像技术、100206TK放射医学； 研究生：100207影像医学与核医学、100106放射医学、105123放射影像学。
2024,三支一扶,2024安徽三支一扶招募,肥西县卫生健康委员会,1007 肥西县卫生健康委员会,大专及以上,大专：5203药学类； 本科：1007药学类； 研究生：1007药学、1055药学。,,笔试+面试,,,招募类别：支医；服务单位：乡镇卫生院；招聘人数：1；报名人数：85；合格人数：64；缴费人数：25,安徽 合肥市肥西县,https://www.xduim.com/zw/szyf,,专业：大专：5203药学类； 本科：1007药学类； 研究生：1007药学、1055药学。
2022,三支一扶,2022安徽三支一扶招募,区辖乡镇,1008 区辖乡镇,大专及以上,建筑设计类、城乡规划与管理类、土建施工类（大专），地理科学类、力学类、土木类、建筑类（本科），地理学、力学、建筑学、土木工程（研究生），建筑学、城市规划（专业学位硕士）,,笔试+面试,,,招募类别：乡村振兴协理；服务单位：乡镇政府；招聘人数：4,安徽 合肥市蜀山区,https://www.xduim.com/zw/szyf,,专业：建筑设计类、城乡规划与管理类、土建施工类（大专），地理科学类、力学类、土木类、建筑类（本科），地理学、力学、建筑学、土木工程（研究生），建筑学、城市规划（专业学位硕士）
2022,三支一扶,2022安徽三支一扶招募,区辖乡镇,1009 区辖乡镇,大专及以上,法律实务类、法律执行类（大专），法学类（本科），法学（研究生），法律（专业学位硕士）,,笔试+面试,,,招募类别：乡村振兴协理；服务单位：乡镇政府；招聘人数：2,安徽 合肥市蜀山区,https://www.xduim.com/zw/szyf,,专业：法律实务类、法律执行类（大专），法学类（本科），法学（研究生），法律（专业学位硕士）
2022,三支一扶,2022安徽三支一扶招募,区辖乡镇,1010 区辖乡镇,大专及以上,农业类、畜牧业类（大专），水产类、植物生产类、动物医学类、动物生产类（本科）,,笔试+面试,,,招募类别：支农；服务单位：小庙镇人民政府；招聘人数：1,安徽 合肥市蜀山区,https://www.xduim.com/zw/szyf,,专业：农业类、畜牧业类（大专），水产类、植物生产类、动物医学类、动物生产类（本科）
2023,三支一扶,2023安徽三支一扶招募,区辖乡镇,1010 区辖乡镇,大专及以上,建筑设计类、城乡规划与管理类、土建施工类（大专）；地理科学类、力学类、土木类、建筑类（本科）；地理学、力学、建筑学、土木工程、城乡规划学（一级学科），建筑、城乡规划（专业学位硕士）（研究生）,,笔试+面试,,,招募类别：乡村振兴协理；服务单位：乡镇政府；招聘人数：2；报名人数：219；合格人数：143；缴费人数：74,安徽 合肥市蜀山区,https://www.xduim.com/zw/szyf,,专业：建筑设计类、城乡规划与管理类、土建施工类（大专）；地理科学类、力学类、土木类、建筑类（本科）；地理学、力学、建筑学、土木工程、城乡规划学（一级学科），建筑、城乡规划（专业学位硕士）（研究生）
2023,三支一扶,2023安徽三支一扶招募,区辖乡镇,1011 区辖乡镇,大专及以上,法律实务类、法律执行类（大专）；法学类（本科）；法学（一级学科），法律（专业硕士学位）（研究生）,,笔试+面试,,,招募类别：乡村振兴协理；服务单位：井岗镇人民政府；招聘人数：1；报名人数：165；合格人数：120；缴费人数：51,安徽 合肥市蜀山区,https://www.xduim.com/zw/szyf,,专业：法律实务类、法律执行类（大专）；法学类（本科）；法学（一级学科），法律（专业硕士学位）（研究生）
2023,三支一扶,2023安徽三支一扶招募,区辖乡镇,1012 区辖乡镇,大专及以上,不限,,笔试+面试,,,招募类别：基层人社平台；服务单位：井岗镇人民政府；招聘人数：1；报名人数：556；合格人数：407；缴费人数：185,安徽 合肥市蜀山区,https://www.xduim.com/zw/szyf,,专业：不限
2023,三支一扶,2023安徽三支一扶招募,区辖乡镇,1013 区辖乡镇,大专及以上,不限,,笔试+面试,,,招募类别：青年工作；服务单位：井岗镇人民政府；招聘人数：2；报名人数：1279；合格人数：1033；缴费人数：470,安徽 合肥市蜀山区,https://www.xduim.com/zw/szyf,,专业：不限
2025,三支一扶,2025安徽三支一扶招募,区辖乡镇,1007 区辖乡镇,大专及以上,大专：4401建筑设计类、4402城乡规划与管理类、4403土建施工类； 本科：0705地理科学类、0801力学类、0810土木类、0828建筑类； 研究生：0705地理学、0801力学、0813建筑学、0814土木工程，0833城乡规划学，0851建筑、0853城乡规划。,,笔试+面试,,,招募类别：乡村振兴协理-建规；服务单位：乡镇政府；招聘人数：5；报名人数：443；合格人数：340；缴费人数：182,安徽 合肥市蜀山区,https://www.xduim.com/zw/szyf,,专业：大专：4401建筑设计类、4402城乡规划与管理类、4403土建施工类； 本科：0705地理科学类、0801力学类、0810土木类、0828建筑类； 研究生：0705地理学、0801力学、0813建筑学、0814土木工程，0833城乡规划学，0851建筑、0853城乡规划。
2025,三支一扶,2025安徽三支一扶招募,区辖乡镇,1008 区辖乡镇,大专及以上,大专：5804法律实务类、5805法律执行类； 本科：0301法学类； 研究生：0301法学、0351法律。,,笔试+面试,,,招募类别：乡村振兴协理-法律；服务单位：井岗镇；招聘人数：3；报名人数：280；合格人数：214；缴费人数：111,安徽 合肥市蜀山区,https://www.xduim.com/zw/szyf,,专业：大专：5804法律实务类、5805法律执行类； 本科：0301法学类； 研究生：0301法学、0351法律。
2025,三支一扶,2025安徽三支一扶招募,区辖乡镇,1009 区辖乡镇,大专及以上,大专：4101农业类； 本科：0901植物生产类； 研究生：0901作物学、0903农业资源与环境、0904植物保护、0951农业。,,笔试+面试,,,招募类别：支农-农技；服务单位：小庙镇人民政府；招聘人数：2；报名人数：137；合格人数：99；缴费人数：51,安徽 合肥市蜀山区,https://www.xduim.com/zw/szyf,,专业：大专：4101农业类； 本科：0901植物生产类； 研究生：0901作物学、0903农业资源与环境、0904植物保护、0951农业。
2025,三支一扶,2025安徽三支一扶招募,长丰县卫生健康委,1005 长丰县卫生健康委,本科及以上,本科：100201K临床医学专业； 研究生：1002临床医学、1051临床医学。,,笔试+面试,,,招募类别：支医；服务单位：岗集中心卫生院；招聘人数：1；报名人数：20；合格人数：15；缴费人数：6,安徽 合肥市长丰县,https://www.xduim.com/zw/szyf,,专业：本科：100201K临床医学专业； 研究生：1002临床医学、1051临床医学。
2025,三支一扶,2025安徽三支一扶招募,长丰县卫生健康委,1006 长丰县卫生健康委,大专及以上,大专：520102K口腔医学； 本科：100301K口腔医学； 研究生：1003口腔医学、1052口腔医学。,,笔试+面试,,,招募类别：支医；服务单位：义井镇卫生院；招聘人数：1；报名人数：34；合格人数：17；缴费人数：13,安徽 合肥市长丰县,https://www.xduim.com/zw/szyf,,专业：大专：520102K口腔医学； 本科：100301K口腔医学； 研究生：1003口腔医学、1052口腔医学。
2022,三支一扶,2022安徽三支一扶招募,县水利局,16015 县水利局,大专及以上,水利大类(大专)，水利类(本科),,笔试+面试,,,招募类别：支农；服务单位：乡镇水利站；招聘人数：5,安徽 安庆市太湖县,https://www.xduim.com/zw/szyf,,专业：水利大类(大专)，水利类(本科)
2022,三支一扶,2022安徽三支一扶招募,县卫健委,16016 县卫健委,大专及以上,临床医学类（大专），临床医学类、中医学类、中西医结合类、口腔医学类（本科）,,笔试+面试,,,招募类别：支医；服务单位：乡镇卫生院；招聘人数：8,安徽 安庆市太湖县,https://www.xduim.com/zw/szyf,,专业：临床医学类（大专），临床医学类、中医学类、中西医结合类、口腔医学类（本科）
2022,三支一扶,2022安徽三支一扶招募,县教育局,16017 县教育局,大专及以上,不限,,笔试+面试,,,招募类别：支教；服务单位：基层学校；招聘人数：3,安徽 安庆市太湖县,https://www.xduim.com/zw/szyf,,专业：不限
2022,三支一扶,2022安徽三支一扶招募,县教育局,16018 县教育局,大专及以上,不限,,笔试+面试,,,招募类别：支教；服务单位：基层学校；招聘人数：4,安徽 安庆市太湖县,https://www.xduim.com/zw/szyf,,专业：不限
2022,三支一扶,2022安徽三支一扶招募,县教育局,16019 县教育局,大专及以上,不限,,笔试+面试,,,招募类别：支教；服务单位：基层学校；招聘人数：3,安徽 安庆市太湖县,https://www.xduim.com/zw/szyf,,专业：不限
2022,三支一扶,2022安徽三支一扶招募,县教育局,16020 县教育局,大专及以上,不限,,笔试+面试,,,招募类别：支教；服务单位：基层学校；招聘人数：2,安徽 安庆市太湖县,https://www.xduim.com/zw/szyf,,专业：不限
2022,三支一扶,2022安徽三支一扶招募,县教育局,16021 县教育局,大专及以上,不限,,笔试+面试,,,招募类别：支教；服务单位：基层学校；招聘人数：3,安徽 安庆市太湖县,https://www.xduim.com/zw/szyf,,专业：不限
2022,三支一扶,2022安徽三支一扶招募,县辖乡镇,16022 县辖乡镇,大专及以上,不限,,笔试+面试,,,招募类别：乡村振兴协理；服务单位：县辖乡镇；招聘人数：10,安徽 安庆市太湖县,https://www.xduim.com/zw/szyf,,专业：不限
2025,三支一扶,2025安徽三支一扶招募,区辖乡镇,16287 区辖乡镇,大专及以上,专业不限,,笔试+面试,,,招募类别：乡村振兴协理；服务单位：十里铺人民政府；招聘人数：1；报名人数：91；合格人数：84；缴费人数：52,安徽 安庆市大观区,https://www.xduim.com/zw/szyf,,专业：专业不限
2024,三支一扶,2024安徽三支一扶招募,县辖乡镇,16258 县辖乡镇,大专及以上,不限,,笔试+面试,,,招募类别：乡村振兴协理；服务单位：乡镇人民政府；招聘人数：5；报名人数：307；合格人数：247；缴费人数：149,安徽 安庆市太湖县,https://www.xduim.com/zw/szyf,,专业：不限
2024,三支一扶,2024安徽三支一扶招募,县卫健委,16259 县卫健委,大专及以上,大专：520101K临床医学； 本科：1002临床医学类； 研究生：1002临床医学、1051临床医学。,,笔试+面试,,,招募类别：支医；服务单位：乡镇卫生院；招聘人数：7；报名人数：26；合格人数：15；缴费人数：11,安徽 安庆市太湖县,https://www.xduim.com/zw/szyf,,专业：大专：520101K临床医学； 本科：1002临床医学类； 研究生：1002临床医学、1051临床医学。
2024,三支一扶,2024安徽三支一扶招募,县卫健委,16260 县卫健委,大专及以上,大专：520102K口腔医学； 本科：1003口腔医学类； 研究生：1003口腔医学、1052口腔医学。,,笔试+面试,,,招募类别：支医；服务单位：乡镇卫生院；招聘人数：8；报名人数：25；合格人数：20；缴费人数：13,安徽 安庆市太湖县,https://www.xduim.com/zw/szyf,,专业：大专：520102K口腔医学； 本科：1003口腔医学类； 研究生：1003口腔医学、1052口腔医学。
2025,三支一扶,2025安徽三支一扶招募,县辖乡镇,16279 县辖乡镇,大专及以上,专业不限,,笔试+面试,,,招募类别：基层人社平台；服务单位：乡镇人民政府；招聘人数：5；报名人数：423；合格人数：341；缴费人数：218,安徽 安庆市太湖县,https://www.xduim.com/zw/szyf,,专业：专业不限
2025,三支一扶,2025安徽三支一扶招募,县卫健委,16280 县卫健委,大专及以上,大专：520101K临床医学。 本科：1002临床医学类。 研究生：1002临床医学、1051临床医学。,,笔试+面试,,,招募类别：支医；服务单位：乡镇卫生院；招聘人数：5；报名人数：32；合格人数：27；缴费人数：23,安徽 安庆市太湖县,https://www.xduim.com/zw/szyf,,专业：大专：520101K临床医学。 本科：1002临床医学类。 研究生：1002临床医学、1051临床医学。
2023,三支一扶,2023安徽三支一扶招募,区辖乡镇,16027 区辖乡镇,大专及以上,不限,,笔试+面试,,,招募类别：乡村振兴协理；服务单位：杨桥镇人民政府；招聘人数：1；报名人数：91；合格人数：65；缴费人数：35,安徽 安庆市宜秀区,https://www.xduim.com/zw/szyf,,专业：不限
2023,三支一扶,2023安徽三支一扶招募,区辖乡镇,16028 区辖乡镇,大专及以上,建筑设计类、城乡规划与管理类、土建施工类（大专）；地理科学类、力学类、土木类、建筑类（本科）；地理学、力学、建筑学、土木工程、城乡规划学（一级学科），建筑、城乡规划（专业学位硕士）（研究生）,,笔试+面试,,,招募类别：乡村振兴协理；服务单位：杨桥镇人民政府；招聘人数：1；报名人数：25；合格人数：15；缴费人数：10,安徽 安庆市宜秀区,https://www.xduim.com/zw/szyf,,专业：建筑设计类、城乡规划与管理类、土建施工类（大专）；地理科学类、力学类、土木类、建筑类（本科）；地理学、力学、建筑学、土木工程、城乡规划学（一级学科），建筑、城乡规划（专业学位硕士）（研究生）
2023,三支一扶,2023安徽三支一扶招募,区卫健委,16029 区卫健委,大专及以上,临床医学类、护理类、药学类、医学技术类（大专）；医学门类（本科）；医学门类（研究生）,,笔试+面试,,,招募类别：支医；服务单位：乡镇卫生院；招聘人数：12；报名人数：284；合格人数：194；缴费人数：136,安徽 安庆市宜秀区,https://www.xduim.com/zw/szyf,,专业：临床医学类、护理类、药学类、医学技术类（大专）；医学门类（本科）；医学门类（研究生）
2023,三支一扶,2023安徽三支一扶招募,县辖乡镇,16016 县辖乡镇,大专及以上,不限,,笔试+面试,,,招募类别：乡村振兴协理；服务单位：乡镇人民政府；招聘人数：5；报名人数：311；合格人数：215；缴费人数：148,安徽 安庆市太湖县,https://www.xduim.com/zw/szyf,,专业：不限
2023,三支一扶,2023安徽三支一扶招募,县卫健委,16017 县卫健委,大专及以上,医药卫生大类（大专）、医学门类（本科）；医学门类（研究生）,,笔试+面试,,,招募类别：支医；服务单位：乡镇卫生院；招聘人数：5；报名人数：111；合格人数：74；缴费人数：47,安徽 安庆市太湖县,https://www.xduim.com/zw/szyf,,专业：医药卫生大类（大专）、医学门类（本科）；医学门类（研究生）
2025,三支一扶,2025安徽三支一扶招募,区卫健委,16288 区卫健委,大专及以上,大专：520101K临床医学。 本科：1002临床医学类。 研究生：1002临床医学、1051临床医学。,,笔试+面试,,,招募类别：支医；服务单位：乡镇卫生院；招聘人数：2；报名人数：24；合格人数：17；缴费人数：8,安徽 安庆市宜秀区,https://www.xduim.com/zw/szyf,,专业：大专：520101K临床医学。 本科：1002临床医学类。 研究生：1002临床医学、1051临床医学。
2025,三支一扶,2025安徽三支一扶招募,区卫健委,16289 区卫健委,大专及以上,大专：5202护理类。 本科：1011护理学类。 研究生：1011护理学、1054护理。,,笔试+面试,,,招募类别：支医；服务单位：五横乡卫生院；招聘人数：1；报名人数：68；合格人数：56；缴费人数：31,安徽 安庆市宜秀区,https://www.xduim.com/zw/szyf,,专业：大专：5202护理类。 本科：1011护理学类。 研究生：1011护理学、1054护理。
2025,三支一扶,2025安徽三支一扶招募,区卫健委,16290 区卫健委,大专及以上,大专：520501医学检验技术。 本科：101001医学检验技术。 研究生：1058医学技术。,,笔试+面试,,,招募类别：支医；服务单位：罗岭镇卫生院；招聘人数：1；报名人数：45；合格人数：35；缴费人数：18,安徽 安庆市宜秀区,https://www.xduim.com/zw/szyf,,专业：大专：520501医学检验技术。 本科：101001医学检验技术。 研究生：1058医学技术。
2025,三支一扶,2025安徽三支一扶招募,区卫健委,16291 区卫健委,大专及以上,大专：520401K中医学、520402K中医骨伤、520403K针灸推拿专业。 本科：1005中医学类。 研究生：1005中医学、1057中医、1059针灸。,,笔试+面试,,,招募类别：支医；服务单位：白泽湖乡卫生院；招聘人数：1；报名人数：16；合格人数：13；缴费人数：9,安徽 安庆市宜秀区,https://www.xduim.com/zw/szyf,,专业：大专：520401K中医学、520402K中医骨伤、520403K针灸推拿专业。 本科：1005中医学类。 研究生：1005中医学、1057中医、1059针灸。
2025,三支一扶,2025安徽三支一扶招募,区辖乡镇,16292 区辖乡镇,大专及以上,专业不限,,笔试+面试,,,招募类别：支农-水利；服务单位：杨桥镇水利站；招聘人数：1；报名人数：85；合格人数：68；缴费人数：31,安徽 安庆市宜秀区,https://www.xduim.com/zw/szyf,,专业：专业不限
2025,三支一扶,2025安徽三支一扶招募,区辖乡镇,16293 区辖乡镇,大专及以上,大专：45水利大类。 本科：0811水利类。 研究生：0815水利工程、0859土木水利。,,笔试+面试,,,招募类别：支农-水利；服务单位：罗岭镇农业农村服务中心；招聘人数：1；报名人数：4；合格人数：4；缴费人数：4,安徽 安庆市宜秀区,https://www.xduim.com/zw/szyf,,专业：大专：45水利大类。 本科：0811水利类。 研究生：0815水利工程、0859土木水利。
2025,三支一扶,2025安徽三支一扶招募,区辖乡镇,16294 区辖乡镇,大专及以上,大专：4401建筑设计类、4402城乡规划与管理类、4403土建施工类； 本科：0705地理科学类、0801力学类、0810土木类、0828建筑类； 研究生：0705地理学、0801力学、0813建筑学、0814土木工程、0833城乡规划学、0851建筑、0853城乡规划。,,笔试+面试,,,招募类别：乡村振兴协理-建规；服务单位：大龙山镇政府；招聘人数：1；报名人数：25；合格人数：19；缴费人数：9,安徽 安庆市宜秀区,https://www.xduim.com/zw/szyf,,专业：大专：4401建筑设计类、4402城乡规划与管理类、4403土建施工类； 本科：0705地理科学类、0801力学类、0810土木类、0828建筑类； 研究生：0705地理学、0801力学、0813建筑学、0814土木工程、0833城乡规划学、0851建筑、0853城乡规划。
2025,三支一扶,2025安徽三支一扶招募,区辖乡镇,16295 区辖乡镇,大专及以上,专业不限,,笔试+面试,,,招募类别：基层人社平台；服务单位：乡镇人民政府；招聘人数：2；报名人数：192；合格人数：151；缴费人数：72,安徽 安庆市宜秀区,https://www.xduim.com/zw/szyf,,专业：专业不限
2022,三支一扶,2022安徽三支一扶招募,县农业农村局,16034 县农业农村局,大专及以上,作物生产技术、设施农业与装备、现代农业技术、生态农业技术、园艺技术、植物保护与检疫技术、茶树栽培与茶叶加工（大专），农学、园艺、植物保护、植物科学与技术、设施农业科学与工程、茶学（本科）,,笔试+面试,,,招募类别：支农；服务单位：乡镇农技站；招聘人数：5,安徽 安庆市宿松县,https://www.xduim.com/zw/szyf,,专业：作物生产技术、设施农业与装备、现代农业技术、生态农业技术、园艺技术、植物保护与检疫技术、茶树栽培与茶叶加工（大专），农学、园艺、植物保护、植物科学与技术、设施农业科学与工程、茶学（本科）
2022,三支一扶,2022安徽三支一扶招募,县农业农村局,16035 县农业农村局,大专及以上,畜牧兽医、动物防疫与检疫、动物药学、动物医学、饲料与动物营养（大专），动物医学、动物科学、动物药学、动植物检疫（本科）,,笔试+面试,,,招募类别：支农；服务单位：程岭乡畜牧兽医站；招聘人数：1,安徽 安庆市宿松县,https://www.xduim.com/zw/szyf,,专业：畜牧兽医、动物防疫与检疫、动物药学、动物医学、饲料与动物营养（大专），动物医学、动物科学、动物药学、动植物检疫（本科）
2022,三支一扶,2022安徽三支一扶招募,县卫健委,16036 县卫健委,大专及以上,护理类、临床医学类（大专），护理学类、临床医学类（本科）,,笔试+面试,,,招募类别：支医；服务单位：乡镇卫生院；招聘人数：4,安徽 安庆市宿松县,https://www.xduim.com/zw/szyf,,专业：护理类、临床医学类（大专），护理学类、临床医学类（本科）
2022,三支一扶,2022安徽三支一扶招募,县辖乡镇,16037 县辖乡镇,大专及以上,不限,,笔试+面试,,,招募类别：基层人社平台；服务单位：乡镇政府；招聘人数：2,安徽 安庆市宿松县,https://www.xduim.com/zw/szyf,,专业：不限
2022,三支一扶,2022安徽三支一扶招募,县辖乡镇,16038 县辖乡镇,大专及以上,不限,,笔试+面试,,,招募类别：乡村振兴协理；服务单位：乡镇政府；招聘人数：6,安徽 安庆市宿松县,https://www.xduim.com/zw/szyf,,专业：不限
2022,三支一扶,2022安徽三支一扶招募,县辖乡镇,16039 县辖乡镇,大专及以上,建筑设计类、城乡规划与管理类、土建施工类（大专），地理科学类、力学类、土木类、建筑类（本科），地理学、力学、建筑学、土木工程（研究生），建筑学、城市规划（专业学位硕士）,,笔试+面试,,,招募类别：乡村振兴协理；服务单位：乡镇政府；招聘人数：2,安徽 安庆市宿松县,https://www.xduim.com/zw/szyf,,专业：建筑设计类、城乡规划与管理类、土建施工类（大专），地理科学类、力学类、土木类、建筑类（本科），地理学、力学、建筑学、土木工程（研究生），建筑学、城市规划（专业学位硕士）
2022,三支一扶,2022安徽三支一扶招募,县辖乡镇,16040 县辖乡镇,大专及以上,不限,,笔试+面试,,,招募类别：支农；服务单位：乡镇政府；招聘人数：3,安徽 安庆市宿松县,https://www.xduim.com/zw/szyf,,专业：不限
2022,三支一扶,2022安徽三支一扶招募,县辖乡镇,16041 县辖乡镇,大专及以上,水利大类（大专），水利类、农业水利工程（本科）,,笔试+面试,,,招募类别：支农；服务单位：乡镇政府；招聘人数：3,安徽 安庆市宿松县,https://www.xduim.com/zw/szyf,,专业：水利大类（大专），水利类、农业水利工程（本科）
2022,三支一扶,2022安徽三支一扶招募,县辖乡镇,16042 县辖乡镇,大专及以上,不限,,笔试+面试,,,招募类别：支农；服务单位：乡镇政府；招聘人数：2,安徽 安庆市宿松县,https://www.xduim.com/zw/szyf,,专业：不限
2024,三支一扶,2024安徽三支一扶招募,区卫健委,16270 区卫健委,大专及以上,大专：5203药学类； 本科：100701药学、100703TK临床药学； 研究生：1007药学、1055药学。,,笔试+面试,,,招募类别：支医；服务单位：五横乡卫生院；招聘人数：1；报名人数：24；合格人数：18；缴费人数：10,安徽 安庆市宜秀区,https://www.xduim.com/zw/szyf,,专业：大专：5203药学类； 本科：100701药学、100703TK临床药学； 研究生：1007药学、1055药学。
2024,三支一扶,2024安徽三支一扶招募,区卫健委,16271 区卫健委,大专及以上,大专：5201临床医学类； 本科：1002临床医学类 研究生：1002临床医学、1051临床医学。,,笔试+面试,,,招募类别：支医；服务单位：乡镇卫生院；招聘人数：4；报名人数：18；合格人数：13；缴费人数：9,安徽 安庆市宜秀区,https://www.xduim.com/zw/szyf,,专业：大专：5201临床医学类； 本科：1002临床医学类 研究生：1002临床医学、1051临床医学。
2024,三支一扶,2024安徽三支一扶招募,区水利局,16272 区水利局,大专及以上,大专：45水利大类； 本科：0811水利类； 研究生：0815水利工程，0859土木水利。,,笔试+面试,,,招募类别：支农；服务单位：宜秀区破罡湖闸管所；招聘人数：1；报名人数：17；合格人数：14；缴费人数：9,安徽 安庆市宜秀区,https://www.xduim.com/zw/szyf,,专业：大专：45水利大类； 本科：0811水利类； 研究生：0815水利工程，0859土木水利。
2024,三支一扶,2024安徽三支一扶招募,区辖乡镇,16273 区辖乡镇,大专及以上,大专：4101农业类； 本科：0901植物生产类； 研究生：0901作物学、0902园艺学、0904植物保护、0951农业。,,笔试+面试,,,招募类别：支农；服务单位：乡镇农技站；招聘人数：2；报名人数：17；合格人数：14；缴费人数：6,安徽 安庆市宜秀区,https://www.xduim.com/zw/szyf,,专业：大专：4101农业类； 本科：0901植物生产类； 研究生：0901作物学、0902园艺学、0904植物保护、0951农业。
2024,三支一扶,2024安徽三支一扶招募,区辖乡镇,16274 区辖乡镇,大专及以上,大专：410303畜牧兽医、410301动物医学、410302动物药学、410306动物防疫与检疫； 本科：090301动物科学、090401动物医学、090402动物药学、090403T动植物检疫、090404T实验动物学、090405T中兽医学； 研究生：0905畜牧学、0906兽医学；0952兽医。,,笔试+面试,,,招募类别：支农；服务单位：杨桥镇兽医站；招聘人数：1；报名人数：9；合格人数：5；缴费人数：5,安徽 安庆市宜秀区,https://www.xduim.com/zw/szyf,,专业：大专：410303畜牧兽医、410301动物医学、410302动物药学、410306动物防疫与检疫； 本科：090301动物科学、090401动物医学、090402动物药学、090403T动植物检疫、090404T实验动物学、090405T中兽医学； 研究生：0905畜牧学、0906兽医学；0952兽医。
2023,三支一扶,2023安徽三支一扶招募,县农业农村局,16030 县农业农村局,大专及以上,作物生产与经营管理专业、现代农业技术专业、生态农业技术专业、园艺技术专业、植物保护与检疫技术专业(大专）；农学专业、园艺专业、植物保护专业、植物科学与技术专业、设施农业科学与工程专业、茶学专业（本科）；作物学、园艺学、农业资源与环境、植物保护（一级学科），农业、兽医、食品与营养（专业学位硕士）（研究生）,,笔试+面试,,,招募类别：支农；服务单位：乡镇农技站；招聘人数：2；报名人数：10；合格人数：7；缴费人数：4,安徽 安庆市宿松县,https://www.xduim.com/zw/szyf,,专业：作物生产与经营管理专业、现代农业技术专业、生态农业技术专业、园艺技术专业、植物保护与检疫技术专业(大专）；农学专业、园艺专业、植物保护专业、植物科学与技术专业、设施农业科学与工程专业、茶学专业（本科）；作物学、园艺学、农业资源与环境、植物保护（一级学科），农业、兽医、食品与营养（专业学位硕士）（研究生）
2023,三支一扶,2023安徽三支一扶招募,县农业农村局,16031 县农业农村局,大专及以上,畜牧兽医专业、动物防疫与检疫专业、动物医学专业（大专）；动物医学专业、动物科学专业、动物药学专业、动植物检疫专业（本科）；畜牧学、兽医学（一级学科），兽医（专业学位硕士）（研究生）,,笔试+面试,,,招募类别：支农；服务单位：二郎镇兽医站；招聘人数：1；报名人数：3；合格人数：3；缴费人数：2,安徽 安庆市宿松县,https://www.xduim.com/zw/szyf,,专业：畜牧兽医专业、动物防疫与检疫专业、动物医学专业（大专）；动物医学专业、动物科学专业、动物药学专业、动植物检疫专业（本科）；畜牧学、兽医学（一级学科），兽医（专业学位硕士）（研究生）
2023,三支一扶,2023安徽三支一扶招募,县卫健委,16032 县卫健委,大专及以上,临床医学类（大专）；临床医学类、中西医结合类（本科）；临床医学、中西医结合（一级学科），临床医学（专业学位硕士）（研究生）,,笔试+面试,,,招募类别：支医；服务单位：乡镇卫生院；招聘人数：5；报名人数：12；合格人数：4；缴费人数：4,安徽 安庆市宿松县,https://www.xduim.com/zw/szyf,,专业：临床医学类（大专）；临床医学类、中西医结合类（本科）；临床医学、中西医结合（一级学科），临床医学（专业学位硕士）（研究生）
2023,三支一扶,2023安徽三支一扶招募,县辖乡镇,16033 县辖乡镇,大专及以上,不限,,笔试+面试,,,招募类别：支农；服务单位：乡镇人民政府；招聘人数：2；报名人数：76；合格人数：50；缴费人数：34,安徽 安庆市宿松县,https://www.xduim.com/zw/szyf,,专业：不限
2023,三支一扶,2023安徽三支一扶招募,县辖乡镇、街道,16034 县辖乡镇、街道,大专及以上,不限,,笔试+面试,,,招募类别：乡村振兴协理；服务单位：乡镇人民政府；招聘人数：6；报名人数：289；合格人数：196；缴费人数：150,安徽 安庆市宿松县,https://www.xduim.com/zw/szyf,,专业：不限
2023,三支一扶,2023安徽三支一扶招募,县辖乡镇、街道,16035 县辖乡镇、街道,大专及以上,不限,,笔试+面试,,,招募类别：支农；服务单位：乡镇人民政府；招聘人数：2；报名人数：87；合格人数：49；缴费人数：28,安徽 安庆市宿松县,https://www.xduim.com/zw/szyf,,专业：不限
2023,三支一扶,2023安徽三支一扶招募,县辖乡镇、街道,16036 县辖乡镇、街道,大专及以上,水利大类（大专）；水利类（本科）；土木工程、水利工程、农业工程（一级学科），土木水利（专业学位硕士）（研究生）,,笔试+面试,,,招募类别：支农；服务单位：孚玉镇人民政府；招聘人数：1；报名人数：14；合格人数：11；缴费人数：3,安徽 安庆市宿松县,https://www.xduim.com/zw/szyf,,专业：水利大类（大专）；水利类（本科）；土木工程、水利工程、农业工程（一级学科），土木水利（专业学位硕士）（研究生）
2023,三支一扶,2023安徽三支一扶招募,县辖乡镇、街道,16037 县辖乡镇、街道,大专及以上,不限,,笔试+面试,,,招募类别：基层人社平台；服务单位：趾凤乡人民政府；招聘人数：1；报名人数：51；合格人数：26；缴费人数：12,安徽 安庆市宿松县,https://www.xduim.com/zw/szyf,,专业：不限
2023,三支一扶,2023安徽三支一扶招募,县辖乡镇、街道,16038 县辖乡镇、街道,大专及以上,建筑设计类、城乡规划与管理类、土建施工类（大专）；地理科学类、力学类、土木类、建筑类（本科）；地理学、力学、建筑学、土木工程、城乡规划学（一级学科），建筑、城乡规划（专业学位硕士）（研究生）,,笔试+面试,,,招募类别：乡村振兴协理；服务单位：龙山街道；招聘人数：1；报名人数：23；合格人数：19；缴费人数：13,安徽 安庆市宿松县,https://www.xduim.com/zw/szyf,,专业：建筑设计类、城乡规划与管理类、土建施工类（大专）；地理科学类、力学类、土木类、建筑类（本科）；地理学、力学、建筑学、土木工程、城乡规划学（一级学科），建筑、城乡规划（专业学位硕士）（研究生）
2022,三支一扶,2022安徽三支一扶招募,县辖乡镇,16014 县辖乡镇,大专及以上,不限,,笔试+面试,,,招募类别：基层人社平台；服务单位：县辖乡镇；招聘人数：6,安徽 安庆市岳西县,https://www.xduim.com/zw/szyf,,专业：不限
2024,三支一扶,2024安徽三支一扶招募,县农业农村局,16276 县农业农村局,大专及以上,大专：410103现代农业技术、410104生态农业技术、410105园艺技术、410106植物保护与检疫技术； 大学本科：090101农学、090102园艺、090103植物保护、090104植物科学与技术、090106设施农业科学与工程、090107T茶学； 研究生：0901作物学、0902园艺学、0904植物保护，0951农业（专业硕士学位）。,,笔试+面试,,,招募类别：支农；服务单位：乡镇农技站；招聘人数：3；报名人数：13；合格人数：6；缴费人数：4,安徽 安庆市宿松县,https://www.xduim.com/zw/szyf,,专业：大专：410103现代农业技术、410104生态农业技术、410105园艺技术、410106植物保护与检疫技术； 大学本科：090101农学、090102园艺、090103植物保护、090104植物科学与技术、090106设施农业科学与工程、090107T茶学； 研究生：0901作物学、0902园艺学、0904植物保护，0951农业（专业硕士学位）。
2024,三支一扶,2024安徽三支一扶招募,县农业农村局,16277 县农业农村局,大专及以上,大专：410303畜牧兽医、410306动物防疫与检疫、410301动物医学、410310动物营养与饲料； 大学本科：090401动物医学、090301动物科学、090402动物药学、090403T动植物检疫； 研究生：0906兽医学，0952兽医（专业硕士学位）。,,笔试+面试,,,招募类别：支农；服务单位：乡镇畜牧兽医站；招聘人数：2；报名人数：11；合格人数：3；缴费人数：2,安徽 安庆市宿松县,https://www.xduim.com/zw/szyf,,专业：大专：410303畜牧兽医、410306动物防疫与检疫、410301动物医学、410310动物营养与饲料； 大学本科：090401动物医学、090301动物科学、090402动物药学、090403T动植物检疫； 研究生：0906兽医学，0952兽医（专业硕士学位）。
2024,三支一扶,2024安徽三支一扶招募,县卫健委,16278 县卫健委,大专及以上,大专：520401K中医学、520403K针灸推拿、520416中医康复技术； 大学本科：100501K中医学； 研究生：1005 中医学、1006中西医结合，1057中医（专业硕士学位）。,,笔试+面试,,,招募类别：支医；服务单位：乡镇卫生院；招聘人数：3；报名人数：16；合格人数：7；缴费人数：4,安徽 安庆市宿松县,https://www.xduim.com/zw/szyf,,专业：大专：520401K中医学、520403K针灸推拿、520416中医康复技术； 大学本科：100501K中医学； 研究生：1005 中医学、1006中西医结合，1057中医（专业硕士学位）。
2024,三支一扶,2024安徽三支一扶招募,县卫健委,16279 县卫健委,大专及以上,大专：5201临床医学类； 大学本科：100201K临床医学、100601K中西医临床医学； 研究生：1002临床医学，1051临床医学（专业硕士学位）。,,笔试+面试,,,招募类别：支医；服务单位：乡镇卫生院；招聘人数：4；报名人数：12；合格人数：8；缴费人数：7,安徽 安庆市宿松县,https://www.xduim.com/zw/szyf,,专业：大专：5201临床医学类； 大学本科：100201K临床医学、100601K中西医临床医学； 研究生：1002临床医学，1051临床医学（专业硕士学位）。
2024,三支一扶,2024安徽三支一扶招募,县辖乡镇,16280 县辖乡镇,大专及以上,大专：4401建筑设计类、4402城乡规划与管理类、4403土建施工类； 大学本科：0705地理科学类、0801力学类、0810土木类、0828建筑类； 研究生:0705地理学、0801力学、0813建筑学、0814土木工程，0851建筑、0853城乡规划（专业硕士学位）。,,笔试+面试,,,招募类别：乡村振兴协理；服务单位：乡镇政府；招聘人数：2；报名人数：50；合格人数：22；缴费人数：11,安徽 安庆市宿松县,https://www.xduim.com/zw/szyf,,专业：大专：4401建筑设计类、4402城乡规划与管理类、4403土建施工类； 大学本科：0705地理科学类、0801力学类、0810土木类、0828建筑类； 研究生:0705地理学、0801力学、0813建筑学、0814土木工程，0851建筑、0853城乡规划（专业硕士学位）。
2024,三支一扶,2024安徽三支一扶招募,县辖乡镇,16281 县辖乡镇,大专及以上,不限,,笔试+面试,,,招募类别：乡村振兴协理；服务单位：乡镇政府；招聘人数：7；报名人数：472；合格人数：354；缴费人数：219,安徽 安庆市宿松县,https://www.xduim.com/zw/szyf,,专业：不限
2024,三支一扶,2024安徽三支一扶招募,县辖乡镇,16282 县辖乡镇,大专及以上,大专：45水利大类; 大学本科：0811水利类; 研究生：0815水利工程，0859土木水利（专业硕士学位）,,笔试+面试,,,招募类别：支农；服务单位：乡镇水利林业站；招聘人数：3；报名人数：23；合格人数：7；缴费人数：4,安徽 安庆市宿松县,https://www.xduim.com/zw/szyf,,专业：大专：45水利大类; 大学本科：0811水利类; 研究生：0815水利工程，0859土木水利（专业硕士学位）
2025,三支一扶,2025安徽三支一扶招募,县卫健委,16296 县卫健委,大专及以上,大专：5201临床医学类； 大学本科：100201K临床医学、100601K中西医临床医学； 研究生：1002临床医学、1051临床医学。,,笔试+面试,,,招募类别：支医；服务单位：乡镇卫生院；招聘人数：4；报名人数：32；合格人数：25；缴费人数：18,安徽 安庆市宿松县,https://www.xduim.com/zw/szyf,,专业：大专：5201临床医学类； 大学本科：100201K临床医学、100601K中西医临床医学； 研究生：1002临床医学、1051临床医学。
2025,三支一扶,2025安徽三支一扶招募,县卫健委,16297 县卫健委,大专及以上,大专：520401K中医学； 大学本科：100501K中医学； 研究生：1005中医学、1057中医。,,笔试+面试,,,招募类别：支医；服务单位：乡镇卫生院；招聘人数：3；报名人数：19；合格人数：13；缴费人数：11,安徽 安庆市宿松县,https://www.xduim.com/zw/szyf,,专业：大专：520401K中医学； 大学本科：100501K中医学； 研究生：1005中医学、1057中医。
2025,三支一扶,2025安徽三支一扶招募,县辖乡镇,16298 县辖乡镇,大专及以上,大专：5804法律实务类、5805法律执行类； 大学本科：0301法学类； 研究生：0301法学、0351法律。,,笔试+面试,,,招募类别：乡村振兴协理-法律；服务单位：乡镇政府；招聘人数：4；报名人数：75；合格人数：57；缴费人数：32,安徽 安庆市宿松县,https://www.xduim.com/zw/szyf,,专业：大专：5804法律实务类、5805法律执行类； 大学本科：0301法学类； 研究生：0301法学、0351法律。
2025,三支一扶,2025安徽三支一扶招募,县辖乡镇、街道办事处,16299 县辖乡镇、街道办事处,大专及以上,大专：4401建筑设计类、4402城乡规划与管理类、4403土建施工类； 大学本科：0705地理科学类、0801力学类、0810土木类、0828建筑类； 研究生：0705地理学、0801力学、0813建筑学、0814土木工程，0833城乡规划学、0851建筑、0853城市规划。,,笔试+面试,,,招募类别：乡村振兴协理-建规；服务单位：乡镇政府、街道办事处；招聘人数：8；报名人数：151；合格人数：117；缴费人数：67,安徽 安庆市宿松县,https://www.xduim.com/zw/szyf,,专业：大专：4401建筑设计类、4402城乡规划与管理类、4403土建施工类； 大学本科：0705地理科学类、0801力学类、0810土木类、0828建筑类； 研究生：0705地理学、0801力学、0813建筑学、0814土木工程，0833城乡规划学、0851建筑、0853城市规划。
2025,三支一扶,2025安徽三支一扶招募,县辖乡镇,16300 县辖乡镇,大专及以上,专业不限,,笔试+面试,,,招募类别：乡村振兴协理；服务单位：乡镇政府；招聘人数：3；报名人数：264；合格人数：238；缴费人数：147,安徽 安庆市宿松县,https://www.xduim.com/zw/szyf,,专业：专业不限
2025,三支一扶,2025安徽三支一扶招募,县辖乡镇,16301 县辖乡镇,大专及以上,专业不限,,笔试+面试,,,招募类别：支农-水利；服务单位：河塌乡水利站；招聘人数：1；报名人数：80；合格人数：68；缴费人数：31,安徽 安庆市宿松县,https://www.xduim.com/zw/szyf,,专业：专业不限
2025,三支一扶,2025安徽三支一扶招募,县辖乡镇,16302 县辖乡镇,大专及以上,大专：45水利大类； 大学本科：0811水利类、082305农业水利工程； 研究生：0815水利工程、0859土木水利。,,笔试+面试,,,招募类别：支农-水利；服务单位：乡镇政府；招聘人数：4；报名人数：27；合格人数：22；缴费人数：14,安徽 安庆市宿松县,https://www.xduim.com/zw/szyf,,专业：大专：45水利大类； 大学本科：0811水利类、082305农业水利工程； 研究生：0815水利工程、0859土木水利。
2025,三支一扶,2025安徽三支一扶招募,县辖乡镇,16303 县辖乡镇,大专及以上,大专：4101农业类，4103畜牧业类； 大学本科：0904动物医学类，0823农业工程类； 研究生：0905畜牧学，0906兽医学，0828农业工程。,,笔试+面试,,,招募类别：支农-农技；服务单位：北浴乡农技站；招聘人数：1；报名人数：5；合格人数：5；缴费人数：0,安徽 安庆市宿松县,https://www.xduim.com/zw/szyf,,专业：大专：4101农业类，4103畜牧业类； 大学本科：0904动物医学类，0823农业工程类； 研究生：0905畜牧学，0906兽医学，0828农业工程。
2025,三支一扶,2025安徽三支一扶招募,县辖乡镇,16304 县辖乡镇,大专及以上,大专：4101农业类； 大学本科：09农学门类、0823农业工程类； 研究生：09农学门类、0828农业工程。,,笔试+面试,,,招募类别：支农-农技；服务单位：孚玉镇政府；招聘人数：1；报名人数：12；合格人数：10；缴费人数：5,安徽 安庆市宿松县,https://www.xduim.com/zw/szyf,,专业：大专：4101农业类； 大学本科：09农学门类、0823农业工程类； 研究生：09农学门类、0828农业工程。
2025,三支一扶,2025安徽三支一扶招募,县辖乡镇,16305 县辖乡镇,大专及以上,大专：4102林业类； 本科：0905林学类； 研究生：0907林学、0954林业。,,笔试+面试,,,招募类别：支农-林业；服务单位：乡镇政府；招聘人数：2；报名人数：8；合格人数：7；缴费人数：6,安徽 安庆市宿松县,https://www.xduim.com/zw/szyf,,专业：大专：4102林业类； 本科：0905林学类； 研究生：0907林学、0954林业。
2025,三支一扶,2025安徽三支一扶招募,县辖乡镇,16306 县辖乡镇,大专及以上,专业不限,,笔试+面试,,,招募类别：基层人社平台；服务单位：乡镇政府；招聘人数：2；报名人数：175；合格人数：157；缴费人数：96,安徽 安庆市宿松县,https://www.xduim.com/zw/szyf,,专业：专业不限
2023,三支一扶,2023安徽三支一扶招募,县辖乡镇,16015 县辖乡镇,大专及以上,不限,,笔试+面试,,,招募类别：乡村振兴协理；服务单位：乡镇人民政府；招聘人数：8；报名人数：412；合格人数：317；缴费人数：209,安徽 安庆市岳西县,https://www.xduim.com/zw/szyf,,专业：不限
2024,三支一扶,2024安徽三支一扶招募,县辖乡镇,16257 县辖乡镇,大专及以上,不限,,笔试+面试,,,招募类别：乡村振兴协理；服务单位：乡镇人民政府；招聘人数：5；报名人数：337；合格人数：273；缴费人数：132,安徽 安庆市岳西县,https://www.xduim.com/zw/szyf,,专业：不限
2025,三支一扶,2025安徽三支一扶招募,县辖乡镇,16277 县辖乡镇,大专及以上,专业不限,,笔试+面试,,,招募类别：乡村振兴协理；服务单位：乡镇人民政府；招聘人数：3；报名人数：221；合格人数：186；缴费人数：92,安徽 安庆市岳西县,https://www.xduim.com/zw/szyf,,专业：专业不限
2025,三支一扶,2025安徽三支一扶招募,县辖乡镇,16278 县辖乡镇,大专及以上,专业不限,,笔试+面试,,,招募类别：基层人社平台；服务单位：乡镇人民政府；招聘人数：3；报名人数：226；合格人数：184；缴费人数：93,安徽 安庆市岳西县,https://www.xduim.com/zw/szyf,,专业：专业不限
2022,三支一扶,2022安徽三支一扶招募,县教育局,16008 县教育局,大专及以上,不限,,笔试+面试,,,招募类别：支教；服务单位：基层小学；招聘人数：5,安徽 安庆市怀宁县,https://www.xduim.com/zw/szyf,,专业：不限
2022,三支一扶,2022安徽三支一扶招募,县卫健委,16009 县卫健委,大专及以上,医药卫生大类（大专），医学门类（本科）,,笔试+面试,,,招募类别：支医；服务单位：乡镇卫生院；招聘人数：5,安徽 安庆市怀宁县,https://www.xduim.com/zw/szyf,,专业：医药卫生大类（大专），医学门类（本科）
2022,三支一扶,2022安徽三支一扶招募,县农业农村局,16010 县农业农村局,大专及以上,农林牧渔大类（大专），农学门类、农业工程类和其他授予农学学士学位的专业（本科）,,笔试+面试,,,招募类别：支农；服务单位：乡镇农业站；招聘人数：5,安徽 安庆市怀宁县,https://www.xduim.com/zw/szyf,,专业：农林牧渔大类（大专），农学门类、农业工程类和其他授予农学学士学位的专业（本科）
2022,三支一扶,2022安徽三支一扶招募,县林业局,16011 县林业局,大专及以上,林业类、环境保护类（大专)，生态学、林业工程类、环境科学与工程类、自然保护与环境生态类、林学类、农业经济管理类和其他授予农学学士林学、授予工学学士林业工程专业（本科）,,笔试+面试,,,招募类别：支农；服务单位：黄龙林业站；招聘人数：1,安徽 安庆市怀宁县,https://www.xduim.com/zw/szyf,,专业：林业类、环境保护类（大专)，生态学、林业工程类、环境科学与工程类、自然保护与环境生态类、林学类、农业经济管理类和其他授予农学学士林学、授予工学学士林业工程专业（本科）
2022,三支一扶,2022安徽三支一扶招募,县辖乡镇,16012 县辖乡镇,大专及以上,不限,,笔试+面试,,,招募类别：基层人社平台；服务单位：乡镇社保所；招聘人数：2,安徽 安庆市怀宁县,https://www.xduim.com/zw/szyf,,专业：不限
2023,三支一扶,2023安徽三支一扶招募,县人社局,16005 县人社局,大专及以上,不限,,笔试+面试,,,招募类别：基层人社平台；服务单位：乡镇人社所；招聘人数：7；报名人数：357；合格人数：212；缴费人数：149,安徽 安庆市怀宁县,https://www.xduim.com/zw/szyf,,专业：不限
2023,三支一扶,2023安徽三支一扶招募,县乡村振兴局,16006 县乡村振兴局,大专及以上,不限,,笔试+面试,,,招募类别：乡村振兴协理；服务单位：乡村振兴工作站；招聘人数：4；报名人数：184；合格人数：113；缴费人数：77,安徽 安庆市怀宁县,https://www.xduim.com/zw/szyf,,专业：不限
2023,三支一扶,2023安徽三支一扶招募,县农业农村局,16007 县农业农村局,大专及以上,农业类、畜牧业类、渔业类（大专）；农学门类、农业工程类和其他授予农学学士学位的专业（本科）；农学门类及其他授予农学硕士学位的专业（研究生）,,笔试+面试,,,招募类别：支农；服务单位：乡镇农业站；招聘人数：2；报名人数：25；合格人数：20；缴费人数：15,安徽 安庆市怀宁县,https://www.xduim.com/zw/szyf,,专业：农业类、畜牧业类、渔业类（大专）；农学门类、农业工程类和其他授予农学学士学位的专业（本科）；农学门类及其他授予农学硕士学位的专业（研究生）
2023,三支一扶,2023安徽三支一扶招募,县林业局,16008 县林业局,大专及以上,林业类（大专），林学类（本科）；林学（一级学科），林业（专业学位硕士）（研究生）,,笔试+面试,,,招募类别：支农；服务单位：石牌镇林业中心站；招聘人数：1；报名人数：8；合格人数：5；缴费人数：5,安徽 安庆市怀宁县,https://www.xduim.com/zw/szyf,,专业：林业类（大专），林学类（本科）；林学（一级学科），林业（专业学位硕士）（研究生）
2023,三支一扶,2023安徽三支一扶招募,县卫健委,16009 县卫健委,大专及以上,临床医学类、护理类、药学类、医学技术类（大专）；医学门类（本科）；医学门类（研究生）,,笔试+面试,,,招募类别：支医；服务单位：乡镇卫生院；招聘人数：2；报名人数：46；合格人数：28；缴费人数：20,安徽 安庆市怀宁县,https://www.xduim.com/zw/szyf,,专业：临床医学类、护理类、药学类、医学技术类（大专）；医学门类（本科）；医学门类（研究生）
2023,三支一扶,2023安徽三支一扶招募,县教育局,16010 县教育局,大专及以上,不限,,笔试+面试,,,招募类别：支教；服务单位：雷埠中心学校；招聘人数：1；报名人数：26；合格人数：16；缴费人数：11,安徽 安庆市怀宁县,https://www.xduim.com/zw/szyf,,专业：不限
2023,三支一扶,2023安徽三支一扶招募,县教育局,16011 县教育局,大专及以上,不限,,笔试+面试,,,招募类别：支教；服务单位：石牌中心学校；招聘人数：1；报名人数：42；合格人数：20；缴费人数：15,安徽 安庆市怀宁县,https://www.xduim.com/zw/szyf,,专业：不限
2023,三支一扶,2023安徽三支一扶招募,县教育局,16012 县教育局,大专及以上,不限,,笔试+面试,,,招募类别：支教；服务单位：江镇中心学校；招聘人数：1；报名人数：37；合格人数：23；缴费人数：11,安徽 安庆市怀宁县,https://www.xduim.com/zw/szyf,,专业：不限
2024,三支一扶,2024安徽三支一扶招募,县人社局,16247 县人社局,大专及以上,不限,,笔试+面试,,,招募类别：基层人社平台；服务单位：乡镇人社所；招聘人数：9；报名人数：572；合格人数：482；缴费人数：268,安徽 安庆市怀宁县,https://www.xduim.com/zw/szyf,,专业：不限
2024,三支一扶,2024安徽三支一扶招募,县农业农村局,16248 县农业农村局,大专及以上,大专：4101农业类、4103畜牧业类、4104渔业类； 本科：09农学门类； 研究生：09农学门类。,,笔试+面试,,,招募类别：支农；服务单位：乡镇农业站；招聘人数：5；报名人数：37；合格人数：33；缴费人数：25,安徽 安庆市怀宁县,https://www.xduim.com/zw/szyf,,专业：大专：4101农业类、4103畜牧业类、4104渔业类； 本科：09农学门类； 研究生：09农学门类。
2024,三支一扶,2024安徽三支一扶招募,县林业局,16249 县林业局,大专及以上,大专：4102林业类； 本科：0905林学类； 研究生：0907林学、0954林业。,,笔试+面试,,,招募类别：支农；服务单位：石牌镇林业站；招聘人数：1；报名人数：8；合格人数：6；缴费人数：2,安徽 安庆市怀宁县,https://www.xduim.com/zw/szyf,,专业：大专：4102林业类； 本科：0905林学类； 研究生：0907林学、0954林业。
2024,三支一扶,2024安徽三支一扶招募,县卫健委,16250 县卫健委,大专及以上,大专：5201临床医学类、5202护理类、5203药学类、5205医学技术类； 本科：10医学门类； 研究生：10医学门类。,,笔试+面试,,,招募类别：支医；服务单位：乡镇卫生院；招聘人数：5；报名人数：267；合格人数：203；缴费人数：114,安徽 安庆市怀宁县,https://www.xduim.com/zw/szyf,,专业：大专：5201临床医学类、5202护理类、5203药学类、5205医学技术类； 本科：10医学门类； 研究生：10医学门类。
2024,三支一扶,2024安徽三支一扶招募,县教育局,16251 县教育局,大专及以上,大专：5701教育类； 本科：0401教育学类、1302音乐与舞蹈学类； 研究生：0401教育学、0451教育、1301艺术学、1356美术与书法。,,笔试+面试,,,招募类别：支教；服务单位：平山镇 中心学校；招聘人数：1；报名人数：26；合格人数：20；缴费人数：9,安徽 安庆市怀宁县,https://www.xduim.com/zw/szyf,,专业：大专：5701教育类； 本科：0401教育学类、1302音乐与舞蹈学类； 研究生：0401教育学、0451教育、1301艺术学、1356美术与书法。
2024,三支一扶,2024安徽三支一扶招募,县教育局,16252 县教育局,大专及以上,大专：5701教育类； 本科：0402体育学类； 研究生：0401教育学、0403体育学、0451教育、0452体育。,,笔试+面试,,,招募类别：支教；服务单位：石牌镇 中心学校；招聘人数：1；报名人数：41；合格人数：22；缴费人数：12,安徽 安庆市怀宁县,https://www.xduim.com/zw/szyf,,专业：大专：5701教育类； 本科：0402体育学类； 研究生：0401教育学、0403体育学、0451教育、0452体育。
2024,三支一扶,2024安徽三支一扶招募,县教育局,16253 县教育局,大专及以上,大专：5701教育类； 本科：040105艺术教育、1304美术学类； 研究生：0401教育学、0451教育、1301艺术学、1356美术与书法。,,笔试+面试,,,招募类别：支教；服务单位：雷埠乡 中心学校；招聘人数：1；报名人数：27；合格人数：15；缴费人数：8,安徽 安庆市怀宁县,https://www.xduim.com/zw/szyf,,专业：大专：5701教育类； 本科：040105艺术教育、1304美术学类； 研究生：0401教育学、0451教育、1301艺术学、1356美术与书法。
2025,三支一扶,2025安徽三支一扶招募,县人社局,16268 县人社局,大专及以上,专业不限,,笔试+面试,,,招募类别：基层人社平台；服务单位：乡镇人社所；招聘人数：7；报名人数：660；合格人数：507；缴费人数：322,安徽 安庆市怀宁县,https://www.xduim.com/zw/szyf,,专业：专业不限
2025,三支一扶,2025安徽三支一扶招募,乡镇政府,16269 乡镇政府,大专及以上,大专：4101农业类、4103畜牧业类、4104渔业类。 本科：09农学门类、0823农业工程类。 研究生：09农学门类、0828农业工程。,,笔试+面试,,,招募类别：支农-农技；服务单位：乡镇政府；招聘人数：8；报名人数：73；合格人数：57；缴费人数：41,安徽 安庆市怀宁县,https://www.xduim.com/zw/szyf,,专业：大专：4101农业类、4103畜牧业类、4104渔业类。 本科：09农学门类、0823农业工程类。 研究生：09农学门类、0828农业工程。
2025,三支一扶,2025安徽三支一扶招募,乡镇政府,16270 乡镇政府,大专及以上,大专：4102林业类。 本科：0905林学类。 研究生：0907林学，0954林业。,,笔试+面试,,,招募类别：支农-林业；服务单位：乡镇政府；招聘人数：5；报名人数：33；合格人数：26；缴费人数：16,安徽 安庆市怀宁县,https://www.xduim.com/zw/szyf,,专业：大专：4102林业类。 本科：0905林学类。 研究生：0907林学，0954林业。
2025,三支一扶,2025安徽三支一扶招募,县卫健委,16271 县卫健委,大专及以上,大专：5201临床医学类、5202护理类、5203药学类、5205医学技术类。 本科：10医学门类。 研究生：10医学门类。,,笔试+面试,,,招募类别：支医；服务单位：乡镇卫生院；招聘人数：7；报名人数：477；合格人数：381；缴费人数：145,安徽 安庆市怀宁县,https://www.xduim.com/zw/szyf,,专业：大专：5201临床医学类、5202护理类、5203药学类、5205医学技术类。 本科：10医学门类。 研究生：10医学门类。
2025,三支一扶,2025安徽三支一扶招募,县教育局,16272 县教育局,大专及以上,大专：5701教育类。 本科：0401教育学类。 研究生：0401教育学、0451教育。,,笔试+面试,,,招募类别：支教；服务单位：乡镇中心学校幼儿园；招聘人数：2；报名人数：197；合格人数：101；缴费人数：61,安徽 安庆市怀宁县,https://www.xduim.com/zw/szyf,,专业：大专：5701教育类。 本科：0401教育学类。 研究生：0401教育学、0451教育。
2025,三支一扶,2025安徽三支一扶招募,县教育局,16273 县教育局,大专及以上,大专：5701教育类。 本科：0401教育学类；0402体育学类。 研究生：0401教育学、0403体育学、0451教育、0452体育。,,笔试+面试,,,招募类别：支教；服务单位：腊树镇中心学校；招聘人数：1；报名人数：51；合格人数：29；缴费人数：22,安徽 安庆市怀宁县,https://www.xduim.com/zw/szyf,,专业：大专：5701教育类。 本科：0401教育学类；0402体育学类。 研究生：0401教育学、0403体育学、0451教育、0452体育。
2022,三支一扶,2022安徽三支一扶招募,县教育局,16023 县教育局,大专及以上,不限,,笔试+面试,,,招募类别：支教；服务单位：基层小学；招聘人数：10,安徽 安庆市望江县,https://www.xduim.com/zw/szyf,,专业：不限
2022,三支一扶,2022安徽三支一扶招募,县水利局,16024 县水利局,大专及以上,水利大类（大专），水利类（本科）,,笔试+面试,,,招募类别：支农；服务单位：乡镇水利站；招聘人数：3,安徽 安庆市望江县,https://www.xduim.com/zw/szyf,,专业：水利大类（大专），水利类（本科）
2022,三支一扶,2022安徽三支一扶招募,县卫健委,16025 县卫健委,大专及以上,临床医学类（大专），临床医学类、中西医结合类（本科）,,笔试+面试,,,招募类别：支医；服务单位：乡镇卫生院；招聘人数：4,安徽 安庆市望江县,https://www.xduim.com/zw/szyf,,专业：临床医学类（大专），临床医学类、中西医结合类（本科）
2022,三支一扶,2022安徽三支一扶招募,县农业农村局,16026 县农业农村局,大专及以上,畜牧兽医、动物医学、动物药学、动物防疫与检疫、动物医学检验技术、实验动物技术、饲料与动物营养、特种动物养殖、畜牧工程技术（大专），动物科学、动物医学、动物药学、动植物检疫（本科）,,笔试+面试,,,招募类别：支农；服务单位：乡镇畜牧兽医站；招聘人数：4,安徽 安庆市望江县,https://www.xduim.com/zw/szyf,,专业：畜牧兽医、动物医学、动物药学、动物防疫与检疫、动物医学检验技术、实验动物技术、饲料与动物营养、特种动物养殖、畜牧工程技术（大专），动物科学、动物医学、动物药学、动植物检疫（本科）
2022,三支一扶,2022安徽三支一扶招募,县农业农村局,16027 县农业农村局,大专及以上,农业类（大专），植物生产类（本科）,,笔试+面试,,,招募类别：支农；服务单位：乡镇农技推广站、农机站；招聘人数：3,安徽 安庆市望江县,https://www.xduim.com/zw/szyf,,专业：农业类（大专），植物生产类（本科）
2022,三支一扶,2022安徽三支一扶招募,县辖乡镇,16028 县辖乡镇,大专及以上,不限,,笔试+面试,,,招募类别：乡镇振兴协理、基层社保平台、青年工作；服务单位：县辖乡镇；招聘人数：8,安徽 安庆市望江县,https://www.xduim.com/zw/szyf,,专业：不限
2023,三支一扶,2023安徽三支一扶招募,县教育局,16018 县教育局,大专及以上,不限,,笔试+面试,,,招募类别：支教；服务单位：基层小学；招聘人数：10；报名人数：399；合格人数：261；缴费人数：196,安徽 安庆市望江县,https://www.xduim.com/zw/szyf,,专业：不限
2023,三支一扶,2023安徽三支一扶招募,县水利局,16019 县水利局,大专及以上,水利大类（大专）；水利类（本科）；水利工程（一级学科），土木水利（专业学位硕士）（研究生）,,笔试+面试,,,招募类别：支农；服务单位：长岭镇水利站；招聘人数：1；报名人数：9；合格人数：2；缴费人数：2,安徽 安庆市望江县,https://www.xduim.com/zw/szyf,,专业：水利大类（大专）；水利类（本科）；水利工程（一级学科），土木水利（专业学位硕士）（研究生）
2023,三支一扶,2023安徽三支一扶招募,县农业农村局,16020 县农业农村局,大专及以上,畜牧兽医专业、动物医学专业、动物药学专业、动物防疫与检疫专业（大专）；动物科学专业、动物医学专业、动物药学专业、动植物检疫专业、实验动物学专业、中兽医学专业（本科）；畜牧学、兽医学（一级学科），兽医（专业学位硕士）（研究生）,,笔试+面试,,,招募类别：支农；服务单位：乡镇畜牧兽医站；招聘人数：2；报名人数：12；合格人数：5；缴费人数：3,安徽 安庆市望江县,https://www.xduim.com/zw/szyf,,专业：畜牧兽医专业、动物医学专业、动物药学专业、动物防疫与检疫专业（大专）；动物科学专业、动物医学专业、动物药学专业、动植物检疫专业、实验动物学专业、中兽医学专业（本科）；畜牧学、兽医学（一级学科），兽医（专业学位硕士）（研究生）
2023,三支一扶,2023安徽三支一扶招募,县卫健委,16021 县卫健委,大专及以上,临床医学类（大专）；临床医学类（本科）；临床医学（一级学科），临床医学（专业学位硕士）（研究生）,,笔试+面试,,,招募类别：支医；服务单位：鸦滩镇中心卫生院；招聘人数：1；报名人数：2；合格人数：1；缴费人数：1,安徽 安庆市望江县,https://www.xduim.com/zw/szyf,,专业：临床医学类（大专）；临床医学类（本科）；临床医学（一级学科），临床医学（专业学位硕士）（研究生）
2023,三支一扶,2023安徽三支一扶招募,县卫健委,16022 县卫健委,大专及以上,护理类（大专）；护理学类（本科）；护理学（一级学科），护理（专业学位硕士）（研究生）,,笔试+面试,,,招募类别：支医；服务单位：赛口镇中心卫生院；招聘人数：1；报名人数：21；合格人数：10；缴费人数：5,安徽 安庆市望江县,https://www.xduim.com/zw/szyf,,专业：护理类（大专）；护理学类（本科）；护理学（一级学科），护理（专业学位硕士）（研究生）
2025,三支一扶,2025安徽三支一扶招募,县卫健委,16281 县卫健委,大专及以上,大专：5201临床医学类。 本科：1002临床医学类。 研究生：1002临床医学、1051临床医学。,,笔试+面试,,,招募类别：支医；服务单位：乡镇卫生院；招聘人数：3；报名人数：16；合格人数：14；缴费人数：12,安徽 安庆市望江县,https://www.xduim.com/zw/szyf,,专业：大专：5201临床医学类。 本科：1002临床医学类。 研究生：1002临床医学、1051临床医学。
2024,三支一扶,2024安徽三支一扶招募,县教育局,16261 县教育局,大专及以上,不限,,笔试+面试,,,招募类别：支教；服务单位：基层学校；招聘人数：8；报名人数：300；合格人数：168；缴费人数：102,安徽 安庆市望江县,https://www.xduim.com/zw/szyf,,专业：不限
2024,三支一扶,2024安徽三支一扶招募,县水利局,16262 县水利局,大专及以上,大专：45水利大类； 本科：0811水利类； 研究生：0815水利工程，0859土木水利。,,笔试+面试,,,招募类别：支农；服务单位：乡镇水利站；招聘人数：2；报名人数：16；合格人数：7；缴费人数：3,安徽 安庆市望江县,https://www.xduim.com/zw/szyf,,专业：大专：45水利大类； 本科：0811水利类； 研究生：0815水利工程，0859土木水利。
2024,三支一扶,2024安徽三支一扶招募,县农业农村局,16263 县农业农村局,大专及以上,不限,,笔试+面试,,,招募类别：支农；服务单位：乡镇农机站；招聘人数：2；报名人数：121；合格人数：83；缴费人数：43,安徽 安庆市望江县,https://www.xduim.com/zw/szyf,,专业：不限
2024,三支一扶,2024安徽三支一扶招募,县辖乡镇,16264 县辖乡镇,大专及以上,不限,,笔试+面试,,,招募类别：乡村振兴协理；服务单位：乡镇人民政府；招聘人数：2；报名人数：115；合格人数：77；缴费人数：41,安徽 安庆市望江县,https://www.xduim.com/zw/szyf,,专业：不限
2024,三支一扶,2024安徽三支一扶招募,县辖乡镇,16265 县辖乡镇,大专及以上,不限,,笔试+面试,,,招募类别：基层人社平台；服务单位：乡镇人社所；招聘人数：2；报名人数：115；合格人数：84；缴费人数：47,安徽 安庆市望江县,https://www.xduim.com/zw/szyf,,专业：不限
2024,三支一扶,2024安徽三支一扶招募,县卫健委,16266 县卫健委,大专及以上,大专：5201临床医学类； 本科：1002临床医学类； 研究生：1002临床医学、1051临床医学。,,笔试+面试,,,招募类别：支医；服务单位：乡镇卫生院；招聘人数：4；报名人数：12；合格人数：0；缴费人数：0,安徽 安庆市望江县,https://www.xduim.com/zw/szyf,,专业：大专：5201临床医学类； 本科：1002临床医学类； 研究生：1002临床医学、1051临床医学。
2022,三支一扶,2022安徽三支一扶招募,市教育局,16001 市教育局,大专及以上,不限,,笔试+面试,,,招募类别：支教；服务单位：基层学校；招聘人数：10,安徽 安庆市桐城市,https://www.xduim.com/zw/szyf,,专业：不限
2022,三支一扶,2022安徽三支一扶招募,市辖乡镇,16002 市辖乡镇,大专及以上,农林牧渔大类（大专），农学门类、农业工程类和其他授予农学学士学位的专业（本科）,,笔试+面试,,,招募类别：支农；服务单位：乡镇农业服务中心；招聘人数：12,安徽 安庆市桐城市,https://www.xduim.com/zw/szyf,,专业：农林牧渔大类（大专），农学门类、农业工程类和其他授予农学学士学位的专业（本科）
2022,三支一扶,2022安徽三支一扶招募,市辖乡镇,16003 市辖乡镇,大专及以上,不限,,笔试+面试,,,招募类别：乡村振兴协理；服务单位：乡镇社保所、乡镇政府；招聘人数：24,安徽 安庆市桐城市,https://www.xduim.com/zw/szyf,,专业：不限
2022,三支一扶,2022安徽三支一扶招募,市卫健委,16004 市卫健委,大专及以上,中医学（大专），中医学类（本科）,,笔试+面试,,,招募类别：支医；服务单位：吕亭镇卫生院；招聘人数：1,安徽 安庆市桐城市,https://www.xduim.com/zw/szyf,,专业：中医学（大专），中医学类（本科）
2022,三支一扶,2022安徽三支一扶招募,市卫健委,16005 市卫健委,大专及以上,临床医学类（大专），临床医学类（本科）,,笔试+面试,,,招募类别：支医；服务单位：乡镇卫生院；招聘人数：5,安徽 安庆市桐城市,https://www.xduim.com/zw/szyf,,专业：临床医学类（大专），临床医学类（本科）
2022,三支一扶,2022安徽三支一扶招募,市卫健委,16006 市卫健委,大专及以上,药学类（大专），药学类（本科）,,笔试+面试,,,招募类别：支医；服务单位：双港卫生院；招聘人数：1,安徽 安庆市桐城市,https://www.xduim.com/zw/szyf,,专业：药学类（大专），药学类（本科）
2022,三支一扶,2022安徽三支一扶招募,市卫健委,16007 市卫健委,大专及以上,护理类（大专），护理学类（本科）,,笔试+面试,,,招募类别：支医；服务单位：唐湾中心卫生院；招聘人数：1,安徽 安庆市桐城市,https://www.xduim.com/zw/szyf,,专业：护理类（大专），护理学类（本科）
2023,三支一扶,2023安徽三支一扶招募,市人社局,16001 市人社局,大专及以上,不限,,笔试+面试,,,招募类别：基层人社平台；服务单位：乡镇社保所；招聘人数：22；报名人数：1013；合格人数：884；缴费人数：487,安徽 安庆市桐城市,https://www.xduim.com/zw/szyf,,专业：不限
2023,三支一扶,2023安徽三支一扶招募,市教育局,16002 市教育局,大专及以上,不限,,笔试+面试,,,招募类别：支教；服务单位：基层学校；招聘人数：8；报名人数：327；合格人数：283；缴费人数：175,安徽 安庆市桐城市,https://www.xduim.com/zw/szyf,,专业：不限
2023,三支一扶,2023安徽三支一扶招募,市卫健委,16003 市卫健委,大专及以上,临床医学类（大专）；临床医学类（本科）；临床医学（一级学科），临床医学（专业学位硕士）（研究生）,,笔试+面试,,,招募类别：支医；服务单位：乡镇卫生院；招聘人数：3；报名人数：11；合格人数：5；缴费人数：4,安徽 安庆市桐城市,https://www.xduim.com/zw/szyf,,专业：临床医学类（大专）；临床医学类（本科）；临床医学（一级学科），临床医学（专业学位硕士）（研究生）
2023,三支一扶,2023安徽三支一扶招募,市卫健委,16004 市卫健委,大专及以上,口腔医学（大专）；口腔医学类（本科）；口腔医学（一级学科），口腔医学（专业学位硕士）（研究生）,,笔试+面试,,,招募类别：支医；服务单位：乡镇卫生院；招聘人数：2；报名人数：7；合格人数：6；缴费人数：3,安徽 安庆市桐城市,https://www.xduim.com/zw/szyf,,专业：口腔医学（大专）；口腔医学类（本科）；口腔医学（一级学科），口腔医学（专业学位硕士）（研究生）
2022,三支一扶,2022安徽三支一扶招募,市林业局,16013 市林业局,大专及以上,不限,,笔试+面试,,,招募类别：乡村振兴协理；服务单位：驼岭林场；招聘人数：3,安徽 安庆市潜山市,https://www.xduim.com/zw/szyf,,专业：不限
2024,三支一扶,2024安徽三支一扶招募,市人社局,16244 市人社局,大专及以上,不限,,笔试+面试,,,招募类别：基层人社平台；服务单位：乡镇社保所；招聘人数：11；报名人数：679；合格人数：587；缴费人数：343,安徽 安庆市桐城市,https://www.xduim.com/zw/szyf,,专业：不限
2024,三支一扶,2024安徽三支一扶招募,市教育局,16245 市教育局,大专及以上,不限,,笔试+面试,,,招募类别：支教；服务单位：基层学校；招聘人数：10；报名人数：396；合格人数：336；缴费人数：179,安徽 安庆市桐城市,https://www.xduim.com/zw/szyf,,专业：不限
2024,三支一扶,2024安徽三支一扶招募,市卫健委,16246 市卫健委,大专及以上,大专：5201临床医学类； 本科：1002临床医学类； 研究生：1002临床医学、1051临床医学。,,笔试+面试,,,招募类别：支医；服务单位：乡镇卫生院；招聘人数：7；报名人数：24；合格人数：19；缴费人数：15,安徽 安庆市桐城市,https://www.xduim.com/zw/szyf,,专业：大专：5201临床医学类； 本科：1002临床医学类； 研究生：1002临床医学、1051临床医学。
2025,三支一扶,2025安徽三支一扶招募,市人社局,16263 市人社局,大专及以上,专业不限,,笔试+面试,,,招募类别：基层人社平台；服务单位：乡镇社保所；招聘人数：10；报名人数：860；合格人数：757；缴费人数：470,安徽 安庆市桐城市,https://www.xduim.com/zw/szyf,,专业：专业不限
2025,三支一扶,2025安徽三支一扶招募,市教育局,16264 市教育局,本科及以上,专业不限,,笔试+面试,,,招募类别：支教；服务单位：下属中学；招聘人数：6；报名人数：399；合格人数：340；缴费人数：195,安徽 安庆市桐城市,https://www.xduim.com/zw/szyf,,专业：专业不限
2025,三支一扶,2025安徽三支一扶招募,市教育局,16265 市教育局,大专及以上,专业不限,,笔试+面试,,,招募类别：支教；服务单位：下属小学；招聘人数：2；报名人数：159；合格人数：125；缴费人数：75,安徽 安庆市桐城市,https://www.xduim.com/zw/szyf,,专业：专业不限
2025,三支一扶,2025安徽三支一扶招募,市卫健委,16266 市卫健委,大专及以上,大专：5201临床医学类。 本科：1002临床医学类。 研究生：1002临床医学、1051临床医学。,,笔试+面试,,,招募类别：支医；服务单位：乡镇卫生院；招聘人数：5；报名人数：47；合格人数：30；缴费人数：18,安徽 安庆市桐城市,https://www.xduim.com/zw/szyf,,专业：大专：5201临床医学类。 本科：1002临床医学类。 研究生：1002临床医学、1051临床医学。
2025,三支一扶,2025安徽三支一扶招募,市水利局,16267 市水利局,大专及以上,大专：45水利大类。 本科：0811水利类。 研究生：0815水利工程、0859土木水利。,,笔试+面试,,,招募类别：支农-水利；服务单位：乡镇水利站；招聘人数：2；报名人数：24；合格人数：13；缴费人数：5,安徽 安庆市桐城市,https://www.xduim.com/zw/szyf,,专业：大专：45水利大类。 本科：0811水利类。 研究生：0815水利工程、0859土木水利。
2023,三支一扶,2023安徽三支一扶招募,市林业局,16013 市林业局,大专及以上,不限,,笔试+面试,,,招募类别：支农；服务单位：潜山市驼岭林场；招聘人数：2；报名人数：92；合格人数：78；缴费人数：45,安徽 安庆市潜山市,https://www.xduim.com/zw/szyf,,专业：不限
2023,三支一扶,2023安徽三支一扶招募,市乡村振兴局,16014 市乡村振兴局,大专及以上,不限,,笔试+面试,,,招募类别：乡村振兴协理；服务单位：乡镇乡村振兴综合服务部；招聘人数：8；报名人数：419；合格人数：310；缴费人数：183,安徽 安庆市潜山市,https://www.xduim.com/zw/szyf,,专业：不限
2025,三支一扶,2025安徽三支一扶招募,市水利局,16274 市水利局,大专及以上,大专：45水利大类。 本科：0811水利类。 研究生：0815水利工程、0859土木水利。,,笔试+面试,,,招募类别：支农-水利；服务单位：乡镇水利站；招聘人数：3；报名人数：34；合格人数：27；缴费人数：14,安徽 安庆市潜山市,https://www.xduim.com/zw/szyf,,专业：大专：45水利大类。 本科：0811水利类。 研究生：0815水利工程、0859土木水利。
2025,三支一扶,2025安徽三支一扶招募,市辖乡镇,16275 市辖乡镇,大专及以上,大专：5804法律实务类、5805法律执行类； 本科：0301法学类； 研究生：0301法学、0351法律。,,笔试+面试,,,招募类别：乡村振兴协理-法律；服务单位：乡镇人民政府；招聘人数：2；报名人数：39；合格人数：33；缴费人数：21,安徽 安庆市潜山市,https://www.xduim.com/zw/szyf,,专业：大专：5804法律实务类、5805法律执行类； 本科：0301法学类； 研究生：0301法学、0351法律。
2025,三支一扶,2025安徽三支一扶招募,市辖乡镇,16276 市辖乡镇,大专及以上,大专：4401建筑设计类、4402城乡规划与管理类、4403土建施工类； 本科：0705地理科学类、0801力学类、0810土木类、0828建筑类； 研究生：0705地理学、0801力学、0813建筑学、0814土木工程、0833 城乡规划学、0851建筑、0853城乡规划。,,笔试+面试,,,招募类别：乡村振兴协理-建规；服务单位：龙潭乡人民政府；招聘人数：1；报名人数：24；合格人数：21；缴费人数：13,安徽 安庆市潜山市,https://www.xduim.com/zw/szyf,,专业：大专：4401建筑设计类、4402城乡规划与管理类、4403土建施工类； 本科：0705地理科学类、0801力学类、0810土木类、0828建筑类； 研究生：0705地理学、0801力学、0813建筑学、0814土木工程、0833 城乡规划学、0851建筑、0853城乡规划。
2024,三支一扶,2024安徽三支一扶招募,市农业农村局,16254 市农业农村局,大专及以上,不限,,笔试+面试,,,招募类别：支农；服务单位：乡镇农技站；招聘人数：2；报名人数：138；合格人数：61；缴费人数：30,安徽 安庆市潜山市,https://www.xduim.com/zw/szyf,,专业：不限
2024,三支一扶,2024安徽三支一扶招募,市水利局,16255 市水利局,大专及以上,不限,,笔试+面试,,,招募类别：支农；服务单位：乡镇水利站；招聘人数：2；报名人数：131；合格人数：82；缴费人数：39,安徽 安庆市潜山市,https://www.xduim.com/zw/szyf,,专业：不限
2024,三支一扶,2024安徽三支一扶招募,市林业局,16256 市林业局,大专及以上,不限,,笔试+面试,,,招募类别：支农；服务单位：乡镇林业站；招聘人数：2；报名人数：130；合格人数：77；缴费人数：44,安徽 安庆市潜山市,https://www.xduim.com/zw/szyf,,专业：不限
2024,三支一扶,2024安徽三支一扶招募,区辖乡镇,16275 区辖乡镇,大专及以上,不限,,笔试+面试,,,招募类别：乡村振兴协理；服务单位：乡镇人民政府；招聘人数：2；报名人数：190；合格人数：168；缴费人数：68,安徽 安庆市经开区,https://www.xduim.com/zw/szyf,,专业：不限
2022,三支一扶,2022安徽三支一扶招募,区辖乡镇,16029 区辖乡镇,大专及以上,不限,,笔试+面试,,,招募类别：乡村振兴协理；服务单位：新洲乡政府；招聘人数：2,安徽 安庆市迎江区,https://www.xduim.com/zw/szyf,,专业：不限
2022,三支一扶,2022安徽三支一扶招募,区辖乡镇,16030 区辖乡镇,大专及以上,建筑设计类、城乡规划与管理类、土建施工类（大专），地理科学类、力学类、土木类、建筑类（本科），地理学、力学、建筑学、土木工程（研究生），建筑学、城市规划（专业学位硕士）,,笔试+面试,,,招募类别：乡村振兴协理；服务单位：长风乡政府；招聘人数：1,安徽 安庆市迎江区,https://www.xduim.com/zw/szyf,,专业：建筑设计类、城乡规划与管理类、土建施工类（大专），地理科学类、力学类、土木类、建筑类（本科），地理学、力学、建筑学、土木工程（研究生），建筑学、城市规划（专业学位硕士）
2022,三支一扶,2022安徽三支一扶招募,区辖乡镇,16031 区辖乡镇,大专及以上,法律实务类、法律执行类（大专），法学类（本科），法学（研究生），法律（专业学位硕士）,,笔试+面试,,,招募类别：乡村振兴协理；服务单位：长风乡政府；招聘人数：1,安徽 安庆市迎江区,https://www.xduim.com/zw/szyf,,专业：法律实务类、法律执行类（大专），法学类（本科），法学（研究生），法律（专业学位硕士）
2022,三支一扶,2022安徽三支一扶招募,区人社局,16032 区人社局,大专及以上,不限,,笔试+面试,,,招募类别：基层人社平台；服务单位：乡镇社保所；招聘人数：2,安徽 安庆市迎江区,https://www.xduim.com/zw/szyf,,专业：不限
2022,三支一扶,2022安徽三支一扶招募,区农业农村局,16033 区农业农村局,大专及以上,农林牧渔大类（大专），农学门类、农业工程类、林业工程类和其他授予农学学士学位的专业（本科）,,笔试+面试,,,招募类别：支农；服务单位：乡镇农村经济技术服务中心；招聘人数：2,安徽 安庆市迎江区,https://www.xduim.com/zw/szyf,,专业：农林牧渔大类（大专），农学门类、农业工程类、林业工程类和其他授予农学学士学位的专业（本科）
2023,三支一扶,2023安徽三支一扶招募,区教体局,16023 区教体局,大专及以上,不限,,笔试+面试,,,招募类别：支教；服务单位：罗塘实验学校；招聘人数：2；报名人数：70；合格人数：47；缴费人数：32,安徽 安庆市迎江区,https://www.xduim.com/zw/szyf,,专业：不限
2023,三支一扶,2023安徽三支一扶招募,区教体局,16024 区教体局,大专及以上,不限,,笔试+面试,,,招募类别：支教；服务单位：罗塘实验学校；招聘人数：2；报名人数：81；合格人数：52；缴费人数：34,安徽 安庆市迎江区,https://www.xduim.com/zw/szyf,,专业：不限
2023,三支一扶,2023安徽三支一扶招募,区卫健委,16025 区卫健委,大专及以上,临床医学类、中医学（大专）；临床医学类、中医学类（本科）；临床医学、中医学（一级学科），临床医学、中医（专业学位硕士）（研究生）,,笔试+面试,,,招募类别：支医；服务单位：乡镇卫生院；招聘人数：4；报名人数：25；合格人数：17；缴费人数：15,安徽 安庆市迎江区,https://www.xduim.com/zw/szyf,,专业：临床医学类、中医学（大专）；临床医学类、中医学类（本科）；临床医学、中医学（一级学科），临床医学、中医（专业学位硕士）（研究生）
2023,三支一扶,2023安徽三支一扶招募,区人社局,16026 区人社局,大专及以上,不限,,笔试+面试,,,招募类别：乡村振兴协理；服务单位：乡镇人民政府；招聘人数：2；报名人数：231；合格人数：162；缴费人数：97,安徽 安庆市迎江区,https://www.xduim.com/zw/szyf,,专业：不限
2025,三支一扶,2025安徽三支一扶招募,区辖乡镇,16282 区辖乡镇,大专及以上,专业不限,,笔试+面试,,,招募类别：基层人社平台；服务单位：长风乡政府；招聘人数：1；报名人数：92；合格人数：77；缴费人数：32,安徽 安庆市迎江区,https://www.xduim.com/zw/szyf,,专业：专业不限
2025,三支一扶,2025安徽三支一扶招募,区辖乡镇,16283 区辖乡镇,大专及以上,大专：5804法律实务类、5805法律执行类； 本科：0301法学类； 研究生：0301法学、0351法律。,,笔试+面试,,,招募类别：乡村振兴协理-法律；服务单位：长风乡政府；招聘人数：1；报名人数：28；合格人数：25；缴费人数：11,安徽 安庆市迎江区,https://www.xduim.com/zw/szyf,,专业：大专：5804法律实务类、5805法律执行类； 本科：0301法学类； 研究生：0301法学、0351法律。
2025,三支一扶,2025安徽三支一扶招募,区水利局,16284 区水利局,大专及以上,大专：45水利大类。 本科：0811水利类。 研究生：0815水利工程、0859土木水利。,,笔试+面试,,,招募类别：支农-水利；服务单位：新洲乡政府；招聘人数：1；报名人数：10；合格人数：6；缴费人数：4,安徽 安庆市迎江区,https://www.xduim.com/zw/szyf,,专业：大专：45水利大类。 本科：0811水利类。 研究生：0815水利工程、0859土木水利。
2025,三支一扶,2025安徽三支一扶招募,区辖乡镇,16285 区辖乡镇,大专及以上,专业不限,,笔试+面试,,,招募类别：乡村振兴协理；服务单位：乡镇人民政府；招聘人数：3；报名人数：273；合格人数：241；缴费人数：133,安徽 安庆市迎江区,https://www.xduim.com/zw/szyf,,专业：专业不限
2025,三支一扶,2025安徽三支一扶招募,区辖乡镇,16286 区辖乡镇,大专及以上,大专：4401建筑设计类、4402城乡规划与管理类、4403土建施工类； 本科：0705地理科学类、0801力学类、0810土木类、0828建筑类； 研究生：0705地理学、0801力学、0813建筑学、0814土木工程、0833城乡规划学、0851建筑、0853城乡规划。,,笔试+面试,,,招募类别：乡村振兴协理-建规；服务单位：乡镇人民政府；招聘人数：2；报名人数：56；合格人数：32；缴费人数：18,安徽 安庆市迎江区,https://www.xduim.com/zw/szyf,,专业：大专：4401建筑设计类、4402城乡规划与管理类、4403土建施工类； 本科：0705地理科学类、0801力学类、0810土木类、0828建筑类； 研究生：0705地理学、0801力学、0813建筑学、0814土木工程、0833城乡规划学、0851建筑、0853城乡规划。
2024,三支一扶,2024安徽三支一扶招募,区辖乡镇,16267 区辖乡镇,大专及以上,不限,,笔试+面试,,,招募类别：基层人社平台；服务单位：乡镇社保所；招聘人数：2；报名人数：182；合格人数：157；缴费人数：77,安徽 安庆市迎江区,https://www.xduim.com/zw/szyf,,专业：不限
2024,三支一扶,2024安徽三支一扶招募,区辖乡镇,16268 区辖乡镇,大专及以上,大专：5804法律实务类、5805法律执行类； 本科：03法学类； 研究生：03法学。,,笔试+面试,,,招募类别：乡村振兴协理；服务单位：长风乡政府；招聘人数：1；报名人数：41；合格人数：30；缴费人数：18,安徽 安庆市迎江区,https://www.xduim.com/zw/szyf,,专业：大专：5804法律实务类、5805法律执行类； 本科：03法学类； 研究生：03法学。
2024,三支一扶,2024安徽三支一扶招募,区辖乡镇,16269 区辖乡镇,大专及以上,"大专：4401建筑设计类、4402城乡规划与管理类、4403土建施工类； 本科：0705地理科学类、0801力学类、0810土木类、0828建筑类； 研究生：0705地理学、0801力学、0813建筑学、0814土木工程、0833城乡规划学、0853城乡规划,0851建筑。",,笔试+面试,,,招募类别：乡村振兴协理；服务单位：新洲乡政府；招聘人数：2；报名人数：52；合格人数：43；缴费人数：25,安徽 安庆市迎江区,https://www.xduim.com/zw/szyf,,"专业：大专：4401建筑设计类、4402城乡规划与管理类、4403土建施工类； 本科：0705地理科学类、0801力学类、0810土木类、0828建筑类； 研究生：0705地理学、0801力学、0813建筑学、0814土木工程、0833城乡规划学、0853城乡规划,0851建筑。"
2022,三支一扶,2022安徽三支一扶招募,市辖乡镇、街道,13003 市辖乡镇、街道,大专及以上,不限,,笔试+面试,,,招募类别：乡村振兴协理；服务单位：乡镇政府、街道办事处；招聘人数：10,安徽 宣城市宁国市,https://www.xduim.com/zw/szyf,,专业：不限
2022,三支一扶,2022安徽三支一扶招募,市辖乡镇、街道,13004 市辖乡镇、街道,大专及以上,不限,,笔试+面试,,,招募类别：基层人社平台；服务单位：乡镇政府、街道办事处；招聘人数：6,安徽 宣城市宁国市,https://www.xduim.com/zw/szyf,,专业：不限
2023,三支一扶,2023安徽三支一扶招募,市辖乡镇、街道,13003 市辖乡镇、街道,大专及以上,不限,,笔试+面试,,,招募类别：基层人社平台；服务单位：乡镇人民政府、街道办事处；招聘人数：19；报名人数：718；合格人数：573；缴费人数：345,安徽 宣城市宁国市,https://www.xduim.com/zw/szyf,,专业：不限
2024,三支一扶,2024安徽三支一扶招募,市辖乡镇、街道,13201 市辖乡镇、街道,大专及以上,不限,,笔试+面试,,,招募类别：青年工作；服务单位：乡镇人民政府、街道办事处；招聘人数：7；报名人数：387；合格人数：337；缴费人数：193,安徽 宣城市宁国市,https://www.xduim.com/zw/szyf,,专业：不限
2022,三支一扶,2022安徽三支一扶招募,区辖乡镇,13001 区辖乡镇,大专及以上,不限,,笔试+面试,,,招募类别：乡村振兴协理；服务单位：乡镇政府；招聘人数：20,安徽 宣城市宣州区,https://www.xduim.com/zw/szyf,,专业：不限
2025,三支一扶,2025安徽三支一扶招募,市辖乡镇、街道,13208 市辖乡镇、街道,大专及以上,专业不限,,笔试+面试,,,招募类别：青年工作；服务单位：乡镇人民政府、街道办事处；招聘人数：10；报名人数：642；合格人数：577；缴费人数：311,安徽 宣城市宁国市,https://www.xduim.com/zw/szyf,,专业：专业不限
2023,三支一扶,2023安徽三支一扶招募,区辖乡镇,13001 区辖乡镇,大专及以上,不限,,笔试+面试,,,招募类别：乡村振兴协理；服务单位：乡镇人民政府；招聘人数：25；报名人数：1171；合格人数：922；缴费人数：557,安徽 宣城市宣州区,https://www.xduim.com/zw/szyf,,专业：不限
2024,三支一扶,2024安徽三支一扶招募,区辖乡镇,13199 区辖乡镇,大专及以上,不限,,笔试+面试,,,招募类别：乡村振兴协理；服务单位：乡镇人民政府；招聘人数：14；报名人数：901；合格人数：820；缴费人数：446,安徽 宣城市宣州区,https://www.xduim.com/zw/szyf,,专业：不限
2025,三支一扶,2025安徽三支一扶招募,区辖乡镇,13206 区辖乡镇,大专及以上,专业不限,,笔试+面试,,,招募类别：乡村振兴协理；服务单位：乡镇人民政府；招聘人数：14；报名人数：1030；合格人数：926；缴费人数：570,安徽 宣城市宣州区,https://www.xduim.com/zw/szyf,,专业：专业不限
2023,三支一扶,2023安徽三支一扶招募,市辖乡镇、街道,13021 市辖乡镇、街道,大专及以上,水利工程与管理类（大专）；水利类、农业水利工程专业（本科）；水利工程（一级学科），土木水利（专业学位硕士）（研究生）,,笔试+面试,,,招募类别：支农；服务单位：乡镇人民政府、街道办事处；招聘人数：4；报名人数：17；合格人数：15；缴费人数：10,安徽 宣城市广德市,https://www.xduim.com/zw/szyf,,专业：水利工程与管理类（大专）；水利类、农业水利工程专业（本科）；水利工程（一级学科），土木水利（专业学位硕士）（研究生）
2023,三支一扶,2023安徽三支一扶招募,市辖乡镇、街道,13022 市辖乡镇、街道,大专及以上,不限,,笔试+面试,,,招募类别：基层人社平台；服务单位：乡镇人民政府、街道办事处；招聘人数：3；报名人数：139；合格人数：106；缴费人数：63,安徽 宣城市广德市,https://www.xduim.com/zw/szyf,,专业：不限
2023,三支一扶,2023安徽三支一扶招募,市辖乡镇、街道,13023 市辖乡镇、街道,大专及以上,不限,,笔试+面试,,,招募类别：乡村振兴协理；服务单位：誓节镇人民政府；招聘人数：2；报名人数：89；合格人数：79；缴费人数：42,安徽 宣城市广德市,https://www.xduim.com/zw/szyf,,专业：不限
2023,三支一扶,2023安徽三支一扶招募,市辖乡镇、街道,13024 市辖乡镇、街道,大专及以上,法律实务类、法律执行类（大专）；法学类（本科）；法学（一级学科），法律（专业硕士学位）（研究生）,,笔试+面试,,,招募类别：乡村振兴协理；服务单位：乡镇人民政府、街道办事处；招聘人数：2；报名人数：45；合格人数：38；缴费人数：25,安徽 宣城市广德市,https://www.xduim.com/zw/szyf,,专业：法律实务类、法律执行类（大专）；法学类（本科）；法学（一级学科），法律（专业硕士学位）（研究生）
2023,三支一扶,2023安徽三支一扶招募,市辖乡镇、街道,13025 市辖乡镇、街道,大专及以上,不限,,笔试+面试,,,招募类别：青年工作；服务单位：乡镇人民政府、街道办事处；招聘人数：4；报名人数：156；合格人数：133；缴费人数：67,安徽 宣城市广德市,https://www.xduim.com/zw/szyf,,专业：不限
2023,三支一扶,2023安徽三支一扶招募,市辖乡镇、街道,13026 市辖乡镇、街道,大专及以上,农林牧渔大类、生物技术类（大专）；农学门类、农业工程类（本科）；农学门类、农业工程（一级学科），农业（专业学位硕士）（研究生）,,笔试+面试,,,招募类别：支农；服务单位：乡镇人民政府、街道办事处；招聘人数：6；报名人数：64；合格人数：47；缴费人数：30,安徽 宣城市广德市,https://www.xduim.com/zw/szyf,,专业：农林牧渔大类、生物技术类（大专）；农学门类、农业工程类（本科）；农学门类、农业工程（一级学科），农业（专业学位硕士）（研究生）
2023,三支一扶,2023安徽三支一扶招募,市辖乡镇、街道,13027 市辖乡镇、街道,大专及以上,建筑设计类、城乡规划与管理类、土建施工类（大专）；地理科学类、力学类、土木类、建筑类（本科）；地理学、力学、建筑学、土木工程、城乡规划学（一级学科），建筑、城乡规划（专业学位硕士）（研究生）,,笔试+面试,,,招募类别：乡村振兴协理；服务单位：乡镇人民政府、街道办事处；招聘人数：6；报名人数：86；合格人数：65；缴费人数：44,安徽 宣城市广德市,https://www.xduim.com/zw/szyf,,专业：建筑设计类、城乡规划与管理类、土建施工类（大专）；地理科学类、力学类、土木类、建筑类（本科）；地理学、力学、建筑学、土木工程、城乡规划学（一级学科），建筑、城乡规划（专业学位硕士）（研究生）
2023,三支一扶,2023安徽三支一扶招募,市卫健委,13028 市卫健委,大专及以上,临床医学类（大专）；临床医学类、口腔医学类、中西医结合类（本科）；临床医学（一级学科），临床医学（专业学位硕士）（研究生）,,笔试+面试,,,招募类别：支医；服务单位：乡镇卫生院；招聘人数：3；报名人数：14；合格人数：8；缴费人数：8,安徽 宣城市广德市,https://www.xduim.com/zw/szyf,,专业：临床医学类（大专）；临床医学类、口腔医学类、中西医结合类（本科）；临床医学（一级学科），临床医学（专业学位硕士）（研究生）
2023,三支一扶,2023安徽三支一扶招募,市卫健委,13029 市卫健委,大专及以上,医学检验技术专业、医学影像技术专业、卫生检验与检疫技术专业（大专）；医学检验技术专业、医学实验技术专业、医学影像技术专业、卫生检验与检疫专业（本科）；临床医学（一级学科），临床医学（专业学位硕士）（研究生）,,笔试+面试,,,招募类别：支医；服务单位：乡镇卫生院；招聘人数：2；报名人数：44；合格人数：27；缴费人数：13,安徽 宣城市广德市,https://www.xduim.com/zw/szyf,,专业：医学检验技术专业、医学影像技术专业、卫生检验与检疫技术专业（大专）；医学检验技术专业、医学实验技术专业、医学影像技术专业、卫生检验与检疫专业（本科）；临床医学（一级学科），临床医学（专业学位硕士）（研究生）
2023,三支一扶,2023安徽三支一扶招募,市教育体育局,13030 市教育体育局,大专及以上,不限,,笔试+面试,,,招募类别：支教；服务单位：基层小学；招聘人数：5；报名人数：233；合格人数：143；缴费人数：99,安徽 宣城市广德市,https://www.xduim.com/zw/szyf,,专业：不限
2022,三支一扶,2022安徽三支一扶招募,市辖乡镇、街道,13022 市辖乡镇、街道,大专及以上,水利工程与管理类（大专），水利类、农业水利工程（本科）,,笔试+面试,,,招募类别：支农；服务单位：乡镇政府、街道办事处；招聘人数：4,安徽 宣城市广德市,https://www.xduim.com/zw/szyf,,专业：水利工程与管理类（大专），水利类、农业水利工程（本科）
2022,三支一扶,2022安徽三支一扶招募,市辖乡镇、街道,13023 市辖乡镇、街道,大专及以上,不限,,笔试+面试,,,招募类别：基层人社平台；服务单位：乡镇政府、街道办事处；招聘人数：5,安徽 宣城市广德市,https://www.xduim.com/zw/szyf,,专业：不限
2022,三支一扶,2022安徽三支一扶招募,市辖乡镇,13024 市辖乡镇,大专及以上,不限,,笔试+面试,,,招募类别：乡村振兴协理；服务单位：乡镇政府；招聘人数：4,安徽 宣城市广德市,https://www.xduim.com/zw/szyf,,专业：不限
2022,三支一扶,2022安徽三支一扶招募,市辖乡镇、街道,13025 市辖乡镇、街道,大专及以上,法律实务类、法律执行类（大专），法学类（本科），法学（研究生），法律（专业学位硕士）,,笔试+面试,,,招募类别：乡村振兴协理；服务单位：乡镇政府、街道办事处；招聘人数：4,安徽 宣城市广德市,https://www.xduim.com/zw/szyf,,专业：法律实务类、法律执行类（大专），法学类（本科），法学（研究生），法律（专业学位硕士）
2022,三支一扶,2022安徽三支一扶招募,市辖街道,13026 市辖街道,大专及以上,不限,,笔试+面试,,,招募类别：青年工作；服务单位：桐汭街道办事处；招聘人数：1,安徽 宣城市广德市,https://www.xduim.com/zw/szyf,,专业：不限
2022,三支一扶,2022安徽三支一扶招募,市辖街道,13027 市辖街道,大专及以上,农业类（大专），农业工程类、植物生产类（本科）,,笔试+面试,,,招募类别：支农；服务单位：升平街道办事处；招聘人数：1,安徽 宣城市广德市,https://www.xduim.com/zw/szyf,,专业：农业类（大专），农业工程类、植物生产类（本科）
2022,三支一扶,2022安徽三支一扶招募,市辖乡镇,13028 市辖乡镇,大专及以上,林业类（大专），林业工程类（本科）,,笔试+面试,,,招募类别：支农；服务单位：乡镇政府；招聘人数：2,安徽 宣城市广德市,https://www.xduim.com/zw/szyf,,专业：林业类（大专），林业工程类（本科）
2022,三支一扶,2022安徽三支一扶招募,市辖乡镇、街道,13029 市辖乡镇、街道,大专及以上,建筑设计类、城乡规划与管理类、土建施工类（大专），地理科学类、力学类、土木类、建筑类（本科），地理学、力学、建筑学、土木工程（研究生），建筑学、城市规划（专业学位硕士）,,笔试+面试,,,招募类别：乡村振兴协理；服务单位：乡镇政府、街道办事处；招聘人数：6,安徽 宣城市广德市,https://www.xduim.com/zw/szyf,,专业：建筑设计类、城乡规划与管理类、土建施工类（大专），地理科学类、力学类、土木类、建筑类（本科），地理学、力学、建筑学、土木工程（研究生），建筑学、城市规划（专业学位硕士）
2022,三支一扶,2022安徽三支一扶招募,市卫健委,13030 市卫健委,大专及以上,临床医学类（大专），临床医学类、中医学类、中西医结合类、口腔医学类（本科）,,笔试+面试,,,招募类别：支医；服务单位：乡镇卫生院；招聘人数：8,安徽 宣城市广德市,https://www.xduim.com/zw/szyf,,专业：临床医学类（大专），临床医学类、中医学类、中西医结合类、口腔医学类（本科）
2022,三支一扶,2022安徽三支一扶招募,市卫健委,13031 市卫健委,大专及以上,医学技术类,,笔试+面试,,,招募类别：支医；服务单位：乡镇卫生院；招聘人数：2,安徽 宣城市广德市,https://www.xduim.com/zw/szyf,,专业：医学技术类
2024,三支一扶,2024安徽三支一扶招募,市辖乡镇、街道,13217 市辖乡镇、街道,大专及以上,不限,,笔试+面试,,,招募类别：基层人社平台；服务单位：四合乡人民政府；招聘人数：1；报名人数：60；合格人数：52；缴费人数：25,安徽 宣城市广德市,https://www.xduim.com/zw/szyf,,专业：不限
2024,三支一扶,2024安徽三支一扶招募,市辖乡镇、街道,13218 市辖乡镇、街道,大专及以上,不限,,笔试+面试,,,招募类别：乡村振兴协理；服务单位：乡镇人民政府；招聘人数：3；报名人数：262；合格人数：220；缴费人数：118,安徽 宣城市广德市,https://www.xduim.com/zw/szyf,,专业：不限
2024,三支一扶,2024安徽三支一扶招募,市辖乡镇、街道,13219 市辖乡镇、街道,大专及以上,大专：5804法律实务类、5805法律执行类； 大学本科：0301法学类； 研究生：0301法学，0351法律。,,笔试+面试,,,招募类别：乡村振兴协理；服务单位：乡镇人民政府；招聘人数：2；报名人数：45；合格人数：38；缴费人数：12,安徽 宣城市广德市,https://www.xduim.com/zw/szyf,,专业：大专：5804法律实务类、5805法律执行类； 大学本科：0301法学类； 研究生：0301法学，0351法律。
2024,三支一扶,2024安徽三支一扶招募,市辖乡镇、街道,13220 市辖乡镇、街道,大专及以上,大专：41农林牧渔大类、4701生物技术类； 大学本科：09农学门类、1203农业经济管理类、0823农业工程类； 研究生：09农学门类、0828农业工程。,,笔试+面试,,,招募类别：支农；服务单位：乡镇人民政府；招聘人数：2；报名人数：41；合格人数：32；缴费人数：19,安徽 宣城市广德市,https://www.xduim.com/zw/szyf,,专业：大专：41农林牧渔大类、4701生物技术类； 大学本科：09农学门类、1203农业经济管理类、0823农业工程类； 研究生：09农学门类、0828农业工程。
2024,三支一扶,2024安徽三支一扶招募,市辖乡镇、街道,13221 市辖乡镇、街道,大专及以上,大专：4401建筑设计类、4402城乡规划与管理类、4403土建施工类； 大学本科：0705地理科学类、0801力学类、0810土木类、0828建筑类； 研究生：0705地理学、0801力学、0813建筑学、0814土木工程、0833城乡规划学、0851建筑、0853城乡规划。,,笔试+面试,,,招募类别：乡村振兴协理；服务单位：新杭镇人民政府；招聘人数：1；报名人数：18；合格人数：12；缴费人数：9,安徽 宣城市广德市,https://www.xduim.com/zw/szyf,,专业：大专：4401建筑设计类、4402城乡规划与管理类、4403土建施工类； 大学本科：0705地理科学类、0801力学类、0810土木类、0828建筑类； 研究生：0705地理学、0801力学、0813建筑学、0814土木工程、0833城乡规划学、0851建筑、0853城乡规划。
2024,三支一扶,2024安徽三支一扶招募,市卫健委,13222 市卫健委,大专及以上,大专：5201临床医学类； 大学本科：1002临床医学类、1003口腔医学类； 研究生：1002临床医学、1003口腔医学，1051临床医学、1052口腔医学。,,笔试+面试,,,招募类别：支医；服务单位：乡镇卫生院；招聘人数：5；报名人数：28；合格人数：12；缴费人数：9,安徽 宣城市广德市,https://www.xduim.com/zw/szyf,,专业：大专：5201临床医学类； 大学本科：1002临床医学类、1003口腔医学类； 研究生：1002临床医学、1003口腔医学，1051临床医学、1052口腔医学。
2024,三支一扶,2024安徽三支一扶招募,市教育体育局,13223 市教育体育局,大专及以上,不限,,笔试+面试,,,招募类别：支教；服务单位：基层学校；招聘人数：5；报名人数：332；合格人数：271；缴费人数：158,安徽 宣城市广德市,https://www.xduim.com/zw/szyf,,专业：不限
2025,三支一扶,2025安徽三支一扶招募,乡镇人民政府,13226 乡镇人民政府,大专及以上,大专：4401建筑设计类、4402城乡规划与管理类、4403土建施工类； 本科：0705地理科学类、0801力学类、0810土木类、0828建筑类； 研究生：0705地理学、0801力学、0813建筑学、0814土木工程、0833城乡规划学、0851建筑、0851建筑学、0853城乡规划、0853城市规划。,,笔试+面试,,,招募类别：乡村振兴协理-建规；服务单位：市辖乡镇、街道；招聘人数：2；报名人数：56；合格人数：29；缴费人数：21,安徽 宣城市广德市,https://www.xduim.com/zw/szyf,,专业：大专：4401建筑设计类、4402城乡规划与管理类、4403土建施工类； 本科：0705地理科学类、0801力学类、0810土木类、0828建筑类； 研究生：0705地理学、0801力学、0813建筑学、0814土木工程、0833城乡规划学、0851建筑、0851建筑学、0853城乡规划、0853城市规划。
2025,三支一扶,2025安徽三支一扶招募,乡镇人民政府,13227 乡镇人民政府,大专及以上,专业不限,,笔试+面试,,,招募类别：乡村振兴协理；服务单位：市辖乡镇、街道；招聘人数：3；报名人数：205；合格人数：183；缴费人数：96,安徽 宣城市广德市,https://www.xduim.com/zw/szyf,,专业：专业不限
2025,三支一扶,2025安徽三支一扶招募,乡镇人民政府,13228 乡镇人民政府,大专及以上,专业不限,,笔试+面试,,,招募类别：基层人社平台；服务单位：市辖乡镇、街道；招聘人数：2；报名人数：218；合格人数：153；缴费人数：89,安徽 宣城市广德市,https://www.xduim.com/zw/szyf,,专业：专业不限
2025,三支一扶,2025安徽三支一扶招募,新杭镇人民政府,13229 新杭镇人民政府,大专及以上,大专：5804法律实务类、5805法律执行类； 本科：0301法学类； 研究生：0301法学、0351法律。,,笔试+面试,,,招募类别：乡村振兴协理-法律；服务单位：市辖乡镇、街道；招聘人数：1；报名人数：24；合格人数：22；缴费人数：12,安徽 宣城市广德市,https://www.xduim.com/zw/szyf,,专业：大专：5804法律实务类、5805法律执行类； 本科：0301法学类； 研究生：0301法学、0351法律。
2025,三支一扶,2025安徽三支一扶招募,乡镇人民政府,13230 乡镇人民政府,大专及以上,大专：41农林牧渔大类、4701生物技术类； 本科：09农学门类、1203农业经济管理类、0823农业工程类； 研究生：09农学门类、0828农业工程、0951农业。,,笔试+面试,,,招募类别：支农-农技；服务单位：市辖乡镇、街道；招聘人数：3；报名人数：64；合格人数：39；缴费人数：27,安徽 宣城市广德市,https://www.xduim.com/zw/szyf,,专业：大专：41农林牧渔大类、4701生物技术类； 本科：09农学门类、1203农业经济管理类、0823农业工程类； 研究生：09农学门类、0828农业工程、0951农业。
2025,三支一扶,2025安徽三支一扶招募,乡镇人民政府,13231 乡镇人民政府,大专及以上,大专：45水利大类； 本科：0811水利类； 研究生：0815水利工程、085902水利工程。,,笔试+面试,,,招募类别：支农-水利；服务单位：市辖乡镇、街道；招聘人数：3；报名人数：27；合格人数：20；缴费人数：12,安徽 宣城市广德市,https://www.xduim.com/zw/szyf,,专业：大专：45水利大类； 本科：0811水利类； 研究生：0815水利工程、085902水利工程。
2025,三支一扶,2025安徽三支一扶招募,乡镇卫生院,13232 乡镇卫生院,大专及以上,大专：520501医学检验技术、520508卫生检验与检疫技术、520101K临床医学； 本科：101001医学检验技术、101007卫生检验与检疫、100201K临床医学； 研究生：1002临床医学、1051临床医学。,,笔试+面试,,,招募类别：支医；服务单位：市卫健委；招聘人数：3；报名人数：102；合格人数：91；缴费人数：66,安徽 宣城市广德市,https://www.xduim.com/zw/szyf,,专业：大专：520501医学检验技术、520508卫生检验与检疫技术、520101K临床医学； 本科：101001医学检验技术、101007卫生检验与检疫、100201K临床医学； 研究生：1002临床医学、1051临床医学。
2025,三支一扶,2025安徽三支一扶招募,乡镇卫生院,13233 乡镇卫生院,大专及以上,大专：520502医学影像技术、520505放射治疗技术、520101K临床医学； 本科：101003医学影像技术、100203TK医学影像学、100201K临床医学； 研究生：1002临床医学、1051临床医学。,,笔试+面试,,,招募类别：支医；服务单位：市卫健委；招聘人数：3；报名人数：84；合格人数：67；缴费人数：46,安徽 宣城市广德市,https://www.xduim.com/zw/szyf,,专业：大专：520502医学影像技术、520505放射治疗技术、520101K临床医学； 本科：101003医学影像技术、100203TK医学影像学、100201K临床医学； 研究生：1002临床医学、1051临床医学。
2023,三支一扶,2023安徽三支一扶招募,县辖乡镇,13016 县辖乡镇,大专及以上,不限,,笔试+面试,,,招募类别：乡村振兴协理；服务单位：乡镇人民政府；招聘人数：5；报名人数：220；合格人数：106；缴费人数：54,安徽 宣城市旌德县,https://www.xduim.com/zw/szyf,,专业：不限
2023,三支一扶,2023安徽三支一扶招募,县辖乡镇,13017 县辖乡镇,大专及以上,法律实务类、法律执行类（大专）；法学类（本科）；法学（一级学科），法律（专业硕士学位）（研究生）,,笔试+面试,,,招募类别：乡村振兴协理；服务单位：乡镇人民政府；招聘人数：2；报名人数：45；合格人数：35；缴费人数：15,安徽 宣城市旌德县,https://www.xduim.com/zw/szyf,,专业：法律实务类、法律执行类（大专）；法学类（本科）；法学（一级学科），法律（专业硕士学位）（研究生）
2023,三支一扶,2023安徽三支一扶招募,县辖乡镇,13018 县辖乡镇,大专及以上,不限,,笔试+面试,,,招募类别：基层人社平台；服务单位：乡镇人民政府；招聘人数：5；报名人数：181；合格人数：149；缴费人数：69,安徽 宣城市旌德县,https://www.xduim.com/zw/szyf,,专业：不限
2023,三支一扶,2023安徽三支一扶招募,县辖乡镇,13019 县辖乡镇,大专及以上,农林牧渔大类（大专）；农学门类、农业工程类和其他授予农学学士学位的专业（本科）；农学门类、农业工程（一级学科）和其他授予农学硕士学位的专业（研究生),,笔试+面试,,,招募类别：支农；服务单位：乡镇人民政府；招聘人数：2；报名人数：13；合格人数：11；缴费人数：7,安徽 宣城市旌德县,https://www.xduim.com/zw/szyf,,专业：农林牧渔大类（大专）；农学门类、农业工程类和其他授予农学学士学位的专业（本科）；农学门类、农业工程（一级学科）和其他授予农学硕士学位的专业（研究生)
2023,三支一扶,2023安徽三支一扶招募,县辖乡镇,13020 县辖乡镇,大专及以上,水利工程与管理类（大专）；水利类、农业水利工程专业（本科）；水利工程（一级学科），土木水利（专业学位硕士）（研究生）,,笔试+面试,,,招募类别：支农；服务单位：乡镇人民政府；招聘人数：2；报名人数：8；合格人数：6；缴费人数：2,安徽 宣城市旌德县,https://www.xduim.com/zw/szyf,,专业：水利工程与管理类（大专）；水利类、农业水利工程专业（本科）；水利工程（一级学科），土木水利（专业学位硕士）（研究生）
2022,三支一扶,2022安徽三支一扶招募,县辖乡镇,13017 县辖乡镇,大专及以上,林业类（大专），林业工程类、林学类（本科）,,笔试+面试,,,招募类别：支农；服务单位：乡镇政府；招聘人数：2,安徽 宣城市旌德县,https://www.xduim.com/zw/szyf,,专业：林业类（大专），林业工程类、林学类（本科）
2022,三支一扶,2022安徽三支一扶招募,县辖乡镇,13018 县辖乡镇,大专及以上,水利工程与管理类（大专），水利类、农业水利工程（本科）,,笔试+面试,,,招募类别：支农；服务单位：乡镇政府；招聘人数：1,安徽 宣城市旌德县,https://www.xduim.com/zw/szyf,,专业：水利工程与管理类（大专），水利类、农业水利工程（本科）
2022,三支一扶,2022安徽三支一扶招募,县辖乡镇,13019 县辖乡镇,大专及以上,建筑设计类、城乡规划与管理类、土建施工类（大专），地理科学类、力学类、土木类、建筑类（本科），地理学、力学、建筑学、土木工程（研究生），建筑学、城市规划（专业学位硕士）,,笔试+面试,,,招募类别：乡村振兴协理；服务单位：乡镇政府；招聘人数：4,安徽 宣城市旌德县,https://www.xduim.com/zw/szyf,,专业：建筑设计类、城乡规划与管理类、土建施工类（大专），地理科学类、力学类、土木类、建筑类（本科），地理学、力学、建筑学、土木工程（研究生），建筑学、城市规划（专业学位硕士）
2022,三支一扶,2022安徽三支一扶招募,县辖乡镇,13020 县辖乡镇,大专及以上,法律实务类、法律执行类（大专），法学类（本科），法学（研究生），法律（专业学位硕士）,,笔试+面试,,,招募类别：乡村振兴协理；服务单位：乡镇政府；招聘人数：1,安徽 宣城市旌德县,https://www.xduim.com/zw/szyf,,专业：法律实务类、法律执行类（大专），法学类（本科），法学（研究生），法律（专业学位硕士）
2022,三支一扶,2022安徽三支一扶招募,县辖乡镇,13021 县辖乡镇,大专及以上,不限,,笔试+面试,,,招募类别：乡村振兴协理；服务单位：乡镇政府；招聘人数：2,安徽 宣城市旌德县,https://www.xduim.com/zw/szyf,,专业：不限
2024,三支一扶,2024安徽三支一扶招募,县辖乡镇,13213 县辖乡镇,大专及以上,不限,,笔试+面试,,,招募类别：乡村振兴协理；服务单位：乡镇人民政府；招聘人数：4；报名人数：206；合格人数：136；缴费人数：74,安徽 宣城市旌德县,https://www.xduim.com/zw/szyf,,专业：不限
2024,三支一扶,2024安徽三支一扶招募,县辖乡镇,13214 县辖乡镇,大专及以上,大专：4401建筑设计类、4402城乡规划与管理类、4403土建施工类； 大学本科：0705地理科学类、0801力学类、0810土木类、0828建筑类； 研究生：0705地理学、0801力学、0813建筑学、0814土木工程、0833城乡规划学、0851建筑、0853城乡规划。,,笔试+面试,,,招募类别：乡村振兴协理；服务单位：乡镇人民政府；招聘人数：2；报名人数：23；合格人数：11；缴费人数：5,安徽 宣城市旌德县,https://www.xduim.com/zw/szyf,,专业：大专：4401建筑设计类、4402城乡规划与管理类、4403土建施工类； 大学本科：0705地理科学类、0801力学类、0810土木类、0828建筑类； 研究生：0705地理学、0801力学、0813建筑学、0814土木工程、0833城乡规划学、0851建筑、0853城乡规划。
2024,三支一扶,2024安徽三支一扶招募,县辖乡镇,13215 县辖乡镇,大专及以上,大专：5804法律实务类、5805法律执行类； 大学本科：0301法学类； 研究生：0301法学、0351法律。,,笔试+面试,,,招募类别：乡村振兴协理；服务单位：乡镇人民政府；招聘人数：1；报名人数：14；合格人数：10；缴费人数：5,安徽 宣城市旌德县,https://www.xduim.com/zw/szyf,,专业：大专：5804法律实务类、5805法律执行类； 大学本科：0301法学类； 研究生：0301法学、0351法律。
2024,三支一扶,2024安徽三支一扶招募,县辖乡镇,13216 县辖乡镇,大专及以上,不限,,笔试+面试,,,招募类别：基层人社平台；服务单位：乡镇人民政府；招聘人数：3；报名人数：118；合格人数：88；缴费人数：50,安徽 宣城市旌德县,https://www.xduim.com/zw/szyf,,专业：不限
2025,三支一扶,2025安徽三支一扶招募,县辖乡镇,13219 县辖乡镇,大专及以上,大专：41农林牧渔大类； 本科：09农学门类、0823农业工程类和其他授予农学学士学位的专业； 研究生：09农学门类、0828农业工程和其他授予农学硕士学位的专业。,,笔试+面试,,,招募类别：支农-农技；服务单位：庙首镇人民政府；招聘人数：1；报名人数：6；合格人数：4；缴费人数：3,安徽 宣城市旌德县,https://www.xduim.com/zw/szyf,,专业：大专：41农林牧渔大类； 本科：09农学门类、0823农业工程类和其他授予农学学士学位的专业； 研究生：09农学门类、0828农业工程和其他授予农学硕士学位的专业。
2025,三支一扶,2025安徽三支一扶招募,县辖乡镇,13220 县辖乡镇,大专及以上,大专：45水利大类； 本科：0811水利类、082305农业水利工程； 研究生：0815水利工程、0828农业工程、0859土木水利。,,笔试+面试,,,招募类别：支农-水利；服务单位：蔡家桥镇人民政府；招聘人数：1；报名人数：17；合格人数：12；缴费人数：10,安徽 宣城市旌德县,https://www.xduim.com/zw/szyf,,专业：大专：45水利大类； 本科：0811水利类、082305农业水利工程； 研究生：0815水利工程、0828农业工程、0859土木水利。
2025,三支一扶,2025安徽三支一扶招募,县辖乡镇,13221 县辖乡镇,大专及以上,大专：4102林业类。 本科：0824林业工程类、0905林学类。 研究生：0907林学、0829林业工程、0954林业。,,笔试+面试,,,招募类别：支农-林业；服务单位：云乐镇人民政府；招聘人数：1；报名人数：3；合格人数：2；缴费人数：2,安徽 宣城市旌德县,https://www.xduim.com/zw/szyf,,专业：大专：4102林业类。 本科：0824林业工程类、0905林学类。 研究生：0907林学、0829林业工程、0954林业。
2025,三支一扶,2025安徽三支一扶招募,县辖乡镇,13222 县辖乡镇,大专及以上,专业不限,,笔试+面试,,,招募类别：乡村振兴协理；服务单位：孙村镇人民政府；招聘人数：1；报名人数：72；合格人数：36；缴费人数：23,安徽 宣城市旌德县,https://www.xduim.com/zw/szyf,,专业：专业不限
2025,三支一扶,2025安徽三支一扶招募,县辖乡镇,13223 县辖乡镇,大专及以上,大专：4401建筑设计类、4402城乡规划与管理类、4403土建施工类。 本科：0705地理科学类、0801力学类、0810土木类、0828建筑类。 研究生：0705地理学、0801力学、0813建筑学、0814土木工程、0833城乡规划学、0851建筑、0853城乡规划。,,笔试+面试,,,招募类别：乡村振兴协理-建规；服务单位：乡镇人民政府；招聘人数：2；报名人数：41；合格人数：23；缴费人数：16,安徽 宣城市旌德县,https://www.xduim.com/zw/szyf,,专业：大专：4401建筑设计类、4402城乡规划与管理类、4403土建施工类。 本科：0705地理科学类、0801力学类、0810土木类、0828建筑类。 研究生：0705地理学、0801力学、0813建筑学、0814土木工程、0833城乡规划学、0851建筑、0853城乡规划。
2025,三支一扶,2025安徽三支一扶招募,县辖乡镇,13224 县辖乡镇,大专及以上,大专：5804法律实务类、5805法律执行类。 本科：0301法学类。 研究生：0301法学、0351法律。,,笔试+面试,,,招募类别：乡村振兴协理-法律；服务单位：乡镇人民政府；招聘人数：2；报名人数：39；合格人数：16；缴费人数：11,安徽 宣城市旌德县,https://www.xduim.com/zw/szyf,,专业：大专：5804法律实务类、5805法律执行类。 本科：0301法学类。 研究生：0301法学、0351法律。
2025,三支一扶,2025安徽三支一扶招募,县辖乡镇,13225 县辖乡镇,大专及以上,专业不限,,笔试+面试,,,招募类别：基层人社平台；服务单位：乡镇人民政府；招聘人数：2；报名人数：130；合格人数：80；缴费人数：51,安徽 宣城市旌德县,https://www.xduim.com/zw/szyf,,专业：专业不限
2022,三支一扶,2022安徽三支一扶招募,县辖乡镇,13005 县辖乡镇,大专及以上,不限,,笔试+面试,,,招募类别：基层人社平台；服务单位：乡镇政府；招聘人数：3,安徽 宣城市泾县,https://www.xduim.com/zw/szyf,,专业：不限
2022,三支一扶,2022安徽三支一扶招募,县辖乡镇,13006 县辖乡镇,大专及以上,不限,,笔试+面试,,,招募类别：青年工作；服务单位：乡镇政府；招聘人数：3,安徽 宣城市泾县,https://www.xduim.com/zw/szyf,,专业：不限
2022,三支一扶,2022安徽三支一扶招募,县辖乡镇,13007 县辖乡镇,大专及以上,不限,,笔试+面试,,,招募类别：乡村振兴协理；服务单位：乡镇政府；招聘人数：9,安徽 宣城市泾县,https://www.xduim.com/zw/szyf,,专业：不限
2022,三支一扶,2022安徽三支一扶招募,县辖乡镇,13008 县辖乡镇,大专及以上,法律实务类、法律执行类（大专），法学类（本科），法学（研究生），法律（专业学位硕士）,,笔试+面试,,,招募类别：乡村振兴协理；服务单位：昌桥乡镇政府；招聘人数：1,安徽 宣城市泾县,https://www.xduim.com/zw/szyf,,专业：法律实务类、法律执行类（大专），法学类（本科），法学（研究生），法律（专业学位硕士）
2022,三支一扶,2022安徽三支一扶招募,县辖乡镇,13009 县辖乡镇,大专及以上,林业类（大专），林业工程类、林学类（本科）,,笔试+面试,,,招募类别：支农；服务单位：昌桥乡镇政府；招聘人数：1,安徽 宣城市泾县,https://www.xduim.com/zw/szyf,,专业：林业类（大专），林业工程类、林学类（本科）
2023,三支一扶,2023安徽三支一扶招募,县辖乡镇,13004 县辖乡镇,大专及以上,不限,,笔试+面试,,,招募类别：乡村振兴协理；服务单位：乡镇人民政府；招聘人数：6；报名人数：234；合格人数：193；缴费人数：140,安徽 宣城市泾县,https://www.xduim.com/zw/szyf,,专业：不限
2023,三支一扶,2023安徽三支一扶招募,县辖乡镇,13005 县辖乡镇,大专及以上,建筑设计类、城乡规划与管理类、土建施工类（大专）；地理科学类、力学类、土木类、建筑类（本科）；地理学、力学、建筑学、土木工程、城乡规划学（一级学科），建筑、城乡规划（专业学位硕士）（研究生）,,笔试+面试,,,招募类别：乡村振兴协理；服务单位：云岭镇人民政府；招聘人数：1；报名人数：13；合格人数：11；缴费人数：7,安徽 宣城市泾县,https://www.xduim.com/zw/szyf,,专业：建筑设计类、城乡规划与管理类、土建施工类（大专）；地理科学类、力学类、土木类、建筑类（本科）；地理学、力学、建筑学、土木工程、城乡规划学（一级学科），建筑、城乡规划（专业学位硕士）（研究生）
2023,三支一扶,2023安徽三支一扶招募,县辖乡镇,13006 县辖乡镇,大专及以上,林业类（大专）；林业工程类、林学类（本科）；林学、林业工程（一级学科），林业（专业学位硕士）（研究生）,,笔试+面试,,,招募类别：支农；服务单位：茂林镇人民政府；招聘人数：1；报名人数：7；合格人数：4；缴费人数：2,安徽 宣城市泾县,https://www.xduim.com/zw/szyf,,专业：林业类（大专）；林业工程类、林学类（本科）；林学、林业工程（一级学科），林业（专业学位硕士）（研究生）
2023,三支一扶,2023安徽三支一扶招募,县辖乡镇,13007 县辖乡镇,大专及以上,水利大类（大专）；水利类、农业水利工程专业（本科）；水利工程、农业工程（一级学科），土木水利（专业学位硕士）（研究生）,,笔试+面试,,,招募类别：支农；服务单位：乡镇人民政府；招聘人数：3；报名人数：10；合格人数：6；缴费人数：5,安徽 宣城市泾县,https://www.xduim.com/zw/szyf,,专业：水利大类（大专）；水利类、农业水利工程专业（本科）；水利工程、农业工程（一级学科），土木水利（专业学位硕士）（研究生）
2023,三支一扶,2023安徽三支一扶招募,县辖乡镇,13008 县辖乡镇,大专及以上,农林牧渔大类（大专）；农学门类、农业工程类和其他授予农学学士学位的专业（本科）；农学门类、农业工程（一级学科）和其他授予农学硕士学位的专业（研究生),,笔试+面试,,,招募类别：支农；服务单位：乡镇人民政府；招聘人数：2；报名人数：25；合格人数：17；缴费人数：7,安徽 宣城市泾县,https://www.xduim.com/zw/szyf,,专业：农林牧渔大类（大专）；农学门类、农业工程类和其他授予农学学士学位的专业（本科）；农学门类、农业工程（一级学科）和其他授予农学硕士学位的专业（研究生)
2024,三支一扶,2024安徽三支一扶招募,县辖乡镇,13202 县辖乡镇,大专及以上,大专：4102林业类； 大学本科：0824林业工程类、0905林学类； 研究生：0907林学、0829林业工程、0954林业。,,笔试+面试,,,招募类别：支农；服务单位：乡镇人民政府；招聘人数：2；报名人数：18；合格人数：16；缴费人数：9,安徽 宣城市泾县,https://www.xduim.com/zw/szyf,,专业：大专：4102林业类； 大学本科：0824林业工程类、0905林学类； 研究生：0907林学、0829林业工程、0954林业。
2024,三支一扶,2024安徽三支一扶招募,县辖乡镇,13203 县辖乡镇,大专及以上,大专：4401建筑设计类、4402城乡规划与管理类、4403土建施工类； 大学本科：0705地理科学类、0801力学类、0810土木类、0828建筑类； 研究生：0705地理学、0801力学、0813建筑学、0814土木工程、0833城乡规划学、0851建筑、0853城乡规划。,,笔试+面试,,,招募类别：乡村振兴协理；服务单位：乡镇人民政府；招聘人数：2；报名人数：32；合格人数：25；缴费人数：14,安徽 宣城市泾县,https://www.xduim.com/zw/szyf,,专业：大专：4401建筑设计类、4402城乡规划与管理类、4403土建施工类； 大学本科：0705地理科学类、0801力学类、0810土木类、0828建筑类； 研究生：0705地理学、0801力学、0813建筑学、0814土木工程、0833城乡规划学、0851建筑、0853城乡规划。
2024,三支一扶,2024安徽三支一扶招募,县辖乡镇,13204 县辖乡镇,大专及以上,大专：41农林牧渔大类； 大学本科：09农学门类、0823农业工程类和其他授予农学学士学位的专业； 研究生：09农学门类、0828农业工程和其他授予农学硕士学位的专业。,,笔试+面试,,,招募类别：支农；服务单位：茂林镇人民政府；招聘人数：1；报名人数：12；合格人数：10；缴费人数：6,安徽 宣城市泾县,https://www.xduim.com/zw/szyf,,专业：大专：41农林牧渔大类； 大学本科：09农学门类、0823农业工程类和其他授予农学学士学位的专业； 研究生：09农学门类、0828农业工程和其他授予农学硕士学位的专业。
2025,三支一扶,2025安徽三支一扶招募,县辖乡镇,13209 县辖乡镇,大专及以上,大专：41农林牧渔大类； 本科：09农学门类、0823农业工程类和其他授予农学学士学位的专业； 研究生：09农学门类、0828农业工程和其他授予农学硕士学位的专业。,,笔试+面试,,,招募类别：支农-农技；服务单位：乡镇人民政府；招聘人数：3；报名人数：33；合格人数：28；缴费人数：20,安徽 宣城市泾县,https://www.xduim.com/zw/szyf,,专业：大专：41农林牧渔大类； 本科：09农学门类、0823农业工程类和其他授予农学学士学位的专业； 研究生：09农学门类、0828农业工程和其他授予农学硕士学位的专业。
2025,三支一扶,2025安徽三支一扶招募,县辖乡镇,13210 县辖乡镇,大专及以上,大专：45水利大类； 本科：0811水利类、082305农业水利工程； 研究生：0815水利工程、0828农业工程、0859土木水利。,,笔试+面试,,,招募类别：支农-水利；服务单位：榔桥镇人民政府；招聘人数：1；报名人数：6；合格人数：6；缴费人数：5,安徽 宣城市泾县,https://www.xduim.com/zw/szyf,,专业：大专：45水利大类； 本科：0811水利类、082305农业水利工程； 研究生：0815水利工程、0828农业工程、0859土木水利。
2025,三支一扶,2025安徽三支一扶招募,县辖乡镇,13211 县辖乡镇,大专及以上,专业不限,,笔试+面试,,,招募类别：乡村振兴协理；服务单位：云岭镇人民政府；招聘人数：1；报名人数：87；合格人数：76；缴费人数：40,安徽 宣城市泾县,https://www.xduim.com/zw/szyf,,专业：专业不限
2022,三支一扶,2022安徽三支一扶招募,县卫健委,13010 县卫健委,大专及以上,临床医学类,,笔试+面试,,,招募类别：支医；服务单位：乡镇卫生院；招聘人数：4,安徽 宣城市绩溪县,https://www.xduim.com/zw/szyf,,专业：临床医学类
2022,三支一扶,2022安徽三支一扶招募,县辖乡镇,13011 县辖乡镇,大专及以上,不限,,笔试+面试,,,招募类别：基层人社平台；服务单位：乡镇政府；招聘人数：11,安徽 宣城市绩溪县,https://www.xduim.com/zw/szyf,,专业：不限
2022,三支一扶,2022安徽三支一扶招募,县辖乡镇,13012 县辖乡镇,大专及以上,农林牧渔大类（大专），农学门类、农业工程类和其他授予农学学士学位的专业（本科）,,笔试+面试,,,招募类别：支农；服务单位：乡镇政府；招聘人数：1,安徽 宣城市绩溪县,https://www.xduim.com/zw/szyf,,专业：农林牧渔大类（大专），农学门类、农业工程类和其他授予农学学士学位的专业（本科）
2022,三支一扶,2022安徽三支一扶招募,县辖乡镇,13013 县辖乡镇,大专及以上,水利大类（大专），水利类、农业水利工程（本科）,,笔试+面试,,,招募类别：支农；服务单位：乡镇政府；招聘人数：1,安徽 宣城市绩溪县,https://www.xduim.com/zw/szyf,,专业：水利大类（大专），水利类、农业水利工程（本科）
2022,三支一扶,2022安徽三支一扶招募,县辖乡镇,13014 县辖乡镇,大专及以上,建筑设计类、城乡规划与管理类、土建施工类（大专），地理科学类、力学类、土木类、建筑类（本科），地理学、力学、建筑学、土木工程（研究生），建筑学、城市规划（专业学位硕士）,,笔试+面试,,,招募类别：乡村振兴协理；服务单位：乡镇政府；招聘人数：2,安徽 宣城市绩溪县,https://www.xduim.com/zw/szyf,,专业：建筑设计类、城乡规划与管理类、土建施工类（大专），地理科学类、力学类、土木类、建筑类（本科），地理学、力学、建筑学、土木工程（研究生），建筑学、城市规划（专业学位硕士）
2022,三支一扶,2022安徽三支一扶招募,县辖乡镇,13015 县辖乡镇,大专及以上,法律实务类、法律执行类（大专），法学类（本科），法学（研究生），法律（专业学位硕士）,,笔试+面试,,,招募类别：乡村振兴协理；服务单位：乡镇政府；招聘人数：2,安徽 宣城市绩溪县,https://www.xduim.com/zw/szyf,,专业：法律实务类、法律执行类（大专），法学类（本科），法学（研究生），法律（专业学位硕士）
2022,三支一扶,2022安徽三支一扶招募,县辖乡镇,13016 县辖乡镇,大专及以上,林业类（大专）， 林业工程类、林学类（本科）,,笔试+面试,,,招募类别：支农；服务单位：乡镇政府；招聘人数：1,安徽 宣城市绩溪县,https://www.xduim.com/zw/szyf,,专业：林业类（大专）， 林业工程类、林学类（本科）
2023,三支一扶,2023安徽三支一扶招募,县教体局,13009 县教体局,大专及以上,不限,,笔试+面试,,,招募类别：支教；服务单位：基层学校；招聘人数：2；报名人数：86；合格人数：51；缴费人数：30,安徽 宣城市绩溪县,https://www.xduim.com/zw/szyf,,专业：不限
2023,三支一扶,2023安徽三支一扶招募,县卫健委,13010 县卫健委,大专及以上,临床医学类(大专）；临床医学类(本科）；临床医学（一级学科），临床医学（专业学位硕士）（研究生）,,笔试+面试,,,招募类别：支医；服务单位：乡镇卫生院；招聘人数：2；报名人数：5；合格人数：2；缴费人数：0,安徽 宣城市绩溪县,https://www.xduim.com/zw/szyf,,专业：临床医学类(大专）；临床医学类(本科）；临床医学（一级学科），临床医学（专业学位硕士）（研究生）
2023,三支一扶,2023安徽三支一扶招募,县辖乡镇,13011 县辖乡镇,大专及以上,不限,,笔试+面试,,,招募类别：基层人社平台；服务单位：乡镇人民政府；招聘人数：4；报名人数：133；合格人数：95；缴费人数：50,安徽 宣城市绩溪县,https://www.xduim.com/zw/szyf,,专业：不限
2023,三支一扶,2023安徽三支一扶招募,县辖乡镇,13012 县辖乡镇,大专及以上,农林牧渔大类（大专）；农学门类、农业工程类和其他授予农学学士学位的专业（本科）；农学门类、农业工程（一级学科）和其他授予农学硕士学位的专业（研究生),,笔试+面试,,,招募类别：支农；服务单位：乡镇人民政府；招聘人数：3；报名人数：18；合格人数：11；缴费人数：10,安徽 宣城市绩溪县,https://www.xduim.com/zw/szyf,,专业：农林牧渔大类（大专）；农学门类、农业工程类和其他授予农学学士学位的专业（本科）；农学门类、农业工程（一级学科）和其他授予农学硕士学位的专业（研究生)
2023,三支一扶,2023安徽三支一扶招募,县辖乡镇,13013 县辖乡镇,大专及以上,不限,,笔试+面试,,,招募类别：乡村振兴协理；服务单位：乡镇人民政府；招聘人数：5；报名人数：170；合格人数：102；缴费人数：65,安徽 宣城市绩溪县,https://www.xduim.com/zw/szyf,,专业：不限
2023,三支一扶,2023安徽三支一扶招募,县辖乡镇,13014 县辖乡镇,大专及以上,建筑设计类、城乡规划与管理类、土建施工类（大专）；地理科学类、力学类、土木类、建筑类（本科）；地理学、力学、建筑学、土木工程、城乡规划学（一级学科），建筑、城乡规划（专业学位硕士）（研究生）,,笔试+面试,,,招募类别：乡村振兴协理；服务单位：乡镇人民政府；招聘人数：3；报名人数：49；合格人数：23；缴费人数：11,安徽 宣城市绩溪县,https://www.xduim.com/zw/szyf,,专业：建筑设计类、城乡规划与管理类、土建施工类（大专）；地理科学类、力学类、土木类、建筑类（本科）；地理学、力学、建筑学、土木工程、城乡规划学（一级学科），建筑、城乡规划（专业学位硕士）（研究生）
2023,三支一扶,2023安徽三支一扶招募,县辖乡镇,13015 县辖乡镇,大专及以上,法律实务类、法律执行类（大专）；法学类（本科）；法学（一级学科），法律（专业硕士学位）（研究生）,,笔试+面试,,,招募类别：乡村振兴协理；服务单位：乡镇人民政府；招聘人数：3；报名人数：51；合格人数：39；缴费人数：28,安徽 宣城市绩溪县,https://www.xduim.com/zw/szyf,,专业：法律实务类、法律执行类（大专）；法学类（本科）；法学（一级学科），法律（专业硕士学位）（研究生）
2024,三支一扶,2024安徽三支一扶招募,县辖乡镇,13205 县辖乡镇,大专及以上,大专：41农林牧渔大类； 大学本科：09农学门类、0823农业工程类和其他授予农学学士学位的专业； 研究生：09农学门类、0828农业工程和其他授予农学硕士学位的专业。,,笔试+面试,,,招募类别：支农；服务单位：乡镇人民政府；招聘人数：4；报名人数：26；合格人数：23；缴费人数：12,安徽 宣城市绩溪县,https://www.xduim.com/zw/szyf,,专业：大专：41农林牧渔大类； 大学本科：09农学门类、0823农业工程类和其他授予农学学士学位的专业； 研究生：09农学门类、0828农业工程和其他授予农学硕士学位的专业。
2024,三支一扶,2024安徽三支一扶招募,县辖乡镇,13206 县辖乡镇,大专及以上,大专：45水利大类； 大学本科：0811水利类、082305农业水利工程； 研究生：0815水利工程、0828农业工程、0859土木水利。,,笔试+面试,,,招募类别：支农；服务单位：乡镇人民政府；招聘人数：2；报名人数：12；合格人数：11；缴费人数：5,安徽 宣城市绩溪县,https://www.xduim.com/zw/szyf,,专业：大专：45水利大类； 大学本科：0811水利类、082305农业水利工程； 研究生：0815水利工程、0828农业工程、0859土木水利。
2024,三支一扶,2024安徽三支一扶招募,县辖乡镇,13207 县辖乡镇,大专及以上,大专：4102林业类； 大学本科：0824林业工程类、0905林学类； 研究生：0907林学、0829林业工程、0954林业。,,笔试+面试,,,招募类别：支农；服务单位：乡镇人民政府；招聘人数：2；报名人数：10；合格人数：10；缴费人数：3,安徽 宣城市绩溪县,https://www.xduim.com/zw/szyf,,专业：大专：4102林业类； 大学本科：0824林业工程类、0905林学类； 研究生：0907林学、0829林业工程、0954林业。
2024,三支一扶,2024安徽三支一扶招募,县辖乡镇,13208 县辖乡镇,大专及以上,大专：53财经商贸大类； 大学本科：02经济学门类； 研究生：02经济学。,,笔试+面试,,,招募类别：乡村振兴协理；服务单位：乡镇人民政府；招聘人数：3；报名人数：124；合格人数：115；缴费人数：64,安徽 宣城市绩溪县,https://www.xduim.com/zw/szyf,,专业：大专：53财经商贸大类； 大学本科：02经济学门类； 研究生：02经济学。
2024,三支一扶,2024安徽三支一扶招募,县辖乡镇,13209 县辖乡镇,大专及以上,大专：4401建筑设计类、4402城乡规划与管理类、4403土建施工类； 大学本科：0705地理科学类、0801力学类、0810土木类、0828建筑类； 研究生：0705地理学、0801力学、0813建筑学、0814土木工程、0833城乡规划学、0851建筑、0853城乡规划。,,笔试+面试,,,招募类别：乡村振兴协理；服务单位：乡镇人民政府；招聘人数：2；报名人数：32；合格人数：26；缴费人数：10,安徽 宣城市绩溪县,https://www.xduim.com/zw/szyf,,专业：大专：4401建筑设计类、4402城乡规划与管理类、4403土建施工类； 大学本科：0705地理科学类、0801力学类、0810土木类、0828建筑类； 研究生：0705地理学、0801力学、0813建筑学、0814土木工程、0833城乡规划学、0851建筑、0853城乡规划。
2024,三支一扶,2024安徽三支一扶招募,县辖乡镇,13210 县辖乡镇,大专及以上,大专：5804法律实务类、5805法律执行类； 大学本科：0301法学类； 研究生：0301法学、0351法律。,,笔试+面试,,,招募类别：乡村振兴协理；服务单位：乡镇人民政府；招聘人数：2；报名人数：35；合格人数：24；缴费人数：14,安徽 宣城市绩溪县,https://www.xduim.com/zw/szyf,,专业：大专：5804法律实务类、5805法律执行类； 大学本科：0301法学类； 研究生：0301法学、0351法律。
2024,三支一扶,2024安徽三支一扶招募,县辖乡镇,13211 县辖乡镇,大专及以上,专业不限,,笔试+面试,,,招募类别：基层人社平台；服务单位：乡镇人民政府；招聘人数：6；报名人数：269；合格人数：246；缴费人数：132,安徽 宣城市绩溪县,https://www.xduim.com/zw/szyf,,专业：专业不限
2024,三支一扶,2024安徽三支一扶招募,县辖乡镇,13212 县辖乡镇,大专及以上,大专：5306工商管理类； 大学本科：1202工商管理类； 研究生：1202工商管理学、1251工商管理。,,笔试+面试,,,招募类别：基层人社平台；服务单位：乡镇人民政府；招聘人数：5；报名人数：230；合格人数：155；缴费人数：86,安徽 宣城市绩溪县,https://www.xduim.com/zw/szyf,,专业：大专：5306工商管理类； 大学本科：1202工商管理类； 研究生：1202工商管理学、1251工商管理。
2025,三支一扶,2025安徽三支一扶招募,县辖乡镇,13212 县辖乡镇,大专及以上,大专：41农林牧渔大类； 本科：09农学门类、0823农业工程类和其他授予农学学士学位的专业； 研究生：09农学门类、0828农业工程和其他授予农学硕士学位的专业。,,笔试+面试,,,招募类别：支农-农技；服务单位：乡镇人民政府；招聘人数：2；报名人数：17；合格人数：8；缴费人数：7,安徽 宣城市绩溪县,https://www.xduim.com/zw/szyf,,专业：大专：41农林牧渔大类； 本科：09农学门类、0823农业工程类和其他授予农学学士学位的专业； 研究生：09农学门类、0828农业工程和其他授予农学硕士学位的专业。
2025,三支一扶,2025安徽三支一扶招募,县辖乡镇,13213 县辖乡镇,大专及以上,大专：45水利大类； 本科：0811水利类、082305农业水利工程； 研究生：0815水利工程、0828农业工程、0859土木水利。,,笔试+面试,,,招募类别：支农-水利；服务单位：家朋乡人民政府；招聘人数：1；报名人数：8；合格人数：4；缴费人数：2,安徽 宣城市绩溪县,https://www.xduim.com/zw/szyf,,专业：大专：45水利大类； 本科：0811水利类、082305农业水利工程； 研究生：0815水利工程、0828农业工程、0859土木水利。
2025,三支一扶,2025安徽三支一扶招募,县辖乡镇,13214 县辖乡镇,大专及以上,大专：4102林业类。 本科：0824林业工程类、0905林学类。 研究生：0907林学、0829林业工程、0954林业。,,笔试+面试,,,招募类别：支农-林业；服务单位：乡镇人民政府；招聘人数：2；报名人数：14；合格人数：9；缴费人数：5,安徽 宣城市绩溪县,https://www.xduim.com/zw/szyf,,专业：大专：4102林业类。 本科：0824林业工程类、0905林学类。 研究生：0907林学、0829林业工程、0954林业。
2025,三支一扶,2025安徽三支一扶招募,县辖乡镇,13215 县辖乡镇,大专及以上,大专：53财经商贸大类。 本科：02经济学门类。 研究生：02经济学。,,笔试+面试,,,招募类别：乡村振兴协理；服务单位：乡镇人民政府；招聘人数：3；报名人数：164；合格人数：150；缴费人数：74,安徽 宣城市绩溪县,https://www.xduim.com/zw/szyf,,专业：大专：53财经商贸大类。 本科：02经济学门类。 研究生：02经济学。
2025,三支一扶,2025安徽三支一扶招募,县辖乡镇,13216 县辖乡镇,大专及以上,大专：4401建筑设计类、4402城乡规划与管理类、4403土建施工类。 本科：0705地理科学类、0801力学类、0810土木类、0828建筑类。 研究生：0705地理学、0801力学、0813建筑学、0814土木工程、0833城乡规划学、0851建筑、0853城乡规划。,,笔试+面试,,,招募类别：乡村振兴协理-建规；服务单位：乡镇人民政府；招聘人数：2；报名人数：42；合格人数：36；缴费人数：23,安徽 宣城市绩溪县,https://www.xduim.com/zw/szyf,,专业：大专：4401建筑设计类、4402城乡规划与管理类、4403土建施工类。 本科：0705地理科学类、0801力学类、0810土木类、0828建筑类。 研究生：0705地理学、0801力学、0813建筑学、0814土木工程、0833城乡规划学、0851建筑、0853城乡规划。
2025,三支一扶,2025安徽三支一扶招募,县辖乡镇,13217 县辖乡镇,大专及以上,大专：5804法律实务类、5805法律执行类。 本科：0301法学类。 研究生：0301法学、0351法律。,,笔试+面试,,,招募类别：乡村振兴协理-法律；服务单位：乡镇人民政府；招聘人数：2；报名人数：36；合格人数：18；缴费人数：14,安徽 宣城市绩溪县,https://www.xduim.com/zw/szyf,,专业：大专：5804法律实务类、5805法律执行类。 本科：0301法学类。 研究生：0301法学、0351法律。
2025,三支一扶,2025安徽三支一扶招募,县辖乡镇,13218 县辖乡镇,大专及以上,专业不限,,笔试+面试,,,招募类别：基层人社平台；服务单位：乡镇人民政府；招聘人数：3；报名人数：178；合格人数：118；缴费人数：77,安徽 宣城市绩溪县,https://www.xduim.com/zw/szyf,,专业：专业不限
2022,三支一扶,2022安徽三支一扶招募,县辖乡镇、街道,13002 县辖乡镇、街道,大专及以上,不限,,笔试+面试,,,招募类别：基层人社平台；服务单位：乡镇政府、街道办事处；招聘人数：15,安徽 宣城市郎溪县,https://www.xduim.com/zw/szyf,,专业：不限
2023,三支一扶,2023安徽三支一扶招募,县辖乡镇、街道,13002 县辖乡镇、街道,大专及以上,不限,,笔试+面试,,,招募类别：基层人社平台；服务单位：乡镇人民政府、街道办事处；招聘人数：15；报名人数：510；合格人数：464；缴费人数：273,安徽 宣城市郎溪县,https://www.xduim.com/zw/szyf,,专业：不限
2024,三支一扶,2024安徽三支一扶招募,县辖乡镇、街道,13200 县辖乡镇、街道,大专及以上,不限,,笔试+面试,,,招募类别：乡村振兴协理；服务单位：乡镇人民政府、街道办事处；招聘人数：17；报名人数：798；合格人数：712；缴费人数：417,安徽 宣城市郎溪县,https://www.xduim.com/zw/szyf,,专业：不限
2025,三支一扶,2025安徽三支一扶招募,县辖乡镇、街道,13207 县辖乡镇、街道,大专及以上,专业不限,,笔试+面试,,,招募类别：基层人社平台；服务单位：乡镇人民政府、街道办事处；招聘人数：17；报名人数：1007；合格人数：869；缴费人数：486,安徽 宣城市郎溪县,https://www.xduim.com/zw/szyf,,专业：专业不限
2023,三支一扶,2023安徽三支一扶招募,区水利局,4007 区水利局,大专及以上,水利大类（大专）；水利类（本科）；水利工程（一级学科），土木水利（专业硕士）（研究生）,,笔试+面试,,,招募类别：支农；服务单位：基层水利工作站、大店闸管理所；招聘人数：5；报名人数：35；合格人数：21；缴费人数：15,安徽 宿州市埇桥区,https://www.xduim.com/zw/szyf,,专业：水利大类（大专）；水利类（本科）；水利工程（一级学科），土木水利（专业硕士）（研究生）
2023,三支一扶,2023安徽三支一扶招募,区卫健委,4008 区卫健委,大专及以上,护理类（大专）；护理学类（本科）；护理学（一级学科），护理（专业学位硕士）（研究生）,,笔试+面试,,,招募类别：支医；服务单位：基层卫生院；招聘人数：2；报名人数：190；合格人数：129；缴费人数：87,安徽 宿州市埇桥区,https://www.xduim.com/zw/szyf,,专业：护理类（大专）；护理学类（本科）；护理学（一级学科），护理（专业学位硕士）（研究生）
2023,三支一扶,2023安徽三支一扶招募,区卫健委,4009 区卫健委,大专及以上,临床医学类（大专）；临床医学类（本科）；临床医学（一级学科） ，临床医学（专业学位硕士）（研究生）,,笔试+面试,,,招募类别：支医；服务单位：基层卫生院；招聘人数：6；报名人数：82；合格人数：59；缴费人数：41,安徽 宿州市埇桥区,https://www.xduim.com/zw/szyf,,专业：临床医学类（大专）；临床医学类（本科）；临床医学（一级学科） ，临床医学（专业学位硕士）（研究生）
2023,三支一扶,2023安徽三支一扶招募,区卫健委,4010 区卫健委,大专及以上,药学类（大专）；药学类（本科）；药学（一级学科），药学（专业学位硕士）（研究生）,,笔试+面试,,,招募类别：支医；服务单位：基层卫生院；招聘人数：3；报名人数：96；合格人数：63；缴费人数：41,安徽 宿州市埇桥区,https://www.xduim.com/zw/szyf,,专业：药学类（大专）；药学类（本科）；药学（一级学科），药学（专业学位硕士）（研究生）
2023,三支一扶,2023安徽三支一扶招募,区卫健委,4011 区卫健委,大专及以上,口腔医学专业（大专）；口腔医学专业（本科）；口腔医学（一级学科），口腔医学（专业学位硕士）（研究生）,,笔试+面试,,,招募类别：支医；服务单位：基层卫生院；招聘人数：2；报名人数：9；合格人数：7；缴费人数：6,安徽 宿州市埇桥区,https://www.xduim.com/zw/szyf,,专业：口腔医学专业（大专）；口腔医学专业（本科）；口腔医学（一级学科），口腔医学（专业学位硕士）（研究生）
2023,三支一扶,2023安徽三支一扶招募,区卫健委,4012 区卫健委,大专及以上,中医学专业（大专）；中医学专业（本科）；中医学（一级学科），中医（专业学位硕士）（研究生）,,笔试+面试,,,招募类别：支医；服务单位：夹沟镇卫生院；招聘人数：1；报名人数：7；合格人数：5；缴费人数：5,安徽 宿州市埇桥区,https://www.xduim.com/zw/szyf,,专业：中医学专业（大专）；中医学专业（本科）；中医学（一级学科），中医（专业学位硕士）（研究生）
2023,三支一扶,2023安徽三支一扶招募,区卫健委,4013 区卫健委,大专及以上,医学技术类（大专）；医学技术类(本科）；影像医学与核医学、临床检验诊断学（二级学科）（研究生）,,笔试+面试,,,招募类别：支医；服务单位：桃园镇卫生院；招聘人数：1；报名人数：81；合格人数：51；缴费人数：34,安徽 宿州市埇桥区,https://www.xduim.com/zw/szyf,,专业：医学技术类（大专）；医学技术类(本科）；影像医学与核医学、临床检验诊断学（二级学科）（研究生）
2023,三支一扶,2023安徽三支一扶招募,区林业发展中心,4014 区林业发展中心,大专及以上,林业类（大专）；林学类（本科）；林学（一级学科），林业（专业学位硕士）（研究生）,,笔试+面试,,,招募类别：支农；服务单位：基层林业工作站；招聘人数：4；报名人数：40；合格人数：29；缴费人数：20,安徽 宿州市埇桥区,https://www.xduim.com/zw/szyf,,专业：林业类（大专）；林学类（本科）；林学（一级学科），林业（专业学位硕士）（研究生）
2022,三支一扶,2022安徽三支一扶招募,区水利局,4019 区水利局,大专及以上,水利大类（大专），水利类（本科）,,笔试+面试,,,招募类别：支农；服务单位：基层闸管理所；招聘人数：3,安徽 宿州市埇桥区,https://www.xduim.com/zw/szyf,,专业：水利大类（大专），水利类（本科）
2022,三支一扶,2022安徽三支一扶招募,区水利局,4020 区水利局,大专及以上,水利大类（大专），水利类（本科）,,笔试+面试,,,招募类别：支农；服务单位：蒿沟水利工作站；招聘人数：1,安徽 宿州市埇桥区,https://www.xduim.com/zw/szyf,,专业：水利大类（大专），水利类（本科）
2022,三支一扶,2022安徽三支一扶招募,区农业农村局,4021 区农业农村局,大专及以上,作物生产技术、种子生产与经营、园艺技术、植物保护与检疫技术、农产品加工与质量检测、动物医学、动物防疫与检疫、动物医学检验技术、畜牧工程技术、绿色食品生产与检验、食品质量与安全（大专），农学、园艺、植物保护、动物医学、动植物检疫、农业工程、农业机械化及其自动化、食品质量与安全（本科）,,笔试+面试,,,招募类别：支农；服务单位：基层农业综合服务中心；招聘人数：6,安徽 宿州市埇桥区,https://www.xduim.com/zw/szyf,,专业：作物生产技术、种子生产与经营、园艺技术、植物保护与检疫技术、农产品加工与质量检测、动物医学、动物防疫与检疫、动物医学检验技术、畜牧工程技术、绿色食品生产与检验、食品质量与安全（大专），农学、园艺、植物保护、动物医学、动植物检疫、农业工程、农业机械化及其自动化、食品质量与安全（本科）
2022,三支一扶,2022安徽三支一扶招募,区人社局,4022 区人社局,大专及以上,不限,,笔试+面试,,,招募类别：基层人社平台；服务单位：乡镇人社所；招聘人数：13,安徽 宿州市埇桥区,https://www.xduim.com/zw/szyf,,专业：不限
2022,三支一扶,2022安徽三支一扶招募,区卫健委,4023 区卫健委,大专及以上,临床医学类,,笔试+面试,,,招募类别：支医；服务单位：乡镇卫生院；招聘人数：17,安徽 宿州市埇桥区,https://www.xduim.com/zw/szyf,,专业：临床医学类
2022,三支一扶,2022安徽三支一扶招募,区卫健委,4024 区卫健委,大专及以上,医学技术类,,笔试+面试,,,招募类别：支医；服务单位：乡镇卫生院；招聘人数：2,安徽 宿州市埇桥区,https://www.xduim.com/zw/szyf,,专业：医学技术类
2022,三支一扶,2022安徽三支一扶招募,区卫健委,4025 区卫健委,大专及以上,护理类（大专），护理学类（本科）,,笔试+面试,,,招募类别：支医；服务单位：乡镇卫生院；招聘人数：2,安徽 宿州市埇桥区,https://www.xduim.com/zw/szyf,,专业：护理类（大专），护理学类（本科）
2022,三支一扶,2022安徽三支一扶招募,区卫健委,4026 区卫健委,大专及以上,药学类,,笔试+面试,,,招募类别：支医；服务单位：祁县镇卫生院；招聘人数：1,安徽 宿州市埇桥区,https://www.xduim.com/zw/szyf,,专业：药学类
2022,三支一扶,2022安徽三支一扶招募,区教体局,4027 区教体局,大专及以上,不限,,笔试+面试,,,招募类别：支教；服务单位：乡镇学校；招聘人数：5,安徽 宿州市埇桥区,https://www.xduim.com/zw/szyf,,专业：不限
2022,三支一扶,2022安徽三支一扶招募,区教体局,4028 区教体局,大专及以上,不限,,笔试+面试,,,招募类别：支教；服务单位：乡镇学校；招聘人数：5,安徽 宿州市埇桥区,https://www.xduim.com/zw/szyf,,专业：不限
2024,三支一扶,2024安徽三支一扶招募,区农业农村局,4061 区农业农村局,大专及以上,大专：410102作物生产与经营管理、410101种子生产与经营、410105园艺技术、410106植物保护与检疫技术； 大学本科：090101农学、090102园艺、090103植物保护、090104植物科学与技术、090403T动植物检疫； 研究生：090101作物栽培学与耕作学、090201果树学、090202蔬菜学、090301土壤学。,,笔试+面试,,,招募类别：支农；服务单位：乡镇农业综合服务中心；招聘人数：5；报名人数：31；合格人数：19；缴费人数：10,安徽 宿州市埇桥区,https://www.xduim.com/zw/szyf,,专业：大专：410102作物生产与经营管理、410101种子生产与经营、410105园艺技术、410106植物保护与检疫技术； 大学本科：090101农学、090102园艺、090103植物保护、090104植物科学与技术、090403T动植物检疫； 研究生：090101作物栽培学与耕作学、090201果树学、090202蔬菜学、090301土壤学。
2024,三支一扶,2024安徽三支一扶招募,区农业农村局,4062 区农业农村局,大专及以上,大专：410303畜牧兽医、410401水产养殖技术； 大学本科：090601水产养殖学、090401动物医学； 研究生：090801水产养殖、090602预防兽医学、090603临床兽医学。,,笔试+面试,,,招募类别：支农；服务单位：乡镇农业综合服务中心；招聘人数：2；报名人数：13；合格人数：8；缴费人数：4,安徽 宿州市埇桥区,https://www.xduim.com/zw/szyf,,专业：大专：410303畜牧兽医、410401水产养殖技术； 大学本科：090601水产养殖学、090401动物医学； 研究生：090801水产养殖、090602预防兽医学、090603临床兽医学。
2024,三支一扶,2024安徽三支一扶招募,区林业发展中心,4063 区林业发展中心,大专及以上,大专：4102林业类、550106环境艺术设计； 大学本科：090501林学、090502园林、090503森林保护、090504T经济林、090505T智慧林业、130503环境设计； 研究生：0907林学、0954林业。,,笔试+面试,,,招募类别：支农；服务单位：乡镇林业工作站；招聘人数：5；报名人数：130；合格人数：110；缴费人数：55,安徽 宿州市埇桥区,https://www.xduim.com/zw/szyf,,专业：大专：4102林业类、550106环境艺术设计； 大学本科：090501林学、090502园林、090503森林保护、090504T经济林、090505T智慧林业、130503环境设计； 研究生：0907林学、0954林业。
2024,三支一扶,2024安徽三支一扶招募,区卫健委,4064 区卫健委,大专及以上,大专：520501医学检验技术； 大学本科：101001医学检验技术； 研究生：100207影像医学与核医学。,,笔试+面试,,,招募类别：支医；服务单位：栏杆镇卫生院；招聘人数：1；报名人数：33；合格人数：20；缴费人数：12,安徽 宿州市埇桥区,https://www.xduim.com/zw/szyf,,专业：大专：520501医学检验技术； 大学本科：101001医学检验技术； 研究生：100207影像医学与核医学。
2024,三支一扶,2024安徽三支一扶招募,区卫健委,4065 区卫健委,大专及以上,大专：520601康复治疗技术； 大学本科：100502K针灸推拿学； 研究生：100215康复医学与理疗学。,,笔试+面试,,,招募类别：支医；服务单位：夹沟镇卫生院；招聘人数：1；报名人数：19；合格人数：10；缴费人数：7,安徽 宿州市埇桥区,https://www.xduim.com/zw/szyf,,专业：大专：520601康复治疗技术； 大学本科：100502K针灸推拿学； 研究生：100215康复医学与理疗学。
2024,三支一扶,2024安徽三支一扶招募,区卫健委,4066 区卫健委,大专及以上,大专：520301药学； 大学本科：100701药学； 研究生：100702药剂学。,,笔试+面试,,,招募类别：支医；服务单位：苗庵镇卫生院；招聘人数：1；报名人数：45；合格人数：22；缴费人数：13,安徽 宿州市埇桥区,https://www.xduim.com/zw/szyf,,专业：大专：520301药学； 大学本科：100701药学； 研究生：100702药剂学。
2024,三支一扶,2024安徽三支一扶招募,区卫健委,4067 区卫健委,大专及以上,大专：520101K临床医学； 大学本科：100202TK麻醉学； 研究生：1002临床医学、1051临床医学。,,笔试+面试,,,招募类别：支医；服务单位：时村镇卫生院；招聘人数：1；报名人数：9；合格人数：3；缴费人数：3,安徽 宿州市埇桥区,https://www.xduim.com/zw/szyf,,专业：大专：520101K临床医学； 大学本科：100202TK麻醉学； 研究生：1002临床医学、1051临床医学。
2024,三支一扶,2024安徽三支一扶招募,区卫健委,4068 区卫健委,大专及以上,大专：520102K口腔医学； 大学本科：100301K口腔医学； 研究生：100302口腔临床医学。,,笔试+面试,,,招募类别：支医；服务单位：乡镇卫生院；招聘人数：5；报名人数：30；合格人数：18；缴费人数：11,安徽 宿州市埇桥区,https://www.xduim.com/zw/szyf,,专业：大专：520102K口腔医学； 大学本科：100301K口腔医学； 研究生：100302口腔临床医学。
2024,三支一扶,2024安徽三支一扶招募,区卫健委,4069 区卫健委,大专及以上,大专：520401K中医学； 大学本科：100501K中医学； 研究生：100506中医内科学。,,笔试+面试,,,招募类别：支医；服务单位：乡镇卫生院；招聘人数：2；报名人数：22；合格人数：16；缴费人数：9,安徽 宿州市埇桥区,https://www.xduim.com/zw/szyf,,专业：大专：520401K中医学； 大学本科：100501K中医学； 研究生：100506中医内科学。
2024,三支一扶,2024安徽三支一扶招募,区卫健委,4070 区卫健委,大专及以上,大专：520502医学影像技术； 大学本科：100203TK医学影像学； 研究生：100207影像医学与核医学。,,笔试+面试,,,招募类别：支医；服务单位：乡镇卫生院；招聘人数：2；报名人数：41；合格人数：17；缴费人数：15,安徽 宿州市埇桥区,https://www.xduim.com/zw/szyf,,专业：大专：520502医学影像技术； 大学本科：100203TK医学影像学； 研究生：100207影像医学与核医学。
2024,三支一扶,2024安徽三支一扶招募,区卫健委,4071 区卫健委,大专及以上,大专：520601康复治疗技术； 大学本科：101005康复治疗学； 研究生：100215康复医学与理疗学。,,笔试+面试,,,招募类别：支医；服务单位：乡镇卫生院；招聘人数：2；报名人数：56；合格人数：11；缴费人数：9,安徽 宿州市埇桥区,https://www.xduim.com/zw/szyf,,专业：大专：520601康复治疗技术； 大学本科：101005康复治疗学； 研究生：100215康复医学与理疗学。
2024,三支一扶,2024安徽三支一扶招募,区卫健委,4072 区卫健委,大专及以上,大专：520101K临床医学； 大学本科：100201K临床医学； 研究生：1002临床医学、1051临床医学。,,笔试+面试,,,招募类别：支医；服务单位：乡镇卫生院；招聘人数：3；报名人数：34；合格人数：6；缴费人数：5,安徽 宿州市埇桥区,https://www.xduim.com/zw/szyf,,专业：大专：520101K临床医学； 大学本科：100201K临床医学； 研究生：1002临床医学、1051临床医学。
2024,三支一扶,2024安徽三支一扶招募,区辖乡镇,4073 区辖乡镇,大专及以上,大专：5804法律实务类、5805法律执行类； 大学本科：0301法学类； 研究生：03法学、0351法律。,,笔试+面试,,,招募类别：乡村振兴协理；服务单位：乡镇生态环境保护工作站；招聘人数：2；报名人数：71；合格人数：20；缴费人数：15,安徽 宿州市埇桥区,https://www.xduim.com/zw/szyf,,专业：大专：5804法律实务类、5805法律执行类； 大学本科：0301法学类； 研究生：03法学、0351法律。
2024,三支一扶,2024安徽三支一扶招募,区辖乡镇,4074 区辖乡镇,大专及以上,不限,,笔试+面试,,,招募类别：乡村振兴协理；服务单位：乡镇生态环境保护工作站；招聘人数：18；报名人数：1383；合格人数：1149；缴费人数：424,安徽 宿州市埇桥区,https://www.xduim.com/zw/szyf,,专业：不限
2025,三支一扶,2025安徽三支一扶招募,区水利局,4039 区水利局,大专及以上,专科：45水利大类； 本科：0811水利类； 研究生：0815水利工程。,,笔试+面试,,,招募类别：支农-水利；服务单位：基层闸管所；招聘人数：3；报名人数：52；合格人数：38；缴费人数：30,安徽 宿州市埇桥区,https://www.xduim.com/zw/szyf,,专业：专科：45水利大类； 本科：0811水利类； 研究生：0815水利工程。
2025,三支一扶,2025安徽三支一扶招募,区教体局,4040 区教体局,本科及以上,本科：050101汉语言文学、050103汉语国际教育； 研究生：专业不限。,,笔试+面试,,,招募类别：支教；服务单位：乡镇学校；招聘人数：2；报名人数：72；合格人数：67；缴费人数：32,安徽 宿州市埇桥区,https://www.xduim.com/zw/szyf,,专业：本科：050101汉语言文学、050103汉语国际教育； 研究生：专业不限。
2025,三支一扶,2025安徽三支一扶招募,区教体局,4041 区教体局,本科及以上,本科：0701数学类； 研究生：专业不限。,,笔试+面试,,,招募类别：支教；服务单位：乡镇学校；招聘人数：5；报名人数：97；合格人数：89；缴费人数：48,安徽 宿州市埇桥区,https://www.xduim.com/zw/szyf,,专业：本科：0701数学类； 研究生：专业不限。
2025,三支一扶,2025安徽三支一扶招募,区教体局,4042 区教体局,本科及以上,本科：050201英语； 研究生：专业不限。,,笔试+面试,,,招募类别：支教；服务单位：乡镇学校；招聘人数：2；报名人数：53；合格人数：49；缴费人数：22,安徽 宿州市埇桥区,https://www.xduim.com/zw/szyf,,专业：本科：050201英语； 研究生：专业不限。
2025,三支一扶,2025安徽三支一扶招募,区教体局,4043 区教体局,本科及以上,本科：0402体育学类； 研究生：专业不限。,,笔试+面试,,,招募类别：支教；服务单位：乡镇学校；招聘人数：3；报名人数：69；合格人数：59；缴费人数：33,安徽 宿州市埇桥区,https://www.xduim.com/zw/szyf,,专业：本科：0402体育学类； 研究生：专业不限。
2025,三支一扶,2025安徽三支一扶招募,区农业 农村局,4044 区农业 农村局,大专及以上,专科：410103现代农业技术专业、410105园艺技术专业、410106植物保护与检疫技术专业、410301动物医学专业、410303畜牧兽医专业、410306动物防疫与检疫专业、410401水产养殖技术专业； 本科：0901植物生产类、 090301动物科学专业、090401动物医学专业、090601水产养殖学专业； 研究生：0902园艺学、0904植物保护、0905畜牧学、0906兽医学、0908水产。,,笔试+面试,,,招募类别：支农-农技；服务单位：乡镇农业农村中心；招聘人数：6；报名人数：66；合格人数：51；缴费人数：32,安徽 宿州市埇桥区,https://www.xduim.com/zw/szyf,,专业：专科：410103现代农业技术专业、410105园艺技术专业、410106植物保护与检疫技术专业、410301动物医学专业、410303畜牧兽医专业、410306动物防疫与检疫专业、410401水产养殖技术专业； 本科：0901植物生产类、 090301动物科学专业、090401动物医学专业、090601水产养殖学专业； 研究生：0902园艺学、0904植物保护、0905畜牧学、0906兽医学、0908水产。
2025,三支一扶,2025安徽三支一扶招募,埇桥区卫健委,4045 埇桥区卫健委,大专及以上,专科:520701公共卫生管理专业； 本科：1004公共卫生与预防医学类； 研究生：1053公共卫生（专业学位硕士）、1004公共卫生与预防医学（一级学科）。,,笔试+面试,,,招募类别：支医；服务单位：埇桥区大营镇卫生院；招聘人数：1；报名人数：9；合格人数：4；缴费人数：0,安徽 宿州市埇桥区,https://www.xduim.com/zw/szyf,,专业：专科:520701公共卫生管理专业； 本科：1004公共卫生与预防医学类； 研究生：1053公共卫生（专业学位硕士）、1004公共卫生与预防医学（一级学科）。
2025,三支一扶,2025安徽三支一扶招募,埇桥区卫健委,4046 埇桥区卫健委,大专及以上,专科：520301药学专业； 本科：100701药学专业； 研究生：1055药学（专业学位硕士）、 1007药学（一级学科）。,,笔试+面试,,,招募类别：支医；服务单位：乡镇卫生院；招聘人数：3；报名人数：144；合格人数：113；缴费人数：64,安徽 宿州市埇桥区,https://www.xduim.com/zw/szyf,,专业：专科：520301药学专业； 本科：100701药学专业； 研究生：1055药学（专业学位硕士）、 1007药学（一级学科）。
2025,三支一扶,2025安徽三支一扶招募,埇桥区卫健委,4047 埇桥区卫健委,大专及以上,专科：520501医学检验技术专业； 本科：101001医学检验技术专业； 研究生：100208临床检验诊断学专业。,,笔试+面试,,,招募类别：支医；服务单位：乡镇卫生院；招聘人数：2；报名人数：129；合格人数：72；缴费人数：47,安徽 宿州市埇桥区,https://www.xduim.com/zw/szyf,,专业：专科：520501医学检验技术专业； 本科：101001医学检验技术专业； 研究生：100208临床检验诊断学专业。
2025,三支一扶,2025安徽三支一扶招募,埇桥区卫健委,4048 埇桥区卫健委,大专及以上,专科：520101K临床医学专业； 本科：100201K临床医学专业； 研究生：1051临床医学（专业学位硕士）、1002临床医学（一级学科）。,,笔试+面试,,,招募类别：支医；服务单位：乡镇卫生院；招聘人数：4；报名人数：65；合格人数：47；缴费人数：40,安徽 宿州市埇桥区,https://www.xduim.com/zw/szyf,,专业：专科：520101K临床医学专业； 本科：100201K临床医学专业； 研究生：1051临床医学（专业学位硕士）、1002临床医学（一级学科）。
2025,三支一扶,2025安徽三支一扶招募,埇桥区卫健委,4049 埇桥区卫健委,大专及以上,专科：520403K针灸推拿专业； 本科：100502K针灸推拿学专业； 研究生：100512针灸推拿学专业。,,笔试+面试,,,招募类别：支医；服务单位：埇桥区曹村镇卫生院；招聘人数：1；报名人数：22；合格人数：12；缴费人数：10,安徽 宿州市埇桥区,https://www.xduim.com/zw/szyf,,专业：专科：520403K针灸推拿专业； 本科：100502K针灸推拿学专业； 研究生：100512针灸推拿学专业。
2025,三支一扶,2025安徽三支一扶招募,埇桥区卫健委,4050 埇桥区卫健委,本科及以上,本科：100401K预防医学专业； 研究生：1053公共卫生（专业学位硕士）、1004公共卫生与预防医学（一级学科）。,,笔试+面试,,,招募类别：支医；服务单位：乡镇卫生院；招聘人数：2；报名人数：16；合格人数：8；缴费人数：2,安徽 宿州市埇桥区,https://www.xduim.com/zw/szyf,,专业：本科：100401K预防医学专业； 研究生：1053公共卫生（专业学位硕士）、1004公共卫生与预防医学（一级学科）。
2025,三支一扶,2025安徽三支一扶招募,埇桥区卫健委,4051 埇桥区卫健委,大专及以上,专科：520502医学影像技术专业； 本科：101003医学影像学专业； 研究生：100207影像医学与核医学专业。,,笔试+面试,,,招募类别：支医；服务单位：乡镇卫生院；招聘人数：2；报名人数：86；合格人数：48；缴费人数：34,安徽 宿州市埇桥区,https://www.xduim.com/zw/szyf,,专业：专科：520502医学影像技术专业； 本科：101003医学影像学专业； 研究生：100207影像医学与核医学专业。
2025,三支一扶,2025安徽三支一扶招募,埇桥区卫健委,4052 埇桥区卫健委,本科及以上,本科：100201K临床医学专业； 研究生：1051临床医学（专业学位硕士）、1002临床医学（一级学科）。,,笔试+面试,,,招募类别：支医；服务单位：埇桥区永镇镇卫生院；招聘人数：1；报名人数：2；合格人数：1；缴费人数：1,安徽 宿州市埇桥区,https://www.xduim.com/zw/szyf,,专业：本科：100201K临床医学专业； 研究生：1051临床医学（专业学位硕士）、1002临床医学（一级学科）。
2022,三支一扶,2022安徽三支一扶招募,县教育局,4004 县教育局,大专及以上,不限,,笔试+面试,,,招募类别：支教；服务单位：乡镇中心幼儿园；招聘人数：19,安徽 宿州市泗县,https://www.xduim.com/zw/szyf,,专业：不限
2022,三支一扶,2022安徽三支一扶招募,县农业农村局,4005 县农业农村局,大专及以上,农业类（大专），植物生产类（本科）,,笔试+面试,,,招募类别：支农；服务单位：乡镇农经站；招聘人数：3,安徽 宿州市泗县,https://www.xduim.com/zw/szyf,,专业：农业类（大专），植物生产类（本科）
2022,三支一扶,2022安徽三支一扶招募,县水利局,4006 县水利局,大专及以上,水利大类（大专），水利类、农业水利工程（本科）,,笔试+面试,,,招募类别：支农；服务单位：屏山镇水利站；招聘人数：1,安徽 宿州市泗县,https://www.xduim.com/zw/szyf,,专业：水利大类（大专），水利类、农业水利工程（本科）
2023,三支一扶,2023安徽三支一扶招募,县教育体育局,4002 县教育体育局,大专及以上,不限,,笔试+面试,,,招募类别：支教；服务单位：基层幼儿园；招聘人数：12；报名人数：324；合格人数：254；缴费人数：194,安徽 宿州市泗县,https://www.xduim.com/zw/szyf,,专业：不限
2024,三支一扶,2024安徽三支一扶招募,县卫健委,4049 县卫健委,大专及以上,大专：520501医学检验技术； 大学本科：101001医学检验技术； 研究生：100208临床检验诊断学,,笔试+面试,,,招募类别：支医；服务单位：乡镇卫生院；招聘人数：3；报名人数：77；合格人数：65；缴费人数：30,安徽 宿州市泗县,https://www.xduim.com/zw/szyf,,专业：大专：520501医学检验技术； 大学本科：101001医学检验技术； 研究生：100208临床检验诊断学
2024,三支一扶,2024安徽三支一扶招募,县卫健委,4050 县卫健委,大专及以上,大专：520502医学影像技术； 大学本科：101003医学影像技术； 研究生：100207影像医学与核医学,,笔试+面试,,,招募类别：支医；服务单位：乡镇卫生院；招聘人数：2；报名人数：44；合格人数：34；缴费人数：20,安徽 宿州市泗县,https://www.xduim.com/zw/szyf,,专业：大专：520502医学影像技术； 大学本科：101003医学影像技术； 研究生：100207影像医学与核医学
2024,三支一扶,2024安徽三支一扶招募,县人社局,4051 县人社局,大专及以上,不限,,笔试+面试,,,招募类别：基层人社平台；服务单位：乡镇人社所；招聘人数：2；报名人数：298；合格人数：202；缴费人数：109,安徽 宿州市泗县,https://www.xduim.com/zw/szyf,,专业：不限
2024,三支一扶,2024安徽三支一扶招募,县水利局,4052 县水利局,大专及以上,大专：450201水利工程、450204水利水电工程智能管理、450206机电排灌工程技术； 大学本科：081101水利水电工程； 研究生：081504水利水电工程。,,笔试+面试,,,招募类别：支农；服务单位：乡镇水利工作站；招聘人数：3；报名人数：11；合格人数：7；缴费人数：3,安徽 宿州市泗县,https://www.xduim.com/zw/szyf,,专业：大专：450201水利工程、450204水利水电工程智能管理、450206机电排灌工程技术； 大学本科：081101水利水电工程； 研究生：081504水利水电工程。
2022,三支一扶,2022安徽三支一扶招募,县农业农村局,4001 县农业农村局,大专及以上,农林牧渔大类（大专），农学门类、农业工程类（本科）,,笔试+面试,,,招募类别：支农；服务单位：乡镇农村经济技术工作站；招聘人数：8,安徽 宿州市灵璧县,https://www.xduim.com/zw/szyf,,专业：农林牧渔大类（大专），农学门类、农业工程类（本科）
2022,三支一扶,2022安徽三支一扶招募,县辖乡镇,4002 县辖乡镇,大专及以上,不限,,笔试+面试,,,招募类别：基层人社平台；服务单位：乡镇社保所；招聘人数：3,安徽 宿州市灵璧县,https://www.xduim.com/zw/szyf,,专业：不限
2022,三支一扶,2022安徽三支一扶招募,县教体局,4003 县教体局,大专及以上,不限,,笔试+面试,,,招募类别：支教；服务单位：基层学校；招聘人数：10,安徽 宿州市灵璧县,https://www.xduim.com/zw/szyf,,专业：不限
2025,三支一扶,2025安徽三支一扶招募,县卫健委,4069 县卫健委,大专及以上,大专：520101K临床医学； 本科：100201K临床医学； 研究生：100201内科学。,,笔试+面试,,,招募类别：支医；服务单位：乡镇卫生院；招聘人数：1；报名人数：25；合格人数：12；缴费人数：10,安徽 宿州市泗县,https://www.xduim.com/zw/szyf,,专业：大专：520101K临床医学； 本科：100201K临床医学； 研究生：100201内科学。
2025,三支一扶,2025安徽三支一扶招募,县卫健委,4070 县卫健委,大专及以上,大专：520502医学影像技术； 本科：100203TK医学影像学； 研究生：100207影像医学与核医学。,,笔试+面试,,,招募类别：支医；服务单位：乡镇卫生院；招聘人数：2；报名人数：83；合格人数：46；缴费人数：33,安徽 宿州市泗县,https://www.xduim.com/zw/szyf,,专业：大专：520502医学影像技术； 本科：100203TK医学影像学； 研究生：100207影像医学与核医学。
2025,三支一扶,2025安徽三支一扶招募,县卫健委,4071 县卫健委,大专及以上,大专：520501医学检验技术； 本科：101001医学检验技术； 研究生：100208临床检验诊断学。,,笔试+面试,,,招募类别：支医；服务单位：乡镇卫生院；招聘人数：2；报名人数：107；合格人数：65；缴费人数：48,安徽 宿州市泗县,https://www.xduim.com/zw/szyf,,专业：大专：520501医学检验技术； 本科：101001医学检验技术； 研究生：100208临床检验诊断学。
2025,三支一扶,2025安徽三支一扶招募,县辖乡镇,4072 县辖乡镇,大专及以上,专业不限,,笔试+面试,,,招募类别：乡村振兴协理；服务单位：村镇建设应急环保中心；招聘人数：5；报名人数：959；合格人数：819；缴费人数：487,安徽 宿州市泗县,https://www.xduim.com/zw/szyf,,专业：专业不限
2023,三支一扶,2023安徽三支一扶招募,县教育体育局,4001 县教育体育局,大专及以上,不限,,笔试+面试,,,招募类别：支教；服务单位：基层学校；招聘人数：30；报名人数：706；合格人数：515；缴费人数：341,安徽 宿州市灵璧县,https://www.xduim.com/zw/szyf,,专业：不限
2024,三支一扶,2024安徽三支一扶招募,县卫健委,4041 县卫健委,大专及以上,大专:5201临床医学类； 大学本科:1002临床医学类； 研究生:1002临床医学、1051临床医学。,,笔试+面试,,,招募类别：支医；服务单位：乡镇卫生院；招聘人数：5；报名人数：52；合格人数：32；缴费人数：23,安徽 宿州市灵璧县,https://www.xduim.com/zw/szyf,,专业：大专:5201临床医学类； 大学本科:1002临床医学类； 研究生:1002临床医学、1051临床医学。
2024,三支一扶,2024安徽三支一扶招募,县辖乡镇,4042 县辖乡镇,大专及以上,不限,,笔试+面试,,,招募类别：基层人社平台；服务单位：乡镇政府；招聘人数：7；报名人数：634；合格人数：381；缴费人数：184,安徽 宿州市灵璧县,https://www.xduim.com/zw/szyf,,专业：不限
2024,三支一扶,2024安徽三支一扶招募,县辖乡镇,4043 县辖乡镇,大专及以上,大专：4401建筑设计类、4402城乡规划与管理类、4403土建施工类； 大学本科：0705地理科学类、0801力学类、0810土木类、0828建筑类； 研究生：0705地理学、0801力学、0813建筑学、0814土木工程，0851建筑、0853城市规划。,,笔试+面试,,,招募类别：乡村振兴协理；服务单位：乡镇政府；招聘人数：5；报名人数：112；合格人数：67；缴费人数：38,安徽 宿州市灵璧县,https://www.xduim.com/zw/szyf,,专业：大专：4401建筑设计类、4402城乡规划与管理类、4403土建施工类； 大学本科：0705地理科学类、0801力学类、0810土木类、0828建筑类； 研究生：0705地理学、0801力学、0813建筑学、0814土木工程，0851建筑、0853城市规划。
2025,三支一扶,2025安徽三支一扶招募,灵璧县卫健委,4062 灵璧县卫健委,大专及以上,专科:5201临床医学类； 大学本科:1002临床医学类； 研究生:1002临床医学、1051临床医学。,,笔试+面试,,,招募类别：支医；服务单位：乡镇卫生院；招聘人数：2；报名人数：32；合格人数：26；缴费人数：12,安徽 宿州市灵璧县,https://www.xduim.com/zw/szyf,,专业：专科:5201临床医学类； 大学本科:1002临床医学类； 研究生:1002临床医学、1051临床医学。
2025,三支一扶,2025安徽三支一扶招募,灵璧县卫健委,4063 灵璧县卫健委,大专及以上,专科：520102K口腔医学； 大学本科：100301K口腔医学； 研究生：1003口腔医学、1052口腔医学。,,笔试+面试,,,招募类别：支医；服务单位：乡镇卫生院；招聘人数：1；报名人数：8；合格人数：7；缴费人数：5,安徽 宿州市灵璧县,https://www.xduim.com/zw/szyf,,专业：专科：520102K口腔医学； 大学本科：100301K口腔医学； 研究生：1003口腔医学、1052口腔医学。
2025,三支一扶,2025安徽三支一扶招募,灵璧县卫健委,4064 灵璧县卫健委,大专及以上,专科：520402K中医骨伤、520403K针灸推拿； 本科：100502K针灸推拿学、100510TK中医康复学； 研究生：1005中医学、1057中医。,,笔试+面试,,,招募类别：支医；服务单位：乡镇卫生院；招聘人数：1；报名人数：22；合格人数：17；缴费人数：8,安徽 宿州市灵璧县,https://www.xduim.com/zw/szyf,,专业：专科：520402K中医骨伤、520403K针灸推拿； 本科：100502K针灸推拿学、100510TK中医康复学； 研究生：1005中医学、1057中医。
2025,三支一扶,2025安徽三支一扶招募,灵璧县卫健委,4065 灵璧县卫健委,大专及以上,专科：5202护理类； 大学本科：1011护理学类； 研究生：1011护理学。,,笔试+面试,,,招募类别：支医；服务单位：乡镇卫生院；招聘人数：1；报名人数：99；合格人数：83；缴费人数：46,安徽 宿州市灵璧县,https://www.xduim.com/zw/szyf,,专业：专科：5202护理类； 大学本科：1011护理学类； 研究生：1011护理学。
2025,三支一扶,2025安徽三支一扶招募,灵璧县卫健委,4066 灵璧县卫健委,大专及以上,专科：5207公共卫生与卫生管理类； 本科：1004公共卫生与预防医学类； 研究生：1004公共卫生与预防医学、1053公共卫生。,,笔试+面试,,,招募类别：支医；服务单位：乡镇卫生院；招聘人数：2；报名人数：22；合格人数：20；缴费人数：14,安徽 宿州市灵璧县,https://www.xduim.com/zw/szyf,,专业：专科：5207公共卫生与卫生管理类； 本科：1004公共卫生与预防医学类； 研究生：1004公共卫生与预防医学、1053公共卫生。
2025,三支一扶,2025安徽三支一扶招募,灵璧县卫健委,4067 灵璧县卫健委,大专及以上,专科：520502医学影像技术； 大学本科：100203TK医学影像学； 研究生：100207影像医学与核医学。,,笔试+面试,,,招募类别：支医；服务单位：乡镇卫生院；招聘人数：1；报名人数：32；合格人数：26；缴费人数：16,安徽 宿州市灵璧县,https://www.xduim.com/zw/szyf,,专业：专科：520502医学影像技术； 大学本科：100203TK医学影像学； 研究生：100207影像医学与核医学。
2025,三支一扶,2025安徽三支一扶招募,县辖乡镇,4068 县辖乡镇,大专及以上,专科：41农林牧渔大类； 大学本科：09农学类、0823农业工程类； 研究生：09农学。,,笔试+面试,,,招募类别：支农-农技；服务单位：乡镇政府；招聘人数：2；报名人数：27；合格人数：25；缴费人数：19,安徽 宿州市灵璧县,https://www.xduim.com/zw/szyf,,专业：专科：41农林牧渔大类； 大学本科：09农学类、0823农业工程类； 研究生：09农学。
2023,三支一扶,2023安徽三支一扶招募,县卫健委,4003 县卫健委,大专及以上,临床医学类（大专）；临床医学类（本科） ；临床医学（一级学科）（研究生）,,笔试+面试,,,招募类别：支医；服务单位：乡镇卫生院；招聘人数：6；报名人数：40；合格人数：24；缴费人数：21,安徽 宿州市砀山县,https://www.xduim.com/zw/szyf,,专业：临床医学类（大专）；临床医学类（本科） ；临床医学（一级学科）（研究生）
2023,三支一扶,2023安徽三支一扶招募,县卫健委,4004 县卫健委,大专及以上,中医学专业、中医骨伤专业、针灸推拿专业（大专）；中医学专业、中医骨伤科学专业、针灸推拿学专业（本科）；中医学（一级学科） ，中医（专业学位硕士）（研究生）,,笔试+面试,,,招募类别：支医；服务单位：乡镇卫生院；招聘人数：2；报名人数：22；合格人数：11；缴费人数：8,安徽 宿州市砀山县,https://www.xduim.com/zw/szyf,,专业：中医学专业、中医骨伤专业、针灸推拿专业（大专）；中医学专业、中医骨伤科学专业、针灸推拿学专业（本科）；中医学（一级学科） ，中医（专业学位硕士）（研究生）
2023,三支一扶,2023安徽三支一扶招募,县卫健委,4005 县卫健委,大专及以上,公共卫生与卫生管理类（大专）；公共卫生与预防医学类（本科） ；公共卫生与预防医学（一级学科）（研究生）,,笔试+面试,,,招募类别：支医；服务单位：乡镇卫生院；招聘人数：2；报名人数：16；合格人数：7；缴费人数：4,安徽 宿州市砀山县,https://www.xduim.com/zw/szyf,,专业：公共卫生与卫生管理类（大专）；公共卫生与预防医学类（本科） ；公共卫生与预防医学（一级学科）（研究生）
2023,三支一扶,2023安徽三支一扶招募,县卫健委,4006 县卫健委,大专及以上,口腔医学（大专）；口腔医学（本科）；口腔医学（一级学科），口腔医学（专业学位硕士）（研究生）,,笔试+面试,,,招募类别：支医；服务单位：乡镇卫生院；招聘人数：2；报名人数：10；合格人数：7；缴费人数：5,安徽 宿州市砀山县,https://www.xduim.com/zw/szyf,,专业：口腔医学（大专）；口腔医学（本科）；口腔医学（一级学科），口腔医学（专业学位硕士）（研究生）
2022,三支一扶,2022安徽三支一扶招募,县人社局,4007 县人社局,大专及以上,不限,,笔试+面试,,,招募类别：基层人社平台；服务单位：乡镇社保所；招聘人数：4,安徽 宿州市砀山县,https://www.xduim.com/zw/szyf,,专业：不限
2022,三支一扶,2022安徽三支一扶招募,县卫健委,4008 县卫健委,大专及以上,临床医学类（大专），中医学类（本科）,,笔试+面试,,,招募类别：支医；服务单位：乡镇卫生院；招聘人数：2,安徽 宿州市砀山县,https://www.xduim.com/zw/szyf,,专业：临床医学类（大专），中医学类（本科）
2022,三支一扶,2022安徽三支一扶招募,县卫健委,4009 县卫健委,大专及以上,临床医学类,,笔试+面试,,,招募类别：支医；服务单位：乡镇卫生院；招聘人数：2,安徽 宿州市砀山县,https://www.xduim.com/zw/szyf,,专业：临床医学类
2022,三支一扶,2022安徽三支一扶招募,县卫健委,4010 县卫健委,大专及以上,公共卫生与卫生管理类（大专），公共卫生与预防医学类（本科）,,笔试+面试,,,招募类别：支医；服务单位：乡镇卫生院；招聘人数：2,安徽 宿州市砀山县,https://www.xduim.com/zw/szyf,,专业：公共卫生与卫生管理类（大专），公共卫生与预防医学类（本科）
2022,三支一扶,2022安徽三支一扶招募,县辖乡镇,4011 县辖乡镇,大专及以上,不限,,笔试+面试,,,招募类别：乡村振兴协理；服务单位：乡镇政府；招聘人数：6,安徽 宿州市砀山县,https://www.xduim.com/zw/szyf,,专业：不限
2022,三支一扶,2022安徽三支一扶招募,县辖乡镇,4012 县辖乡镇,大专及以上,法律实务类、法律执行类（大专），法学类（本科），法学（研究生），法律（专业学位硕士）,,笔试+面试,,,招募类别：乡村振兴协理；服务单位：乡镇政府；招聘人数：3,安徽 宿州市砀山县,https://www.xduim.com/zw/szyf,,专业：法律实务类、法律执行类（大专），法学类（本科），法学（研究生），法律（专业学位硕士）
2022,三支一扶,2022安徽三支一扶招募,县辖乡镇,4013 县辖乡镇,大专及以上,建筑设计类、城乡规划与管理类、土建施工类(大专)，地理科学类、 力学类、土木类、建筑类(本科)，地理学、力学、建筑学、土木 工程(研究生)，建筑学、城市规划(专业硕士学位),,笔试+面试,,,招募类别：乡村振兴协理；服务单位：玄庙镇政府；招聘人数：1,安徽 宿州市砀山县,https://www.xduim.com/zw/szyf,,专业：建筑设计类、城乡规划与管理类、土建施工类(大专)，地理科学类、 力学类、土木类、建筑类(本科)，地理学、力学、建筑学、土木 工程(研究生)，建筑学、城市规划(专业硕士学位)
2024,三支一扶,2024安徽三支一扶招募,县卫健委,4053 县卫健委,大专及以上,大专：520401K中医学、520402K中医骨伤、520403K针灸推拿； 大学本科：100501K中医学、100513TK中医骨伤科学、100502K针灸推拿学； 研究生：1005中医学 、1057中医。,,笔试+面试,,,招募类别：支医；服务单位：周寨卫生院；招聘人数：1；报名人数：15；合格人数：11；缴费人数：7,安徽 宿州市砀山县,https://www.xduim.com/zw/szyf,,专业：大专：520401K中医学、520402K中医骨伤、520403K针灸推拿； 大学本科：100501K中医学、100513TK中医骨伤科学、100502K针灸推拿学； 研究生：1005中医学 、1057中医。
2024,三支一扶,2024安徽三支一扶招募,县卫健委,4054 县卫健委,大专及以上,大专：5207公共卫生与卫生管理类； 大学本科：1004公共卫生与预防医学类； 研究生：1004公共卫生与预防医学。,,笔试+面试,,,招募类别：支医；服务单位：官庄卫生院；招聘人数：1；报名人数：10；合格人数：7；缴费人数：4,安徽 宿州市砀山县,https://www.xduim.com/zw/szyf,,专业：大专：5207公共卫生与卫生管理类； 大学本科：1004公共卫生与预防医学类； 研究生：1004公共卫生与预防医学。
2024,三支一扶,2024安徽三支一扶招募,县卫健委,4055 县卫健委,大专及以上,大专：5202护理类； 大学本科：1011护理学类； 研究生：1011护理学。,,笔试+面试,,,招募类别：支医；服务单位：乡镇卫生院；招聘人数：3；报名人数：155；合格人数：116；缴费人数：63,安徽 宿州市砀山县,https://www.xduim.com/zw/szyf,,专业：大专：5202护理类； 大学本科：1011护理学类； 研究生：1011护理学。
2024,三支一扶,2024安徽三支一扶招募,县卫健委,4056 县卫健委,大专及以上,大专：5201临床医学类； 大学本科：1002临床医学类； 研究生：1002临床医学、1051临床医学。,,笔试+面试,,,招募类别：支医；服务单位：乡镇卫生院；招聘人数：4；报名人数：38；合格人数：26；缴费人数：12,安徽 宿州市砀山县,https://www.xduim.com/zw/szyf,,专业：大专：5201临床医学类； 大学本科：1002临床医学类； 研究生：1002临床医学、1051临床医学。
2024,三支一扶,2024安徽三支一扶招募,县卫健委,4057 县卫健委,大专及以上,大专：520102K口腔医学； 大学本科：1003口腔医学类； 研究生：1003口腔医学，1052口腔医学。,,笔试+面试,,,招募类别：支医；服务单位：乡镇卫生院；招聘人数：2；报名人数：7；合格人数：6；缴费人数：4,安徽 宿州市砀山县,https://www.xduim.com/zw/szyf,,专业：大专：520102K口腔医学； 大学本科：1003口腔医学类； 研究生：1003口腔医学，1052口腔医学。
2024,三支一扶,2024安徽三支一扶招募,县卫健委,4058 县卫健委,大专及以上,大专：520502医学影像技术； 大学本科：101003医学影像技术； 研究生：100207影像医学与核医学。,,笔试+面试,,,招募类别：支医；服务单位：乡镇卫生院；招聘人数：2；报名人数：29；合格人数：15；缴费人数：10,安徽 宿州市砀山县,https://www.xduim.com/zw/szyf,,专业：大专：520502医学影像技术； 大学本科：101003医学影像技术； 研究生：100207影像医学与核医学。
2024,三支一扶,2024安徽三支一扶招募,县辖乡镇,4059 县辖乡镇,大专及以上,不限,,笔试+面试,,,招募类别：基层人社平台；服务单位：乡镇社保所；招聘人数：6；报名人数：454；合格人数：377；缴费人数：206,安徽 宿州市砀山县,https://www.xduim.com/zw/szyf,,专业：不限
2024,三支一扶,2024安徽三支一扶招募,县辖乡镇,4060 县辖乡镇,大专及以上,大专：4101农业类； 大学本科：09农学门类、0823农业工程类； 研究生：09农学门类、0828农业工程，0951农业。,,笔试+面试,,,招募类别：支农；服务单位：乡镇农业综合服务站；招聘人数：5；报名人数：36；合格人数：23；缴费人数：8,安徽 宿州市砀山县,https://www.xduim.com/zw/szyf,,专业：大专：4101农业类； 大学本科：09农学门类、0823农业工程类； 研究生：09农学门类、0828农业工程，0951农业。
2022,三支一扶,2022安徽三支一扶招募,县农业农村局,4014 县农业农村局,大专及以上,农业类（大专），植物生产类（本科）,,笔试+面试,,,招募类别：支农；服务单位：乡镇农技站；招聘人数：3,安徽 宿州市萧县,https://www.xduim.com/zw/szyf,,专业：农业类（大专），植物生产类（本科）
2022,三支一扶,2022安徽三支一扶招募,县农业农村局,4015 县农业农村局,大专及以上,畜牧业类（大专），动物医学类、动物生产类（本科）,,笔试+面试,,,招募类别：支农；服务单位：乡镇畜牧站；招聘人数：3,安徽 宿州市萧县,https://www.xduim.com/zw/szyf,,专业：畜牧业类（大专），动物医学类、动物生产类（本科）
2022,三支一扶,2022安徽三支一扶招募,县水利局,4016 县水利局,大专及以上,水利大类（大专），水利类（本科）,,笔试+面试,,,招募类别：支农；服务单位：乡镇水利站；招聘人数：2,安徽 宿州市萧县,https://www.xduim.com/zw/szyf,,专业：水利大类（大专），水利类（本科）
2022,三支一扶,2022安徽三支一扶招募,县辖乡镇,4017 县辖乡镇,大专及以上,不限,,笔试+面试,,,招募类别：乡村振兴协理；服务单位：乡镇乡村振兴工作站；招聘人数：18,安徽 宿州市萧县,https://www.xduim.com/zw/szyf,,专业：不限
2022,三支一扶,2022安徽三支一扶招募,县辖乡镇,4018 县辖乡镇,大专及以上,法律实务类、法律执行类（大专），法学类（本科），法学（研究生），法律（专业学位硕士）,,笔试+面试,,,招募类别：乡村振兴协理；服务单位：黄口镇乡村振兴工作站；招聘人数：1,安徽 宿州市萧县,https://www.xduim.com/zw/szyf,,专业：法律实务类、法律执行类（大专），法学类（本科），法学（研究生），法律（专业学位硕士）
2025,三支一扶,2025安徽三支一扶招募,县卫健委,4053 县卫健委,大专及以上,专科：5201临床医学类； 本科：1002临床医学类； 研究生：1002临床医学（一级学科）、1051临床医学（专业学位硕士）。,,笔试+面试,,,招募类别：支医；服务单位：乡镇卫生院；招聘人数：5；报名人数：49；合格人数：39；缴费人数：33,安徽 宿州市砀山县,https://www.xduim.com/zw/szyf,,专业：专科：5201临床医学类； 本科：1002临床医学类； 研究生：1002临床医学（一级学科）、1051临床医学（专业学位硕士）。
2025,三支一扶,2025安徽三支一扶招募,县卫健委,4054 县卫健委,大专及以上,专科：520102K口腔医学专业； 本科：100301K口腔医学专业； 研究生：1003口腔医学（一级学科）、1052口腔医学（专业学位硕士）。,,笔试+面试,,,招募类别：支医；服务单位：乡镇卫生院；招聘人数：3；报名人数：31；合格人数：23；缴费人数：20,安徽 宿州市砀山县,https://www.xduim.com/zw/szyf,,专业：专科：520102K口腔医学专业； 本科：100301K口腔医学专业； 研究生：1003口腔医学（一级学科）、1052口腔医学（专业学位硕士）。
2025,三支一扶,2025安徽三支一扶招募,县卫健委,4055 县卫健委,大专及以上,大专：5202护理类； 本科：1011护理学类； 研究生：1011护理学。,,笔试+面试,,,招募类别：支医；服务单位：乡镇卫生院；招聘人数：2；报名人数：145；合格人数：90；缴费人数：48,安徽 宿州市砀山县,https://www.xduim.com/zw/szyf,,专业：大专：5202护理类； 本科：1011护理学类； 研究生：1011护理学。
2025,三支一扶,2025安徽三支一扶招募,县卫健委,4056 县卫健委,大专及以上,大专：520401K中医学； 本科：100501K中医学； 研究生：1005中医学（一级学科） 、1057中医（专业学位硕士）,,笔试+面试,,,招募类别：支医；服务单位：乡镇卫生院；招聘人数：1；报名人数：19；合格人数：13；缴费人数：10,安徽 宿州市砀山县,https://www.xduim.com/zw/szyf,,专业：大专：520401K中医学； 本科：100501K中医学； 研究生：1005中医学（一级学科） 、1057中医（专业学位硕士）
2025,三支一扶,2025安徽三支一扶招募,县卫健委,4057 县卫健委,大专及以上,大专：5207公共卫生与卫生管理类； 本科：1004公共卫生与预防医学类； 研究生：1004公共卫生与预防医学、1053公共卫生。,,笔试+面试,,,招募类别：支医；服务单位：乡镇卫生院；招聘人数：1；报名人数：12；合格人数：10；缴费人数：6,安徽 宿州市砀山县,https://www.xduim.com/zw/szyf,,专业：大专：5207公共卫生与卫生管理类； 本科：1004公共卫生与预防医学类； 研究生：1004公共卫生与预防医学、1053公共卫生。
2025,三支一扶,2025安徽三支一扶招募,县辖乡镇,4058 县辖乡镇,大专及以上,大专：4501水文水资源类、4502水利工程与管理类、4503水利水电设备类、4504水土保持与水环境类； 本科：0811水利类； 研究生：0815水利工程（一级学科）、0859土木水利。,,笔试+面试,,,招募类别：支农-水利；服务单位：乡镇农业农村中心；招聘人数：3；报名人数：34；合格人数：24；缴费人数：17,安徽 宿州市砀山县,https://www.xduim.com/zw/szyf,,专业：大专：4501水文水资源类、4502水利工程与管理类、4503水利水电设备类、4504水土保持与水环境类； 本科：0811水利类； 研究生：0815水利工程（一级学科）、0859土木水利。
2025,三支一扶,2025安徽三支一扶招募,县辖乡镇,4059 县辖乡镇,大专及以上,大专：4101农业类； 本科：0823农业工程类、090101农学专业； 研究生：0828农业工程（一级学科）、0951农业（专业学位硕士）；,,笔试+面试,,,招募类别：支农-农技；服务单位：乡镇农业农村中心；招聘人数：1；报名人数：12；合格人数：8；缴费人数：5,安徽 宿州市砀山县,https://www.xduim.com/zw/szyf,,专业：大专：4101农业类； 本科：0823农业工程类、090101农学专业； 研究生：0828农业工程（一级学科）、0951农业（专业学位硕士）；
2025,三支一扶,2025安徽三支一扶招募,县辖乡镇,4060 县辖乡镇,大专及以上,大专：4401建筑设计类、4402城乡规划与管理类、4403土建施工类； 本科：0705地理科学类、0801力学类、0810土木类、0828建筑类； 研究生：0705地理学、0801力学、0813建筑学、0814土木工程、0816测绘科学与技术（一级学科）、0833城乡规划学、0851建筑、0853城乡规划。,,笔试+面试,,,招募类别：乡村振兴协理-建规；服务单位：乡镇农业农村中心；招聘人数：1；报名人数：50；合格人数：31；缴费人数：16,安徽 宿州市砀山县,https://www.xduim.com/zw/szyf,,专业：大专：4401建筑设计类、4402城乡规划与管理类、4403土建施工类； 本科：0705地理科学类、0801力学类、0810土木类、0828建筑类； 研究生：0705地理学、0801力学、0813建筑学、0814土木工程、0816测绘科学与技术（一级学科）、0833城乡规划学、0851建筑、0853城乡规划。
2025,三支一扶,2025安徽三支一扶招募,县辖乡镇,4061 县辖乡镇,大专及以上,专业不限,,笔试+面试,,,招募类别：乡村振兴协理；服务单位：乡镇农业农村中心；招聘人数：1；报名人数：209；合格人数：131；缴费人数：78,安徽 宿州市砀山县,https://www.xduim.com/zw/szyf,,专业：专业不限
2023,三支一扶,2023安徽三支一扶招募,县农业农村局,4015 县农业农村局,大专及以上,畜牧业类（大专）；动物医学类、 动物生产类（本科）；兽医学（一级学科），兽医（专业学位硕士）（研究生）,,笔试+面试,,,招募类别：支农；服务单位：乡镇畜牧站；招聘人数：5；报名人数：21；合格人数：19；缴费人数：13,安徽 宿州市萧县,https://www.xduim.com/zw/szyf,,专业：畜牧业类（大专）；动物医学类、 动物生产类（本科）；兽医学（一级学科），兽医（专业学位硕士）（研究生）
2023,三支一扶,2023安徽三支一扶招募,县农业农村局,4016 县农业农村局,大专及以上,农业类（大专）；植物生产类（本科）；植物保护（一级学科）（研究生）,,笔试+面试,,,招募类别：支农；服务单位：乡镇农技站；招聘人数：3；报名人数：21；合格人数：8；缴费人数：6,安徽 宿州市萧县,https://www.xduim.com/zw/szyf,,专业：农业类（大专）；植物生产类（本科）；植物保护（一级学科）（研究生）
2023,三支一扶,2023安徽三支一扶招募,县水利局,4017 县水利局,大专及以上,水利大类（大专）；水利类（本科）；水利工程（一级学科）（研究生）,,笔试+面试,,,招募类别：支农；服务单位：乡镇水利站；招聘人数：3；报名人数：23；合格人数：21；缴费人数：16,安徽 宿州市萧县,https://www.xduim.com/zw/szyf,,专业：水利大类（大专）；水利类（本科）；水利工程（一级学科）（研究生）
2023,三支一扶,2023安徽三支一扶招募,县辖乡镇,4018 县辖乡镇,大专及以上,不限,,笔试+面试,,,招募类别：乡村振兴协理；服务单位：乡镇乡村振兴工作站；招聘人数：8；报名人数：964；合格人数：684；缴费人数：443,安徽 宿州市萧县,https://www.xduim.com/zw/szyf,,专业：不限
2023,三支一扶,2023安徽三支一扶招募,县辖乡镇,4019 县辖乡镇,大专及以上,建筑设计类、城乡规划与管理类、土建施工类（大专）；地理科学类、力学类、土木类、建筑类（本科）；地理学、力学、建筑学、土木工程、城乡规划学（一级学科），建筑、城乡规划（专业学位硕士）（研究生）,,笔试+面试,,,招募类别：乡村振兴协理；服务单位：乡镇乡村振兴工作站；招聘人数：2；报名人数：59；合格人数：41；缴费人数：22,安徽 宿州市萧县,https://www.xduim.com/zw/szyf,,专业：建筑设计类、城乡规划与管理类、土建施工类（大专）；地理科学类、力学类、土木类、建筑类（本科）；地理学、力学、建筑学、土木工程、城乡规划学（一级学科），建筑、城乡规划（专业学位硕士）（研究生）
2023,三支一扶,2023安徽三支一扶招募,县辖乡镇,4020 县辖乡镇,大专及以上,法律实务类、法律执行类（大专）；法学类（本科）；法学（一级学科），法律（专业硕士学位）（研究生）,,笔试+面试,,,招募类别：乡村振兴协理；服务单位：乡镇乡村振兴工作站；招聘人数：2；报名人数：53；合格人数：40；缴费人数：26,安徽 宿州市萧县,https://www.xduim.com/zw/szyf,,专业：法律实务类、法律执行类（大专）；法学类（本科）；法学（一级学科），法律（专业硕士学位）（研究生）
2022,三支一扶,2022安徽三支一扶招募,县辖乡镇,15008 县辖乡镇,大专及以上,不限,,笔试+面试,,,招募类别：基层人社平台；服务单位：乡镇社会事务管理和保障所；招聘人数：3,安徽 池州市东至县,https://www.xduim.com/zw/szyf,,专业：不限
2022,三支一扶,2022安徽三支一扶招募,县水利局,15009 县水利局,大专及以上,水利工程与管理类（大专），水利类（本科）,,笔试+面试,,,招募类别：支农；服务单位：乡镇水利站；招聘人数：2,安徽 池州市东至县,https://www.xduim.com/zw/szyf,,专业：水利工程与管理类（大专），水利类（本科）
2022,三支一扶,2022安徽三支一扶招募,县农业农村局,15010 县农业农村局,大专及以上,畜牧业类（大专），动物生产类、动物医学类（本科）,,笔试+面试,,,招募类别：支农；服务单位：乡镇畜牧兽医站；招聘人数：3,安徽 池州市东至县,https://www.xduim.com/zw/szyf,,专业：畜牧业类（大专），动物生产类、动物医学类（本科）
2022,三支一扶,2022安徽三支一扶招募,县辖乡镇,15011 县辖乡镇,大专及以上,建筑设计类、城乡规划与管理类、土建施工类（大专），地理科学类、力学类、土木类、建筑类（本科），地理学、力学、建筑学、土木工程（研究生），建筑学、城市规划（专业硕士学位）,,笔试+面试,,,招募类别：乡村振兴协理；服务单位：乡镇村镇建设事务所；招聘人数：2,安徽 池州市东至县,https://www.xduim.com/zw/szyf,,专业：建筑设计类、城乡规划与管理类、土建施工类（大专），地理科学类、力学类、土木类、建筑类（本科），地理学、力学、建筑学、土木工程（研究生），建筑学、城市规划（专业硕士学位）
2025,三支一扶,2025安徽三支一扶招募,县辖乡镇,4073 县辖乡镇,大专及以上,专业不限,,笔试+面试,,,招募类别：乡村振兴协理；服务单位：乡镇农业农村中心；招聘人数：11；报名人数：1431；合格人数：1085；缴费人数：719,安徽 宿州市萧县,https://www.xduim.com/zw/szyf,,专业：专业不限
2025,三支一扶,2025安徽三支一扶招募,县辖乡镇,4074 县辖乡镇,大专及以上,大专：5804法律实务类、5805法律执行类； 本科：0301法学类； 研究生：0301法学、0351法律。,,笔试+面试,,,招募类别：乡村振兴协理-法律；服务单位：乡镇农业农村中心；招聘人数：3；报名人数：82；合格人数：59；缴费人数：33,安徽 宿州市萧县,https://www.xduim.com/zw/szyf,,专业：大专：5804法律实务类、5805法律执行类； 本科：0301法学类； 研究生：0301法学、0351法律。
2025,三支一扶,2025安徽三支一扶招募,县辖乡镇,4075 县辖乡镇,大专及以上,大专：4102林业类； 本科：0824林业工程类、0905林学类； 研究生：0907林学、0954林业。,,笔试+面试,,,招募类别：支农-林业；服务单位：乡镇农业农村中心；招聘人数：3；报名人数：26；合格人数：17；缴费人数：13,安徽 宿州市萧县,https://www.xduim.com/zw/szyf,,专业：大专：4102林业类； 本科：0824林业工程类、0905林学类； 研究生：0907林学、0954林业。
2025,三支一扶,2025安徽三支一扶招募,县辖乡镇,4076 县辖乡镇,大专及以上,大专：4101农业类； 本科：0901植物生产类、0902自然保护与环境生态类； 研究生：0904植物保护。,,笔试+面试,,,招募类别：支农-农技；服务单位：乡镇农业农村中心；招聘人数：3；报名人数：21；合格人数：13；缴费人数：8,安徽 宿州市萧县,https://www.xduim.com/zw/szyf,,专业：大专：4101农业类； 本科：0901植物生产类、0902自然保护与环境生态类； 研究生：0904植物保护。
2023,三支一扶,2023安徽三支一扶招募,县辖乡镇,15008 县辖乡镇,大专及以上,建筑设计类、城乡规划与管理类、土建施工类（大专）；地理科学类、力学类、土木类、建筑类（本科）；地理学、力学、建筑学、土木工程、城乡规划学（一级学科），建筑、城乡规划（专业学位硕士）（研究生）,,笔试+面试,,,招募类别：乡村振兴协理；服务单位：乡镇村镇建设事务所；招聘人数：3；报名人数：44；合格人数：34；缴费人数：19,安徽 池州市东至县,https://www.xduim.com/zw/szyf,,专业：建筑设计类、城乡规划与管理类、土建施工类（大专）；地理科学类、力学类、土木类、建筑类（本科）；地理学、力学、建筑学、土木工程、城乡规划学（一级学科），建筑、城乡规划（专业学位硕士）（研究生）
2023,三支一扶,2023安徽三支一扶招募,县水利局,15009 县水利局,大专及以上,水利工程与管理类（大专）；水利类（本科）；水利工程（一级学科），土木水利（专业学位硕士）（研究生）,,笔试+面试,,,招募类别：支农；服务单位：乡镇水利站；招聘人数：2；报名人数：11；合格人数：8；缴费人数：1,安徽 池州市东至县,https://www.xduim.com/zw/szyf,,专业：水利工程与管理类（大专）；水利类（本科）；水利工程（一级学科），土木水利（专业学位硕士）（研究生）
2023,三支一扶,2023安徽三支一扶招募,县农业农村局,15010 县农业农村局,大专及以上,农业类（大专）；植物生产类（本科）；作物学、园艺学、植物保护（一级学科）（研究生）,,笔试+面试,,,招募类别：支农；服务单位：乡镇农业技术推广站；招聘人数：2；报名人数：8；合格人数：6；缴费人数：3,安徽 池州市东至县,https://www.xduim.com/zw/szyf,,专业：农业类（大专）；植物生产类（本科）；作物学、园艺学、植物保护（一级学科）（研究生）
2023,三支一扶,2023安徽三支一扶招募,县农业农村局,15011 县农业农村局,大专及以上,畜牧业类（大专）；动物生产类、动物医学类（本科）；畜牧学、兽医学（一级学科），兽医（专业学位硕士）（研究生）,,笔试+面试,,,招募类别：支农；服务单位：龙泉镇畜牧兽医站；招聘人数：1；报名人数：4；合格人数：3；缴费人数：0,安徽 池州市东至县,https://www.xduim.com/zw/szyf,,专业：畜牧业类（大专）；动物生产类、动物医学类（本科）；畜牧学、兽医学（一级学科），兽医（专业学位硕士）（研究生）
2024,三支一扶,2024安徽三支一扶招募,县水利局,4044 县水利局,大专及以上,专科：45水利大类； 大学本科：0811水利类； 研究生：0815水利工程。,,笔试+面试,,,招募类别：支农；服务单位：乡镇水利站；招聘人数：4；报名人数：39；合格人数：20；缴费人数：12,安徽 宿州市萧县,https://www.xduim.com/zw/szyf,,专业：专科：45水利大类； 大学本科：0811水利类； 研究生：0815水利工程。
2024,三支一扶,2024安徽三支一扶招募,县辖乡镇,4045 县辖乡镇,大专及以上,不限,,笔试+面试,,,招募类别：乡村振兴协理；服务单位：乡镇乡村振兴工作站；招聘人数：5；报名人数：452；合格人数：257；缴费人数：151,安徽 宿州市萧县,https://www.xduim.com/zw/szyf,,专业：不限
2024,三支一扶,2024安徽三支一扶招募,县农业农村局,4046 县农业农村局,大专及以上,大专：4103畜牧业类； 大学本科：0903动物生产类、0904动物医学类； 研究生：0906兽医学，0952兽医。,,笔试+面试,,,招募类别：支农；服务单位：乡镇畜牧站；招聘人数：3；报名人数：20；合格人数：14；缴费人数：6,安徽 宿州市萧县,https://www.xduim.com/zw/szyf,,专业：大专：4103畜牧业类； 大学本科：0903动物生产类、0904动物医学类； 研究生：0906兽医学，0952兽医。
2024,三支一扶,2024安徽三支一扶招募,县农业农村局,4047 县农业农村局,大专及以上,大专：4101农业类； 大学本科：0823农业工程类； 研究生：0828农业工程,,笔试+面试,,,招募类别：支农；服务单位：乡镇农机站；招聘人数：2；报名人数：8；合格人数：5；缴费人数：1,安徽 宿州市萧县,https://www.xduim.com/zw/szyf,,专业：大专：4101农业类； 大学本科：0823农业工程类； 研究生：0828农业工程
2024,三支一扶,2024安徽三支一扶招募,县农业农村局,4048 县农业农村局,大专及以上,大专：4101农业类； 大学本科：0901植物生产类，0902自然保护与环境生态类； 研究生：0904植物保护,,笔试+面试,,,招募类别：支农；服务单位：刘套镇农技站；招聘人数：1；报名人数：11；合格人数：4；缴费人数：3,安徽 宿州市萧县,https://www.xduim.com/zw/szyf,,专业：大专：4101农业类； 大学本科：0901植物生产类，0902自然保护与环境生态类； 研究生：0904植物保护
2024,三支一扶,2024安徽三支一扶招募,县辖乡镇,15233 县辖乡镇,大专及以上,大专：5804法律实务类、5805法律执行类； 大学本科：0301法学类； 研究生：0301法学（一级学科）、0351法律（专业学位硕士）,,笔试+面试,,,招募类别：乡村振兴协理；服务单位：乡镇综合行政执法大队；招聘人数：3；报名人数：62；合格人数：55；缴费人数：26,安徽 池州市东至县,https://www.xduim.com/zw/szyf,,专业：大专：5804法律实务类、5805法律执行类； 大学本科：0301法学类； 研究生：0301法学（一级学科）、0351法律（专业学位硕士）
2024,三支一扶,2024安徽三支一扶招募,县水利局,15234 县水利局,大专及以上,大专：4502水利工程与管理类； 大学本科：0811水利类； 研究生：0815水利工程（一级学科）、0859土木水利（专业学位硕士）。,,笔试+面试,,,招募类别：支农；服务单位：乡镇水利站；招聘人数：2；报名人数：16；合格人数：9；缴费人数：5,安徽 池州市东至县,https://www.xduim.com/zw/szyf,,专业：大专：4502水利工程与管理类； 大学本科：0811水利类； 研究生：0815水利工程（一级学科）、0859土木水利（专业学位硕士）。
2024,三支一扶,2024安徽三支一扶招募,县农业农村局,15235 县农业农村局,大专及以上,大专：4101农业类； 大学本科：0901植物生产类； 研究生：0901作物学、0902园艺学、0904植物保护（一级学科），0951农业（专业学位硕士）。,,笔试+面试,,,招募类别：支农；服务单位：木塔乡农业技术推广站；招聘人数：1；报名人数：3；合格人数：2；缴费人数：2,安徽 池州市东至县,https://www.xduim.com/zw/szyf,,专业：大专：4101农业类； 大学本科：0901植物生产类； 研究生：0901作物学、0902园艺学、0904植物保护（一级学科），0951农业（专业学位硕士）。
2024,三支一扶,2024安徽三支一扶招募,县农业农村局,15236 县农业农村局,大专及以上,大专：4103畜牧业类； 大学本科：0903动物生产类、0904动物医学类； 研究生：0905畜牧学、0906兽医学（一级学科）、0952兽医（专业学位硕士）。,,笔试+面试,,,服务单位：乡镇畜牧兽医站；招聘人数：2；报名人数：10；合格人数：9；缴费人数：4,安徽 池州市东至县,https://www.xduim.com/zw/szyf,,专业：大专：4103畜牧业类； 大学本科：0903动物生产类、0904动物医学类； 研究生：0905畜牧学、0906兽医学（一级学科）、0952兽医（专业学位硕士）。
2022,三支一扶,2022安徽三支一扶招募,县教体局,15012 县教体局,大专及以上,不限,,笔试+面试,,,招募类别：支教；服务单位：乡镇幼儿园；招聘人数：2,安徽 池州市石台县,https://www.xduim.com/zw/szyf,,专业：不限
2022,三支一扶,2022安徽三支一扶招募,县林业局,15013 县林业局,大专及以上,林业类（大专），林学类（本科）,,笔试+面试,,,招募类别：支农；服务单位：七都林业站；招聘人数：1,安徽 池州市石台县,https://www.xduim.com/zw/szyf,,专业：林业类（大专），林学类（本科）
2022,三支一扶,2022安徽三支一扶招募,县农业农村局,15014 县农业农村局,大专及以上,农业类、畜牧业类、渔业类（大专），农业经济管理类、植物生产类、动物生产类、动物医学类、水产类、农业工程类（本科）,,笔试+面试,,,招募类别：支农；服务单位：乡镇农技站；招聘人数：2,安徽 池州市石台县,https://www.xduim.com/zw/szyf,,专业：农业类、畜牧业类、渔业类（大专），农业经济管理类、植物生产类、动物生产类、动物医学类、水产类、农业工程类（本科）
2022,三支一扶,2022安徽三支一扶招募,县卫健委,15015 县卫健委,大专及以上,临床医学类、医学技术类、公共卫生与卫生管理类（大专），临床医学类、 医学技术类、公共卫生与预防医学类（本科）,,笔试+面试,,,招募类别：支医；服务单位：仙寓血防组；招聘人数：1,安徽 池州市石台县,https://www.xduim.com/zw/szyf,,专业：临床医学类、医学技术类、公共卫生与卫生管理类（大专），临床医学类、 医学技术类、公共卫生与预防医学类（本科）
2022,三支一扶,2022安徽三支一扶招募,县辖乡镇,15016 县辖乡镇,大专及以上,不限,,笔试+面试,,,招募类别：乡村振兴协理；服务单位：乡镇人民政府；招聘人数：4,安徽 池州市石台县,https://www.xduim.com/zw/szyf,,专业：不限
2022,三支一扶,2022安徽三支一扶招募,县辖乡镇,15017 县辖乡镇,大专及以上,建筑设计类、城乡规划与管理类、土建施工类（大专），地理科学类、力学类、土木类、建筑类（本科），地理学、力学、建筑学、土木工程（研究生），建筑学、城市规划（专业硕士学位）,,笔试+面试,,,招募类别：乡村振兴协理；服务单位：乡镇人民政府；招聘人数：2,安徽 池州市石台县,https://www.xduim.com/zw/szyf,,专业：建筑设计类、城乡规划与管理类、土建施工类（大专），地理科学类、力学类、土木类、建筑类（本科），地理学、力学、建筑学、土木工程（研究生），建筑学、城市规划（专业硕士学位）
2025,三支一扶,2025安徽三支一扶招募,洋湖镇人民政府,15249 洋湖镇人民政府,大专及以上,大专：4103畜牧业类； 本科：0903动物生产类、0904动物医学类； 研究生：0906兽医学，0952兽医。,,笔试+面试,,,招募类别：支农-农技；服务单位：洋湖镇农业农村综合服务中心；招聘人数：1；报名人数：4；合格人数：3；缴费人数：1,安徽 池州市东至县,https://www.xduim.com/zw/szyf,,专业：大专：4103畜牧业类； 本科：0903动物生产类、0904动物医学类； 研究生：0906兽医学，0952兽医。
2025,三支一扶,2025安徽三支一扶招募,葛公镇人民政府,15250 葛公镇人民政府,大专及以上,大专：4101农业类； 本科：0901植物生产类； 研究生：0901作物学、0902园艺学、0904植物保护（一级学科），0951农业（专业学位硕士）。,,笔试+面试,,,招募类别：支农-农技；服务单位：葛公镇农业农村综合服务中心；招聘人数：1；报名人数：10；合格人数：4；缴费人数：0,安徽 池州市东至县,https://www.xduim.com/zw/szyf,,专业：大专：4101农业类； 本科：0901植物生产类； 研究生：0901作物学、0902园艺学、0904植物保护（一级学科），0951农业（专业学位硕士）。
2025,三支一扶,2025安徽三支一扶招募,龙泉镇人民政府,15251 龙泉镇人民政府,大专及以上,大专：4401建筑设计类、4402城乡规划与管理类、4403土建施工类； 本科：0705地理科学类、0801力学类、0810土木类、0828建筑类； 研究生：0705地理学、0801力学、0813建筑学、0814土木工程、0833城乡规划学，0851建筑、0853城乡规划。,,笔试+面试,,,招募类别：乡村振兴协理-建规；服务单位：龙泉镇农业农村综合服务中心；招聘人数：1；报名人数：23；合格人数：16；缴费人数：8,安徽 池州市东至县,https://www.xduim.com/zw/szyf,,专业：大专：4401建筑设计类、4402城乡规划与管理类、4403土建施工类； 本科：0705地理科学类、0801力学类、0810土木类、0828建筑类； 研究生：0705地理学、0801力学、0813建筑学、0814土木工程、0833城乡规划学，0851建筑、0853城乡规划。
2025,三支一扶,2025安徽三支一扶招募,昭潭镇人民政府,15252 昭潭镇人民政府,大专及以上,大专：4501水文水资源类、4502水利工程与管理类； 大学本科：0811水利类； 研究生：0815水利工程（一级学科）、0859土木水利（专业学位硕士）。,,笔试+面试,,,招募类别：支农-水利；服务单位：昭潭镇农业农村综合服务中心；招聘人数：1；报名人数：5；合格人数：4；缴费人数：3,安徽 池州市东至县,https://www.xduim.com/zw/szyf,,专业：大专：4501水文水资源类、4502水利工程与管理类； 大学本科：0811水利类； 研究生：0815水利工程（一级学科）、0859土木水利（专业学位硕士）。
2025,三支一扶,2025安徽三支一扶招募,木塔乡人民政府,15253 木塔乡人民政府,大专及以上,大专：4401建筑设计类、4402城乡规划与管理类、4403土建施工类； 本科：0705地理科学类、0801力学类、0810土木类、0828建筑类； 研究生：0705地理学、0801力学、0813建筑学、0814土木工程、0833城乡规划学，0851建筑、0853城乡规划。,,笔试+面试,,,招募类别：乡村振兴协理-建规；服务单位：木塔乡农业农村综合服务中心；招聘人数：1；报名人数：24；合格人数：11；缴费人数：10,安徽 池州市东至县,https://www.xduim.com/zw/szyf,,专业：大专：4401建筑设计类、4402城乡规划与管理类、4403土建施工类； 本科：0705地理科学类、0801力学类、0810土木类、0828建筑类； 研究生：0705地理学、0801力学、0813建筑学、0814土木工程、0833城乡规划学，0851建筑、0853城乡规划。
2025,三支一扶,2025安徽三支一扶招募,青山乡人民政府,15254 青山乡人民政府,大专及以上,大专：4101农业类； 本科：0901植物生产类； 研究生：0901作物学、0902园艺学、0904植物保护（一级学科），0951农业（专业学位硕士）。,,笔试+面试,,,招募类别：支农-农技；服务单位：青山乡农业农村综合服务中心；招聘人数：1；报名人数：4；合格人数：2；缴费人数：0,安徽 池州市东至县,https://www.xduim.com/zw/szyf,,专业：大专：4101农业类； 本科：0901植物生产类； 研究生：0901作物学、0902园艺学、0904植物保护（一级学科），0951农业（专业学位硕士）。
2025,三支一扶,2025安徽三支一扶招募,花园乡人民政府,15255 花园乡人民政府,大专及以上,专业不限,,笔试+面试,,,招募类别：乡村振兴协理；服务单位：花园乡农业农村综合服务中心；招聘人数：1；报名人数：140；合格人数：126；缴费人数：69,安徽 池州市东至县,https://www.xduim.com/zw/szyf,,专业：专业不限
2025,三支一扶,2025安徽三支一扶招募,泥溪镇人民政府,15256 泥溪镇人民政府,大专及以上,大专：4103畜牧业类； 本科：0903动物生产类、0904动物医学类； 研究生：0906兽医学，0952兽医。,,笔试+面试,,,招募类别：支农-农技；服务单位：泥溪镇农业农村综合服务中心；招聘人数：1；报名人数：3；合格人数：1；缴费人数：0,安徽 池州市东至县,https://www.xduim.com/zw/szyf,,专业：大专：4103畜牧业类； 本科：0903动物生产类、0904动物医学类； 研究生：0906兽医学，0952兽医。
2023,三支一扶,2023安徽三支一扶招募,县水利局,15012 县水利局,大专及以上,水利工程与管理类、水文水资源类（大专）；水利类（本科）；水利工程（一级学科），土木水利（专业学位硕士）（研究生）,,笔试+面试,,,招募类别：支农；服务单位：乡镇水利站；招聘人数：2；报名人数：6；合格人数：6；缴费人数：4,安徽 池州市石台县,https://www.xduim.com/zw/szyf,,专业：水利工程与管理类、水文水资源类（大专）；水利类（本科）；水利工程（一级学科），土木水利（专业学位硕士）（研究生）
2023,三支一扶,2023安徽三支一扶招募,县林业局,15013 县林业局,大专及以上,林业类（大专）；林学类（本科）；林学（一级学科），林业（专业学位硕士）（研究生）,,笔试+面试,,,招募类别：支农；服务单位：基层林业站；招聘人数：2；报名人数：11；合格人数：9；缴费人数：5,安徽 池州市石台县,https://www.xduim.com/zw/szyf,,专业：林业类（大专）；林学类（本科）；林学（一级学科），林业（专业学位硕士）（研究生）
2023,三支一扶,2023安徽三支一扶招募,县辖乡镇,15014 县辖乡镇,大专及以上,水利工程与管理类、水文水资源类（大专）；水利类（本科）；水利工程（一级学科），土木水利（专业学位硕士）（研究生）,,笔试+面试,,,招募类别：支农；服务单位：小河镇农业农村综合服务中心；招聘人数：1；报名人数：3；合格人数：2；缴费人数：1,安徽 池州市石台县,https://www.xduim.com/zw/szyf,,专业：水利工程与管理类、水文水资源类（大专）；水利类（本科）；水利工程（一级学科），土木水利（专业学位硕士）（研究生）
2023,三支一扶,2023安徽三支一扶招募,县辖乡镇,15015 县辖乡镇,大专及以上,建筑设计类、城乡规划与管理类、土建施工类（大专）；地理科学类、力学类、土木类、建筑类（本科）；地理学、力学、建筑学、土木工程、城乡规划学（一级学科），建筑、城乡规划（专业学位硕士）（研究生）,,笔试+面试,,,招募类别：乡村振兴协理；服务单位：仙寓镇村镇建设事务所；招聘人数：1；报名人数：13；合格人数：9；缴费人数：5,安徽 池州市石台县,https://www.xduim.com/zw/szyf,,专业：建筑设计类、城乡规划与管理类、土建施工类（大专）；地理科学类、力学类、土木类、建筑类（本科）；地理学、力学、建筑学、土木工程、城乡规划学（一级学科），建筑、城乡规划（专业学位硕士）（研究生）
2023,三支一扶,2023安徽三支一扶招募,县辖乡镇,15016 县辖乡镇,大专及以上,不限,,笔试+面试,,,招募类别：基层人社平台；服务单位：乡镇社会事业服务所；招聘人数：3；报名人数：198；合格人数：157；缴费人数：104,安徽 池州市石台县,https://www.xduim.com/zw/szyf,,专业：不限
2024,三支一扶,2024安徽三支一扶招募,县水利局,15237 县水利局,大专及以上,大专：4502水利工程与管理类、4501水文水资源类； 大学本科：0811水利类； 研究生：0815水利工程（一级学科），0859土木水利（专业学位硕士）。,,笔试+面试,,,招募类别：支农；服务单位：丁香镇水利站；招聘人数：1；报名人数：12；合格人数：9；缴费人数：2,安徽 池州市石台县,https://www.xduim.com/zw/szyf,,专业：大专：4502水利工程与管理类、4501水文水资源类； 大学本科：0811水利类； 研究生：0815水利工程（一级学科），0859土木水利（专业学位硕士）。
2024,三支一扶,2024安徽三支一扶招募,县林业局,15238 县林业局,大专及以上,大专：4102林业类； 大学本科:0905林学类； 研究生：0907林学（一级学科），0954林业（专业学位硕士）。,,笔试+面试,,,招募类别：支农；服务单位：乡镇林业站；招聘人数：3；报名人数：15；合格人数：13；缴费人数：8,安徽 池州市石台县,https://www.xduim.com/zw/szyf,,专业：大专：4102林业类； 大学本科:0905林学类； 研究生：0907林学（一级学科），0954林业（专业学位硕士）。
2024,三支一扶,2024安徽三支一扶招募,县农业农村局,15239 县农业农村局,大专及以上,大专：41农林牧渔大类； 大学本科：0901植物生产类、0903动物生产类、0904动物医学类； 研究生：0905畜牧学、0906兽医学，0951农业、0952兽医。,,笔试+面试,,,招募类别：支农；服务单位：七都农业技术综合服务站；招聘人数：1；报名人数：6；合格人数：5；缴费人数：2,安徽 池州市石台县,https://www.xduim.com/zw/szyf,,专业：大专：41农林牧渔大类； 大学本科：0901植物生产类、0903动物生产类、0904动物医学类； 研究生：0905畜牧学、0906兽医学，0951农业、0952兽医。
2024,三支一扶,2024安徽三支一扶招募,小河镇人民政府,15240 小河镇人民政府,大专及以上,大专：41农林牧渔大类； 大学本科：0901植物生产类、0903动物生产类、0904动物医学类； 研究生：0905畜牧学、0906兽医学，0951农业、0952兽医。,,笔试+面试,,,招募类别：支农；服务单位：小河镇农业农村综合服务中心；招聘人数：1；报名人数：4；合格人数：3；缴费人数：2,安徽 池州市石台县,https://www.xduim.com/zw/szyf,,专业：大专：41农林牧渔大类； 大学本科：0901植物生产类、0903动物生产类、0904动物医学类； 研究生：0905畜牧学、0906兽医学，0951农业、0952兽医。
2024,三支一扶,2024安徽三支一扶招募,县辖乡镇,15241 县辖乡镇,大专及以上,专业不限,,笔试+面试,,,招募类别：基层人社平台；服务单位：矶滩乡社会事业服务所；招聘人数：1；报名人数：106；合格人数：88；缴费人数：45,安徽 池州市石台县,https://www.xduim.com/zw/szyf,,专业：专业不限
2024,三支一扶,2024安徽三支一扶招募,县辖乡镇,15242 县辖乡镇,大专及以上,大专：4401建筑设计类、4402城乡规划与管理类、4403土建施工类； 大学本科：0705地理科学类、0801力学类、0810土木类、0828建筑类； 研究生：0705地理学、0801力学、0813建筑学、0814土木工程，0851建筑、0853城乡规划。,,笔试+面试,,,招募类别：乡村振兴协理；服务单位：仙寓镇村镇建设服务所；招聘人数：1；报名人数：32；合格人数：27；缴费人数：16,安徽 池州市石台县,https://www.xduim.com/zw/szyf,,专业：大专：4401建筑设计类、4402城乡规划与管理类、4403土建施工类； 大学本科：0705地理科学类、0801力学类、0810土木类、0828建筑类； 研究生：0705地理学、0801力学、0813建筑学、0814土木工程，0851建筑、0853城乡规划。
2025,三支一扶,2025安徽三支一扶招募,石台县林业局,15257 石台县林业局,大专及以上,大专：4102林业类； 本科：0905林学类； 研究生0907林学、0954林业。,,笔试+面试,,,招募类别：支农-林业；服务单位：横渡镇林业站；招聘人数：1；报名人数：6；合格人数：5；缴费人数：5,安徽 池州市石台县,https://www.xduim.com/zw/szyf,,专业：大专：4102林业类； 本科：0905林学类； 研究生0907林学、0954林业。
2025,三支一扶,2025安徽三支一扶招募,县辖乡镇,15258 县辖乡镇,大专及以上,大专：4401建筑设计类、4402城乡规划与管理类、4403土建施工类； 本科：0705地理科学类、0810土木类、0828建筑类； 研究生：0705地理学、0813建筑学、0814土木工程、0833城乡规划学（一级学科），0851建筑、0853城乡规划（专业学位硕士）。,,笔试+面试,,,招募类别：乡村振兴协理-建规；服务单位：仙寓镇人民政府；招聘人数：1；报名人数：25；合格人数：22；缴费人数：11,安徽 池州市石台县,https://www.xduim.com/zw/szyf,,专业：大专：4401建筑设计类、4402城乡规划与管理类、4403土建施工类； 本科：0705地理科学类、0810土木类、0828建筑类； 研究生：0705地理学、0813建筑学、0814土木工程、0833城乡规划学（一级学科），0851建筑、0853城乡规划（专业学位硕士）。
2025,三支一扶,2025安徽三支一扶招募,县辖乡镇,15259 县辖乡镇,大专及以上,大专：4501水文水资源类、4502水利工程与管理类； 本科：0811水利类； 研究生：0815水利工程，0859土木水利。,,笔试+面试,,,招募类别：支农-水利；服务单位：乡镇人民政府；招聘人数：2；报名人数：15；合格人数：14；缴费人数：10,安徽 池州市石台县,https://www.xduim.com/zw/szyf,,专业：大专：4501水文水资源类、4502水利工程与管理类； 本科：0811水利类； 研究生：0815水利工程，0859土木水利。
2025,三支一扶,2025安徽三支一扶招募,县辖乡镇,15260 县辖乡镇,大专及以上,大专：41农林牧渔大类； 本科：09农学门类、0823农业工程类。 研究生：09农学门类、0828农业工程。,,笔试+面试,,,招募类别：支农-农技；服务单位：矶滩乡人民政府；招聘人数：1；报名人数：7；合格人数：5；缴费人数：1,安徽 池州市石台县,https://www.xduim.com/zw/szyf,,专业：大专：41农林牧渔大类； 本科：09农学门类、0823农业工程类。 研究生：09农学门类、0828农业工程。
2022,三支一扶,2022安徽三支一扶招募,区辖乡镇、街道,15001 区辖乡镇、街道,大专及以上,不限,,笔试+面试,,,招募类别：基层人社平台；服务单位：镇街就业和社会保障事务所；招聘人数：5,安徽 池州市贵池区,https://www.xduim.com/zw/szyf,,专业：不限
2022,三支一扶,2022安徽三支一扶招募,区教体局,15002 区教体局,大专及以上,不限,,笔试+面试,,,招募类别：支教；服务单位：基层初级中学；招聘人数：6,安徽 池州市贵池区,https://www.xduim.com/zw/szyf,,专业：不限
2022,三支一扶,2022安徽三支一扶招募,区教体局,15003 区教体局,大专及以上,不限,,笔试+面试,,,招募类别：支教；服务单位：基层小学；招聘人数：4,安徽 池州市贵池区,https://www.xduim.com/zw/szyf,,专业：不限
2022,三支一扶,2022安徽三支一扶招募,区水利局,15004 区水利局,大专及以上,水利工程与管理类（大专），水利类（本科）,,笔试+面试,,,招募类别：支农；服务单位：镇街道 水利站；招聘人数：2,安徽 池州市贵池区,https://www.xduim.com/zw/szyf,,专业：水利工程与管理类（大专），水利类（本科）
2022,三支一扶,2022安徽三支一扶招募,区林业局,15005 区林业局,大专及以上,林业类（大专），林学类（本科）,,笔试+面试,,,招募类别：支农；服务单位：棠溪林业 工作站；招聘人数：1,安徽 池州市贵池区,https://www.xduim.com/zw/szyf,,专业：林业类（大专），林学类（本科）
2022,三支一扶,2022安徽三支一扶招募,区卫健委,15006 区卫健委,大专及以上,临床医学类（大专），临床医学类、中医学类、中西医结合类（本科）,,笔试+面试,,,招募类别：支医；服务单位：镇街道 卫生院；招聘人数：2,安徽 池州市贵池区,https://www.xduim.com/zw/szyf,,专业：临床医学类（大专），临床医学类、中医学类、中西医结合类（本科）
2022,三支一扶,2022安徽三支一扶招募,区卫健委,15007 区卫健委,大专及以上,医学技术类,,笔试+面试,,,招募类别：支医；服务单位：牛头山镇卫生院；招聘人数：1,安徽 池州市贵池区,https://www.xduim.com/zw/szyf,,专业：医学技术类
2023,三支一扶,2023安徽三支一扶招募,区辖乡镇、街道,15001 区辖乡镇、街道,大专及以上,不限,,笔试+面试,,,招募类别：基层人社平台；服务单位：镇街就业和社会保障事务所；招聘人数：3；报名人数：300；合格人数：240；缴费人数：133,安徽 池州市贵池区,https://www.xduim.com/zw/szyf,,专业：不限
2023,三支一扶,2023安徽三支一扶招募,区教体局,15002 区教体局,大专及以上,不限,,笔试+面试,,,招募类别：支教；服务单位：基层初级中学；招聘人数：4；报名人数：195；合格人数：172；缴费人数：96,安徽 池州市贵池区,https://www.xduim.com/zw/szyf,,专业：不限
2023,三支一扶,2023安徽三支一扶招募,区教体局,15003 区教体局,大专及以上,不限,,笔试+面试,,,招募类别：支教；服务单位：基层小学；招聘人数：6；报名人数：255；合格人数：206；缴费人数：139,安徽 池州市贵池区,https://www.xduim.com/zw/szyf,,专业：不限
2023,三支一扶,2023安徽三支一扶招募,区水利局,15004 区水利局,大专及以上,水利工程与管理类（大专）；水利类（本科）；水利工程（一级学科），土木水利（专业学位硕士）（研究生）,,笔试+面试,,,招募类别：支农；服务单位：基层水利站；招聘人数：2；报名人数：15；合格人数：14；缴费人数：5,安徽 池州市贵池区,https://www.xduim.com/zw/szyf,,专业：水利工程与管理类（大专）；水利类（本科）；水利工程（一级学科），土木水利（专业学位硕士）（研究生）
2023,三支一扶,2023安徽三支一扶招募,区林业局,15005 区林业局,大专及以上,林业类（大专）；林学类（本科）；林学（一级学科），林业（专业学位硕士）（研究生）,,笔试+面试,,,招募类别：支农；服务单位：唐田林业工作站；招聘人数：1；报名人数：8；合格人数：6；缴费人数：3,安徽 池州市贵池区,https://www.xduim.com/zw/szyf,,专业：林业类（大专）；林学类（本科）；林学（一级学科），林业（专业学位硕士）（研究生）
2023,三支一扶,2023安徽三支一扶招募,区卫健委,15006 区卫健委,大专及以上,护理类（大专）；护理学类（本科）；护理学（一级学科），护理（专业学位硕士）（研究生）,,笔试+面试,,,招募类别：支医；服务单位：梅村镇卫生院；招聘人数：1；报名人数：39；合格人数：23；缴费人数：15,安徽 池州市贵池区,https://www.xduim.com/zw/szyf,,专业：护理类（大专）；护理学类（本科）；护理学（一级学科），护理（专业学位硕士）（研究生）
2023,三支一扶,2023安徽三支一扶招募,区卫健委,15007 区卫健委,大专及以上,临床医学类（大专）；临床医学类、中医学类、中西医结合类（本科）；临床医学、中西医结合、中医学（一级学科），临床医学、中医、针灸（专业学位硕士）（研究生）,,笔试+面试,,,招募类别：支医；服务单位：墩上街道茅坦卫生院；招聘人数：1；报名人数：7；合格人数：5；缴费人数：4,安徽 池州市贵池区,https://www.xduim.com/zw/szyf,,专业：临床医学类（大专）；临床医学类、中医学类、中西医结合类（本科）；临床医学、中西医结合、中医学（一级学科），临床医学、中医、针灸（专业学位硕士）（研究生）
2024,三支一扶,2024安徽三支一扶招募,区辖乡镇、街道,15227 区辖乡镇、街道,大专及以上,不限,,笔试+面试,,,招募类别：基层人社平台；服务单位：镇街就业和社会保障事务所；招聘人数：1；报名人数：182；合格人数：142；缴费人数：63,安徽 池州市贵池区,https://www.xduim.com/zw/szyf,,专业：不限
2024,三支一扶,2024安徽三支一扶招募,区教体局,15228 区教体局,大专及以上,不限,,笔试+面试,,,招募类别：支教；服务单位：基层小学；招聘人数：2；报名人数：150；合格人数：121；缴费人数：75,安徽 池州市贵池区,https://www.xduim.com/zw/szyf,,专业：不限
2024,三支一扶,2024安徽三支一扶招募,区教体局,15229 区教体局,本科及以上,不限,,笔试+面试,,,招募类别：支教；服务单位：基层初级中学；招聘人数：3；报名人数：232；合格人数：188；缴费人数：113,安徽 池州市贵池区,https://www.xduim.com/zw/szyf,,专业：不限
2024,三支一扶,2024安徽三支一扶招募,区农业农村局,15230 区农业农村局,大专及以上,大专:4101农业类。 本科：0901植物生产类。 研究生：0901作物学、0903农业资源与环境、0904植物保护、0951农业。,,笔试+面试,,,招募类别：支农；服务单位：秋江农技推广区域站；招聘人数：1；报名人数：14；合格人数：9；缴费人数：3,安徽 池州市贵池区,https://www.xduim.com/zw/szyf,,专业：大专:4101农业类。 本科：0901植物生产类。 研究生：0901作物学、0903农业资源与环境、0904植物保护、0951农业。
2024,三支一扶,2024安徽三支一扶招募,区林业局,15231 区林业局,大专及以上,大专:4102林业类。 大学本科：0905林学类。 研究生：0907林学、0954林业。,,笔试+面试,,,招募类别：支农；服务单位：牛头山林业工作站；招聘人数：1；报名人数：7；合格人数：3；缴费人数：3,安徽 池州市贵池区,https://www.xduim.com/zw/szyf,,专业：大专:4102林业类。 大学本科：0905林学类。 研究生：0907林学、0954林业。
2024,三支一扶,2024安徽三支一扶招募,区卫健委,15232 区卫健委,大专及以上,大专：5201临床医学类。 大学本科：1002临床医学类、1005中医学类、1006中西医结合类。 研究生：1002临床医学、1051临床医学，1005中医学、1006中西医结合、1057中医、1059针灸。,,笔试+面试,,,招募类别：支医；服务单位：基层卫生院；招聘人数：1；报名人数：14；合格人数：9；缴费人数：5,安徽 池州市贵池区,https://www.xduim.com/zw/szyf,,专业：大专：5201临床医学类。 大学本科：1002临床医学类、1005中医学类、1006中西医结合类。 研究生：1002临床医学、1051临床医学，1005中医学、1006中西医结合、1057中医、1059针灸。
2025,三支一扶,2025安徽三支一扶招募,区辖镇、街道,15244 区辖镇、街道,大专及以上,专业不限,,笔试+面试,,,招募类别：基层人社平台；服务单位：镇、街道便民服务中心；招聘人数：2；报名人数：446；合格人数：395；缴费人数：212,安徽 池州市贵池区,https://www.xduim.com/zw/szyf,,专业：专业不限
2025,三支一扶,2025安徽三支一扶招募,区教体局,15245 区教体局,本科及以上,专业不限,,笔试+面试,,,招募类别：支教；服务单位：茅坦初级中学；招聘人数：1；报名人数：55；合格人数：40；缴费人数：26,安徽 池州市贵池区,https://www.xduim.com/zw/szyf,,专业：专业不限
2025,三支一扶,2025安徽三支一扶招募,区教体局,15246 区教体局,本科及以上,专业不限,,笔试+面试,,,招募类别：支教；服务单位：高坦初级中学；招聘人数：1；报名人数：25；合格人数：18；缴费人数：10,安徽 池州市贵池区,https://www.xduim.com/zw/szyf,,专业：专业不限
2025,三支一扶,2025安徽三支一扶招募,区教体局,15247 区教体局,本科及以上,专业不限,,笔试+面试,,,招募类别：支教；服务单位：牌楼初级中学；招聘人数：1；报名人数：40；合格人数：33；缴费人数：22,安徽 池州市贵池区,https://www.xduim.com/zw/szyf,,专业：专业不限
2025,三支一扶,2025安徽三支一扶招募,区卫健委,15248 区卫健委,大专及以上,"大专：5201临床医学类； 本科：100201K临床医学、100501K中医学、100601K中西医临床医学； 研究生：1002临床医学、1005中医学、1006中西医结合,1051临床医学、1057中医。",,笔试+面试,,,招募类别：支医；服务单位：乌沙镇晏塘卫生院；招聘人数：1；报名人数：12；合格人数：7；缴费人数：5,安徽 池州市贵池区,https://www.xduim.com/zw/szyf,,"专业：大专：5201临床医学类； 本科：100201K临床医学、100501K中医学、100601K中西医临床医学； 研究生：1002临床医学、1005中医学、1006中西医结合,1051临床医学、1057中医。"
2022,三支一扶,2022安徽三支一扶招募,县卫健委,15018 县卫健委,大专及以上,临床医学、中医学、中医骨伤、针灸推拿、护理（大专），临床医学类、中医学、针灸推拿学、中西医结合类、护理学类（本科）,,笔试+面试,,,招募类别：支医；服务单位：乡镇卫生院；招聘人数：2,安徽 池州市青阳县,https://www.xduim.com/zw/szyf,,专业：临床医学、中医学、中医骨伤、针灸推拿、护理（大专），临床医学类、中医学、针灸推拿学、中西医结合类、护理学类（本科）
2022,三支一扶,2022安徽三支一扶招募,县教体局,15019 县教体局,大专及以上,不限,,笔试+面试,,,招募类别：支教；服务单位：基层小学；招聘人数：4,安徽 池州市青阳县,https://www.xduim.com/zw/szyf,,专业：不限
2023,三支一扶,2023安徽三支一扶招募,县教育体育局,15017 县教育体育局,大专及以上,不限,,笔试+面试,,,招募类别：支教；服务单位：基层学校；招聘人数：2；报名人数：87；合格人数：63；缴费人数：46,安徽 池州市青阳县,https://www.xduim.com/zw/szyf,,专业：不限
2023,三支一扶,2023安徽三支一扶招募,县辖乡镇,15018 县辖乡镇,大专及以上,农林牧渔大类（大专）；植物生产类、动物生产类、动物医学类（本科）；畜牧学、兽医学（一级学科），农业、兽医（专业学位硕士）（研究生）,,笔试+面试,,,招募类别：支农；服务单位：乔木乡社会事业服务所；招聘人数：1；报名人数：6；合格人数：4；缴费人数：3,安徽 池州市青阳县,https://www.xduim.com/zw/szyf,,专业：农林牧渔大类（大专）；植物生产类、动物生产类、动物医学类（本科）；畜牧学、兽医学（一级学科），农业、兽医（专业学位硕士）（研究生）
2023,三支一扶,2023安徽三支一扶招募,县辖乡镇,15019 县辖乡镇,大专及以上,水利大类（大专）；水利类（本科）；水利工程（一级学科），土木水利（专业学位硕士）（研究生）,,笔试+面试,,,招募类别：支农；服务单位：乡镇村镇建设服务所；招聘人数：2；报名人数：6；合格人数：6；缴费人数：6,安徽 池州市青阳县,https://www.xduim.com/zw/szyf,,专业：水利大类（大专）；水利类（本科）；水利工程（一级学科），土木水利（专业学位硕士）（研究生）
2023,三支一扶,2023安徽三支一扶招募,县辖乡镇,15020 县辖乡镇,大专及以上,不限,,笔试+面试,,,招募类别：基层人社平台；服务单位：陵阳镇村镇建设服务所；招聘人数：1；报名人数：84；合格人数：64；缴费人数：35,安徽 池州市青阳县,https://www.xduim.com/zw/szyf,,专业：不限
2024,三支一扶,2024安徽三支一扶招募,县辖乡镇,15243 县辖乡镇,大专及以上,不限,,笔试+面试,,,招募类别：基层人社平台；服务单位：乡镇政府；招聘人数：4；报名人数：450；合格人数：396；缴费人数：215,安徽 池州市青阳县,https://www.xduim.com/zw/szyf,,专业：不限
2022,三支一扶,2022安徽三支一扶招募,区辖乡镇,2004 区辖乡镇,大专及以上,不限,,笔试+面试,,,招募类别：乡村振兴协理；服务单位：乡镇政府；招聘人数：10,安徽 淮北市杜集区,https://www.xduim.com/zw/szyf,,专业：不限
2025,三支一扶,2025安徽三支一扶招募,县辖乡镇,15261 县辖乡镇,本科及以上,本科：09农学； 研究生：09农学。,,笔试+面试,,,招募类别：支农-农技；服务单位：农业农村综合服务中心；招聘人数：2；报名人数：19；合格人数：18；缴费人数：12,安徽 池州市青阳县,https://www.xduim.com/zw/szyf,,专业：本科：09农学； 研究生：09农学。
2025,三支一扶,2025安徽三支一扶招募,酉华镇人民政府,15262 酉华镇人民政府,本科及以上,本科：0811水利类、082305农业水利工程； 研究生：0815水利工程、0828农业工程、0859土木水利。,,笔试+面试,,,招募类别：支农-水利；服务单位：酉华镇农业农村综合服务中心；招聘人数：1；报名人数：8；合格人数：6；缴费人数：4,安徽 池州市青阳县,https://www.xduim.com/zw/szyf,,专业：本科：0811水利类、082305农业水利工程； 研究生：0815水利工程、0828农业工程、0859土木水利。
2023,三支一扶,2023安徽三支一扶招募,区辖乡镇,2005 区辖乡镇,大专及以上,不限,,笔试+面试,,,招募类别：乡村振兴协理；服务单位：乡镇人民政府；招聘人数：5；报名人数：584；合格人数：402；缴费人数：235,安徽 淮北市杜集区,https://www.xduim.com/zw/szyf,,专业：不限
2022,三支一扶,2022安徽三支一扶招募,县教育局,2001 县教育局,大专及以上,不限,,笔试+面试,,,招募类别：支教；服务单位：乡镇学校；招聘人数：20,安徽 淮北市濉溪县,https://www.xduim.com/zw/szyf,,专业：不限
2022,三支一扶,2022安徽三支一扶招募,县卫健委,2002 县卫健委,大专及以上,临床医学类（大专），临床医学类、中医学（本科）,,笔试+面试,,,招募类别：支医；服务单位：乡镇卫生院；招聘人数：15,安徽 淮北市濉溪县,https://www.xduim.com/zw/szyf,,专业：临床医学类（大专），临床医学类、中医学（本科）
2022,三支一扶,2022安徽三支一扶招募,县卫健委,2003 县卫健委,大专及以上,护理类（大专），护理学类（本科）,,笔试+面试,,,招募类别：支医；服务单位：乡镇卫生院；招聘人数：5,安徽 淮北市濉溪县,https://www.xduim.com/zw/szyf,,专业：护理类（大专），护理学类（本科）
2023,三支一扶,2023安徽三支一扶招募,县卫健委,2001 县卫健委,大专及以上,临床医学专业、口腔医学专业、中医学专业（大专）；临床医学类、口腔医学类（本科）；临床医学（一级学科），临床医学、口腔医学（专业学位硕士）（研究生）,,笔试+面试,,,招募类别：支医；服务单位：乡镇卫生院；招聘人数：10；报名人数：88；合格人数：56；缴费人数：40,安徽 淮北市濉溪县,https://www.xduim.com/zw/szyf,,专业：临床医学专业、口腔医学专业、中医学专业（大专）；临床医学类、口腔医学类（本科）；临床医学（一级学科），临床医学、口腔医学（专业学位硕士）（研究生）
2023,三支一扶,2023安徽三支一扶招募,县卫健委,2002 县卫健委,大专及以上,中医学专业、针灸推拿专业、中医骨伤专业（大专）；中医学类（本科）；中医学（一级学科），中医（专业学位硕士）（研究生）,,笔试+面试,,,招募类别：支医；服务单位：乡镇卫生院；招聘人数：5；报名人数：56；合格人数：46；缴费人数：30,安徽 淮北市濉溪县,https://www.xduim.com/zw/szyf,,专业：中医学专业、针灸推拿专业、中医骨伤专业（大专）；中医学类（本科）；中医学（一级学科），中医（专业学位硕士）（研究生）
2023,三支一扶,2023安徽三支一扶招募,县教育局,2003 县教育局,大专及以上,不限,,笔试+面试,,,招募类别：支教；服务单位：乡镇中心学校；招聘人数：10；报名人数：700；合格人数：485；缴费人数：296,安徽 淮北市濉溪县,https://www.xduim.com/zw/szyf,,专业：不限
2023,三支一扶,2023安徽三支一扶招募,县辖乡镇,2004 县辖乡镇,大专及以上,不限,,笔试+面试,,,招募类别：基层人社平台；服务单位：乡镇人民政府；招聘人数：12；报名人数：1174；合格人数：925；缴费人数：579,安徽 淮北市濉溪县,https://www.xduim.com/zw/szyf,,专业：不限
2024,三支一扶,2024安徽三支一扶招募,濉溪县 卫健委,2012 濉溪县 卫健委,大专及以上,大专：520101K临床医学专业、520501医学检验技术专业、520502医学影像技术专业； 大学本科：100201K临床医学专业、101001医学检验技术专业、100203TK医学影像学专业； 研究生：1002临床医学、1058医学技术。,,笔试+面试,,,招募类别：支医；服务单位：乡镇卫生院；招聘人数：14；报名人数：269；合格人数：176；缴费人数：105,安徽 淮北市濉溪县,https://www.xduim.com/zw/szyf,,专业：大专：520101K临床医学专业、520501医学检验技术专业、520502医学影像技术专业； 大学本科：100201K临床医学专业、101001医学检验技术专业、100203TK医学影像学专业； 研究生：1002临床医学、1058医学技术。
2024,三支一扶,2024安徽三支一扶招募,教育局,2013 教育局,大专及以上,不限,,笔试+面试,,,招募类别：支教；服务单位：乡镇中心学校；招聘人数：15；报名人数：949；合格人数：739；缴费人数：471,安徽 淮北市濉溪县,https://www.xduim.com/zw/szyf,,专业：不限
2024,三支一扶,2024安徽三支一扶招募,县辖乡镇,2014 县辖乡镇,大专及以上,不限,,笔试+面试,,,招募类别：基层人社平台；服务单位：镇政府所属事业单位；招聘人数：11；报名人数：1322；合格人数：1107；缴费人数：625,安徽 淮北市濉溪县,https://www.xduim.com/zw/szyf,,专业：不限
2025,三支一扶,2025安徽三支一扶招募,濉溪县卫健委,2015 濉溪县卫健委,大专及以上,大专：520101K临床医学专业、520401K中医学专业； 本科：100201K临床医学专业、1005中医学类； 研究生：1002 临床医学、1005中医学、1051临床医学、1057中医。,,笔试+面试,,,招募类别：支医；服务单位：乡镇卫生院；招聘人数：10；报名人数：157；合格人数：76；缴费人数：60,安徽 淮北市濉溪县,https://www.xduim.com/zw/szyf,,专业：大专：520101K临床医学专业、520401K中医学专业； 本科：100201K临床医学专业、1005中医学类； 研究生：1002 临床医学、1005中医学、1051临床医学、1057中医。
2025,三支一扶,2025安徽三支一扶招募,濉溪县教育局,2016 濉溪县教育局,大专及以上,专业不限,,笔试+面试,,,招募类别：支教；服务单位：基层学校；招聘人数：15；报名人数：1062；合格人数：729；缴费人数：537,安徽 淮北市濉溪县,https://www.xduim.com/zw/szyf,,专业：专业不限
2025,三支一扶,2025安徽三支一扶招募,濉溪县辖乡镇,2017 濉溪县辖乡镇,大专及以上,专业不限,,笔试+面试,,,招募类别：基层人社平台；服务单位：乡镇政府；招聘人数：10；报名人数：1714；合格人数：1380；缴费人数：757,安徽 淮北市濉溪县,https://www.xduim.com/zw/szyf,,专业：专业不限
2025,三支一扶,2025安徽三支一扶招募,相山区教育局,2014 相山区教育局,本科及以上,专业不限,,笔试+面试,,,招募类别：支教；服务单位：渠沟镇基层中学；招聘人数：10；报名人数：530；合格人数：463；缴费人数：266,安徽 淮北市相山区,https://www.xduim.com/zw/szyf,,专业：专业不限
2024,三支一扶,2024安徽三支一扶招募,淮南市八公山区卫健委,7141 淮南市八公山区卫健委,大专及以上,大专：520703K预防医学； 大学本科：100401K预防医学； 研究生：1004公共卫生与预防医学。,,笔试+面试,,,招募类别：支医；服务单位：山王镇卫生院；招聘人数：1；报名人数：13；合格人数：8；缴费人数：4,安徽 淮南市八公山区,https://www.xduim.com/zw/szyf,,专业：大专：520703K预防医学； 大学本科：100401K预防医学； 研究生：1004公共卫生与预防医学。
2024,三支一扶,2024安徽三支一扶招募,淮南市八公山区卫健委,7142 淮南市八公山区卫健委,大专及以上,大专：520401K中医学； 大学本科：100501K中医学； 研究生：1005中医学。,,笔试+面试,,,招募类别：支医；服务单位：山王镇卫生院；招聘人数：1；报名人数：5；合格人数：4；缴费人数：1,安徽 淮南市八公山区,https://www.xduim.com/zw/szyf,,专业：大专：520401K中医学； 大学本科：100501K中医学； 研究生：1005中医学。
2022,三支一扶,2022安徽三支一扶招募,县教育局,7004 县教育局,大专及以上,不限,,笔试+面试,,,招募类别：支教；服务单位：基层中学；招聘人数：2,安徽 淮南市凤台县,https://www.xduim.com/zw/szyf,,专业：不限
2022,三支一扶,2022安徽三支一扶招募,县教育局,7005 县教育局,大专及以上,不限,,笔试+面试,,,招募类别：支教；服务单位：肖集初中；招聘人数：1,安徽 淮南市凤台县,https://www.xduim.com/zw/szyf,,专业：不限
2022,三支一扶,2022安徽三支一扶招募,县教育局,7006 县教育局,大专及以上,不限,,笔试+面试,,,招募类别：支教；服务单位：大兴初中；招聘人数：1,安徽 淮南市凤台县,https://www.xduim.com/zw/szyf,,专业：不限
2022,三支一扶,2022安徽三支一扶招募,县教育局,7007 县教育局,大专及以上,不限,,笔试+面试,,,招募类别：支教；服务单位：基层小学；招聘人数：4,安徽 淮南市凤台县,https://www.xduim.com/zw/szyf,,专业：不限
2022,三支一扶,2022安徽三支一扶招募,县教育局,7008 县教育局,大专及以上,不限,,笔试+面试,,,招募类别：支教；服务单位：基层小学；招聘人数：4,安徽 淮南市凤台县,https://www.xduim.com/zw/szyf,,专业：不限
2023,三支一扶,2023安徽三支一扶招募,县教育局,7003 县教育局,大专及以上,不限,,笔试+面试,,,招募类别：支教；服务单位：古店初中；招聘人数：1；报名人数：41；合格人数：33；缴费人数：18,安徽 淮南市凤台县,https://www.xduim.com/zw/szyf,,专业：不限
2023,三支一扶,2023安徽三支一扶招募,县教育局,7004 县教育局,大专及以上,不限,,笔试+面试,,,招募类别：支教；服务单位：基层初中；招聘人数：2；报名人数：45；合格人数：36；缴费人数：21,安徽 淮南市凤台县,https://www.xduim.com/zw/szyf,,专业：不限
2023,三支一扶,2023安徽三支一扶招募,县教育局,7005 县教育局,大专及以上,不限,,笔试+面试,,,招募类别：支教；服务单位：古店初中；招聘人数：1；报名人数：17；合格人数：10；缴费人数：9,安徽 淮南市凤台县,https://www.xduim.com/zw/szyf,,专业：不限
2023,三支一扶,2023安徽三支一扶招募,县教育局,7006 县教育局,大专及以上,不限,,笔试+面试,,,招募类别：支教；服务单位：基层小学；招聘人数：5；报名人数：176；合格人数：135；缴费人数：92,安徽 淮南市凤台县,https://www.xduim.com/zw/szyf,,专业：不限
2023,三支一扶,2023安徽三支一扶招募,县教育局,7007 县教育局,大专及以上,不限,,笔试+面试,,,招募类别：支教；服务单位：基层小学；招聘人数：5；报名人数：194；合格人数：132；缴费人数：88,安徽 淮南市凤台县,https://www.xduim.com/zw/szyf,,专业：不限
2023,三支一扶,2023安徽三支一扶招募,县教育局,7008 县教育局,大专及以上,不限,,笔试+面试,,,招募类别：支教；服务单位：基层小学；招聘人数：2；报名人数：44；合格人数：36；缴费人数：22,安徽 淮南市凤台县,https://www.xduim.com/zw/szyf,,专业：不限
2023,三支一扶,2023安徽三支一扶招募,县教育局,7009 县教育局,大专及以上,不限,,笔试+面试,,,招募类别：支教；服务单位：基层小学；招聘人数：2；报名人数：73；合格人数：42；缴费人数：18,安徽 淮南市凤台县,https://www.xduim.com/zw/szyf,,专业：不限
2023,三支一扶,2023安徽三支一扶招募,县教育局,7010 县教育局,大专及以上,不限,,笔试+面试,,,招募类别：支教；服务单位：基层小学；招聘人数：2；报名人数：37；合格人数：29；缴费人数：19,安徽 淮南市凤台县,https://www.xduim.com/zw/szyf,,专业：不限
2024,三支一扶,2024安徽三支一扶招募,县教育局,7130 县教育局,大专及以上,不限,,笔试+面试,,,招募类别：支教；服务单位：凤台县尚塘初级中学；招聘人数：1；报名人数：26；合格人数：19；缴费人数：9,安徽 淮南市凤台县,https://www.xduim.com/zw/szyf,,专业：不限
2024,三支一扶,2024安徽三支一扶招募,县教育局,7131 县教育局,大专及以上,不限,,笔试+面试,,,招募类别：支教；服务单位：凤台县古店初级中学；招聘人数：1；报名人数：24；合格人数：18；缴费人数：7,安徽 淮南市凤台县,https://www.xduim.com/zw/szyf,,专业：不限
2024,三支一扶,2024安徽三支一扶招募,县教育局,7132 县教育局,大专及以上,不限,,笔试+面试,,,招募类别：支教；服务单位：凤台县王桥初级中学；招聘人数：1；报名人数：30；合格人数：25；缴费人数：17,安徽 淮南市凤台县,https://www.xduim.com/zw/szyf,,专业：不限
2024,三支一扶,2024安徽三支一扶招募,县教育局,7133 县教育局,大专及以上,不限,,笔试+面试,,,招募类别：支教；服务单位：凤台县大兴集初级中学；招聘人数：1；报名人数：22；合格人数：19；缴费人数：8,安徽 淮南市凤台县,https://www.xduim.com/zw/szyf,,专业：不限
2024,三支一扶,2024安徽三支一扶招募,县教育局,7134 县教育局,大专及以上,不限,,笔试+面试,,,招募类别：支教；服务单位：凤台县第十中学；招聘人数：1；报名人数：38；合格人数：30；缴费人数：14,安徽 淮南市凤台县,https://www.xduim.com/zw/szyf,,专业：不限
2024,三支一扶,2024安徽三支一扶招募,县教育局,7135 县教育局,大专及以上,不限,,笔试+面试,,,招募类别：支教；服务单位：凤台县第十中学；招聘人数：1；报名人数：23；合格人数：19；缴费人数：13,安徽 淮南市凤台县,https://www.xduim.com/zw/szyf,,专业：不限
2024,三支一扶,2024安徽三支一扶招募,县教育局,7136 县教育局,大专及以上,不限,,笔试+面试,,,招募类别：支教；服务单位：凤台县朱马店镇中心学校；招聘人数：1；报名人数：31；合格人数：27；缴费人数：17,安徽 淮南市凤台县,https://www.xduim.com/zw/szyf,,专业：不限
2024,三支一扶,2024安徽三支一扶招募,县教育局,7137 县教育局,大专及以上,不限,,笔试+面试,,,招募类别：支教；服务单位：基层小学；招聘人数：4；报名人数：206；合格人数：170；缴费人数：102,安徽 淮南市凤台县,https://www.xduim.com/zw/szyf,,专业：不限
2024,三支一扶,2024安徽三支一扶招募,县教育局,7138 县教育局,大专及以上,不限,,笔试+面试,,,招募类别：支教；服务单位：基层小学；招聘人数：6；报名人数：270；合格人数：230；缴费人数：142,安徽 淮南市凤台县,https://www.xduim.com/zw/szyf,,专业：不限
2024,三支一扶,2024安徽三支一扶招募,县教育局,7139 县教育局,大专及以上,不限,,笔试+面试,,,招募类别：支教；服务单位：基层小学；招聘人数：3；报名人数：88；合格人数：76；缴费人数：38,安徽 淮南市凤台县,https://www.xduim.com/zw/szyf,,专业：不限
2025,三支一扶,2025安徽三支一扶招募,县教育局,7119 县教育局,大专及以上,专业不限,,笔试+面试,,,招募类别：支教；服务单位：凤台县基层初中；招聘人数：4；报名人数：141；合格人数：67；缴费人数：47,安徽 淮南市凤台县,https://www.xduim.com/zw/szyf,,专业：专业不限
2025,三支一扶,2025安徽三支一扶招募,县教育局,7120 县教育局,大专及以上,专业不限,,笔试+面试,,,招募类别：支教；服务单位：凤台县基层初中；招聘人数：3；报名人数：82；合格人数：50；缴费人数：29,安徽 淮南市凤台县,https://www.xduim.com/zw/szyf,,专业：专业不限
2025,三支一扶,2025安徽三支一扶招募,县教育局,7121 县教育局,大专及以上,专业不限,,笔试+面试,,,招募类别：支教；服务单位：凤台县基层初中；招聘人数：2；报名人数：45；合格人数：33；缴费人数：12,安徽 淮南市凤台县,https://www.xduim.com/zw/szyf,,专业：专业不限
2025,三支一扶,2025安徽三支一扶招募,县教育局,7122 县教育局,大专及以上,专业不限,,笔试+面试,,,招募类别：支教；服务单位：凤台县第七中学；招聘人数：1；报名人数：67；合格人数：41；缴费人数：25,安徽 淮南市凤台县,https://www.xduim.com/zw/szyf,,专业：专业不限
2025,三支一扶,2025安徽三支一扶招募,县教育局,7123 县教育局,大专及以上,专业不限,,笔试+面试,,,招募类别：支教；服务单位：凤台县王桥初级中学；招聘人数：1；报名人数：31；合格人数：20；缴费人数：7,安徽 淮南市凤台县,https://www.xduim.com/zw/szyf,,专业：专业不限
2025,三支一扶,2025安徽三支一扶招募,县教育局,7124 县教育局,大专及以上,专业不限,,笔试+面试,,,招募类别：支教；服务单位：凤台县肖集初级中学；招聘人数：1；报名人数：16；合格人数：8；缴费人数：5,安徽 淮南市凤台县,https://www.xduim.com/zw/szyf,,专业：专业不限
2025,三支一扶,2025安徽三支一扶招募,县教育局,7125 县教育局,大专及以上,专业不限,,笔试+面试,,,招募类别：支教；服务单位：凤台县钱庙乡合锻希望小学；招聘人数：1；报名人数：76；合格人数：43；缴费人数：29,安徽 淮南市凤台县,https://www.xduim.com/zw/szyf,,专业：专业不限
2025,三支一扶,2025安徽三支一扶招募,县教育局,7126 县教育局,大专及以上,专业不限,,笔试+面试,,,招募类别：支教；服务单位：凤台县朱马店镇中心学校；招聘人数：1；报名人数：52；合格人数：28；缴费人数：19,安徽 淮南市凤台县,https://www.xduim.com/zw/szyf,,专业：专业不限
2025,三支一扶,2025安徽三支一扶招募,县教育局,7127 县教育局,大专及以上,专业不限,,笔试+面试,,,招募类别：支教；服务单位：凤台县大兴镇中心学校；招聘人数：1；报名人数：35；合格人数：22；缴费人数：15,安徽 淮南市凤台县,https://www.xduim.com/zw/szyf,,专业：专业不限
2022,三支一扶,2022安徽三支一扶招募,县卫健委,7001 县卫健委,大专及以上,临床医学、中医学、口腔医学（大专），临床医学、中医学、口腔医学（本科）,,笔试+面试,,,招募类别：支医；服务单位：乡镇卫生院；招聘人数：9,安徽 淮南市寿县,https://www.xduim.com/zw/szyf,,专业：临床医学、中医学、口腔医学（大专），临床医学、中医学、口腔医学（本科）
2022,三支一扶,2022安徽三支一扶招募,县卫健委,7002 县卫健委,大专及以上,医学影像技术、医学检验技术、口腔医学技术（大专），医学影像技术、医学检验技术、卫生检验与检疫、医学实验技术、口腔医学技术（本科）,,笔试+面试,,,招募类别：支医；服务单位：乡镇卫生院；招聘人数：3,安徽 淮南市寿县,https://www.xduim.com/zw/szyf,,专业：医学影像技术、医学检验技术、口腔医学技术（大专），医学影像技术、医学检验技术、卫生检验与检疫、医学实验技术、口腔医学技术（本科）
2022,三支一扶,2022安徽三支一扶招募,县卫健委,7003 县卫健委,大专及以上,药学、中药学、藏药学（大专），药学、药物制剂、药事管理、药物分析、药物化学、中药学、藏药学（本科）,,笔试+面试,,,招募类别：支医；服务单位：大顺镇卫生院；招聘人数：1,安徽 淮南市寿县,https://www.xduim.com/zw/szyf,,专业：药学、中药学、藏药学（大专），药学、药物制剂、药事管理、药物分析、药物化学、中药学、藏药学（本科）
2023,三支一扶,2023安徽三支一扶招募,县辖乡镇,7001 县辖乡镇,大专及以上,不限,,笔试+面试,,,招募类别：基层人社平台；服务单位：乡镇政府；招聘人数：10；报名人数：948；合格人数：731；缴费人数：446,安徽 淮南市寿县,https://www.xduim.com/zw/szyf,,专业：不限
2024,三支一扶,2024安徽三支一扶招募,县辖乡镇,7140 县辖乡镇,大专及以上,不限,,笔试+面试,,,招募类别：基层人社平台；服务单位：乡镇政府；招聘人数：6；报名人数：817；合格人数：695；缴费人数：365,安徽 淮南市寿县,https://www.xduim.com/zw/szyf,,专业：不限
2025,三支一扶,2025安徽三支一扶招募,县辖乡镇,7118 县辖乡镇,大专及以上,专业不限,,笔试+面试,,,招募类别：乡村振兴协理；服务单位：乡镇政府；招聘人数：15；报名人数：1526；合格人数：1403；缴费人数：834,安徽 淮南市寿县,https://www.xduim.com/zw/szyf,,专业：专业不限
2023,三支一扶,2023安徽三支一扶招募,区教育局,7002 区教育局,大专及以上,不限,,笔试+面试,,,招募类别：支教；服务单位：基层小学；招聘人数：10；报名人数：441；合格人数：301；缴费人数：178,安徽 淮南市潘集区,https://www.xduim.com/zw/szyf,,专业：不限
2024,三支一扶,2024安徽三支一扶招募,淮南市潘集区卫健委,7120 淮南市潘集区卫健委,大专及以上,大专：520401K中医学、520403K针灸推拿； 大学本科：100501K中医学、100502K针灸推拿学； 研究生：100506中医内科学、100507中医外科学、100512针灸推拿学。,,笔试+面试,,,招募类别：支医；服务单位：乡镇卫生院；招聘人数：1；报名人数：5；合格人数：3；缴费人数：0,安徽 淮南市潘集区,https://www.xduim.com/zw/szyf,,专业：大专：520401K中医学、520403K针灸推拿； 大学本科：100501K中医学、100502K针灸推拿学； 研究生：100506中医内科学、100507中医外科学、100512针灸推拿学。
2024,三支一扶,2024安徽三支一扶招募,淮南市潘集区卫健委,7121 淮南市潘集区卫健委,大专及以上,大专：520703K预防医学、520101K临床医学、520102K口腔医学； 大学本科：100401K预防医学、100201K临床医学、100301口腔医学； 研究生：100401流行病与卫生统计学、100201内科学、100210外科学、100302口腔临床医学。,,笔试+面试,,,招募类别：支医；服务单位：乡镇卫生院；招聘人数：1；报名人数：8；合格人数：2；缴费人数：2,安徽 淮南市潘集区,https://www.xduim.com/zw/szyf,,专业：大专：520703K预防医学、520101K临床医学、520102K口腔医学； 大学本科：100401K预防医学、100201K临床医学、100301口腔医学； 研究生：100401流行病与卫生统计学、100201内科学、100210外科学、100302口腔临床医学。
2024,三支一扶,2024安徽三支一扶招募,淮南市潘集区卫健委,7122 淮南市潘集区卫健委,大专及以上,大专：520101K临床医学、520703K预防医学； 大学本科：100201K临床医学、100401K预防医学； 研究生：100201内科学、100210外科学、100401流行病与卫生统计学。,,笔试+面试,,,招募类别：支医；服务单位：乡镇卫生院；招聘人数：1；报名人数：6；合格人数：4；缴费人数：3,安徽 淮南市潘集区,https://www.xduim.com/zw/szyf,,专业：大专：520101K临床医学、520703K预防医学； 大学本科：100201K临床医学、100401K预防医学； 研究生：100201内科学、100210外科学、100401流行病与卫生统计学。
2024,三支一扶,2024安徽三支一扶招募,淮南市潘集区卫健委,7123 淮南市潘集区卫健委,大专及以上,大专：520401K中医学、520403K针灸推拿； 大学本科：100501K中医学、100502K针灸推拿学； 研究生：100506中医内科学、100507中医外科学、100512针灸推拿学。,,笔试+面试,,,招募类别：支医；服务单位：乡镇卫生院；招聘人数：1；报名人数：5；合格人数：4；缴费人数：2,安徽 淮南市潘集区,https://www.xduim.com/zw/szyf,,专业：大专：520401K中医学、520403K针灸推拿； 大学本科：100501K中医学、100502K针灸推拿学； 研究生：100506中医内科学、100507中医外科学、100512针灸推拿学。
2024,三支一扶,2024安徽三支一扶招募,淮南市潘集区卫健委,7124 淮南市潘集区卫健委,大专及以上,大专：520101K临床医学、520202助产； 大学本科：100201K临床医学、101102T助产学； 研究生：100201内科学、100210外科学、100211妇产科学。,,笔试+面试,,,招募类别：支医；服务单位：乡镇卫生院；招聘人数：1；报名人数：31；合格人数：19；缴费人数：8,安徽 淮南市潘集区,https://www.xduim.com/zw/szyf,,专业：大专：520101K临床医学、520202助产； 大学本科：100201K临床医学、101102T助产学； 研究生：100201内科学、100210外科学、100211妇产科学。
2024,三支一扶,2024安徽三支一扶招募,淮南市潘集区卫健委,7125 淮南市潘集区卫健委,大专及以上,大专：520301药学、520502医学影像技术； 大学本科：100701药学、101003医学影像技术； 研究生：100702药剂学、100207影像医学与核医学。,,笔试+面试,,,招募类别：支医；服务单位：乡镇卫生院；招聘人数：1；报名人数：43；合格人数：29；缴费人数：18,安徽 淮南市潘集区,https://www.xduim.com/zw/szyf,,专业：大专：520301药学、520502医学影像技术； 大学本科：100701药学、101003医学影像技术； 研究生：100702药剂学、100207影像医学与核医学。
2024,三支一扶,2024安徽三支一扶招募,淮南市潘集区卫健委,7126 淮南市潘集区卫健委,大专及以上,大专：520102K口腔医学、520101K临床医学； 大学本科：100301K口腔医学、100201K临床医学； 研究生：100302口腔临床医学、100201内科学、100210外科学。,,笔试+面试,,,招募类别：支医；服务单位：乡镇卫生院；招聘人数：1；报名人数：5；合格人数：3；缴费人数：3,安徽 淮南市潘集区,https://www.xduim.com/zw/szyf,,专业：大专：520102K口腔医学、520101K临床医学； 大学本科：100301K口腔医学、100201K临床医学； 研究生：100302口腔临床医学、100201内科学、100210外科学。
2024,三支一扶,2024安徽三支一扶招募,淮南市潘集区卫健委,7127 淮南市潘集区卫健委,大专及以上,大专：520401K中医学、520403K针灸推拿； 大学本科：100501K中医学、100502K针灸推拿学； 研究生：100506中医内科学、100507中医外科学、100512针灸推拿学。,,笔试+面试,,,招募类别：支医；服务单位：乡镇卫生院；招聘人数：1；报名人数：7；合格人数：5；缴费人数：4,安徽 淮南市潘集区,https://www.xduim.com/zw/szyf,,专业：大专：520401K中医学、520403K针灸推拿； 大学本科：100501K中医学、100502K针灸推拿学； 研究生：100506中医内科学、100507中医外科学、100512针灸推拿学。
2024,三支一扶,2024安徽三支一扶招募,淮南市潘集区卫健委,7128 淮南市潘集区卫健委,大专及以上,大专：520102K口腔医学、520101K临床医学； 大学本科：100301K口腔医学、100201K临床医学； 研究生：100302口腔临床医学、100201内科学、100210外科学。,,笔试+面试,,,招募类别：支医；服务单位：乡镇卫生院；招聘人数：1；报名人数：11；合格人数：10；缴费人数：3,安徽 淮南市潘集区,https://www.xduim.com/zw/szyf,,专业：大专：520102K口腔医学、520101K临床医学； 大学本科：100301K口腔医学、100201K临床医学； 研究生：100302口腔临床医学、100201内科学、100210外科学。
2024,三支一扶,2024安徽三支一扶招募,淮南市潘集区卫健委,7129 淮南市潘集区卫健委,大专及以上,大专：520401K中医学、520403K针灸推拿； 大学本科：100501K中医学、100502K针灸推拿学； 研究生：100506中医内科学、100507中医外科学、100512针灸推拿学。,,笔试+面试,,,招募类别：支医；服务单位：乡镇卫生院；招聘人数：1；报名人数：6；合格人数：3；缴费人数：2,安徽 淮南市潘集区,https://www.xduim.com/zw/szyf,,专业：大专：520401K中医学、520403K针灸推拿； 大学本科：100501K中医学、100502K针灸推拿学； 研究生：100506中医内科学、100507中医外科学、100512针灸推拿学。
2025,三支一扶,2025安徽三支一扶招募,潘集区卫生健康委员会,7128 潘集区卫生健康委员会,本科及以上,本科：100502K针灸推拿学、100201K临床医学、100301口腔医学； 研究生：100506中医内科学、100512针灸推拿学、100302口腔临床医学、100210外科学。,,笔试+面试,,,招募类别：支医；服务单位：乡镇卫生院；招聘人数：1；报名人数：2；合格人数：2；缴费人数：2,安徽 淮南市潘集区,https://www.xduim.com/zw/szyf,,专业：本科：100502K针灸推拿学、100201K临床医学、100301口腔医学； 研究生：100506中医内科学、100512针灸推拿学、100302口腔临床医学、100210外科学。
2025,三支一扶,2025安徽三支一扶招募,潘集区卫生健康委员会,7129 潘集区卫生健康委员会,本科及以上,本科：100502K针灸推拿学、100201K临床医学、100401K预防医学； 研究生：100506中医内科学、100512针灸推拿学、100210外科学。,,笔试+面试,,,招募类别：支医；服务单位：乡镇卫生院；招聘人数：2；报名人数：12；合格人数：4；缴费人数：1,安徽 淮南市潘集区,https://www.xduim.com/zw/szyf,,专业：本科：100502K针灸推拿学、100201K临床医学、100401K预防医学； 研究生：100506中医内科学、100512针灸推拿学、100210外科学。
2025,三支一扶,2025安徽三支一扶招募,潘集区卫生健康委员会,7130 潘集区卫生健康委员会,本科及以上,本科：100502K针灸推拿学、100201K临床医学； 研究生：100506中医内科学、100512针灸推拿学、100210外科学。,,笔试+面试,,,招募类别：支医；服务单位：乡镇卫生院；招聘人数：1；报名人数：2；合格人数：1；缴费人数：1,安徽 淮南市潘集区,https://www.xduim.com/zw/szyf,,专业：本科：100502K针灸推拿学、100201K临床医学； 研究生：100506中医内科学、100512针灸推拿学、100210外科学。
2025,三支一扶,2025安徽三支一扶招募,潘集区卫生健康委员会,7131 潘集区卫生健康委员会,本科及以上,本科：100201K临床医学、100401K预防医学、100301口腔医学、100502K针灸推拿学； 研究生：100210外科学、100302口腔临床医学、100506中医内科学、100512针灸推拿学。,,笔试+面试,,,招募类别：支医；服务单位：乡镇卫生院；招聘人数：2；报名人数：11；合格人数：7；缴费人数：3,安徽 淮南市潘集区,https://www.xduim.com/zw/szyf,,专业：本科：100201K临床医学、100401K预防医学、100301口腔医学、100502K针灸推拿学； 研究生：100210外科学、100302口腔临床医学、100506中医内科学、100512针灸推拿学。
2025,三支一扶,2025安徽三支一扶招募,潘集区卫生健康委员会,7132 潘集区卫生健康委员会,本科及以上,本科：100502K针灸推拿学、100201K临床医学； 研究生：100506中医内科学、100512针灸推拿学、100210外科学。,,笔试+面试,,,招募类别：支医；服务单位：乡镇卫生院；招聘人数：1；报名人数：7；合格人数：3；缴费人数：0,安徽 淮南市潘集区,https://www.xduim.com/zw/szyf,,专业：本科：100502K针灸推拿学、100201K临床医学； 研究生：100506中医内科学、100512针灸推拿学、100210外科学。
2025,三支一扶,2025安徽三支一扶招募,潘集区卫生健康委员会,7133 潘集区卫生健康委员会,本科及以上,本科：100502K针灸推拿学、100201K临床医学、100301口腔医学； 研究生：100506中医内科学、100512针灸推拿学、100302口腔临床医学、100210外科学。,,笔试+面试,,,招募类别：支医；服务单位：乡镇卫生院；招聘人数：1；报名人数：2；合格人数：1；缴费人数：0,安徽 淮南市潘集区,https://www.xduim.com/zw/szyf,,专业：本科：100502K针灸推拿学、100201K临床医学、100301口腔医学； 研究生：100506中医内科学、100512针灸推拿学、100302口腔临床医学、100210外科学。
2024,三支一扶,2024安徽三支一扶招募,县辖乡镇,8147 县辖乡镇,大专及以上,不限,,笔试+面试,,,招募类别：乡村振兴协理；服务单位：乡镇政府；招聘人数：2；报名人数：208；合格人数：147；缴费人数：64,安徽 滁州市全椒县,https://www.xduim.com/zw/szyf,,专业：不限
2024,三支一扶,2024安徽三支一扶招募,县辖乡镇,8148 县辖乡镇,大专及以上,不限,,笔试+面试,,,招募类别：基层人社平台；服务单位：乡镇政府；招聘人数：2；报名人数：204；合格人数：127；缴费人数：64,安徽 滁州市全椒县,https://www.xduim.com/zw/szyf,,专业：不限
2024,三支一扶,2024安徽三支一扶招募,县水利局,8149 县水利局,大专及以上,大专：4501水文水资源类、4502水利工程与管理类； 大学本科：0811水利类； 研究生：0815水利工程、0859土木水利。,,笔试+面试,,,招募类别：支农；服务单位：十字镇水利工作站；招聘人数：1；报名人数：23；合格人数：14；缴费人数：8,安徽 滁州市全椒县,https://www.xduim.com/zw/szyf,,专业：大专：4501水文水资源类、4502水利工程与管理类； 大学本科：0811水利类； 研究生：0815水利工程、0859土木水利。
2024,三支一扶,2024安徽三支一扶招募,县农业农村局,8150 县农业农村局,大专及以上,大专：4101农业类； 大学本科：0901植物生产类； 研究生：0904植物保护、0951农业。,,笔试+面试,,,招募类别：支农；服务单位：六镇镇农业技术综合推广服务站；招聘人数：1；报名人数：20；合格人数：12；缴费人数：2,安徽 滁州市全椒县,https://www.xduim.com/zw/szyf,,专业：大专：4101农业类； 大学本科：0901植物生产类； 研究生：0904植物保护、0951农业。
2024,三支一扶,2024安徽三支一扶招募,县辖乡镇,8151 县辖乡镇,大专及以上,大专：5804法律实务类、5805法律执行类； 大学本科：0301法学类； 研究生：0301法学、0351法律。,,笔试+面试,,,招募类别：乡村振兴协理；服务单位：乡镇政府；招聘人数：1；报名人数：33；合格人数：17；缴费人数：11,安徽 滁州市全椒县,https://www.xduim.com/zw/szyf,,专业：大专：5804法律实务类、5805法律执行类； 大学本科：0301法学类； 研究生：0301法学、0351法律。
2024,三支一扶,2024安徽三支一扶招募,县辖乡镇,8152 县辖乡镇,大专及以上,大专：4401建筑设计类、4402城乡规划与管理类、4403土建施工类； 大学本科：0705地理科学类、0801力学类、0810土木类、0828建筑类； 研究生：0705地理学、0801力学、0813建筑学、0814土木工程、0851建筑、0853城乡规划。,,笔试+面试,,,招募类别：乡村振兴协理；服务单位：乡镇政府；招聘人数：1；报名人数：29；合格人数：20；缴费人数：4,安徽 滁州市全椒县,https://www.xduim.com/zw/szyf,,专业：大专：4401建筑设计类、4402城乡规划与管理类、4403土建施工类； 大学本科：0705地理科学类、0801力学类、0810土木类、0828建筑类； 研究生：0705地理学、0801力学、0813建筑学、0814土木工程、0851建筑、0853城乡规划。
2025,三支一扶,2025安徽三支一扶招募,县辖乡镇,8140 县辖乡镇,大专及以上,专业不限,,笔试+面试,,,招募类别：乡村振兴协理；服务单位：乡镇政府；招聘人数：2；报名人数：266；合格人数：187；缴费人数：99,安徽 滁州市全椒县,https://www.xduim.com/zw/szyf,,专业：专业不限
2025,三支一扶,2025安徽三支一扶招募,县辖乡镇,8141 县辖乡镇,大专及以上,专业不限,,笔试+面试,,,招募类别：基层人社平台；服务单位：乡镇政府；招聘人数：2；报名人数：303；合格人数：208；缴费人数：108,安徽 滁州市全椒县,https://www.xduim.com/zw/szyf,,专业：专业不限
2025,三支一扶,2025安徽三支一扶招募,县辖乡镇,8142 县辖乡镇,大专及以上,大专：4501水文水资源类、4502水利工程与管理类。 本科：0811水利类。 研究生：0815水利工程、0859土木水利。,,笔试+面试,,,招募类别：支农-水利；服务单位：西王镇农业农村综合服务中心；招聘人数：1；报名人数：14；合格人数：8；缴费人数：7,安徽 滁州市全椒县,https://www.xduim.com/zw/szyf,,专业：大专：4501水文水资源类、4502水利工程与管理类。 本科：0811水利类。 研究生：0815水利工程、0859土木水利。
2025,三支一扶,2025安徽三支一扶招募,县辖乡镇,8143 县辖乡镇,大专及以上,大专：4101农业类。 本科：0901植物生产类。 研究生：0904植物保护、0951农业。,,笔试+面试,,,招募类别：支农-农技；服务单位：武岗镇农业农村综合服务中心；招聘人数：1；报名人数：15；合格人数：8；缴费人数：4,安徽 滁州市全椒县,https://www.xduim.com/zw/szyf,,专业：大专：4101农业类。 本科：0901植物生产类。 研究生：0904植物保护、0951农业。
2025,三支一扶,2025安徽三支一扶招募,县辖乡镇,8144 县辖乡镇,大专及以上,大专：5804法律实务类、5805法律执行类。 本科：0301法学类。 研究生：0301法学、0351法律。,,笔试+面试,,,招募类别：乡村振兴协理-法律；服务单位：马厂镇综合行政执法大队；招聘人数：1；报名人数：25；合格人数：11；缴费人数：7,安徽 滁州市全椒县,https://www.xduim.com/zw/szyf,,专业：大专：5804法律实务类、5805法律执行类。 本科：0301法学类。 研究生：0301法学、0351法律。
2025,三支一扶,2025安徽三支一扶招募,六镇镇,8145 六镇镇,大专及以上,大专：4401建筑设计类、4402城乡规划与管理类、4403土建施工类。 本科：0705地理科学类、0801力学类、0810土木类、0828建筑类。 研究生：0705地理学、0801力学、0813建筑学、0814土木工程、0851建筑、0853城乡规划。,,笔试+面试,,,招募类别：乡村振兴协理-建规；服务单位：六镇镇综合行政执法大队；招聘人数：1；报名人数：31；合格人数：17；缴费人数：9,安徽 滁州市全椒县,https://www.xduim.com/zw/szyf,,专业：大专：4401建筑设计类、4402城乡规划与管理类、4403土建施工类。 本科：0705地理科学类、0801力学类、0810土木类、0828建筑类。 研究生：0705地理学、0801力学、0813建筑学、0814土木工程、0851建筑、0853城乡规划。
2023,三支一扶,2023安徽三支一扶招募,县农业农村局,8009 县农业农村局,大专及以上,农业类（大专），植物生产类（本科）；农学门类（研究生）,,笔试+面试,,,招募类别：支农；服务单位：乡镇农业技术推广站；招聘人数：2；报名人数：22；合格人数：16；缴费人数：9,安徽 滁州市凤阳县,https://www.xduim.com/zw/szyf,,专业：农业类（大专），植物生产类（本科）；农学门类（研究生）
2023,三支一扶,2023安徽三支一扶招募,县辖乡镇,8010 县辖乡镇,大专及以上,建筑设计类、城乡规划与管理类、土建施工类（大专）；地理科学类、力学类、土木类、建筑类（本科）；地理学、力学、建筑学、土木工程、城乡规划学（一级学科），建筑、城乡规划（专业学位硕士）（研究生）,,笔试+面试,,,招募类别：乡村振兴协理；服务单位：乡镇人民政府；招聘人数：3；报名人数：65；合格人数：44；缴费人数：24,安徽 滁州市凤阳县,https://www.xduim.com/zw/szyf,,专业：建筑设计类、城乡规划与管理类、土建施工类（大专）；地理科学类、力学类、土木类、建筑类（本科）；地理学、力学、建筑学、土木工程、城乡规划学（一级学科），建筑、城乡规划（专业学位硕士）（研究生）
2022,三支一扶,2022安徽三支一扶招募,县辖乡镇,8012 县辖乡镇,大专及以上,建筑设计类、城乡规划与管理类、土建施工类（大专），地理科学类、力学类、土木类、建筑类（本科），地理学、力学、建筑学、土木工程（研究生），建筑学、城市规划（专业学位硕士）,,笔试+面试,,,招募类别：乡村振兴协理；服务单位：乡镇政府；招聘人数：3,安徽 滁州市凤阳县,https://www.xduim.com/zw/szyf,,专业：建筑设计类、城乡规划与管理类、土建施工类（大专），地理科学类、力学类、土木类、建筑类（本科），地理学、力学、建筑学、土木工程（研究生），建筑学、城市规划（专业学位硕士）
2022,三支一扶,2022安徽三支一扶招募,县辖乡镇,8013 县辖乡镇,大专及以上,不限,,笔试+面试,,,招募类别：基层人社平台；服务单位：乡镇人社所；招聘人数：2,安徽 滁州市凤阳县,https://www.xduim.com/zw/szyf,,专业：不限
2024,三支一扶,2024安徽三支一扶招募,县农业农村局,8154 县农业农村局,大专及以上,大专：4101农业类； 大学本科：0901植物生产类； 研究生：09农学。,,笔试+面试,,,招募类别：支农；服务单位：乡镇农业技术推广站；招聘人数：2；报名人数：25；合格人数：18；缴费人数：8,安徽 滁州市凤阳县,https://www.xduim.com/zw/szyf,,专业：大专：4101农业类； 大学本科：0901植物生产类； 研究生：09农学。
2024,三支一扶,2024安徽三支一扶招募,县农业农村局,8155 县农业农村局,大专及以上,大专：4103畜牧业类； 大学本科：0903动物生产类、0904动物医学类； 研究生：0905畜牧学、0906兽医学，0952兽医。,,笔试+面试,,,招募类别：支农；服务单位：乡镇农业技术推广站；招聘人数：2；报名人数：22；合格人数：17；缴费人数：8,安徽 滁州市凤阳县,https://www.xduim.com/zw/szyf,,专业：大专：4103畜牧业类； 大学本科：0903动物生产类、0904动物医学类； 研究生：0905畜牧学、0906兽医学，0952兽医。
2024,三支一扶,2024安徽三支一扶招募,县辖乡镇,8156 县辖乡镇,大专及以上,大专：4401建筑设计类、4402城乡规划与管理类、4403土建施工类； 大学本科：0705地理科学类、0801力学类、0810土木类、0828建筑类； 研究生：0705地理学、0801力学、0813建筑学、0814土木工程、0851建筑、0853城市规划。,,笔试+面试,,,招募类别：乡村振兴协理；服务单位：枣巷镇政府；招聘人数：1；报名人数：25；合格人数：15；缴费人数：8,安徽 滁州市凤阳县,https://www.xduim.com/zw/szyf,,专业：大专：4401建筑设计类、4402城乡规划与管理类、4403土建施工类； 大学本科：0705地理科学类、0801力学类、0810土木类、0828建筑类； 研究生：0705地理学、0801力学、0813建筑学、0814土木工程、0851建筑、0853城市规划。
2025,三支一扶,2025安徽三支一扶招募,西泉镇,8147 西泉镇,大专及以上,大专：5804法律实务类、5805法律执行类。 本科：0301法学类。 研究生：0301法学、0351法律。,,笔试+面试,,,招募类别：乡村振兴协理-法律；服务单位：西泉镇农业农村综合服务中心；招聘人数：1；报名人数：27；合格人数：18；缴费人数：13,安徽 滁州市凤阳县,https://www.xduim.com/zw/szyf,,专业：大专：5804法律实务类、5805法律执行类。 本科：0301法学类。 研究生：0301法学、0351法律。
2025,三支一扶,2025安徽三支一扶招募,武店镇,8148 武店镇,大专及以上,大专：410201林业技术。 本科：090501林学。 研究生:0907林学、0954林业。,,笔试+面试,,,招募类别：支农-林业；服务单位：武店镇农业农村综合服务中心；招聘人数：1；报名人数：7；合格人数：4；缴费人数：0,安徽 滁州市凤阳县,https://www.xduim.com/zw/szyf,,专业：大专：410201林业技术。 本科：090501林学。 研究生:0907林学、0954林业。
2025,三支一扶,2025安徽三支一扶招募,官塘镇,8149 官塘镇,大专及以上,大专：4101农业类、6103畜牧业类。 本科：0901植物生产类、0904动物医学类。 研究生:0905畜牧学。,,笔试+面试,,,招募类别：支农-农技；服务单位：官塘镇农业农村综合服务中心；招聘人数：1；报名人数：12；合格人数：10；缴费人数：4,安徽 滁州市凤阳县,https://www.xduim.com/zw/szyf,,专业：大专：4101农业类、6103畜牧业类。 本科：0901植物生产类、0904动物医学类。 研究生:0905畜牧学。
2025,三支一扶,2025安徽三支一扶招募,殷涧镇,8150 殷涧镇,大专及以上,大专：450201水利工程。 本科：0811水利类。 研究生:0815水利工程、0859土木水利。,,笔试+面试,,,招募类别：支农-水利；服务单位：殷涧镇农业农村综合服务中心；招聘人数：1；报名人数：17；合格人数：11；缴费人数：7,安徽 滁州市凤阳县,https://www.xduim.com/zw/szyf,,专业：大专：450201水利工程。 本科：0811水利类。 研究生:0815水利工程、0859土木水利。
2025,三支一扶,2025安徽三支一扶招募,枣巷镇,8151 枣巷镇,大专及以上,专业不限,,笔试+面试,,,招募类别：乡村振兴协理；服务单位：枣巷镇农业农村综合服务中心；招聘人数：1；报名人数：196；合格人数：152；缴费人数：86,安徽 滁州市凤阳县,https://www.xduim.com/zw/szyf,,专业：专业不限
2022,三支一扶,2022安徽三支一扶招募,区水利局,8004 区水利局,大专及以上,水利工程与管理类（大专），水利类（本科）,,笔试+面试,,,招募类别：支农；服务单位：乡镇水利站；招聘人数：5,安徽 滁州市南谯区,https://www.xduim.com/zw/szyf,,专业：水利工程与管理类（大专），水利类（本科）
2022,三支一扶,2022安徽三支一扶招募,区农业农村局,8005 区农业农村局,大专及以上,农业类（大专），农业工程类、植物生产类（本科）,,笔试+面试,,,招募类别：支农；服务单位：乡镇农业综合服务中心；招聘人数：2,安徽 滁州市南谯区,https://www.xduim.com/zw/szyf,,专业：农业类（大专），农业工程类、植物生产类（本科）
2022,三支一扶,2022安徽三支一扶招募,区辖乡镇,8006 区辖乡镇,大专及以上,不限,,笔试+面试,,,招募类别：乡村振兴协理；服务单位：乡镇政府；招聘人数：3,安徽 滁州市南谯区,https://www.xduim.com/zw/szyf,,专业：不限
2022,三支一扶,2022安徽三支一扶招募,区卫健委,8007 区卫健委,大专及以上,临床医学类（大专），临床医学类、中医学类（本科）,,笔试+面试,,,招募类别：支医；服务单位：乡镇卫生院；招聘人数：3,安徽 滁州市南谯区,https://www.xduim.com/zw/szyf,,专业：临床医学类（大专），临床医学类、中医学类（本科）
2022,三支一扶,2022安徽三支一扶招募,区卫健委,8008 区卫健委,大专及以上,护理类（大专），护理学类（本科）,,笔试+面试,,,招募类别：支医；服务单位：章广镇卫生院皇甫分院；招聘人数：1,安徽 滁州市南谯区,https://www.xduim.com/zw/szyf,,专业：护理类（大专），护理学类（本科）
2022,三支一扶,2022安徽三支一扶招募,区卫健委,8009 区卫健委,大专及以上,医学技术类,,笔试+面试,,,招募类别：支医；服务单位：沙河镇卫生院；招聘人数：1,安徽 滁州市南谯区,https://www.xduim.com/zw/szyf,,专业：医学技术类
2023,三支一扶,2023安徽三支一扶招募,区卫健委,8005 区卫健委,大专及以上,临床医学类（大专）；临床医学类、中医学类（本科）；医学门类（研究生）,,笔试+面试,,,招募类别：支医；服务单位：乡镇卫生院；招聘人数：2；报名人数：28；合格人数：16；缴费人数：12,安徽 滁州市南谯区,https://www.xduim.com/zw/szyf,,专业：临床医学类（大专）；临床医学类、中医学类（本科）；医学门类（研究生）
2023,三支一扶,2023安徽三支一扶招募,区卫健委,8006 区卫健委,大专及以上,护理类（大专）；护理学类（本科）；医学门类（研究生）,,笔试+面试,,,招募类别：支医；服务单位：乡镇卫生院；招聘人数：2；报名人数：105；合格人数：64；缴费人数：36,安徽 滁州市南谯区,https://www.xduim.com/zw/szyf,,专业：护理类（大专）；护理学类（本科）；医学门类（研究生）
2024,三支一扶,2024安徽三支一扶招募,区卫健委,8145 区卫健委,大专及以上,大专：5205医学技术类； 大学本科：1010医学技术类； 研究生：1058医学技术（专业学位硕士）。,,笔试+面试,,,招募类别：支医；服务单位：乡镇卫生院；招聘人数：2；报名人数：90；合格人数：65；缴费人数：43,安徽 滁州市南谯区,https://www.xduim.com/zw/szyf,,专业：大专：5205医学技术类； 大学本科：1010医学技术类； 研究生：1058医学技术（专业学位硕士）。
2025,三支一扶,2025安徽三支一扶招募,沙河镇,8136 沙河镇,大专及以上,大专：5804法律实务类、5805法律执行类。 本科：0301法学类。 研究生：0301法学、0351法律。,,笔试+面试,,,招募类别：乡村振兴协理-法律；服务单位：沙河镇综合行政执法大队；招聘人数：1；报名人数：29；合格人数：22；缴费人数：12,安徽 滁州市南谯区,https://www.xduim.com/zw/szyf,,专业：大专：5804法律实务类、5805法律执行类。 本科：0301法学类。 研究生：0301法学、0351法律。
2025,三支一扶,2025安徽三支一扶招募,腰铺镇,8137 腰铺镇,大专及以上,大专：4101农业类。 本科：0901植物生产类。 研究生：0904植物保护、0951农业。,,笔试+面试,,,招募类别：支农-农技；服务单位：腰铺镇农业农村综合服务中心；招聘人数：1；报名人数：20；合格人数：15；缴费人数：6,安徽 滁州市南谯区,https://www.xduim.com/zw/szyf,,专业：大专：4101农业类。 本科：0901植物生产类。 研究生：0904植物保护、0951农业。
2022,三支一扶,2022安徽三支一扶招募,县辖乡镇,8011 县辖乡镇,大专及以上,不限,,笔试+面试,,,招募类别：基层人社平台；服务单位：乡镇人社所；招聘人数：5,安徽 滁州市定远县,https://www.xduim.com/zw/szyf,,专业：不限
2023,三支一扶,2023安徽三支一扶招募,县辖乡镇,8008 县辖乡镇,大专及以上,不限,,笔试+面试,,,招募类别：基层人社平台；服务单位：乡镇社保所；招聘人数：5；报名人数：528；合格人数：410；缴费人数：266,安徽 滁州市定远县,https://www.xduim.com/zw/szyf,,专业：不限
2024,三支一扶,2024安徽三支一扶招募,县辖乡镇,8153 县辖乡镇,大专及以上,不限,,笔试+面试,,,招募类别：基层人社平台；服务单位：乡镇社保所；招聘人数：5；报名人数：597；合格人数：534；缴费人数：264,安徽 滁州市定远县,https://www.xduim.com/zw/szyf,,专业：不限
2025,三支一扶,2025安徽三支一扶招募,县辖乡镇,8146 县辖乡镇,大专及以上,专业不限,,笔试+面试,,,招募类别：基层人社平台；服务单位：乡镇社保所；招聘人数：5；报名人数：774；合格人数：669；缴费人数：404,安徽 滁州市定远县,https://www.xduim.com/zw/szyf,,专业：专业不限
2022,三支一扶,2022安徽三支一扶招募,县辖乡镇,8010 县辖乡镇,大专及以上,不限,,笔试+面试,,,招募类别：基层人社平台；服务单位：乡镇人社所；招聘人数：8,安徽 滁州市来安县,https://www.xduim.com/zw/szyf,,专业：不限
2023,三支一扶,2023安徽三支一扶招募,县辖乡镇,8007 县辖乡镇,大专及以上,不限,,笔试+面试,,,招募类别：基层人社平台；服务单位：乡镇社保所；招聘人数：8；报名人数：741；合格人数：573；缴费人数：343,安徽 滁州市来安县,https://www.xduim.com/zw/szyf,,专业：不限
2024,三支一扶,2024安徽三支一扶招募,县辖乡镇,8146 县辖乡镇,大专及以上,不限,,笔试+面试,,,招募类别：基层人社平台；服务单位：乡镇社保所；招聘人数：10；报名人数：1147；合格人数：994；缴费人数：500,安徽 滁州市来安县,https://www.xduim.com/zw/szyf,,专业：不限
2025,三支一扶,2025安徽三支一扶招募,县辖乡镇,8138 县辖乡镇,大专及以上,专业不限,,笔试+面试,,,招募类别：基层人社平台；服务单位：乡镇社保所；招聘人数：5；报名人数：641；合格人数：573；缴费人数：304,安徽 滁州市来安县,https://www.xduim.com/zw/szyf,,专业：专业不限
2025,三支一扶,2025安徽三支一扶招募,县辖乡镇,8139 县辖乡镇,大专及以上,专业不限,,笔试+面试,,,招募类别：乡村振兴协理；服务单位：乡镇政府；招聘人数：4；报名人数：516；合格人数：463；缴费人数：244,安徽 滁州市来安县,https://www.xduim.com/zw/szyf,,专业：专业不限
2022,三支一扶,2022安徽三支一扶招募,区辖街道,8001 区辖街道,大专及以上,不限,,笔试+面试,,,招募类别：青年工作；服务单位：街道办事处；招聘人数：5,安徽 滁州市琅琊区,https://www.xduim.com/zw/szyf,,专业：不限
2022,三支一扶,2022安徽三支一扶招募,区辖街道,8002 区辖街道,大专及以上,建筑设计类、城乡规划与管理类、土建施工类（大专），地理科学类、力学类、土木类、建筑类（本科），地理学、力学、建筑学、土木工程（研究生），建筑学、城市规划（专业学位硕士）,,笔试+面试,,,招募类别：乡村振兴协理；服务单位：街道办事处；招聘人数：4,安徽 滁州市琅琊区,https://www.xduim.com/zw/szyf,,专业：建筑设计类、城乡规划与管理类、土建施工类（大专），地理科学类、力学类、土木类、建筑类（本科），地理学、力学、建筑学、土木工程（研究生），建筑学、城市规划（专业学位硕士）
2022,三支一扶,2022安徽三支一扶招募,区辖街道,8003 区辖街道,大专及以上,法律实务类、法律执行类（大专），法学类（本科），法学（研究生），法律（专业学位硕士）,,笔试+面试,,,招募类别：乡村振兴协理；服务单位：街道办事处；招聘人数：6,安徽 滁州市琅琊区,https://www.xduim.com/zw/szyf,,专业：法律实务类、法律执行类（大专），法学类（本科），法学（研究生），法律（专业学位硕士）
2023,三支一扶,2023安徽三支一扶招募,区辖街道,8001 区辖街道,大专及以上,建筑设计类、城乡规划与管理类、土建施工类（大专）；地理科学类、力学类、土木类、建筑类（本科）；地理学、力学、建筑学、土木工程、城乡规划学（一级学科），建筑、城乡规划（专业学位硕士）（研究生）,,笔试+面试,,,招募类别：乡村振兴协理；服务单位：街道办事处；招聘人数：3；报名人数：113；合格人数：85；缴费人数：58,安徽 滁州市琅琊区,https://www.xduim.com/zw/szyf,,专业：建筑设计类、城乡规划与管理类、土建施工类（大专）；地理科学类、力学类、土木类、建筑类（本科）；地理学、力学、建筑学、土木工程、城乡规划学（一级学科），建筑、城乡规划（专业学位硕士）（研究生）
2023,三支一扶,2023安徽三支一扶招募,区辖街道,8002 区辖街道,大专及以上,法律实务类、法律执行类（大专）；法学类（本科）；法学（一级学科），法律（专业硕士学位）（研究生）,,笔试+面试,,,招募类别：乡村振兴协理；服务单位：街道办事处；招聘人数：3；报名人数：130；合格人数：100；缴费人数：50,安徽 滁州市琅琊区,https://www.xduim.com/zw/szyf,,专业：法律实务类、法律执行类（大专）；法学类（本科）；法学（一级学科），法律（专业硕士学位）（研究生）
2023,三支一扶,2023安徽三支一扶招募,区辖街道,8003 区辖街道,大专及以上,不限,,笔试+面试,,,招募类别：基层人社平台；服务单位：街道办事处；招聘人数：3；报名人数：461；合格人数：380；缴费人数：231,安徽 滁州市琅琊区,https://www.xduim.com/zw/szyf,,专业：不限
2023,三支一扶,2023安徽三支一扶招募,区辖街道,8004 区辖街道,大专及以上,不限,,笔试+面试,,,招募类别：青年工作；服务单位：街道办事处；招聘人数：3；报名人数：501；合格人数：395；缴费人数：216,安徽 滁州市琅琊区,https://www.xduim.com/zw/szyf,,专业：不限
2024,三支一扶,2024安徽三支一扶招募,区辖街道,8143 区辖街道,大专及以上,大专：5804法律实务类、5805法律执行类； 大学本科：0301法学类； 研究生：0301法学、0351法律。,,笔试+面试,,,招募类别：乡村振兴协理；服务单位：街道办事处；招聘人数：2；报名人数：102；合格人数：80；缴费人数：38,安徽 滁州市琅琊区,https://www.xduim.com/zw/szyf,,专业：大专：5804法律实务类、5805法律执行类； 大学本科：0301法学类； 研究生：0301法学、0351法律。
2024,三支一扶,2024安徽三支一扶招募,区辖街道,8144 区辖街道,大专及以上,大专：4401建筑设计类、4402城乡规划与管理类、4403土建施工类； 大学本科：0705地理科学类、0801力学类、0810土木类、0828建筑类； 研究生：0705地理学、0801力学、0813建筑学、0814土木工程、0851建筑、0853城乡规划。,,笔试+面试,,,招募类别：乡村振兴协理；服务单位：街道办事处；招聘人数：4；报名人数：145；合格人数：118；缴费人数：53,安徽 滁州市琅琊区,https://www.xduim.com/zw/szyf,,专业：大专：4401建筑设计类、4402城乡规划与管理类、4403土建施工类； 大学本科：0705地理科学类、0801力学类、0810土木类、0828建筑类； 研究生：0705地理学、0801力学、0813建筑学、0814土木工程、0851建筑、0853城乡规划。
2025,三支一扶,2025安徽三支一扶招募,区辖街道,8134 区辖街道,大专及以上,大专：5804法律实务类、5805法律执行类； 本科：0301法学类； 研究生：0301法学、0351法律。,,笔试+面试,,,招募类别：乡村振兴协理-法律；服务单位：街道办事处；招聘人数：2；报名人数：80；合格人数：69；缴费人数：38,安徽 滁州市琅琊区,https://www.xduim.com/zw/szyf,,专业：大专：5804法律实务类、5805法律执行类； 本科：0301法学类； 研究生：0301法学、0351法律。
2025,三支一扶,2025安徽三支一扶招募,区辖街道,8135 区辖街道,大专及以上,大专：4401建筑设计类、4402城乡规划与管理类、4403土建施工类； 本科：0705地理科学类、0801力学类、0810土木类、0828建筑类； 研究生：0705地理学、0801力学、0813建筑学、0814土木工程、0833城乡规划学、0851建筑、0853城乡规划。,,笔试+面试,,,招募类别：乡村振兴协理-建规；服务单位：街道办事处；招聘人数：3；报名人数：143；合格人数：117；缴费人数：70,安徽 滁州市琅琊区,https://www.xduim.com/zw/szyf,,专业：大专：4401建筑设计类、4402城乡规划与管理类、4403土建施工类； 本科：0705地理科学类、0801力学类、0810土木类、0828建筑类； 研究生：0705地理学、0801力学、0813建筑学、0814土木工程、0833城乡规划学、0851建筑、0853城乡规划。
2022,三支一扶,2022安徽三支一扶招募,省水利厅,30004 省水利厅,大专及以上,机电一体化技术、水利机电设备运行与管理、电气自动化技术（大专），自动化、电气工程及其自动化、机械工程（本科）,,笔试+面试,,,招募类别：支农；服务单位：省长江河道管理局；招聘人数：1,安徽 省直大观区,https://www.xduim.com/zw/szyf,,专业：机电一体化技术、水利机电设备运行与管理、电气自动化技术（大专），自动化、电气工程及其自动化、机械工程（本科）
2023,三支一扶,2023安徽三支一扶招募,省水利厅,30001 省水利厅,大专及以上,水利工程与管理类（大专）；水利类（本科）；水利工程（一级学科）（研究生）,,笔试+面试,,,招募类别：支农；服务单位：省长江河道管理局；招聘人数：3；报名人数：33；合格人数：14；缴费人数：7,安徽 省直安庆市宿松县,https://www.xduim.com/zw/szyf,,专业：水利工程与管理类（大专）；水利类（本科）；水利工程（一级学科）（研究生）
2025,三支一扶,2025安徽三支一扶招募,安徽省水利厅,30001 安徽省水利厅,大专及以上,大专：45水利大类； 本科：0811水利类； 研究生：0815水利工程、0859土木水利。,,笔试+面试,,,招募类别：支农-水利；服务单位：安徽省长江河道管理局；招聘人数：2；报名人数：64；合格人数：43；缴费人数：23,安徽 省直安庆市望江县,https://www.xduim.com/zw/szyf,,专业：大专：45水利大类； 本科：0811水利类； 研究生：0815水利工程、0859土木水利。
2022,三支一扶,2022安徽三支一扶招募,省水利厅,30002 省水利厅,大专及以上,水利工程、水利水电工程管理、水利水电工程技术（大专），水利水电工程、水文与水资源工程、水务工程（本科）,,笔试+面试,,,招募类别：支农；服务单位：省长江河道管理局；招聘人数：2,安徽 省直宿松县,https://www.xduim.com/zw/szyf,,专业：水利工程、水利水电工程管理、水利水电工程技术（大专），水利水电工程、水文与水资源工程、水务工程（本科）
2022,三支一扶,2022安徽三支一扶招募,省水利厅,30001 省水利厅,大专及以上,机电一体化技术、水利机电设备运行与管理、电气自动化技术（大专），自动化、电气工程及其自动化、机械设计制造及其自动化（本科）,,笔试+面试,,,招募类别：支农；服务单位：省茨淮新河工程管理局；招聘人数：1,安徽 省直怀远县,https://www.xduim.com/zw/szyf,,专业：机电一体化技术、水利机电设备运行与管理、电气自动化技术（大专），自动化、电气工程及其自动化、机械设计制造及其自动化（本科）
2023,三支一扶,2023安徽三支一扶招募,省水利厅,30002 省水利厅,大专及以上,工程造价专业、水利水电建筑工程专业（大专）；工程造价专业、给排水科学与工程专业、水利水电工程专业（本科）；水利工程（一级学科）（研究生）,,笔试+面试,,,招募类别：支农；服务单位：省茨淮新河工程管理局；招聘人数：1；报名人数：72；合格人数：41；缴费人数：22,安徽 省直蚌埠市怀远县,https://www.xduim.com/zw/szyf,,专业：工程造价专业、水利水电建筑工程专业（大专）；工程造价专业、给排水科学与工程专业、水利水电工程专业（本科）；水利工程（一级学科）（研究生）
2022,三支一扶,2022安徽三支一扶招募,省水利厅,30005 省水利厅,大专及以上,水利工程、水利水电工程管理、水利水电工程技术（大专），水利水电工程、水文与水资源工程、水务工程（本科）,,笔试+面试,,,招募类别：支农；服务单位：省长江河道管理局；招聘人数：2,安徽 省直无为市,https://www.xduim.com/zw/szyf,,专业：水利工程、水利水电工程管理、水利水电工程技术（大专），水利水电工程、水文与水资源工程、水务工程（本科）
2022,三支一扶,2022安徽三支一扶招募,省水利厅,30003 省水利厅,大专及以上,水利工程、水利水电工程管理、水利水电工程技术（大专），水利水电工程、水文与水资源工程、水务工程（本科）,,笔试+面试,,,招募类别：支农；服务单位：省长江河道管理局；招聘人数：1,安徽 省直望江县,https://www.xduim.com/zw/szyf,,专业：水利工程、水利水电工程管理、水利水电工程技术（大专），水利水电工程、水文与水资源工程、水务工程（本科）
2024,三支一扶,2024安徽三支一扶招募,安徽省 水利厅,30001 安徽省 水利厅,大专及以上,大专：4502水利工程与管理类； 本科：081101水利水电工程； 研究生：081504水利水电工程。,,笔试+面试,,,招募类别：支农；服务单位：安徽省淮河河道管理局；招聘人数：2；报名人数：54；合格人数：29；缴费人数：16,安徽 省直蚌埠五河县,https://www.xduim.com/zw/szyf,,专业：大专：4502水利工程与管理类； 本科：081101水利水电工程； 研究生：081504水利水电工程。
2022,三支一扶,2022安徽三支一扶招募,县卫健委,12002 县卫健委,大专及以上,临床医学、预防医学、医学检验技术（大专），临床医学、预防医学、医学检验技术（本科）,,笔试+面试,,,招募类别：支医；服务单位：镇卫生院；招聘人数：3,安徽 芜湖市南陵县,https://www.xduim.com/zw/szyf,,专业：临床医学、预防医学、医学检验技术（大专），临床医学、预防医学、医学检验技术（本科）
2022,三支一扶,2022安徽三支一扶招募,县教育局,12003 县教育局,大专及以上,不限,,笔试+面试,,,招募类别：支教；服务单位：基层初中；招聘人数：6,安徽 芜湖市南陵县,https://www.xduim.com/zw/szyf,,专业：不限
2022,三支一扶,2022安徽三支一扶招募,县教育局,12004 县教育局,大专及以上,不限,,笔试+面试,,,招募类别：支教；服务单位：基层小学；招聘人数：6,安徽 芜湖市南陵县,https://www.xduim.com/zw/szyf,,专业：不限
2024,三支一扶,2024安徽三支一扶招募,南陵县县辖乡镇,12195 南陵县县辖乡镇,大专及以上,不限,,笔试+面试,,,招募类别：基层人社平台；服务单位：南陵县县辖乡镇；招聘人数：5；报名人数：735；合格人数：527；缴费人数：283,安徽 芜湖市南陵县,https://www.xduim.com/zw/szyf,,专业：不限
2024,三支一扶,2024安徽三支一扶招募,南陵县教育局,12196 南陵县教育局,本科及以上,不限,,笔试+面试,,,招募类别：支教；服务单位：基层小学；招聘人数：2；报名人数：53；合格人数：43；缴费人数：26,安徽 芜湖市南陵县,https://www.xduim.com/zw/szyf,,专业：不限
2024,三支一扶,2024安徽三支一扶招募,南陵县教育局,12197 南陵县教育局,本科及以上,不限,,笔试+面试,,,招募类别：支教；服务单位：基层小学；招聘人数：2；报名人数：68；合格人数：56；缴费人数：32,安徽 芜湖市南陵县,https://www.xduim.com/zw/szyf,,专业：不限
2024,三支一扶,2024安徽三支一扶招募,南陵县教育局,12198 南陵县教育局,本科及以上,不限,,笔试+面试,,,招募类别：支教；服务单位：基层小学；招聘人数：2；报名人数：102；合格人数：92；缴费人数：50,安徽 芜湖市南陵县,https://www.xduim.com/zw/szyf,,专业：不限
2025,三支一扶,2025安徽三支一扶招募,南陵县教育局,12201 南陵县教育局,本科及以上,专业不限,,笔试+面试,,,招募类别：支教；服务单位：基层小学；招聘人数：1；报名人数：37；合格人数：12；缴费人数：4,安徽 芜湖市南陵县,https://www.xduim.com/zw/szyf,,专业：专业不限
2025,三支一扶,2025安徽三支一扶招募,南陵县教育局,12202 南陵县教育局,本科及以上,专业不限,,笔试+面试,,,招募类别：支教；服务单位：基层初中；招聘人数：1；报名人数：42；合格人数：32；缴费人数：16,安徽 芜湖市南陵县,https://www.xduim.com/zw/szyf,,专业：专业不限
2025,三支一扶,2025安徽三支一扶招募,南陵县教育局,12203 南陵县教育局,本科及以上,专业不限,,笔试+面试,,,招募类别：支教；服务单位：基层初中；招聘人数：2；报名人数：88；合格人数：71；缴费人数：47,安徽 芜湖市南陵县,https://www.xduim.com/zw/szyf,,专业：专业不限
2025,三支一扶,2025安徽三支一扶招募,南陵县教育局,12204 南陵县教育局,本科及以上,专业不限,,笔试+面试,,,招募类别：支教；服务单位：基层初中；招聘人数：4；报名人数：97；合格人数：86；缴费人数：44,安徽 芜湖市南陵县,https://www.xduim.com/zw/szyf,,专业：专业不限
2025,三支一扶,2025安徽三支一扶招募,南陵县教育局,12205 南陵县教育局,本科及以上,专业不限,,笔试+面试,,,招募类别：支教；服务单位：基层初中；招聘人数：2；报名人数：135；合格人数：119；缴费人数：83,安徽 芜湖市南陵县,https://www.xduim.com/zw/szyf,,专业：专业不限
2022,三支一扶,2022安徽三支一扶招募,市卫健委,12001 市卫健委,大专及以上,临床医学、中医学、护理、药学（大专），临床医学、中医学、护理学、药学（本科）,,笔试+面试,,,招募类别：支医；服务单位：镇卫生院；招聘人数：10,安徽 芜湖市无为市,https://www.xduim.com/zw/szyf,,专业：临床医学、中医学、护理、药学（大专），临床医学、中医学、护理学、药学（本科）
2023,三支一扶,2023安徽三支一扶招募,市农业农村局,12001 市农业农村局,大专及以上,农业类、畜牧业类、渔业类（大专）；农业工程类、植物生产类、动物医学类、动物生产类、水产类（本科）；作物学、农业资源与环境、植物保护、畜牧学、水产（一级学科），农业（专业学位硕士）（研究生）,,笔试+面试,,,招募类别：支农；服务单位：镇农业服务中心；招聘人数：5；报名人数：49；合格人数：32；缴费人数：17,安徽 芜湖市无为市,https://www.xduim.com/zw/szyf,,专业：农业类、畜牧业类、渔业类（大专）；农业工程类、植物生产类、动物医学类、动物生产类、水产类（本科）；作物学、农业资源与环境、植物保护、畜牧学、水产（一级学科），农业（专业学位硕士）（研究生）
2024,三支一扶,2024安徽三支一扶招募,无为市农业农村局,12191 无为市农业农村局,大专及以上,大专：4101农业类、4103畜牧业类、4104渔业类； 大学本科：0901植物生产类； 研究生：0901作物学、0903农业资源与环境、0904植物保护。,,笔试+面试,,,招募类别：支农；服务单位：泥汊镇农业服务中心；招聘人数：1；报名人数：16；合格人数：9；缴费人数：5,安徽 芜湖市无为市,https://www.xduim.com/zw/szyf,,专业：大专：4101农业类、4103畜牧业类、4104渔业类； 大学本科：0901植物生产类； 研究生：0901作物学、0903农业资源与环境、0904植物保护。
2024,三支一扶,2024安徽三支一扶招募,无为市卫健委,12192 无为市卫健委,大专及以上,大专：5201临床医学类； 大学本科：1002临床医学类； 研究生：1002临床医学、1051临床医学。,,笔试+面试,,,招募类别：支医；服务单位：镇卫生院；招聘人数：2；报名人数：21；合格人数：12；缴费人数：7,安徽 芜湖市无为市,https://www.xduim.com/zw/szyf,,专业：大专：5201临床医学类； 大学本科：1002临床医学类； 研究生：1002临床医学、1051临床医学。
2024,三支一扶,2024安徽三支一扶招募,无为市卫健委,12193 无为市卫健委,大专及以上,大专：5203药学类； 大学本科：1007药学类； 研究生：1007药学、1055药学。,,笔试+面试,,,招募类别：支医；服务单位：镇卫生院；招聘人数：1；报名人数：37；合格人数：26；缴费人数：12,安徽 芜湖市无为市,https://www.xduim.com/zw/szyf,,专业：大专：5203药学类； 大学本科：1007药学类； 研究生：1007药学、1055药学。
2024,三支一扶,2024安徽三支一扶招募,无为市卫健委,12194 无为市卫健委,大专及以上,大专：5204中医药类； 大学本科：1005中医学类； 研究生：1005中医学。,,笔试+面试,,,招募类别：支医；服务单位：镇卫生院；招聘人数：1；报名人数：25；合格人数：17；缴费人数：8,安徽 芜湖市无为市,https://www.xduim.com/zw/szyf,,专业：大专：5204中医药类； 大学本科：1005中医学类； 研究生：1005中医学。
2025,三支一扶,2025安徽三支一扶招募,无为市辖乡镇,12197 无为市辖乡镇,大专及以上,专业不限,,笔试+面试,,,招募类别：基层人社平台；服务单位：镇便民服务中心；招聘人数：4；报名人数：595；合格人数：414；缴费人数：278,安徽 芜湖市无为市,https://www.xduim.com/zw/szyf,,专业：专业不限
2025,三支一扶,2025安徽三支一扶招募,无为市卫健委,12198 无为市卫健委,大专及以上,大专：5202护理类； 本科：1011护理学类； 研究生：1011护理学、1054护理。,,笔试+面试,,,招募类别：支医；服务单位：福渡镇卫生院；招聘人数：1；报名人数：110；合格人数：67；缴费人数：41,安徽 芜湖市无为市,https://www.xduim.com/zw/szyf,,专业：大专：5202护理类； 本科：1011护理学类； 研究生：1011护理学、1054护理。
2025,三支一扶,2025安徽三支一扶招募,无为市卫健委,12199 无为市卫健委,大专及以上,大专：5201临床医学类； 本科：1002临床医学类； 研究生：1002临床医学、1051临床医学。,,笔试+面试,,,招募类别：支医；服务单位：陡沟镇中心卫生院；招聘人数：1；报名人数：33；合格人数：23；缴费人数：21,安徽 芜湖市无为市,https://www.xduim.com/zw/szyf,,专业：大专：5201临床医学类； 本科：1002临床医学类； 研究生：1002临床医学、1051临床医学。
2023,三支一扶,2023安徽三支一扶招募,区农业农村局,12002 区农业农村局,大专及以上,农业类（大专）；农学门类（本科）；农学门类（研究生）,,笔试+面试,,,招募类别：支农；服务单位：镇农业综合服务中心；招聘人数：3；报名人数：37；合格人数：32；缴费人数：15,安徽 芜湖市湾沚区,https://www.xduim.com/zw/szyf,,专业：农业类（大专）；农学门类（本科）；农学门类（研究生）
2023,三支一扶,2023安徽三支一扶招募,区水务局,12003 区水务局,大专及以上,水利工程与管理类（大专）；水利类（本科）；水利工程（一级学科）、土木水利（专业学位硕士）（研究生）,,笔试+面试,,,招募类别：支农；服务单位：镇农业综合服务中心；招聘人数：2；报名人数：21；合格人数：14；缴费人数：4,安徽 芜湖市湾沚区,https://www.xduim.com/zw/szyf,,专业：水利工程与管理类（大专）；水利类（本科）；水利工程（一级学科）、土木水利（专业学位硕士）（研究生）
2025,三支一扶,2025安徽三支一扶招募,湾沚区辖乡镇,12200 湾沚区辖乡镇,大专及以上,专业不限,,笔试+面试,,,招募类别：基层人社平台；服务单位：湾沚区乡镇政府；招聘人数：5；报名人数：915；合格人数：838；缴费人数：475,安徽 芜湖市湾沚区,https://www.xduim.com/zw/szyf,,专业：专业不限
2022,三支一扶,2022安徽三支一扶招募,区辖乡镇,12005 区辖乡镇,大专及以上,建筑设计类、城乡规划与管理类、土建施工类（大专），地理科学类、力学类、土木类、建筑类（本科），地理学、力学、建筑学、土木工程（研究生），建筑学、城市规划（专业硕士）,,笔试+面试,,,招募类别：乡村振兴协理；服务单位：镇人民政府；招聘人数：4,安徽 芜湖市繁昌区,https://www.xduim.com/zw/szyf,,专业：建筑设计类、城乡规划与管理类、土建施工类（大专），地理科学类、力学类、土木类、建筑类（本科），地理学、力学、建筑学、土木工程（研究生），建筑学、城市规划（专业硕士）
2022,三支一扶,2022安徽三支一扶招募,区辖乡镇,12006 区辖乡镇,大专及以上,水利工程、水务管理、水利水电工程管理（大专），土木类、建筑类、水利类（本科）,,笔试+面试,,,招募类别：支农；服务单位：繁阳镇人民政府；招聘人数：1,安徽 芜湖市繁昌区,https://www.xduim.com/zw/szyf,,专业：水利工程、水务管理、水利水电工程管理（大专），土木类、建筑类、水利类（本科）
2022,三支一扶,2022安徽三支一扶招募,区辖乡镇,12007 区辖乡镇,大专及以上,林业技术、经济林培育与利用、林业调查与信息处理（大专），林学类、植物生产类、林业工程类（本科）,,笔试+面试,,,招募类别：支农；服务单位：荻港镇人民政府；招聘人数：1,安徽 芜湖市繁昌区,https://www.xduim.com/zw/szyf,,专业：林业技术、经济林培育与利用、林业调查与信息处理（大专），林学类、植物生产类、林业工程类（本科）
2022,三支一扶,2022安徽三支一扶招募,区辖乡镇,12008 区辖乡镇,大专及以上,现代农业技术、设施农业与装备、植物保护与检疫技术（大专），农学门类、农业工程类、土木类（本科）,,笔试+面试,,,招募类别：支农；服务单位：荻港镇人民政府；招聘人数：1,安徽 芜湖市繁昌区,https://www.xduim.com/zw/szyf,,专业：现代农业技术、设施农业与装备、植物保护与检疫技术（大专），农学门类、农业工程类、土木类（本科）
2022,三支一扶,2022安徽三支一扶招募,区农业农村局,12009 区农业农村局,大专及以上,畜牧业经济管理、畜牧工程技术、实验动物技术（大专），动物医学类、农业工程类、动物生产类（本科）,,笔试+面试,,,招募类别：支农；服务单位：区畜牧兽医管理中心；招聘人数：2,安徽 芜湖市繁昌区,https://www.xduim.com/zw/szyf,,专业：畜牧业经济管理、畜牧工程技术、实验动物技术（大专），动物医学类、农业工程类、动物生产类（本科）
2022,三支一扶,2022安徽三支一扶招募,区卫健委,12010 区卫健委,大专及以上,临床医学、口腔医学、预防医学（大专），临床医学、口腔医学、预防医学（本科）,,笔试+面试,,,招募类别：支医；服务单位：荻港镇中心卫生院；招聘人数：2,安徽 芜湖市繁昌区,https://www.xduim.com/zw/szyf,,专业：临床医学、口腔医学、预防医学（大专），临床医学、口腔医学、预防医学（本科）
2022,三支一扶,2022安徽三支一扶招募,区卫健委,12011 区卫健委,大专及以上,针灸推拿、中医学、中医骨伤（大专），针灸推拿学、中医学、中医骨伤科学（本科）,,笔试+面试,,,招募类别：支医；服务单位：荻港镇中心卫生院；招聘人数：3,安徽 芜湖市繁昌区,https://www.xduim.com/zw/szyf,,专业：针灸推拿、中医学、中医骨伤（大专），针灸推拿学、中医学、中医骨伤科学（本科）
2022,三支一扶,2022安徽三支一扶招募,县辖乡镇,5004 县辖乡镇,大专及以上,水利大类（大专），水利类（本科）,,笔试+面试,,,招募类别：支农；服务单位：乡镇政府；招聘人数：2,安徽 蚌埠市五河县,https://www.xduim.com/zw/szyf,,专业：水利大类（大专），水利类（本科）
2022,三支一扶,2022安徽三支一扶招募,县辖乡镇,5005 县辖乡镇,大专及以上,建筑设计类、城乡规划与管理类、土建施工类（大专），地理科学类、力学类、土木类、建筑类（本科），地理学、力学、建筑学、土木工程（研究生），建筑学、城市规划（专业学位硕士）,,笔试+面试,,,招募类别：乡村振兴协理；服务单位：乡镇政府；招聘人数：2,安徽 蚌埠市五河县,https://www.xduim.com/zw/szyf,,专业：建筑设计类、城乡规划与管理类、土建施工类（大专），地理科学类、力学类、土木类、建筑类（本科），地理学、力学、建筑学、土木工程（研究生），建筑学、城市规划（专业学位硕士）
2022,三支一扶,2022安徽三支一扶招募,县辖乡镇,5006 县辖乡镇,大专及以上,农林牧渔大类（大专），农学（本科）,,笔试+面试,,,招募类别：支农；服务单位：乡镇政府；招聘人数：2,安徽 蚌埠市五河县,https://www.xduim.com/zw/szyf,,专业：农林牧渔大类（大专），农学（本科）
2023,三支一扶,2023安徽三支一扶招募,县卫健委,5001 县卫健委,大专及以上,医学检验技术专业（大专）；医学检验技术专业（本科）；临床检验诊断学（二级学科）（研究生）,,笔试+面试,,,招募类别：支医；服务单位：乡镇卫生院；招聘人数：2；报名人数：71；合格人数：54；缴费人数：35,安徽 蚌埠市五河县,https://www.xduim.com/zw/szyf,,专业：医学检验技术专业（大专）；医学检验技术专业（本科）；临床检验诊断学（二级学科）（研究生）
2023,三支一扶,2023安徽三支一扶招募,县卫健委,5002 县卫健委,大专及以上,口腔医学专业（大专）；口腔医学专业（本科）；口腔医学（一级学科），口腔医学（专业学位硕士）（研究生）,,笔试+面试,,,招募类别：支医；服务单位：乡镇卫生院；招聘人数：3；报名人数：12；合格人数：11；缴费人数：7,安徽 蚌埠市五河县,https://www.xduim.com/zw/szyf,,专业：口腔医学专业（大专）；口腔医学专业（本科）；口腔医学（一级学科），口腔医学（专业学位硕士）（研究生）
2023,三支一扶,2023安徽三支一扶招募,县卫健委,5003 县卫健委,大专及以上,中医学专业（大专）；中医学专业、中西医临床医学专业（本科）；中医学、中西医结合（一级学科），中医（专业学位硕士）（研究生）,,笔试+面试,,,招募类别：支医；服务单位：乡镇卫生院；招聘人数：2；报名人数：18；合格人数：13；缴费人数：8,安徽 蚌埠市五河县,https://www.xduim.com/zw/szyf,,专业：中医学专业（大专）；中医学专业、中西医临床医学专业（本科）；中医学、中西医结合（一级学科），中医（专业学位硕士）（研究生）
2023,三支一扶,2023安徽三支一扶招募,县卫健委,5004 县卫健委,大专及以上,口腔医学专业、临床医学专业（大专）；口腔医学专业、临床医学专业（本科）；口腔医学、临床医学（一级学科），口腔医学、临床医学（专业学位硕士）（研究生）,,笔试+面试,,,招募类别：支医；服务单位：沱湖乡卫生院；招聘人数：1；报名人数：9；合格人数：6；缴费人数：3,安徽 蚌埠市五河县,https://www.xduim.com/zw/szyf,,专业：口腔医学专业、临床医学专业（大专）；口腔医学专业、临床医学专业（本科）；口腔医学、临床医学（一级学科），口腔医学、临床医学（专业学位硕士）（研究生）
2023,三支一扶,2023安徽三支一扶招募,县卫健委,5005 县卫健委,大专及以上,临床医学专业（大专） ；临床医学专业（本科）；临床医学（一级学科），临床医学（专业学位硕士）（研究生）,,笔试+面试,,,招募类别：支医；服务单位：小圩镇卫生院；招聘人数：1；报名人数：10；合格人数：5；缴费人数：4,安徽 蚌埠市五河县,https://www.xduim.com/zw/szyf,,专业：临床医学专业（大专） ；临床医学专业（本科）；临床医学（一级学科），临床医学（专业学位硕士）（研究生）
2023,三支一扶,2023安徽三支一扶招募,县卫健委,5006 县卫健委,大专及以上,预防医学专业、公共卫生管理专业（大专）；公共卫生与预防医学类（本科）；公共卫生与预防医学（一级学科）（研究生）,,笔试+面试,,,招募类别：支医；服务单位：新集镇卫生院；招聘人数：1；报名人数：9；合格人数：8；缴费人数：4,安徽 蚌埠市五河县,https://www.xduim.com/zw/szyf,,专业：预防医学专业、公共卫生管理专业（大专）；公共卫生与预防医学类（本科）；公共卫生与预防医学（一级学科）（研究生）
2024,三支一扶,2024安徽三支一扶招募,五河县教体局,5076 五河县教体局,大专及以上,不限,,笔试+面试,,,招募类别：支教；服务单位：乡镇中心小学；招聘人数：4；报名人数：221；合格人数：169；缴费人数：119,安徽 蚌埠市五河县,https://www.xduim.com/zw/szyf,,专业：不限
2024,三支一扶,2024安徽三支一扶招募,五河县教体局,5077 五河县教体局,本科及以上,大学本科：050101汉语言文学； 研究生：0501中国语言文学。,,笔试+面试,,,招募类别：支教；服务单位：乡镇中学；招聘人数：2；报名人数：55；合格人数：20；缴费人数：11,安徽 蚌埠市五河县,https://www.xduim.com/zw/szyf,,专业：大学本科：050101汉语言文学； 研究生：0501中国语言文学。
2025,三支一扶,2025安徽三支一扶招募,五河县卫健委,5078 五河县卫健委,大专及以上,专科：520101K临床医学， 本科：100201K临床医学， 研究生：1002临床医学、1051临床医学。,,笔试+面试,,,招募类别：支医；服务单位：基层卫生院；招聘人数：5；报名人数：76；合格人数：62；缴费人数：41,安徽 蚌埠市五河县,https://www.xduim.com/zw/szyf,,专业：专科：520101K临床医学， 本科：100201K临床医学， 研究生：1002临床医学、1051临床医学。
2025,三支一扶,2025安徽三支一扶招募,五河县卫健委,5079 五河县卫健委,大专及以上,专科：520102K口腔医学， 本科：100301K口腔医学， 研究生：1003、1052口腔医学。,,笔试+面试,,,招募类别：支医；服务单位：基层卫生院；招聘人数：2；报名人数：16；合格人数：13；缴费人数：9,安徽 蚌埠市五河县,https://www.xduim.com/zw/szyf,,专业：专科：520102K口腔医学， 本科：100301K口腔医学， 研究生：1003、1052口腔医学。
2023,三支一扶,2023安徽三支一扶招募,县教体局,5008 县教体局,大专及以上,不限,,笔试+面试,,,招募类别：支教；服务单位：乡镇基层学校；招聘人数：4；报名人数：266；合格人数：212；缴费人数：134,安徽 蚌埠市固镇县,https://www.xduim.com/zw/szyf,,专业：不限
2022,三支一扶,2022安徽三支一扶招募,县卫健委,5003 县卫健委,大专及以上,临床医学、中医学、护理学（本科），临床医学、中医学、护理学（大专）,,笔试+面试,,,招募类别：支医；服务单位：乡镇卫生院；招聘人数：11,安徽 蚌埠市固镇县,https://www.xduim.com/zw/szyf,,专业：临床医学、中医学、护理学（本科），临床医学、中医学、护理学（大专）
2024,三支一扶,2024安徽三支一扶招募,固镇县教体局,5078 固镇县教体局,大专及以上,不限,,笔试+面试,,,招募类别：支教；服务单位：乡镇中心小学；招聘人数：5；报名人数：206；合格人数：96；缴费人数：70,安徽 蚌埠市固镇县,https://www.xduim.com/zw/szyf,,专业：不限
2024,三支一扶,2024安徽三支一扶招募,乡镇政府,5079 乡镇政府,本科及以上,本科: 090101农学、090105种子科学与工程、090114T农药化肥、090401动物医学、090601水产养殖学； 研究生:09农学。,,笔试+面试,,,招募类别：支农；服务单位：乡镇经济发展服务中心；招聘人数：2；报名人数：31；合格人数：19；缴费人数：4,安徽 蚌埠市固镇县,https://www.xduim.com/zw/szyf,,专业：本科: 090101农学、090105种子科学与工程、090114T农药化肥、090401动物医学、090601水产养殖学； 研究生:09农学。
2025,三支一扶,2025安徽三支一扶招募,固镇县自然资源局,5080 固镇县自然资源局,本科及以上,本科：0905林学类， 研究生：0907林学、0954林业。,,笔试+面试,,,招募类别：支农-林业；服务单位：乡镇林业站；招聘人数：4；报名人数：21；合格人数：15；缴费人数：9,安徽 蚌埠市固镇县,https://www.xduim.com/zw/szyf,,专业：本科：0905林学类， 研究生：0907林学、0954林业。
2025,三支一扶,2025安徽三支一扶招募,固镇县农业农村局,5081 固镇县农业农村局,本科及以上,本科：09农学门类、0823农业工程类； 研究生：09农学门类、0828农业工程。,,笔试+面试,,,招募类别：支农-农技；服务单位：镇人民政府；招聘人数：3；报名人数：32；合格人数：23；缴费人数：16,安徽 蚌埠市固镇县,https://www.xduim.com/zw/szyf,,专业：本科：09农学门类、0823农业工程类； 研究生：09农学门类、0828农业工程。
2023,三支一扶,2023安徽三支一扶招募,县教体局,5007 县教体局,大专及以上,不限,,笔试+面试,,,招募类别：支教；服务单位：乡镇基层学校；招聘人数：5；报名人数：299；合格人数：231；缴费人数：142,安徽 蚌埠市怀远县,https://www.xduim.com/zw/szyf,,专业：不限
2022,三支一扶,2022安徽三支一扶招募,县辖乡镇,5001 县辖乡镇,大专及以上,不限,,笔试+面试,,,招募类别：乡村振兴协理；服务单位：乡镇政府；招聘人数：6,安徽 蚌埠市怀远县,https://www.xduim.com/zw/szyf,,专业：不限
2022,三支一扶,2022安徽三支一扶招募,县辖乡镇,5002 县辖乡镇,大专及以上,建筑设计类、城乡规划与管理类、土建施工类（大专），地理科学类、力学类、土木类、建筑类（本科），地理学、力学、建筑学、土木工程（研究生），建筑学、城市规划（专业学位硕士）,,笔试+面试,,,招募类别：乡村振兴协理；服务单位：乡镇政府；招聘人数：8,安徽 蚌埠市怀远县,https://www.xduim.com/zw/szyf,,专业：建筑设计类、城乡规划与管理类、土建施工类（大专），地理科学类、力学类、土木类、建筑类（本科），地理学、力学、建筑学、土木工程（研究生），建筑学、城市规划（专业学位硕士）
2024,三支一扶,2024安徽三支一扶招募,怀远县教体局,5075 怀远县教体局,大专及以上,不限,,笔试+面试,,,招募类别：支教；服务单位：乡镇中心学校；招聘人数：5；报名人数：285；合格人数：208；缴费人数：138,安徽 蚌埠市怀远县,https://www.xduim.com/zw/szyf,,专业：不限
2025,三支一扶,2025安徽三支一扶招募,怀远县农业农村局,5077 怀远县农业农村局,本科及以上,本科：09农学； 研究生：09农学。,,笔试+面试,,,招募类别：支农-农技；服务单位：镇农服务中心；招聘人数：8；报名人数：108；合格人数：94；缴费人数：60,安徽 蚌埠市怀远县,https://www.xduim.com/zw/szyf,,专业：本科：09农学； 研究生：09农学。
2022,三支一扶,2022安徽三支一扶招募,区教体局,5010 区教体局,大专及以上,不限,,笔试+面试,,,招募类别：支教；服务单位：沫河口镇三铺小学；招聘人数：1,安徽 蚌埠市淮上区,https://www.xduim.com/zw/szyf,,专业：不限
2022,三支一扶,2022安徽三支一扶招募,区教体局,5011 区教体局,大专及以上,不限,,笔试+面试,,,招募类别：支教；服务单位：沫河口镇三铺小学；招聘人数：1,安徽 蚌埠市淮上区,https://www.xduim.com/zw/szyf,,专业：不限
2024,三支一扶,2024安徽三支一扶招募,淮上区教育体育局,5080 淮上区教育体育局,大专及以上,不限,,笔试+面试,,,招募类别：支教；服务单位：基层学校；招聘人数：3；报名人数：110；合格人数：102；缴费人数：52,安徽 蚌埠市淮上区,https://www.xduim.com/zw/szyf,,专业：不限
2024,三支一扶,2024安徽三支一扶招募,淮上区教育体育局,5081 淮上区教育体育局,大专及以上,不限,,笔试+面试,,,招募类别：支教；服务单位：基层学校；招聘人数：5；报名人数：262；合格人数：237；缴费人数：127,安徽 蚌埠市淮上区,https://www.xduim.com/zw/szyf,,专业：不限
2024,三支一扶,2024安徽三支一扶招募,淮上区教育体育局,5082 淮上区教育体育局,大专及以上,不限,,笔试+面试,,,招募类别：支教；服务单位：基层学校；招聘人数：2；报名人数：71；合格人数：65；缴费人数：29,安徽 蚌埠市淮上区,https://www.xduim.com/zw/szyf,,专业：不限
2023,三支一扶,2023安徽三支一扶招募,区教体局,5009 区教体局,大专及以上,不限,,笔试+面试,,,招募类别：支教；服务单位：乡镇基层学校；招聘人数：3；报名人数：144；合格人数：116；缴费人数：70,安徽 蚌埠市淮上区,https://www.xduim.com/zw/szyf,,专业：不限
2023,三支一扶,2023安徽三支一扶招募,区教体局,5010 区教体局,大专及以上,不限,,笔试+面试,,,招募类别：支教；服务单位：沫河口镇曹顾张中学；招聘人数：1；报名人数：41；合格人数：29；缴费人数：15,安徽 蚌埠市淮上区,https://www.xduim.com/zw/szyf,,专业：不限
2025,三支一扶,2025安徽三支一扶招募,淮上区教育局,5082 淮上区教育局,大专及以上,专业不限,,笔试+面试,,,招募类别：支教；服务单位：基层学校；招聘人数：4；报名人数：399；合格人数：315；缴费人数：190,安徽 蚌埠市淮上区,https://www.xduim.com/zw/szyf,,专业：专业不限
2025,三支一扶,2025安徽三支一扶招募,淮上区教育局,5083 淮上区教育局,大专及以上,专业不限,,笔试+面试,,,招募类别：支教；服务单位：沫河口镇四铺小学；招聘人数：1；报名人数：162；合格人数：101；缴费人数：56,安徽 蚌埠市淮上区,https://www.xduim.com/zw/szyf,,专业：专业不限
2025,三支一扶,2025安徽三支一扶招募,淮上区教育局,5084 淮上区教育局,大专及以上,专业不限,,笔试+面试,,,招募类别：支教；服务单位：沫河口镇四铺小学；招聘人数：1；报名人数：57；合格人数：37；缴费人数：22,安徽 蚌埠市淮上区,https://www.xduim.com/zw/szyf,,专业：专业不限
2022,三支一扶,2022安徽三支一扶招募,区辖乡镇,5007 区辖乡镇,大专及以上,水利大类（大专），水利类（本科）,,笔试+面试,,,招募类别：支农；服务单位：马城镇人民政府；招聘人数：1,安徽 蚌埠市禹会区,https://www.xduim.com/zw/szyf,,专业：水利大类（大专），水利类（本科）
2022,三支一扶,2022安徽三支一扶招募,区辖乡镇,5008 区辖乡镇,大专及以上,不限,,笔试+面试,,,招募类别：支农；服务单位：长青乡政府；招聘人数：1,安徽 蚌埠市禹会区,https://www.xduim.com/zw/szyf,,专业：不限
2022,三支一扶,2022安徽三支一扶招募,区辖乡镇,5009 区辖乡镇,大专及以上,建筑设计类、城乡规划与管理类、土建施工类（大专），地理科学类、力学类、土木类、建筑类（本科），地理学、力学、建筑学、土木工程（研究生），建筑学、城市规划（专业学位硕士）,,笔试+面试,,,招募类别：乡村振兴协理；服务单位：长青乡政府；招聘人数：1,安徽 蚌埠市禹会区,https://www.xduim.com/zw/szyf,,专业：建筑设计类、城乡规划与管理类、土建施工类（大专），地理科学类、力学类、土木类、建筑类（本科），地理学、力学、建筑学、土木工程（研究生），建筑学、城市规划（专业学位硕士）
2023,三支一扶,2023安徽三支一扶招募,区辖乡镇,5011 区辖乡镇,大专及以上,不限,,笔试+面试,,,招募类别：支农；服务单位：长青乡人民政府；招聘人数：1；报名人数：452；合格人数：392；缴费人数：198,安徽 蚌埠市禹会区,https://www.xduim.com/zw/szyf,,专业：不限
2024,三支一扶,2024安徽三支一扶招募,禹会区卫健委,5083 禹会区卫健委,大专及以上,大专：5207公共卫生与卫生管理类； 本科：1004公共卫生与预防医学类； 研究生：1004公共卫生与预防医学。,,笔试+面试,,,招募类别：支医；服务单位：禹会区长青乡卫生院；招聘人数：1；报名人数：32；合格人数：20；缴费人数：6,安徽 蚌埠市禹会区,https://www.xduim.com/zw/szyf,,专业：大专：5207公共卫生与卫生管理类； 本科：1004公共卫生与预防医学类； 研究生：1004公共卫生与预防医学。
2024,三支一扶,2024安徽三支一扶招募,禹会区卫健委,5084 禹会区卫健委,大专及以上,大专：5201临床医学类； 本科：100201K临床医学专业； 研究生：1002、1051临床医学。,,笔试+面试,,,招募类别：支医；服务单位：禹会区马城镇中心卫生院；招聘人数：1；报名人数：31；合格人数：23；缴费人数：13,安徽 蚌埠市禹会区,https://www.xduim.com/zw/szyf,,专业：大专：5201临床医学类； 本科：100201K临床医学专业； 研究生：1002、1051临床医学。
2024,三支一扶,2024安徽三支一扶招募,禹会区卫健委,5085 禹会区卫健委,大专及以上,大专：5204中医药类； 本科：1008中药学类； 研究生：1008中药学。,,笔试+面试,,,招募类别：支医；服务单位：禹会区马城镇中心卫生院；招聘人数：1；报名人数：35；合格人数：24；缴费人数：14,安徽 蚌埠市禹会区,https://www.xduim.com/zw/szyf,,专业：大专：5204中医药类； 本科：1008中药学类； 研究生：1008中药学。
2025,三支一扶,2025安徽三支一扶招募,禹会区卫生健康健委,5085 禹会区卫生健康健委,大专及以上,专科：520401K中医学， 本科：100501K中医学， 研究生：1005中医学、1057中医。,,笔试+面试,,,招募类别：支医；服务单位：马城镇中心卫生院；招聘人数：2；报名人数：34；合格人数：25；缴费人数：15,安徽 蚌埠市禹会区,https://www.xduim.com/zw/szyf,,专业：专科：520401K中医学， 本科：100501K中医学， 研究生：1005中医学、1057中医。
2025,三支一扶,2025安徽三支一扶招募,禹会区卫健委,5086 禹会区卫健委,大专及以上,专科：520201护理，本科：101101护理学，研究生：1011护理学、1054护理。,,笔试+面试,,,招募类别：支医；服务单位：马城镇中心卫生院；招聘人数：2；报名人数：191；合格人数：124；缴费人数：71,安徽 蚌埠市禹会区,https://www.xduim.com/zw/szyf,,专业：专科：520201护理，本科：101101护理学，研究生：1011护理学、1054护理。
2024,三支一扶,2024安徽三支一扶招募,经济开发区社会事业局,5092 经济开发区社会事业局,本科及以上,本科：070201物理学专业，070202应用物理学专业，070203核物理专业，070204T声学专业，070205T系统科学与工程，070206T量子信息科学； 研究生：0702物理学，040102课程与教学论（物理），045105学科教学（ 物理）。,,笔试+面试,,,招募类别：支教；服务单位：蚌埠市第二十一中学；招聘人数：1；报名人数：5；合格人数：3；缴费人数：2,安徽 蚌埠市经开区,https://www.xduim.com/zw/szyf,,专业：本科：070201物理学专业，070202应用物理学专业，070203核物理专业，070204T声学专业，070205T系统科学与工程，070206T量子信息科学； 研究生：0702物理学，040102课程与教学论（物理），045105学科教学（ 物理）。
2024,三支一扶,2024安徽三支一扶招募,蚌山区教体局,5087 蚌山区教体局,本科及以上,本科：050101汉语言文学专业，050102汉语言专业，050103汉语国际教育专业； 研究生：0501中国语言文学，040102课程与教学论（ 语文），045103学科教学（语文）。,,笔试+面试,,,招募类别：支教；服务单位：蚌埠市城南学校；招聘人数：1；报名人数：45；合格人数：39；缴费人数：14,安徽 蚌埠市蚌山区,https://www.xduim.com/zw/szyf,,专业：本科：050101汉语言文学专业，050102汉语言专业，050103汉语国际教育专业； 研究生：0501中国语言文学，040102课程与教学论（ 语文），045103学科教学（语文）。
2024,三支一扶,2024安徽三支一扶招募,蚌山区教体局,5088 蚌山区教体局,本科及以上,本科：070101数学与应用数学专业，070102信息与计算科学专业，070103T数理基础科学专业； 研究生：0701数学，040102课程与教学论（数学），045104学科教学（数学）。,,笔试+面试,,,招募类别：支教；服务单位：蚌埠市城南学校；招聘人数：1；报名人数：46；合格人数：38；缴费人数：14,安徽 蚌埠市蚌山区,https://www.xduim.com/zw/szyf,,专业：本科：070101数学与应用数学专业，070102信息与计算科学专业，070103T数理基础科学专业； 研究生：0701数学，040102课程与教学论（数学），045104学科教学（数学）。
2024,三支一扶,2024安徽三支一扶招募,蚌山区教体局,5089 蚌山区教体局,本科及以上,本科：050201英语专业； 研究生：050201 英语语言文学，外国语言学及应用语言学050211（英语），课程与教学论040102（英语），学科教学045108英语。,,笔试+面试,,,招募类别：支教；服务单位：蚌埠市城南学校；招聘人数：1；报名人数：46；合格人数：38；缴费人数：19,安徽 蚌埠市蚌山区,https://www.xduim.com/zw/szyf,,专业：本科：050201英语专业； 研究生：050201 英语语言文学，外国语言学及应用语言学050211（英语），课程与教学论040102（英语），学科教学045108英语。
2024,三支一扶,2024安徽三支一扶招募,蚌山区教体局,5090 蚌山区教体局,本科及以上,本科：070201物理学专业，070202应用物理学专业，070203核物理专业，070204T声学专业，070205T系统科学与工程，070206T量子信息科学； 研究生：0702物理学，040102课程与教学论（物理），045105学科教学（ 物理）。,,笔试+面试,,,招募类别：支教；服务单位：蚌埠市城南学校；招聘人数：1；报名人数：5；合格人数：4；缴费人数：2,安徽 蚌埠市蚌山区,https://www.xduim.com/zw/szyf,,专业：本科：070201物理学专业，070202应用物理学专业，070203核物理专业，070204T声学专业，070205T系统科学与工程，070206T量子信息科学； 研究生：0702物理学，040102课程与教学论（物理），045105学科教学（ 物理）。
2024,三支一扶,2024安徽三支一扶招募,蚌山区教体局,5091 蚌山区教体局,本科及以上,本科：060101历史学专业，060102世界史专业，060103考古学专业，060104文物与博物馆学专业，060105T文物保护技术专业，060106T外国语言与外国历史专业，060107T文化遗产专业，060108T古文字学专业，060109T科学史专业； 研究生：0601考古学，0602中国史，0603世界史，040102课程与教学论（历史)，045109学科教学（历史）。,,笔试+面试,,,招募类别：支教；服务单位：蚌埠市城南学校；招聘人数：1；报名人数：12；合格人数：10；缴费人数：7,安徽 蚌埠市蚌山区,https://www.xduim.com/zw/szyf,,专业：本科：060101历史学专业，060102世界史专业，060103考古学专业，060104文物与博物馆学专业，060105T文物保护技术专业，060106T外国语言与外国历史专业，060107T文化遗产专业，060108T古文字学专业，060109T科学史专业； 研究生：0601考古学，0602中国史，0603世界史，040102课程与教学论（历史)，045109学科教学（历史）。
2025,三支一扶,2025安徽三支一扶招募,蚌山区卫健委,5087 蚌山区卫健委,研究生,研究生：105101内科学、100201内科学，105102儿科学、100202儿科学，105115妇产科学、100211妇产科学。,,笔试+面试,,,招募类别：支医；服务单位：燕山乡卫生院；招聘人数：2；报名人数：2；合格人数：1；缴费人数：1,安徽 蚌埠市蚌山区,https://www.xduim.com/zw/szyf,,专业：研究生：105101内科学、100201内科学，105102儿科学、100202儿科学，105115妇产科学、100211妇产科学。
2022,三支一扶,2022安徽三支一扶招募,区辖乡镇,5012 区辖乡镇,大专及以上,建筑设计类、城乡规划与管理类、土建施工类（大专），地理科学类、力学类、土木类、建筑类（本科），地理学、力学、建筑学、土木工程（研究生），建筑学、城市规划（专业学位硕士）,,笔试+面试,,,招募类别：乡村振兴协理；服务单位：李楼乡人民政府；招聘人数：1,安徽 蚌埠市龙子湖区,https://www.xduim.com/zw/szyf,,专业：建筑设计类、城乡规划与管理类、土建施工类（大专），地理科学类、力学类、土木类、建筑类（本科），地理学、力学、建筑学、土木工程（研究生），建筑学、城市规划（专业学位硕士）
2024,三支一扶,2024安徽三支一扶招募,龙子湖区区教体局,5086 龙子湖区区教体局,大专及以上,不限,,笔试+面试,,,招募类别：支教；服务单位：李楼乡中心校下属村小学；招聘人数：2；报名人数：96；合格人数：86；缴费人数：43,安徽 蚌埠市龙子湖区,https://www.xduim.com/zw/szyf,,专业：不限
2025,三支一扶,2025安徽三支一扶招募,龙子湖区教育局,5088 龙子湖区教育局,本科及以上,本科：050201英语专业； 研究生：050201英语语言文学、040102课程与教学论（英语）、045108学科教学(英语)。,,笔试+面试,,,招募类别：支教；服务单位：李楼乡太平菴小学；招聘人数：1；报名人数：48；合格人数：35；缴费人数：24,安徽 蚌埠市龙子湖区,https://www.xduim.com/zw/szyf,,专业：本科：050201英语专业； 研究生：050201英语语言文学、040102课程与教学论（英语）、045108学科教学(英语)。
2025,三支一扶,2025安徽三支一扶招募,龙子湖区卫健委,5089 龙子湖区卫健委,本科及以上,本科：100201K临床医学专业，研究生：1002临床医学、1051临床医学。,,笔试+面试,,,招募类别：支医；服务单位：李楼乡卫生院；招聘人数：1；报名人数：6；合格人数：6；缴费人数：5,安徽 蚌埠市龙子湖区,https://www.xduim.com/zw/szyf,,专业：本科：100201K临床医学专业，研究生：1002临床医学、1051临床医学。
2025,三支一扶,2025安徽三支一扶招募,义安区卫健委,14241 义安区卫健委,大专及以上,大专：520101K临床医学专业、520102K口腔医学专业、520401K中医学专业、 520502医学影像技术专业、520505放射治疗技术专业 本科：100201K临床医学专业、100301K口腔医学专业、100501K中医学专业、100601K中西医临床医学专业、100203TK医学影像学专业、100206TK放射医学专业。 研究生：1001基础医学、1002临床医学、1003口腔医学、1005中医学、1006中西医结合；专业学位硕士：1051临床医学、1052口腔医学、1057中医。,,笔试+面试,,,招募类别：支医；服务单位：乡镇卫生院；招聘人数：2；报名人数：64；合格人数：51；缴费人数：28,安徽 铜陵市义安区,https://www.xduim.com/zw/szyf,,专业：大专：520101K临床医学专业、520102K口腔医学专业、520401K中医学专业、 520502医学影像技术专业、520505放射治疗技术专业 本科：100201K临床医学专业、100301K口腔医学专业、100501K中医学专业、100601K中西医临床医学专业、100203TK医学影像学专业、100206TK放射医学专业。 研究生：1001基础医学、1002临床医学、1003口腔医学、1005中医学、1006中西医结合；专业学位硕士：1051临床医学、1052口腔医学、1057中医。
2025,三支一扶,2025安徽三支一扶招募,区辖乡镇,14242 区辖乡镇,大专及以上,专业不限,,笔试+面试,,,招募类别：乡村振兴协理；服务单位：乡镇政府；招聘人数：2；报名人数：234；合格人数：187；缴费人数：96,安徽 铜陵市义安区,https://www.xduim.com/zw/szyf,,专业：专业不限
2025,三支一扶,2025安徽三支一扶招募,西联镇,14243 西联镇,本科及以上,专业不限,,笔试+面试,,,招募类别：乡村振兴协理；服务单位：西联镇财政资产管理中心；招聘人数：1；报名人数：133；合格人数：96；缴费人数：47,安徽 铜陵市义安区,https://www.xduim.com/zw/szyf,,专业：专业不限
2022,三支一扶,2022安徽三支一扶招募,县教体局,14001 县教体局,大专 及以上,不限,,笔试+面试,,,招募类别：支教；服务单位：基层小学；招聘人数：26,安徽 铜陵市枞阳县,https://www.xduim.com/zw/szyf,,专业：不限
2022,三支一扶,2022安徽三支一扶招募,县水利局,14002 县水利局,大专 及以上,水利工程、水利水电工程技术、水利水电工程管理、水利水电建筑工程、机电排灌工程技术、水务管理（大专），水利水电工程、水文与水资源工程、水务工程、水利科学与工程（本科）,,笔试+面试,,,招募类别：支农；服务单位：乡镇水利站；招聘人数：4,安徽 铜陵市枞阳县,https://www.xduim.com/zw/szyf,,专业：水利工程、水利水电工程技术、水利水电工程管理、水利水电建筑工程、机电排灌工程技术、水务管理（大专），水利水电工程、水文与水资源工程、水务工程、水利科学与工程（本科）
2022,三支一扶,2022安徽三支一扶招募,县卫健委,14003 县卫健委,大专 及以上,临床医学类、公共卫生与卫生管理类、医学技术类、护理（大专），临床医学类，口腔医学类，公共卫生与预防医学类，医学技术类，中医学、中西医临床医学、护理学（本科）,,笔试+面试,,,招募类别：支医；服务单位：乡镇卫生院；招聘人数：5,安徽 铜陵市枞阳县,https://www.xduim.com/zw/szyf,,专业：临床医学类、公共卫生与卫生管理类、医学技术类、护理（大专），临床医学类，口腔医学类，公共卫生与预防医学类，医学技术类，中医学、中西医临床医学、护理学（本科）
2023,三支一扶,2023安徽三支一扶招募,县水利局,14001 县水利局,大专及以上,水利工程专业、水利水电工程技术专业、水利水电工程智能管理专业、水利水电建筑工程专业、机电排灌工程技术专业（大专）；水利水电工程专业、水利科学与工程专业、水务工程专业（本科）；水利工程（一级学科）（研究生）,,笔试+面试,,,招募类别：支农；服务单位：乡镇水利站；招聘人数：2；报名人数：15；合格人数：8；缴费人数：4,安徽 铜陵市枞阳县,https://www.xduim.com/zw/szyf,,专业：水利工程专业、水利水电工程技术专业、水利水电工程智能管理专业、水利水电建筑工程专业、机电排灌工程技术专业（大专）；水利水电工程专业、水利科学与工程专业、水务工程专业（本科）；水利工程（一级学科）（研究生）
2023,三支一扶,2023安徽三支一扶招募,县卫健委,14002 县卫健委,大专及以上,临床医学类、公共卫生与卫生管理类、医学技术类、护理类（大专）；临床医学类、口腔医学类、公共卫生与预防医学类、医学技术类，中医学专业、中西医临床医学专业、护理学专业（本科）；临床医学、口腔医学、公共卫生与预防医学、中医学、护理学、中西医结合（一级学科），临床医学、口腔医学、公共卫生、护理、中医（专业学位硕士）（研究生）,,笔试+面试,,,招募类别：支医；服务单位：乡镇卫生院；招聘人数：5；报名人数：107；合格人数：82；缴费人数：51,安徽 铜陵市枞阳县,https://www.xduim.com/zw/szyf,,专业：临床医学类、公共卫生与卫生管理类、医学技术类、护理类（大专）；临床医学类、口腔医学类、公共卫生与预防医学类、医学技术类，中医学专业、中西医临床医学专业、护理学专业（本科）；临床医学、口腔医学、公共卫生与预防医学、中医学、护理学、中西医结合（一级学科），临床医学、口腔医学、公共卫生、护理、中医（专业学位硕士）（研究生）
2023,三支一扶,2023安徽三支一扶招募,县教体局,14003 县教体局,大专及以上,不限,,笔试+面试,,,招募类别：支教；服务单位：基层小学；招聘人数：28；报名人数：993；合格人数：724；缴费人数：519,安徽 铜陵市枞阳县,https://www.xduim.com/zw/szyf,,专业：不限
2024,三支一扶,2024安徽三支一扶招募,枞阳县教体局,14224 枞阳县教体局,大专及以上,不限,,笔试+面试,,,招募类别：支教；服务单位：基层小学；招聘人数：10；报名人数：609；合格人数：493；缴费人数：300,安徽 铜陵市枞阳县,https://www.xduim.com/zw/szyf,,专业：不限
2024,三支一扶,2024安徽三支一扶招募,枞阳县卫健委,14225 枞阳县卫健委,大专及以上,大专：520401K中医学专业、520101K临床医学专业、520102K口腔医学专业、520703K预防医学专业。 本科：100501K中医学专业、100201K临床医学专业、100301K口腔医学专业、100401K预防医学专业。 研究生：1002临床医学、1003口腔医学、1005中医学、1004公共卫生与预防医学；专业学位硕士：1051临床医学、1052口腔医学、1057中医、1053公共卫生。,,笔试+面试,,,招募类别：支医；服务单位：乡镇卫生院；招聘人数：5；报名人数：48；合格人数：37；缴费人数：19,安徽 铜陵市枞阳县,https://www.xduim.com/zw/szyf,,专业：大专：520401K中医学专业、520101K临床医学专业、520102K口腔医学专业、520703K预防医学专业。 本科：100501K中医学专业、100201K临床医学专业、100301K口腔医学专业、100401K预防医学专业。 研究生：1002临床医学、1003口腔医学、1005中医学、1004公共卫生与预防医学；专业学位硕士：1051临床医学、1052口腔医学、1057中医、1053公共卫生。
2024,三支一扶,2024安徽三支一扶招募,枞阳县水利局,14226 枞阳县水利局,大专及以上,大专：450201水利工程专业、450203水利水电工程技术专业、450202智慧水利技术专业、450204水利水电工程智能管理专业、450205水利水电建筑工程专业、450206机电排灌工程技术专业。 本科：081101水利水电工程专业、081105T水利科学与工程专业、081104T水务工程专业、081106T智慧水利专业。 研究生：0815水利工程；专业学位硕士：085902 水利工程。,,笔试+面试,,,招募类别：支农；服务单位：乡镇水利站；招聘人数：2；报名人数：22；合格人数：17；缴费人数：9,安徽 铜陵市枞阳县,https://www.xduim.com/zw/szyf,,专业：大专：450201水利工程专业、450203水利水电工程技术专业、450202智慧水利技术专业、450204水利水电工程智能管理专业、450205水利水电建筑工程专业、450206机电排灌工程技术专业。 本科：081101水利水电工程专业、081105T水利科学与工程专业、081104T水务工程专业、081106T智慧水利专业。 研究生：0815水利工程；专业学位硕士：085902 水利工程。
2025,三支一扶,2025安徽三支一扶招募,枞阳县教体局,14234 枞阳县教体局,大专及以上,专业不限,,笔试+面试,,,招募类别：支教；服务单位：基层小学；招聘人数：10；报名人数：694；合格人数：609；缴费人数：398,安徽 铜陵市枞阳县,https://www.xduim.com/zw/szyf,,专业：专业不限
2025,三支一扶,2025安徽三支一扶招募,枞阳县卫健委,14235 枞阳县卫健委,大专及以上,大专：520101K临床医学专业、520102K口腔医学专业、520401K中医学专业。 本科：100201K临床医学专业、100301K口腔医学专业、100501K中医学专业、100601K中西医临床医学专业。 研究生：1002临床医学、1005中医学、1006中西医结合、1003口腔医学；专业学位硕士：1051临床医学、1057中医、1052口腔医学。,,笔试+面试,,,招募类别：支医；服务单位：乡镇卫生院；招聘人数：5；报名人数：40；合格人数：36；缴费人数：29,安徽 铜陵市枞阳县,https://www.xduim.com/zw/szyf,,专业：大专：520101K临床医学专业、520102K口腔医学专业、520401K中医学专业。 本科：100201K临床医学专业、100301K口腔医学专业、100501K中医学专业、100601K中西医临床医学专业。 研究生：1002临床医学、1005中医学、1006中西医结合、1003口腔医学；专业学位硕士：1051临床医学、1057中医、1052口腔医学。
2025,三支一扶,2025安徽三支一扶招募,枞阳县水利局,14236 枞阳县水利局,大专及以上,大专：450201水利工程专业、450203水利水电工程技术专业、450206机电排灌工程技术专业。 本科：081101水利水电工程专业、081105T水利科学与工程专业、081104T水务工程专业、081106T智慧水利专业。 研究生：0815水利工程，0859土木水利（水利工程领域）。,,笔试+面试,,,招募类别：支农-水利；服务单位：基层管理所；招聘人数：2；报名人数：14；合格人数：9；缴费人数：6,安徽 铜陵市枞阳县,https://www.xduim.com/zw/szyf,,专业：大专：450201水利工程专业、450203水利水电工程技术专业、450206机电排灌工程技术专业。 本科：081101水利水电工程专业、081105T水利科学与工程专业、081104T水务工程专业、081106T智慧水利专业。 研究生：0815水利工程，0859土木水利（水利工程领域）。
2025,三支一扶,2025安徽三支一扶招募,区辖乡镇,14237 区辖乡镇,大专及以上,专业不限,,笔试+面试,,,招募类别：基层人社平台；服务单位：乡镇社保所；招聘人数：2；报名人数：206；合格人数：185；缴费人数：107,安徽 铜陵市郊区,https://www.xduim.com/zw/szyf,,专业：专业不限
2025,三支一扶,2025安徽三支一扶招募,郊区农业农村局,14238 郊区农业农村局,大专及以上,大专：410102作物生产与经营管理专业、410103现代农业技术专业、410104生态农业技术专业、410106植物保护与检疫技术。 本科：090101农学专业、090103植物保护专业、090201农业资源与环境专业。 研究生：0901作物学、0903农业资源与环境、0904植物保护。,,笔试+面试,,,招募类别：支农-农技；服务单位：基层农技推广站；招聘人数：1；报名人数：8；合格人数：6；缴费人数：6,安徽 铜陵市郊区,https://www.xduim.com/zw/szyf,,专业：大专：410102作物生产与经营管理专业、410103现代农业技术专业、410104生态农业技术专业、410106植物保护与检疫技术。 本科：090101农学专业、090103植物保护专业、090201农业资源与环境专业。 研究生：0901作物学、0903农业资源与环境、0904植物保护。
2025,三支一扶,2025安徽三支一扶招募,区辖乡镇,14239 区辖乡镇,大专及以上,专业不限,,笔试+面试,,,招募类别：支农-农技；服务单位：乡镇政府；招聘人数：1；报名人数：99；合格人数：84；缴费人数：43,安徽 铜陵市铜官区,https://www.xduim.com/zw/szyf,,专业：专业不限
2025,三支一扶,2025安徽三支一扶招募,区辖乡镇,14240 区辖乡镇,大专及以上,专业不限,,笔试+面试,,,招募类别：支农-林业；服务单位：乡镇政府；招聘人数：1；报名人数：104；合格人数：95；缴费人数：39,安徽 铜陵市铜官区,https://www.xduim.com/zw/szyf,,专业：专业不限
2022,三支一扶,2022安徽三支一扶招募,县辖乡镇,6006 县辖乡镇,大专及以上,不限,,笔试+面试,,,招募类别：基层人社平台；服务单位：乡镇政府；招聘人数：5,安徽 阜阳市临泉县,https://www.xduim.com/zw/szyf,,专业：不限
2022,三支一扶,2022安徽三支一扶招募,县辖乡镇,6007 县辖乡镇,大专及以上,不限,,笔试+面试,,,招募类别：乡村振兴协理；服务单位：乡镇政府；招聘人数：5,安徽 阜阳市临泉县,https://www.xduim.com/zw/szyf,,专业：不限
2023,三支一扶,2023安徽三支一扶招募,县教育局,6018 县教育局,大专及以上,不限,,笔试+面试,,,招募类别：支教；服务单位：乡镇中心学校；招聘人数：15；报名人数：858；合格人数：632；缴费人数：381,安徽 阜阳市临泉县,https://www.xduim.com/zw/szyf,,专业：不限
2023,三支一扶,2023安徽三支一扶招募,县农业农村局,6019 县农业农村局,大专及以上,种子生产与经营专业、作物生产与经营管理专业、现代农业技术专业、生态农业技术专业、植物保护与检疫技术专业（大专）；农学专业、植物保护专业、农业资源与环境专业、智慧农业专业、种子科学与工程专业、设施农业科学与工程专业 （本科）；作物学、农业资源与环境、植物保护（一级学科）（研究生）,,笔试+面试,,,招募类别：支农；服务单位：乡镇农业综合服务站；招聘人数：3；报名人数：16；合格人数：6；缴费人数：4,安徽 阜阳市临泉县,https://www.xduim.com/zw/szyf,,专业：种子生产与经营专业、作物生产与经营管理专业、现代农业技术专业、生态农业技术专业、植物保护与检疫技术专业（大专）；农学专业、植物保护专业、农业资源与环境专业、智慧农业专业、种子科学与工程专业、设施农业科学与工程专业 （本科）；作物学、农业资源与环境、植物保护（一级学科）（研究生）
2023,三支一扶,2023安徽三支一扶招募,县水利局,6020 县水利局,大专及以上,水利工程与管理类、水利水电设备类（大专）；不限（本科及以上）,,笔试+面试,,,招募类别：支农；服务单位：乡镇水利站；招聘人数：2；报名人数：121；合格人数：98；缴费人数：53,安徽 阜阳市临泉县,https://www.xduim.com/zw/szyf,,专业：水利工程与管理类、水利水电设备类（大专）；不限（本科及以上）
2023,三支一扶,2023安徽三支一扶招募,县辖乡镇,6021 县辖乡镇,大专及以上,不限,,笔试+面试,,,招募类别：乡村振兴协理；服务单位：乡镇扶贫工作站；招聘人数：5；报名人数：391；合格人数：286；缴费人数：186,安徽 阜阳市临泉县,https://www.xduim.com/zw/szyf,,专业：不限
2024,三支一扶,2024安徽三支一扶招募,临泉县教育局,6118 临泉县教育局,本科及以上,不限,,笔试+面试,,,招募类别：支教；服务单位：乡镇中心 学校；招聘人数：18；报名人数：541；合格人数：451；缴费人数：242,安徽 阜阳市临泉县,https://www.xduim.com/zw/szyf,,专业：不限
2024,三支一扶,2024安徽三支一扶招募,乡镇人民政府,6119 乡镇人民政府,大专及以上,不限,,笔试+面试,,,招募类别：乡村振兴协理；服务单位：乡镇扶贫 工作站；招聘人数：6；报名人数：593；合格人数：431；缴费人数：238,安徽 阜阳市临泉县,https://www.xduim.com/zw/szyf,,专业：不限
2025,三支一扶,2025安徽三支一扶招募,临泉县辖乡镇,6117 临泉县辖乡镇,大专及以上,专业不限,,笔试+面试,,,招募类别：乡村振兴协理；服务单位：乡镇农业农村和规划建设服务中心；招聘人数：8；报名人数：795；合格人数：634；缴费人数：368,安徽 阜阳市临泉县,https://www.xduim.com/zw/szyf,,专业：专业不限
2022,三支一扶,2022安徽三支一扶招募,县辖乡镇,6008 县辖乡镇,大专及以上,不限,,笔试+面试,,,招募类别：基层人社平台；服务单位：乡镇政府；招聘人数：5,安徽 阜阳市太和县,https://www.xduim.com/zw/szyf,,专业：不限
2022,三支一扶,2022安徽三支一扶招募,县辖乡镇,6009 县辖乡镇,大专及以上,不限,,笔试+面试,,,招募类别：乡村振兴协理；服务单位：乡镇政府；招聘人数：5,安徽 阜阳市太和县,https://www.xduim.com/zw/szyf,,专业：不限
2023,三支一扶,2023安徽三支一扶招募,县辖乡镇,6016 县辖乡镇,大专及以上,不限,,笔试+面试,,,招募类别：基层人社平台；服务单位：乡镇人民政府；招聘人数：10；报名人数：530；合格人数：374；缴费人数：233,安徽 阜阳市太和县,https://www.xduim.com/zw/szyf,,专业：不限
2023,三支一扶,2023安徽三支一扶招募,县辖乡镇,6017 县辖乡镇,大专及以上,不限,,笔试+面试,,,招募类别：乡村振兴协理；服务单位：乡镇人民政府；招聘人数：10；报名人数：489；合格人数：377；缴费人数：242,安徽 阜阳市太和县,https://www.xduim.com/zw/szyf,,专业：不限
2024,三支一扶,2024安徽三支一扶招募,太和县辖乡镇,6105 太和县辖乡镇,大专及以上,不限,,笔试+面试,,,招募类别：乡村振兴协理；服务单位：乡镇政府；招聘人数：15；报名人数：1097；合格人数：922；缴费人数：539,安徽 阜阳市太和县,https://www.xduim.com/zw/szyf,,专业：不限
2025,三支一扶,2025安徽三支一扶招募,太和县辖乡镇,6110 太和县辖乡镇,大专及以上,专业不限,,笔试+面试,,,招募类别：乡村振兴协理；服务单位：乡镇政府；招聘人数：12；报名人数：1112；合格人数：956；缴费人数：592,安徽 阜阳市太和县,https://www.xduim.com/zw/szyf,,专业：专业不限
2023,三支一扶,2023安徽三支一扶招募,市辖乡镇,6015 市辖乡镇,大专及以上,不限,,笔试+面试,,,招募类别：乡村振兴协理；服务单位：乡镇人民政府；招聘人数：20；报名人数：916；合格人数：770；缴费人数：447,安徽 阜阳市界首市,https://www.xduim.com/zw/szyf,,专业：不限
2024,三支一扶,2024安徽三支一扶招募,界首市辖乡镇,6110 界首市辖乡镇,大专及以上,不限,,笔试+面试,,,招募类别：乡村振兴协理；服务单位：乡镇政府；招聘人数：15；报名人数：865；合格人数：636；缴费人数：377,安徽 阜阳市界首市,https://www.xduim.com/zw/szyf,,专业：不限
2024,三支一扶,2024安徽三支一扶招募,界首市教育局,6111 界首市教育局,大专及以上,不限,,笔试+面试,,,招募类别：支教；服务单位：基层学校；招聘人数：4；报名人数：98；合格人数：74；缴费人数：45,安徽 阜阳市界首市,https://www.xduim.com/zw/szyf,,专业：不限
2024,三支一扶,2024安徽三支一扶招募,界首市教育局,6112 界首市教育局,大专及以上,不限,,笔试+面试,,,招募类别：支教；服务单位：基层学校；招聘人数：1；报名人数：42；合格人数：30；缴费人数：12,安徽 阜阳市界首市,https://www.xduim.com/zw/szyf,,专业：不限
2024,三支一扶,2024安徽三支一扶招募,界首市教育局,6113 界首市教育局,大专及以上,不限,,笔试+面试,,,招募类别：支教；服务单位：基层学校；招聘人数：1；报名人数：47；合格人数：36；缴费人数：20,安徽 阜阳市界首市,https://www.xduim.com/zw/szyf,,专业：不限
2024,三支一扶,2024安徽三支一扶招募,界首市教育局,6114 界首市教育局,大专及以上,不限,,笔试+面试,,,招募类别：支教；服务单位：基层学校；招聘人数：1；报名人数：28；合格人数：20；缴费人数：10,安徽 阜阳市界首市,https://www.xduim.com/zw/szyf,,专业：不限
2024,三支一扶,2024安徽三支一扶招募,界首市教育局,6115 界首市教育局,大专及以上,不限,,笔试+面试,,,招募类别：支教；服务单位：基层学校；招聘人数：1；报名人数：17；合格人数：13；缴费人数：9,安徽 阜阳市界首市,https://www.xduim.com/zw/szyf,,专业：不限
2024,三支一扶,2024安徽三支一扶招募,界首市教育局,6116 界首市教育局,大专及以上,不限,,笔试+面试,,,招募类别：支教；服务单位：基层学校；招聘人数：1；报名人数：53；合格人数：43；缴费人数：21,安徽 阜阳市界首市,https://www.xduim.com/zw/szyf,,专业：不限
2024,三支一扶,2024安徽三支一扶招募,界首市教育局,6117 界首市教育局,大专及以上,不限,,笔试+面试,,,招募类别：支教；服务单位：基层学校；招聘人数：1；报名人数：24；合格人数：20；缴费人数：14,安徽 阜阳市界首市,https://www.xduim.com/zw/szyf,,专业：不限
2025,三支一扶,2025安徽三支一扶招募,界首市辖乡镇,6116 界首市辖乡镇,大专及以上,专业不限,,笔试+面试,,,招募类别：乡村振兴协理；服务单位：乡镇政府；招聘人数：17；报名人数：1156；合格人数：999；缴费人数：597,安徽 阜阳市界首市,https://www.xduim.com/zw/szyf,,专业：专业不限
2023,三支一扶,2023安徽三支一扶招募,县辖乡镇,6022 县辖乡镇,大专及以上,不限,,笔试+面试,,,招募类别：支农；服务单位：许堂乡农村经济与统计服务站；招聘人数：1；报名人数：65；合格人数：50；缴费人数：20,安徽 阜阳市阜南县,https://www.xduim.com/zw/szyf,,专业：不限
2023,三支一扶,2023安徽三支一扶招募,县辖乡镇,6023 县辖乡镇,大专及以上,不限,,笔试+面试,,,招募类别：乡村振兴协理；服务单位：乡镇扶贫工作站；招聘人数：14；报名人数：778；合格人数：647；缴费人数：367,安徽 阜阳市阜南县,https://www.xduim.com/zw/szyf,,专业：不限
2023,三支一扶,2023安徽三支一扶招募,县辖乡镇,6024 县辖乡镇,大专及以上,建筑设计类、城乡规划与管理类、土建施工类（大专）；地理科学类、力学类、土木类、建筑类（本科）；地理学、力学、建筑学、土木工程、城乡规划学（一级学科），建筑、城乡规划（专业学位硕士）（研究生）,,笔试+面试,,,招募类别：乡村振兴协理；服务单位：乡镇规划建设管理所；招聘人数：3；报名人数：87；合格人数：56；缴费人数：35,安徽 阜阳市阜南县,https://www.xduim.com/zw/szyf,,专业：建筑设计类、城乡规划与管理类、土建施工类（大专）；地理科学类、力学类、土木类、建筑类（本科）；地理学、力学、建筑学、土木工程、城乡规划学（一级学科），建筑、城乡规划（专业学位硕士）（研究生）
2023,三支一扶,2023安徽三支一扶招募,县辖乡镇,6025 县辖乡镇,大专及以上,不限,,笔试+面试,,,招募类别：基层人社平台；服务单位：乡镇社保所；招聘人数：2；报名人数：121；合格人数：80；缴费人数：40,安徽 阜阳市阜南县,https://www.xduim.com/zw/szyf,,专业：不限
2024,三支一扶,2024安徽三支一扶招募,阜南县辖乡镇,6101 阜南县辖乡镇,大专及以上,大专：4401建筑设计类、4402城乡规划与管理类、4403土建施工类； 大学本科：0705地理科学类、0801力学类、0810土木类、0828建筑类； 研究生：0705地理学、0801力学、0813建筑学、0814土木工程、0833城乡规划学。,,笔试+面试,,,招募类别：乡村振兴协理；服务单位：乡镇规划建设管理所；招聘人数：2；报名人数：70；合格人数：44；缴费人数：26,安徽 阜阳市阜南县,https://www.xduim.com/zw/szyf,,专业：大专：4401建筑设计类、4402城乡规划与管理类、4403土建施工类； 大学本科：0705地理科学类、0801力学类、0810土木类、0828建筑类； 研究生：0705地理学、0801力学、0813建筑学、0814土木工程、0833城乡规划学。
2024,三支一扶,2024安徽三支一扶招募,阜南县辖乡镇,6102 阜南县辖乡镇,大专及以上,不限,,笔试+面试,,,招募类别：乡村振兴协理；服务单位：乡镇扶贫工作站；招聘人数：8；报名人数：661；合格人数：508；缴费人数：273,安徽 阜阳市阜南县,https://www.xduim.com/zw/szyf,,专业：不限
2024,三支一扶,2024安徽三支一扶招募,阜南县辖乡镇,6103 阜南县辖乡镇,大专及以上,不限,,笔试+面试,,,招募类别：乡村振兴协理；服务单位：乡镇退役军人服务管理站；招聘人数：2；报名人数：186；合格人数：110；缴费人数：52,安徽 阜阳市阜南县,https://www.xduim.com/zw/szyf,,专业：不限
2024,三支一扶,2024安徽三支一扶招募,阜南县辖乡镇,6104 阜南县辖乡镇,大专及以上,不限,,笔试+面试,,,招募类别：基层人社平台；服务单位：于集乡社会事务与就业和社会保障所；招聘人数：1；报名人数：75；合格人数：41；缴费人数：18,安徽 阜阳市阜南县,https://www.xduim.com/zw/szyf,,专业：不限
2025,三支一扶,2025安徽三支一扶招募,阜南县辖乡镇,6108 阜南县辖乡镇,大专及以上,专业不限,,笔试+面试,,,招募类别：乡村振兴协理；服务单位：乡镇政府；招聘人数：11；报名人数：837；合格人数：635；缴费人数：375,安徽 阜阳市阜南县,https://www.xduim.com/zw/szyf,,专业：专业不限
2025,三支一扶,2025安徽三支一扶招募,阜南县辖乡镇,6109 阜南县辖乡镇,大专及以上,专业不限,,笔试+面试,,,招募类别：基层人社平台；服务单位：乡镇政府；招聘人数：10；报名人数：833；合格人数：633；缴费人数：370,安徽 阜阳市阜南县,https://www.xduim.com/zw/szyf,,专业：专业不限
2022,三支一扶,2022安徽三支一扶招募,县辖乡镇,6002 县辖乡镇,大专及以上,不限,,笔试+面试,,,招募类别：乡村振兴协理；服务单位：乡镇政府；招聘人数：10,安徽 阜阳市颍上县,https://www.xduim.com/zw/szyf,,专业：不限
2022,三支一扶,2022安徽三支一扶招募,县教育局,6003 县教育局,大专及以上,不限,,笔试+面试,,,招募类别：支教；服务单位：基层学校；招聘人数：3,安徽 阜阳市颍上县,https://www.xduim.com/zw/szyf,,专业：不限
2022,三支一扶,2022安徽三支一扶招募,县教育局,6004 县教育局,大专及以上,不限,,笔试+面试,,,招募类别：支教；服务单位：基层学校；招聘人数：3,安徽 阜阳市颍上县,https://www.xduim.com/zw/szyf,,专业：不限
2022,三支一扶,2022安徽三支一扶招募,县教育局,6005 县教育局,大专及以上,不限,,笔试+面试,,,招募类别：支教；服务单位：基层学校；招聘人数：3,安徽 阜阳市颍上县,https://www.xduim.com/zw/szyf,,专业：不限
2023,三支一扶,2023安徽三支一扶招募,县辖乡镇,6006 县辖乡镇,大专及以上,不限,,笔试+面试,,,招募类别：乡村振兴协理；服务单位：乡镇人民政府；招聘人数：10；报名人数：688；合格人数：532；缴费人数：340,安徽 阜阳市颍上县,https://www.xduim.com/zw/szyf,,专业：不限
2023,三支一扶,2023安徽三支一扶招募,县教育局,6007 县教育局,本科及以上,不限,,笔试+面试,,,招募类别：支教；服务单位：颍上县耿棚中学；招聘人数：3；报名人数：14；合格人数：10；缴费人数：8,安徽 阜阳市颍上县,https://www.xduim.com/zw/szyf,,专业：不限
2023,三支一扶,2023安徽三支一扶招募,县教育局,6008 县教育局,本科及以上,不限,,笔试+面试,,,招募类别：支教；服务单位：颍上县耿棚中学；招聘人数：4；报名人数：107；合格人数：76；缴费人数：50,安徽 阜阳市颍上县,https://www.xduim.com/zw/szyf,,专业：不限
2023,三支一扶,2023安徽三支一扶招募,县教育局,6009 县教育局,本科及以上,不限,,笔试+面试,,,招募类别：支教；服务单位：颍上县耿棚中学；招聘人数：3；报名人数：39；合格人数：29；缴费人数：17,安徽 阜阳市颍上县,https://www.xduim.com/zw/szyf,,专业：不限
2023,三支一扶,2023安徽三支一扶招募,县教育局,6010 县教育局,本科及以上,不限,,笔试+面试,,,招募类别：支教；服务单位：颍上县耿棚中学；招聘人数：2；报名人数：27；合格人数：19；缴费人数：18,安徽 阜阳市颍上县,https://www.xduim.com/zw/szyf,,专业：不限
2023,三支一扶,2023安徽三支一扶招募,县教育局,6011 县教育局,本科及以上,不限,,笔试+面试,,,招募类别：支教；服务单位：颍上县耿棚中学；招聘人数：2；报名人数：78；合格人数：48；缴费人数：27,安徽 阜阳市颍上县,https://www.xduim.com/zw/szyf,,专业：不限
2023,三支一扶,2023安徽三支一扶招募,县教育局,6012 县教育局,本科及以上,不限,,笔试+面试,,,招募类别：支教；服务单位：颍上县耿棚中学；招聘人数：3；报名人数：88；合格人数：58；缴费人数：35,安徽 阜阳市颍上县,https://www.xduim.com/zw/szyf,,专业：不限
2023,三支一扶,2023安徽三支一扶招募,县教育局,6013 县教育局,本科及以上,不限,,笔试+面试,,,招募类别：支教；服务单位：颍上县耿棚中学；招聘人数：2；报名人数：40；合格人数：32；缴费人数：21,安徽 阜阳市颍上县,https://www.xduim.com/zw/szyf,,专业：不限
2023,三支一扶,2023安徽三支一扶招募,县教育局,6014 县教育局,本科及以上,不限,,笔试+面试,,,招募类别：支教；服务单位：颍上县耿棚中学；招聘人数：1；报名人数：15；合格人数：13；缴费人数：10,安徽 阜阳市颍上县,https://www.xduim.com/zw/szyf,,专业：不限
2024,三支一扶,2024安徽三支一扶招募,颍上县辖乡镇,6106 颍上县辖乡镇,大专及以上,不限,,笔试+面试,,,招募类别：乡村振兴协理；服务单位：乡镇人民政府；招聘人数：13；报名人数：976；合格人数：661；缴费人数：409,安徽 阜阳市颍上县,https://www.xduim.com/zw/szyf,,专业：不限
2024,三支一扶,2024安徽三支一扶招募,颍上县卫生健康委员会,6107 颍上县卫生健康委员会,大专及以上,大专：520401K中医学专业、520402K中医骨伤专业、520403K针灸推拿专业； 大学本科：1005中医学类； 研究生：1005中医学、1057中医、1059针灸。,,笔试+面试,,,招募类别：支医；服务单位：乡镇卫生院；招聘人数：2；报名人数：30；合格人数：21；缴费人数：14,安徽 阜阳市颍上县,https://www.xduim.com/zw/szyf,,专业：大专：520401K中医学专业、520402K中医骨伤专业、520403K针灸推拿专业； 大学本科：1005中医学类； 研究生：1005中医学、1057中医、1059针灸。
2024,三支一扶,2024安徽三支一扶招募,颍上县卫生健康委员会,6108 颍上县卫生健康委员会,大专及以上,大专：520101K临床医学专业； 本科：100201K临床医学专业； 研究生：1002临床医学、1051临床医学。,,笔试+面试,,,招募类别：支医；服务单位：鲁口镇卫生院；招聘人数：1；报名人数：24；合格人数：16；缴费人数：4,安徽 阜阳市颍上县,https://www.xduim.com/zw/szyf,,专业：大专：520101K临床医学专业； 本科：100201K临床医学专业； 研究生：1002临床医学、1051临床医学。
2024,三支一扶,2024安徽三支一扶招募,颍上县卫生健康委员会,6109 颍上县卫生健康委员会,大专及以上,大专：520201护理专业； 大学本科：101101护理学专业； 研究生：1011护理学、1054护理。,,笔试+面试,,,招募类别：支医；服务单位：黄坝乡卫生院；招聘人数：2；报名人数：157；合格人数：101；缴费人数：50,安徽 阜阳市颍上县,https://www.xduim.com/zw/szyf,,专业：大专：520201护理专业； 大学本科：101101护理学专业； 研究生：1011护理学、1054护理。
2022,三支一扶,2022安徽三支一扶招募,区教育局,6001 区教育局,大专及以上,不限,,笔试+面试,,,招募类别：支教；服务单位：基层学校；招聘人数：3,安徽 阜阳市颍东区,https://www.xduim.com/zw/szyf,,专业：不限
2025,三支一扶,2025安徽三支一扶招募,颍上县辖乡镇,6111 颍上县辖乡镇,大专及以上,专业不限,,笔试+面试,,,招募类别：乡村振兴协理；服务单位：乡镇政府；招聘人数：10；报名人数：865；合格人数：708；缴费人数：440,安徽 阜阳市颍上县,https://www.xduim.com/zw/szyf,,专业：专业不限
2025,三支一扶,2025安徽三支一扶招募,颍上县教育局,6112 颍上县教育局,本科及以上,专业不限,,笔试+面试,,,招募类别：支教；服务单位：颍上县耿棚中学；招聘人数：2；报名人数：38；合格人数：29；缴费人数：17,安徽 阜阳市颍上县,https://www.xduim.com/zw/szyf,,专业：专业不限
2025,三支一扶,2025安徽三支一扶招募,颍上县教育局,6113 颍上县教育局,本科及以上,专业不限,,笔试+面试,,,招募类别：支教；服务单位：颍上县耿棚中学；招聘人数：1；报名人数：14；合格人数：11；缴费人数：7,安徽 阜阳市颍上县,https://www.xduim.com/zw/szyf,,专业：专业不限
2025,三支一扶,2025安徽三支一扶招募,颍上县教育局,6114 颍上县教育局,本科及以上,专业不限,,笔试+面试,,,招募类别：支教；服务单位：颍上县耿棚中学；招聘人数：1；报名人数：53；合格人数：38；缴费人数：25,安徽 阜阳市颍上县,https://www.xduim.com/zw/szyf,,专业：专业不限
2025,三支一扶,2025安徽三支一扶招募,颍上县教育局,6115 颍上县教育局,本科及以上,专业不限,,笔试+面试,,,招募类别：支教；服务单位：颍上县耿棚中学；招聘人数：1；报名人数：33；合格人数：24；缴费人数：12,安徽 阜阳市颍上县,https://www.xduim.com/zw/szyf,,专业：专业不限
2023,三支一扶,2023安徽三支一扶招募,区教育局,6005 区教育局,大专及以上,不限,,笔试+面试,,,招募类别：支教；服务单位：基层学校；招聘人数：3；报名人数：352；合格人数：224；缴费人数：131,安徽 阜阳市颍东区,https://www.xduim.com/zw/szyf,,专业：不限
2023,三支一扶,2023安徽三支一扶招募,区农业农村局,6001 区农业农村局,大专及以上,农业类（大专）；植物生产类（本科）；作物学、植物保护（一级学科）（研究生）,,笔试+面试,,,招募类别：支农；服务单位：基层农业综合服务站；招聘人数：2；报名人数：18；合格人数：4；缴费人数：4,安徽 阜阳市颍州区,https://www.xduim.com/zw/szyf,,专业：农业类（大专）；植物生产类（本科）；作物学、植物保护（一级学科）（研究生）
2023,三支一扶,2023安徽三支一扶招募,区农业农村局,6002 区农业农村局,大专及以上,畜牧业类（大专）；动物生产类、动物医学类（本科）；畜牧学（一级学科 不含草业科学、特种经济动物饲养蚕蜂等专业）、兽医学（一级学科）（研究生）,,笔试+面试,,,招募类别：支农；服务单位：颍州区王店畜牧兽医站；招聘人数：1；报名人数：16；合格人数：9；缴费人数：5,安徽 阜阳市颍州区,https://www.xduim.com/zw/szyf,,专业：畜牧业类（大专）；动物生产类、动物医学类（本科）；畜牧学（一级学科 不含草业科学、特种经济动物饲养蚕蜂等专业）、兽医学（一级学科）（研究生）
2025,三支一扶,2025安徽三支一扶招募,颍东区辖乡镇,6105 颍东区辖乡镇,大专及以上,不限,,笔试+面试,,,招募类别：乡村振兴协理；服务单位：新乌江镇人民政府；招聘人数：1；报名人数：152；合格人数：88；缴费人数：51,安徽 阜阳市颍东区,https://www.xduim.com/zw/szyf,,专业：不限
2025,三支一扶,2025安徽三支一扶招募,颍东区辖乡镇,6106 颍东区辖乡镇,大专及以上,大专：4401建筑设计类、4402城乡规划与管理类、4403土建施工类； 本科：0705地理科学类、0801力学类、0810土木类、0828建筑类； 研究生：0705地理学、0801力学、0813建筑学、0814土木工程、0833城乡规划学、0851建筑、0853城乡规划。,,笔试+面试,,,招募类别：乡村振兴协理-建规；服务单位：口孜镇人民政府；招聘人数：1；报名人数：51；合格人数：33；缴费人数：15,安徽 阜阳市颍东区,https://www.xduim.com/zw/szyf,,专业：大专：4401建筑设计类、4402城乡规划与管理类、4403土建施工类； 本科：0705地理科学类、0801力学类、0810土木类、0828建筑类； 研究生：0705地理学、0801力学、0813建筑学、0814土木工程、0833城乡规划学、0851建筑、0853城乡规划。
2025,三支一扶,2025安徽三支一扶招募,颍东区辖乡镇,6107 颍东区辖乡镇,大专及以上,大专：5804法律实务类、5805法律执行类； 本科：0301法学类； 研究生：0301法学、0351法律。,,笔试+面试,,,招募类别：乡村振兴协理-法律；服务单位：枣庄镇人民政府；招聘人数：1；报名人数：54；合格人数：40；缴费人数：19,安徽 阜阳市颍东区,https://www.xduim.com/zw/szyf,,专业：大专：5804法律实务类、5805法律执行类； 本科：0301法学类； 研究生：0301法学、0351法律。
2024,三支一扶,2024安徽三支一扶招募,颍州区教育局,6093 颍州区教育局,本科及以上,不限,,笔试+面试,,,招募类别：支教；服务单位：基层学校；招聘人数：3；报名人数：18；合格人数：12；缴费人数：7,安徽 阜阳市颍州区,https://www.xduim.com/zw/szyf,,专业：不限
2024,三支一扶,2024安徽三支一扶招募,颍州区教育局,6094 颍州区教育局,本科及以上,不限,,笔试+面试,,,招募类别：支教；服务单位：基层学校；招聘人数：3；报名人数：75；合格人数：56；缴费人数：17,安徽 阜阳市颍州区,https://www.xduim.com/zw/szyf,,专业：不限
2024,三支一扶,2024安徽三支一扶招募,颍州区教育局,6095 颍州区教育局,本科及以上,不限,,笔试+面试,,,招募类别：支教；服务单位：基层学校；招聘人数：2；报名人数：29；合格人数：23；缴费人数：11,安徽 阜阳市颍州区,https://www.xduim.com/zw/szyf,,专业：不限
2024,三支一扶,2024安徽三支一扶招募,颍州区教育局,6096 颍州区教育局,本科及以上,不限,,笔试+面试,,,招募类别：支教；服务单位：基层学校；招聘人数：1；报名人数：17；合格人数：13；缴费人数：8,安徽 阜阳市颍州区,https://www.xduim.com/zw/szyf,,专业：不限
2024,三支一扶,2024安徽三支一扶招募,颍州区教育局,6097 颍州区教育局,本科及以上,不限,,笔试+面试,,,招募类别：支教；服务单位：基层学校；招聘人数：1；报名人数：43；合格人数：22；缴费人数：7,安徽 阜阳市颍州区,https://www.xduim.com/zw/szyf,,专业：不限
2024,三支一扶,2024安徽三支一扶招募,颍东区教育局,6100 颍东区教育局,大专及以上,不限,,笔试+面试,,,招募类别：支教；服务单位：基层学校；招聘人数：3；报名人数：477；合格人数：286；缴费人数：184,安徽 阜阳市颍东区,https://www.xduim.com/zw/szyf,,专业：不限
2025,三支一扶,2025安徽三支一扶招募,颍州区教育局,6090 颍州区教育局,本科及以上,专业不限,,笔试+面试,,,招募类别：支教；服务单位：基层学校；招聘人数：3；报名人数：115；合格人数：85；缴费人数：46,安徽 阜阳市颍州区,https://www.xduim.com/zw/szyf,,专业：专业不限
2025,三支一扶,2025安徽三支一扶招募,颍州区教育局,6091 颍州区教育局,本科及以上,专业不限,,笔试+面试,,,招募类别：支教；服务单位：基层学校；招聘人数：4；报名人数：118；合格人数：88；缴费人数：41,安徽 阜阳市颍州区,https://www.xduim.com/zw/szyf,,专业：专业不限
2025,三支一扶,2025安徽三支一扶招募,颍州区教育局,6092 颍州区教育局,本科及以上,专业不限,,笔试+面试,,,招募类别：支教；服务单位：颍州区三塔集镇中心学校及下属学校；招聘人数：2；报名人数：50；合格人数：27；缴费人数：11,安徽 阜阳市颍州区,https://www.xduim.com/zw/szyf,,专业：专业不限
2025,三支一扶,2025安徽三支一扶招募,颍州区教育局,6093 颍州区教育局,本科及以上,专业不限,,笔试+面试,,,招募类别：支教；服务单位：西湖镇中心学校及下属学校；招聘人数：1；报名人数：41；合格人数：28；缴费人数：10,安徽 阜阳市颍州区,https://www.xduim.com/zw/szyf,,专业：专业不限
2025,三支一扶,2025安徽三支一扶招募,颍州区教育局,6094 颍州区教育局,本科及以上,专业不限,,笔试+面试,,,招募类别：支教；服务单位：大田中学；招聘人数：1；报名人数：72；合格人数：51；缴费人数：15,安徽 阜阳市颍州区,https://www.xduim.com/zw/szyf,,专业：专业不限
2025,三支一扶,2025安徽三支一扶招募,颍州区教育局,6095 颍州区教育局,本科及以上,专业不限,,笔试+面试,,,招募类别：支教；服务单位：大田中学；招聘人数：1；报名人数：32；合格人数：20；缴费人数：9,安徽 阜阳市颍州区,https://www.xduim.com/zw/szyf,,专业：专业不限
2025,三支一扶,2025安徽三支一扶招募,颍州区教育局,6096 颍州区教育局,本科及以上,专业不限,,笔试+面试,,,招募类别：支教；服务单位：基层学校；招聘人数：3；报名人数：51；合格人数：33；缴费人数：15,安徽 阜阳市颍州区,https://www.xduim.com/zw/szyf,,专业：专业不限
2025,三支一扶,2025安徽三支一扶招募,颍州区教育局,6097 颍州区教育局,本科及以上,专业不限,,笔试+面试,,,招募类别：支教；服务单位：基层学校；招聘人数：2；报名人数：60；合格人数：45；缴费人数：29,安徽 阜阳市颍州区,https://www.xduim.com/zw/szyf,,专业：专业不限
2025,三支一扶,2025安徽三支一扶招募,颍州区教育局,6098 颍州区教育局,本科及以上,专业不限,,笔试+面试,,,招募类别：支教；服务单位：阜阳市第十二中学；招聘人数：2；报名人数：56；合格人数：45；缴费人数：23,安徽 阜阳市颍州区,https://www.xduim.com/zw/szyf,,专业：专业不限
2025,三支一扶,2025安徽三支一扶招募,颍州区教育局,6099 颍州区教育局,本科及以上,专业不限,,笔试+面试,,,招募类别：支教；服务单位：阜阳市第十二中学；招聘人数：1；报名人数：12；合格人数：4；缴费人数：1,安徽 阜阳市颍州区,https://www.xduim.com/zw/szyf,,专业：专业不限
2023,三支一扶,2023安徽三支一扶招募,区农业农村局,6003 区农业农村局,大专及以上,农业类（大专）；植物生产类（本科）；农学门类（研究生）,,笔试+面试,,,招募类别：支农；服务单位：基层农业综合服务站；招聘人数：2；报名人数：25；合格人数：18；缴费人数：8,安徽 阜阳市颍泉区,https://www.xduim.com/zw/szyf,,专业：农业类（大专）；植物生产类（本科）；农学门类（研究生）
2023,三支一扶,2023安徽三支一扶招募,区乡村振兴局,6004 区乡村振兴局,大专及以上,不限,,笔试+面试,,,招募类别：乡村振兴协理；服务单位：闻集镇乡村振兴站；招聘人数：1；报名人数：148；合格人数：111；缴费人数：58,安徽 阜阳市颍泉区,https://www.xduim.com/zw/szyf,,专业：不限
2024,三支一扶,2024安徽三支一扶招募,颍泉区教育局,6098 颍泉区教育局,本科及以上,不限,,笔试+面试,,,招募类别：支教；服务单位：基层学校；招聘人数：2；报名人数：51；合格人数：40；缴费人数：16,安徽 阜阳市颍泉区,https://www.xduim.com/zw/szyf,,专业：不限
2024,三支一扶,2024安徽三支一扶招募,颍泉区教育局,6099 颍泉区教育局,本科及以上,不限,,笔试+面试,,,招募类别：支教；服务单位：基层学校；招聘人数：1；报名人数：44；合格人数：34；缴费人数：11,安徽 阜阳市颍泉区,https://www.xduim.com/zw/szyf,,专业：不限
2025,三支一扶,2025安徽三支一扶招募,颍泉区教育局,6100 颍泉区教育局,本科及以上,专业不限,,笔试+面试,,,招募类别：支教；服务单位：姜堂中心学校；招聘人数：1；报名人数：6；合格人数：3；缴费人数：2,安徽 阜阳市颍泉区,https://www.xduim.com/zw/szyf,,专业：专业不限
2025,三支一扶,2025安徽三支一扶招募,颍泉区教育局,6101 颍泉区教育局,本科及以上,专业不限,,笔试+面试,,,招募类别：支教；服务单位：周棚中心学校；招聘人数：1；报名人数：63；合格人数：38；缴费人数：22,安徽 阜阳市颍泉区,https://www.xduim.com/zw/szyf,,专业：专业不限
2025,三支一扶,2025安徽三支一扶招募,颍泉区教育局,6102 颍泉区教育局,本科及以上,专业不限,,笔试+面试,,,招募类别：支教；服务单位：苏集中心学校；招聘人数：1；报名人数：33；合格人数：12；缴费人数：6,安徽 阜阳市颍泉区,https://www.xduim.com/zw/szyf,,专业：专业不限
2025,三支一扶,2025安徽三支一扶招募,颍泉区辖乡镇,6103 颍泉区辖乡镇,大专及以上,专业不限,,笔试+面试,,,招募类别：乡村振兴协理；服务单位：行流镇人民政府；招聘人数：1；报名人数：209；合格人数：120；缴费人数：67,安徽 阜阳市颍泉区,https://www.xduim.com/zw/szyf,,专业：专业不限
2025,三支一扶,2025安徽三支一扶招募,颍泉区辖乡镇,6104 颍泉区辖乡镇,大专及以上,大专：4401建筑设计类、4402城乡规划与管理类、4403土建施工类； 本科：0705地理科学类、0801力学类、0810土木类、0828建筑类； 研究生：0705地理学、0801力学、0813建筑学、0814土木工程、0833城乡规划学、0851建筑、0853城乡规划。,,笔试+面试,,,招募类别：乡村振兴协理-建规；服务单位：闻集镇人民政府；招聘人数：1；报名人数：51；合格人数：26；缴费人数：17,安徽 阜阳市颍泉区,https://www.xduim.com/zw/szyf,,专业：大专：4401建筑设计类、4402城乡规划与管理类、4403土建施工类； 本科：0705地理科学类、0801力学类、0810土木类、0828建筑类； 研究生：0705地理学、0801力学、0813建筑学、0814土木工程、0833城乡规划学、0851建筑、0853城乡规划。
2024,三支一扶,2024安徽三支一扶招募,区卫健委,10187 区卫健委,大专及以上,大专：520101K临床医学专业； 本科：100201K临床医学专业、100601K中西医临床医学专业； 研究生：1002临床医学（一级学科）、1006中西医结合（一级学科）。,,笔试+面试,,,招募类别：支医；服务单位：乡镇卫生院；招聘人数：1；报名人数：13；合格人数：12；缴费人数：7,安徽 马鞍山市博望区,https://www.xduim.com/zw/szyf,,专业：大专：520101K临床医学专业； 本科：100201K临床医学专业、100601K中西医临床医学专业； 研究生：1002临床医学（一级学科）、1006中西医结合（一级学科）。
2025,三支一扶,2025安徽三支一扶招募,区农业农村水利局,10193 区农业农村水利局,大专及以上,大专：4101农业类； 本科：09农学门类、0823农业工程类； 研究生：09农学门类、0828农业工程（一级学科）和其他授予农学硕士学位的专业。,,笔试+面试,,,招募类别：支农-农技；服务单位：区农业服务站；招聘人数：1；报名人数：23；合格人数：21；缴费人数：7,安徽 马鞍山市博望区,https://www.xduim.com/zw/szyf,,专业：大专：4101农业类； 本科：09农学门类、0823农业工程类； 研究生：09农学门类、0828农业工程（一级学科）和其他授予农学硕士学位的专业。
2025,三支一扶,2025安徽三支一扶招募,区农业农村水利局,10194 区农业农村水利局,大专及以上,大专：4103畜牧业类； 本科：0903动物生产类、0904动物医学类； 研究生：0905畜牧学（一级学科）、0906兽医学（一级学科）、0952兽医（专业学位硕士）。,,笔试+面试,,,招募类别：支农-农技；服务单位：区畜牧水产站；招聘人数：1；报名人数：15；合格人数：14；缴费人数：6,安徽 马鞍山市博望区,https://www.xduim.com/zw/szyf,,专业：大专：4103畜牧业类； 本科：0903动物生产类、0904动物医学类； 研究生：0905畜牧学（一级学科）、0906兽医学（一级学科）、0952兽医（专业学位硕士）。
2024,三支一扶,2024安徽三支一扶招募,县辖乡镇,10180 县辖乡镇,大专及以上,不限,,笔试+面试,,,招募类别：基层人社平台；服务单位：乡镇人民政府；招聘人数：1；报名人数：202；合格人数：171；缴费人数：101,安徽 马鞍山市含山县,https://www.xduim.com/zw/szyf,,专业：不限
2025,三支一扶,2025安徽三支一扶招募,县辖乡镇,10186 县辖乡镇,大专及以上,专业不限,,笔试+面试,,,招募类别：基层人社平台；服务单位：乡镇人民政府；招聘人数：1；报名人数：200；合格人数：176；缴费人数：102,安徽 马鞍山市含山县,https://www.xduim.com/zw/szyf,,专业：专业不限
2022,三支一扶,2022安徽三支一扶招募,县农业农村局,10001 县农业农村局,大专及以上,农业类、畜牧业类、渔业类（大专），农学门类（本科）,,笔试+面试,,,招募类别：支农；服务单位：乡镇农业综合服务站；招聘人数：4,安徽 马鞍山市和县,https://www.xduim.com/zw/szyf,,专业：农业类、畜牧业类、渔业类（大专），农学门类（本科）
2022,三支一扶,2022安徽三支一扶招募,县辖乡镇,10002 县辖乡镇,大专及以上,不限,,笔试+面试,,,招募类别：基层人社平台；服务单位：农业经济服务中心、乡镇就业和社会保障事务所；招聘人数：3,安徽 马鞍山市和县,https://www.xduim.com/zw/szyf,,专业：不限
2024,三支一扶,2024安徽三支一扶招募,县辖乡镇,10181 县辖乡镇,大专及以上,不限,,笔试+面试,,,招募类别：基层人社平台；服务单位：乡镇人民政府；招聘人数：1；报名人数：181；合格人数：153；缴费人数：81,安徽 马鞍山市和县,https://www.xduim.com/zw/szyf,,专业：不限
2025,三支一扶,2025安徽三支一扶招募,县辖乡镇,10187 县辖乡镇,大专及以上,专业不限,,笔试+面试,,,招募类别：基层人社平台；服务单位：乡镇人民政府；招聘人数：1；报名人数：220；合格人数：188；缴费人数：96,安徽 马鞍山市和县,https://www.xduim.com/zw/szyf,,专业：专业不限
2025,三支一扶,2025安徽三支一扶招募,县辖乡镇,10188 县辖乡镇,大专及以上,大专：4101农业类。 本科：09农学门类、0823农业工程类。 研究生：09农学门类、0828农业工程（一级学科）和其他授予农学硕士学位的专业。,,笔试+面试,,,招募类别：支农-农技；服务单位：乡镇人民政府；招聘人数：1；报名人数：14；合格人数：14；缴费人数：9,安徽 马鞍山市和县,https://www.xduim.com/zw/szyf,,专业：大专：4101农业类。 本科：09农学门类、0823农业工程类。 研究生：09农学门类、0828农业工程（一级学科）和其他授予农学硕士学位的专业。
2024,三支一扶,2024安徽三支一扶招募,县辖乡镇,10182 县辖乡镇,大专及以上,不限,,笔试+面试,,,招募类别：乡村振兴协理；服务单位：乡镇人民政府；招聘人数：1；报名人数：208；合格人数：176；缴费人数：90,安徽 马鞍山市当涂县,https://www.xduim.com/zw/szyf,,专业：不限
2022,三支一扶,2022安徽三支一扶招募,区辖乡镇,10003 区辖乡镇,大专及以上,水利工程与管理类（大专），水利类（本科）,,笔试+面试,,,招募类别：支农；服务单位：年陡镇农业服务中心；招聘人数：1,安徽 马鞍山市经开区,https://www.xduim.com/zw/szyf,,专业：水利工程与管理类（大专），水利类（本科）
2022,三支一扶,2022安徽三支一扶招募,区辖乡镇,10004 区辖乡镇,大专及以上,建筑设计类、城乡规划与管理类、土建施工类（大专），地理科学类、力学类、土木类、建筑类（本科），地理学、力学、建筑学、土木工程（研究生），建筑学、城市规划（专业学位硕士）,,笔试+面试,,,招募类别：乡村振兴协理；服务单位：年陡镇农业服务中心；招聘人数：1,安徽 马鞍山市经开区,https://www.xduim.com/zw/szyf,,专业：建筑设计类、城乡规划与管理类、土建施工类（大专），地理科学类、力学类、土木类、建筑类（本科），地理学、力学、建筑学、土木工程（研究生），建筑学、城市规划（专业学位硕士）
2025,三支一扶,2025安徽三支一扶招募,县辖乡镇,10189 县辖乡镇,大专及以上,专业不限,,笔试+面试,,,招募类别：乡村振兴协理；服务单位：乡镇人民政府；招聘人数：1；报名人数：210；合格人数：182；缴费人数：103,安徽 马鞍山市当涂县,https://www.xduim.com/zw/szyf,,专业：专业不限
2025,三支一扶,2025安徽三支一扶招募,县辖乡镇,10190 县辖乡镇,大专及以上,大专:4401建筑设计类、4402城乡规划与管理类、4403土建施工类。 本科：0705地理科学类、0801力学类、0810土木类、0828建筑类。 研究生：0705地理学、0801力学、0813建筑学、0814土木工程、0833城乡规划学、0851建筑、0853城乡规划。,,笔试+面试,,,招募类别：乡村振兴协理-建规；服务单位：乡镇人民政府；招聘人数：1；报名人数：40；合格人数：34；缴费人数：22,安徽 马鞍山市当涂县,https://www.xduim.com/zw/szyf,,专业：大专:4401建筑设计类、4402城乡规划与管理类、4403土建施工类。 本科：0705地理科学类、0801力学类、0810土木类、0828建筑类。 研究生：0705地理学、0801力学、0813建筑学、0814土木工程、0833城乡规划学、0851建筑、0853城乡规划。
2024,三支一扶,2024安徽三支一扶招募,区辖乡镇,10188 区辖乡镇,大专及以上,大专：5804法律实务类，5805法律执行类； 大学本科：0301法学类； 研究生：0301法学（一级学科）、0351法律（专业学位硕士）。,,笔试+面试,,,招募类别：乡村振兴协理；服务单位：乡镇人民政府；招聘人数：1；报名人数：27；合格人数：15；缴费人数：11,安徽 马鞍山市经开区,https://www.xduim.com/zw/szyf,,专业：大专：5804法律实务类，5805法律执行类； 大学本科：0301法学类； 研究生：0301法学（一级学科）、0351法律（专业学位硕士）。
2025,三支一扶,2025安徽三支一扶招募,区辖乡镇,10195 区辖乡镇,大专及以上,大专:4401建筑设计类、4402城乡规划与管理类、4403土建施工类。 本科：0705地理科学类、0801力学类、0810土木类、0828建筑类。 研究生：0705地理学、0801力学、0813建筑学、0814土木工程、0833城乡规划学、0851建筑、0853城乡规划。,,笔试+面试,,,招募类别：乡村振兴协理-建规；服务单位：乡镇人民政府；招聘人数：1；报名人数：32；合格人数：27；缴费人数：20,安徽 马鞍山市经开区,https://www.xduim.com/zw/szyf,,专业：大专:4401建筑设计类、4402城乡规划与管理类、4403土建施工类。 本科：0705地理科学类、0801力学类、0810土木类、0828建筑类。 研究生：0705地理学、0801力学、0813建筑学、0814土木工程、0833城乡规划学、0851建筑、0853城乡规划。
2023,三支一扶,2023安徽三支一扶招募,区辖乡镇,10001 区辖乡镇,大专及以上,水利工程与管理类（大专）；水利类（本科）；水利工程（一级学科），土木水利（专业硕士学位）（研究生),,笔试+面试,,,招募类别：支农；服务单位：濮塘镇人民政府；招聘人数：1；报名人数：13；合格人数：9；缴费人数：1,安徽 马鞍山市花山区,https://www.xduim.com/zw/szyf,,专业：水利工程与管理类（大专）；水利类（本科）；水利工程（一级学科），土木水利（专业硕士学位）（研究生)
2023,三支一扶,2023安徽三支一扶招募,区辖乡镇,10002 区辖乡镇,大专及以上,农业类（大专）；农学门类（本科）；农学门类，农业工程（一级学科），农业（专业硕士学位）（研究生）,,笔试+面试,,,招募类别：支农；服务单位：濮塘镇人民政府；招聘人数：1；报名人数：21；合格人数：19；缴费人数：10,安徽 马鞍山市花山区,https://www.xduim.com/zw/szyf,,专业：农业类（大专）；农学门类（本科）；农学门类，农业工程（一级学科），农业（专业硕士学位）（研究生）
2023,三支一扶,2023安徽三支一扶招募,区辖乡镇,10003 区辖乡镇,大专及以上,建筑设计类、城乡规划与管理类、土建施工类（大专）；地理科学类、力学类、土木类、建筑类（本科）；地理学、力学、建筑学、土木工程、城乡规划学（一级学科），建筑、城乡规划（专业学位硕士）（研究生）,,笔试+面试,,,招募类别：乡村振兴协理；服务单位：濮塘镇人民政府；招聘人数：1；报名人数：55；合格人数：28；缴费人数：19,安徽 马鞍山市花山区,https://www.xduim.com/zw/szyf,,专业：建筑设计类、城乡规划与管理类、土建施工类（大专）；地理科学类、力学类、土木类、建筑类（本科）；地理学、力学、建筑学、土木工程、城乡规划学（一级学科），建筑、城乡规划（专业学位硕士）（研究生）
2024,三支一扶,2024安徽三支一扶招募,区辖街道,10183 区辖街道,大专及以上,不限,,笔试+面试,,,招募类别：青年工作；服务单位：街道办事处；招聘人数：1；报名人数：361；合格人数：299；缴费人数：142,安徽 马鞍山市花山区,https://www.xduim.com/zw/szyf,,专业：不限
2022,三支一扶,2022安徽三支一扶招募,郑蒲港新区党群工作部,10005 郑蒲港新区党群工作部,大专及以上,农业类（大专），农学类（本科）,,笔试+面试,,,招募类别：支农；服务单位：姥下河电力排灌站；招聘人数：2,安徽 马鞍山市郑蒲港新区,https://www.xduim.com/zw/szyf,,专业：农业类（大专），农学类（本科）
2022,三支一扶,2022安徽三支一扶招募,郑蒲港新区党群工作部,10006 郑蒲港新区党群工作部,大专及以上,水利工程与管理类（大专），水利类、土木类（本科）,,笔试+面试,,,招募类别：支农；服务单位：姥下河电力排灌站；招聘人数：3,安徽 马鞍山市郑蒲港新区,https://www.xduim.com/zw/szyf,,专业：水利工程与管理类（大专），水利类、土木类（本科）
2022,三支一扶,2022安徽三支一扶招募,郑蒲港新区党群工作部,10007 郑蒲港新区党群工作部,大专及以上,建筑设计类、城乡规划与管理类、土建施工类（大专），地理科学类、力学类、土木类、建筑类（本科），地理学、力学、建筑学、土木工程（研究生），建筑学、城市规划（专业学位硕士）,,笔试+面试,,,招募类别：乡村振兴协理；服务单位：白桥镇农业综合服务站；招聘人数：1,安徽 马鞍山市郑蒲港新区,https://www.xduim.com/zw/szyf,,专业：建筑设计类、城乡规划与管理类、土建施工类（大专），地理科学类、力学类、土木类、建筑类（本科），地理学、力学、建筑学、土木工程（研究生），建筑学、城市规划（专业学位硕士）
2023,三支一扶,2023安徽三支一扶招募,郑蒲港新区党群工作部,10004 郑蒲港新区党群工作部,大专及以上,水利工程与管理类、水利水电设备类（大专）；水利类（本科）；水利工程（一级学科）、土木水利（专业硕士学位）(研究生),,笔试+面试,,,招募类别：支农；服务单位：姥下河电力排灌站；招聘人数：4；报名人数：33；合格人数：24；缴费人数：13,安徽 马鞍山市郑蒲港新区,https://www.xduim.com/zw/szyf,,专业：水利工程与管理类、水利水电设备类（大专）；水利类（本科）；水利工程（一级学科）、土木水利（专业硕士学位）(研究生)
2024,三支一扶,2024安徽三支一扶招募,郑蒲港新区管委会,10189 郑蒲港新区管委会,大专及以上,大专：4101农业类； 本科：09农学、0823农业工程类； 研究生：09农学、0828 农业工程（一级学科）和其他授予农学硕士学位的专业。,,笔试+面试,,,招募类别：支农；服务单位：乡镇农业综合服务站；招聘人数：2；报名人数：31；合格人数：25；缴费人数：13,安徽 马鞍山市郑蒲港新区,https://www.xduim.com/zw/szyf,,专业：大专：4101农业类； 本科：09农学、0823农业工程类； 研究生：09农学、0828 农业工程（一级学科）和其他授予农学硕士学位的专业。
2024,三支一扶,2024安徽三支一扶招募,郑蒲港新区管委会,10190 郑蒲港新区管委会,大专及以上,大专：4502水利工程与管理类、4503水利水电设备类； 本科：0811水利类； 研究生：0815 水利工程（一级学科）、0859土木水利（专业硕士学位）。,,笔试+面试,,,招募类别：支农；服务单位：姥下河电力排灌站；招聘人数：4；报名人数：45；合格人数：25；缴费人数：10,安徽 马鞍山市郑蒲港新区,https://www.xduim.com/zw/szyf,,专业：大专：4502水利工程与管理类、4503水利水电设备类； 本科：0811水利类； 研究生：0815 水利工程（一级学科）、0859土木水利（专业硕士学位）。
2025,三支一扶,2025安徽三支一扶招募,郑蒲港新区管委会,10196 郑蒲港新区管委会,大专及以上,大专:4401建筑设计类、4402城乡规划与管理类、4403土建施工类。 本科：0705地理科学类、0801力学类、0810土木类、0828建筑类。 研究生：0705地理学、0801力学、0813建筑学、0814土木工程、0833城乡规划学、0851建筑、0853城乡规划。,,笔试+面试,,,招募类别：乡村振兴协理-建规；服务单位：乡镇人民政府；招聘人数：1；报名人数：36；合格人数：17；缴费人数：9,安徽 马鞍山市郑蒲港新区,https://www.xduim.com/zw/szyf,,专业：大专:4401建筑设计类、4402城乡规划与管理类、4403土建施工类。 本科：0705地理科学类、0801力学类、0810土木类、0828建筑类。 研究生：0705地理学、0801力学、0813建筑学、0814土木工程、0833城乡规划学、0851建筑、0853城乡规划。
2024,三支一扶,2024安徽三支一扶招募,区辖乡镇,10184 区辖乡镇,大专及以上,大专：5804法律实务类，5805法律执行类； 大学本科：0301法学类； 研究生：0301法学（一级学科）、0351法律（专业学位硕士）。,,笔试+面试,,,招募类别：乡村振兴协理；服务单位：乡镇人民政府；招聘人数：1；报名人数：35；合格人数：28；缴费人数：11,安徽 马鞍山市雨山区,https://www.xduim.com/zw/szyf,,专业：大专：5804法律实务类，5805法律执行类； 大学本科：0301法学类； 研究生：0301法学（一级学科）、0351法律（专业学位硕士）。
2024,三支一扶,2024安徽三支一扶招募,区辖乡镇,10185 区辖乡镇,大专及以上,大专：4101农业类； 大学本科：09农学、0823农业工程类； 研究生：09农学、0828农业工程(一级学科）和其他授予农学硕士学位的专业。,,笔试+面试,,,招募类别：支农；服务单位：乡镇人民政府；招聘人数：1；报名人数：30；合格人数：24；缴费人数：8,安徽 马鞍山市雨山区,https://www.xduim.com/zw/szyf,,专业：大专：4101农业类； 大学本科：09农学、0823农业工程类； 研究生：09农学、0828农业工程(一级学科）和其他授予农学硕士学位的专业。
2024,三支一扶,2024安徽三支一扶招募,区辖乡镇,10186 区辖乡镇,大专及以上,大专：4401建筑设计类、4402城乡规划与管理类、4403土建施工类； 大学本科：0705地理科学类、0801力学类、0810土木类、0828建筑类； 研究生：0705地理学、0801力学、0813建筑学、0814土木工程，0851建筑、0853城乡规划（专业学位硕士）。,,笔试+面试,,,招募类别：乡村振兴协理；服务单位：乡镇人民政府；招聘人数：1；报名人数：50；合格人数：42；缴费人数：24,安徽 马鞍山市雨山区,https://www.xduim.com/zw/szyf,,专业：大专：4401建筑设计类、4402城乡规划与管理类、4403土建施工类； 大学本科：0705地理科学类、0801力学类、0810土木类、0828建筑类； 研究生：0705地理学、0801力学、0813建筑学、0814土木工程，0851建筑、0853城乡规划（专业学位硕士）。
2025,三支一扶,2025安徽三支一扶招募,区辖乡镇,10191 区辖乡镇,大专及以上,大专：5804法律实务类，5805法律执行类。 本科：0301法学类。 研究生：0301法学（一级学科）、0351法律（专业学位硕士）。,,笔试+面试,,,招募类别：乡村振兴协理-法律；服务单位：乡镇人民政府；招聘人数：1；报名人数：63；合格人数：60；缴费人数：30,安徽 马鞍山市雨山区,https://www.xduim.com/zw/szyf,,专业：大专：5804法律实务类，5805法律执行类。 本科：0301法学类。 研究生：0301法学（一级学科）、0351法律（专业学位硕士）。
2025,三支一扶,2025安徽三支一扶招募,区辖乡镇,10192 区辖乡镇,大专及以上,不限,,笔试+面试,,,招募类别：基层人社平台；服务单位：乡镇人民政府；招聘人数：1；报名人数：292；合格人数：257；缴费人数：130,安徽 马鞍山市雨山区,https://www.xduim.com/zw/szyf,,专业：不限
2023,三支一扶,2023安徽三支一扶招募,县辖乡镇,17014 县辖乡镇,大专及以上,不限,,笔试+面试,,,招募类别：乡村振兴协理；服务单位：乡镇人民政府；招聘人数：12；报名人数：477；合格人数：414；缴费人数：245,安徽 黄山市休宁县,https://www.xduim.com/zw/szyf,,专业：不限
2023,三支一扶,2023安徽三支一扶招募,县卫健委,17015 县卫健委,大专及以上,临床医学专业、药学专业、中医学专业、针灸推拿专业、医学检验技术专业（大专）;临床医学专业、药学专业、中医学专业、医学检验技术专业（本科）;临床医学、药学、中医学（一级学科），临床医学、药学、中医（专业学位硕士）（研究生）,,笔试+面试,,,招募类别：支医；服务单位：乡镇卫生院；招聘人数：2；报名人数：32；合格人数：23；缴费人数：15,安徽 黄山市休宁县,https://www.xduim.com/zw/szyf,,专业：临床医学专业、药学专业、中医学专业、针灸推拿专业、医学检验技术专业（大专）;临床医学专业、药学专业、中医学专业、医学检验技术专业（本科）;临床医学、药学、中医学（一级学科），临床医学、药学、中医（专业学位硕士）（研究生）
2023,三支一扶,2023安徽三支一扶招募,县教育局,17016 县教育局,大专及以上,不限,,笔试+面试,,,招募类别：支教；服务单位：基层学校；招聘人数：2；报名人数：82；合格人数：50；缴费人数：34,安徽 黄山市休宁县,https://www.xduim.com/zw/szyf,,专业：不限
2022,三支一扶,2022安徽三支一扶招募,县辖乡镇,17018 县辖乡镇,大专及以上,不限,,笔试+面试,,,招募类别：乡村振兴-协理；服务单位：乡镇政府；招聘人数：7,安徽 黄山市休宁县,https://www.xduim.com/zw/szyf,,专业：不限
2022,三支一扶,2022安徽三支一扶招募,县辖乡镇,17019 县辖乡镇,大专及以上,法律实务类、法律执行类（大专），法学类（本科），法学（研究生），法律（专业学位硕士）,,笔试+面试,,,招募类别：乡村振兴协理；服务单位：渭桥乡综合治理中心；招聘人数：1,安徽 黄山市休宁县,https://www.xduim.com/zw/szyf,,专业：法律实务类、法律执行类（大专），法学类（本科），法学（研究生），法律（专业学位硕士）
2022,三支一扶,2022安徽三支一扶招募,县辖乡镇,17020 县辖乡镇,大专及以上,不限,,笔试+面试,,,招募类别：基层人社平台；服务单位：乡镇政府；招聘人数：7,安徽 黄山市休宁县,https://www.xduim.com/zw/szyf,,专业：不限
2022,三支一扶,2022安徽三支一扶招募,县教育局,17021 县教育局,大专及以上,不限,,笔试+面试,,,招募类别：支教；服务单位：基层学校；招聘人数：2,安徽 黄山市休宁县,https://www.xduim.com/zw/szyf,,专业：不限
2022,三支一扶,2022安徽三支一扶招募,县卫健委,17022 县卫健委,大专及以上,临床医学、预防医学、医学检验技术（大专），临床医学、预防医学、医学检验技术（本科）,,笔试+面试,,,招募类别：支医；服务单位：乡镇卫生院；招聘人数：2,安徽 黄山市休宁县,https://www.xduim.com/zw/szyf,,专业：临床医学、预防医学、医学检验技术（大专），临床医学、预防医学、医学检验技术（本科）
2022,三支一扶,2022安徽三支一扶招募,县林业局,17023 县林业局,大专及以上,不限,,笔试+面试,,,招募类别：支农；服务单位：汪村镇林业站；招聘人数：1,安徽 黄山市休宁县,https://www.xduim.com/zw/szyf,,专业：不限
2024,三支一扶,2024安徽三支一扶招募,县辖乡镇,17300 县辖乡镇,大专及以上,不限,,笔试+面试,,,招募类别：乡村振兴协理；服务单位：乡镇政府；招聘人数：8；报名人数：418；合格人数：344；缴费人数：174,安徽 黄山市休宁县,https://www.xduim.com/zw/szyf,,专业：不限
2024,三支一扶,2024安徽三支一扶招募,县教育局,17301 县教育局,大专及以上,不限,,笔试+面试,,,招募类别：支教；服务单位：溪口中心小学；招聘人数：1；报名人数：54；合格人数：34；缴费人数：15,安徽 黄山市休宁县,https://www.xduim.com/zw/szyf,,专业：不限
2024,三支一扶,2024安徽三支一扶招募,县教育局,17302 县教育局,大专及以上,不限,,笔试+面试,,,招募类别：支教；服务单位：鹤城实验学校；招聘人数：1；报名人数：27；合格人数：9；缴费人数：5,安徽 黄山市休宁县,https://www.xduim.com/zw/szyf,,专业：不限
2024,三支一扶,2024安徽三支一扶招募,县林业局,17303 县林业局,大专及以上,不限,,笔试+面试,,,招募类别：支农；服务单位：乡镇林业站；招聘人数：3；报名人数：135；合格人数：112；缴费人数：61,安徽 黄山市休宁县,https://www.xduim.com/zw/szyf,,专业：不限
2024,三支一扶,2024安徽三支一扶招募,县卫健委,17304 县卫健委,大专及以上,大专：520101K临床医学专业、520401K中医学专业； 大学本科：100201K临床医学专业、100501K中医学专业、100601K中西医临床医学专业； 研究生：1002临床医学、1005中医学、1051临床医学（专业硕士学位）、1057中医（专业硕士学位）。,,笔试+面试,,,招募类别：支医；服务单位：乡镇卫生院；招聘人数：3；报名人数：10；合格人数：3；缴费人数：1,安徽 黄山市休宁县,https://www.xduim.com/zw/szyf,,专业：大专：520101K临床医学专业、520401K中医学专业； 大学本科：100201K临床医学专业、100501K中医学专业、100601K中西医临床医学专业； 研究生：1002临床医学、1005中医学、1051临床医学（专业硕士学位）、1057中医（专业硕士学位）。
2025,三支一扶,2025安徽三支一扶招募,休宁县辖乡镇,17325 休宁县辖乡镇,大专及以上,专业不限,,笔试+面试,,,招募类别：乡村振兴协理；服务单位：乡镇政府；招聘人数：6；报名人数：400；合格人数：341；缴费人数：180,安徽 黄山市休宁县,https://www.xduim.com/zw/szyf,,专业：专业不限
2025,三支一扶,2025安徽三支一扶招募,休宁县辖乡镇,17326 休宁县辖乡镇,大专及以上,专业不限,,笔试+面试,,,招募类别：基层人社平台；服务单位：乡镇政府；招聘人数：4；报名人数：244；合格人数：222；缴费人数：104,安徽 黄山市休宁县,https://www.xduim.com/zw/szyf,,专业：专业不限
2025,三支一扶,2025安徽三支一扶招募,休宁县林业局,17327 休宁县林业局,大专及以上,专业不限,,笔试+面试,,,招募类别：支农-林业；服务单位：乡镇林业站；招聘人数：2；报名人数：115；合格人数：104；缴费人数：57,安徽 黄山市休宁县,https://www.xduim.com/zw/szyf,,专业：专业不限
2025,三支一扶,2025安徽三支一扶招募,休宁县卫生健康委,17328 休宁县卫生健康委,大专及以上,大专：520101K临床医学专业、520401K中医学专业； 本科：100201K临床医学专业、100501K中医学专业、100601K中西医临床医学专业； 研究生：1002临床医学、1051临床医学（专业硕士学位）。,,笔试+面试,,,招募类别：支医；服务单位：月潭湖镇卫生院；招聘人数：1；报名人数：11；合格人数：7；缴费人数：3,安徽 黄山市休宁县,https://www.xduim.com/zw/szyf,,专业：大专：520101K临床医学专业、520401K中医学专业； 本科：100201K临床医学专业、100501K中医学专业、100601K中西医临床医学专业； 研究生：1002临床医学、1051临床医学（专业硕士学位）。
2022,三支一扶,2022安徽三支一扶招募,区卫健委,17001 区卫健委,大专及以上,临床医学、中医学、中医康复技术（大专），临床医学、中医学、中西医临床医学（本科）,,笔试+面试,,,招募类别：支医；服务单位：乡镇卫生院；招聘人数：2,安徽 黄山市屯溪区,https://www.xduim.com/zw/szyf,,专业：临床医学、中医学、中医康复技术（大专），临床医学、中医学、中西医临床医学（本科）
2022,三支一扶,2022安徽三支一扶招募,区卫健委,17002 区卫健委,大专及以上,药学、临床医学、康复治疗技术（大专），药学、临床医学、康复治疗学（本科）,,笔试+面试,,,招募类别：支医；服务单位：屯溪区黎阳镇卫生院；招聘人数：1,安徽 黄山市屯溪区,https://www.xduim.com/zw/szyf,,专业：药学、临床医学、康复治疗技术（大专），药学、临床医学、康复治疗学（本科）
2022,三支一扶,2022安徽三支一扶招募,区教育局,17003 区教育局,大专及以上,不限,,笔试+面试,,,招募类别：支教；服务单位：屯溪江南实验小学附属柏山小学；招聘人数：1,安徽 黄山市屯溪区,https://www.xduim.com/zw/szyf,,专业：不限
2022,三支一扶,2022安徽三支一扶招募,区教育局,17004 区教育局,大专及以上,不限,,笔试+面试,,,招募类别：支教；服务单位：屯溪东城实验小学；招聘人数：1,安徽 黄山市屯溪区,https://www.xduim.com/zw/szyf,,专业：不限
2022,三支一扶,2022安徽三支一扶招募,区辖乡镇,17005 区辖乡镇,大专及以上,建筑设计类、城乡规划与管理类、土建施工类（大专），地理科学类、力学类、土木类、建筑类（本科），地理学、力学、建筑学、土木工程（研究生），建筑学、城市规划（专业学位硕士）,,笔试+面试,,,招募类别：乡村振兴协理；服务单位：屯溪区黎阳镇为民服务中心；招聘人数：1,安徽 黄山市屯溪区,https://www.xduim.com/zw/szyf,,专业：建筑设计类、城乡规划与管理类、土建施工类（大专），地理科学类、力学类、土木类、建筑类（本科），地理学、力学、建筑学、土木工程（研究生），建筑学、城市规划（专业学位硕士）
2022,三支一扶,2022安徽三支一扶招募,区辖乡镇,17006 区辖乡镇,大专及以上,不限,,笔试+面试,,,招募类别：基层人社平台；服务单位：屯溪区昱中街道为民服务中心；招聘人数：1,安徽 黄山市屯溪区,https://www.xduim.com/zw/szyf,,专业：不限
2022,三支一扶,2022安徽三支一扶招募,区农业农村局,17007 区农业农村局,大专及以上,不限,,笔试+面试,,,招募类别：乡村振兴协理；服务单位：屯溪区乡村振兴服务中心；招聘人数：1,安徽 黄山市屯溪区,https://www.xduim.com/zw/szyf,,专业：不限
2023,三支一扶,2023安徽三支一扶招募,区卫健委,17001 区卫健委,大专及以上,临床医学类（大专）；临床医学类（本科）；临床医学（一级学科），临床医学（专业学位硕士）（研究生）,,笔试+面试,,,招募类别：支医；服务单位：阳湖镇卫生院；招聘人数：1；报名人数：4；合格人数：2；缴费人数：0,安徽 黄山市屯溪区,https://www.xduim.com/zw/szyf,,专业：临床医学类（大专）；临床医学类（本科）；临床医学（一级学科），临床医学（专业学位硕士）（研究生）
2023,三支一扶,2023安徽三支一扶招募,区卫健委,17002 区卫健委,大专及以上,医学影像技术专业、医学检验技术专业、卫生检验与检疫技术专业（大专）；医学影像技术专业、医学检验技术专业、卫生检验与检疫专业（本科）；临床医学（一级学科），临床医学（专业学位硕士）（研究生）,,笔试+面试,,,招募类别：支医；服务单位：乡镇卫生院；招聘人数：2；报名人数：53；合格人数：35；缴费人数：21,安徽 黄山市屯溪区,https://www.xduim.com/zw/szyf,,专业：医学影像技术专业、医学检验技术专业、卫生检验与检疫技术专业（大专）；医学影像技术专业、医学检验技术专业、卫生检验与检疫专业（本科）；临床医学（一级学科），临床医学（专业学位硕士）（研究生）
2023,三支一扶,2023安徽三支一扶招募,区卫健委,17003 区卫健委,大专及以上,临床医学类（大专）；临床医学类（本科）；临床医学（一级学科），临床医学（专业学位硕士）（研究生）,,笔试+面试,,,招募类别：支医；服务单位：新潭镇卫生院；招聘人数：1；报名人数：2；合格人数：2；缴费人数：1,安徽 黄山市屯溪区,https://www.xduim.com/zw/szyf,,专业：临床医学类（大专）；临床医学类（本科）；临床医学（一级学科），临床医学（专业学位硕士）（研究生）
2024,三支一扶,2024安徽三支一扶招募,区林业局,17283 区林业局,大专及以上,大专：4102林业类； 大学本科：0905林学类； 研究生：0829林业工程、0907林学、0954林业（专业硕士学位）,,笔试+面试,,,招募类别：支农；服务单位：奕棋镇林业站；招聘人数：1；报名人数：6；合格人数：5；缴费人数：3,安徽 黄山市屯溪区,https://www.xduim.com/zw/szyf,,专业：大专：4102林业类； 大学本科：0905林学类； 研究生：0829林业工程、0907林学、0954林业（专业硕士学位）
2024,三支一扶,2024安徽三支一扶招募,区卫健委,17284 区卫健委,大专及以上,大专：520101K临床医学专业、520401K中医学专业、520403K针灸推拿专业； 大学本科：100201K临床医学专业、100601K中西医临床医学专业、100510TK中医康复学专业； 研究生：1002临床医学、1006中西医结合、1051临床医学（专业硕士学位）,,笔试+面试,,,招募类别：支医；服务单位：屯光镇卫生院；招聘人数：1；报名人数：8；合格人数：7；缴费人数：4,安徽 黄山市屯溪区,https://www.xduim.com/zw/szyf,,专业：大专：520101K临床医学专业、520401K中医学专业、520403K针灸推拿专业； 大学本科：100201K临床医学专业、100601K中西医临床医学专业、100510TK中医康复学专业； 研究生：1002临床医学、1006中西医结合、1051临床医学（专业硕士学位）
2024,三支一扶,2024安徽三支一扶招募,区卫健委,17285 区卫健委,大专及以上,大专：520101K临床医学专业、520401K中医学专业； 大学本科：100201K临床医学专业、100501K中医学专业、100601K中西医临床医学专业； 研究生：1002临床医学、1006中西医结合、1051临床医学（专业硕士学位）、1057中医（专业硕士学位）。,,笔试+面试,,,招募类别：支医；服务单位：奕棋镇卫生院；招聘人数：1；报名人数：2；合格人数：2；缴费人数：1,安徽 黄山市屯溪区,https://www.xduim.com/zw/szyf,,专业：大专：520101K临床医学专业、520401K中医学专业； 大学本科：100201K临床医学专业、100501K中医学专业、100601K中西医临床医学专业； 研究生：1002临床医学、1006中西医结合、1051临床医学（专业硕士学位）、1057中医（专业硕士学位）。
2024,三支一扶,2024安徽三支一扶招募,区辖乡镇,17286 区辖乡镇,大专及以上,大专：4401建筑设计类、4402城乡规划与管理类、4403土建施工类； 大学本科：0705地理科学类、0801力学类、0810土木类、0828建筑类； 研究生：0705地理学、0801力学、0813建筑学、0814土木工程、0851建筑（专业硕士学位）、0853城乡规划（专业硕士学位）。,,笔试+面试,,,招募类别：乡村振兴协理；服务单位：奕棋镇自然资源管理所；招聘人数：1；报名人数：24；合格人数：24；缴费人数：11,安徽 黄山市屯溪区,https://www.xduim.com/zw/szyf,,专业：大专：4401建筑设计类、4402城乡规划与管理类、4403土建施工类； 大学本科：0705地理科学类、0801力学类、0810土木类、0828建筑类； 研究生：0705地理学、0801力学、0813建筑学、0814土木工程、0851建筑（专业硕士学位）、0853城乡规划（专业硕士学位）。
2025,三支一扶,2025安徽三支一扶招募,屯溪区教育局,17307 屯溪区教育局,大专及以上,专业不限,,笔试+面试,,,招募类别：支教；服务单位：屯溪百鸟亭小学（尤溪小学）；招聘人数：1；报名人数：74；合格人数：55；缴费人数：31,安徽 黄山市屯溪区,https://www.xduim.com/zw/szyf,,专业：专业不限
2025,三支一扶,2025安徽三支一扶招募,屯溪区教育局,17308 屯溪区教育局,大专及以上,专业不限,,笔试+面试,,,招募类别：支教；服务单位：屯溪江南实验小学（柏山小学）；招聘人数：1；报名人数：93；合格人数：80；缴费人数：52,安徽 黄山市屯溪区,https://www.xduim.com/zw/szyf,,专业：专业不限
2025,三支一扶,2025安徽三支一扶招募,屯溪区教育局,17309 屯溪区教育局,大专及以上,专业不限,,笔试+面试,,,招募类别：支教；服务单位：基层小学；招聘人数：2；报名人数：63；合格人数：40；缴费人数：22,安徽 黄山市屯溪区,https://www.xduim.com/zw/szyf,,专业：专业不限
2025,三支一扶,2025安徽三支一扶招募,屯溪区卫生健康委,17310 屯溪区卫生健康委,大专及以上,大专：520101K临床医学、520403K针灸推拿、520401K中医学； 本科：100201K临床医学、100207TK儿科学、100501K中医学； 研究生：100201内科学、 100202儿科学、 100506中医内科学。,,笔试+面试,,,招募类别：支医；服务单位：屯溪区奕棋镇中心卫生院；招聘人数：2；报名人数：28；合格人数：22；缴费人数：17,安徽 黄山市屯溪区,https://www.xduim.com/zw/szyf,,专业：大专：520101K临床医学、520403K针灸推拿、520401K中医学； 本科：100201K临床医学、100207TK儿科学、100501K中医学； 研究生：100201内科学、 100202儿科学、 100506中医内科学。
2025,三支一扶,2025安徽三支一扶招募,屯溪区黎阳镇人民政府,17311 屯溪区黎阳镇人民政府,大专及以上,专业不限,,笔试+面试,,,招募类别：基层人社平台；服务单位：屯溪区黎阳镇为民服务中心；招聘人数：1；报名人数：184；合格人数：156；缴费人数：78,安徽 黄山市屯溪区,https://www.xduim.com/zw/szyf,,专业：专业不限
2025,三支一扶,2025安徽三支一扶招募,屯溪区自然资源和规划局,17312 屯溪区自然资源和规划局,大专及以上,大专：4401建筑设计类、4402城乡规划与管理类、4403土建施工类； 本科：0705地理科学类、0801力学类、0810土木类、0828建筑类； 研究生：0705地理学、0801力学、0813建筑学、0814土木工程、0833城乡规划学、0851建筑、0853城乡规划。,,笔试+面试,,,招募类别：乡村振兴协理-建规；服务单位：屯溪区阳湖镇自然资源管理所；招聘人数：1；报名人数：39；合格人数：28；缴费人数：13,安徽 黄山市屯溪区,https://www.xduim.com/zw/szyf,,专业：大专：4401建筑设计类、4402城乡规划与管理类、4403土建施工类； 本科：0705地理科学类、0801力学类、0810土木类、0828建筑类； 研究生：0705地理学、0801力学、0813建筑学、0814土木工程、0833城乡规划学、0851建筑、0853城乡规划。
2023,三支一扶,2023安徽三支一扶招募,区辖乡镇,17009 区辖乡镇,大专及以上,不限,,笔试+面试,,,招募类别：支农；服务单位：富溪乡人民政府；招聘人数：1；报名人数：49；合格人数：35；缴费人数：18,安徽 黄山市徽州区,https://www.xduim.com/zw/szyf,,专业：不限
2023,三支一扶,2023安徽三支一扶招募,区辖乡镇,17010 区辖乡镇,大专及以上,农业类、畜牧业类（大专）；动物生产类（本科）；畜牧学、兽医学（一级学科），兽医（专业学位硕士）（研究生）,,笔试+面试,,,招募类别：支农；服务单位：富溪乡人民政府；招聘人数：1；报名人数：6；合格人数：3；缴费人数：0,安徽 黄山市徽州区,https://www.xduim.com/zw/szyf,,专业：农业类、畜牧业类（大专）；动物生产类（本科）；畜牧学、兽医学（一级学科），兽医（专业学位硕士）（研究生）
2024,三支一扶,2024安徽三支一扶招募,区卫健委,17294 区卫健委,大专及以上,大专：520301药学专业； 大学本科：100701药学专业、100703TK临床药学专业、100704T药事管理专业； 研究生：1007药学、1055药学（专业硕士学位）。,,笔试+面试,,,招募类别：支医；服务单位：乡镇卫生院；招聘人数：1；报名人数：15；合格人数：12；缴费人数：8,安徽 黄山市徽州区,https://www.xduim.com/zw/szyf,,专业：大专：520301药学专业； 大学本科：100701药学专业、100703TK临床药学专业、100704T药事管理专业； 研究生：1007药学、1055药学（专业硕士学位）。
2024,三支一扶,2024安徽三支一扶招募,区辖乡镇,17295 区辖乡镇,大专及以上,不限,,笔试+面试,,,招募类别：乡村振兴协理；服务单位：潜口镇为民服务中心；招聘人数：1；报名人数：66；合格人数：58；缴费人数：23,安徽 黄山市徽州区,https://www.xduim.com/zw/szyf,,专业：不限
2022,三支一扶,2022安徽三支一扶招募,县卫健委,17015 县卫健委,大专及以上,临床医学类、护理类（大专），临床医学类、护理学类、中医学专业（本科）,,笔试+面试,,,招募类别：支医；服务单位：乡镇卫生院；招聘人数：10,安徽 黄山市歙县,https://www.xduim.com/zw/szyf,,专业：临床医学类、护理类（大专），临床医学类、护理学类、中医学专业（本科）
2022,三支一扶,2022安徽三支一扶招募,县教育局,17016 县教育局,大专及以上,不限,,笔试+面试,,,招募类别：支教；服务单位：基层学校；招聘人数：10,安徽 黄山市歙县,https://www.xduim.com/zw/szyf,,专业：不限
2022,三支一扶,2022安徽三支一扶招募,县辖乡镇,17017 县辖乡镇,大专及以上,不限,,笔试+面试,,,招募类别：基层人社平台；服务单位：乡镇社保所；招聘人数：10,安徽 黄山市歙县,https://www.xduim.com/zw/szyf,,专业：不限
2023,三支一扶,2023安徽三支一扶招募,县教育局,17011 县教育局,大专及以上,不限,,笔试+面试,,,招募类别：支教；服务单位：基层学校；招聘人数：5；报名人数：107；合格人数：81；缴费人数：52,安徽 黄山市歙县,https://www.xduim.com/zw/szyf,,专业：不限
2023,三支一扶,2023安徽三支一扶招募,县卫健委,17012 县卫健委,大专及以上,护理类（大专）；护理学类（本科）；临床医学（一级学科），临床医学、护理（专业学位硕士）（研究生）,,笔试+面试,,,招募类别：支医；服务单位：乡镇卫生院；招聘人数：8；报名人数：98；合格人数：60；缴费人数：46,安徽 黄山市歙县,https://www.xduim.com/zw/szyf,,专业：护理类（大专）；护理学类（本科）；临床医学（一级学科），临床医学、护理（专业学位硕士）（研究生）
2023,三支一扶,2023安徽三支一扶招募,县辖乡镇,17013 县辖乡镇,大专及以上,不限,,笔试+面试,,,招募类别：基层人社平台；服务单位：乡镇社保所；招聘人数：5；报名人数：225；合格人数：179；缴费人数：87,安徽 黄山市歙县,https://www.xduim.com/zw/szyf,,专业：不限
2024,三支一扶,2024安徽三支一扶招募,县教育局,17296 县教育局,大专及以上,不限,,笔试+面试,,,招募类别：支教；服务单位：基层学校；招聘人数：9；报名人数：206；合格人数：128；缴费人数：87,安徽 黄山市歙县,https://www.xduim.com/zw/szyf,,专业：不限
2024,三支一扶,2024安徽三支一扶招募,县卫健委,17297 县卫健委,大专及以上,大专：520101K临床医学专业、520401K中医学专业、520301药学专业； 本科：100201K临床医学专业、100501K中医学专业、100701药学专业； 研究生：1002临床医学、1005 中医学、1007 药学、1051临床医学（专业硕士学位）、1057中医（专业硕士学位）、1055药学（专业硕士学位）。,,笔试+面试,,,招募类别：支医；服务单位：乡镇卫生院；招聘人数：2；报名人数：23；合格人数：20；缴费人数：8,安徽 黄山市歙县,https://www.xduim.com/zw/szyf,,专业：大专：520101K临床医学专业、520401K中医学专业、520301药学专业； 本科：100201K临床医学专业、100501K中医学专业、100701药学专业； 研究生：1002临床医学、1005 中医学、1007 药学、1051临床医学（专业硕士学位）、1057中医（专业硕士学位）、1055药学（专业硕士学位）。
2024,三支一扶,2024安徽三支一扶招募,县辖乡镇,17298 县辖乡镇,大专及以上,不限,,笔试+面试,,,招募类别：乡村振兴协理；服务单位：乡镇政府；招聘人数：5；报名人数：222；合格人数：204；缴费人数：84,安徽 黄山市歙县,https://www.xduim.com/zw/szyf,,专业：不限
2024,三支一扶,2024安徽三支一扶招募,县辖乡镇,17299 县辖乡镇,大专及以上,不限,,笔试+面试,,,招募类别：基层人社平台；服务单位：乡镇社保所；招聘人数：4；报名人数：227；合格人数：145；缴费人数：74,安徽 黄山市歙县,https://www.xduim.com/zw/szyf,,专业：不限
2025,三支一扶,2025安徽三支一扶招募,歙县县辖乡镇,17321 歙县县辖乡镇,大专及以上,大专：410106植物保护与检疫技术、410103现代农业技术、410105园艺技术、410301动物医学、410303畜牧兽医、410401水产养殖技术； 本科：090101农学、090102园艺、090103植物保护、090107T茶学、090401动物医学、090601水产养殖学； 研究生：09农学门类。,,笔试+面试,,,招募类别：支农-农技；服务单位：乡镇人民政府；招聘人数：5；报名人数：25；合格人数：22；缴费人数：15,安徽 黄山市歙县,https://www.xduim.com/zw/szyf,,专业：大专：410106植物保护与检疫技术、410103现代农业技术、410105园艺技术、410301动物医学、410303畜牧兽医、410401水产养殖技术； 本科：090101农学、090102园艺、090103植物保护、090107T茶学、090401动物医学、090601水产养殖学； 研究生：09农学门类。
2025,三支一扶,2025安徽三支一扶招募,歙县县辖乡镇,17322 歙县县辖乡镇,大专及以上,大专：450101水文与水资源技术、450102水政水资源管理、450201水利工程、450203水利水电工程技术、450205水利水电建筑工程； 本科：081101水利水电工程、081102水文与水资源工程、081104T水务工程、081105T水利科学与工程； 研究生：0815水利工程。,,笔试+面试,,,招募类别：支农-水利；服务单位：乡镇人民政府；招聘人数：6；报名人数：40；合格人数：32；缴费人数：23,安徽 黄山市歙县,https://www.xduim.com/zw/szyf,,专业：大专：450101水文与水资源技术、450102水政水资源管理、450201水利工程、450203水利水电工程技术、450205水利水电建筑工程； 本科：081101水利水电工程、081102水文与水资源工程、081104T水务工程、081105T水利科学与工程； 研究生：0815水利工程。
2025,三支一扶,2025安徽三支一扶招募,歙县县辖乡镇,17323 歙县县辖乡镇,大专及以上,专业不限,,笔试+面试,,,招募类别：乡村振兴协理；服务单位：乡镇人民政府；招聘人数：6；报名人数：358；合格人数：320；缴费人数：184,安徽 黄山市歙县,https://www.xduim.com/zw/szyf,,专业：专业不限
2025,三支一扶,2025安徽三支一扶招募,歙县县辖乡镇,17324 歙县县辖乡镇,大专及以上,专业不限,,笔试+面试,,,招募类别：基层人社平台；服务单位：乡镇人民政府；招聘人数：1；报名人数：51；合格人数：43；缴费人数：28,安徽 黄山市歙县,https://www.xduim.com/zw/szyf,,专业：专业不限
2023,三支一扶,2023安徽三支一扶招募,县教育局,17018 县教育局,大专及以上,不限,,笔试+面试,,,招募类别：支教；服务单位：基层学校；招聘人数：2；报名人数：69；合格人数：48；缴费人数：35,安徽 黄山市祁门县,https://www.xduim.com/zw/szyf,,专业：不限
2023,三支一扶,2023安徽三支一扶招募,县卫健委,17019 县卫健委,大专及以上,药学类（大专）；药学类、中药学类（本科）；药学、中药学（一级学科），药学、中药（专业学位硕士）（研究生),,笔试+面试,,,招募类别：支医；服务单位：乡镇卫生院；招聘人数：2；报名人数：25；合格人数：13；缴费人数：12,安徽 黄山市祁门县,https://www.xduim.com/zw/szyf,,专业：药学类（大专）；药学类、中药学类（本科）；药学、中药学（一级学科），药学、中药（专业学位硕士）（研究生)
2023,三支一扶,2023安徽三支一扶招募,县卫健委,17020 县卫健委,大专及以上,临床医学类（大专）；临床医学类、口腔医学类、中医学类（本科）；临床医学、口腔医学、中医学（一级学科），临床医学、口腔医学、中医（专业学位硕士）（研究生),,笔试+面试,,,招募类别：支医；服务单位：乡镇卫生院；招聘人数：3；报名人数：5；合格人数：2；缴费人数：0,安徽 黄山市祁门县,https://www.xduim.com/zw/szyf,,专业：临床医学类（大专）；临床医学类、口腔医学类、中医学类（本科）；临床医学、口腔医学、中医学（一级学科），临床医学、口腔医学、中医（专业学位硕士）（研究生)
2023,三支一扶,2023安徽三支一扶招募,县辖乡镇,17021 县辖乡镇,大专及以上,不限,,笔试+面试,,,招募类别：乡村振兴协理；服务单位：乡镇人民政府；招聘人数：2；报名人数：92；合格人数：54；缴费人数：31,安徽 黄山市祁门县,https://www.xduim.com/zw/szyf,,专业：不限
2023,三支一扶,2023安徽三支一扶招募,县辖乡镇,17022 县辖乡镇,大专及以上,建筑设计类、城乡规划与管理类、土建施工类（大专）；地理科学类、力学类、土木类、建筑类（本科）；地理学、力学、建筑学、土木工程、城乡规划学（一级学科），建筑、城乡规划（专业学位硕士）（研究生）,,笔试+面试,,,招募类别：乡村振兴协理；服务单位：乡镇人民政府；招聘人数：3；报名人数：41；合格人数：24；缴费人数：16,安徽 黄山市祁门县,https://www.xduim.com/zw/szyf,,专业：建筑设计类、城乡规划与管理类、土建施工类（大专）；地理科学类、力学类、土木类、建筑类（本科）；地理学、力学、建筑学、土木工程、城乡规划学（一级学科），建筑、城乡规划（专业学位硕士）（研究生）
2023,三支一扶,2023安徽三支一扶招募,县辖乡镇,17023 县辖乡镇,大专及以上,农林牧渔大类（大专）；农学门类、农业工程类（本科）；农学门类、农业工程(一级学科）（研究生),,笔试+面试,,,招募类别：支农；服务单位：乡镇人民政府；招聘人数：6；报名人数：28；合格人数：18；缴费人数：7,安徽 黄山市祁门县,https://www.xduim.com/zw/szyf,,专业：农林牧渔大类（大专）；农学门类、农业工程类（本科）；农学门类、农业工程(一级学科）（研究生)
2024,三支一扶,2024安徽三支一扶招募,县教育局,17307 县教育局,大专及以上,不限,,笔试+面试,,,招募类别：支教；服务单位：基层学校；招聘人数：2；报名人数：95；合格人数：84；缴费人数：46,安徽 黄山市祁门县,https://www.xduim.com/zw/szyf,,专业：不限
2024,三支一扶,2024安徽三支一扶招募,县卫健委,17308 县卫健委,大专及以上,大专：5201临床医学类； 大学本科：1002临床医学类； 研究生：1002临床医学、1051临床医学（专业硕士学位）。,,笔试+面试,,,招募类别：支医；服务单位：乡镇卫生院；招聘人数：2；报名人数：3；合格人数：2；缴费人数：0,安徽 黄山市祁门县,https://www.xduim.com/zw/szyf,,专业：大专：5201临床医学类； 大学本科：1002临床医学类； 研究生：1002临床医学、1051临床医学（专业硕士学位）。
2024,三支一扶,2024安徽三支一扶招募,县辖乡镇,17309 县辖乡镇,大专及以上,大专：4401建筑设计类、4402城乡规划与管理类、4403土建施工类； 大学本科：0705地理科学类、0801力学类、0810土木类、0828建筑类； 研究生：0705地理学、0801力学、0813建筑学、0814土木工程、0851建筑（专业硕士学位）、0853城乡规划（专业硕士学位）。,,笔试+面试,,,招募类别：乡村振兴协理；服务单位：乡镇人民政府；招聘人数：5；报名人数：68；合格人数：57；缴费人数：24,安徽 黄山市祁门县,https://www.xduim.com/zw/szyf,,专业：大专：4401建筑设计类、4402城乡规划与管理类、4403土建施工类； 大学本科：0705地理科学类、0801力学类、0810土木类、0828建筑类； 研究生：0705地理学、0801力学、0813建筑学、0814土木工程、0851建筑（专业硕士学位）、0853城乡规划（专业硕士学位）。
2024,三支一扶,2024安徽三支一扶招募,县辖乡镇,17310 县辖乡镇,大专及以上,大专：41农林牧渔大类； 大学本科：09农学门类、0823农业工程类； 研究生：09农学门类、0828农业工程。,,笔试+面试,,,招募类别：支农；服务单位：乡镇人民政府；招聘人数：6；报名人数：30；合格人数：27；缴费人数：9,安徽 黄山市祁门县,https://www.xduim.com/zw/szyf,,专业：大专：41农林牧渔大类； 大学本科：09农学门类、0823农业工程类； 研究生：09农学门类、0828农业工程。
2024,三支一扶,2024安徽三支一扶招募,县辖乡镇,17311 县辖乡镇,大专及以上,大专：45水利大类； 本科：0811水利类、082305农业水利工程； 研究生：0815水利工程、0859土木水利。,,笔试+面试,,,招募类别：支农；服务单位：乡镇人民政府；招聘人数：5；报名人数：23；合格人数：18；缴费人数：8,安徽 黄山市祁门县,https://www.xduim.com/zw/szyf,,专业：大专：45水利大类； 本科：0811水利类、082305农业水利工程； 研究生：0815水利工程、0859土木水利。
2025,三支一扶,2025安徽三支一扶招募,祁门县卫生健康委,17330 祁门县卫生健康委,大专及以上,大专：5201临床医学类； 本科：1002临床医学类； 研究生：1002临床医学、1051临床医学（专业硕士学位）。,,笔试+面试,,,招募类别：支医；服务单位：乡镇卫生院；招聘人数：3；报名人数：17；合格人数：11；缴费人数：5,安徽 黄山市祁门县,https://www.xduim.com/zw/szyf,,专业：大专：5201临床医学类； 本科：1002临床医学类； 研究生：1002临床医学、1051临床医学（专业硕士学位）。
2025,三支一扶,2025安徽三支一扶招募,祁门县辖乡镇,17331 祁门县辖乡镇,大专及以上,大专：410105园艺技术专业、410107茶叶生产与加工技术专业、410111食用菌生产与加工技术专业； 本科：090101农学专业、090102园艺专业、090107T茶学专业、082711T食用菌科学与工程专业； 研究生：0902园艺学、0951农业（专业硕士学位）。,,笔试+面试,,,招募类别：支农-农技；服务单位：乡镇人民政府；招聘人数：2；报名人数：7；合格人数：5；缴费人数：5,安徽 黄山市祁门县,https://www.xduim.com/zw/szyf,,专业：大专：410105园艺技术专业、410107茶叶生产与加工技术专业、410111食用菌生产与加工技术专业； 本科：090101农学专业、090102园艺专业、090107T茶学专业、082711T食用菌科学与工程专业； 研究生：0902园艺学、0951农业（专业硕士学位）。
2025,三支一扶,2025安徽三支一扶招募,祁门县辖乡镇,17332 祁门县辖乡镇,大专及以上,大专：410301动物医学专业、410302动物药学专业、410303畜牧兽医专业； 本科：090301动物科学专业、090401动物医学专业、090402动物药学专业、090405T中兽医学专业； 研究生：0905畜牧学、0906兽医学、0952兽医（专业硕士学位）。,,笔试+面试,,,招募类别：支农-农技；服务单位：乡镇人民政府；招聘人数：2；报名人数：9；合格人数：7；缴费人数：5,安徽 黄山市祁门县,https://www.xduim.com/zw/szyf,,专业：大专：410301动物医学专业、410302动物药学专业、410303畜牧兽医专业； 本科：090301动物科学专业、090401动物医学专业、090402动物药学专业、090405T中兽医学专业； 研究生：0905畜牧学、0906兽医学、0952兽医（专业硕士学位）。
2025,三支一扶,2025安徽三支一扶招募,祁门县辖乡镇,17333 祁门县辖乡镇,大专及以上,大专：450201水利工程专业、450203水利水电工程技术专业、450205水利水电建筑工程专业； 本科：081101水利水电工程专业、081105T水利科学与工程专业、082305农业水利工程专业； 研究生：0815水利工程、0859土木水利。,,笔试+面试,,,招募类别：支农-水利；服务单位：乡镇人民政府；招聘人数：2；报名人数：14；合格人数：11；缴费人数：5,安徽 黄山市祁门县,https://www.xduim.com/zw/szyf,,专业：大专：450201水利工程专业、450203水利水电工程技术专业、450205水利水电建筑工程专业； 本科：081101水利水电工程专业、081105T水利科学与工程专业、082305农业水利工程专业； 研究生：0815水利工程、0859土木水利。
2025,三支一扶,2025安徽三支一扶招募,祁门县辖乡镇,17334 祁门县辖乡镇,大专及以上,大专：410201林业技术专业、410207林草生态保护与修复专业、410211林业信息技术应用专业； 本科：090501林学专业、090503森林保护专业、090505T智慧林业专业； 研究生：0907林学、0954林业（专业硕士学位）,,笔试+面试,,,招募类别：支农-林业；服务单位：古溪乡人民政府；招聘人数：1；报名人数：4；合格人数：3；缴费人数：2,安徽 黄山市祁门县,https://www.xduim.com/zw/szyf,,专业：大专：410201林业技术专业、410207林草生态保护与修复专业、410211林业信息技术应用专业； 本科：090501林学专业、090503森林保护专业、090505T智慧林业专业； 研究生：0907林学、0954林业（专业硕士学位）
2025,三支一扶,2025安徽三支一扶招募,祁门县辖乡镇,17335 祁门县辖乡镇,大专及以上,大专：540101旅游管理专业、540110智慧景区开发与管理专业、540112会展策划与管理专业、540113休闲服务与管理专业； 本科：120901K旅游管理专业、120903会展经济与管理专业、120904T旅游管理与服务教育专业； 研究生：120203旅游管理、1254旅游管理（专业硕士学位）。,,笔试+面试,,,招募类别：乡村振兴协理；服务单位：乡镇人民政府；招聘人数：4；报名人数：85；合格人数：72；缴费人数：38,安徽 黄山市祁门县,https://www.xduim.com/zw/szyf,,专业：大专：540101旅游管理专业、540110智慧景区开发与管理专业、540112会展策划与管理专业、540113休闲服务与管理专业； 本科：120901K旅游管理专业、120903会展经济与管理专业、120904T旅游管理与服务教育专业； 研究生：120203旅游管理、1254旅游管理（专业硕士学位）。
2025,三支一扶,2025安徽三支一扶招募,祁门县辖乡镇,17336 祁门县辖乡镇,大专及以上,大专：530605市场营销专业、530701电子商务专业、530704网络营销与直播电商专业； 本科：120202市场营销专业、120214T市场营销教育专业、120801电子商务专业； 研究生：120202企业管理（含：财务管理、市场营销、人力资源管理）。,,笔试+面试,,,招募类别：乡村振兴协理；服务单位：乡镇人民政府；招聘人数：4；报名人数：150；合格人数：138；缴费人数：71,安徽 黄山市祁门县,https://www.xduim.com/zw/szyf,,专业：大专：530605市场营销专业、530701电子商务专业、530704网络营销与直播电商专业； 本科：120202市场营销专业、120214T市场营销教育专业、120801电子商务专业； 研究生：120202企业管理（含：财务管理、市场营销、人力资源管理）。
2022,三支一扶,2022安徽三支一扶招募,区辖乡镇,17008 区辖乡镇,大专及以上,不限,,笔试+面试,,,招募类别：乡村振兴协理；服务单位：乡镇政府；招聘人数：3,安徽 黄山市黄山区,https://www.xduim.com/zw/szyf,,专业：不限
2022,三支一扶,2022安徽三支一扶招募,区辖乡镇,17009 区辖乡镇,大专及以上,建筑设计类、城乡规划与管理类、土建施工类（大专），地理科学类、力学类、土木类、建筑类（本科），地理学、力学、建筑学、土木工程（研究生），建筑学、城市规划（专业学位硕士）,,笔试+面试,,,招募类别：乡村振兴协理；服务单位：乡镇政府；招聘人数：2,安徽 黄山市黄山区,https://www.xduim.com/zw/szyf,,专业：建筑设计类、城乡规划与管理类、土建施工类（大专），地理科学类、力学类、土木类、建筑类（本科），地理学、力学、建筑学、土木工程（研究生），建筑学、城市规划（专业学位硕士）
2022,三支一扶,2022安徽三支一扶招募,区辖乡镇,17010 区辖乡镇,大专及以上,法律实务类、法律执行类（大专），法学类（本科），法学（研究生），法律（专业学位硕士）,,笔试+面试,,,招募类别：乡村振兴协理；服务单位：永丰乡政府；招聘人数：1,安徽 黄山市黄山区,https://www.xduim.com/zw/szyf,,专业：法律实务类、法律执行类（大专），法学类（本科），法学（研究生），法律（专业学位硕士）
2022,三支一扶,2022安徽三支一扶招募,区辖乡镇,17011 区辖乡镇,大专及以上,农林牧渔大类（大专），农学门类、农业工程类和其他授予农学学士学位的专业（本科）,,笔试+面试,,,招募类别：支农；服务单位：乡镇政府；招聘人数：2,安徽 黄山市黄山区,https://www.xduim.com/zw/szyf,,专业：农林牧渔大类（大专），农学门类、农业工程类和其他授予农学学士学位的专业（本科）
2022,三支一扶,2022安徽三支一扶招募,区辖乡镇,17012 区辖乡镇,大专及以上,水利工程与管理类（大专），农业水利工程、水利类（本科）,,笔试+面试,,,招募类别：支农；服务单位：太平湖镇政府；招聘人数：1,安徽 黄山市黄山区,https://www.xduim.com/zw/szyf,,专业：水利工程与管理类（大专），农业水利工程、水利类（本科）
2022,三支一扶,2022安徽三支一扶招募,区林业局,17013 区林业局,大专及以上,林业类（大专），林业工程、林学类（本科）,,笔试+面试,,,招募类别：支农；服务单位：乡镇林业站；招聘人数：2,安徽 黄山市黄山区,https://www.xduim.com/zw/szyf,,专业：林业类（大专），林业工程、林学类（本科）
2022,三支一扶,2022安徽三支一扶招募,区卫健委,17014 区卫健委,大专及以上,临床医学类、护理类（大专），临床医学类、护理学类（本科）,,笔试+面试,,,招募类别：支医；服务单位：乡镇卫生院；招聘人数：1,安徽 黄山市黄山区,https://www.xduim.com/zw/szyf,,专业：临床医学类、护理类（大专），临床医学类、护理学类（本科）
2023,三支一扶,2023安徽三支一扶招募,区辖乡镇,17004 区辖乡镇,大专及以上,畜牧业类（大专）；动物医学类、 动物生产类（本科）；畜牧学、兽医学（一级学科），兽医（专业学位硕士）（研究生）,,笔试+面试,,,招募类别：支农；服务单位：仙源镇人民政府；招聘人数：1；报名人数：12；合格人数：7；缴费人数：1,安徽 黄山市黄山区,https://www.xduim.com/zw/szyf,,专业：畜牧业类（大专）；动物医学类、 动物生产类（本科）；畜牧学、兽医学（一级学科），兽医（专业学位硕士）（研究生）
2023,三支一扶,2023安徽三支一扶招募,区辖乡镇,17005 区辖乡镇,大专及以上,建筑设计类、城乡规划与管理类、土建施工类（大专）；地理科学类、力学类、土木类、建筑类（本科）；地理学、力学、建筑学、土木工程、城乡规划学（一级学科），建筑、城乡规划（专业学位硕士）（研究生）,,笔试+面试,,,招募类别：乡村振兴协理；服务单位：乡镇人民政府；招聘人数：2；报名人数：26；合格人数：17；缴费人数：10,安徽 黄山市黄山区,https://www.xduim.com/zw/szyf,,专业：建筑设计类、城乡规划与管理类、土建施工类（大专）；地理科学类、力学类、土木类、建筑类（本科）；地理学、力学、建筑学、土木工程、城乡规划学（一级学科），建筑、城乡规划（专业学位硕士）（研究生）
2023,三支一扶,2023安徽三支一扶招募,区卫健委,17006 区卫健委,大专及以上,护理类（大专）；护理学类（本科）；临床医学（一级学科），临床医学、护理（专业学位硕士）（研究生）,,笔试+面试,,,招募类别：支医；服务单位：新华乡中心卫生院；招聘人数：1；报名人数：15；合格人数：11；缴费人数：6,安徽 黄山市黄山区,https://www.xduim.com/zw/szyf,,专业：护理类（大专）；护理学类（本科）；临床医学（一级学科），临床医学、护理（专业学位硕士）（研究生）
2023,三支一扶,2023安徽三支一扶招募,区卫健委,17007 区卫健委,大专及以上,临床医学类（大专）；临床医学类、口腔医学类（本科）；临床医学、口腔医学（一级学科），临床医学、口腔医学（专业学位硕士）（研究生）,,笔试+面试,,,招募类别：支医；服务单位：乡镇卫生院；招聘人数：2；报名人数：3；合格人数：1；缴费人数：1,安徽 黄山市黄山区,https://www.xduim.com/zw/szyf,,专业：临床医学类（大专）；临床医学类、口腔医学类（本科）；临床医学、口腔医学（一级学科），临床医学、口腔医学（专业学位硕士）（研究生）
2023,三支一扶,2023安徽三支一扶招募,区林业局,17008 区林业局,大专及以上,林业类（大专）；林学类、林业工程类、自然保护与环境生态类（本科）；林学、林业工程、植物保护（一级学科），林业（专业学位硕士）（研究生）,,笔试+面试,,,招募类别：支农；服务单位：乡镇林业站；招聘人数：2；报名人数：13；合格人数：7；缴费人数：5,安徽 黄山市黄山区,https://www.xduim.com/zw/szyf,,专业：林业类（大专）；林学类、林业工程类、自然保护与环境生态类（本科）；林学、林业工程、植物保护（一级学科），林业（专业学位硕士）（研究生）
2024,三支一扶,2024安徽三支一扶招募,区辖乡镇,17287 区辖乡镇,大专及以上,大专：5804法律实务类、5805法律执行类； 大学本科：0301法学类； 研究生：0301法学，0351法律（专业硕士学位）。,,笔试+面试,,,招募类别：乡村振兴协理；服务单位：乌石镇人民政府；招聘人数：1；报名人数：16；合格人数：10；缴费人数：4,安徽 黄山市黄山区,https://www.xduim.com/zw/szyf,,专业：大专：5804法律实务类、5805法律执行类； 大学本科：0301法学类； 研究生：0301法学，0351法律（专业硕士学位）。
2024,三支一扶,2024安徽三支一扶招募,区辖乡镇,17288 区辖乡镇,大专及以上,大专：41农林牧渔大类； 大学本科：09农学门类； 研究生：09农学门类。,,笔试+面试,,,招募类别：支农；服务单位：乌石镇人民政府；招聘人数：1；报名人数：7；合格人数：5；缴费人数：4,安徽 黄山市黄山区,https://www.xduim.com/zw/szyf,,专业：大专：41农林牧渔大类； 大学本科：09农学门类； 研究生：09农学门类。
2024,三支一扶,2024安徽三支一扶招募,区辖乡镇,17289 区辖乡镇,大专及以上,大专：4401建筑设计类、4402城乡规划与管理类、4403土建施工类 大学本科：0705地理科学类、0801力学类、0810土木类、0828建筑类 研究生：0705地理学、0801力学、0813建筑学、0814土木工程、0851建筑（专业硕士学位）、0853城乡规划（专业硕士学位）,,笔试+面试,,,招募类别：乡村振兴协理；服务单位：汤口镇人民政府；招聘人数：1；报名人数：15；合格人数：10；缴费人数：6,安徽 黄山市黄山区,https://www.xduim.com/zw/szyf,,专业：大专：4401建筑设计类、4402城乡规划与管理类、4403土建施工类 大学本科：0705地理科学类、0801力学类、0810土木类、0828建筑类 研究生：0705地理学、0801力学、0813建筑学、0814土木工程、0851建筑（专业硕士学位）、0853城乡规划（专业硕士学位）
2024,三支一扶,2024安徽三支一扶招募,区辖乡镇,17290 区辖乡镇,大专及以上,大专：4401建筑设计类、4402城乡规划与管理类、4403土建施工类； 大学本科：0705地理科学类、0801力学类、0810土木类、0828建筑类； 研究生：0705地理学、0801力学、0813建筑学、0814土木工程、0851建筑（专业硕士学位）、0853城乡规划（专业硕士学位）。,,笔试+面试,,,招募类别：乡村振兴协理；服务单位：新丰乡人民政府；招聘人数：1；报名人数：12；合格人数：7；缴费人数：2,安徽 黄山市黄山区,https://www.xduim.com/zw/szyf,,专业：大专：4401建筑设计类、4402城乡规划与管理类、4403土建施工类； 大学本科：0705地理科学类、0801力学类、0810土木类、0828建筑类； 研究生：0705地理学、0801力学、0813建筑学、0814土木工程、0851建筑（专业硕士学位）、0853城乡规划（专业硕士学位）。
2024,三支一扶,2024安徽三支一扶招募,区卫健委,17291 区卫健委,大专及以上,大专：520101K临床医学专业； 大学本科：100201K临床医学专业； 研究生：1002临床医学、1051临床医学（专业硕士学位）。,,笔试+面试,,,招募类别：支医；服务单位：乡镇卫生院；招聘人数：2；报名人数：5；合格人数：4；缴费人数：2,安徽 黄山市黄山区,https://www.xduim.com/zw/szyf,,专业：大专：520101K临床医学专业； 大学本科：100201K临床医学专业； 研究生：1002临床医学、1051临床医学（专业硕士学位）。
2024,三支一扶,2024安徽三支一扶招募,区卫健委,17292 区卫健委,大专及以上,大专：520401K中医学专业、520402K中医骨伤、520403K针灸推拿； 大学本科：100501K中医学专业、100502K针灸推拿学、100601K中西医临床医学专业； 研究生：1005中医学、1006中西医结合、1057中医（专业硕士学位）。,,笔试+面试,,,招募类别：支医；服务单位：新明乡卫生院；招聘人数：1；报名人数：3；合格人数：2；缴费人数：2,安徽 黄山市黄山区,https://www.xduim.com/zw/szyf,,专业：大专：520401K中医学专业、520402K中医骨伤、520403K针灸推拿； 大学本科：100501K中医学专业、100502K针灸推拿学、100601K中西医临床医学专业； 研究生：1005中医学、1006中西医结合、1057中医（专业硕士学位）。
2024,三支一扶,2024安徽三支一扶招募,区卫健委,17293 区卫健委,大专及以上,大专：520502医学影像技术； 本科：100203TK医学影像学、101003医学影像技术、100206TK放射医学； 研究生：100207影像医学与核医学、100106放射医学、105123放射影像学。,,笔试+面试,,,招募类别：支医；服务单位：太平湖镇卫生院；招聘人数：1；报名人数：21；合格人数：13；缴费人数：7,安徽 黄山市黄山区,https://www.xduim.com/zw/szyf,,专业：大专：520502医学影像技术； 本科：100203TK医学影像学、101003医学影像技术、100206TK放射医学； 研究生：100207影像医学与核医学、100106放射医学、105123放射影像学。
2025,三支一扶,2025安徽三支一扶招募,黄山区辖乡镇,17313 黄山区辖乡镇,大专及以上,大专：41农林牧渔大类； 本科：09农学门类； 研究生：09农学门类。,,笔试+面试,,,招募类别：支农-农技；服务单位：新华乡人民政府；招聘人数：1；报名人数：7；合格人数：0；缴费人数：0,安徽 黄山市黄山区,https://www.xduim.com/zw/szyf,,专业：大专：41农林牧渔大类； 本科：09农学门类； 研究生：09农学门类。
2025,三支一扶,2025安徽三支一扶招募,黄山区辖乡镇,17314 黄山区辖乡镇,大专及以上,大专：4101农业类； 本科：0901植物生产类、0902自然保护与环境生态类； 研究生：0901作物学、0902园艺学、0903农业资源与环境、0904植物保护。,,笔试+面试,,,招募类别：支农-农技；服务单位：新丰乡人民政府；招聘人数：1；报名人数：4；合格人数：3；缴费人数：2,安徽 黄山市黄山区,https://www.xduim.com/zw/szyf,,专业：大专：4101农业类； 本科：0901植物生产类、0902自然保护与环境生态类； 研究生：0901作物学、0902园艺学、0903农业资源与环境、0904植物保护。
2025,三支一扶,2025安徽三支一扶招募,黄山区辖乡镇,17315 黄山区辖乡镇,大专及以上,大专：45水利大类； 本科：0811水利类、082305农业水利工程专业； 研究生：0815水利工程、0859土木水利。,,笔试+面试,,,招募类别：支农-水利；服务单位：乌石镇人民政府；招聘人数：1；报名人数：8；合格人数：4；缴费人数：0,安徽 黄山市黄山区,https://www.xduim.com/zw/szyf,,专业：大专：45水利大类； 本科：0811水利类、082305农业水利工程专业； 研究生：0815水利工程、0859土木水利。
2025,三支一扶,2025安徽三支一扶招募,黄山区辖乡镇,17316 黄山区辖乡镇,大专及以上,大专：4103畜牧业类； 本科：0903动物生产类、0904动物医学类； 研究生：0906兽医学，0952兽医。,,笔试+面试,,,招募类别：支农-农技；服务单位：乌石镇人民政府；招聘人数：1；报名人数：8；合格人数：2；缴费人数：1,安徽 黄山市黄山区,https://www.xduim.com/zw/szyf,,专业：大专：4103畜牧业类； 本科：0903动物生产类、0904动物医学类； 研究生：0906兽医学，0952兽医。
2025,三支一扶,2025安徽三支一扶招募,黄山区辖乡镇,17317 黄山区辖乡镇,大专及以上,大专：4401建筑设计类、4402城乡规划与管理类、4403土建施工类； 本科：0705地理科学类、0801力学类、0810土木类、0828建筑类； 研究生：0705地理学、0801力学、0813建筑学、0814土木工程、0833城乡规划学、0851建筑（专业硕士学位）、0853城乡规划（专业硕士学位）。,,笔试+面试,,,招募类别：乡村振兴协理-建规；服务单位：乡镇政府；招聘人数：4；报名人数：84；合格人数：47；缴费人数：34,安徽 黄山市黄山区,https://www.xduim.com/zw/szyf,,专业：大专：4401建筑设计类、4402城乡规划与管理类、4403土建施工类； 本科：0705地理科学类、0801力学类、0810土木类、0828建筑类； 研究生：0705地理学、0801力学、0813建筑学、0814土木工程、0833城乡规划学、0851建筑（专业硕士学位）、0853城乡规划（专业硕士学位）。
2025,三支一扶,2025安徽三支一扶招募,黄山区辖乡镇,17318 黄山区辖乡镇,大专及以上,大专：5804法律实务类、5805法律执行类； 本科：0301法学类； 研究生：0301法学，0351法律（专业硕士学位）。,,笔试+面试,,,招募类别：乡村振兴协理-法律；服务单位：乡镇政府；招聘人数：2；报名人数：46；合格人数：23；缴费人数：16,安徽 黄山市黄山区,https://www.xduim.com/zw/szyf,,专业：大专：5804法律实务类、5805法律执行类； 本科：0301法学类； 研究生：0301法学，0351法律（专业硕士学位）。
2025,三支一扶,2025安徽三支一扶招募,黄山区林业局,17319 黄山区林业局,大专及以上,大专：4102林业类； 本科：0905林学类、090202野生动物与自然保护区管理专业； 研究生：0907林学、0954林业（专业硕士学位）。,,笔试+面试,,,招募类别：支农-林业；服务单位：乡镇林业站；招聘人数：2；报名人数：15；合格人数：5；缴费人数：3,安徽 黄山市黄山区,https://www.xduim.com/zw/szyf,,专业：大专：4102林业类； 本科：0905林学类、090202野生动物与自然保护区管理专业； 研究生：0907林学、0954林业（专业硕士学位）。
2025,三支一扶,2025安徽三支一扶招募,黄山区卫生健康委,17320 黄山区卫生健康委,大专及以上,大专：520101K临床医学专业； 本科：100201K临床医学专业； 研究生：1002临床医学、1051临床医学（专业硕士学位）。,,笔试+面试,,,招募类别：支医；服务单位：乡镇卫生院；招聘人数：2；报名人数：17；合格人数：16；缴费人数：4,安徽 黄山市黄山区,https://www.xduim.com/zw/szyf,,专业：大专：520101K临床医学专业； 本科：100201K临床医学专业； 研究生：1002临床医学、1051临床医学（专业硕士学位）。
2022,三支一扶,2022安徽三支一扶招募,县辖乡镇,17024 县辖乡镇,大专及以上,农林牧渔大类（大专），农学门类、 农业工程类（本科）,,笔试+面试,,,招募类别：支农；服务单位：乡镇政府；招聘人数：2,安徽 黄山市黟县,https://www.xduim.com/zw/szyf,,专业：农林牧渔大类（大专），农学门类、 农业工程类（本科）
2022,三支一扶,2022安徽三支一扶招募,县辖乡镇,17025 县辖乡镇,大专及以上,建筑设计类、城乡规划与管理类、土建施工类（大专），地理科学类、力学类、土木类、建筑类（本科），地理学、力学、建筑学、土木工程（研究生），建筑学、城市规划（专业学位硕士）,,笔试+面试,,,招募类别：乡村振兴协理；服务单位：乡镇政府；招聘人数：2,安徽 黄山市黟县,https://www.xduim.com/zw/szyf,,专业：建筑设计类、城乡规划与管理类、土建施工类（大专），地理科学类、力学类、土木类、建筑类（本科），地理学、力学、建筑学、土木工程（研究生），建筑学、城市规划（专业学位硕士）
2022,三支一扶,2022安徽三支一扶招募,县辖乡镇,17026 县辖乡镇,大专及以上,不限,,笔试+面试,,,招募类别：基层人社平台；服务单位：乡镇政府；招聘人数：4,安徽 黄山市黟县,https://www.xduim.com/zw/szyf,,专业：不限
2023,三支一扶,2023安徽三支一扶招募,县辖乡镇,17017 县辖乡镇,大专及以上,不限,,笔试+面试,,,招募类别：基层人社平台；服务单位：乡镇人民政府；招聘人数：8；报名人数：293；合格人数：229；缴费人数：155,安徽 黄山市黟县,https://www.xduim.com/zw/szyf,,专业：不限
2024,三支一扶,2024安徽三支一扶招募,县卫健委,17305 县卫健委,大专及以上,大专：5201临床医学类、520401K中医学专业； 大学本科：1002临床医学类、100501K中医学专业； 研究生：1002临床医学、1005中医学、1051临床医学（专业硕士学位）、1057中医（专业硕士学位）。,,笔试+面试,,,招募类别：支医；服务单位：乡镇卫生院；招聘人数：2；报名人数：5；合格人数：2；缴费人数：1,安徽 黄山市黟县,https://www.xduim.com/zw/szyf,,专业：大专：5201临床医学类、520401K中医学专业； 大学本科：1002临床医学类、100501K中医学专业； 研究生：1002临床医学、1005中医学、1051临床医学（专业硕士学位）、1057中医（专业硕士学位）。
2024,三支一扶,2024安徽三支一扶招募,县辖乡镇,17306 县辖乡镇,大专及以上,大专：41农林牧渔大类； 大学本科：09农学门类、0823农业工程类； 研究生：09农学门类、0828农业工程。,,笔试+面试,,,招募类别：支农；服务单位：乡镇为民服务中心；招聘人数：2；报名人数：7；合格人数：7；缴费人数：5,安徽 黄山市黟县,https://www.xduim.com/zw/szyf,,专业：大专：41农林牧渔大类； 大学本科：09农学门类、0823农业工程类； 研究生：09农学门类、0828农业工程。
2025,三支一扶,2025安徽三支一扶招募,黟县县辖乡镇,17329 黟县县辖乡镇,大专及以上,专业不限,,笔试+面试,,,招募类别：乡村振兴协理；服务单位：乡镇为民服务中心；招聘人数：2；报名人数：126；合格人数：107；缴费人数：60,安徽 黄山市黟县,https://www.xduim.com/zw/szyf,,专业：专业不限
