year,工作类型,考试/招聘类型,用人单位/系统,岗位示例,学历要求,本科生专业要求,研究生专业要求,考试/招聘形式,报名时间,笔试/考试时间,特殊要求,工作地点,信息来源,备注,专业要求（原始）
2025,公务员,2025安徽公开遴选,安庆市纪委监委,16001 安庆市纪委监委 纪检监察,本科及以上,不限,,笔试+面试,,,招聘职位：纪检监察；招聘人数：3；报名人数：55；分数线：63.5；最高分数：72.5,安徽 安庆市直,https://www.xduim.com/zw/gklx,,专业：不限
2025,公务员,2025安徽公开遴选,安庆市纪委监委,16002 安庆市纪委监委 纪检监察,本科及以上,不限,,笔试+面试,,,招聘职位：纪检监察；招聘人数：3；报名人数：44；分数线：62.0；最高分数：71.0,安徽 安庆市直,https://www.xduim.com/zw/gklx,,专业：不限
2025,公务员,2025安徽公开遴选,中共安庆市委社会工作部,16003 中共安庆市委社会工作部 社会治理,本科及以上,不限,,笔试+面试,,,招聘职位：社会治理；招聘人数：1；报名人数：71；分数线：66.0；最高分数：71.5,安徽 安庆市直,https://www.xduim.com/zw/gklx,,专业：不限
2025,公务员,2025安徽公开遴选,中共安庆市委政法委员会,16004 中共安庆市委政法委员会 执法司法 监督,本科及以上,不限,,笔试+面试,,,招聘职位：执法司法 监督；招聘人数：1；报名人数：18；分数线：62.5；最高分数：67.0,安徽 安庆市直,https://www.xduim.com/zw/gklx,,专业：不限
2025,公务员,2025安徽公开遴选,安庆市发展和改革委员会,16005 安庆市发展和改革委员会 机关综合,本科及以上,经济学门类、计算机类、航空航天类,,笔试+面试,,,招聘职位：机关综合；招聘人数：1；报名人数：23；分数线：62.0；最高分数：64.5,安徽 安庆市直,https://www.xduim.com/zw/gklx,,专业：经济学门类、计算机类、航空航天类
2025,公务员,2025安徽公开遴选,安庆市太湖县生态环境分局,16006 安庆市太湖县生态环境分局 综合管理,本科及以上,不限,,笔试+面试,,,招聘职位：综合管理；招聘人数：1；报名人数：12；分数线：58.0；最高分数：63.5,安徽 安庆市直,https://www.xduim.com/zw/gklx,,专业：不限
2025,公务员,2025安徽公开遴选,中共六安市纪律检查委员会六安市监察委员会机关,9001 中共六安市纪律检查委员会六安市监察委员会机关 审查调查,本科及以上,本科：法学专业、侦查学专业、经济犯罪侦查专业、计算机科学与技术专业 研究生：宪法学与行政法学（二级学科）、刑法学（二级学科）、诉讼法学（二级学科）、经济法学（二级学科）、计算机科学与技术（一级学科）,,笔试+面试,,,招聘职位：审查调查；招聘人数：4；报名人数：32；分数线：56.5；最高分数：73.0,安徽 六安市直,https://www.xduim.com/zw/gklx,,专业：本科：法学专业、侦查学专业、经济犯罪侦查专业、计算机科学与技术专业 研究生：宪法学与行政法学（二级学科）、刑法学（二级学科）、诉讼法学（二级学科）、经济法学（二级学科）、计算机科学与技术（一级学科）
2025,公务员,2025安徽公开遴选,中共六安市委讲师团,9002 中共六安市委讲师团 理论宣讲,本科及以上,不限,,笔试+面试,,,招聘职位：理论宣讲；招聘人数：1；报名人数：25；分数线：61.5；最高分数：66.0,安徽 六安市直,https://www.xduim.com/zw/gklx,,专业：不限
2025,公务员,2025安徽公开遴选,六安老年大学办公室,9003 六安老年大学办公室 教育教学管理,本科及以上,不限,,笔试+面试,,,招聘职位：教育教学管理；招聘人数：1；报名人数：42；分数线：65.0；最高分数：66.5,安徽 六安市直,https://www.xduim.com/zw/gklx,,专业：不限
2025,公务员,2025安徽公开遴选,六安市中级人民法院,9004 六安市中级人民法院 法官助理,本科及以上,本科：法学类 研究生：法学（一级学科）,,笔试+面试,,,招聘职位：法官助理；招聘人数：1；报名人数：11；分数线：60.5；最高分数：68.0,安徽 六安市直,https://www.xduim.com/zw/gklx,,专业：本科：法学类 研究生：法学（一级学科）
2025,公务员,2025安徽公开遴选,六安市发展和改革委员会（市粮食和物资储备局）,9005 六安市发展和改革委员会（市粮食和物资储备局） 综合管理,本科及以上,经济学门类,,笔试+面试,,,招聘职位：综合管理；招聘人数：1；报名人数：9；分数线：56.0；最高分数：69.5,安徽 六安市直,https://www.xduim.com/zw/gklx,,专业：经济学门类
2025,公务员,2025安徽公开遴选,六安市发展和改革委员会（市粮食和物资储备局）,9006 六安市发展和改革委员会（市粮食和物资储备局） 财务管理,本科及以上,本科：会计学专业、财务管理专业、审计学专业 研究生：会计学（二级学科）、企业管理（财务管理方向，二级学科）、会计（专业学位）、审计（专业学位）,,笔试+面试,,,招聘职位：财务管理；招聘人数：1；报名人数：10；分数线：52.0；最高分数：62.5,安徽 六安市直,https://www.xduim.com/zw/gklx,,专业：本科：会计学专业、财务管理专业、审计学专业 研究生：会计学（二级学科）、企业管理（财务管理方向，二级学科）、会计（专业学位）、审计（专业学位）
2025,公务员,2025安徽公开遴选,六安市工业和信息化局,9007 六安市工业和信息化局 信息化建设,本科及以上,工学门类,,笔试+面试,,,招聘职位：信息化建设；招聘人数：1；报名人数：40；分数线：63.5；最高分数：69.5,安徽 六安市直,https://www.xduim.com/zw/gklx,,专业：工学门类
2025,公务员,2025安徽公开遴选,六安市工业和信息化局,9008 六安市工业和信息化局 产业发展,本科及以上,工学门类、经济学门类,,笔试+面试,,,招聘职位：产业发展；招聘人数：1；报名人数：25；分数线：63.0；最高分数：66.5,安徽 六安市直,https://www.xduim.com/zw/gklx,,专业：工学门类、经济学门类
2025,公务员,2025安徽公开遴选,六安市公安局,9009 六安市公安局 人民警察,本科及以上,不限,,笔试+面试,,,招聘职位：人民警察；招聘人数：3；报名人数：20；分数线：54.0；最高分数：63.0,安徽 六安市直,https://www.xduim.com/zw/gklx,,专业：不限
2025,公务员,2025安徽公开遴选,六安市公安局,9010 六安市公安局 人民警察,本科及以上,本科：计算机类、电子信息类 研究生：计算机科学与技术（一级学科）、电子科学与技术（一级学科）、信息与通信工程（一级学科）,,笔试+面试,,,招聘职位：人民警察；招聘人数：0；报名人数：3,安徽 六安市直,https://www.xduim.com/zw/gklx,,专业：本科：计算机类、电子信息类 研究生：计算机科学与技术（一级学科）、电子科学与技术（一级学科）、信息与通信工程（一级学科）
2025,公务员,2025安徽公开遴选,六安市救助管理站,9011 六安市救助管理站 财务管理,本科及以上,本科：会计学专业、财务管理专业、审计学专业 研究生：会计学（二级学科）、企业管理（财务管理方向，二级学科）、会计（专业学位）、审计（专业学位）,,笔试+面试,,,招聘职位：财务管理；招聘人数：1；报名人数：10；分数线：66.5；最高分数：70.5,安徽 六安市直,https://www.xduim.com/zw/gklx,,专业：本科：会计学专业、财务管理专业、审计学专业 研究生：会计学（二级学科）、企业管理（财务管理方向，二级学科）、会计（专业学位）、审计（专业学位）
2025,公务员,2025安徽公开遴选,六安市司法局,9012 六安市司法局 综合管理,本科及以上,本科：法学类 研究生：法学（一级学科）、法律（专业学位）,,笔试+面试,,,招聘职位：综合管理；招聘人数：1；报名人数：23；分数线：64.0；最高分数：72.5,安徽 六安市直,https://www.xduim.com/zw/gklx,,专业：本科：法学类 研究生：法学（一级学科）、法律（专业学位）
2025,公务员,2025安徽公开遴选,六安市司法局,9013 六安市司法局 综合管理,本科及以上,本科：法学类 研究生：法学（一级学科）、法律（专业学位）,,笔试+面试,,,招聘职位：综合管理；招聘人数：1；报名人数：24；分数线：62.0；最高分数：64.0,安徽 六安市直,https://www.xduim.com/zw/gklx,,专业：本科：法学类 研究生：法学（一级学科）、法律（专业学位）
2025,公务员,2025安徽公开遴选,六安市财政局(市人民政府国有资产监督管理委员会),9014 六安市财政局(市人民政府国有资产监督管理委员会) 财政管理,本科及以上,本科：经济学类、财政学类、金融学类、经济与贸易类、会计学专业、财务管理专业、工程造价专业 研究生：经济学门类、管理科学与工程（一级学科）、企业管理（财务管理方向，二级学科）、会计学（二级学科）,,笔试+面试,,,招聘职位：财政管理；招聘人数：1；报名人数：26；分数线：66.0；最高分数：70.5,安徽 六安市直,https://www.xduim.com/zw/gklx,,专业：本科：经济学类、财政学类、金融学类、经济与贸易类、会计学专业、财务管理专业、工程造价专业 研究生：经济学门类、管理科学与工程（一级学科）、企业管理（财务管理方向，二级学科）、会计学（二级学科）
2025,公务员,2025安徽公开遴选,六安市人力资源和社会保障局,9015 六安市人力资源和社会保障局 综合管理,本科及以上,不限,,笔试+面试,,,招聘职位：综合管理；招聘人数：1；报名人数：56；分数线：65.0；最高分数：66.0,安徽 六安市直,https://www.xduim.com/zw/gklx,,专业：不限
2025,公务员,2025安徽公开遴选,六安市养老保险基金管理中心,9016 六安市养老保险基金管理中心 信息技术,本科及以上,本科：电子信息类、计算机类 研究生：计算机科学与技术（一级学科）、软件工程（一级学科）、信息与通信工程（一级学科）、网络空间安全（一级学科）、电子科学与技术（一级学科）、电子信息（专业学位）,,笔试+面试,,,招聘职位：信息技术；招聘人数：1；报名人数：13；分数线：61.0；最高分数：62.5,安徽 六安市直,https://www.xduim.com/zw/gklx,,专业：本科：电子信息类、计算机类 研究生：计算机科学与技术（一级学科）、软件工程（一级学科）、信息与通信工程（一级学科）、网络空间安全（一级学科）、电子科学与技术（一级学科）、电子信息（专业学位）
2025,公务员,2025安徽公开遴选,六安市劳动人事争议仲裁院,9017 六安市劳动人事争议仲裁院 争议仲裁,本科及以上,本科：法学类 研究生：法学（一级学科）、法律（专业学位）,,笔试+面试,,,招聘职位：争议仲裁；招聘人数：1；报名人数：13；分数线：58.5；最高分数：63.0,安徽 六安市直,https://www.xduim.com/zw/gklx,,专业：本科：法学类 研究生：法学（一级学科）、法律（专业学位）
2025,公务员,2025安徽公开遴选,六安市自然资源和规划局,9018 六安市自然资源和规划局 综合文字,本科及以上,不限,,笔试+面试,,,招聘职位：综合文字；招聘人数：1；报名人数：47；分数线：65.5；最高分数：68.0,安徽 六安市直,https://www.xduim.com/zw/gklx,,专业：不限
2025,公务员,2025安徽公开遴选,六安市交通运输局,9019 六安市交通运输局 行业管理,本科及以上,本科：经济学门类、交通运输类 研究生：经济学门类、交通运输工程（一级学科）,,笔试+面试,,,招聘职位：行业管理；招聘人数：1；报名人数：24；分数线：66.0；最高分数：79.0,安徽 六安市直,https://www.xduim.com/zw/gklx,,专业：本科：经济学门类、交通运输类 研究生：经济学门类、交通运输工程（一级学科）
2025,公务员,2025安徽公开遴选,六安市农业机械化发展中心,9020 六安市农业机械化发展中心 综合文字,本科及以上,本科：汉语言文学专业、秘书学专业、新闻学专业 研究生：中国语言文学（一级学科）、新闻学（二级学科）,,笔试+面试,,,招聘职位：综合文字；招聘人数：1；报名人数：20；分数线：65.5；最高分数：67.5,安徽 六安市直,https://www.xduim.com/zw/gklx,,专业：本科：汉语言文学专业、秘书学专业、新闻学专业 研究生：中国语言文学（一级学科）、新闻学（二级学科）
2025,公务员,2025安徽公开遴选,亳州市纪委监委,3001 亳州市纪委监委 纪检监察,本科及以上,本科：法学类 研究生：法学（一级学科）、法律（专业学位）,,笔试+面试,,,招聘职位：纪检监察；招聘人数：4；报名人数：65；分数线：60.5；最高分数：66.5,安徽 亳州市直,https://www.xduim.com/zw/gklx,,专业：本科：法学类 研究生：法学（一级学科）、法律（专业学位）
2025,公务员,2025安徽公开遴选,亳州市纪委监委,3002 亳州市纪委监委 纪检监察,本科及以上,本科：审计学专业、会计学专业、财务管理专业 研究生：会计学（二级学科）、会计（专业学位）、审计（专业学位）,,笔试+面试,,,招聘职位：纪检监察；招聘人数：1；报名人数：14；分数线：59.0；最高分数：62.0,安徽 亳州市直,https://www.xduim.com/zw/gklx,,专业：本科：审计学专业、会计学专业、财务管理专业 研究生：会计学（二级学科）、会计（专业学位）、审计（专业学位）
2025,公务员,2025安徽公开遴选,亳州市纪委监委,3003 亳州市纪委监委 纪检监察,本科及以上,不限,,笔试+面试,,,招聘职位：纪检监察；招聘人数：2；报名人数：68；分数线：62.5；最高分数：65.0,安徽 亳州市直,https://www.xduim.com/zw/gklx,,专业：不限
2025,公务员,2025安徽公开遴选,亳州市委政策研究室,3004 亳州市委政策研究室 综合文字,本科及以上,本科：哲学类、经济学类、财政学类、金融学类、法学类、政治学类、马克思主义理论类、中国语言文学类、新闻传播学类、公共管理类 研究生：哲学门类、经济学门类、法学门类、管理学门类，中国语言文学（一级学科）、新闻传播学（一级学科）、新闻与传播（专业学位）,,笔试+面试,,,招聘职位：综合文字；招聘人数：1；报名人数：12；分数线：58.5；最高分数：63.0,安徽 亳州市直,https://www.xduim.com/zw/gklx,,专业：本科：哲学类、经济学类、财政学类、金融学类、法学类、政治学类、马克思主义理论类、中国语言文学类、新闻传播学类、公共管理类 研究生：哲学门类、经济学门类、法学门类、管理学门类，中国语言文学（一级学科）、新闻传播学（一级学科）、新闻与传播（专业学位）
2025,公务员,2025安徽公开遴选,亳州市委网信办,3005 亳州市委网信办 网络应急管理,本科及以上,本科：中国语言文学类、新闻传播学类、心理学类、政治学类，社会学专业 研究生：政治学（一级学科）、社会学（一级学科）、中国语言文学（一级学科）、新闻传播学（一级学科）、新闻与传播（专业学位）、心理学（一级学科）、应用心理（专业学位）,,笔试+面试,,,招聘职位：网络应急管理；招聘人数：1；报名人数：11；分数线：63.5；最高分数：66.0,安徽 亳州市直,https://www.xduim.com/zw/gklx,,专业：本科：中国语言文学类、新闻传播学类、心理学类、政治学类，社会学专业 研究生：政治学（一级学科）、社会学（一级学科）、中国语言文学（一级学科）、新闻传播学（一级学科）、新闻与传播（专业学位）、心理学（一级学科）、应用心理（专业学位）
2025,公务员,2025安徽公开遴选,亳州市委人才工作局,3006 亳州市委人才工作局 综合管理,本科及以上,不限,,笔试+面试,,,招聘职位：综合管理；招聘人数：1；报名人数：3；分数线：60.0；最高分数：63.0,安徽 亳州市直,https://www.xduim.com/zw/gklx,,专业：不限
2025,公务员,2025安徽公开遴选,亳州市人大常委会 办公室,3007 亳州市人大常委会 办公室 综合文字,研究生,哲学门类、经济学门类、法学门类、文学门类、历史学门类,,笔试+面试,,,招聘职位：综合文字；招聘人数：1；报名人数：5；分数线：59.0；最高分数：62.5,安徽 亳州市直,https://www.xduim.com/zw/gklx,,专业：哲学门类、经济学门类、法学门类、文学门类、历史学门类
2025,公务员,2025安徽公开遴选,亳州市人大常委会 办公室,3008 亳州市人大常委会 办公室 机关综合,本科及以上,本科：经济学门类、管理学门类，中国语言文学类、新闻传播学类 研究生：经济学门类、管理学门类，中国语言文学（一级学科）、新闻传播学（一级学科）、新闻与传播（专业学位）,,笔试+面试,,,招聘职位：机关综合；招聘人数：1；报名人数：6；分数线：55.0；最高分数：65.0,安徽 亳州市直,https://www.xduim.com/zw/gklx,,专业：本科：经济学门类、管理学门类，中国语言文学类、新闻传播学类 研究生：经济学门类、管理学门类，中国语言文学（一级学科）、新闻传播学（一级学科）、新闻与传播（专业学位）
2025,公务员,2025安徽公开遴选,亳州市人大常委会 办公室,3009 亳州市人大常委会 办公室 综合管理,本科及以上,本科：哲学门类、经济学门类、法学门类、文学门类、历史学门类、理学门类、工学门类、农学门类 研究生：哲学门类、经济学门类、法学门类、文学门类、历史学门类、理学门类、工学门类、农学门类,,笔试+面试,,,招聘职位：综合管理；招聘人数：1；报名人数：14；分数线：62.0；最高分数：69.0,安徽 亳州市直,https://www.xduim.com/zw/gklx,,专业：本科：哲学门类、经济学门类、法学门类、文学门类、历史学门类、理学门类、工学门类、农学门类 研究生：哲学门类、经济学门类、法学门类、文学门类、历史学门类、理学门类、工学门类、农学门类
2025,公务员,2025安徽公开遴选,亳州市人大常委会 办公室,3010 亳州市人大常委会 办公室 立法工作,本科及以上,本科：法学类（不含特设专业） 研究生：法学（一级学科）、法律（专业学位）,,笔试+面试,,,招聘职位：立法工作；招聘人数：1；报名人数：22；分数线：58.0；最高分数：62.5,安徽 亳州市直,https://www.xduim.com/zw/gklx,,专业：本科：法学类（不含特设专业） 研究生：法学（一级学科）、法律（专业学位）
2025,公务员,2025安徽公开遴选,亳州市人民检察院,3011 亳州市人民检察院 司法行政,本科及以上,本科：中国语言文学类 研究生：中国语言文学（一级学科）,,笔试+面试,,,招聘职位：司法行政；招聘人数：1；报名人数：18；分数线：60.0；最高分数：64.0,安徽 亳州市直,https://www.xduim.com/zw/gklx,,专业：本科：中国语言文学类 研究生：中国语言文学（一级学科）
2025,公务员,2025安徽公开遴选,共青团亳州市委员会,3012 共青团亳州市委员会 机关综合,本科及以上,本科：经济学门类、法学门类、管理学门类，中国语言文学类、新闻传播学类、心理学类、统计学类 研究生：经济学门类、法学门类、管理学门类，中国语言文学（一级学科）、新闻传播学（一级学科）、新闻与传播（专业学位）、心理学（一级学科）、应用心理（专业学位）、统计学（一级学科）、应用统计（专业学位）,,笔试+面试,,,招聘职位：机关综合；招聘人数：1；报名人数：20；分数线：65.0；最高分数：71.0,安徽 亳州市直,https://www.xduim.com/zw/gklx,,专业：本科：经济学门类、法学门类、管理学门类，中国语言文学类、新闻传播学类、心理学类、统计学类 研究生：经济学门类、法学门类、管理学门类，中国语言文学（一级学科）、新闻传播学（一级学科）、新闻与传播（专业学位）、心理学（一级学科）、应用心理（专业学位）、统计学（一级学科）、应用统计（专业学位）
2025,公务员,2025安徽公开遴选,亳州市人民政府办公室,3013 亳州市人民政府办公室 政务公开,本科及以上,本科：经济学类、法学类、中国语言文学类、新闻传播学类、电子信息类 研究生：理论经济学（一级学科）、应用经济学（一级学科）、法学（一级学科）、法律（专业学位）、中国语言文学（一级学科）、新闻传播学（一级学科）、新闻与传播（专业学位）、信息与通信工程（一级学科）、电子信息（专业学位）,,笔试+面试,,,招聘职位：政务公开；招聘人数：1；报名人数：9；分数线：60.0；最高分数：66.0,安徽 亳州市直,https://www.xduim.com/zw/gklx,,专业：本科：经济学类、法学类、中国语言文学类、新闻传播学类、电子信息类 研究生：理论经济学（一级学科）、应用经济学（一级学科）、法学（一级学科）、法律（专业学位）、中国语言文学（一级学科）、新闻传播学（一级学科）、新闻与传播（专业学位）、信息与通信工程（一级学科）、电子信息（专业学位）
2025,公务员,2025安徽公开遴选,亳州市人民政府办公室,3014 亳州市人民政府办公室 综合管理,本科及以上,本科：经济学类、金融学类、法学类、中国语言文学类、工商管理类、公共管理类 研究生：理论经济学（一级学科）、应用经济学（一级学科）、金融（专业学位）、法学（一级学科）、法律（专业学位）、中国语言文学（一级学科）、工商管理学（一级学科）、工商管理（专业学位）、公共管理学（一级学科）、公共管理（专业学位）,,笔试+面试,,,招聘职位：综合管理；招聘人数：2；报名人数：19；分数线：58.5；最高分数：66.5,安徽 亳州市直,https://www.xduim.com/zw/gklx,,专业：本科：经济学类、金融学类、法学类、中国语言文学类、工商管理类、公共管理类 研究生：理论经济学（一级学科）、应用经济学（一级学科）、金融（专业学位）、法学（一级学科）、法律（专业学位）、中国语言文学（一级学科）、工商管理学（一级学科）、工商管理（专业学位）、公共管理学（一级学科）、公共管理（专业学位）
2025,公务员,2025安徽公开遴选,亳州市教育局,3015 亳州市教育局 财务管理,本科及以上,本科：工商管理类、财政学类、金融学类 研究生：经济学门类，工商管理学（一级学科）、工商管理（专业学位）、会计（专业学位）、审计（专业学位）,,笔试+面试,,,招聘职位：财务管理；招聘人数：1；报名人数：25；分数线：62.0；最高分数：64.0,安徽 亳州市直,https://www.xduim.com/zw/gklx,,专业：本科：工商管理类、财政学类、金融学类 研究生：经济学门类，工商管理学（一级学科）、工商管理（专业学位）、会计（专业学位）、审计（专业学位）
2025,公务员,2025安徽公开遴选,亳州市科学技术局,3016 亳州市科学技术局 科技管理,本科及以上,本科：经济学门类、工学门类、管理学门类 研究生：经济学门类、工学门类、管理学门类,,笔试+面试,,,招聘职位：科技管理；招聘人数：1；报名人数：50；分数线：64.5；最高分数：67.0,安徽 亳州市直,https://www.xduim.com/zw/gklx,,专业：本科：经济学门类、工学门类、管理学门类 研究生：经济学门类、工学门类、管理学门类
2025,公务员,2025安徽公开遴选,亳州市工业和信息化局,3017 亳州市工业和信息化局 工业经济管理,本科及以上,本科：工学门类，数学类 研究生：工学门类，数学（一级学科）,,笔试+面试,,,招聘职位：工业经济管理；招聘人数：1；报名人数：39；分数线：64.0；最高分数：69.0,安徽 亳州市直,https://www.xduim.com/zw/gklx,,专业：本科：工学门类，数学类 研究生：工学门类，数学（一级学科）
2025,公务员,2025安徽公开遴选,亳州市司法局,3018 亳州市司法局 信息技术,本科及以上,本科：电子信息类、计算机类 研究生：电子科学与技术（一级学科）、信息与通信工程（一级学科）、计算机科学与技术（一级学科）、电子信息（专业学位）,,笔试+面试,,,招聘职位：信息技术；招聘人数：1；报名人数：26；分数线：61.5；最高分数：63.0,安徽 亳州市直,https://www.xduim.com/zw/gklx,,专业：本科：电子信息类、计算机类 研究生：电子科学与技术（一级学科）、信息与通信工程（一级学科）、计算机科学与技术（一级学科）、电子信息（专业学位）
2025,公务员,2025安徽公开遴选,亳州市生态环境局所属县分局,3019 亳州市生态环境局所属县分局 生态环境管理,本科及以上,本科:工学门类，化学类、自然保护与环境生态类，大气科学专业 、生态学专业 研究生:工学门类，化学（一级学科）、大气科学（一级学科）、生态学（一级学科）、农业资源与环境（一级学科）,,笔试+面试,,,招聘职位：生态环境管理；招聘人数：1；报名人数：17；分数线：60.5；最高分数：63.5,安徽 亳州市直,https://www.xduim.com/zw/gklx,,专业：本科:工学门类，化学类、自然保护与环境生态类，大气科学专业 、生态学专业 研究生:工学门类，化学（一级学科）、大气科学（一级学科）、生态学（一级学科）、农业资源与环境（一级学科）
2025,公务员,2025安徽公开遴选,亳州市文化旅游体育局,3020 亳州市文化旅游体育局 公共事业管理,本科及以上,本科：文学门类，旅游管理类、体育学类 研究生：文学门类，体育学（一级学科）、体育（专业学位）、旅游管理（专业学位或二级学科）,,笔试+面试,,,招聘职位：公共事业管理；招聘人数：1；报名人数：27；分数线：60.0；最高分数：61.0,安徽 亳州市直,https://www.xduim.com/zw/gklx,,专业：本科：文学门类，旅游管理类、体育学类 研究生：文学门类，体育学（一级学科）、体育（专业学位）、旅游管理（专业学位或二级学科）
2025,公务员,2025安徽公开遴选,中共合肥市纪律检查委员会 合肥市监察委员会,10001 中共合肥市纪律检查委员会 合肥市监察委员会 纪检监察,本科及以上,法学类,,笔试+面试,,,招聘职位：纪检监察；招聘人数：1；报名人数：7；分数线：53.5；最高分数：59.5,安徽 合肥市直,https://www.xduim.com/zw/gklx,,专业：法学类
2025,公务员,2025安徽公开遴选,中共合肥市纪律检查委员会 合肥市监察委员会,10002 中共合肥市纪律检查委员会 合肥市监察委员会 纪检监察,本科及以上,法学类,,笔试+面试,,,招聘职位：纪检监察；招聘人数：1；报名人数：5；分数线：54.5；最高分数：76.5,安徽 合肥市直,https://www.xduim.com/zw/gklx,,专业：法学类
2025,公务员,2025安徽公开遴选,中共合肥市纪律检查委员会 合肥市监察委员会,10003 中共合肥市纪律检查委员会 合肥市监察委员会 纪检监察,本科及以上,不限,,笔试+面试,,,招聘职位：纪检监察；招聘人数：1；报名人数：15；分数线：57.0；最高分数：62.5,安徽 合肥市直,https://www.xduim.com/zw/gklx,,专业：不限
2025,公务员,2025安徽公开遴选,中共合肥市纪律检查委员会 合肥市监察委员会,10004 中共合肥市纪律检查委员会 合肥市监察委员会 纪检监察,本科及以上,不限,,笔试+面试,,,招聘职位：纪检监察；招聘人数：1；报名人数：12；分数线：60.0；最高分数：67.0,安徽 合肥市直,https://www.xduim.com/zw/gklx,,专业：不限
2025,公务员,2025安徽公开遴选,中共合肥市委办公室,10005 中共合肥市委办公室 网络安全管理,本科及以上,计算机类、电子信息类,,笔试+面试,,,招聘职位：网络安全管理；招聘人数：1；报名人数：10；分数线：59.0；最高分数：68.5,安徽 合肥市直,https://www.xduim.com/zw/gklx,,专业：计算机类、电子信息类
2025,公务员,2025安徽公开遴选,合肥市人大常委会办公室,10006 合肥市人大常委会办公室 综合文字,本科及以上,中国语言文学类、法学类（不含特设专业）、经济学类、工商管理类、公共管理类,,笔试+面试,,,招聘职位：综合文字；招聘人数：1；报名人数：16；最高分数：69.5,安徽 合肥市直,https://www.xduim.com/zw/gklx,,专业：中国语言文学类、法学类（不含特设专业）、经济学类、工商管理类、公共管理类
2025,公务员,2025安徽公开遴选,合肥市人大常委会办公室,10007 合肥市人大常委会办公室 综合文字,本科及以上,中国语言文学类、法学类（不含特设专业）、经济学类、工商管理类、公共管理类,,笔试+面试,,,招聘职位：综合文字；招聘人数：1；报名人数：27；最高分数：73.0,安徽 合肥市直,https://www.xduim.com/zw/gklx,,专业：中国语言文学类、法学类（不含特设专业）、经济学类、工商管理类、公共管理类
2025,公务员,2025安徽公开遴选,合肥市政协办公室,10008 合肥市政协办公室 综合文字,本科及以上,法学门类、经济学门类、中国语言文学类、新闻传播学类,,笔试+面试,,,招聘职位：综合文字；招聘人数：1；报名人数：38；最高分数：74.0,安徽 合肥市直,https://www.xduim.com/zw/gklx,,专业：法学门类、经济学门类、中国语言文学类、新闻传播学类
2025,公务员,2025安徽公开遴选,中共合肥市委宣传部,10009 中共合肥市委宣传部 机关综合,本科及以上,哲学类、经济学类、新闻传播学类、法学类、工商管理类、计算机类、电子信息类,,笔试+面试,,,招聘职位：机关综合；招聘人数：1；报名人数：25；最高分数：69.5,安徽 合肥市直,https://www.xduim.com/zw/gklx,,专业：哲学类、经济学类、新闻传播学类、法学类、工商管理类、计算机类、电子信息类
2025,公务员,2025安徽公开遴选,中共合肥市委宣传部,10010 中共合肥市委宣传部 机关综合,本科及以上,哲学类、经济学类、新闻传播学类、法学类、工商管理类、计算机类、电子信息类,,笔试+面试,,,招聘职位：机关综合；招聘人数：1；报名人数：26；最高分数：71.5,安徽 合肥市直,https://www.xduim.com/zw/gklx,,专业：哲学类、经济学类、新闻传播学类、法学类、工商管理类、计算机类、电子信息类
2025,公务员,2025安徽公开遴选,中共合肥市直属机关工作委员会,10011 中共合肥市直属机关工作委员会 机关综合,本科及以上,不限,,笔试+面试,,,招聘职位：机关综合；招聘人数：1；报名人数：39；最高分数：72.0,安徽 合肥市直,https://www.xduim.com/zw/gklx,,专业：不限
2025,公务员,2025安徽公开遴选,合肥市中级人民法院,10012 合肥市中级人民法院 法官助理,本科及以上,法学类（不含特设专业）,,笔试+面试,,,招聘职位：法官助理；招聘人数：1；报名人数：2；最高分数：61.5,安徽 合肥市直,https://www.xduim.com/zw/gklx,,专业：法学类（不含特设专业）
2025,公务员,2025安徽公开遴选,合肥市中级人民法院,10013 合肥市中级人民法院 法官助理,本科及以上,法学类（不含特设专业）,,笔试+面试,,,招聘职位：法官助理；招聘人数：1；报名人数：5；最高分数：61.5,安徽 合肥市直,https://www.xduim.com/zw/gklx,,专业：法学类（不含特设专业）
2025,公务员,2025安徽公开遴选,合肥市人民检察院,10014 合肥市人民检察院 检察官助理,本科及以上,法学类（不含监狱学）,,笔试+面试,,,招聘职位：检察官助理；招聘人数：1；报名人数：3；最高分数：61.0,安徽 合肥市直,https://www.xduim.com/zw/gklx,,专业：法学类（不含监狱学）
2025,公务员,2025安徽公开遴选,合肥市人民检察院,10015 合肥市人民检察院 检察官助理,本科及以上,法学类（不含监狱学）,,笔试+面试,,,招聘职位：检察官助理；招聘人数：1；报名人数：8；最高分数：67.0,安徽 合肥市直,https://www.xduim.com/zw/gklx,,专业：法学类（不含监狱学）
2025,公务员,2025安徽公开遴选,合肥市人民检察院,10016 合肥市人民检察院 司法行政人员,本科及以上,不限,,笔试+面试,,,招聘职位：司法行政人员；招聘人数：1；报名人数：2；分数线：59.0；最高分数：61.0,安徽 合肥市直,https://www.xduim.com/zw/gklx,,专业：不限
2025,公务员,2025安徽公开遴选,合肥市人民检察院,10017 合肥市人民检察院 司法行政人员,本科及以上,不限,,笔试+面试,,,招聘职位：司法行政人员；招聘人数：1；报名人数：5；分数线：57.5；最高分数：80.0,安徽 合肥市直,https://www.xduim.com/zw/gklx,,专业：不限
2025,公务员,2025安徽公开遴选,合肥市总工会,10018 合肥市总工会 机关综合,本科及以上,不限,,笔试+面试,,,招聘职位：机关综合；招聘人数：1；报名人数：28；最高分数：66.0,安徽 合肥市直,https://www.xduim.com/zw/gklx,,专业：不限
2025,公务员,2025安徽公开遴选,共青团合肥市委员会,10019 共青团合肥市委员会 机关综合,本科及以上,不限,,笔试+面试,,,招聘职位：机关综合；招聘人数：1；报名人数：30；最高分数：69.0,安徽 合肥市直,https://www.xduim.com/zw/gklx,,专业：不限
2025,公务员,2025安徽公开遴选,合肥市人民政府办公室,10020 合肥市人民政府办公室 综合文字,本科及以上,经济学门类、历史学门类、管理学门类、政治学类、马克思主义理论类、教育学类、中国语言文学类、新闻传播学类,,笔试+面试,,,招聘职位：综合文字；招聘人数：1；报名人数：15；最高分数：68.5,安徽 合肥市直,https://www.xduim.com/zw/gklx,,专业：经济学门类、历史学门类、管理学门类、政治学类、马克思主义理论类、教育学类、中国语言文学类、新闻传播学类
2025,公务员,2025安徽公开遴选,宿州市纪委监委,4001 宿州市纪委监委 纪检监察,本科及以上,法学门类、经济学门类、计算机类、电子信息类、工商管理类,,笔试+面试,,,招聘职位：纪检监察；招聘人数：1；报名人数：14；分数线：67.5；最高分数：68.5,安徽 宿州市直,https://www.xduim.com/zw/gklx,,专业：法学门类、经济学门类、计算机类、电子信息类、工商管理类
2025,公务员,2025安徽公开遴选,宿州市纪委监委,4002 宿州市纪委监委 纪检监察,本科及以上,法学类、经济学类、金融学类、计算机类、审计学专业、经济犯罪侦查专业、侦查学专业,,笔试+面试,,,招聘职位：纪检监察；招聘人数：2；报名人数：32；分数线：59.5；最高分数：62.5,安徽 宿州市直,https://www.xduim.com/zw/gklx,,专业：法学类、经济学类、金融学类、计算机类、审计学专业、经济犯罪侦查专业、侦查学专业
2025,公务员,2025安徽公开遴选,宿州市纪委监委,4003 宿州市纪委监委 纪检监察,本科及以上,不限,,笔试+面试,,,招聘职位：纪检监察；招聘人数：2；报名人数：34；分数线：59.0；最高分数：67.0,安徽 宿州市直,https://www.xduim.com/zw/gklx,,专业：不限
2025,公务员,2025安徽公开遴选,中共宿州市委办公室,4004 中共宿州市委办公室 综合文字,本科及以上,不限,,笔试+面试,,,招聘职位：综合文字；招聘人数：2；报名人数：25；分数线：59.0；最高分数：66.5,安徽 宿州市直,https://www.xduim.com/zw/gklx,,专业：不限
2025,公务员,2025安徽公开遴选,中共宿州市委组织部,4005 中共宿州市委组织部 综合文字,本科及以上,不限,,笔试+面试,,,招聘职位：综合文字；招聘人数：1；报名人数：16；分数线：61.0；最高分数：65.5,安徽 宿州市直,https://www.xduim.com/zw/gklx,,专业：不限
2025,公务员,2025安徽公开遴选,中共宿州市委政法委,4006 中共宿州市委政法委 综合文字,本科及以上,不限,,笔试+面试,,,招聘职位：综合文字；招聘人数：1；报名人数：18；分数线：60.5；最高分数：67.5,安徽 宿州市直,https://www.xduim.com/zw/gklx,,专业：不限
2025,公务员,2025安徽公开遴选,中共宿州市委社会工作部,4007 中共宿州市委社会工作部 社会治理,本科及以上,不限,,笔试+面试,,,招聘职位：社会治理；招聘人数：2；报名人数：37；分数线：64.5；最高分数：69.0,安徽 宿州市直,https://www.xduim.com/zw/gklx,,专业：不限
2025,公务员,2025安徽公开遴选,中共宿州市委社会工作部,4008 中共宿州市委社会工作部 非公党建,本科及以上,不限,,笔试+面试,,,招聘职位：非公党建；招聘人数：1；报名人数：17；分数线：63.5；最高分数：67.5,安徽 宿州市直,https://www.xduim.com/zw/gklx,,专业：不限
2025,公务员,2025安徽公开遴选,中共宿州市委政策研究室,4009 中共宿州市委政策研究室 综合文字,本科及以上,不限,,笔试+面试,,,招聘职位：综合文字；招聘人数：1；报名人数：9；分数线：59.5；最高分数：67.5,安徽 宿州市直,https://www.xduim.com/zw/gklx,,专业：不限
2025,公务员,2025安徽公开遴选,宿州市人大常委会办公室,4010 宿州市人大常委会办公室 综合文字,本科及以上,不限,,笔试+面试,,,招聘职位：综合文字；招聘人数：1；报名人数：28；分数线：65.0；最高分数：68.0,安徽 宿州市直,https://www.xduim.com/zw/gklx,,专业：不限
2025,公务员,2025安徽公开遴选,宿州市中级人民法院,4011 宿州市中级人民法院 财务管理,本科及以上,经济学门类、会计学专业、财务管理专业、审计学专业,,笔试+面试,,,招聘职位：财务管理；招聘人数：1；报名人数：23；分数线：62.5；最高分数：64.5,安徽 宿州市直,https://www.xduim.com/zw/gklx,,专业：经济学门类、会计学专业、财务管理专业、审计学专业
2025,公务员,2025安徽公开遴选,宿州市中级人民法院,4012 宿州市中级人民法院 综合文字,本科及以上,不限,,笔试+面试,,,招聘职位：综合文字；招聘人数：1；报名人数：21；分数线：59.5；最高分数：68.5,安徽 宿州市直,https://www.xduim.com/zw/gklx,,专业：不限
2025,公务员,2025安徽公开遴选,宿州市人民政府办公室（市政府外事办公室）,4013 宿州市人民政府办公室（市政府外事办公室） 综合文字,本科及以上,不限,,笔试+面试,,,招聘职位：综合文字；招聘人数：1；报名人数：13；分数线：59.0；最高分数：65.5,安徽 宿州市直,https://www.xduim.com/zw/gklx,,专业：不限
2025,公务员,2025安徽公开遴选,宿州市发展和改革委员会,4014 宿州市发展和改革委员会 综合管理,本科及以上,不限,,笔试+面试,,,招聘职位：综合管理；招聘人数：2；报名人数：34；分数线：61.5；最高分数：66.0,安徽 宿州市直,https://www.xduim.com/zw/gklx,,专业：不限
2025,公务员,2025安徽公开遴选,宿州市发展和改革委员会,4015 宿州市发展和改革委员会 经济运行,本科及以上,不限,,笔试+面试,,,招聘职位：经济运行；招聘人数：2；报名人数：38；分数线：63.0；最高分数：72.5,安徽 宿州市直,https://www.xduim.com/zw/gklx,,专业：不限
2025,公务员,2025安徽公开遴选,宿州市发展和改革委员会,4016 宿州市发展和改革委员会 综合文字,本科及以上,不限,,笔试+面试,,,招聘职位：综合文字；招聘人数：1；报名人数：15；分数线：65.5；最高分数：69.5,安徽 宿州市直,https://www.xduim.com/zw/gklx,,专业：不限
2025,公务员,2025安徽公开遴选,宿州市市场监督管理局,4017 宿州市市场监督管理局 市场监管,本科及以上,不限,,笔试+面试,,,招聘职位：市场监管；招聘人数：1；报名人数：25；分数线：63.5；最高分数：66.5,安徽 宿州市直,https://www.xduim.com/zw/gklx,,专业：不限
2025,公务员,2025安徽公开遴选,宿州市水利局,4018 宿州市水利局 水利管理,本科及以上,土木类、水利类、法学类,,笔试+面试,,,招聘职位：水利管理；招聘人数：1；报名人数：22；分数线：62.5；最高分数：67.5,安徽 宿州市直,https://www.xduim.com/zw/gklx,,专业：土木类、水利类、法学类
2025,公务员,2025安徽公开遴选,宿州市城市管理局,4019 宿州市城市管理局 综合管理,本科及以上,不限,,笔试+面试,,,招聘职位：综合管理；招聘人数：1；报名人数：25；分数线：61.5；最高分数：68.0,安徽 宿州市直,https://www.xduim.com/zw/gklx,,专业：不限
2025,公务员,2025安徽公开遴选,宿州市城市管理局,4020 宿州市城市管理局 综合管理,本科及以上,不限,,笔试+面试,,,招聘职位：综合管理；招聘人数：1；报名人数：21；分数线：61.5；最高分数：66.5,安徽 宿州市直,https://www.xduim.com/zw/gklx,,专业：不限
2025,公务员,2025安徽公开遴选,市纪委监委机关,13001 市纪委监委机关 纪检监察,本科及以上,本 科：法学专业、经济学专业、审计学专业、会计学专业、金融学专业、统计学专业、汉语言文学专业 研究生：法学（一级学科）、理论经济学（一级学科）、应用经济学（一级学科）、统计学（一级学科）、中国语言文学（一级学科）、会计学（二级学科）、金融硕士（专业硕士）、审计硕士（专业硕士）、法律硕士（专业硕士）、会计硕士（专业硕士）,,笔试+面试,,,招聘职位：纪检监察；招聘人数：1；报名人数：15；分数线：60.5；最高分数：63.5,安徽 宣城市直,https://www.xduim.com/zw/gklx,,专业：本 科：法学专业、经济学专业、审计学专业、会计学专业、金融学专业、统计学专业、汉语言文学专业 研究生：法学（一级学科）、理论经济学（一级学科）、应用经济学（一级学科）、统计学（一级学科）、中国语言文学（一级学科）、会计学（二级学科）、金融硕士（专业硕士）、审计硕士（专业硕士）、法律硕士（专业硕士）、会计硕士（专业硕士）
2025,公务员,2025安徽公开遴选,市纪委监委机关,13002 市纪委监委机关 纪检监察,本科及以上,本 科：法学专业、经济学专业、审计学专业、会计学专业、金融学专业、统计学专业、汉语言文学专业 研究生：法学（一级学科）、理论经济学（一级学科）、应用经济学（一级学科）、统计学（一级学科）、中国语言文学（一级学科）、会计学（二级学科）、金融硕士（专业硕士）、审计硕士（专业硕士）、法律硕士（专业硕士）、会计硕士（专业硕士）,,笔试+面试,,,招聘职位：纪检监察；招聘人数：1；报名人数：8；分数线：51.5；最高分数：60.0,安徽 宣城市直,https://www.xduim.com/zw/gklx,,专业：本 科：法学专业、经济学专业、审计学专业、会计学专业、金融学专业、统计学专业、汉语言文学专业 研究生：法学（一级学科）、理论经济学（一级学科）、应用经济学（一级学科）、统计学（一级学科）、中国语言文学（一级学科）、会计学（二级学科）、金融硕士（专业硕士）、审计硕士（专业硕士）、法律硕士（专业硕士）、会计硕士（专业硕士）
2025,公务员,2025安徽公开遴选,市纪委监委派驻机构,13003 市纪委监委派驻机构 纪检监察,本科及以上,本 科：法学专业、经济学专业、审计学专业、会计学专业、金融学专业、统计学专业、汉语言文学专业 研究生：法学（一级学科）、理论经济学（一级学科）、应用经济学（一级学科）、统计学（一级学科）、中国语言文学（一级学科）、会计学（二级学科）、金融硕士（专业硕士）、审计硕士（专业硕士）、法律硕士（专业硕士）、会计硕士（专业硕士）,,笔试+面试,,,招聘职位：纪检监察；招聘人数：1；报名人数：15；分数线：63.0；最高分数：66.5,安徽 宣城市直,https://www.xduim.com/zw/gklx,,专业：本 科：法学专业、经济学专业、审计学专业、会计学专业、金融学专业、统计学专业、汉语言文学专业 研究生：法学（一级学科）、理论经济学（一级学科）、应用经济学（一级学科）、统计学（一级学科）、中国语言文学（一级学科）、会计学（二级学科）、金融硕士（专业硕士）、审计硕士（专业硕士）、法律硕士（专业硕士）、会计硕士（专业硕士）
2025,公务员,2025安徽公开遴选,市纪委监委派驻机构,13004 市纪委监委派驻机构 纪检监察,本科及以上,本 科：法学专业、经济学专业、审计学专业、会计学专业、金融学专业、统计学专业、汉语言文学专业 研究生：法学（一级学科）、理论经济学（一级学科）、应用经济学（一级学科）、统计学（一级学科）、中国语言文学（一级学科）、会计学（二级学科）、金融硕士（专业硕士）、审计硕士（专业硕士）、法律硕士（专业硕士）、会计硕士（专业硕士）,,笔试+面试,,,招聘职位：纪检监察；招聘人数：1；报名人数：5；分数线：54.0；最高分数：60.0,安徽 宣城市直,https://www.xduim.com/zw/gklx,,专业：本 科：法学专业、经济学专业、审计学专业、会计学专业、金融学专业、统计学专业、汉语言文学专业 研究生：法学（一级学科）、理论经济学（一级学科）、应用经济学（一级学科）、统计学（一级学科）、中国语言文学（一级学科）、会计学（二级学科）、金融硕士（专业硕士）、审计硕士（专业硕士）、法律硕士（专业硕士）、会计硕士（专业硕士）
2025,公务员,2025安徽公开遴选,市委政研室,13005 市委政研室 文字综合,本科及以上,不限,,笔试+面试,,,招聘职位：文字综合；招聘人数：1；报名人数：9；分数线：62.5；最高分数：68.5,安徽 宣城市直,https://www.xduim.com/zw/gklx,,专业：不限
2025,公务员,2025安徽公开遴选,市中级人民法院,13006 市中级人民法院 法官助理,本科及以上,本 科：法学类（不含特设专业） 研究生：法学（一级学科）、法律硕士（专业硕士）,,笔试+面试,,,招聘职位：法官助理；招聘人数：1；报名人数：9；分数线：59.0；最高分数：64.0,安徽 宣城市直,https://www.xduim.com/zw/gklx,,专业：本 科：法学类（不含特设专业） 研究生：法学（一级学科）、法律硕士（专业硕士）
2025,公务员,2025安徽公开遴选,市中级人民法院,13007 市中级人民法院 法官助理,本科及以上,本 科：法学类（不含特设专业） 研究生：法学（一级学科）、法律硕士（专业硕士）,,笔试+面试,,,招聘职位：法官助理；招聘人数：1；报名人数：3；分数线：53.0；最高分数：55.5,安徽 宣城市直,https://www.xduim.com/zw/gklx,,专业：本 科：法学类（不含特设专业） 研究生：法学（一级学科）、法律硕士（专业硕士）
2025,公务员,2025安徽公开遴选,市中级人民法院,13008 市中级人民法院 法官助理,本科及以上,本 科：法学类（不含特设专业） 研究生：法学（一级学科）、法律硕士（专业硕士）,,笔试+面试,,,招聘职位：法官助理；招聘人数：1；报名人数：6；分数线：57.0；最高分数：61.0,安徽 宣城市直,https://www.xduim.com/zw/gklx,,专业：本 科：法学类（不含特设专业） 研究生：法学（一级学科）、法律硕士（专业硕士）
2025,公务员,2025安徽公开遴选,市公安局,13009 市公安局 人民警察,本科及以上,不限,,笔试+面试,,,招聘职位：人民警察；招聘人数：1；报名人数：13；分数线：55.5；最高分数：65.0,安徽 宣城市直,https://www.xduim.com/zw/gklx,,专业：不限
2025,公务员,2025安徽公开遴选,市公安局,13010 市公安局 人民警察,本科及以上,不限,,笔试+面试,,,招聘职位：人民警察；招聘人数：1；报名人数：10；分数线：62.5；最高分数：66.5,安徽 宣城市直,https://www.xduim.com/zw/gklx,,专业：不限
2025,公务员,2025安徽公开遴选,市司法局,13011 市司法局 司法行政,本科及以上,不限,,笔试+面试,,,招聘职位：司法行政；招聘人数：1；报名人数：21；分数线：63.0；最高分数：74.0,安徽 宣城市直,https://www.xduim.com/zw/gklx,,专业：不限
2025,公务员,2025安徽公开遴选,市住建局,13012 市住建局 财务审计,本科及以上,本 科：财务管理专业、会计学专业、审计学专业 研究生：工商管理学（一级学科）、会计硕士（专业硕士）、审计硕士（专业硕士）,,笔试+面试,,,招聘职位：财务审计；招聘人数：1；报名人数：17；分数线：62.0；最高分数：65.5,安徽 宣城市直,https://www.xduim.com/zw/gklx,,专业：本 科：财务管理专业、会计学专业、审计学专业 研究生：工商管理学（一级学科）、会计硕士（专业硕士）、审计硕士（专业硕士）
2025,公务员,2025安徽公开遴选,市交通局,13013 市交通局 交通管理,本科及以上,不限,,笔试+面试,,,招聘职位：交通管理；招聘人数：1；报名人数：76；分数线：65.0；最高分数：70.0,安徽 宣城市直,https://www.xduim.com/zw/gklx,,专业：不限
2025,公务员,2025安徽公开遴选,市数据资源局,13014 市数据资源局 机关综合,本科及以上,本 科：法学类、中国语言文学类、计算机类 研究生：法学（一级学科）、中国语言文学（一级学科）、计算机科学与技术（一级学科）、法律硕士（专业硕士）,,笔试+面试,,,招聘职位：机关综合；招聘人数：1；报名人数：40；分数线：65.0；最高分数：65.0,安徽 宣城市直,https://www.xduim.com/zw/gklx,,专业：本 科：法学类、中国语言文学类、计算机类 研究生：法学（一级学科）、中国语言文学（一级学科）、计算机科学与技术（一级学科）、法律硕士（专业硕士）
2025,公务员,2025安徽公开遴选,团市委,13015 团市委 机关综合,本科及以上,不限,,笔试+面试,,,招聘职位：机关综合；招聘人数：1；报名人数：33；分数线：65.0；最高分数：70.0,安徽 宣城市直,https://www.xduim.com/zw/gklx,,专业：不限
2025,公务员,2025安徽公开遴选,市人社局 市社会保险基金管理中心,13016 市人社局 市社会保险基金管理中心 社保管理,本科及以上,本 科：财政学专业、统计学专业、应用统计学专业、会计学专业、财务管理专业、审计学专业、财务会计教育专业 研究生：统计学（一级学科）、工商管理学（一级学科）、财政学（二级学科）、会计硕士（专业硕士）、审计硕士（专业硕士）、应用统计（专业硕士）,,笔试+面试,,,招聘职位：社保管理；招聘人数：1；报名人数：15；分数线：65.5；最高分数：69.0,安徽 宣城市直,https://www.xduim.com/zw/gklx,,专业：本 科：财政学专业、统计学专业、应用统计学专业、会计学专业、财务管理专业、审计学专业、财务会计教育专业 研究生：统计学（一级学科）、工商管理学（一级学科）、财政学（二级学科）、会计硕士（专业硕士）、审计硕士（专业硕士）、应用统计（专业硕士）
2025,公务员,2025安徽公开遴选,省纪委监委,30001 省纪委监委 审查 调查,本科及以上,不限,,笔试+面试,,,招聘职位：审查 调查；招聘人数：4；报名人数：115；分数线：63.0；最高分数：68.0,安徽 安徽省直,https://www.xduim.com/zw/gklx,,专业：不限
2025,公务员,2025安徽公开遴选,省纪委监委,30002 省纪委监委 审查 调查,本科及以上,不限,,笔试+面试,,,招聘职位：审查 调查；招聘人数：5；报名人数：129；分数线：66.5；最高分数：72.5,安徽 安徽省直,https://www.xduim.com/zw/gklx,,专业：不限
2025,公务员,2025安徽公开遴选,省纪委监委,30003 省纪委监委 审查 调查,本科及以上,不限,,笔试+面试,,,招聘职位：审查 调查；招聘人数：5；报名人数：45；分数线：58.5；最高分数：63.5,安徽 安徽省直,https://www.xduim.com/zw/gklx,,专业：不限
2025,公务员,2025安徽公开遴选,省纪委监委,30004 省纪委监委 审查 调查,本科及以上,不限,,笔试+面试,,,招聘职位：审查 调查；招聘人数：4；报名人数：110；分数线：63.0；最高分数：69.0,安徽 安徽省直,https://www.xduim.com/zw/gklx,,专业：不限
2025,公务员,2025安徽公开遴选,省纪委监委,30005 省纪委监委 信息 技术,本科及以上,不限,,笔试+面试,,,招聘职位：信息 技术；招聘人数：3；报名人数：50；分数线：60.5；最高分数：67.5,安徽 安徽省直,https://www.xduim.com/zw/gklx,,专业：不限
2025,公务员,2025安徽公开遴选,省纪委监委,30006 省纪委监委 审查 调查,本科及以上,不限,,笔试+面试,,,招聘职位：审查 调查；招聘人数：2；报名人数：25；分数线：63.5；最高分数：66.0,安徽 安徽省直,https://www.xduim.com/zw/gklx,,专业：不限
2025,公务员,2025安徽公开遴选,省纪委监委,30007 省纪委监委 审查 调查,本科及以上,不限,,笔试+面试,,,招聘职位：审查 调查；招聘人数：2；报名人数：28；分数线：60.0；最高分数：69.0,安徽 安徽省直,https://www.xduim.com/zw/gklx,,专业：不限
2025,公务员,2025安徽公开遴选,省委宣传部,30008 省委宣传部 国资 监管,本科及以上,本 科：会计学专业、财务管理专业、审计学专业 研究生：会计学（二级学科）、企业管理（财务管理方向，二级学科）、会计（专业学位）、审计（专业学位）,,笔试+面试,,,招聘职位：国资 监管；招聘人数：1；报名人数：8；分数线：61.5；最高分数：66.5,安徽 安徽省直,https://www.xduim.com/zw/gklx,,专业：本 科：会计学专业、财务管理专业、审计学专业 研究生：会计学（二级学科）、企业管理（财务管理方向，二级学科）、会计（专业学位）、审计（专业学位）
2025,公务员,2025安徽公开遴选,省委宣传部,30009 省委宣传部 宣传综合,本科及以上,本 科：经济学门类、马克思主义理论类、中国语言文学类、新闻传播学类 研究生：经济学门类、马克思主义理论（一级学科）、中国语言文学（一级学科）、新闻传播学（一级学科）,,笔试+面试,,,招聘职位：宣传综合；招聘人数：2；报名人数：42；分数线：62.0；最高分数：68.5,安徽 安徽省直,https://www.xduim.com/zw/gklx,,专业：本 科：经济学门类、马克思主义理论类、中国语言文学类、新闻传播学类 研究生：经济学门类、马克思主义理论（一级学科）、中国语言文学（一级学科）、新闻传播学（一级学科）
2025,公务员,2025安徽公开遴选,省委宣传部,30010 省委宣传部 宣传综合,本科及以上,本 科：经济学门类、马克思主义理论类、中国语言文学类、新闻传播学类 研究生：经济学门类、马克思主义理论（一级学科）、中国语言文学（一级学科）、新闻传播学（一级学科）,,笔试+面试,,,招聘职位：宣传综合；招聘人数：2；报名人数：35；分数线：62.0；最高分数：70.0,安徽 安徽省直,https://www.xduim.com/zw/gklx,,专业：本 科：经济学门类、马克思主义理论类、中国语言文学类、新闻传播学类 研究生：经济学门类、马克思主义理论（一级学科）、中国语言文学（一级学科）、新闻传播学（一级学科）
2025,公务员,2025安徽公开遴选,省委讲师团,30011 省委讲师团 理论宣讲,研究生,法学（一级学科）、政治学（一级学科）、马克思主义理论（一级学科）、中共党史党建学（一级学科）、中国语言文学（一级学科）、新闻传播学（一级学科）、马克思主义哲学（二级学科）,,笔试+面试,,,招聘职位：理论宣讲；招聘人数：2；报名人数：17；分数线：60.5；最高分数：68.5,安徽 安徽省直,https://www.xduim.com/zw/gklx,,专业：法学（一级学科）、政治学（一级学科）、马克思主义理论（一级学科）、中共党史党建学（一级学科）、中国语言文学（一级学科）、新闻传播学（一级学科）、马克思主义哲学（二级学科）
2025,公务员,2025安徽公开遴选,省委社会工作部,30012 省委社会工作部 综合文字,本科及以上,不限,,笔试+面试,,,招聘职位：综合文字；招聘人数：1；报名人数：45；分数线：67.5；最高分数：69.0,安徽 安徽省直,https://www.xduim.com/zw/gklx,,专业：不限
2025,公务员,2025安徽公开遴选,省委社会工作部,30013 省委社会工作部 综合文字,本科及以上,不限,,笔试+面试,,,招聘职位：综合文字；招聘人数：1；报名人数：63；分数线：70.5；最高分数：71.0,安徽 安徽省直,https://www.xduim.com/zw/gklx,,专业：不限
2025,公务员,2025安徽公开遴选,省委社会工作部,30014 省委社会工作部 新兴领域党建,本科及以上,不限,,笔试+面试,,,招聘职位：新兴领域党建；招聘人数：1；报名人数：50；分数线：69.5；最高分数：71.0,安徽 安徽省直,https://www.xduim.com/zw/gklx,,专业：不限
2025,公务员,2025安徽公开遴选,省委社会工作部,30015 省委社会工作部 新兴领域党建,本科及以上,不限,,笔试+面试,,,招聘职位：新兴领域党建；招聘人数：1；报名人数：50；分数线：64.5；最高分数：68.0,安徽 安徽省直,https://www.xduim.com/zw/gklx,,专业：不限
2025,公务员,2025安徽公开遴选,省委社会工作部,30016 省委社会工作部 机关综合,本科及以上,不限,,笔试+面试,,,招聘职位：机关综合；招聘人数：1；报名人数：55；分数线：71.0；最高分数：72.0,安徽 安徽省直,https://www.xduim.com/zw/gklx,,专业：不限
2025,公务员,2025安徽公开遴选,省委社会工作部,30017 省委社会工作部 机关综合,本科及以上,不限,,笔试+面试,,,招聘职位：机关综合；招聘人数：1；报名人数：48；分数线：68.0；最高分数：69.0,安徽 安徽省直,https://www.xduim.com/zw/gklx,,专业：不限
2025,公务员,2025安徽公开遴选,省委社会工作部,30018 省委社会工作部 机关综合,本科及以上,不限,,笔试+面试,,,招聘职位：机关综合；招聘人数：1；报名人数：71；分数线：68.0；最高分数：71.5,安徽 安徽省直,https://www.xduim.com/zw/gklx,,专业：不限
2025,公务员,2025安徽公开遴选,省委社会工作部,30019 省委社会工作部 机关综合,本科及以上,不限,,笔试+面试,,,招聘职位：机关综合；招聘人数：1；报名人数：102；分数线：65.5；最高分数：68.5,安徽 安徽省直,https://www.xduim.com/zw/gklx,,专业：不限
2025,公务员,2025安徽公开遴选,省委社会工作部,30020 省委社会工作部 财务管理,本科及以上,本 科：会计学专业、财务管理专业、审计学专业 研究生：会计学（二级学科）、企业管理（财务管理方向，二级学科）、会计（专业学位）、审计（专业学位）,,笔试+面试,,,招聘职位：财务管理；招聘人数：1；报名人数：30；分数线：67.5；最高分数：68.5,安徽 安徽省直,https://www.xduim.com/zw/gklx,,专业：本 科：会计学专业、财务管理专业、审计学专业 研究生：会计学（二级学科）、企业管理（财务管理方向，二级学科）、会计（专业学位）、审计（专业学位）
2025,公务员,2025安徽公开遴选,市纪委监委,15001 市纪委监委 执纪执法,本科及以上,不限,,笔试+面试,,,招聘职位：执纪执法；招聘人数：1；报名人数：10；分数线：58.0；最高分数：62.0,安徽 池州市直,https://www.xduim.com/zw/gklx,,专业：不限
2025,公务员,2025安徽公开遴选,市纪委监委,15002 市纪委监委 执纪执法,本科及以上,不限,,笔试+面试,,,招聘职位：执纪执法；招聘人数：1；报名人数：14；分数线：62.0；最高分数：62.5,安徽 池州市直,https://www.xduim.com/zw/gklx,,专业：不限
2025,公务员,2025安徽公开遴选,市委宣传部,15003 市委宣传部 综合文字,本科及以上,不限,,笔试+面试,,,招聘职位：综合文字；招聘人数：1；报名人数：23；分数线：61.5；最高分数：69.5,安徽 池州市直,https://www.xduim.com/zw/gklx,,专业：不限
2025,公务员,2025安徽公开遴选,市委统战部,15004 市委统战部 机关综合,本科及以上,不限,,笔试+面试,,,招聘职位：机关综合；招聘人数：1；报名人数：64；分数线：68.5；最高分数：71.0,安徽 池州市直,https://www.xduim.com/zw/gklx,,专业：不限
2025,公务员,2025安徽公开遴选,市中级人民法院,15005 市中级人民法院 法官助理,本科及以上,法学类,,笔试+面试,,,招聘职位：法官助理；招聘人数：1；报名人数：11；分数线：57.0；最高分数：65.5,安徽 池州市直,https://www.xduim.com/zw/gklx,,专业：法学类
2025,公务员,2025安徽公开遴选,市中级人民法院,15006 市中级人民法院 法官助理,本科及以上,法学类,,笔试+面试,,,招聘职位：法官助理；招聘人数：1；报名人数：8；分数线：63.0；最高分数：64.0,安徽 池州市直,https://www.xduim.com/zw/gklx,,专业：法学类
2025,公务员,2025安徽公开遴选,市民政局,15007 市民政局 机关综合,本科及以上,不限,,笔试+面试,,,招聘职位：机关综合；招聘人数：1；报名人数：30；分数线：64.5；最高分数：67.0,安徽 池州市直,https://www.xduim.com/zw/gklx,,专业：不限
2025,公务员,2025安徽公开遴选,市卫生健康委,15008 市卫生健康委 综合管理,本科及以上,不限,,笔试+面试,,,招聘职位：综合管理；招聘人数：1；报名人数：43；分数线：65.5；最高分数：68.0,安徽 池州市直,https://www.xduim.com/zw/gklx,,专业：不限
2025,公务员,2025安徽公开遴选,市财政局 市国库集中支付中心,15009 市财政局 市国库集中支付中心 财务管理,本科及以上,经济学类、财政学类、金融学类、会计学专业、财务管理专业、审计学专业,,笔试+面试,,,招聘职位：财务管理；招聘人数：1；报名人数：14；分数线：59.0；最高分数：65.5,安徽 池州市直,https://www.xduim.com/zw/gklx,,专业：经济学类、财政学类、金融学类、会计学专业、财务管理专业、审计学专业
2025,公务员,2025安徽公开遴选,市财政局 市国库集中支付中心,15010 市财政局 市国库集中支付中心 财务管理,本科及以上,经济学类、财政学类、金融学类、会计学专业、财务管理专业、审计学专业,,笔试+面试,,,招聘职位：财务管理；招聘人数：1；报名人数：30；分数线：65.0；最高分数：67.0,安徽 池州市直,https://www.xduim.com/zw/gklx,,专业：经济学类、财政学类、金融学类、会计学专业、财务管理专业、审计学专业
2025,公务员,2025安徽公开遴选,市市场监管局 市市场监管综合行政执法支队,15011 市市场监管局 市市场监管综合行政执法支队 执法监管,本科及以上,法学类、食品科学与工程类,,笔试+面试,,,招聘职位：执法监管；招聘人数：1；报名人数：18；分数线：64.0；最高分数：67.5,安徽 池州市直,https://www.xduim.com/zw/gklx,,专业：法学类、食品科学与工程类
2025,公务员,2025安徽公开遴选,市市场监管局 市市场监管综合行政执法支队,15012 市市场监管局 市市场监管综合行政执法支队 执法办案,本科及以上,计算机类,,笔试+面试,,,招聘职位：执法办案；招聘人数：1；报名人数：12；分数线：64.0；最高分数：67.0,安徽 池州市直,https://www.xduim.com/zw/gklx,,专业：计算机类
2025,公务员,2025安徽公开遴选,芜湖市纪委监委派驻机构,12001 芜湖市纪委监委派驻机构 纪检 监察,本科及以上,不限,,笔试+面试,,,招聘职位：纪检 监察；招聘人数：1；报名人数：25；分数线：62.0；最高分数：64.5,安徽 芜湖市直,https://www.xduim.com/zw/gklx,,专业：不限
2025,公务员,2025安徽公开遴选,芜湖市纪委监委派驻机构,12002 芜湖市纪委监委派驻机构 纪检监察,本科及以上,不限,,笔试+面试,,,招聘职位：纪检监察；招聘人数：1；报名人数：40；分数线：67.5；最高分数：69.5,安徽 芜湖市直,https://www.xduim.com/zw/gklx,,专业：不限
2025,公务员,2025安徽公开遴选,中共芜湖市委办公室,12003 中共芜湖市委办公室 综合管理,本科及以上,不限,,笔试+面试,,,招聘职位：综合管理；招聘人数：1；报名人数：11；分数线：55.5；最高分数：59.5,安徽 芜湖市直,https://www.xduim.com/zw/gklx,,专业：不限
2025,公务员,2025安徽公开遴选,中国致公党芜湖市委员会,12004 中国致公党芜湖市委员会 综合管理,本科及以上,不限,,笔试+面试,,,招聘职位：综合管理；招聘人数：1；报名人数：48；分数线：63.5；最高分数：66.0,安徽 芜湖市直,https://www.xduim.com/zw/gklx,,专业：不限
2025,公务员,2025安徽公开遴选,芜湖市人力资源和社会保障局,12005 芜湖市人力资源和社会保障局 综合管理,本科及以上,不限,,笔试+面试,,,招聘职位：综合管理；招聘人数：1；报名人数：52；分数线：67.5；最高分数：70.0,安徽 芜湖市直,https://www.xduim.com/zw/gklx,,专业：不限
2025,公务员,2025安徽公开遴选,芜湖市农业农村局,12006 芜湖市农业农村局 综合管理,本科及以上,农学门类、农业工程类、农业经济管理类,,笔试+面试,,,招聘职位：综合管理；招聘人数：1；报名人数：19；分数线：60.0；最高分数：61.0,安徽 芜湖市直,https://www.xduim.com/zw/gklx,,专业：农学门类、农业工程类、农业经济管理类
2025,公务员,2025安徽公开遴选,芜湖市文化和旅游局,12007 芜湖市文化和旅游局 综合管理,本科及以上,不限,,笔试+面试,,,招聘职位：综合管理；招聘人数：1；报名人数：46；分数线：64.0；最高分数：65.5,安徽 芜湖市直,https://www.xduim.com/zw/gklx,,专业：不限
2025,公务员,2025安徽公开遴选,芜湖市审计局,12008 芜湖市审计局 审计管理,本科及以上,财政学类、会计学专业、财务管理专业、审计学专业,,笔试+面试,,,招聘职位：审计管理；招聘人数：1；报名人数：28；分数线：62.5；最高分数：76.0,安徽 芜湖市直,https://www.xduim.com/zw/gklx,,专业：财政学类、会计学专业、财务管理专业、审计学专业
2025,公务员,2025安徽公开遴选,芜湖市机关事务管理局,12009 芜湖市机关事务管理局 综合管理,本科及以上,不限,,笔试+面试,,,招聘职位：综合管理；招聘人数：1；报名人数：34；分数线：63.0；最高分数：65.0,安徽 芜湖市直,https://www.xduim.com/zw/gklx,,专业：不限
2025,公务员,2025安徽公开遴选,芜湖市投资促进中心,12010 芜湖市投资促进中心 招商引资,本科及以上,经济学门类、工学门类、理学门类,,笔试+面试,,,招聘职位：招商引资；招聘人数：3；报名人数：59；分数线：62.5；最高分数：70.0,安徽 芜湖市直,https://www.xduim.com/zw/gklx,,专业：经济学门类、工学门类、理学门类
2025,公务员,2025安徽公开遴选,市纪委监委派驻（出）机构,2001 市纪委监委派驻（出）机构 审查调查,本科及以上,法学类、会计学专业、审计学专业,,笔试+面试,,,招聘职位：审查调查；招聘人数：1；报名人数：5；分数线：67.5；最高分数：68.5,安徽 淮北市直,https://www.xduim.com/zw/gklx,,专业：法学类、会计学专业、审计学专业
2025,公务员,2025安徽公开遴选,市纪委监委派驻（出）机构,2002 市纪委监委派驻（出）机构 审查调查,本科及以上,法学类、会计学专业、审计学专业,,笔试+面试,,,招聘职位：审查调查；招聘人数：1；报名人数：8；分数线：60.5；最高分数：66.0,安徽 淮北市直,https://www.xduim.com/zw/gklx,,专业：法学类、会计学专业、审计学专业
2025,公务员,2025安徽公开遴选,市纪委监委派驻（出）机构,2003 市纪委监委派驻（出）机构 审查调查,本科及以上,不限,,笔试+面试,,,招聘职位：审查调查；招聘人数：1；报名人数：7；分数线：60.5；最高分数：76.0,安徽 淮北市直,https://www.xduim.com/zw/gklx,,专业：不限
2025,公务员,2025安徽公开遴选,市纪委监委派驻（出）机构,2004 市纪委监委派驻（出）机构 审查调查,本科及以上,不限,,笔试+面试,,,招聘职位：审查调查；招聘人数：1；报名人数：7；分数线：67.0；最高分数：69.0,安徽 淮北市直,https://www.xduim.com/zw/gklx,,专业：不限
2025,公务员,2025安徽公开遴选,市纪委监委派驻（出）机构,2005 市纪委监委派驻（出）机构 审查调查,本科及以上,不限,,笔试+面试,,,招聘职位：审查调查；招聘人数：2；报名人数：10；分数线：59.5；最高分数：64.5,安徽 淮北市直,https://www.xduim.com/zw/gklx,,专业：不限
2025,公务员,2025安徽公开遴选,市委办公室,2006 市委办公室 综合文字,本科及以上,不限,,笔试+面试,,,招聘职位：综合文字；招聘人数：1；报名人数：9；分数线：61.0；最高分数：67.0,安徽 淮北市直,https://www.xduim.com/zw/gklx,,专业：不限
2025,公务员,2025安徽公开遴选,市委宣传部,2007 市委宣传部 综合文字,本科及以上,不限,,笔试+面试,,,招聘职位：综合文字；招聘人数：1；报名人数：9；分数线：57.0；最高分数：68.0,安徽 淮北市直,https://www.xduim.com/zw/gklx,,专业：不限
2025,公务员,2025安徽公开遴选,市委宣传部 市委讲师团,2008 市委宣传部 市委讲师团 综合文字,本科及以上,不限,,笔试+面试,,,招聘职位：综合文字；招聘人数：1；报名人数：5；分数线：58.0；最高分数：66.0,安徽 淮北市直,https://www.xduim.com/zw/gklx,,专业：不限
2025,公务员,2025安徽公开遴选,市委统战部,2009 市委统战部 机关综合,本科及以上,不限,,笔试+面试,,,招聘职位：机关综合；招聘人数：1；报名人数：8；分数线：60.0；最高分数：68.5,安徽 淮北市直,https://www.xduim.com/zw/gklx,,专业：不限
2025,公务员,2025安徽公开遴选,市委统战部,2010 市委统战部 机关综合,本科及以上,不限,,笔试+面试,,,招聘职位：机关综合；招聘人数：1；报名人数：6；分数线：57.5；最高分数：64.5,安徽 淮北市直,https://www.xduim.com/zw/gklx,,专业：不限
2025,公务员,2025安徽公开遴选,市人民检察院,2011 市人民检察院 司法行政人员,本科及以上,中国语言文学类、公共管理类、新闻传播学类,,笔试+面试,,,招聘职位：司法行政人员；招聘人数：2；报名人数：24；分数线：62.0；最高分数：69.5,安徽 淮北市直,https://www.xduim.com/zw/gklx,,专业：中国语言文学类、公共管理类、新闻传播学类
2025,公务员,2025安徽公开遴选,市委政研室,2012 市委政研室 综合文字,本科及以上,不限,,笔试+面试,,,招聘职位：综合文字；招聘人数：1；报名人数：7；分数线：64.5；最高分数：66.5,安徽 淮北市直,https://www.xduim.com/zw/gklx,,专业：不限
2025,公务员,2025安徽公开遴选,市委老干部局,2013 市委老干部局 综合文字,本科及以上,不限,,笔试+面试,,,招聘职位：综合文字；招聘人数：1；报名人数：16；分数线：65.5；最高分数：71.0,安徽 淮北市直,https://www.xduim.com/zw/gklx,,专业：不限
2025,公务员,2025安徽公开遴选,市委党史和地方志研究室,2014 市委党史和地方志研究室 史志编纂,本科及以上,马克思主义理论类、中国语言文学类、新闻传播学类、历史学专业、哲学专业,,笔试+面试,,,招聘职位：史志编纂；招聘人数：1；报名人数：8；分数线：62.0；最高分数：64.0,安徽 淮北市直,https://www.xduim.com/zw/gklx,,专业：马克思主义理论类、中国语言文学类、新闻传播学类、历史学专业、哲学专业
2025,公务员,2025安徽公开遴选,市总工会,2015 市总工会 财务管理,本科及以上,财政学类、会计学专业、审计学专业、财务管理专业,,笔试+面试,,,招聘职位：财务管理；招聘人数：1；报名人数：5；分数线：63.0；最高分数：67.5,安徽 淮北市直,https://www.xduim.com/zw/gklx,,专业：财政学类、会计学专业、审计学专业、财务管理专业
2025,公务员,2025安徽公开遴选,共青团淮北市委员会,2016 共青团淮北市委员会 综合文字,本科及以上,不限,,笔试+面试,,,招聘职位：综合文字；招聘人数：1；报名人数：5；分数线：61.0；最高分数：69.5,安徽 淮北市直,https://www.xduim.com/zw/gklx,,专业：不限
2025,公务员,2025安徽公开遴选,市政府办公室 市政府研究室,2017 市政府办公室 市政府研究室 综合文字,本科及以上,工学门类,,笔试+面试,,,招聘职位：综合文字；招聘人数：1；报名人数：5；分数线：59.5；最高分数：68.5,安徽 淮北市直,https://www.xduim.com/zw/gklx,,专业：工学门类
2025,公务员,2025安徽公开遴选,市财政局,2018 市财政局 财政管理,本科及以上,经济学门类、统计学类、工商管理类、公共管理类,,笔试+面试,,,招聘职位：财政管理；招聘人数：1；报名人数：7；分数线：58.0；最高分数：64.0,安徽 淮北市直,https://www.xduim.com/zw/gklx,,专业：经济学门类、统计学类、工商管理类、公共管理类
2025,公务员,2025安徽公开遴选,市财政局,2019 市财政局 财政管理,本科及以上,经济学门类、统计学类、工商管理类、公共管理类,,笔试+面试,,,招聘职位：财政管理；招聘人数：1；报名人数：11；分数线：61.5；最高分数：64.5,安徽 淮北市直,https://www.xduim.com/zw/gklx,,专业：经济学门类、统计学类、工商管理类、公共管理类
2025,公务员,2025安徽公开遴选,市交通运输局,2020 市交通运输局 综合文字,本科及以上,不限,,笔试+面试,,,招聘职位：综合文字；招聘人数：1；报名人数：7；分数线：61.0；最高分数：65.0,安徽 淮北市直,https://www.xduim.com/zw/gklx,,专业：不限
2025,公务员,2025安徽公开遴选,市纪委监委派驻机构,8001 市纪委监委派驻机构 监督执纪1,本科及以上,不限,,笔试+面试,,,招聘职位：监督执纪1；招聘人数：3；报名人数：47；分数线：60.5；最高分数：70.0,安徽 滁州市直,https://www.xduim.com/zw/gklx,,专业：不限
2025,公务员,2025安徽公开遴选,市纪委监委派驻机构,8002 市纪委监委派驻机构 监督执纪2,本科及以上,法学类（不含特设专业）,,笔试+面试,,,招聘职位：监督执纪2；招聘人数：3；报名人数：46；分数线：61.0；最高分数：68.0,安徽 滁州市直,https://www.xduim.com/zw/gklx,,专业：法学类（不含特设专业）
2025,公务员,2025安徽公开遴选,市纪委监委派驻机构,8003 市纪委监委派驻机构 监督执纪3,本科及以上,经济学专业、会计学专业、审计学专业、财务管理专业,,笔试+面试,,,招聘职位：监督执纪3；招聘人数：3；报名人数：43；分数线：62.5；最高分数：67.0,安徽 滁州市直,https://www.xduim.com/zw/gklx,,专业：经济学专业、会计学专业、审计学专业、财务管理专业
2025,公务员,2025安徽公开遴选,市委办公室,8004 市委办公室 综合文字,本科及以上,不限,,笔试+面试,,,招聘职位：综合文字；招聘人数：2；报名人数：28；分数线：59.0；最高分数：66.5,安徽 滁州市直,https://www.xduim.com/zw/gklx,,专业：不限
2025,公务员,2025安徽公开遴选,市委政策研究室,8005 市委政策研究室 综合文字,本科及以上,不限,,笔试+面试,,,招聘职位：综合文字；招聘人数：2；报名人数：21；分数线：60.0；最高分数：68.5,安徽 滁州市直,https://www.xduim.com/zw/gklx,,专业：不限
2025,公务员,2025安徽公开遴选,市委人才工作局,8006 市委人才工作局 综合管理1,本科及以上,不限,,笔试+面试,,,招聘职位：综合管理1；招聘人数：1；报名人数：24；分数线：63.5；最高分数：68.5,安徽 滁州市直,https://www.xduim.com/zw/gklx,,专业：不限
2025,公务员,2025安徽公开遴选,市委人才工作局,8007 市委人才工作局 综合管理2,本科及以上,经济学类、法学类、化学类、材料类、计算机类、公共管理类,,笔试+面试,,,招聘职位：综合管理2；招聘人数：1；报名人数：26；分数线：61.5；最高分数：64.0,安徽 滁州市直,https://www.xduim.com/zw/gklx,,专业：经济学类、法学类、化学类、材料类、计算机类、公共管理类
2025,公务员,2025安徽公开遴选,市人大常委会办公室,8008 市人大常委会办公室 机关综合,本科及以上,汉语言文学专业、法学专业、行政管理专业,,笔试+面试,,,招聘职位：机关综合；招聘人数：1；报名人数：37；分数线：60.5；最高分数：64.0,安徽 滁州市直,https://www.xduim.com/zw/gklx,,专业：汉语言文学专业、法学专业、行政管理专业
2025,公务员,2025安徽公开遴选,市中级人民法院,8009 市中级人民法院 司法行政,本科及以上,法学类（不含特设专业）、中国语言文学类,,笔试+面试,,,招聘职位：司法行政；招聘人数：3；报名人数：63；分数线：61.0；最高分数：65.0,安徽 滁州市直,https://www.xduim.com/zw/gklx,,专业：法学类（不含特设专业）、中国语言文学类
2025,公务员,2025安徽公开遴选,市教育体育局,8010 市教育体育局 财务管理,本科及以上,财务管理专业、会计学专业、审计学专业,,笔试+面试,,,招聘职位：财务管理；招聘人数：1；报名人数：17；分数线：58.5；最高分数：59.0,安徽 滁州市直,https://www.xduim.com/zw/gklx,,专业：财务管理专业、会计学专业、审计学专业
2025,公务员,2025安徽公开遴选,市人力资源和社会保障局,8011 市人力资源和社会保障局 综合管理,本科及以上,中国语言文学类、法学类、计算机类、电子信息类、公共管理类,,笔试+面试,,,招聘职位：综合管理；招聘人数：1；报名人数：26；分数线：60.0；最高分数：62.5,安徽 滁州市直,https://www.xduim.com/zw/gklx,,专业：中国语言文学类、法学类、计算机类、电子信息类、公共管理类
2025,公务员,2025安徽公开遴选,市人力资源和社会保障局,8012 市人力资源和社会保障局 劳动保障监察,本科及以上,法学专业、人力资源管理专业、劳动关系专业、劳动与社会保障专业,,笔试+面试,,,招聘职位：劳动保障监察；招聘人数：1；报名人数：18；分数线：63.0；最高分数：69.5,安徽 滁州市直,https://www.xduim.com/zw/gklx,,专业：法学专业、人力资源管理专业、劳动关系专业、劳动与社会保障专业
2025,公务员,2025安徽公开遴选,市交通运输局,8013 市交通运输局 综合文字,本科及以上,中国语言文学类、马克思主义理论类、政治学类,,笔试+面试,,,招聘职位：综合文字；招聘人数：1；报名人数：20；分数线：63.0；最高分数：66.5,安徽 滁州市直,https://www.xduim.com/zw/gklx,,专业：中国语言文学类、马克思主义理论类、政治学类
2025,公务员,2025安徽公开遴选,市交通运输局,8014 市交通运输局 财务管理,本科及以上,财务管理专业、会计学专业、审计学专业,,笔试+面试,,,招聘职位：财务管理；招聘人数：1；报名人数：21；分数线：61.5；最高分数：65.0,安徽 滁州市直,https://www.xduim.com/zw/gklx,,专业：财务管理专业、会计学专业、审计学专业
2025,公务员,2025安徽公开遴选,市水利局,8015 市水利局 建设管理1,本科及以上,水利水电工程专业、水文与水资源工程专业、农业水利工程专业、给排水科学与工程专业,,笔试+面试,,,招聘职位：建设管理1；招聘人数：1；报名人数：10；分数线：58.5；最高分数：67.0,安徽 滁州市直,https://www.xduim.com/zw/gklx,,专业：水利水电工程专业、水文与水资源工程专业、农业水利工程专业、给排水科学与工程专业
2025,公务员,2025安徽公开遴选,市水利局,8016 市水利局 建设管理2,本科及以上,土木类,,笔试+面试,,,招聘职位：建设管理2；招聘人数：1；报名人数：12；分数线：59.5；最高分数：63.0,安徽 滁州市直,https://www.xduim.com/zw/gklx,,专业：土木类
2025,公务员,2025安徽公开遴选,市文化和旅游局,8017 市文化和旅游局 综合管理,本科及以上,中国语言文学类、历史学类、法学类,,笔试+面试,,,招聘职位：综合管理；招聘人数：1；报名人数：26；分数线：61.5；最高分数：64.0,安徽 滁州市直,https://www.xduim.com/zw/gklx,,专业：中国语言文学类、历史学类、法学类
2025,公务员,2025安徽公开遴选,市审计局,8018 市审计局 审计业务,本科及以上,财政学类、审计学专业、会计学专业、财务管理专业,,笔试+面试,,,招聘职位：审计业务；招聘人数：1；报名人数：11；分数线：59.0；最高分数：62.5,安徽 滁州市直,https://www.xduim.com/zw/gklx,,专业：财政学类、审计学专业、会计学专业、财务管理专业
2025,公务员,2025安徽公开遴选,市审计局,8019 市审计局 工程审计,本科及以上,土木类、建筑类、工程造价专业、工程审计专业,,笔试+面试,,,招聘职位：工程审计；招聘人数：1；报名人数：11；分数线：58.5；最高分数：60.0,安徽 滁州市直,https://www.xduim.com/zw/gklx,,专业：土木类、建筑类、工程造价专业、工程审计专业
2025,公务员,2025安徽公开遴选,市市场监督管理局,8020 市市场监督管理局 执法监管,本科及以上,食品科学与工程类、化工与制药类、生物工程类、临床医学类、药学类、中药学类、工业工程类,,笔试+面试,,,招聘职位：执法监管；招聘人数：1；报名人数：22；分数线：63.5；最高分数：65.5,安徽 滁州市直,https://www.xduim.com/zw/gklx,,专业：食品科学与工程类、化工与制药类、生物工程类、临床医学类、药学类、中药学类、工业工程类
2025,公务员,2025安徽公开遴选,淮南市纪委监委,7001 淮南市纪委监委 纪检监察,本科及以上,不限,,笔试+面试,,,招聘职位：纪检监察；招聘人数：1；报名人数：6；分数线：60.5；最高分数：71.0,安徽 淮南市直,https://www.xduim.com/zw/gklx,,专业：不限
2025,公务员,2025安徽公开遴选,淮南市纪委监委,7002 淮南市纪委监委 纪检监察,本科及以上,不限,,笔试+面试,,,招聘职位：纪检监察；招聘人数：1；报名人数：8；分数线：59.5；最高分数：65.5,安徽 淮南市直,https://www.xduim.com/zw/gklx,,专业：不限
2025,公务员,2025安徽公开遴选,淮南市纪委监委,7003 淮南市纪委监委 纪检监察,本科及以上,不限,,笔试+面试,,,招聘职位：纪检监察；招聘人数：2；报名人数：35；分数线：63.0；最高分数：74.0,安徽 淮南市直,https://www.xduim.com/zw/gklx,,专业：不限
2025,公务员,2025安徽公开遴选,淮南市纪委监委,7004 淮南市纪委监委 纪检监察,本科及以上,不限,,笔试+面试,,,招聘职位：纪检监察；招聘人数：2；报名人数：29；分数线：61.0；最高分数：70.0,安徽 淮南市直,https://www.xduim.com/zw/gklx,,专业：不限
2025,公务员,2025安徽公开遴选,淮南市委统战部,7005 淮南市委统战部 综合管理,本科及以上,不限,,笔试+面试,,,招聘职位：综合管理；招聘人数：1；报名人数：14；分数线：60.0；最高分数：66.5,安徽 淮南市直,https://www.xduim.com/zw/gklx,,专业：不限
2025,公务员,2025安徽公开遴选,淮南市委社会工作部,7006 淮南市委社会工作部 综合文字,本科及以上,中国语言文学类、新闻传播学类,,笔试+面试,,,招聘职位：综合文字；招聘人数：1；报名人数：10；分数线：60.0；最高分数：66.0,安徽 淮南市直,https://www.xduim.com/zw/gklx,,专业：中国语言文学类、新闻传播学类
2025,公务员,2025安徽公开遴选,淮南市委机构编制委员会办公室,7007 淮南市委机构编制委员会办公室 综合文字,本科及以上,不限,,笔试+面试,,,招聘职位：综合文字；招聘人数：1；报名人数：22；分数线：64.0；最高分数：65.5,安徽 淮南市直,https://www.xduim.com/zw/gklx,,专业：不限
2025,公务员,2025安徽公开遴选,淮南市政协机关,7008 淮南市政协机关 机关综合,本科及以上,不限,,笔试+面试,,,招聘职位：机关综合；招聘人数：1；报名人数：22；分数线：62.0；最高分数：67.0,安徽 淮南市直,https://www.xduim.com/zw/gklx,,专业：不限
2025,公务员,2025安徽公开遴选,淮南市工商业联合会,7009 淮南市工商业联合会 综合管理,本科及以上,不限,,笔试+面试,,,招聘职位：综合管理；招聘人数：1；报名人数：19；分数线：64.0；最高分数：65.5,安徽 淮南市直,https://www.xduim.com/zw/gklx,,专业：不限
2025,公务员,2025安徽公开遴选,淮南市中级人民法院,7010 淮南市中级人民法院 司法行政,本科及以上,中国语言文学类、新闻传播学类,,笔试+面试,,,招聘职位：司法行政；招聘人数：1；报名人数：15；分数线：60.5；最高分数：64.5,安徽 淮南市直,https://www.xduim.com/zw/gklx,,专业：中国语言文学类、新闻传播学类
2025,公务员,2025安徽公开遴选,淮南市人民检察院,7011 淮南市人民检察院 司法行政,本科及以上,哲学门类、经济学门类、法学门类、教育学门类、文学门类、历史学门类,,笔试+面试,,,招聘职位：司法行政；招聘人数：1；报名人数：16；分数线：65.5；最高分数：70.5,安徽 淮南市直,https://www.xduim.com/zw/gklx,,专业：哲学门类、经济学门类、法学门类、教育学门类、文学门类、历史学门类
2025,公务员,2025安徽公开遴选,淮南市发展和改革委员会,7012 淮南市发展和改革委员会 机关综合,本科及以上,理学门类、工学门类、金融学类,,笔试+面试,,,招聘职位：机关综合；招聘人数：1；报名人数：12；分数线：61.5；最高分数：63.5,安徽 淮南市直,https://www.xduim.com/zw/gklx,,专业：理学门类、工学门类、金融学类
2025,公务员,2025安徽公开遴选,淮南市统计局,7013 淮南市统计局 统计综合管理,本科及以上,经济学门类、工学门类、管理学门类、数学类、统计学类,,笔试+面试,,,招聘职位：统计综合管理；招聘人数：1；报名人数：21；分数线：63.5；最高分数：63.5,安徽 淮南市直,https://www.xduim.com/zw/gklx,,专业：经济学门类、工学门类、管理学门类、数学类、统计学类
2025,公务员,2025安徽公开遴选,淮南市统计局,7014 淮南市统计局 统计综合管理,本科及以上,经济学门类、工学门类、管理学门类、数学类、统计学类,,笔试+面试,,,招聘职位：统计综合管理；招聘人数：1；报名人数：21；分数线：60.0；最高分数：64.5,安徽 淮南市直,https://www.xduim.com/zw/gklx,,专业：经济学门类、工学门类、管理学门类、数学类、统计学类
2025,公务员,2025安徽公开遴选,淮南市工业和信息化局,7015 淮南市工业和信息化局 工业行业管理,本科及以上,机械类、仪器类、材料类、能源动力类、电气类、电子信息类、自动化类、计算机类、化工与制药类、食品科学与工程类、生物工程类,,笔试+面试,,,招聘职位：工业行业管理；招聘人数：1；报名人数：18；分数线：62.5；最高分数：67.5,安徽 淮南市直,https://www.xduim.com/zw/gklx,,专业：机械类、仪器类、材料类、能源动力类、电气类、电子信息类、自动化类、计算机类、化工与制药类、食品科学与工程类、生物工程类
2025,公务员,2025安徽公开遴选,淮南市城市管理局,7016 淮南市城市管理局 综合管理,本科及以上,不限,,笔试+面试,,,招聘职位：综合管理；招聘人数：1；报名人数：17；分数线：60.0；最高分数：60.5,安徽 淮南市直,https://www.xduim.com/zw/gklx,,专业：不限
2025,公务员,2025安徽公开遴选,淮南市审计局,7017 淮南市审计局 财务审计,本科及以上,会计学专业、财务管理专业、审计学专业、金融学专业,,笔试+面试,,,招聘职位：财务审计；招聘人数：1；报名人数：14；分数线：63.0；最高分数：65.0,安徽 淮南市直,https://www.xduim.com/zw/gklx,,专业：会计学专业、财务管理专业、审计学专业、金融学专业
2025,公务员,2025安徽公开遴选,淮南市科学技术协会,7018 淮南市科学技术协会 科创服务,本科及以上,工学门类,,笔试+面试,,,招聘职位：科创服务；招聘人数：1；报名人数：17；分数线：59.5；最高分数：63.5,安徽 淮南市直,https://www.xduim.com/zw/gklx,,专业：工学门类
2025,公务员,2025安徽公开遴选,淮南市残疾人联合会,7019 淮南市残疾人联合会 机关党建,本科及以上,不限,,笔试+面试,,,招聘职位：机关党建；招聘人数：1；报名人数：18；分数线：61.0；最高分数：65.0,安徽 淮南市直,https://www.xduim.com/zw/gklx,,专业：不限
2025,公务员,2025安徽公开遴选,淮南市人民政府发展研究中心,7020 淮南市人民政府发展研究中心 综合文字,本科及以上,不限,,笔试+面试,,,招聘职位：综合文字；招聘人数：1；报名人数：3；分数线：56.0；最高分数：56.0,安徽 淮南市直,https://www.xduim.com/zw/gklx,,专业：不限
2025,公务员,2025安徽公开遴选,市纪委监委,10001 市纪委监委 监督执纪,本科及以上,不限,,笔试+面试,,,招聘职位：监督执纪；招聘人数：2；报名人数：40；分数线：62.5；最高分数：66.0,安徽 马鞍山市直,https://www.xduim.com/zw/gklx,,专业：不限
2025,公务员,2025安徽公开遴选,市纪委监委,10002 市纪委监委 监督执纪,本科及以上,不限,,笔试+面试,,,招聘职位：监督执纪；招聘人数：2；报名人数：38；分数线：62.0；最高分数：64.5,安徽 马鞍山市直,https://www.xduim.com/zw/gklx,,专业：不限
2025,公务员,2025安徽公开遴选,市委办公室,10003 市委办公室 综合管理,本科及以上,法学门类、文学门类、管理学门类,,笔试+面试,,,招聘职位：综合管理；招聘人数：1；报名人数：19；分数线：62.0；最高分数：66.5,安徽 马鞍山市直,https://www.xduim.com/zw/gklx,,专业：法学门类、文学门类、管理学门类
2025,公务员,2025安徽公开遴选,民革马鞍山市委,10004 民革马鞍山市委 综合文字,本科及以上,不限,,笔试+面试,,,招聘职位：综合文字；招聘人数：1；报名人数：31；分数线：61.5；最高分数：65.0,安徽 马鞍山市直,https://www.xduim.com/zw/gklx,,专业：不限
2025,公务员,2025安徽公开遴选,民进马鞍山市委,10005 民进马鞍山市委 综合文字,本科及以上,不限,,笔试+面试,,,招聘职位：综合文字；招聘人数：1；报名人数：33；分数线：64.0；最高分数：67.0,安徽 马鞍山市直,https://www.xduim.com/zw/gklx,,专业：不限
2025,公务员,2025安徽公开遴选,市中级人民法院,10006 市中级人民法院 司法行政,本科及以上,不限,,笔试+面试,,,招聘职位：司法行政；招聘人数：1；报名人数：29；分数线：67.5；最高分数：76.5,安徽 马鞍山市直,https://www.xduim.com/zw/gklx,,专业：不限
2025,公务员,2025安徽公开遴选,市人民检察院,10007 市人民检察院 司法行政,本科及以上,不限,,笔试+面试,,,招聘职位：司法行政；招聘人数：1；报名人数：30；分数线：64.5；最高分数：65.5,安徽 马鞍山市直,https://www.xduim.com/zw/gklx,,专业：不限
2025,公务员,2025安徽公开遴选,市委宣传部 市委讲师团,10008 市委宣传部 市委讲师团 综合管理,本科及以上,不限,,笔试+面试,,,招聘职位：综合管理；招聘人数：1；报名人数：20；分数线：65.0；最高分数：66.0,安徽 马鞍山市直,https://www.xduim.com/zw/gklx,,专业：不限
2025,公务员,2025安徽公开遴选,市民政局市老龄工作委员会办公室,10009 市民政局市老龄工作委员会办公室 综合管理,本科及以上,不限,,笔试+面试,,,招聘职位：综合管理；招聘人数：1；报名人数：25；分数线：60.0；最高分数：62.0,安徽 马鞍山市直,https://www.xduim.com/zw/gklx,,专业：不限
2025,公务员,2025安徽公开遴选,市民政局市老龄工作委员会办公室,10010 市民政局市老龄工作委员会办公室 综合管理,本科及以上,不限,,笔试+面试,,,招聘职位：综合管理；招聘人数：1；报名人数：24；分数线：65.5；最高分数：66.5,安徽 马鞍山市直,https://www.xduim.com/zw/gklx,,专业：不限
2025,公务员,2025安徽公开遴选,市统计局市城市社会经济调查队,10011 市统计局市城市社会经济调查队 统计分析,本科及以上,本科：经济学门类、统计学类、数学类、会计学专业、会计专业 研究生：经济学门类、统计学（一级学科）、数学（一级学科）、会计学 （二级学科）、会计（专业学位）,,笔试+面试,,,招聘职位：统计分析；招聘人数：1；报名人数：19；分数线：63.0；最高分数：67.5,安徽 马鞍山市直,https://www.xduim.com/zw/gklx,,专业：本科：经济学门类、统计学类、数学类、会计学专业、会计专业 研究生：经济学门类、统计学（一级学科）、数学（一级学科）、会计学 （二级学科）、会计（专业学位）
2025,公务员,2025安徽公开遴选,市机关事务管理中心,10012 市机关事务管理中心 财务管理,本科及以上,本科：会计学专业、会计专业、财务管理专业 研究生：会计学（二级学科）、会计（专业学位）、企业管理（财务管理方向，二级学科）,,笔试+面试,,,招聘职位：财务管理；招聘人数：1；报名人数：12；分数线：61.5；最高分数：63.0,安徽 马鞍山市直,https://www.xduim.com/zw/gklx,,专业：本科：会计学专业、会计专业、财务管理专业 研究生：会计学（二级学科）、会计（专业学位）、企业管理（财务管理方向，二级学科）
2025,公务员,2025安徽公开遴选,阜阳市纪委监委派驻（出）机构,6001 阜阳市纪委监委派驻（出）机构 纪检监察,本科及以上,经济学类、法学类、公安学类、会计学专业、审计学专业,,笔试+面试,,,招聘职位：纪检监察；招聘人数：3；报名人数：68；分数线：61.0；最高分数：65.5,安徽 阜阳市直,https://www.xduim.com/zw/gklx,,专业：经济学类、法学类、公安学类、会计学专业、审计学专业
2025,公务员,2025安徽公开遴选,阜阳市纪委监委派驻（出）机构,6002 阜阳市纪委监委派驻（出）机构 纪检监察,本科及以上,计算机类、电子信息类,,笔试+面试,,,招聘职位：纪检监察；招聘人数：2；报名人数：40；分数线：60.5；最高分数：69.0,安徽 阜阳市直,https://www.xduim.com/zw/gklx,,专业：计算机类、电子信息类
2025,公务员,2025安徽公开遴选,阜阳市纪委监委派驻（出）机构,6003 阜阳市纪委监委派驻（出）机构 纪检监察,本科及以上,经济学类、法学类、计算机类、电子信息类,,笔试+面试,,,招聘职位：纪检监察；招聘人数：1；报名人数：11；分数线：62.0；最高分数：64.5,安徽 阜阳市直,https://www.xduim.com/zw/gklx,,专业：经济学类、法学类、计算机类、电子信息类
2025,公务员,2025安徽公开遴选,阜阳市委办公室,6004 阜阳市委办公室 综合文字,本科及以上,经济学门类、工学门类、中国语言文学类、新闻传播学类,,笔试+面试,,,招聘职位：综合文字；招聘人数：1；报名人数：32；分数线：61.0；最高分数：68.5,安徽 阜阳市直,https://www.xduim.com/zw/gklx,,专业：经济学门类、工学门类、中国语言文学类、新闻传播学类
2025,公务员,2025安徽公开遴选,阜阳市委统战部,6005 阜阳市委统战部 机关综合,研究生,经济学门类、法学门类、公共管理学（一级学科）,,笔试+面试,,,招聘职位：机关综合；招聘人数：1；报名人数：17；分数线：65.5；最高分数：67.5,安徽 阜阳市直,https://www.xduim.com/zw/gklx,,专业：经济学门类、法学门类、公共管理学（一级学科）
2025,公务员,2025安徽公开遴选,阜阳市委政策研究室,6006 阜阳市委政策研究室 综合文字,本科及以上,经济学门类、工学门类、中国语言文学类、新闻传播学类,,笔试+面试,,,招聘职位：综合文字；招聘人数：1；报名人数：13；分数线：64.5；最高分数：68.0,安徽 阜阳市直,https://www.xduim.com/zw/gklx,,专业：经济学门类、工学门类、中国语言文学类、新闻传播学类
2025,公务员,2025安徽公开遴选,阜阳市人大常委会办公室,6007 阜阳市人大常委会办公室 机关综合,本科及以上,经济学类、财政学类、土木类、计算机科学与技术专业、新闻学专业、网络与新媒体专业,,笔试+面试,,,招聘职位：机关综合；招聘人数：1；报名人数：36；分数线：65.0；最高分数：66.0,安徽 阜阳市直,https://www.xduim.com/zw/gklx,,专业：经济学类、财政学类、土木类、计算机科学与技术专业、新闻学专业、网络与新媒体专业
2025,公务员,2025安徽公开遴选,阜阳市财政局,6008 阜阳市财政局 财政管理,本科及以上,财政学类、财务管理专业、会计学专业,,笔试+面试,,,招聘职位：财政管理；招聘人数：1；报名人数：39；分数线：62.5；最高分数：68.0,安徽 阜阳市直,https://www.xduim.com/zw/gklx,,专业：财政学类、财务管理专业、会计学专业
2025,公务员,2025安徽公开遴选,阜阳市财政局,6009 阜阳市财政局 金融管理,本科及以上,金融学类、经济学专业,,笔试+面试,,,招聘职位：金融管理；招聘人数：1；报名人数：20；分数线：61.0；最高分数：64.0,安徽 阜阳市直,https://www.xduim.com/zw/gklx,,专业：金融学类、经济学专业
2025,公务员,2025安徽公开遴选,阜阳市生态环境局,6010 阜阳市生态环境局 生态环境管理,本科及以上,本科：化学类、生物工程类、化工与制药类、环境科学与工程类、给排水科学与工程专业 研究生：化学（一级学科）、生物工程（一级学科）、化学工程与技术（一级学科）、环境科学与工程（一级学科）,,笔试+面试,,,招聘职位：生态环境管理；招聘人数：3；报名人数：19；分数线：57.5；最高分数：68.0,安徽 阜阳市直,https://www.xduim.com/zw/gklx,,专业：本科：化学类、生物工程类、化工与制药类、环境科学与工程类、给排水科学与工程专业 研究生：化学（一级学科）、生物工程（一级学科）、化学工程与技术（一级学科）、环境科学与工程（一级学科）
2025,公务员,2025安徽公开遴选,阜阳市城乡建设局,6011 阜阳市城乡建设局 城乡建设管理,本科及以上,本科：土木类、建筑类 研究生：土木工程（一级学科）、建筑学（一级学科）,,笔试+面试,,,招聘职位：城乡建设管理；招聘人数：1；报名人数：15；分数线：63.0；最高分数：64.5,安徽 阜阳市直,https://www.xduim.com/zw/gklx,,专业：本科：土木类、建筑类 研究生：土木工程（一级学科）、建筑学（一级学科）
2025,公务员,2025安徽公开遴选,阜阳市农业农村局,6012 阜阳市农业农村局 农业经济管理,本科及以上,金融学类,,笔试+面试,,,招聘职位：农业经济管理；招聘人数：1；报名人数：17；分数线：59.5；最高分数：61.5,安徽 阜阳市直,https://www.xduim.com/zw/gklx,,专业：金融学类
2025,公务员,2025安徽公开遴选,阜阳市水利局,6013 阜阳市水利局 水利管理,本科及以上,水利类、土木工程专业,,笔试+面试,,,招聘职位：水利管理；招聘人数：1；报名人数：12；分数线：58.5；最高分数：64.0,安徽 阜阳市直,https://www.xduim.com/zw/gklx,,专业：水利类、土木工程专业
2025,公务员,2025安徽公开遴选,阜阳市商务局,6014 阜阳市商务局 经贸管理,本科及以上,经济与贸易类、经济学类,,笔试+面试,,,招聘职位：经贸管理；招聘人数：1；报名人数：18；分数线：63.5；最高分数：67.0,安徽 阜阳市直,https://www.xduim.com/zw/gklx,,专业：经济与贸易类、经济学类
2025,公务员,2025安徽公开遴选,阜阳市文化旅游体育局,6015 阜阳市文化旅游体育局 文化旅游管理,本科及以上,经济学门类、历史学门类,,笔试+面试,,,招聘职位：文化旅游管理；招聘人数：1；报名人数：23；分数线：59.5；最高分数：64.5,安徽 阜阳市直,https://www.xduim.com/zw/gklx,,专业：经济学门类、历史学门类
2025,公务员,2025安徽公开遴选,阜阳市卫生健康委,6016 阜阳市卫生健康委 卫生健康管理,本科及以上,医学门类,,笔试+面试,,,招聘职位：卫生健康管理；招聘人数：1；报名人数：28；分数线：63.5；最高分数：69.5,安徽 阜阳市直,https://www.xduim.com/zw/gklx,,专业：医学门类
2025,公务员,2025安徽公开遴选,阜阳市应急管理局,6017 阜阳市应急管理局 应急管理,本科及以上,化工与制药类、化学类、安全工程专业,,笔试+面试,,,招聘职位：应急管理；招聘人数：1；报名人数：22；分数线：65.0；最高分数：69.5,安徽 阜阳市直,https://www.xduim.com/zw/gklx,,专业：化工与制药类、化学类、安全工程专业
2025,公务员,2025安徽公开遴选,阜阳市审计局,6018 阜阳市审计局 财务审计,本科及以上,本科：会计学专业、审计学专业、财务管理专业、财政学专业 研究生：会计学（二级学科）、会计（专业学位）、审计（专业学位）、企业管理（财务管理方向，二级学科）,,笔试+面试,,,招聘职位：财务审计；招聘人数：1；报名人数：29；分数线：65.5；最高分数：67.5,安徽 阜阳市直,https://www.xduim.com/zw/gklx,,专业：本科：会计学专业、审计学专业、财务管理专业、财政学专业 研究生：会计学（二级学科）、会计（专业学位）、审计（专业学位）、企业管理（财务管理方向，二级学科）
2025,公务员,2025安徽公开遴选,阜阳市国资委,6019 阜阳市国资委 经济管理,本科及以上,会计学专业、财务管理专业、审计学专业、金融学专业、经济学专业,,笔试+面试,,,招聘职位：经济管理；招聘人数：1；报名人数：40；分数线：66.0；最高分数：66.0,安徽 阜阳市直,https://www.xduim.com/zw/gklx,,专业：会计学专业、财务管理专业、审计学专业、金融学专业、经济学专业
2025,公务员,2025安徽公开遴选,阜阳市信访局,6020 阜阳市信访局 信访管理,本科及以上,本科：法学类 研究生：法学（一级学科）、法律（专业学位）,,笔试+面试,,,招聘职位：信访管理；招聘人数：1；报名人数：36；分数线：61.0；最高分数：63.5,安徽 阜阳市直,https://www.xduim.com/zw/gklx,,专业：本科：法学类 研究生：法学（一级学科）、法律（专业学位）
2025,公务员,2025安徽公开遴选,中共铜陵市纪律检查委员会铜陵市监察委员会派驻纪检监察机构,14001 中共铜陵市纪律检查委员会铜陵市监察委员会派驻纪检监察机构 监督执纪,本科及以上,不限,,笔试+面试,,,招聘职位：监督执纪；招聘人数：1；报名人数：9；分数线：57.5；最高分数：61.0,安徽 铜陵市直,https://www.xduim.com/zw/gklx,,专业：不限
2025,公务员,2025安徽公开遴选,中共铜陵市纪律检查委员会铜陵市监察委员会派驻纪检监察机构,14002 中共铜陵市纪律检查委员会铜陵市监察委员会派驻纪检监察机构 监督执纪,本科及以上,不限,,笔试+面试,,,招聘职位：监督执纪；招聘人数：1；报名人数：7；分数线：62.0；最高分数：65.5,安徽 铜陵市直,https://www.xduim.com/zw/gklx,,专业：不限
2025,公务员,2025安徽公开遴选,中共铜陵市委宣传部,14003 中共铜陵市委宣传部 机关综合,本科及以上,不限,,笔试+面试,,,招聘职位：机关综合；招聘人数：1；报名人数：9；分数线：63.0；最高分数：70.0,安徽 铜陵市直,https://www.xduim.com/zw/gklx,,专业：不限
2025,公务员,2025安徽公开遴选,中共铜陵市委政法委员会,14004 中共铜陵市委政法委员会 综治维稳,本科及以上,不限,,笔试+面试,,,招聘职位：综治维稳；招聘人数：1；报名人数：16；分数线：60.0；最高分数：68.0,安徽 铜陵市直,https://www.xduim.com/zw/gklx,,专业：不限
2025,公务员,2025安徽公开遴选,中共铜陵市委网络安全和信息化委员会办公室,14005 中共铜陵市委网络安全和信息化委员会办公室 网络安全监管,本科及以上,不限,,笔试+面试,,,招聘职位：网络安全监管；招聘人数：1；报名人数：7；分数线：61.0；最高分数：63.0,安徽 铜陵市直,https://www.xduim.com/zw/gklx,,专业：不限
2025,公务员,2025安徽公开遴选,中共铜陵市委政策研究室,14006 中共铜陵市委政策研究室 综合文字,本科及以上,不限,,笔试+面试,,,招聘职位：综合文字；招聘人数：1；报名人数：4；分数线：61.0；最高分数：64.0,安徽 铜陵市直,https://www.xduim.com/zw/gklx,,专业：不限
2025,公务员,2025安徽公开遴选,铜陵市人大常委会机关,14007 铜陵市人大常委会机关 机关综合,本科及以上,本 科：经济学门类、法学门类、文学门类 研究生：经济学门类、法学门类、文学门类,,笔试+面试,,,招聘职位：机关综合；招聘人数：1；报名人数：13；分数线：68.0；最高分数：71.5,安徽 铜陵市直,https://www.xduim.com/zw/gklx,,专业：本 科：经济学门类、法学门类、文学门类 研究生：经济学门类、法学门类、文学门类
2025,公务员,2025安徽公开遴选,铜陵市人民检察院,14008 铜陵市人民检察院 检察官助理,本科及以上,本 科：法学类 研究生：法学（一级学科）、法律（专业学位）,,笔试+面试,,,招聘职位：检察官助理；招聘人数：1；报名人数：12；分数线：56.0；最高分数：61.5,安徽 铜陵市直,https://www.xduim.com/zw/gklx,,专业：本 科：法学类 研究生：法学（一级学科）、法律（专业学位）
2025,公务员,2025安徽公开遴选,中国民主同盟铜陵市委员会,14009 中国民主同盟铜陵市委员会 综合文字,本科及以上,本 科：法学门类、文学门类 研究生：法学门类、文学门类,,笔试+面试,,,招聘职位：综合文字；招聘人数：1；报名人数：9；分数线：60.0；最高分数：62.0,安徽 铜陵市直,https://www.xduim.com/zw/gklx,,专业：本 科：法学门类、文学门类 研究生：法学门类、文学门类
2025,公务员,2025安徽公开遴选,中共铜陵市委党校,14010 中共铜陵市委党校 学员管理,本科及以上,不限,,笔试+面试,,,招聘职位：学员管理；招聘人数：1；报名人数：7；分数线：62.5；最高分数：70.0,安徽 铜陵市直,https://www.xduim.com/zw/gklx,,专业：不限
2025,公务员,2025安徽公开遴选,铜陵市工业和信息化局,14011 铜陵市工业和信息化局 装备产业发展,本科及以上,本 科：理学门类、工学门类 研究生：理学门类、工学门类,,笔试+面试,,,招聘职位：装备产业发展；招聘人数：1；报名人数：11；分数线：60.5；最高分数：62.5,安徽 铜陵市直,https://www.xduim.com/zw/gklx,,专业：本 科：理学门类、工学门类 研究生：理学门类、工学门类
2025,公务员,2025安徽公开遴选,铜陵市公安局,14012 铜陵市公安局 人民警察,本科及以上,不限,,笔试+面试,,,招聘职位：人民警察；招聘人数：1；报名人数：4；分数线：56.5；最高分数：65.5,安徽 铜陵市直,https://www.xduim.com/zw/gklx,,专业：不限
2025,公务员,2025安徽公开遴选,铜陵市财政局,14013 铜陵市财政局 财政管理,本科及以上,不限,,笔试+面试,,,招聘职位：财政管理；招聘人数：1；报名人数：9；分数线：58.0；最高分数：65.0,安徽 铜陵市直,https://www.xduim.com/zw/gklx,,专业：不限
2025,公务员,2025安徽公开遴选,铜陵市人力资源和社会保障局,14014 铜陵市人力资源和社会保障局 机关综合,本科及以上,不限,,笔试+面试,,,招聘职位：机关综合；招聘人数：2；报名人数：21；分数线：58.0；最高分数：61.5,安徽 铜陵市直,https://www.xduim.com/zw/gklx,,专业：不限
2025,公务员,2025安徽公开遴选,铜陵市生态环境局,14015 铜陵市生态环境局 机关综合,本科及以上,本 科：法学类、中国语言文学类、新闻传播学类、化学类、计算机类、化工与制药类、环境科学与工程类 研究生：法学（一级学科）、中国语言文学（一级学科）、新闻传播学（一级学科）、化学（一级学科）、计算机科学与技术（一级学科）、化学工程与技术（一级学科）、环境科学与工程（一级学科）、软件工程（一级学科）、网络空间安全（一级学科）、法律（专业学位）、新闻与传播（专业学位）,,笔试+面试,,,招聘职位：机关综合；招聘人数：1；报名人数：10；分数线：57.0；最高分数：58.5,安徽 铜陵市直,https://www.xduim.com/zw/gklx,,专业：本 科：法学类、中国语言文学类、新闻传播学类、化学类、计算机类、化工与制药类、环境科学与工程类 研究生：法学（一级学科）、中国语言文学（一级学科）、新闻传播学（一级学科）、化学（一级学科）、计算机科学与技术（一级学科）、化学工程与技术（一级学科）、环境科学与工程（一级学科）、软件工程（一级学科）、网络空间安全（一级学科）、法律（专业学位）、新闻与传播（专业学位）
2025,公务员,2025安徽公开遴选,铜陵市生态环境局,14016 铜陵市生态环境局 生态环境管理,本科及以上,不限,,笔试+面试,,,招聘职位：生态环境管理；招聘人数：1；报名人数：8；分数线：60.5；最高分数：63.5,安徽 铜陵市直,https://www.xduim.com/zw/gklx,,专业：不限
2025,公务员,2025安徽公开遴选,铜陵市住房和城乡建设局,14017 铜陵市住房和城乡建设局 城乡建设管理,本科及以上,本 科：法学类、中国语言文学类、新闻传播学类、机械类、土木类、建筑类、管理科学与工程类 研究生：法学（一级学科）、中国语言文学（一级学科）、新闻传播学（一级学科）、机械工程（一级学科）、建筑学（一级学科）、土木工程（一级学科）、城乡规划学（一级学科）、管理科学与工程（一级学科）、法律（专业学位）、新闻与传播（专业学位）、建筑（专业学位）、城乡规划（专业学位）、机械（专业学位）、土木水利（专业学位）,,笔试+面试,,,招聘职位：城乡建设管理；招聘人数：1；报名人数：7；分数线：62.0；最高分数：65.5,安徽 铜陵市直,https://www.xduim.com/zw/gklx,,专业：本 科：法学类、中国语言文学类、新闻传播学类、机械类、土木类、建筑类、管理科学与工程类 研究生：法学（一级学科）、中国语言文学（一级学科）、新闻传播学（一级学科）、机械工程（一级学科）、建筑学（一级学科）、土木工程（一级学科）、城乡规划学（一级学科）、管理科学与工程（一级学科）、法律（专业学位）、新闻与传播（专业学位）、建筑（专业学位）、城乡规划（专业学位）、机械（专业学位）、土木水利（专业学位）
2025,公务员,2025安徽公开遴选,铜陵市交通运输局,14018 铜陵市交通运输局 机关综合,本科及以上,不限,,笔试+面试,,,招聘职位：机关综合；招聘人数：1；报名人数：15；分数线：62.0；最高分数：64.0,安徽 铜陵市直,https://www.xduim.com/zw/gklx,,专业：不限
2025,公务员,2025安徽公开遴选,铜陵市农业农村局,14019 铜陵市农业农村局 机关综合,本科及以上,不限,,笔试+面试,,,招聘职位：机关综合；招聘人数：1；报名人数：7；分数线：61.0；最高分数：71.0,安徽 铜陵市直,https://www.xduim.com/zw/gklx,,专业：不限
2025,公务员,2025安徽公开遴选,铜陵市应急管理局,14020 铜陵市应急管理局 应急管理,本科及以上,本 科：工学门类 研究生：工学门类,,笔试+面试,,,招聘职位：应急管理；招聘人数：1；报名人数：5；分数线：60.0；最高分数：62.5,安徽 铜陵市直,https://www.xduim.com/zw/gklx,,专业：本 科：工学门类 研究生：工学门类
2025,公务员,2025安徽公开遴选,市纪委监委机关,5001 市纪委监委机关 纪检监察,本科及以上,经济学类、财政学类、法学类、计算机类、会计学专业、财务管理专业、审计学专业,,笔试+面试,,,招聘职位：纪检监察；招聘人数：1；报名人数：16；分数线：61.5；最高分数：66.0,安徽 蚌埠市直,https://www.xduim.com/zw/gklx,,专业：经济学类、财政学类、法学类、计算机类、会计学专业、财务管理专业、审计学专业
2025,公务员,2025安徽公开遴选,市纪委监委机关,5002 市纪委监委机关 纪检监察,本科及以上,经济学类、财政学类、法学类、计算机类、会计学专业、财务管理专业、审计学专业,,笔试+面试,,,招聘职位：纪检监察；招聘人数：1；报名人数：15；分数线：58.5；最高分数：61.0,安徽 蚌埠市直,https://www.xduim.com/zw/gklx,,专业：经济学类、财政学类、法学类、计算机类、会计学专业、财务管理专业、审计学专业
2025,公务员,2025安徽公开遴选,市纪委监委派驻机构,5003 市纪委监委派驻机构 纪检监察,本科及以上,经济学类、财政学类、法学类、计算机类、会计学专业、财务管理专业、审计学专业,,笔试+面试,,,招聘职位：纪检监察；招聘人数：1；报名人数：13；分数线：60.5；最高分数：66.5,安徽 蚌埠市直,https://www.xduim.com/zw/gklx,,专业：经济学类、财政学类、法学类、计算机类、会计学专业、财务管理专业、审计学专业
2025,公务员,2025安徽公开遴选,市纪委监委派驻机构,5004 市纪委监委派驻机构 纪检监察,本科及以上,经济学类、财政学类、法学类、计算机类、会计学专业、财务管理专业、审计学专业,,笔试+面试,,,招聘职位：纪检监察；招聘人数：1；报名人数：18；分数线：61.0；最高分数：65.5,安徽 蚌埠市直,https://www.xduim.com/zw/gklx,,专业：经济学类、财政学类、法学类、计算机类、会计学专业、财务管理专业、审计学专业
2025,公务员,2025安徽公开遴选,市委社会工作部,5005 市委社会工作部 人才志愿服务,本科及以上,法学类、社会学类,,笔试+面试,,,招聘职位：人才志愿服务；招聘人数：1；报名人数：17；分数线：61.0；最高分数：63.0,安徽 蚌埠市直,https://www.xduim.com/zw/gklx,,专业：法学类、社会学类
2025,公务员,2025安徽公开遴选,市委政法委员会,5006 市委政法委员会 机关综合,本科及以上,法学类,,笔试+面试,,,招聘职位：机关综合；招聘人数：1；报名人数：10；分数线：59.5；最高分数：60.5,安徽 蚌埠市直,https://www.xduim.com/zw/gklx,,专业：法学类
2025,公务员,2025安徽公开遴选,市委政法委员会,5007 市委政法委员会 机关综合,本科及以上,法学类,,笔试+面试,,,招聘职位：机关综合；招聘人数：1；报名人数：18；分数线：60.0；最高分数：67.0,安徽 蚌埠市直,https://www.xduim.com/zw/gklx,,专业：法学类
2025,公务员,2025安徽公开遴选,市中级人民法院,5008 市中级人民法院 法官助理,本科及以上,法学类,,笔试+面试,,,招聘职位：法官助理；招聘人数：1；报名人数：7；分数线：57.5；最高分数：58.5,安徽 蚌埠市直,https://www.xduim.com/zw/gklx,,专业：法学类
2025,公务员,2025安徽公开遴选,市中级人民法院,5009 市中级人民法院 法官助理,本科及以上,法学类,,笔试+面试,,,招聘职位：法官助理；招聘人数：1；报名人数：14；分数线：62.5；最高分数：64.5,安徽 蚌埠市直,https://www.xduim.com/zw/gklx,,专业：法学类
2025,公务员,2025安徽公开遴选,市中级人民法院,5010 市中级人民法院 司法行政,本科及以上,经济学门类、管理学门类、文学门类、哲学门类,,笔试+面试,,,招聘职位：司法行政；招聘人数：1；报名人数：30；分数线：62.0；最高分数：65.5,安徽 蚌埠市直,https://www.xduim.com/zw/gklx,,专业：经济学门类、管理学门类、文学门类、哲学门类
2025,公务员,2025安徽公开遴选,市中级人民法院,5011 市中级人民法院 司法行政,本科及以上,经济学门类、管理学门类、文学门类、哲学门类,,笔试+面试,,,招聘职位：司法行政；招聘人数：1；报名人数：37；分数线：63.5；最高分数：66.0,安徽 蚌埠市直,https://www.xduim.com/zw/gklx,,专业：经济学门类、管理学门类、文学门类、哲学门类
2025,公务员,2025安徽公开遴选,市政协机关,5012 市政协机关 机关党务,本科及以上,法学门类、经济学门类、文学门类、理学门类、工学门类、管理学门类、历史学门类,,笔试+面试,,,招聘职位：机关党务；招聘人数：1；报名人数：18；分数线：65.0；最高分数：68.5,安徽 蚌埠市直,https://www.xduim.com/zw/gklx,,专业：法学门类、经济学门类、文学门类、理学门类、工学门类、管理学门类、历史学门类
2025,公务员,2025安徽公开遴选,市委老干部局市老干部活动中心,5013 市委老干部局市老干部活动中心 机关综合,本科及以上,法学门类、管理学门类、心理学类,,笔试+面试,,,招聘职位：机关综合；招聘人数：1；报名人数：22；分数线：62.5；最高分数：67.0,安徽 蚌埠市直,https://www.xduim.com/zw/gklx,,专业：法学门类、管理学门类、心理学类
2025,公务员,2025安徽公开遴选,市文学艺术界联合会,5014 市文学艺术界联合会 文化宣传,本科及以上,文学门类、管理学门类,,笔试+面试,,,招聘职位：文化宣传；招聘人数：1；报名人数：37；分数线：62.5；最高分数：64.5,安徽 蚌埠市直,https://www.xduim.com/zw/gklx,,专业：文学门类、管理学门类
2025,公务员,2025安徽公开遴选,市红十字会,5015 市红十字会 机关综合,本科及以上,公共管理类、社会学类、心理学类,,笔试+面试,,,招聘职位：机关综合；招聘人数：1；报名人数：17；分数线：61.5；最高分数：63.0,安徽 蚌埠市直,https://www.xduim.com/zw/gklx,,专业：公共管理类、社会学类、心理学类
2025,公务员,2025安徽公开遴选,市政府办公室,5016 市政府办公室 机关综合,本科及以上,数学类、物理学类、化学类、统计学类、机械类、材料类、能源动力类、电气类、计算机类、水利类、电子信息类、交通运输类、航空航天类、自动化类,,笔试+面试,,,招聘职位：机关综合；招聘人数：1；报名人数：9；分数线：57.0；最高分数：68.5,安徽 蚌埠市直,https://www.xduim.com/zw/gklx,,专业：数学类、物理学类、化学类、统计学类、机械类、材料类、能源动力类、电气类、计算机类、水利类、电子信息类、交通运输类、航空航天类、自动化类
2025,公务员,2025安徽公开遴选,市发展和改革委员会,5017 市发展和改革委员会 发展改革,本科及以上,工学门类、经济学门类,,笔试+面试,,,招聘职位：发展改革；招聘人数：1；报名人数：20；分数线：63.0；最高分数：67.5,安徽 蚌埠市直,https://www.xduim.com/zw/gklx,,专业：工学门类、经济学门类
2025,公务员,2025安徽公开遴选,市科学技术局,5018 市科学技术局 科技管理,本科及以上,理学门类、工学门类,,笔试+面试,,,招聘职位：科技管理；招聘人数：1；报名人数：29；分数线：66.0；最高分数：70.5,安徽 蚌埠市直,https://www.xduim.com/zw/gklx,,专业：理学门类、工学门类
2025,公务员,2025安徽公开遴选,市工业和信息化局,5019 市工业和信息化局 行业管理,本科及以上,机械类、材料类、电气类、电子信息类、自动化类、计算机类、生物工程类、兵器类,,笔试+面试,,,招聘职位：行业管理；招聘人数：1；报名人数：16；分数线：62.5；最高分数：63.0,安徽 蚌埠市直,https://www.xduim.com/zw/gklx,,专业：机械类、材料类、电气类、电子信息类、自动化类、计算机类、生物工程类、兵器类
2025,公务员,2025安徽公开遴选,市工业和信息化局离退休干部管理处,5020 市工业和信息化局离退休干部管理处 机关综合,本科及以上,理学门类、工学门类,,笔试+面试,,,招聘职位：机关综合；招聘人数：1；报名人数：24；分数线：64.0；最高分数：71.0,安徽 蚌埠市直,https://www.xduim.com/zw/gklx,,专业：理学门类、工学门类
2025,公务员,2025安徽公开遴选,中共黄山市委办公室,17001 中共黄山市委办公室 机关综合,本科及以上,本 科：经济学类、工商管理类 研究生：应用经济学（一级学科）、工商管理学（一级学科）,,笔试+面试,,,招聘职位：机关综合；招聘人数：1；报名人数：7；分数线：52.5；最高分数：64.0,安徽 黄山市直,https://www.xduim.com/zw/gklx,,专业：本 科：经济学类、工商管理类 研究生：应用经济学（一级学科）、工商管理学（一级学科）
2025,公务员,2025安徽公开遴选,中共黄山市委统一战线工作部,17002 中共黄山市委统一战线工作部 机关综合,本科及以上,不限,,笔试+面试,,,招聘职位：机关综合；招聘人数：1；报名人数：22；分数线：63.5；最高分数：66.5,安徽 黄山市直,https://www.xduim.com/zw/gklx,,专业：不限
2025,公务员,2025安徽公开遴选,中共黄山市委政策研究室,17003 中共黄山市委政策研究室 综合文字,本科及以上,不限,,笔试+面试,,,招聘职位：综合文字；招聘人数：1；报名人数：23；分数线：61.5；最高分数：65.0,安徽 黄山市直,https://www.xduim.com/zw/gklx,,专业：不限
2025,公务员,2025安徽公开遴选,黄山市人民政府办公室,17004 黄山市人民政府办公室 综合文字,本科及以上,理学门类、工学门类、经济学门类、管理学门类、法学门类,,笔试+面试,,,招聘职位：综合文字；招聘人数：1；报名人数：15；分数线：63.0；最高分数：70.0,安徽 黄山市直,https://www.xduim.com/zw/gklx,,专业：理学门类、工学门类、经济学门类、管理学门类、法学门类
2025,公务员,2025安徽公开遴选,黄山市商务局,17005 黄山市商务局 综合管理,本科及以上,不限,,笔试+面试,,,招聘职位：综合管理；招聘人数：1；报名人数：32；分数线：60.5；最高分数：69.0,安徽 黄山市直,https://www.xduim.com/zw/gklx,,专业：不限
2025,公务员,2025安徽公开遴选,黄山市审计局,17006 黄山市审计局 审计,本科及以上,本 科：会计学专业、财务管理专业、审计学专业 研究生：会计学（二级学科）、企业管理（财务管理方向，二级学科）、会计（专业学位）、审计（专业学位）,,笔试+面试,,,招聘职位：审计；招聘人数：1；报名人数：19；分数线：59.5；最高分数：64.0,安徽 黄山市直,https://www.xduim.com/zw/gklx,,专业：本 科：会计学专业、财务管理专业、审计学专业 研究生：会计学（二级学科）、企业管理（财务管理方向，二级学科）、会计（专业学位）、审计（专业学位）
2025,公务员,2025安徽公开遴选,中国国际贸易促进委员会六安市支会（中国国际商会六安市商会）,9021 中国国际贸易促进委员会六安市支会（中国国际商会六安市商会） 综合管理,本科及以上,本科：经济学门类、中国语言文学类 研究生：经济学门类、中国语言文学（一级学科）,,笔试+面试,,,招聘职位：综合管理；招聘人数：1；报名人数：23；分数线：63.5；最高分数：72.0,安徽 六安市直,https://www.xduim.com/zw/gklx,,专业：本科：经济学门类、中国语言文学类 研究生：经济学门类、中国语言文学（一级学科）
2025,公务员,2025安徽公开遴选,六安市文化市场综合行政执法支队,9022 六安市文化市场综合行政执法支队 行政执法,本科及以上,本科：法学类 研究生：法学（一级学科）,,笔试+面试,,,招聘职位：行政执法；招聘人数：1；报名人数：12；分数线：62.5；最高分数：65.5,安徽 六安市直,https://www.xduim.com/zw/gklx,,专业：本科：法学类 研究生：法学（一级学科）
2025,公务员,2025安徽公开遴选,六安市审计局,9023 六安市审计局 综合管理,本科及以上,本科：财务管理专业、财政学专业、审计学专业 研究生：企业管理（财务管理方向，二级学科）、财政学（二级学科）、审计（专业学位）,,笔试+面试,,,招聘职位：综合管理；招聘人数：1；报名人数：10；分数线：62.0；最高分数：68.5,安徽 六安市直,https://www.xduim.com/zw/gklx,,专业：本科：财务管理专业、财政学专业、审计学专业 研究生：企业管理（财务管理方向，二级学科）、财政学（二级学科）、审计（专业学位）
2025,公务员,2025安徽公开遴选,六安市市场监督管理局,9024 六安市市场监督管理局 执法监管,本科及以上,本科：食品科学与工程类、公共卫生与预防医学类 研究生：食品科学与工程（一级学科）、公共卫生与预防医学（一级学科）,,笔试+面试,,,招聘职位：执法监管；招聘人数：1；报名人数：11；分数线：61.5；最高分数：63.5,安徽 六安市直,https://www.xduim.com/zw/gklx,,专业：本科：食品科学与工程类、公共卫生与预防医学类 研究生：食品科学与工程（一级学科）、公共卫生与预防医学（一级学科）
2025,公务员,2025安徽公开遴选,六安市市场监督管理局,9025 六安市市场监督管理局 执法监管,本科及以上,本科：工商管理类、电子商务类 研究生：工商管理学（一级学科）,,笔试+面试,,,招聘职位：执法监管；招聘人数：1；报名人数：29；分数线：65.0；最高分数：65.5,安徽 六安市直,https://www.xduim.com/zw/gklx,,专业：本科：工商管理类、电子商务类 研究生：工商管理学（一级学科）
2025,公务员,2025安徽公开遴选,六安市统计调查队,9026 六安市统计调查队 统计调查,本科及以上,本科：经济学门类、统计学类 研究生：经济学门类、统计学（一级学科）、应用统计（专业学位）,,笔试+面试,,,招聘职位：统计调查；招聘人数：1；报名人数：19；分数线：60.5；最高分数：62.5,安徽 六安市直,https://www.xduim.com/zw/gklx,,专业：本科：经济学门类、统计学类 研究生：经济学门类、统计学（一级学科）、应用统计（专业学位）
2025,公务员,2025安徽公开遴选,六安市数据资源管理局,9027 六安市数据资源管理局 数据资源管理,本科及以上,本科：计算机类 研究生：计算机科学与技术（一级学科）,,笔试+面试,,,招聘职位：数据资源管理；招聘人数：1；报名人数：16；分数线：63.0；最高分数：69.0,安徽 六安市直,https://www.xduim.com/zw/gklx,,专业：本科：计算机类 研究生：计算机科学与技术（一级学科）
2025,公务员,2025安徽公开遴选,六安市公共资源交易监督管理局,9028 六安市公共资源交易监督管理局 执法监督,本科及以上,本科：法学类、工程管理专业  研究生：法学（一级学科）、法律（专业学位）、管理科学与工程（一级学科）、工程管理（专业学位）,,笔试+面试,,,招聘职位：执法监督；招聘人数：1；报名人数：10；分数线：55.0；最高分数：64.0,安徽 六安市直,https://www.xduim.com/zw/gklx,,专业：本科：法学类、工程管理专业  研究生：法学（一级学科）、法律（专业学位）、管理科学与工程（一级学科）、工程管理（专业学位）
2025,公务员,2025安徽公开遴选,六安市机关事务管理处,9029 六安市机关事务管理处 综合文字,本科及以上,本科：中国语言文学类 研究生：中国语言文学（一级学科）,,笔试+面试,,,招聘职位：综合文字；招聘人数：1；报名人数：19；分数线：64.5；最高分数：67.0,安徽 六安市直,https://www.xduim.com/zw/gklx,,专业：本科：中国语言文学类 研究生：中国语言文学（一级学科）
2025,公务员,2025安徽公开遴选,中国农工民主党六安市委员会,9030 中国农工民主党六安市委员会 综合文字,本科及以上,不限,,笔试+面试,,,招聘职位：综合文字；招聘人数：1；报名人数：47；分数线：65.5；最高分数：67.0,安徽 六安市直,https://www.xduim.com/zw/gklx,,专业：不限
2025,公务员,2025安徽公开遴选,六安市总工会,9031 六安市总工会 综合文字,本科及以上,哲学门类、法学门类、管理学门类,,笔试+面试,,,招聘职位：综合文字；招聘人数：1；报名人数：46；分数线：65.0；最高分数：68.5,安徽 六安市直,https://www.xduim.com/zw/gklx,,专业：哲学门类、法学门类、管理学门类
2025,公务员,2025安徽公开遴选,亳州市委组织部党员教育中心（亳州市党员干部现代远程教育中心）,3021 亳州市委组织部党员教育中心（亳州市党员干部现代远程教育中心） 党员教育管理,研究生,不限,,笔试+面试,,,招聘职位：党员教育管理；招聘人数：1；报名人数：3；分数线：57.5；最高分数：62.0,安徽 亳州市直,https://www.xduim.com/zw/gklx,,专业：不限
2025,公务员,2025安徽公开遴选,亳州市农村基层组织建设促进中心,3022 亳州市农村基层组织建设促进中心 组织建设,本科及以上,不限,,笔试+面试,,,招聘职位：组织建设；招聘人数：2；报名人数：8；分数线：57.0；最高分数：68.5,安徽 亳州市直,https://www.xduim.com/zw/gklx,,专业：不限
2025,公务员,2025安徽公开遴选,亳州市委党校,3023 亳州市委党校 机关综合,本科及以上,本科：计算机类、公共管理类 研究生：计算机科学与技术（一级学科）、公共管理学（一级学科）、公共管理（专业学位）,,笔试+面试,,,招聘职位：机关综合；招聘人数：1；报名人数：23；分数线：66.0；最高分数：71.0,安徽 亳州市直,https://www.xduim.com/zw/gklx,,专业：本科：计算机类、公共管理类 研究生：计算机科学与技术（一级学科）、公共管理学（一级学科）、公共管理（专业学位）
2025,公务员,2025安徽公开遴选,亳州市财政局市国库支付中心,3024 亳州市财政局市国库支付中心 国库资金管理,本科及以上,本科：财政学专业、金融学专业、会计学专业、财务管理专业、审计学专业 研究生：应用经济学（一级学科）、会计学（二级学科）、金融（专业学位）、工商管理（专业学位）、会计（专业学位）、审计（专业学位）,,笔试+面试,,,招聘职位：国库资金管理；招聘人数：2；报名人数：19；分数线：63.0；最高分数：72.0,安徽 亳州市直,https://www.xduim.com/zw/gklx,,专业：本科：财政学专业、金融学专业、会计学专业、财务管理专业、审计学专业 研究生：应用经济学（一级学科）、会计学（二级学科）、金融（专业学位）、工商管理（专业学位）、会计（专业学位）、审计（专业学位）
2025,公务员,2025安徽公开遴选,亳州市人力资源和社会保障局市社会保险事业管理局,3025 亳州市人力资源和社会保障局市社会保险事业管理局 社保基金管理,本科及以上,本科：工商管理类、公共管理类 研究生：工商管理学（一级学科）、公共管理学（一级学科）、工商管理（专业学位）、公共管理（专业学位）、会计（专业学位）、审计（专业学位）,,笔试+面试,,,招聘职位：社保基金管理；招聘人数：1；报名人数：14；分数线：60.0；最高分数：63.0,安徽 亳州市直,https://www.xduim.com/zw/gklx,,专业：本科：工商管理类、公共管理类 研究生：工商管理学（一级学科）、公共管理学（一级学科）、工商管理（专业学位）、公共管理（专业学位）、会计（专业学位）、审计（专业学位）
2025,公务员,2025安徽公开遴选,亳州市人力资源和社会保障局市劳动人事争议仲裁院,3026 亳州市人力资源和社会保障局市劳动人事争议仲裁院 劳动人事争议仲裁,本科及以上,本科：法学类 研究生：法学（一级学科）、法律（专业学位）,,笔试+面试,,,招聘职位：劳动人事争议仲裁；招聘人数：1；报名人数：17；分数线：61.5；最高分数：62.5,安徽 亳州市直,https://www.xduim.com/zw/gklx,,专业：本科：法学类 研究生：法学（一级学科）、法律（专业学位）
2025,公务员,2025安徽公开遴选,亳州市农业农村局市畜牧发展中心,3027 亳州市农业农村局市畜牧发展中心 综合管理,本科及以上,本科：农学门类 研究生： 农学门类,,笔试+面试,,,招聘职位：综合管理；招聘人数：1；报名人数：13；分数线：61.5；最高分数：67.0,安徽 亳州市直,https://www.xduim.com/zw/gklx,,专业：本科：农学门类 研究生： 农学门类
2025,公务员,2025安徽公开遴选,亳州市应急管理局市防汛抗旱指挥部办公室,3028 亳州市应急管理局市防汛抗旱指挥部办公室 应急管理,本科及以上,本科：地球物理学类、大气科学类、地质学类、水利类、测绘类，化学工程与工艺专业、化工安全工程专业、地质工程专业、勘查技术与工程专业、农业水利工程专业、安全工程专业、应急技术与管理专业、安全生产监管专业、消防工程专业、应急管理专业 研究生：地理学（一级学科）、大气科学（一级学科）、地球物理学（一级学科）、地质学（一级学科）、水利工程（一级学科）、测绘科学与技术（一级学科）、化学工程与技术（一级学科）、安全科学与工程（一级学科）,,笔试+面试,,,招聘职位：应急管理；招聘人数：1；报名人数：7；分数线：61.5；最高分数：68.0,安徽 亳州市直,https://www.xduim.com/zw/gklx,,专业：本科：地球物理学类、大气科学类、地质学类、水利类、测绘类，化学工程与工艺专业、化工安全工程专业、地质工程专业、勘查技术与工程专业、农业水利工程专业、安全工程专业、应急技术与管理专业、安全生产监管专业、消防工程专业、应急管理专业 研究生：地理学（一级学科）、大气科学（一级学科）、地球物理学（一级学科）、地质学（一级学科）、水利工程（一级学科）、测绘科学与技术（一级学科）、化学工程与技术（一级学科）、安全科学与工程（一级学科）
2025,公务员,2025安徽公开遴选,合肥市人民政府办公室,10021 合肥市人民政府办公室 产业发展服务,本科及以上,理学门类、工学门类,,笔试+面试,,,招聘职位：产业发展服务；招聘人数：1；报名人数：12；最高分数：66.5,安徽 合肥市直,https://www.xduim.com/zw/gklx,,专业：理学门类、工学门类
2025,公务员,2025安徽公开遴选,合肥市发展和改革委员会,10022 合肥市发展和改革委员会 经济运行分析研究,本科及以上,经济学门类,,笔试+面试,,,招聘职位：经济运行分析研究；招聘人数：1；报名人数：22；最高分数：65.0,安徽 合肥市直,https://www.xduim.com/zw/gklx,,专业：经济学门类
2025,公务员,2025安徽公开遴选,合肥市教育局,10023 合肥市教育局 教育管理,本科及以上,教育学门类、心理学类,,笔试+面试,,,招聘职位：教育管理；招聘人数：1；报名人数：27；最高分数：73.0,安徽 合肥市直,https://www.xduim.com/zw/gklx,,专业：教育学门类、心理学类
2025,公务员,2025安徽公开遴选,合肥市司法局,10024 合肥市司法局 复议应诉,本科及以上,法学类（不含特设专业）,,笔试+面试,,,招聘职位：复议应诉；招聘人数：1；报名人数：10；最高分数：63.5,安徽 合肥市直,https://www.xduim.com/zw/gklx,,专业：法学类（不含特设专业）
2025,公务员,2025安徽公开遴选,合肥市司法局,10025 合肥市司法局 复议应诉,本科及以上,法学类（不含特设专业）,,笔试+面试,,,招聘职位：复议应诉；招聘人数：1；报名人数：17；最高分数：63.5,安徽 合肥市直,https://www.xduim.com/zw/gklx,,专业：法学类（不含特设专业）
2025,公务员,2025安徽公开遴选,合肥市财政局,10026 合肥市财政局 财政管理,本科及以上,土木类、建筑类,,笔试+面试,,,招聘职位：财政管理；招聘人数：1；报名人数：18；最高分数：67.5,安徽 合肥市直,https://www.xduim.com/zw/gklx,,专业：土木类、建筑类
2025,公务员,2025安徽公开遴选,合肥市财政局,10027 合肥市财政局 财政管理,本科及以上,土木类、建筑类,,笔试+面试,,,招聘职位：财政管理；招聘人数：1；报名人数：10；最高分数：64.5,安徽 合肥市直,https://www.xduim.com/zw/gklx,,专业：土木类、建筑类
2025,公务员,2025安徽公开遴选,合肥市财政局,10028 合肥市财政局 财政管理,本科及以上,计算机类、电子信息类,,笔试+面试,,,招聘职位：财政管理；招聘人数：1；报名人数：19；最高分数：64.5,安徽 合肥市直,https://www.xduim.com/zw/gklx,,专业：计算机类、电子信息类
2025,公务员,2025安徽公开遴选,合肥市人力资源和社会保障局,10029 合肥市人力资源和社会保障局 劳动保障管理,本科及以上,法学类、工商管理类,,笔试+面试,,,招聘职位：劳动保障管理；招聘人数：1；报名人数：33；最高分数：65.0,安徽 合肥市直,https://www.xduim.com/zw/gklx,,专业：法学类、工商管理类
2025,公务员,2025安徽公开遴选,合肥市人力资源和社会保障局,10030 合肥市人力资源和社会保障局 劳动保障管理,本科及以上,法学类、工商管理类,,笔试+面试,,,招聘职位：劳动保障管理；招聘人数：1；报名人数：35；最高分数：66.0,安徽 合肥市直,https://www.xduim.com/zw/gklx,,专业：法学类、工商管理类
2025,公务员,2025安徽公开遴选,合肥市自然资源和规划局,10031 合肥市自然资源和规划局 自然资源管理,本科及以上,地质类、测绘类、矿业类、建筑类,,笔试+面试,,,招聘职位：自然资源管理；招聘人数：1；报名人数：21；最高分数：70.5,安徽 合肥市直,https://www.xduim.com/zw/gklx,,专业：地质类、测绘类、矿业类、建筑类
2025,公务员,2025安徽公开遴选,合肥市自然资源和规划局,10032 合肥市自然资源和规划局 法制审核,本科及以上,法学类（不含特设专业）,,笔试+面试,,,招聘职位：法制审核；招聘人数：1；报名人数：24；最高分数：70.5,安徽 合肥市直,https://www.xduim.com/zw/gklx,,专业：法学类（不含特设专业）
2025,公务员,2025安徽公开遴选,合肥市生态环境局,10033 合肥市生态环境局 法制审核,本科及以上,法学类（不含特设专业）,,笔试+面试,,,招聘职位：法制审核；招聘人数：1；报名人数：11；最高分数：68.5,安徽 合肥市直,https://www.xduim.com/zw/gklx,,专业：法学类（不含特设专业）
2025,公务员,2025安徽公开遴选,合肥市水务局,10034 合肥市水务局 水务管理,本科及以上,理学门类、工学门类,,笔试+面试,,,招聘职位：水务管理；招聘人数：1；报名人数：20；最高分数：77.5,安徽 合肥市直,https://www.xduim.com/zw/gklx,,专业：理学门类、工学门类
2025,公务员,2025安徽公开遴选,合肥市商务局,10035 合肥市商务局 经济发展 服务,本科及以上,经济学门类,,笔试+面试,,,招聘职位：经济发展 服务；招聘人数：1；报名人数：22；最高分数：70.5,安徽 合肥市直,https://www.xduim.com/zw/gklx,,专业：经济学门类
2025,公务员,2025安徽公开遴选,合肥市市场监督管理局,10036 合肥市市场监督管理局 市场监管,本科及以上,法学门类、理学门类、工学门类、医学门类,,笔试+面试,,,招聘职位：市场监管；招聘人数：1；报名人数：41；最高分数：68.5,安徽 合肥市直,https://www.xduim.com/zw/gklx,,专业：法学门类、理学门类、工学门类、医学门类
2025,公务员,2025安徽公开遴选,合肥市市场监督管理局,10037 合肥市市场监督管理局 市场监管,本科及以上,法学门类、理学门类、工学门类、医学门类,,笔试+面试,,,招聘职位：市场监管；招聘人数：1；报名人数：32；最高分数：70.0,安徽 合肥市直,https://www.xduim.com/zw/gklx,,专业：法学门类、理学门类、工学门类、医学门类
2025,公务员,2025安徽公开遴选,合肥市市场监督管理局,10038 合肥市市场监督管理局 市场监管,本科及以上,不限,,笔试+面试,,,招聘职位：市场监管；招聘人数：1；报名人数：35；最高分数：65.5,安徽 合肥市直,https://www.xduim.com/zw/gklx,,专业：不限
2025,公务员,2025安徽公开遴选,合肥市市场监督管理局,10039 合肥市市场监督管理局 市场监管,本科及以上,不限,,笔试+面试,,,招聘职位：市场监管；招聘人数：1；报名人数：34；最高分数：70.0,安徽 合肥市直,https://www.xduim.com/zw/gklx,,专业：不限
2025,公务员,2025安徽公开遴选,合肥市重点工程建设管理局,10040 合肥市重点工程建设管理局 项目管理,本科及以上,土木类、建筑类,,笔试+面试,,,招聘职位：项目管理；招聘人数：1；报名人数：11；最高分数：62.5,安徽 合肥市直,https://www.xduim.com/zw/gklx,,专业：土木类、建筑类
2025,公务员,2025安徽公开遴选,合肥市土地储备中心,10041 合肥市土地储备中心 土地收储,本科及以上,土木类、测绘类、建筑类、经济学类,,笔试+面试,,,招聘职位：土地收储；招聘人数：1；报名人数：21；最高分数：64.5,安徽 合肥市直,https://www.xduim.com/zw/gklx,,专业：土木类、测绘类、建筑类、经济学类
2025,公务员,2025安徽公开遴选,合肥市土地储备中心,10042 合肥市土地储备中心 机关综合,本科及以上,中国语言文学类、新闻传播学类、法学类、政治学类,,笔试+面试,,,招聘职位：机关综合；招聘人数：1；报名人数：28；最高分数：67.0,安徽 合肥市直,https://www.xduim.com/zw/gklx,,专业：中国语言文学类、新闻传播学类、法学类、政治学类
2025,公务员,2025安徽公开遴选,合肥市教育局,10043 合肥市教育局 教育管理,本科及以上,不限,,笔试+面试,,,招聘职位：教育管理；招聘人数：1；报名人数：30,安徽 合肥市直,https://www.xduim.com/zw/gklx,,专业：不限
2025,公务员,2025安徽公开遴选,合肥市生态环境局,10044 合肥市生态环境局 生态环境保护,本科及以上,物理学类、化学类、大气科学类、生物科学类、材料类、能源动力类、水利类、化工与制药类、核工程类、环境科学与工程类、生物工程类、自然保护与环境生态类,,笔试+面试,,,招聘职位：生态环境保护；招聘人数：1；报名人数：16,安徽 合肥市直,https://www.xduim.com/zw/gklx,,专业：物理学类、化学类、大气科学类、生物科学类、材料类、能源动力类、水利类、化工与制药类、核工程类、环境科学与工程类、生物工程类、自然保护与环境生态类
2025,公务员,2025安徽公开遴选,合肥市投资促进局,10045 合肥市投资促进局 产业发展服务,本科及以上,工学门类、经济学类、法学类,,笔试+面试,,,招聘职位：产业发展服务；招聘人数：1；报名人数：9,安徽 合肥市直,https://www.xduim.com/zw/gklx,,专业：工学门类、经济学类、法学类
2025,公务员,2025安徽公开遴选,合肥市重点工程建设管理局,10046 合肥市重点工程建设管理局 项目管理,本科及以上,土木类、建筑类,,笔试+面试,,,招聘职位：项目管理；招聘人数：1；报名人数：7,安徽 合肥市直,https://www.xduim.com/zw/gklx,,专业：土木类、建筑类
2025,公务员,2025安徽公开遴选,宿州市城市管理局,4021 宿州市城市管理局 城市管理,本科及以上,工学门类、管理学门类,,笔试+面试,,,招聘职位：城市管理；招聘人数：1；报名人数：22；分数线：62.0；最高分数：65.5,安徽 宿州市直,https://www.xduim.com/zw/gklx,,专业：工学门类、管理学门类
2025,公务员,2025安徽公开遴选,宿州市交通运输局,4022 宿州市交通运输局 财务监管,本科及以上,经济学门类、会计学专业、财务管理专业、审计学专业,,笔试+面试,,,招聘职位：财务监管；招聘人数：1；报名人数：19；分数线：59.0；最高分数：64.5,安徽 宿州市直,https://www.xduim.com/zw/gklx,,专业：经济学门类、会计学专业、财务管理专业、审计学专业
2025,公务员,2025安徽公开遴选,宿州市文化和旅游局,4023 宿州市文化和旅游局 综合管理,本科及以上,不限,,笔试+面试,,,招聘职位：综合管理；招聘人数：1；报名人数：31；分数线：63.5；最高分数：65.0,安徽 宿州市直,https://www.xduim.com/zw/gklx,,专业：不限
2025,公务员,2025安徽公开遴选,宿州市卫生健康委员会,4024 宿州市卫生健康委员会 综合管理,本科及以上,医学门类、法学类,,笔试+面试,,,招聘职位：综合管理；招聘人数：1；报名人数：23；分数线：59.0；最高分数：61.5,安徽 宿州市直,https://www.xduim.com/zw/gklx,,专业：医学门类、法学类
2025,公务员,2025安徽公开遴选,宿州市应急管理局,4025 宿州市应急管理局 应急管理,本科及以上,不限,,笔试+面试,,,招聘职位：应急管理；招聘人数：1；报名人数：18；分数线：63.5；最高分数：66.5,安徽 宿州市直,https://www.xduim.com/zw/gklx,,专业：不限
2025,公务员,2025安徽公开遴选,宿州市教育体育局,4026 宿州市教育体育局 综合管理,本科及以上,不限,,笔试+面试,,,招聘职位：综合管理；招聘人数：1；报名人数：23；分数线：58.0；最高分数：60.0,安徽 宿州市直,https://www.xduim.com/zw/gklx,,专业：不限
2025,公务员,2025安徽公开遴选,中共宿州市委宣传部市委讲师团,4027 中共宿州市委宣传部市委讲师团 综合管理,本科及以上,不限,,笔试+面试,,,招聘职位：综合管理；招聘人数：1；报名人数：19；分数线：63.0；最高分数：64.5,安徽 宿州市直,https://www.xduim.com/zw/gklx,,专业：不限
2025,公务员,2025安徽公开遴选,宿州市房产管理服务中心,4028 宿州市房产管理服务中心 综合管理,本科及以上,经济学门类、管理学门类,,笔试+面试,,,招聘职位：综合管理；招聘人数：1；报名人数：18；分数线：60.5；最高分数：67.5,安徽 宿州市直,https://www.xduim.com/zw/gklx,,专业：经济学门类、管理学门类
2025,公务员,2025安徽公开遴选,宿州市民政局市老龄工作委员会办公室,4029 宿州市民政局市老龄工作委员会办公室 综合管理,本科及以上,不限,,笔试+面试,,,招聘职位：综合管理；招聘人数：1；报名人数：17；分数线：62.0；最高分数：67.5,安徽 宿州市直,https://www.xduim.com/zw/gklx,,专业：不限
2025,公务员,2025安徽公开遴选,省人大常委会机关,30041 省人大常委会机关 财政 经济,研究生,应用经济学（一级学科）、会计学 （二级学科）、企业管理（财务管理方向，二级学科）、应用统计（专业学位）、资产评估（专业学位）、工商管理（专业学位）、会计（专业学位）、审计（专业学位）、金融（专业学位）,,笔试+面试,,,招聘职位：财政 经济；招聘人数：1；报名人数：17；分数线：62.5；最高分数：65.0,安徽 安徽省直,https://www.xduim.com/zw/gklx,,专业：应用经济学（一级学科）、会计学 （二级学科）、企业管理（财务管理方向，二级学科）、应用统计（专业学位）、资产评估（专业学位）、工商管理（专业学位）、会计（专业学位）、审计（专业学位）、金融（专业学位）
2025,公务员,2025安徽公开遴选,省人大常委会机关,30042 省人大常委会机关 综合 文字,本科及以上,不限,,笔试+面试,,,招聘职位：综合 文字；招聘人数：1；报名人数：30；分数线：65.5；最高分数：72.0,安徽 安徽省直,https://www.xduim.com/zw/gklx,,专业：不限
2025,公务员,2025安徽公开遴选,省人大常委会机关,30043 省人大常委会机关 综合 文字,本科及以上,不限,,笔试+面试,,,招聘职位：综合 文字；招聘人数：1；报名人数：32；分数线：64.5；最高分数：69.0,安徽 安徽省直,https://www.xduim.com/zw/gklx,,专业：不限
2025,公务员,2025安徽公开遴选,省高级人民法院,30044 省高级人民法院 法官 助理,研究生,法学（一级学科）、法律（专业学位）,,笔试+面试,,,招聘职位：法官 助理；招聘人数：2；报名人数：20；分数线：60.0；最高分数：70.0,安徽 安徽省直,https://www.xduim.com/zw/gklx,,专业：法学（一级学科）、法律（专业学位）
2025,公务员,2025安徽公开遴选,省高级人民法院,30045 省高级人民法院 法官 助理,研究生,法学（一级学科）、法律（专业学位）,,笔试+面试,,,招聘职位：法官 助理；招聘人数：2；报名人数：23；分数线：60.5；最高分数：62.5,安徽 安徽省直,https://www.xduim.com/zw/gklx,,专业：法学（一级学科）、法律（专业学位）
2025,公务员,2025安徽公开遴选,省高级人民法院,30046 省高级人民法院 法官 助理,研究生,法学（一级学科）、法律（专业学位）,,笔试+面试,,,招聘职位：法官 助理；招聘人数：1；报名人数：28；分数线：65.5；最高分数：71.5,安徽 安徽省直,https://www.xduim.com/zw/gklx,,专业：法学（一级学科）、法律（专业学位）
2025,公务员,2025安徽公开遴选,省高级人民法院,30047 省高级人民法院 法官 助理,研究生,法学（一级学科）、法律（专业学位）,,笔试+面试,,,招聘职位：法官 助理；招聘人数：1；报名人数：13；分数线：61.5；最高分数：65.5,安徽 安徽省直,https://www.xduim.com/zw/gklx,,专业：法学（一级学科）、法律（专业学位）
2025,公务员,2025安徽公开遴选,省高级人民法院,30048 省高级人民法院 综合 行政,本科及以上,本 科：法学类（不含监狱学） 研究生：法学（一级学科）、法律（专业学位）,,笔试+面试,,,招聘职位：综合 行政；招聘人数：1；报名人数：34；分数线：67.0；最高分数：70.5,安徽 安徽省直,https://www.xduim.com/zw/gklx,,专业：本 科：法学类（不含监狱学） 研究生：法学（一级学科）、法律（专业学位）
2025,公务员,2025安徽公开遴选,省高级人民法院,30049 省高级人民法院 综合 行政,本科及以上,本 科：法学类（不含监狱学） 研究生：法学（一级学科）、法律（专业学位）,,笔试+面试,,,招聘职位：综合 行政；招聘人数：1；报名人数：30；分数线：65.5；最高分数：68.5,安徽 安徽省直,https://www.xduim.com/zw/gklx,,专业：本 科：法学类（不含监狱学） 研究生：法学（一级学科）、法律（专业学位）
2025,公务员,2025安徽公开遴选,省人民检察院,30050 省人民检察院 检察官助理,本科及以上,本 科：法学类（不含监狱学） 研究生：法学（一级学科）、法律（专业学位）,,笔试+面试,,,招聘职位：检察官助理；招聘人数：1；报名人数：23；分数线：65.0；最高分数：68.0,安徽 安徽省直,https://www.xduim.com/zw/gklx,,专业：本 科：法学类（不含监狱学） 研究生：法学（一级学科）、法律（专业学位）
2025,公务员,2025安徽公开遴选,省人民检察院,30051 省人民检察院 检察官助理,本科及以上,本 科：法学类（不含监狱学） 研究生：法学（一级学科）、法律（专业学位）,,笔试+面试,,,招聘职位：检察官助理；招聘人数：1；报名人数：21；分数线：62.5；最高分数：65.5,安徽 安徽省直,https://www.xduim.com/zw/gklx,,专业：本 科：法学类（不含监狱学） 研究生：法学（一级学科）、法律（专业学位）
2025,公务员,2025安徽公开遴选,省人民检察院,30052 省人民检察院 检察官助理,本科及以上,本 科：法学类（不含监狱学） 研究生：法学（一级学科）、法律（专业学位）,,笔试+面试,,,招聘职位：检察官助理；招聘人数：1；报名人数：48；分数线：67.0；最高分数：68.5,安徽 安徽省直,https://www.xduim.com/zw/gklx,,专业：本 科：法学类（不含监狱学） 研究生：法学（一级学科）、法律（专业学位）
2025,公务员,2025安徽公开遴选,省人民检察院,30053 省人民检察院 检察官助理,本科及以上,本 科：法学类（不含监狱学） 研究生：法学（一级学科）、法律（专业学位）,,笔试+面试,,,招聘职位：检察官助理；招聘人数：1；报名人数：22；分数线：62.0；最高分数：67.0,安徽 安徽省直,https://www.xduim.com/zw/gklx,,专业：本 科：法学类（不含监狱学） 研究生：法学（一级学科）、法律（专业学位）
2025,公务员,2025安徽公开遴选,省人民检察院,30054 省人民检察院 司法行政人员,研究生,法学（一级学科）、中国语言文学（一级学科）、法律（专业学位）,,笔试+面试,,,招聘职位：司法行政人员；招聘人数：1；报名人数：18；分数线：63.0；最高分数：66.5,安徽 安徽省直,https://www.xduim.com/zw/gklx,,专业：法学（一级学科）、中国语言文学（一级学科）、法律（专业学位）
2025,公务员,2025安徽公开遴选,省政府办公厅,30055 省政府办公厅 金融领域政务服务,本科及以上,本 科：金融学类 研究生：金融学（二级学科）、金融（专业学位）,,笔试+面试,,,招聘职位：金融领域政务服务；招聘人数：2；报名人数：44；分数线：61.0；最高分数：66.0,安徽 安徽省直,https://www.xduim.com/zw/gklx,,专业：本 科：金融学类 研究生：金融学（二级学科）、金融（专业学位）
2025,公务员,2025安徽公开遴选,省政府办公厅,30056 省政府办公厅 经济领域政务服务,本科及以上,本 科：经济学类、财政学类、经济与贸易类 研究生：理论经济学（一级学科）、应用经济学（一级学科）、应用统计（专业学位）、税务（专业学位）、国际商务（专业学位）、保险（专业学位）、资产评估（专业学位）、数字经济（专业学位）,,笔试+面试,,,招聘职位：经济领域政务服务；招聘人数：1；报名人数：24；分数线：63.5；最高分数：69.0,安徽 安徽省直,https://www.xduim.com/zw/gklx,,专业：本 科：经济学类、财政学类、经济与贸易类 研究生：理论经济学（一级学科）、应用经济学（一级学科）、应用统计（专业学位）、税务（专业学位）、国际商务（专业学位）、保险（专业学位）、资产评估（专业学位）、数字经济（专业学位）
2025,公务员,2025安徽公开遴选,省政府办公厅,30057 省政府办公厅 综合政务服务,研究生,机械工程（一级学科）、材料科学与工程（一级学科）、电气工程（一级学科）、电子科学与技术（一级学科）、信息与通信工程（一级学科）、控制科学与工程（一级学科）、计算机科学与技术（一级学科）、建筑学（一级学科）、土木工程（一级学科）、水利工程（一级学科）、测绘科学与技术（一级学科）、交通运输工程（一级学科）、航空宇航科学与技术（一级学科）、农业工程（一级学科）、环境科学与工程（一级学科）、城乡规划学（一级学科）、安全科学与工程（一级学科）、网络空间安全（一级学科）、数学（一级学科）、物理学（一级学科）、化学（一级学科）、统计学（一级学科）、建筑（专业学位）、城乡规划（专业学位）、电子信息（专业学位）、机械（专业学位）、资源与环境（专业学位）、能源动力（专业学位）、土木水利（专业学位）、交通运输（专业学位）,,笔试+面试,,,招聘职位：综合政务服务；招聘人数：3；报名人数：48；分数线：63.0；最高分数：71.5,安徽 安徽省直,https://www.xduim.com/zw/gklx,,专业：机械工程（一级学科）、材料科学与工程（一级学科）、电气工程（一级学科）、电子科学与技术（一级学科）、信息与通信工程（一级学科）、控制科学与工程（一级学科）、计算机科学与技术（一级学科）、建筑学（一级学科）、土木工程（一级学科）、水利工程（一级学科）、测绘科学与技术（一级学科）、交通运输工程（一级学科）、航空宇航科学与技术（一级学科）、农业工程（一级学科）、环境科学与工程（一级学科）、城乡规划学（一级学科）、安全科学与工程（一级学科）、网络空间安全（一级学科）、数学（一级学科）、物理学（一级学科）、化学（一级学科）、统计学（一级学科）、建筑（专业学位）、城乡规划（专业学位）、电子信息（专业学位）、机械（专业学位）、资源与环境（专业学位）、能源动力（专业学位）、土木水利（专业学位）、交通运输（专业学位）
2025,公务员,2025安徽公开遴选,省发展改革委,30058 省发展改革委 机关 综合,本科及以上,本 科：经济学门类、理学门类、工学门类 研究生：经济学门类、理学门类、工学门类,,笔试+面试,,,招聘职位：机关 综合；招聘人数：5；报名人数：308；分数线：66.5；最高分数：70.5,安徽 安徽省直,https://www.xduim.com/zw/gklx,,专业：本 科：经济学门类、理学门类、工学门类 研究生：经济学门类、理学门类、工学门类
2025,公务员,2025安徽公开遴选,省发展改革委 价格成本调查监审局,30059 省发展改革委 价格成本调查监审局 农产品成本调查,本科及以上,本 科：经济学门类、理学门类 研究生：经济学门类、理学门类,,笔试+面试,,,招聘职位：农产品成本调查；招聘人数：1；报名人数：42；分数线：62.0；最高分数：72.5,安徽 安徽省直,https://www.xduim.com/zw/gklx,,专业：本 科：经济学门类、理学门类 研究生：经济学门类、理学门类
2025,公务员,2025安徽公开遴选,省粮食和物资储备局,30060 省粮食和物资储备局 项目建设管理,本科及以上,本 科：机械类、地理科学类 研究生：机械工程（一级学科）、地理学（一级学科）,,笔试+面试,,,招聘职位：项目建设管理；招聘人数：2；报名人数：49；分数线：63.0；最高分数：70.0,安徽 安徽省直,https://www.xduim.com/zw/gklx,,专业：本 科：机械类、地理科学类 研究生：机械工程（一级学科）、地理学（一级学科）
2025,公务员,2025安徽公开遴选,省委老干部局,30021 省委老干部局 综合文字,本科及以上,本 科：哲学门类、中国语言文学类、政治学类、马克思主义理论类、新闻传播学类 研究生：哲学门类、中国语言文学（一级学科）、政治学（一级学科）、马克思主义理论（一级学科）、新闻传播学（一级学科）,,笔试+面试,,,招聘职位：综合文字；招聘人数：1；报名人数：37；分数线：65.5；最高分数：66.5,安徽 安徽省直,https://www.xduim.com/zw/gklx,,专业：本 科：哲学门类、中国语言文学类、政治学类、马克思主义理论类、新闻传播学类 研究生：哲学门类、中国语言文学（一级学科）、政治学（一级学科）、马克思主义理论（一级学科）、新闻传播学（一级学科）
2025,公务员,2025安徽公开遴选,省委老干部局,30022 省委老干部局 综合文字,本科及以上,本 科：哲学门类、中国语言文学类、政治学类、马克思主义理论类、新闻传播学类 研究生：哲学门类、中国语言文学（一级学科）、政治学（一级学科）、马克思主义理论（一级学科）、新闻传播学（一级学科）,,笔试+面试,,,招聘职位：综合文字；招聘人数：1；报名人数：32；分数线：66.0；最高分数：67.0,安徽 安徽省直,https://www.xduim.com/zw/gklx,,专业：本 科：哲学门类、中国语言文学类、政治学类、马克思主义理论类、新闻传播学类 研究生：哲学门类、中国语言文学（一级学科）、政治学（一级学科）、马克思主义理论（一级学科）、新闻传播学（一级学科）
2025,公务员,2025安徽公开遴选,省委老干部局 省关心下一代工作委员会办公室,30023 省委老干部局 省关心下一代工作委员会办公室 信息化管理,本科及以上,本 科：软件工程专业、信息安全专业、网络工程专业、网络空间安全专业、计算机科学与技术专业 研究生：信息与通信工程（一级学科）、计算机科学与技术（一级学科）,,笔试+面试,,,招聘职位：信息化管理；招聘人数：1；报名人数：43；分数线：64.5；最高分数：67.0,安徽 安徽省直,https://www.xduim.com/zw/gklx,,专业：本 科：软件工程专业、信息安全专业、网络工程专业、网络空间安全专业、计算机科学与技术专业 研究生：信息与通信工程（一级学科）、计算机科学与技术（一级学科）
2025,公务员,2025安徽公开遴选,省委老干部局 安徽老年大学 （省老干部活动中心）,30024 省委老干部局 安徽老年大学 （省老干部活动中心） 综合文字,本科及以上,本 科：哲学门类、中国语言文学类、政治学类、马克思主义理论类、新闻传播学类 研究生：哲学门类、中国语言文学（一级学科）、政治学（一级学科）、马克思主义理论（一级学科）、新闻传播学（一级学科）,,笔试+面试,,,招聘职位：综合文字；招聘人数：1；报名人数：21；分数线：64.0；最高分数：69.0,安徽 安徽省直,https://www.xduim.com/zw/gklx,,专业：本 科：哲学门类、中国语言文学类、政治学类、马克思主义理论类、新闻传播学类 研究生：哲学门类、中国语言文学（一级学科）、政治学（一级学科）、马克思主义理论（一级学科）、新闻传播学（一级学科）
2025,公务员,2025安徽公开遴选,省委老干部局 省直属机关干部休养所,30025 省委老干部局 省直属机关干部休养所 综合管理,本科及以上,本 科：哲学门类、中国语言文学类、政治学类、马克思主义理论类、新闻传播学类 研究生：哲学门类、中国语言文学（一级学科）、政治学（一级学科）、马克思主义理论（一级学科）、新闻传播学（一级学科）,,笔试+面试,,,招聘职位：综合管理；招聘人数：1；报名人数：29；分数线：70.5；最高分数：75.5,安徽 安徽省直,https://www.xduim.com/zw/gklx,,专业：本 科：哲学门类、中国语言文学类、政治学类、马克思主义理论类、新闻传播学类 研究生：哲学门类、中国语言文学（一级学科）、政治学（一级学科）、马克思主义理论（一级学科）、新闻传播学（一级学科）
2025,公务员,2025安徽公开遴选,省直机关工委讲师团,30026 省直机关工委讲师团 信息技术,本科及以上,本 科：计算机科学与技术专业、软件工程专业、网络工程专业、信息安全专业、数字媒体技术专业、智能科学与技术专业、电子与计算机工程专业、网络空间安全专业、保密技术专业、服务科学与工程专业、工业软件专业、电子信息工程专业、电子科学与技术专业、信息工程专业、电子信息科学与技术专业 研究生：电子科学与技术（一级学科）、信息与通信工程（一级学科）、计算机科学与技术（一级学科）、网络空间安全（一级学科）、电子信息（专业学位）,,笔试+面试,,,招聘职位：信息技术；招聘人数：1；报名人数：15；分数线：64.5；最高分数：67.5,安徽 安徽省直,https://www.xduim.com/zw/gklx,,专业：本 科：计算机科学与技术专业、软件工程专业、网络工程专业、信息安全专业、数字媒体技术专业、智能科学与技术专业、电子与计算机工程专业、网络空间安全专业、保密技术专业、服务科学与工程专业、工业软件专业、电子信息工程专业、电子科学与技术专业、信息工程专业、电子信息科学与技术专业 研究生：电子科学与技术（一级学科）、信息与通信工程（一级学科）、计算机科学与技术（一级学科）、网络空间安全（一级学科）、电子信息（专业学位）
2025,公务员,2025安徽公开遴选,省直机关工委党校,30027 省直机关工委党校 理论宣讲,研究生,政治学（一级学科）、马克思主义理论（一级学科）、中共党史党建学(一级学科）、中国语言文学（一级学科）、马克思主义哲学（二级学科）、政治经济学（二级学科）,,笔试+面试,,,招聘职位：理论宣讲；招聘人数：1；报名人数：15；分数线：65.5；最高分数：68.5,安徽 安徽省直,https://www.xduim.com/zw/gklx,,专业：政治学（一级学科）、马克思主义理论（一级学科）、中共党史党建学(一级学科）、中国语言文学（一级学科）、马克思主义哲学（二级学科）、政治经济学（二级学科）
2025,公务员,2025安徽公开遴选,省直机关工委党校,30028 省直机关工委党校 理论宣讲,研究生,政治学（一级学科）、马克思主义理论（一级学科）、中共党史党建学(一级学科）、中国语言文学（一级学科）、马克思主义哲学（二级学科）、政治经济学（二级学科）,,笔试+面试,,,招聘职位：理论宣讲；招聘人数：1；报名人数：6；分数线：61.0；最高分数：64.0,安徽 安徽省直,https://www.xduim.com/zw/gklx,,专业：政治学（一级学科）、马克思主义理论（一级学科）、中共党史党建学(一级学科）、中国语言文学（一级学科）、马克思主义哲学（二级学科）、政治经济学（二级学科）
2025,公务员,2025安徽公开遴选,省直机关工委党校,30029 省直机关工委党校 财务管理,本科及以上,本 科：会计学专业、财务管理专业、审计学专业 研究生：会计学（二级学科）、企业管理（财务管理方向，二级学科）、会计（专业学位）、审计（专业学位）,,笔试+面试,,,招聘职位：财务管理；招聘人数：1；报名人数：21；分数线：61.0；最高分数：66.5,安徽 安徽省直,https://www.xduim.com/zw/gklx,,专业：本 科：会计学专业、财务管理专业、审计学专业 研究生：会计学（二级学科）、企业管理（财务管理方向，二级学科）、会计（专业学位）、审计（专业学位）
2025,公务员,2025安徽公开遴选,省委党史研究院 （省地方志研究院）,30030 省委党史研究院 （省地方志研究院） 新时代史志研究,研究生,经济学门类,,笔试+面试,,,招聘职位：新时代史志研究；招聘人数：1；报名人数：4；分数线：63.0；最高分数：71.5,安徽 安徽省直,https://www.xduim.com/zw/gklx,,专业：经济学门类
2025,公务员,2025安徽公开遴选,省委党史研究院 （省地方志研究院）,30031 省委党史研究院 （省地方志研究院） 信息化建设,研究生,信息与通信工程（一级学科）、计算机科学与技术（一级学科）、软件工程（一级学科）、大数据技术与工程（专业学位）,,笔试+面试,,,招聘职位：信息化建设；招聘人数：1；报名人数：4；分数线：64.5；最高分数：65.0,安徽 安徽省直,https://www.xduim.com/zw/gklx,,专业：信息与通信工程（一级学科）、计算机科学与技术（一级学科）、软件工程（一级学科）、大数据技术与工程（专业学位）
2025,公务员,2025安徽公开遴选,省委党史研究院 （省地方志研究院）,30032 省委党史研究院 （省地方志研究院） 财务管理,本科及以上,本 科：会计学专业、财务管理专业、审计学专业 研究生：会计学（二级学科）、企业管理（财务管理方向，二级学科）、会计（专业学位）、审计（专业学位）,,笔试+面试,,,招聘职位：财务管理；招聘人数：1；报名人数：18；分数线：67.0；最高分数：68.5,安徽 安徽省直,https://www.xduim.com/zw/gklx,,专业：本 科：会计学专业、财务管理专业、审计学专业 研究生：会计学（二级学科）、企业管理（财务管理方向，二级学科）、会计（专业学位）、审计（专业学位）
2025,公务员,2025安徽公开遴选,省社会主义学院,30033 省社会主义学院 信息化管理,本科及以上,本 科：电子信息类、计算机类 研究生：计算机科学与技术（一级学科）、信息与通信工程（一级学科）、电子科学与技术（一级学科）、软件工程（一级学科）、电子信息（专业学位）,,笔试+面试,,,招聘职位：信息化管理；招聘人数：1；报名人数：24；分数线：64.0；最高分数：69.0,安徽 安徽省直,https://www.xduim.com/zw/gklx,,专业：本 科：电子信息类、计算机类 研究生：计算机科学与技术（一级学科）、信息与通信工程（一级学科）、电子科学与技术（一级学科）、软件工程（一级学科）、电子信息（专业学位）
2025,公务员,2025安徽公开遴选,省档案馆,30034 省档案馆 档案 管理,本科及以上,本 科：历史学类、档案学专业 研究生：历史学（一级学科）、档案学（二级学科）,,笔试+面试,,,招聘职位：档案 管理；招聘人数：1；报名人数：29；分数线：64.5；最高分数：68.5,安徽 安徽省直,https://www.xduim.com/zw/gklx,,专业：本 科：历史学类、档案学专业 研究生：历史学（一级学科）、档案学（二级学科）
2025,公务员,2025安徽公开遴选,省档案馆,30035 省档案馆 档案 管理,本科及以上,本 科：历史学类、档案学专业 研究生：历史学（一级学科）、档案学（二级学科）,,笔试+面试,,,招聘职位：档案 管理；招聘人数：1；报名人数：23；分数线：64.0；最高分数：69.0,安徽 安徽省直,https://www.xduim.com/zw/gklx,,专业：本 科：历史学类、档案学专业 研究生：历史学（一级学科）、档案学（二级学科）
2025,公务员,2025安徽公开遴选,省档案馆,30036 省档案馆 财务 管理,本科及以上,本 科：会计学专业、财务管理专业、审计学专业 研究生：会计学（二级学科）、企业管理（财务管理方向，二级学科）、会计（专业学位）、审计（专业学位）,,笔试+面试,,,招聘职位：财务 管理；招聘人数：1；报名人数：20；分数线：65.0；最高分数：67.5,安徽 安徽省直,https://www.xduim.com/zw/gklx,,专业：本 科：会计学专业、财务管理专业、审计学专业 研究生：会计学（二级学科）、企业管理（财务管理方向，二级学科）、会计（专业学位）、审计（专业学位）
2025,公务员,2025安徽公开遴选,省档案馆,30037 省档案馆 信息 技术,本科及以上,本 科：计算机类 研究生：计算机科学与技术（一级学科）,,笔试+面试,,,招聘职位：信息 技术；招聘人数：1；报名人数：30；分数线：66.0；最高分数：68.0,安徽 安徽省直,https://www.xduim.com/zw/gklx,,专业：本 科：计算机类 研究生：计算机科学与技术（一级学科）
2025,公务员,2025安徽公开遴选,省人大常委会机关,30038 省人大常委会机关 地方 立法,研究生,法学（一级学科）、法律（专业学位）,,笔试+面试,,,招聘职位：地方 立法；招聘人数：1；报名人数：14；分数线：63.5；最高分数：69.0,安徽 安徽省直,https://www.xduim.com/zw/gklx,,专业：法学（一级学科）、法律（专业学位）
2025,公务员,2025安徽公开遴选,省人大常委会机关,30039 省人大常委会机关 地方 立法,研究生,法学（一级学科）、法律（专业学位）,,笔试+面试,,,招聘职位：地方 立法；招聘人数：1；报名人数：11；分数线：55.5；最高分数：67.0,安徽 安徽省直,https://www.xduim.com/zw/gklx,,专业：法学（一级学科）、法律（专业学位）
2025,公务员,2025安徽公开遴选,省人大常委会机关,30040 省人大常委会机关 财政 经济,研究生,应用经济学（一级学科）、会计学 （二级学科）、企业管理（财务管理方向，二级学科）、应用统计（专业学位）、资产评估（专业学位）、工商管理（专业学位）、会计（专业学位）、审计（专业学位）、金融（专业学位）,,笔试+面试,,,招聘职位：财政 经济；招聘人数：1；报名人数：24；分数线：64.0；最高分数：69.5,安徽 安徽省直,https://www.xduim.com/zw/gklx,,专业：应用经济学（一级学科）、会计学 （二级学科）、企业管理（财务管理方向，二级学科）、应用统计（专业学位）、资产评估（专业学位）、工商管理（专业学位）、会计（专业学位）、审计（专业学位）、金融（专业学位）
2025,公务员,2025安徽公开遴选,省粮食和物资储备局,30061 省粮食和物资储备局 机关综合,研究生,哲学门类、经济学门类、法学门类,,笔试+面试,,,招聘职位：机关综合；招聘人数：1；报名人数：15；分数线：63.0；最高分数：69.0,安徽 安徽省直,https://www.xduim.com/zw/gklx,,专业：哲学门类、经济学门类、法学门类
2025,公务员,2025安徽公开遴选,省教育厅,30062 省教育厅 综合 管理,研究生,不限,,笔试+面试,,,招聘职位：综合 管理；招聘人数：1；报名人数：61；分数线：67.5；最高分数：70.5,安徽 安徽省直,https://www.xduim.com/zw/gklx,,专业：不限
2025,公务员,2025安徽公开遴选,省科技厅,30063 省科技厅 科技 管理,研究生,工学门类,,笔试+面试,,,招聘职位：科技 管理；招聘人数：1；报名人数：52；分数线：68.5；最高分数：70.5,安徽 安徽省直,https://www.xduim.com/zw/gklx,,专业：工学门类
2025,公务员,2025安徽公开遴选,省科技厅,30064 省科技厅 组织人事,研究生,不限,,笔试+面试,,,招聘职位：组织人事；招聘人数：1；报名人数：54；分数线：70.0；最高分数：73.5,安徽 安徽省直,https://www.xduim.com/zw/gklx,,专业：不限
2025,公务员,2025安徽公开遴选,省工业和信息化厅,30065 省工业和信息化厅 数字化建设,研究生,计算机科学与技术（一级学科）、软件工程（一级学科）、智能科学与技术（一级学科）、信息与通信工程（一级学科）、电子科学与技术（一级学科）、集成电路科学与工程（一级学科）、新一代电子信息技术（专业学位）、人工智能（专业学位）、大数据技术与工程（专业学位）,,笔试+面试,,,招聘职位：数字化建设；招聘人数：1；报名人数：12；分数线：67.0；最高分数：71.5,安徽 安徽省直,https://www.xduim.com/zw/gklx,,专业：计算机科学与技术（一级学科）、软件工程（一级学科）、智能科学与技术（一级学科）、信息与通信工程（一级学科）、电子科学与技术（一级学科）、集成电路科学与工程（一级学科）、新一代电子信息技术（专业学位）、人工智能（专业学位）、大数据技术与工程（专业学位）
2025,公务员,2025安徽公开遴选,省工业和信息化厅,30066 省工业和信息化厅 智能制造,研究生,机械工程（一级学科）、仪器科学与技术（一级学科）、光学工程（一级学科）、电气工程（一级学科）、控制科学与工程（一级学科）、工业设计工程（专业学位）、智能制造技术（专业学位）、机器人工程（专业学位）,,笔试+面试,,,招聘职位：智能制造；招聘人数：1；报名人数：25；分数线：67.5；最高分数：70.0,安徽 安徽省直,https://www.xduim.com/zw/gklx,,专业：机械工程（一级学科）、仪器科学与技术（一级学科）、光学工程（一级学科）、电气工程（一级学科）、控制科学与工程（一级学科）、工业设计工程（专业学位）、智能制造技术（专业学位）、机器人工程（专业学位）
2025,公务员,2025安徽公开遴选,省工业和信息化厅,30067 省工业和信息化厅 生物制造,研究生,食品科学与工程（一级学科）、生物工程（一级学科）、生物与医药（一级学科）、化学工程与技术（一级学科）,,笔试+面试,,,招聘职位：生物制造；招聘人数：1；报名人数：28；分数线：66.5；最高分数：68.5,安徽 安徽省直,https://www.xduim.com/zw/gklx,,专业：食品科学与工程（一级学科）、生物工程（一级学科）、生物与医药（一级学科）、化学工程与技术（一级学科）
2025,公务员,2025安徽公开遴选,省工业和信息化厅,30068 省工业和信息化厅 冶金产业管理,本科及以上,本 科：材料科学与工程专业、材料物理专业、冶金工程专业、金属材料工程专业 研究生：材料科学与工程（一级学科）、冶金工程（一级学科）,,笔试+面试,,,招聘职位：冶金产业管理；招聘人数：1；报名人数：49；分数线：65.5；最高分数：70.0,安徽 安徽省直,https://www.xduim.com/zw/gklx,,专业：本 科：材料科学与工程专业、材料物理专业、冶金工程专业、金属材料工程专业 研究生：材料科学与工程（一级学科）、冶金工程（一级学科）
2025,公务员,2025安徽公开遴选,省工业和信息化厅,30069 省工业和信息化厅 综合文字,研究生,理论经济学（一级学科）、应用经济学（一级学科）、中国语言文学（一级学科）、新闻传播学（一级学科）、管理科学与工程（一级学科）、数字经济（专业学位）,,笔试+面试,,,招聘职位：综合文字；招聘人数：1；报名人数：22；分数线：62.5；最高分数：71.5,安徽 安徽省直,https://www.xduim.com/zw/gklx,,专业：理论经济学（一级学科）、应用经济学（一级学科）、中国语言文学（一级学科）、新闻传播学（一级学科）、管理科学与工程（一级学科）、数字经济（专业学位）
2025,公务员,2025安徽公开遴选,省公安厅,30070 省公安厅 人民 警察,本科及以上,本 科：治安学专业、侦查学专业、禁毒学专业、警犬技术专业、经济犯罪侦查专业、公安情报学专业、犯罪学专业、公安管理学专业、涉外警务专业、国内安全保卫专业、警务指挥与战术专业、刑事科学技术专业、交通管理工程专业、安全防范工程专业、公安视听技术专业、网络安全与执法专业 研究生：公安学（一级学科）、公安技术（一级学科）、警务（专业学位）,,笔试+面试,,,招聘职位：人民 警察；招聘人数：4；报名人数：89；分数线：61.5；最高分数：66.5,安徽 安徽省直,https://www.xduim.com/zw/gklx,,专业：本 科：治安学专业、侦查学专业、禁毒学专业、警犬技术专业、经济犯罪侦查专业、公安情报学专业、犯罪学专业、公安管理学专业、涉外警务专业、国内安全保卫专业、警务指挥与战术专业、刑事科学技术专业、交通管理工程专业、安全防范工程专业、公安视听技术专业、网络安全与执法专业 研究生：公安学（一级学科）、公安技术（一级学科）、警务（专业学位）
2025,公务员,2025安徽公开遴选,省公安厅,30071 省公安厅 人民 警察,本科及以上,本 科：治安学专业、侦查学专业、禁毒学专业、警犬技术专业、经济犯罪侦查专业、公安情报学专业、犯罪学专业、公安管理学专业、涉外警务专业、国内安全保卫专业、警务指挥与战术专业、刑事科学技术专业、交通管理工程专业、安全防范工程专业、公安视听技术专业、网络安全与执法专业 研究生：公安学（一级学科）、公安技术（一级学科）、警务（专业学位）,,笔试+面试,,,招聘职位：人民 警察；招聘人数：4；报名人数：150；分数线：63.5；最高分数：69.0,安徽 安徽省直,https://www.xduim.com/zw/gklx,,专业：本 科：治安学专业、侦查学专业、禁毒学专业、警犬技术专业、经济犯罪侦查专业、公安情报学专业、犯罪学专业、公安管理学专业、涉外警务专业、国内安全保卫专业、警务指挥与战术专业、刑事科学技术专业、交通管理工程专业、安全防范工程专业、公安视听技术专业、网络安全与执法专业 研究生：公安学（一级学科）、公安技术（一级学科）、警务（专业学位）
2025,公务员,2025安徽公开遴选,省公安厅,30072 省公安厅 人民 警察,本科及以上,本 科：电子信息工程专业、通信工程专业、信息工程专业、计算机科学与技术专业、网络工程专业、信息安全专业 研究生：信息与通信工程（一级学科）、计算机科学与技术（一级学科）,,笔试+面试,,,招聘职位：人民 警察；招聘人数：2；报名人数：14；分数线：59.0；最高分数：67.0,安徽 安徽省直,https://www.xduim.com/zw/gklx,,专业：本 科：电子信息工程专业、通信工程专业、信息工程专业、计算机科学与技术专业、网络工程专业、信息安全专业 研究生：信息与通信工程（一级学科）、计算机科学与技术（一级学科）
2025,公务员,2025安徽公开遴选,省公安厅,30073 省公安厅 人民 警察,本科及以上,不限,,笔试+面试,,,招聘职位：人民 警察；招聘人数：2；报名人数：205；分数线：64.0；最高分数：69.5,安徽 安徽省直,https://www.xduim.com/zw/gklx,,专业：不限
2025,公务员,2025安徽公开遴选,省公安厅,30074 省公安厅 人民 警察,本科及以上,不限,,笔试+面试,,,招聘职位：人民 警察；招聘人数：4；报名人数：74；分数线：57.5；最高分数：68.0,安徽 安徽省直,https://www.xduim.com/zw/gklx,,专业：不限
2025,公务员,2025安徽公开遴选,省公安厅,30075 省公安厅 人民 警察,本科及以上,不限,,笔试+面试,,,招聘职位：人民 警察；招聘人数：4；报名人数：96；分数线：61.5；最高分数：68.0,安徽 安徽省直,https://www.xduim.com/zw/gklx,,专业：不限
2025,公务员,2025安徽公开遴选,省司法厅,30076 省司法厅 法治综合,研究生,法学（一级学科）、法律（专业学位）,,笔试+面试,,,招聘职位：法治综合；招聘人数：2；报名人数：37；分数线：60.0；最高分数：71.0,安徽 安徽省直,https://www.xduim.com/zw/gklx,,专业：法学（一级学科）、法律（专业学位）
2025,公务员,2025安徽公开遴选,省司法厅,30077 省司法厅 法治综合,研究生,法学（一级学科）、法律（专业学位）,,笔试+面试,,,招聘职位：法治综合；招聘人数：2；报名人数：16；分数线：55.0；最高分数：63.5,安徽 安徽省直,https://www.xduim.com/zw/gklx,,专业：法学（一级学科）、法律（专业学位）
2025,公务员,2025安徽公开遴选,省司法厅,30078 省司法厅 综合文字,本科及以上,不限,,笔试+面试,,,招聘职位：综合文字；招聘人数：1；报名人数：23；分数线：63.0；最高分数：72.5,安徽 安徽省直,https://www.xduim.com/zw/gklx,,专业：不限
2025,公务员,2025安徽公开遴选,省司法厅,30079 省司法厅 财务管理,本科及以上,本 科：会计学专业、财务管理专业、审计学专业、财政学专业、税收学专业 研究生：会计学（二级学科）、企业管理（财务管理方向，二级学科）、财政学（含：税收学，二级学科）、会计（专业学位）、审计（专业学位）,,笔试+面试,,,招聘职位：财务管理；招聘人数：1；报名人数：62；分数线：63.0；最高分数：65.5,安徽 安徽省直,https://www.xduim.com/zw/gklx,,专业：本 科：会计学专业、财务管理专业、审计学专业、财政学专业、税收学专业 研究生：会计学（二级学科）、企业管理（财务管理方向，二级学科）、财政学（含：税收学，二级学科）、会计（专业学位）、审计（专业学位）
2025,公务员,2025安徽公开遴选,省司法厅 省戒毒管理局,30080 省司法厅 省戒毒管理局 综合文字,本科及以上,本 科：法学类、中国语言文学类 研究生：法学（一级学科）、中国语言文学（一级学科）、法律（专业学位）,,笔试+面试,,,招聘职位：综合文字；招聘人数：1；报名人数：36；分数线：64.0；最高分数：70.0,安徽 安徽省直,https://www.xduim.com/zw/gklx,,专业：本 科：法学类、中国语言文学类 研究生：法学（一级学科）、中国语言文学（一级学科）、法律（专业学位）
2025,公务员,2025安徽公开遴选,省司法厅 省戒毒管理局,30081 省司法厅 省戒毒管理局 综合文字,本科及以上,本 科：法学类、中国语言文学类 研究生：法学（一级学科）、中国语言文学（一级学科）、法律（专业学位）,,笔试+面试,,,招聘职位：综合文字；招聘人数：1；报名人数：25；分数线：61.5；最高分数：69.0,安徽 安徽省直,https://www.xduim.com/zw/gklx,,专业：本 科：法学类、中国语言文学类 研究生：法学（一级学科）、中国语言文学（一级学科）、法律（专业学位）
2025,公务员,2025安徽公开遴选,省司法厅 省戒毒管理局,30082 省司法厅 省戒毒管理局 信息管理,研究生,电子科学与技术（一级学科）、信息与通信工程（一级学科）、计算机科学与技术（一级学科）、软件工程（一级学科）、网络空间安全（一级学科）,,笔试+面试,,,招聘职位：信息管理；招聘人数：1；报名人数：2；分数线：60.0；最高分数：67.5,安徽 安徽省直,https://www.xduim.com/zw/gklx,,专业：电子科学与技术（一级学科）、信息与通信工程（一级学科）、计算机科学与技术（一级学科）、软件工程（一级学科）、网络空间安全（一级学科）
2025,公务员,2025安徽公开遴选,省司法厅 省法律援助中心,30083 省司法厅 省法律援助中心 综合管理,本科及以上,本 科：法学类 研究生：法学（一级学科）、法律（专业学位）,,笔试+面试,,,招聘职位：综合管理；招聘人数：1；报名人数：31；分数线：61.5；最高分数：68.0,安徽 安徽省直,https://www.xduim.com/zw/gklx,,专业：本 科：法学类 研究生：法学（一级学科）、法律（专业学位）
2025,公务员,2025安徽公开遴选,省监狱管理局,30084 省监狱管理局 警务综合,本科及以上,不限,,笔试+面试,,,招聘职位：警务综合；招聘人数：1；报名人数：69；分数线：64.5；最高分数：66.5,安徽 安徽省直,https://www.xduim.com/zw/gklx,,专业：不限
2025,公务员,2025安徽公开遴选,省监狱管理局,30085 省监狱管理局 刑罚执行,本科及以上,本 科：法学类 研究生：法学（一级学科）、法律（专业学位）,,笔试+面试,,,招聘职位：刑罚执行；招聘人数：1；报名人数：29；分数线：60.0；最高分数：68.0,安徽 安徽省直,https://www.xduim.com/zw/gklx,,专业：本 科：法学类 研究生：法学（一级学科）、法律（专业学位）
2025,公务员,2025安徽公开遴选,省监狱管理局,30086 省监狱管理局 综合文字,本科及以上,不限,,笔试+面试,,,招聘职位：综合文字；招聘人数：1；报名人数：42；分数线：64.0；最高分数：75.0,安徽 安徽省直,https://www.xduim.com/zw/gklx,,专业：不限
2025,公务员,2025安徽公开遴选,省监狱管理局,30087 省监狱管理局 监管改造,本科及以上,不限,,笔试+面试,,,招聘职位：监管改造；招聘人数：2；报名人数：60；分数线：64.0；最高分数：67.0,安徽 安徽省直,https://www.xduim.com/zw/gklx,,专业：不限
2025,公务员,2025安徽公开遴选,省财政厅,30088 省财政厅 财政综合管理,研究生,应用经济学（一级学科）、会计学（二级学科）、审计（专业学位）、会计（专业学位）、金融（专业学位）,,笔试+面试,,,招聘职位：财政综合管理；招聘人数：1；报名人数：16；分数线：67.0；最高分数：68.0,安徽 安徽省直,https://www.xduim.com/zw/gklx,,专业：应用经济学（一级学科）、会计学（二级学科）、审计（专业学位）、会计（专业学位）、金融（专业学位）
2025,公务员,2025安徽公开遴选,省财政厅,30089 省财政厅 财政综合管理,研究生,应用经济学（一级学科）、会计学（二级学科）、审计（专业学位）、会计（专业学位）、金融（专业学位）,,笔试+面试,,,招聘职位：财政综合管理；招聘人数：1；报名人数：6；分数线：58.0；最高分数：67.5,安徽 安徽省直,https://www.xduim.com/zw/gklx,,专业：应用经济学（一级学科）、会计学（二级学科）、审计（专业学位）、会计（专业学位）、金融（专业学位）
2025,公务员,2025安徽公开遴选,省财政厅,30090 省财政厅 财政综合管理,研究生,计算机科学与技术（一级学科）、建筑学（一级学科）、土木工程（一级学科）、软件工程（一级学科）、建筑学（专业学位）、城市规划（专业学位）、电子信息（计算机技术、软件工程、人工智能、大数据技术与工程方向，专业学位）、土木水利（土木工程、农田水土工程、市政工程方向，专业学位）、工程管理（专业学位）,,笔试+面试,,,招聘职位：财政综合管理；招聘人数：1；报名人数：15；分数线：66.0；最高分数：70.5,安徽 安徽省直,https://www.xduim.com/zw/gklx,,专业：计算机科学与技术（一级学科）、建筑学（一级学科）、土木工程（一级学科）、软件工程（一级学科）、建筑学（专业学位）、城市规划（专业学位）、电子信息（计算机技术、软件工程、人工智能、大数据技术与工程方向，专业学位）、土木水利（土木工程、农田水土工程、市政工程方向，专业学位）、工程管理（专业学位）
2025,公务员,2025安徽公开遴选,省财政厅,30091 省财政厅 财政综合管理,研究生,计算机科学与技术（一级学科）、建筑学（一级学科）、土木工程（一级学科）、软件工程（一级学科）、建筑学（专业学位）、城市规划（专业学位）、电子信息（计算机技术、软件工程、人工智能、大数据技术与工程方向，专业学位）、土木水利（土木工程、农田水土工程、市政工程方向，专业学位）、工程管理（专业学位）,,笔试+面试,,,招聘职位：财政综合管理；招聘人数：1；报名人数：26；分数线：65.5；最高分数：68.0,安徽 安徽省直,https://www.xduim.com/zw/gklx,,专业：计算机科学与技术（一级学科）、建筑学（一级学科）、土木工程（一级学科）、软件工程（一级学科）、建筑学（专业学位）、城市规划（专业学位）、电子信息（计算机技术、软件工程、人工智能、大数据技术与工程方向，专业学位）、土木水利（土木工程、农田水土工程、市政工程方向，专业学位）、工程管理（专业学位）
2025,公务员,2025安徽公开遴选,省财政厅 省非税收入征收管理局,30092 省财政厅 省非税收入征收管理局 信息 系统 管理,本科及以上,本 科：人工智能专业、计算机科学与技术专业、软件工程专业、数据科学与大数据技术专业、网络工程专业、信息安全专业、智能科学与技术专业、电子与计算机工程专业、网络空间安全专业 研究生：计算机科学与技术（一级学科）、软件工程（一级学科）、电子信息（计算机技术、软件工程、人工智能、大数据技术与工程、网络与信息安全方向，专业学位）,,笔试+面试,,,招聘职位：信息 系统 管理；招聘人数：1；报名人数：21；分数线：66.0；最高分数：69.0,安徽 安徽省直,https://www.xduim.com/zw/gklx,,专业：本 科：人工智能专业、计算机科学与技术专业、软件工程专业、数据科学与大数据技术专业、网络工程专业、信息安全专业、智能科学与技术专业、电子与计算机工程专业、网络空间安全专业 研究生：计算机科学与技术（一级学科）、软件工程（一级学科）、电子信息（计算机技术、软件工程、人工智能、大数据技术与工程、网络与信息安全方向，专业学位）
2025,公务员,2025安徽公开遴选,省财政厅国库支付中心,30093 省财政厅国库支付中心 信息 系统 管理,本科及以上,本 科：人工智能专业、计算机科学与技术专业、软件工程专业、数据科学与大数据技术专业、网络工程专业、信息安全专业、智能科学与技术专业、电子与计算机工程专业、网络空间安全专业 研究生：计算机科学与技术（一级学科）、软件工程（一级学科）、电子信息（计算机技术、软件工程、人工智能、大数据技术与工程、网络与信息安全方向，专业学位）,,笔试+面试,,,招聘职位：信息 系统 管理；招聘人数：1；报名人数：26；分数线：64.5；最高分数：69.5,安徽 安徽省直,https://www.xduim.com/zw/gklx,,专业：本 科：人工智能专业、计算机科学与技术专业、软件工程专业、数据科学与大数据技术专业、网络工程专业、信息安全专业、智能科学与技术专业、电子与计算机工程专业、网络空间安全专业 研究生：计算机科学与技术（一级学科）、软件工程（一级学科）、电子信息（计算机技术、软件工程、人工智能、大数据技术与工程、网络与信息安全方向，专业学位）
2025,公务员,2025安徽公开遴选,省财政厅 省预算评审中心,30094 省财政厅 省预算评审中心 财政 评审,本科及以上,本 科：土木工程专业、工程管理专业、工程造价专业 研究生：土木工程（一级学科）、土木水利（土木工程、农田水土工程、市政工程方向，专业学位）、工程管理（专业学位）,,笔试+面试,,,招聘职位：财政 评审；招聘人数：1；报名人数：35；分数线：65.0；最高分数：68.5,安徽 安徽省直,https://www.xduim.com/zw/gklx,,专业：本 科：土木工程专业、工程管理专业、工程造价专业 研究生：土木工程（一级学科）、土木水利（土木工程、农田水土工程、市政工程方向，专业学位）、工程管理（专业学位）
2025,公务员,2025安徽公开遴选,省人力资源社会保障厅,30095 省人力资源社会保障厅 机关综合,本科及以上,不限,,笔试+面试,,,招聘职位：机关综合；招聘人数：1；报名人数：45；分数线：70.5；最高分数：72.5,安徽 安徽省直,https://www.xduim.com/zw/gklx,,专业：不限
2025,公务员,2025安徽公开遴选,省人力资源社会保障厅,30096 省人力资源社会保障厅 机关综合,本科及以上,不限,,笔试+面试,,,招聘职位：机关综合；招聘人数：1；报名人数：38；分数线：68.0；最高分数：72.0,安徽 安徽省直,https://www.xduim.com/zw/gklx,,专业：不限
2025,公务员,2025安徽公开遴选,省人力资源社会保障厅 省社会保险局,30097 省人力资源社会保障厅 省社会保险局 基金财务管理,本科及以上,本 科：会计学专业、财务管理专业、审计学专业 研究生：会计学（二级学科）、企业管理（财务管理方向，二级学科）、会计（专业学位）、审计（专业学位）,,笔试+面试,,,招聘职位：基金财务管理；招聘人数：1；报名人数：42；分数线：68.0；最高分数：70.0,安徽 安徽省直,https://www.xduim.com/zw/gklx,,专业：本 科：会计学专业、财务管理专业、审计学专业 研究生：会计学（二级学科）、企业管理（财务管理方向，二级学科）、会计（专业学位）、审计（专业学位）
2025,公务员,2025安徽公开遴选,省人力资源社会保障厅 省社会保险局,30098 省人力资源社会保障厅 省社会保险局 基金财务管理,本科及以上,本 科：会计学专业、财务管理专业、审计学专业 研究生：会计学（二级学科）、企业管理（财务管理方向，二级学科）、会计（专业学位）、审计（专业学位）,,笔试+面试,,,招聘职位：基金财务管理；招聘人数：1；报名人数：39；分数线：64.5；最高分数：65.0,安徽 安徽省直,https://www.xduim.com/zw/gklx,,专业：本 科：会计学专业、财务管理专业、审计学专业 研究生：会计学（二级学科）、企业管理（财务管理方向，二级学科）、会计（专业学位）、审计（专业学位）
2025,公务员,2025安徽公开遴选,省人力资源社会保障厅 省社会保险局,30099 省人力资源社会保障厅 省社会保险局 统计数据管理,本科及以上,本 科：统计学类、精算学专业 研究生：统计学（一级学科）,,笔试+面试,,,招聘职位：统计数据管理；招聘人数：1；报名人数：13；分数线：59.5；最高分数：69.5,安徽 安徽省直,https://www.xduim.com/zw/gklx,,专业：本 科：统计学类、精算学专业 研究生：统计学（一级学科）
2025,公务员,2025安徽公开遴选,省人力资源社会保障厅 省社会保险局,30100 省人力资源社会保障厅 省社会保险局 统计数据管理,本科及以上,本 科：统计学类、精算学专业 研究生：统计学（一级学科）,,笔试+面试,,,招聘职位：统计数据管理；招聘人数：1；报名人数：13；分数线：60.5；最高分数：65.5,安徽 安徽省直,https://www.xduim.com/zw/gklx,,专业：本 科：统计学类、精算学专业 研究生：统计学（一级学科）
2025,公务员,2025安徽公开遴选,省商务厅,30121 省商务厅 信息化建设,本科及以上,本 科：电子信息类、计算机类、金融学类 研究生：信息与通信工程（一级学科）、计算机科学与技术（一级学科）、软件工程（一级学科）、金融学（二级学科）、金融（专业学位）,,笔试+面试,,,招聘职位：信息化建设；招聘人数：1；报名人数：12；分数线：64.0；最高分数：67.5,安徽 安徽省直,https://www.xduim.com/zw/gklx,,专业：本 科：电子信息类、计算机类、金融学类 研究生：信息与通信工程（一级学科）、计算机科学与技术（一级学科）、软件工程（一级学科）、金融学（二级学科）、金融（专业学位）
2025,公务员,2025安徽公开遴选,省商务厅,30122 省商务厅 信息化建设,本科及以上,本 科：电子信息类、计算机类、金融学类 研究生：信息与通信工程（一级学科）、计算机科学与技术（一级学科）、软件工程（一级学科）、金融学（二级学科）、金融（专业学位）,,笔试+面试,,,招聘职位：信息化建设；招聘人数：1；报名人数：20；分数线：63.0；最高分数：70.0,安徽 安徽省直,https://www.xduim.com/zw/gklx,,专业：本 科：电子信息类、计算机类、金融学类 研究生：信息与通信工程（一级学科）、计算机科学与技术（一级学科）、软件工程（一级学科）、金融学（二级学科）、金融（专业学位）
2025,公务员,2025安徽公开遴选,省商务厅 省外商投资促进事务局,30123 省商务厅 省外商投资促进事务局 投资 促进,本科及以上,本 科：经济学门类、汉语言文学专业、汉语言专业、会展经济与管理专业 研究生：理论经济学（一级学科）、应用经济学（一级学科）、语言学及应用语言学（二级学科）、汉语言文字学（二级学科）、金融（专业学位）、国际商务（专业学位）,,笔试+面试,,,招聘职位：投资 促进；招聘人数：1；报名人数：38；分数线：64.0；最高分数：73.0,安徽 安徽省直,https://www.xduim.com/zw/gklx,,专业：本 科：经济学门类、汉语言文学专业、汉语言专业、会展经济与管理专业 研究生：理论经济学（一级学科）、应用经济学（一级学科）、语言学及应用语言学（二级学科）、汉语言文字学（二级学科）、金融（专业学位）、国际商务（专业学位）
2025,公务员,2025安徽公开遴选,省商务厅 省外商投资促进事务局,30124 省商务厅 省外商投资促进事务局 投资 促进,本科及以上,本 科：经济学门类、汉语言文学专业、汉语言专业、会展经济与管理专业 研究生：理论经济学（一级学科）、应用经济学（一级学科）、语言学及应用语言学（二级学科）、汉语言文字学（二级学科）、金融（专业学位）、国际商务（专业学位）,,笔试+面试,,,招聘职位：投资 促进；招聘人数：1；报名人数：30；分数线：64.0；最高分数：67.5,安徽 安徽省直,https://www.xduim.com/zw/gklx,,专业：本 科：经济学门类、汉语言文学专业、汉语言专业、会展经济与管理专业 研究生：理论经济学（一级学科）、应用经济学（一级学科）、语言学及应用语言学（二级学科）、汉语言文字学（二级学科）、金融（专业学位）、国际商务（专业学位）
2025,公务员,2025安徽公开遴选,省卫生健康委,30125 省卫生健康委 医疗管理,本科及以上,本 科：临床医学类 研究生：临床医学（一级学科）,,笔试+面试,,,招聘职位：医疗管理；招聘人数：1；报名人数：14；分数线：58.5；最高分数：67.5,安徽 安徽省直,https://www.xduim.com/zw/gklx,,专业：本 科：临床医学类 研究生：临床医学（一级学科）
2025,公务员,2025安徽公开遴选,省卫生健康委,30126 省卫生健康委 卫生健康管理,本科及以上,本 科：医学门类、 公共事业管理专业（医学类院校毕业） 研究生：医学门类、社会医学与卫生事业管理（二级学科）,,笔试+面试,,,招聘职位：卫生健康管理；招聘人数：1；报名人数：46；分数线：66.0；最高分数：72.5,安徽 安徽省直,https://www.xduim.com/zw/gklx,,专业：本 科：医学门类、 公共事业管理专业（医学类院校毕业） 研究生：医学门类、社会医学与卫生事业管理（二级学科）
2025,公务员,2025安徽公开遴选,省卫生健康委,30127 省卫生健康委 卫生健康管理,本科及以上,本 科：医学门类、 公共事业管理专业（医学类院校毕业） 研究生：医学门类、社会医学与卫生事业管理（二级学科）,,笔试+面试,,,招聘职位：卫生健康管理；招聘人数：1；报名人数：39；分数线：61.0；最高分数：68.5,安徽 安徽省直,https://www.xduim.com/zw/gklx,,专业：本 科：医学门类、 公共事业管理专业（医学类院校毕业） 研究生：医学门类、社会医学与卫生事业管理（二级学科）
2025,公务员,2025安徽公开遴选,省卫生健康委 省中医药管理局,30128 省卫生健康委 省中医药管理局 中医医疗,本科及以上,本 科：中医学类、中西医结合类 研究生：中医学（一级学科）、中西医结合（一级学科）,,笔试+面试,,,招聘职位：中医医疗；招聘人数：1；报名人数：8；分数线：56.5；最高分数：59.0,安徽 安徽省直,https://www.xduim.com/zw/gklx,,专业：本 科：中医学类、中西医结合类 研究生：中医学（一级学科）、中西医结合（一级学科）
2025,公务员,2025安徽公开遴选,省卫生健康委 省中医药管理局,30129 省卫生健康委 省中医药管理局 中医医疗,本科及以上,本 科：中医学类、中西医结合类 研究生：中医学（一级学科）、中西医结合（一级学科）,,笔试+面试,,,招聘职位：中医医疗；招聘人数：1；报名人数：5；分数线：55.0；最高分数：58.5,安徽 安徽省直,https://www.xduim.com/zw/gklx,,专业：本 科：中医学类、中西医结合类 研究生：中医学（一级学科）、中西医结合（一级学科）
2025,公务员,2025安徽公开遴选,省卫生健康委 省中医药管理局,30130 省卫生健康委 省中医药管理局 中西医结合管理,本科及以上,本 科：临床医学类 研究生：临床医学（一级学科）,,笔试+面试,,,招聘职位：中西医结合管理；招聘人数：1；报名人数：6；分数线：60.5；最高分数：67.0,安徽 安徽省直,https://www.xduim.com/zw/gklx,,专业：本 科：临床医学类 研究生：临床医学（一级学科）
2025,公务员,2025安徽公开遴选,省卫生健康委 省中医药管理局,30131 省卫生健康委 省中医药管理局 中西医结合管理,本科及以上,本 科：临床医学类 研究生：临床医学（一级学科）,,笔试+面试,,,招聘职位：中西医结合管理；招聘人数：1；报名人数：12；分数线：55.0；最高分数：62.0,安徽 安徽省直,https://www.xduim.com/zw/gklx,,专业：本 科：临床医学类 研究生：临床医学（一级学科）
2025,公务员,2025安徽公开遴选,省卫生健康委 省中医药管理局,30132 省卫生健康委 省中医药管理局 中医管理,本科及以上,本 科：公共管理类 研究生：公共管理学（一级学科）、公共管理（专业学位）,,笔试+面试,,,招聘职位：中医管理；招聘人数：1；报名人数：67；分数线：66.0；最高分数：67.5,安徽 安徽省直,https://www.xduim.com/zw/gklx,,专业：本 科：公共管理类 研究生：公共管理学（一级学科）、公共管理（专业学位）
2025,公务员,2025安徽公开遴选,省卫生健康委 省中医药管理局,30133 省卫生健康委 省中医药管理局 中医管理,本科及以上,本 科：公共管理类 研究生：公共管理学（一级学科）、公共管理（专业学位）,,笔试+面试,,,招聘职位：中医管理；招聘人数：1；报名人数：55；分数线：63.0；最高分数：70.0,安徽 安徽省直,https://www.xduim.com/zw/gklx,,专业：本 科：公共管理类 研究生：公共管理学（一级学科）、公共管理（专业学位）
2025,公务员,2025安徽公开遴选,省卫生健康委 省疾病预防控制局,30134 省卫生健康委 省疾病预防控制局 综合文字,本科及以上,本 科：哲学门类、中国语言文学类 研究生：哲学门类、中国语言文学（一级学科）,,笔试+面试,,,招聘职位：综合文字；招聘人数：2；报名人数：105；分数线：68.0；最高分数：71.5,安徽 安徽省直,https://www.xduim.com/zw/gklx,,专业：本 科：哲学门类、中国语言文学类 研究生：哲学门类、中国语言文学（一级学科）
2025,公务员,2025安徽公开遴选,省卫生健康委 省疾病预防控制局,30135 省卫生健康委 省疾病预防控制局 财务管理,本科及以上,本 科：会计学专业、财务管理专业、审计学专业 研究生：会计学（二级学科）、企业管理（财务管理方向，二级学科）、会计（专业学位）、审计（专业学位）,,笔试+面试,,,招聘职位：财务管理；招聘人数：1；报名人数：69；分数线：66.5；最高分数：68.5,安徽 安徽省直,https://www.xduim.com/zw/gklx,,专业：本 科：会计学专业、财务管理专业、审计学专业 研究生：会计学（二级学科）、企业管理（财务管理方向，二级学科）、会计（专业学位）、审计（专业学位）
2025,公务员,2025安徽公开遴选,省卫生健康委 省疾病预防控制局,30136 省卫生健康委 省疾病预防控制局 医疗机构管理,本科及以上,本 科：临床医学类、公共事业管理专业（医学类院校毕业） 研究生：临床医学（一级学科）、社会医学与卫生事业管理（二级学科）,,笔试+面试,,,招聘职位：医疗机构管理；招聘人数：1；报名人数：19；分数线：63.5；最高分数：64.0,安徽 安徽省直,https://www.xduim.com/zw/gklx,,专业：本 科：临床医学类、公共事业管理专业（医学类院校毕业） 研究生：临床医学（一级学科）、社会医学与卫生事业管理（二级学科）
2025,公务员,2025安徽公开遴选,省卫生健康委 省疾病预防控制局,30137 省卫生健康委 省疾病预防控制局 综合管理,本科及以上,本 科：中国语言文学类、公共事业管理专业（医学类院校毕业） 研究生：中国语言文学（一级学科）、社会医学与卫生事业管理（二级学科）,,笔试+面试,,,招聘职位：综合管理；招聘人数：1；报名人数：49；分数线：68.0；最高分数：69.0,安徽 安徽省直,https://www.xduim.com/zw/gklx,,专业：本 科：中国语言文学类、公共事业管理专业（医学类院校毕业） 研究生：中国语言文学（一级学科）、社会医学与卫生事业管理（二级学科）
2025,公务员,2025安徽公开遴选,省卫生健康委 省疾病预防控制局,30138 省卫生健康委 省疾病预防控制局 信息监测,本科及以上,本 科：计算机类、电子信息类 研究生：信息与通信工程（一级学科）、计算机科学与技术（一级学科）、软件工程（一级学科）、电子信息（专业学位）,,笔试+面试,,,招聘职位：信息监测；招聘人数：1；报名人数：24；分数线：66.0；最高分数：70.0,安徽 安徽省直,https://www.xduim.com/zw/gklx,,专业：本 科：计算机类、电子信息类 研究生：信息与通信工程（一级学科）、计算机科学与技术（一级学科）、软件工程（一级学科）、电子信息（专业学位）
2025,公务员,2025安徽公开遴选,省退役军人事务厅,30139 省退役军人事务厅 综合文字,本科及以上,不限,,笔试+面试,,,招聘职位：综合文字；招聘人数：1；报名人数：119；分数线：68.5；最高分数：71.0,安徽 安徽省直,https://www.xduim.com/zw/gklx,,专业：不限
2025,公务员,2025安徽公开遴选,省应急管理厅,30140 省应急管理厅 综合文字,本科及以上,不限,,笔试+面试,,,招聘职位：综合文字；招聘人数：1；报名人数：60；分数线：65.0；最高分数：71.0,安徽 安徽省直,https://www.xduim.com/zw/gklx,,专业：不限
2025,公务员,2025安徽公开遴选,省人力资源社会保障厅 省社会保险局,30101 省人力资源社会保障厅 省社会保险局 行政复议,本科及以上,本 科：法学类（不含特设专业） 研究生：法学（一级学科）、法律（专业学位）,,笔试+面试,,,招聘职位：行政复议；招聘人数：1；报名人数：33；分数线：68.5；最高分数：71.5,安徽 安徽省直,https://www.xduim.com/zw/gklx,,专业：本 科：法学类（不含特设专业） 研究生：法学（一级学科）、法律（专业学位）
2025,公务员,2025安徽公开遴选,省人力资源社会保障厅 省社会保险局,30102 省人力资源社会保障厅 省社会保险局 行政复议,本科及以上,本 科：法学类（不含特设专业） 研究生：法学（一级学科）、法律（专业学位）,,笔试+面试,,,招聘职位：行政复议；招聘人数：1；报名人数：28；分数线：64.5；最高分数：69.5,安徽 安徽省直,https://www.xduim.com/zw/gklx,,专业：本 科：法学类（不含特设专业） 研究生：法学（一级学科）、法律（专业学位）
2025,公务员,2025安徽公开遴选,省自然资源厅,30103 省自然资源厅 国土 空间 规划 管理,本科及以上,本 科：城乡规划专业、城市设计专业、风景园林专业、人文地理与城乡规划专业、智慧城市与空间规划专业 研究生：城乡规划学（一级学科）、城市规划与设计（二级学科）、城乡规划（专业学位）、城市规划（专业学位）、风景园林（专业学位）,,笔试+面试,,,招聘职位：国土 空间 规划 管理；招聘人数：1；报名人数：51；分数线：68.0；最高分数：70.5,安徽 安徽省直,https://www.xduim.com/zw/gklx,,专业：本 科：城乡规划专业、城市设计专业、风景园林专业、人文地理与城乡规划专业、智慧城市与空间规划专业 研究生：城乡规划学（一级学科）、城市规划与设计（二级学科）、城乡规划（专业学位）、城市规划（专业学位）、风景园林（专业学位）
2025,公务员,2025安徽公开遴选,省自然资源厅,30104 省自然资源厅 国土 空间 生态 修复,本科及以上,本 科：地理科学类、生态学专业、生态修复学专业 研究生：地理学（一级学科）、生态学（一级学科）,,笔试+面试,,,招聘职位：国土 空间 生态 修复；招聘人数：1；报名人数：47；分数线：69.5；最高分数：72.0,安徽 安徽省直,https://www.xduim.com/zw/gklx,,专业：本 科：地理科学类、生态学专业、生态修复学专业 研究生：地理学（一级学科）、生态学（一级学科）
2025,公务员,2025安徽公开遴选,省自然资源厅 省测绘总院（省测绘局）,30105 省自然资源厅 省测绘总院（省测绘局） 测绘 地理 信息 技术,本科及以上,本 科：测绘工程专业、遥感科学与技术专业、地理国情监测专业、地理空间信息工程专业、地理信息科学专业 研究生：测绘科学与技术（一级学科）、遥感科学与技术（一级学科）、地图学与地理信息系统（二级学科）、测绘工程（专业学位）,,笔试+面试,,,招聘职位：测绘 地理 信息 技术；招聘人数：1；报名人数：26；分数线：65.0；最高分数：69.5,安徽 安徽省直,https://www.xduim.com/zw/gklx,,专业：本 科：测绘工程专业、遥感科学与技术专业、地理国情监测专业、地理空间信息工程专业、地理信息科学专业 研究生：测绘科学与技术（一级学科）、遥感科学与技术（一级学科）、地图学与地理信息系统（二级学科）、测绘工程（专业学位）
2025,公务员,2025安徽公开遴选,省生态环境厅,30106 省生态环境厅 生态环境管理,本科及以上,本 科：化学类、大气科学类、化工与制药类、环境科学与工程类、自然保护与环境生态类、生态学专业、给排水科学与工程专业 研究生：化学（一级学科）、大气科学（一级学科）、化学工程与技术（一级学科）、环境科学与工程（一级学科）、生态学（二级学科）、市政工程（二级学科）,,笔试+面试,,,招聘职位：生态环境管理；招聘人数：3；报名人数：150；分数线：66.0；最高分数：70.5,安徽 安徽省直,https://www.xduim.com/zw/gklx,,专业：本 科：化学类、大气科学类、化工与制药类、环境科学与工程类、自然保护与环境生态类、生态学专业、给排水科学与工程专业 研究生：化学（一级学科）、大气科学（一级学科）、化学工程与技术（一级学科）、环境科学与工程（一级学科）、生态学（二级学科）、市政工程（二级学科）
2025,公务员,2025安徽公开遴选,省生态环境厅,30107 省生态环境厅 财会管理,本科及以上,本 科：金融学类、会计学专业、财务管理专业 研究生：金融学（二级学科）、会计学（二级学科）、企业管理（财务管理方向，二级学科）、金融（专业学位）、会计（专业学位）,,笔试+面试,,,招聘职位：财会管理；招聘人数：1；报名人数：33；分数线：69.0；最高分数：72.0,安徽 安徽省直,https://www.xduim.com/zw/gklx,,专业：本 科：金融学类、会计学专业、财务管理专业 研究生：金融学（二级学科）、会计学（二级学科）、企业管理（财务管理方向，二级学科）、金融（专业学位）、会计（专业学位）
2025,公务员,2025安徽公开遴选,省生态环境厅 省生态环境保护综合行政执法局,30108 省生态环境厅 省生态环境保护综合行政执法局 财会管理,本科及以上,本 科：金融学类、会计学专业、财务管理专业 研究生：金融学（二级学科）、会计学（二级学科）、企业管理（财务管理方向，二级学科）、金融（专业学位）、会计（专业学位）,,笔试+面试,,,招聘职位：财会管理；招聘人数：1；报名人数：23；分数线：66.5；最高分数：69.0,安徽 安徽省直,https://www.xduim.com/zw/gklx,,专业：本 科：金融学类、会计学专业、财务管理专业 研究生：金融学（二级学科）、会计学（二级学科）、企业管理（财务管理方向，二级学科）、金融（专业学位）、会计（专业学位）
2025,公务员,2025安徽公开遴选,省住房城乡建设厅 省建设稽查局,30109 省住房城乡建设厅 省建设稽查局 工程建设管理,本科及以上,本 科：计算机科学与技术专业、电子与计算机工程专业、信息管理与信息系统专业、建筑电气与智能化专业、智能建造专业 研究生：计算机科学与技术（一级学科）、建筑电气与智能化（二级学科）、建筑智能化技术（二级学科）、智能建造（二级学科）,,笔试+面试,,,招聘职位：工程建设管理；招聘人数：1；报名人数：53；分数线：67.0；最高分数：69.5,安徽 安徽省直,https://www.xduim.com/zw/gklx,,专业：本 科：计算机科学与技术专业、电子与计算机工程专业、信息管理与信息系统专业、建筑电气与智能化专业、智能建造专业 研究生：计算机科学与技术（一级学科）、建筑电气与智能化（二级学科）、建筑智能化技术（二级学科）、智能建造（二级学科）
2025,公务员,2025安徽公开遴选,省住房城乡建设厅 省建设稽查局,30110 省住房城乡建设厅 省建设稽查局 消防审验管理,本科及以上,本 科：消防工程专业、建筑学专业、土木工程专业 研究生：土木工程（一级学科）、建筑学（一级学科）、消防工程（二级学科）、建筑学（专业学位）,,笔试+面试,,,招聘职位：消防审验管理；招聘人数：1；报名人数：45；分数线：64.5；最高分数：68.0,安徽 安徽省直,https://www.xduim.com/zw/gklx,,专业：本 科：消防工程专业、建筑学专业、土木工程专业 研究生：土木工程（一级学科）、建筑学（一级学科）、消防工程（二级学科）、建筑学（专业学位）
2025,公务员,2025安徽公开遴选,省交通运输厅,30111 省交通运输厅 综合 文字,研究生,经济学门类、法学门类、中国语言文学（一级学科）、工商管理学（一级学科）、公共管理学（一级学科）、工商管理（专业学位）、公共管理（专业学位）,,笔试+面试,,,招聘职位：综合 文字；招聘人数：1；报名人数：39；分数线：64.0；最高分数：75.5,安徽 安徽省直,https://www.xduim.com/zw/gklx,,专业：经济学门类、法学门类、中国语言文学（一级学科）、工商管理学（一级学科）、公共管理学（一级学科）、工商管理（专业学位）、公共管理（专业学位）
2025,公务员,2025安徽公开遴选,省交通运输厅,30112 省交通运输厅 组织 人事,研究生,经济学门类、法学门类、工商管理学（一级学科）、公共管理学（一级学科）、新闻传播学（一级学科）、工商管理（专业学位）、公共管理（专业学位）、新闻与传播（专业学位）,,笔试+面试,,,招聘职位：组织 人事；招聘人数：1；报名人数：35；分数线：65.0；最高分数：72.0,安徽 安徽省直,https://www.xduim.com/zw/gklx,,专业：经济学门类、法学门类、工商管理学（一级学科）、公共管理学（一级学科）、新闻传播学（一级学科）、工商管理（专业学位）、公共管理（专业学位）、新闻与传播（专业学位）
2025,公务员,2025安徽公开遴选,省农业农村厅,30113 省农业农村厅 综合文字,研究生,应用经济学（一级学科）、农林经济管理（一级学科）、新闻传播学（一级学科）、汉语言文字学（二级学科）,,笔试+面试,,,招聘职位：综合文字；招聘人数：2；报名人数：20；分数线：66.5；最高分数：75.0,安徽 安徽省直,https://www.xduim.com/zw/gklx,,专业：应用经济学（一级学科）、农林经济管理（一级学科）、新闻传播学（一级学科）、汉语言文字学（二级学科）
2025,公务员,2025安徽公开遴选,省农业农村厅,30114 省农业农村厅 种业管理,研究生,作物学（一级学科）、畜牧学（一级学科）,,笔试+面试,,,招聘职位：种业管理；招聘人数：1；报名人数：15；分数线：65.0；最高分数：66.0,安徽 安徽省直,https://www.xduim.com/zw/gklx,,专业：作物学（一级学科）、畜牧学（一级学科）
2025,公务员,2025安徽公开遴选,省农业农村厅,30115 省农业农村厅 农产品安全质量监管,研究生,食品科学与工程（一级学科）、计算机科学与技术（一级学科）,,笔试+面试,,,招聘职位：农产品安全质量监管；招聘人数：1；报名人数：10；分数线：67.5；最高分数：68.0,安徽 安徽省直,https://www.xduim.com/zw/gklx,,专业：食品科学与工程（一级学科）、计算机科学与技术（一级学科）
2025,公务员,2025安徽公开遴选,省水利厅,30116 省水利厅 水利管理,本科及以上,本 科：水利类 研究生：水利工程（一级学科）、土木水利（水利工程方向，专业学位）,,笔试+面试,,,招聘职位：水利管理；招聘人数：2；报名人数：52；分数线：63.5；最高分数：66.0,安徽 安徽省直,https://www.xduim.com/zw/gklx,,专业：本 科：水利类 研究生：水利工程（一级学科）、土木水利（水利工程方向，专业学位）
2025,公务员,2025安徽公开遴选,省商务厅,30117 省商务厅 财务 管理,研究生,会计学（二级学科）、金融学（二级学科）、会计（专业学位）、审计（专业学位）、金融（专业学位）,,笔试+面试,,,招聘职位：财务 管理；招聘人数：1；报名人数：17；分数线：61.5；最高分数：68.5,安徽 安徽省直,https://www.xduim.com/zw/gklx,,专业：会计学（二级学科）、金融学（二级学科）、会计（专业学位）、审计（专业学位）、金融（专业学位）
2025,公务员,2025安徽公开遴选,省商务厅,30118 省商务厅 财务 管理,研究生,会计学（二级学科）、金融学（二级学科）、会计（专业学位）、审计（专业学位）、金融（专业学位）,,笔试+面试,,,招聘职位：财务 管理；招聘人数：1；报名人数：8；分数线：57.5；最高分数：66.5,安徽 安徽省直,https://www.xduim.com/zw/gklx,,专业：会计学（二级学科）、金融学（二级学科）、会计（专业学位）、审计（专业学位）、金融（专业学位）
2025,公务员,2025安徽公开遴选,省商务厅,30119 省商务厅 商务综合,本科及以上,本 科：经济学门类、汉语言文学专业、汉语言专业 研究生：理论经济学（一级学科）、应用经济学（一级学科）、语言学及应用语言学（二级学科）、汉语言文字学（二级学科）、金融（专业学位）、国际商务（专业学位）,,笔试+面试,,,招聘职位：商务综合；招聘人数：1；报名人数：20；分数线：64.5；最高分数：71.0,安徽 安徽省直,https://www.xduim.com/zw/gklx,,专业：本 科：经济学门类、汉语言文学专业、汉语言专业 研究生：理论经济学（一级学科）、应用经济学（一级学科）、语言学及应用语言学（二级学科）、汉语言文字学（二级学科）、金融（专业学位）、国际商务（专业学位）
2025,公务员,2025安徽公开遴选,省商务厅,30120 省商务厅 商务综合,本科及以上,本 科：经济学门类、汉语言文学专业、汉语言专业 研究生：理论经济学（一级学科）、应用经济学（一级学科）、语言学及应用语言学（二级学科）、汉语言文字学（二级学科）、金融（专业学位）、国际商务（专业学位）,,笔试+面试,,,招聘职位：商务综合；招聘人数：1；报名人数：22；分数线：63.5；最高分数：74.5,安徽 安徽省直,https://www.xduim.com/zw/gklx,,专业：本 科：经济学门类、汉语言文学专业、汉语言专业 研究生：理论经济学（一级学科）、应用经济学（一级学科）、语言学及应用语言学（二级学科）、汉语言文字学（二级学科）、金融（专业学位）、国际商务（专业学位）
2025,公务员,2025安徽公开遴选,省应急管理厅,30141 省应急管理厅 综合管理,本科及以上,本 科：矿业类、地质类、安全科学与工程类、水利类、化学工程与工艺专业、化工安全工程专业、电子信息工程专业、通信工程专业、信息工程专业、法学专业 研究生：冶金工程（一级学科）、矿业工程（一级学科）、地质资源与地质工程（一级学科）、安全科学与工程（一级学科）、水利工程（一级学科）、化学工程与技术（一级学科）、信息与通信工程（一级学科）、法学（一级学科）、法律（专业学位）,,笔试+面试,,,招聘职位：综合管理；招聘人数：1；报名人数：67；分数线：66.5；最高分数：68.0,安徽 安徽省直,https://www.xduim.com/zw/gklx,,专业：本 科：矿业类、地质类、安全科学与工程类、水利类、化学工程与工艺专业、化工安全工程专业、电子信息工程专业、通信工程专业、信息工程专业、法学专业 研究生：冶金工程（一级学科）、矿业工程（一级学科）、地质资源与地质工程（一级学科）、安全科学与工程（一级学科）、水利工程（一级学科）、化学工程与技术（一级学科）、信息与通信工程（一级学科）、法学（一级学科）、法律（专业学位）
2025,公务员,2025安徽公开遴选,省审计厅,30142 省审计厅 审计,本科及以上,本 科：会计学专业、财务管理专业、审计学专业、财政学专业、金融学专业 研究生：会计学（二级学科）、财政学（二级学科）、金融学（二级学科）、企业管理（财务管理方向，二级学科）、会计（专业学位）、审计（专业学位）、金融（专业学位）,,笔试+面试,,,招聘职位：审计；招聘人数：1；报名人数：7；分数线：57.5；最高分数：71.5,安徽 安徽省直,https://www.xduim.com/zw/gklx,,专业：本 科：会计学专业、财务管理专业、审计学专业、财政学专业、金融学专业 研究生：会计学（二级学科）、财政学（二级学科）、金融学（二级学科）、企业管理（财务管理方向，二级学科）、会计（专业学位）、审计（专业学位）、金融（专业学位）
2025,公务员,2025安徽公开遴选,省审计厅,30143 省审计厅 审计,本科及以上,本 科：会计学专业、财务管理专业、审计学专业、财政学专业、金融学专业 研究生：会计学（二级学科）、财政学（二级学科）、金融学（二级学科）、企业管理（财务管理方向，二级学科）、会计（专业学位）、审计（专业学位）、金融（专业学位）,,笔试+面试,,,招聘职位：审计；招聘人数：1；报名人数：7；分数线：59.5；最高分数：62.0,安徽 安徽省直,https://www.xduim.com/zw/gklx,,专业：本 科：会计学专业、财务管理专业、审计学专业、财政学专业、金融学专业 研究生：会计学（二级学科）、财政学（二级学科）、金融学（二级学科）、企业管理（财务管理方向，二级学科）、会计（专业学位）、审计（专业学位）、金融（专业学位）
2025,公务员,2025安徽公开遴选,省审计厅,30144 省审计厅 审计,本科及以上,本 科：经济学门类 研究生：经济学门类,,笔试+面试,,,招聘职位：审计；招聘人数：1；报名人数：18；分数线：61.5；最高分数：65.5,安徽 安徽省直,https://www.xduim.com/zw/gklx,,专业：本 科：经济学门类 研究生：经济学门类
2025,公务员,2025安徽公开遴选,省审计厅 省经济责任审计局,30145 省审计厅 省经济责任审计局 审计,本科及以上,本 科：会计学专业、财务管理专业、审计学专业、财政学专业、金融学专业 研究生：会计学（二级学科）、财政学（二级学科）、金融学（二级学科）、企业管理（财务管理方向，二级学科）、会计（专业学位）、审计（专业学位）、金融（专业学位）,,笔试+面试,,,招聘职位：审计；招聘人数：1；报名人数：7；分数线：56.5；最高分数：67.5,安徽 安徽省直,https://www.xduim.com/zw/gklx,,专业：本 科：会计学专业、财务管理专业、审计学专业、财政学专业、金融学专业 研究生：会计学（二级学科）、财政学（二级学科）、金融学（二级学科）、企业管理（财务管理方向，二级学科）、会计（专业学位）、审计（专业学位）、金融（专业学位）
2025,公务员,2025安徽公开遴选,省审计厅 省经济责任审计局,30146 省审计厅 省经济责任审计局 审计,本科及以上,本 科：会计学专业、财务管理专业、审计学专业、财政学专业、金融学专业 研究生：会计学（二级学科）、财政学（二级学科）、金融学（二级学科）、企业管理（财务管理方向，二级学科）、会计（专业学位）、审计（专业学位）、金融（专业学位）,,笔试+面试,,,招聘职位：审计；招聘人数：1；报名人数：5；分数线：55.0；最高分数：61.5,安徽 安徽省直,https://www.xduim.com/zw/gklx,,专业：本 科：会计学专业、财务管理专业、审计学专业、财政学专业、金融学专业 研究生：会计学（二级学科）、财政学（二级学科）、金融学（二级学科）、企业管理（财务管理方向，二级学科）、会计（专业学位）、审计（专业学位）、金融（专业学位）
2025,公务员,2025安徽公开遴选,省药品监督管理局第九分局,30147 省药品监督管理局第九分局 药品监管,本科及以上,本 科：药学类、中药学类、化工与制药类、法学类 研究生：药学（一级学科）、中药学（一级学科）、法学（一级学科）、化学工程（二级学科）、法律（专业学位）,,笔试+面试,,,招聘职位：药品监管；招聘人数：1；报名人数：26；分数线：63.0；最高分数：64.5,安徽 安徽省直,https://www.xduim.com/zw/gklx,,专业：本 科：药学类、中药学类、化工与制药类、法学类 研究生：药学（一级学科）、中药学（一级学科）、法学（一级学科）、化学工程（二级学科）、法律（专业学位）
2025,公务员,2025安徽公开遴选,省统计局,30148 省统计局 综合 统计,研究生,理论经济学（一级学科） 、应用经济学（一级学科）、统计学（一级学科）、应用统计（专业学位）、数字经济（专业学位）、金融（专业学位）,,笔试+面试,,,招聘职位：综合 统计；招聘人数：1；报名人数：10；分数线：65.5；最高分数：71.0,安徽 安徽省直,https://www.xduim.com/zw/gklx,,专业：理论经济学（一级学科） 、应用经济学（一级学科）、统计学（一级学科）、应用统计（专业学位）、数字经济（专业学位）、金融（专业学位）
2025,公务员,2025安徽公开遴选,省统计局,30149 省统计局 综合 统计,研究生,理论经济学（一级学科） 、应用经济学（一级学科）、统计学（一级学科）、应用统计（专业学位）、数字经济（专业学位）、金融（专业学位）,,笔试+面试,,,招聘职位：综合 统计；招聘人数：1；报名人数：7；分数线：61.5；最高分数：66.5,安徽 安徽省直,https://www.xduim.com/zw/gklx,,专业：理论经济学（一级学科） 、应用经济学（一级学科）、统计学（一级学科）、应用统计（专业学位）、数字经济（专业学位）、金融（专业学位）
2025,公务员,2025安徽公开遴选,省统计局,30150 省统计局 财务管理,本科及以上,本 科：会计学专业、财务管理专业、审计学专业 研究生：会计学（二级学科）、企业管理（财务管理方向，二级学科）、会计（专业学位）、审计（专业学位）,,笔试+面试,,,招聘职位：财务管理；招聘人数：1；报名人数：21；分数线：66.0；最高分数：67.0,安徽 安徽省直,https://www.xduim.com/zw/gklx,,专业：本 科：会计学专业、财务管理专业、审计学专业 研究生：会计学（二级学科）、企业管理（财务管理方向，二级学科）、会计（专业学位）、审计（专业学位）
2025,公务员,2025安徽公开遴选,省统计局,30151 省统计局 财务管理,本科及以上,本 科：会计学专业、财务管理专业、审计学专业 研究生：会计学（二级学科）、企业管理（财务管理方向，二级学科）、会计（专业学位）、审计（专业学位）,,笔试+面试,,,招聘职位：财务管理；招聘人数：1；报名人数：23；分数线：64.0；最高分数：67.5,安徽 安徽省直,https://www.xduim.com/zw/gklx,,专业：本 科：会计学专业、财务管理专业、审计学专业 研究生：会计学（二级学科）、企业管理（财务管理方向，二级学科）、会计（专业学位）、审计（专业学位）
2025,公务员,2025安徽公开遴选,省统计局 普查中心,30152 省统计局 普查中心 综合 统计,研究生,理论经济学（一级学科） 、应用经济学（一级学科）、统计学（一级学科）、 计算机科学与技术（一级学科）、应用统计（专业学位）、数字经济（专业学位）、金融（专业学位）,,笔试+面试,,,招聘职位：综合 统计；招聘人数：1；报名人数：5；分数线：65.0；最高分数：70.5,安徽 安徽省直,https://www.xduim.com/zw/gklx,,专业：理论经济学（一级学科） 、应用经济学（一级学科）、统计学（一级学科）、 计算机科学与技术（一级学科）、应用统计（专业学位）、数字经济（专业学位）、金融（专业学位）
2025,公务员,2025安徽公开遴选,省统计局 普查中心,30153 省统计局 普查中心 综合 统计,研究生,理论经济学（一级学科） 、应用经济学（一级学科）、统计学（一级学科）、 计算机科学与技术（一级学科）、应用统计（专业学位）、数字经济（专业学位）、金融（专业学位）,,笔试+面试,,,招聘职位：综合 统计；招聘人数：1；报名人数：3；分数线：56.5；最高分数：60.5,安徽 安徽省直,https://www.xduim.com/zw/gklx,,专业：理论经济学（一级学科） 、应用经济学（一级学科）、统计学（一级学科）、 计算机科学与技术（一级学科）、应用统计（专业学位）、数字经济（专业学位）、金融（专业学位）
2025,公务员,2025安徽公开遴选,省林业局 扬子鳄管理局,30154 省林业局 扬子鳄管理局 扬子鳄保护管理,本科及以上,本 科：动物医学类、生物科学类、动物科学专业、野生动物与自然保护区管理专业 研究生：兽医学（一级学科）、生物学（一级学科）、动物遗传育种与繁殖（二级学科）,,笔试+面试,,,招聘职位：扬子鳄保护管理；招聘人数：1；报名人数：15；分数线：63.0；最高分数：68.0,安徽 安徽省直,https://www.xduim.com/zw/gklx,,专业：本 科：动物医学类、生物科学类、动物科学专业、野生动物与自然保护区管理专业 研究生：兽医学（一级学科）、生物学（一级学科）、动物遗传育种与繁殖（二级学科）
2025,公务员,2025安徽公开遴选,省林业局 扬子鳄管理局,30155 省林业局 扬子鳄管理局 扬子鳄保护管理,本科及以上,本 科：动物医学类、生物科学类、动物科学专业、野生动物与自然保护区管理专业 研究生：兽医学（一级学科）、生物学（一级学科）、动物遗传育种与繁殖（二级学科）,,笔试+面试,,,招聘职位：扬子鳄保护管理；招聘人数：1；报名人数：13；分数线：59.0；最高分数：63.0,安徽 安徽省直,https://www.xduim.com/zw/gklx,,专业：本 科：动物医学类、生物科学类、动物科学专业、野生动物与自然保护区管理专业 研究生：兽医学（一级学科）、生物学（一级学科）、动物遗传育种与繁殖（二级学科）
2025,公务员,2025安徽公开遴选,省机关事务管理局,30156 省机关事务管理局 财务管理,本科及以上,本 科：会计学专业、财务管理专业、审计学专业 研究生：会计学（二级学科）、企业管理（财务管理方向、二级学科）、会计（专业学位）、审计（专业学位）,,笔试+面试,,,招聘职位：财务管理；招聘人数：1；报名人数：22；分数线：63.0；最高分数：64.5,安徽 安徽省直,https://www.xduim.com/zw/gklx,,专业：本 科：会计学专业、财务管理专业、审计学专业 研究生：会计学（二级学科）、企业管理（财务管理方向、二级学科）、会计（专业学位）、审计（专业学位）
2025,公务员,2025安徽公开遴选,省机关事务管理局,30157 省机关事务管理局 综合文字,本科及以上,不限,,笔试+面试,,,招聘职位：综合文字；招聘人数：1；报名人数：78；分数线：69.0；最高分数：73.0,安徽 安徽省直,https://www.xduim.com/zw/gklx,,专业：不限
2025,公务员,2025安徽公开遴选,省数据资源局 （省政务服务局）,30158 省数据资源局 （省政务服务局） 数字经济管理,本科及以上,本 科：经济学类、统计学类 研究生：理论经济学（一级学科）、应用经济学（一级学科）、统计学（一级学科）、应用统计（专业学位）、数字经济（专业学位）、金融（专业学位）,,笔试+面试,,,招聘职位：数字经济管理；招聘人数：2；报名人数：67；分数线：65.5；最高分数：70.5,安徽 安徽省直,https://www.xduim.com/zw/gklx,,专业：本 科：经济学类、统计学类 研究生：理论经济学（一级学科）、应用经济学（一级学科）、统计学（一级学科）、应用统计（专业学位）、数字经济（专业学位）、金融（专业学位）
2025,公务员,2025安徽公开遴选,省工商联,30159 省工商联 机关综合,本科及以上,本 科：经济学门类、法学类、中国语言文学类 研究生：经济学门类、法学（一级学科）、中国语言文学（一级学科）,,笔试+面试,,,招聘职位：机关综合；招聘人数：2；报名人数：82；分数线：65.0；最高分数：71.0,安徽 安徽省直,https://www.xduim.com/zw/gklx,,专业：本 科：经济学门类、法学类、中国语言文学类 研究生：经济学门类、法学（一级学科）、中国语言文学（一级学科）
2025,公务员,2025安徽公开遴选,省总工会,30160 省总工会 综合文字,研究生,不限,,笔试+面试,,,招聘职位：综合文字；招聘人数：1；报名人数：69；分数线：71.5；最高分数：73.0,安徽 安徽省直,https://www.xduim.com/zw/gklx,,专业：不限
2025,公务员,2025安徽公开遴选,省总工会,30161 省总工会 综合文字,研究生,不限,,笔试+面试,,,招聘职位：综合文字；招聘人数：1；报名人数：51；分数线：69.0；最高分数：69.5,安徽 安徽省直,https://www.xduim.com/zw/gklx,,专业：不限
2025,公务员,2025安徽公开遴选,省总工会 省教科文卫体工会,30162 省总工会 省教科文卫体工会 产业行业工会管理,本科及以上,不限,,笔试+面试,,,招聘职位：产业行业工会管理；招聘人数：1；报名人数：133；分数线：69.5；最高分数：78.0,安徽 安徽省直,https://www.xduim.com/zw/gklx,,专业：不限
2025,公务员,2025安徽公开遴选,省总工会 省国防邮电工会,30163 省总工会 省国防邮电工会 产业行业工会管理,本科及以上,不限,,笔试+面试,,,招聘职位：产业行业工会管理；招聘人数：1；报名人数：119；分数线：70.0；最高分数：79.0,安徽 安徽省直,https://www.xduim.com/zw/gklx,,专业：不限
2025,公务员,2025安徽公开遴选,团省委,30164 团省委 共青团综合管理,本科及以上,不限,,笔试+面试,,,招聘职位：共青团综合管理；招聘人数：1；报名人数：64；分数线：69.0；最高分数：75.0,安徽 安徽省直,https://www.xduim.com/zw/gklx,,专业：不限
2025,公务员,2025安徽公开遴选,团省委,30165 团省委 共青团综合管理,本科及以上,不限,,笔试+面试,,,招聘职位：共青团综合管理；招聘人数：1；报名人数：53；分数线：66.0；最高分数：72.0,安徽 安徽省直,https://www.xduim.com/zw/gklx,,专业：不限
2025,公务员,2025安徽公开遴选,省妇联,30166 省妇联 综合管理,本科及以上,不限,,笔试+面试,,,招聘职位：综合管理；招聘人数：1；报名人数：119；分数线：70.0；最高分数：72.0,安徽 安徽省直,https://www.xduim.com/zw/gklx,,专业：不限
2025,公务员,2025安徽公开遴选,省妇联 法律顾问处,30167 省妇联 法律顾问处 法律服务,本科及以上,本 科：法学类 研究生：法学（一级学科）、法律（专业学位）,,笔试+面试,,,招聘职位：法律服务；招聘人数：1；报名人数：57；分数线：65.0；最高分数：67.5,安徽 安徽省直,https://www.xduim.com/zw/gklx,,专业：本 科：法学类 研究生：法学（一级学科）、法律（专业学位）
2025,公务员,2025安徽公开遴选,省科协,30168 省科协 财务管理,本科及以上,本 科：会计学专业、财务管理专业、审计学专业、财政学专业 研究生：会计学（二级学科）、企业管理（财务管理方向，二级学科）、财政学（二级学科）、会计（专业学位）、审计（专业学位）,,笔试+面试,,,招聘职位：财务管理；招聘人数：1；报名人数：29；分数线：62.5；最高分数：66.0,安徽 安徽省直,https://www.xduim.com/zw/gklx,,专业：本 科：会计学专业、财务管理专业、审计学专业、财政学专业 研究生：会计学（二级学科）、企业管理（财务管理方向，二级学科）、财政学（二级学科）、会计（专业学位）、审计（专业学位）
2025,公务员,2025安徽公开遴选,省科协,30169 省科协 机关综合,研究生,理学门类、工学门类,,笔试+面试,,,招聘职位：机关综合；招聘人数：1；报名人数：52；分数线：67.0；最高分数：68.0,安徽 安徽省直,https://www.xduim.com/zw/gklx,,专业：理学门类、工学门类
2025,公务员,2025安徽公开遴选,省贸促会,30170 省贸促会 商法服务,本科及以上,本 科：法学专业、知识产权专业、国际经贸规则专业 研究生：法学（一级学科）、法律（专业学位）,,笔试+面试,,,招聘职位：商法服务；招聘人数：1；报名人数：37；分数线：67.5；最高分数：72.5,安徽 安徽省直,https://www.xduim.com/zw/gklx,,专业：本 科：法学专业、知识产权专业、国际经贸规则专业 研究生：法学（一级学科）、法律（专业学位）
2025,公务员,2025安徽公开遴选,省贸促会,30171 省贸促会 商法服务,本科及以上,本 科：法学专业、知识产权专业、国际经贸规则专业 研究生：法学（一级学科）、法律（专业学位）,,笔试+面试,,,招聘职位：商法服务；招聘人数：1；报名人数：41；分数线：67.5；最高分数：72.5,安徽 安徽省直,https://www.xduim.com/zw/gklx,,专业：本 科：法学专业、知识产权专业、国际经贸规则专业 研究生：法学（一级学科）、法律（专业学位）
2025,公务员,2025安徽公开遴选,民建安徽省委会,30172 民建安徽省委会 机关综合,本科及以上,本 科：机械类、材料类、电子信息类、自动化类、计算机类、土木类、水利类、地质类、交通运输类 研究生：机械工程（一级学科）、材料科学与工程（一级学科）、电子科学与技术（一级学科）、信息与通信工程（一级学科）、计算机科学与技术（一级学科）、土木工程（一级学科）、水利工程（一级学科）、地质资源与地质工程（一级学科）、交通运输工程（一级学科）,,笔试+面试,,,招聘职位：机关综合；招聘人数：1；报名人数：25；分数线：62.5；最高分数：68.0,安徽 安徽省直,https://www.xduim.com/zw/gklx,,专业：本 科：机械类、材料类、电子信息类、自动化类、计算机类、土木类、水利类、地质类、交通运输类 研究生：机械工程（一级学科）、材料科学与工程（一级学科）、电子科学与技术（一级学科）、信息与通信工程（一级学科）、计算机科学与技术（一级学科）、土木工程（一级学科）、水利工程（一级学科）、地质资源与地质工程（一级学科）、交通运输工程（一级学科）
2025,公务员,2025安徽公开遴选,省人民检察院,30301 省人民检察院 检察官,本科及以上,本 科：法学类（不含监狱学） 研究生：法学（一级学科）、法律（专业学位）,,笔试+面试,,,招聘职位：检察官；招聘人数：1；报名人数：11,安徽 安徽省直,https://www.xduim.com/zw/gklx,,专业：本 科：法学类（不含监狱学） 研究生：法学（一级学科）、法律（专业学位）
2025,公务员,2025安徽公开遴选,省人民检察院,30302 省人民检察院 检察官,本科及以上,本 科：法学类（不含监狱学） 研究生：法学（一级学科）、法律（专业学位）,,笔试+面试,,,招聘职位：检察官；招聘人数：1；报名人数：15,安徽 安徽省直,https://www.xduim.com/zw/gklx,,专业：本 科：法学类（不含监狱学） 研究生：法学（一级学科）、法律（专业学位）
2025,公务员,2025安徽公开遴选,省人民检察院,30303 省人民检察院 检察官,本科及以上,本 科：法学类（不含监狱学） 研究生：法学（一级学科）、法律（专业学位）,,笔试+面试,,,招聘职位：检察官；招聘人数：1；报名人数：4,安徽 安徽省直,https://www.xduim.com/zw/gklx,,专业：本 科：法学类（不含监狱学） 研究生：法学（一级学科）、法律（专业学位）
2025,公务员,2025安徽公开遴选,省人民检察院,30304 省人民检察院 检察官,本科及以上,本 科：法学类（不含监狱学） 研究生：法学（一级学科）、法律（专业学位）,,笔试+面试,,,招聘职位：检察官；招聘人数：1；报名人数：4,安徽 安徽省直,https://www.xduim.com/zw/gklx,,专业：本 科：法学类（不含监狱学） 研究生：法学（一级学科）、法律（专业学位）
2025,公务员,2025安徽公开遴选,合肥市人民检察院,30305 合肥市人民检察院 检察官,本科,本 科：法学类（不含监狱学） 研究生：法学（一级学科）、法律（专业学位）,,笔试+面试,,,招聘职位：检察官；招聘人数：1；报名人数：2,安徽 安徽省直,https://www.xduim.com/zw/gklx,,专业：本 科：法学类（不含监狱学） 研究生：法学（一级学科）、法律（专业学位）
2025,公务员,2025安徽公开遴选,合肥市人民检察院,30306 合肥市人民检察院 检察官,本科,本 科：法学类（不含监狱学） 研究生：法学（一级学科）、法律（专业学位）,,笔试+面试,,,招聘职位：检察官；招聘人数：1；报名人数：1,安徽 安徽省直,https://www.xduim.com/zw/gklx,,专业：本 科：法学类（不含监狱学） 研究生：法学（一级学科）、法律（专业学位）
2025,公务员,2025安徽公开遴选,淮北市人民检察院,30307 淮北市人民检察院 检察官,本科,本 科：法学类（不含监狱学） 研究生：法学（一级学科）、法律（专业学位）,,笔试+面试,,,招聘职位：检察官；招聘人数：1；报名人数：4,安徽 安徽省直,https://www.xduim.com/zw/gklx,,专业：本 科：法学类（不含监狱学） 研究生：法学（一级学科）、法律（专业学位）
2025,公务员,2025安徽公开遴选,亳州市人民检察院,30308 亳州市人民检察院 检察官,本科,本 科：法学类（不含监狱学） 研究生：法学（一级学科）、法律（专业学位）,,笔试+面试,,,招聘职位：检察官；招聘人数：1；报名人数：3,安徽 安徽省直,https://www.xduim.com/zw/gklx,,专业：本 科：法学类（不含监狱学） 研究生：法学（一级学科）、法律（专业学位）
2025,公务员,2025安徽公开遴选,马鞍山市中级人民法院,30215 马鞍山市中级人民法院 法官,本科及以上,不限专业,,笔试+面试,,,招聘职位：法官；招聘人数：2；报名人数：9,安徽 安徽省直,https://www.xduim.com/zw/gklx,,专业：不限专业
2025,公务员,2025安徽公开遴选,芜湖市中级人民法院,30216 芜湖市中级人民法院 法官,本科及以上,不限专业,,笔试+面试,,,招聘职位：法官；招聘人数：1；报名人数：13,安徽 安徽省直,https://www.xduim.com/zw/gklx,,专业：不限专业
2025,公务员,2025安徽公开遴选,芜湖市中级人民法院,30217 芜湖市中级人民法院 法官,本科及以上,不限专业,,笔试+面试,,,招聘职位：法官；招聘人数：1；报名人数：15,安徽 安徽省直,https://www.xduim.com/zw/gklx,,专业：不限专业
2025,公务员,2025安徽公开遴选,芜湖市中级人民法院,30218 芜湖市中级人民法院 法官,本科及以上,不限专业,,笔试+面试,,,招聘职位：法官；招聘人数：1；报名人数：5,安徽 安徽省直,https://www.xduim.com/zw/gklx,,专业：不限专业
2025,公务员,2025安徽公开遴选,铜陵市中级人民法院,30219 铜陵市中级人民法院 法官,本科及以上,不限专业,,笔试+面试,,,招聘职位：法官；招聘人数：1；报名人数：7,安徽 安徽省直,https://www.xduim.com/zw/gklx,,专业：不限专业
2025,公务员,2025安徽公开遴选,黄山市中级人民法院,30220 黄山市中级人民法院 法官,本科及以上,不限专业,,笔试+面试,,,招聘职位：法官；招聘人数：1；报名人数：5,安徽 安徽省直,https://www.xduim.com/zw/gklx,,专业：不限专业
2025,公务员,2025安徽公开遴选,黄山市中级人民法院,30221 黄山市中级人民法院 法官,本科及以上,不限专业,,笔试+面试,,,招聘职位：法官；招聘人数：1；报名人数：8,安徽 安徽省直,https://www.xduim.com/zw/gklx,,专业：不限专业
2025,公务员,2025安徽公开遴选,宿州市人民检察院,30309 宿州市人民检察院 检察官,本科,本 科：法学类（不含监狱学） 研究生：法学（一级学科）、法律（专业学位）,,笔试+面试,,,招聘职位：检察官；招聘人数：1；报名人数：5,安徽 安徽省直,https://www.xduim.com/zw/gklx,,专业：本 科：法学类（不含监狱学） 研究生：法学（一级学科）、法律（专业学位）
2025,公务员,2025安徽公开遴选,阜阳市人民检察院,30310 阜阳市人民检察院 检察官,本科,本 科：法学类（不含监狱学） 研究生：法学（一级学科）、法律（专业学位）,,笔试+面试,,,招聘职位：检察官；招聘人数：1；报名人数：7,安徽 安徽省直,https://www.xduim.com/zw/gklx,,专业：本 科：法学类（不含监狱学） 研究生：法学（一级学科）、法律（专业学位）
2025,公务员,2025安徽公开遴选,滁州市人民检察院,30311 滁州市人民检察院 检察官,本科,本 科：法学类（不含监狱学） 研究生：法学（一级学科）、法律（专业学位）,,笔试+面试,,,招聘职位：检察官；招聘人数：1；报名人数：6,安徽 安徽省直,https://www.xduim.com/zw/gklx,,专业：本 科：法学类（不含监狱学） 研究生：法学（一级学科）、法律（专业学位）
2025,公务员,2025安徽公开遴选,马鞍山市人民检察院,30312 马鞍山市人民检察院 检察官,本科,本 科：法学类（不含监狱学） 研究生：法学（一级学科）、法律（专业学位）,,笔试+面试,,,招聘职位：检察官；招聘人数：1；报名人数：1,安徽 安徽省直,https://www.xduim.com/zw/gklx,,专业：本 科：法学类（不含监狱学） 研究生：法学（一级学科）、法律（专业学位）
2025,公务员,2025安徽公开遴选,宣城市人民检察院,30313 宣城市人民检察院 检察官,本科,本 科：法学类（不含监狱学） 研究生：法学（一级学科）、法律（专业学位）,,笔试+面试,,,招聘职位：检察官；招聘人数：1；报名人数：6,安徽 安徽省直,https://www.xduim.com/zw/gklx,,专业：本 科：法学类（不含监狱学） 研究生：法学（一级学科）、法律（专业学位）
2025,公务员,2025安徽公开遴选,铜陵市人民检察院,30314 铜陵市人民检察院 检察官,本科,本 科：法学类（不含监狱学） 研究生：法学（一级学科）、法律（专业学位）,,笔试+面试,,,招聘职位：检察官；招聘人数：1；报名人数：2,安徽 安徽省直,https://www.xduim.com/zw/gklx,,专业：本 科：法学类（不含监狱学） 研究生：法学（一级学科）、法律（专业学位）
2025,公务员,2025安徽公开遴选,安徽省高级人民法院,30201 安徽省高级人民法院 法官,本科及以上,不限专业,,笔试+面试,,,招聘职位：法官；招聘人数：4；报名人数：16,安徽 安徽省直,https://www.xduim.com/zw/gklx,,专业：不限专业
2025,公务员,2025安徽公开遴选,合肥市中级人民法院,30202 合肥市中级人民法院 法官,本科及以上,不限专业,,笔试+面试,,,招聘职位：法官；招聘人数：1；报名人数：8,安徽 安徽省直,https://www.xduim.com/zw/gklx,,专业：不限专业
2025,公务员,2025安徽公开遴选,淮北市中级人民法院,30203 淮北市中级人民法院 法官,本科及以上,不限专业,,笔试+面试,,,招聘职位：法官；招聘人数：2；报名人数：14,安徽 安徽省直,https://www.xduim.com/zw/gklx,,专业：不限专业
2025,公务员,2025安徽公开遴选,亳州市中级人民法院,30204 亳州市中级人民法院 法官,本科及以上,不限专业,,笔试+面试,,,招聘职位：法官；招聘人数：1；报名人数：4,安徽 安徽省直,https://www.xduim.com/zw/gklx,,专业：不限专业
2025,公务员,2025安徽公开遴选,宿州市中级人民法院,30205 宿州市中级人民法院 法官,本科及以上,不限专业,,笔试+面试,,,招聘职位：法官；招聘人数：1；报名人数：7,安徽 安徽省直,https://www.xduim.com/zw/gklx,,专业：不限专业
2025,公务员,2025安徽公开遴选,宿州市中级人民法院,30206 宿州市中级人民法院 法官,本科及以上,不限专业,,笔试+面试,,,招聘职位：法官；招聘人数：1；报名人数：8,安徽 安徽省直,https://www.xduim.com/zw/gklx,,专业：不限专业
2025,公务员,2025安徽公开遴选,蚌埠市中级人民法院,30207 蚌埠市中级人民法院 法官,本科及以上,不限专业,,笔试+面试,,,招聘职位：法官；招聘人数：3；报名人数：9,安徽 安徽省直,https://www.xduim.com/zw/gklx,,专业：不限专业
2025,公务员,2025安徽公开遴选,阜阳市中级人民法院,30208 阜阳市中级人民法院 法官,本科及以上,不限专业,,笔试+面试,,,招聘职位：法官；招聘人数：1；报名人数：4,安徽 安徽省直,https://www.xduim.com/zw/gklx,,专业：不限专业
2025,公务员,2025安徽公开遴选,阜阳市中级人民法院,30209 阜阳市中级人民法院 法官,本科及以上,不限专业,,笔试+面试,,,招聘职位：法官；招聘人数：1；报名人数：5,安徽 安徽省直,https://www.xduim.com/zw/gklx,,专业：不限专业
2025,公务员,2025安徽公开遴选,淮南市中级人民法院,30210 淮南市中级人民法院 法官,本科及以上,不限专业,,笔试+面试,,,招聘职位：法官；招聘人数：1；报名人数：6,安徽 安徽省直,https://www.xduim.com/zw/gklx,,专业：不限专业
2025,公务员,2025安徽公开遴选,淮南市中级人民法院,30211 淮南市中级人民法院 法官,本科及以上,不限专业,,笔试+面试,,,招聘职位：法官；招聘人数：1；报名人数：2,安徽 安徽省直,https://www.xduim.com/zw/gklx,,专业：不限专业
2025,公务员,2025安徽公开遴选,滁州市中级人民法院,30212 滁州市中级人民法院 法官,本科及以上,不限专业,,笔试+面试,,,招聘职位：法官；招聘人数：1；报名人数：9,安徽 安徽省直,https://www.xduim.com/zw/gklx,,专业：不限专业
2025,公务员,2025安徽公开遴选,滁州市中级人民法院,30213 滁州市中级人民法院 法官,本科及以上,不限专业,,笔试+面试,,,招聘职位：法官；招聘人数：1；报名人数：4,安徽 安徽省直,https://www.xduim.com/zw/gklx,,专业：不限专业
2025,公务员,2025安徽公开遴选,六安市中级人民法院,30214 六安市中级人民法院 法官,本科及以上,不限专业,,笔试+面试,,,招聘职位：法官；招聘人数：1；报名人数：6,安徽 安徽省直,https://www.xduim.com/zw/gklx,,专业：不限专业
2025,公务员,2025安徽公开遴选,市农业农村局,2021 市农业农村局 机关综合,本科及以上,经济学门类,,笔试+面试,,,招聘职位：机关综合；招聘人数：1；报名人数：4；分数线：56.5；最高分数：62.5,安徽 淮北市直,https://www.xduim.com/zw/gklx,,专业：经济学门类
2025,公务员,2025安徽公开遴选,市商务局,2022 市商务局 内贸管理,本科及以上,经济学门类,,笔试+面试,,,招聘职位：内贸管理；招聘人数：1；报名人数：6；分数线：62.0；最高分数：65.5,安徽 淮北市直,https://www.xduim.com/zw/gklx,,专业：经济学门类
2025,公务员,2025安徽公开遴选,市市场监督管理局,2023 市市场监督管理局 价格监督检查,本科及以上,工商管理类,,笔试+面试,,,招聘职位：价格监督检查；招聘人数：1；报名人数：5；分数线：58.5；最高分数：59.5,安徽 淮北市直,https://www.xduim.com/zw/gklx,,专业：工商管理类
2025,公务员,2025安徽公开遴选,市市场监督管理局,2024 市市场监督管理局 产品质量监管,本科及以上,电子信息类、计算机类,,笔试+面试,,,招聘职位：产品质量监管；招聘人数：1；报名人数：13；分数线：59.5；最高分数：61.0,安徽 淮北市直,https://www.xduim.com/zw/gklx,,专业：电子信息类、计算机类
2025,公务员,2025安徽公开遴选,市信访局,2025 市信访局 信访办理,本科及以上,不限,,笔试+面试,,,招聘职位：信访办理；招聘人数：2；报名人数：26；分数线：60.0；最高分数：66.0,安徽 淮北市直,https://www.xduim.com/zw/gklx,,专业：不限
2025,公务员,2025安徽公开遴选,市机关事务管理中心,2026 市机关事务管理中心 综合文字,本科及以上,不限,,笔试+面试,,,招聘职位：综合文字；招聘人数：1；报名人数：11；分数线：59.5；最高分数：61.5,安徽 淮北市直,https://www.xduim.com/zw/gklx,,专业：不限
2025,公务员,2025安徽公开遴选,市委党史和地方志研究室（市档案馆）,8021 市委党史和地方志研究室（市档案馆） 史志编研,本科及以上,历史学类、中国语言文学类,,笔试+面试,,,招聘职位：史志编研；招聘人数：1；报名人数：17；分数线：64.5；最高分数：66.0,安徽 滁州市直,https://www.xduim.com/zw/gklx,,专业：历史学类、中国语言文学类
2025,公务员,2025安徽公开遴选,市委党史和地方志研究室（市档案馆）,8022 市委党史和地方志研究室（市档案馆） 档案信息化,本科及以上,计算机类、电子信息类,,笔试+面试,,,招聘职位：档案信息化；招聘人数：1；报名人数：28；分数线：65.5；最高分数：68.0,安徽 滁州市直,https://www.xduim.com/zw/gklx,,专业：计算机类、电子信息类
2025,公务员,2025安徽公开遴选,市委讲师团,8023 市委讲师团 综合文字,本科及以上,哲学类、政治学类、马克思主义理论类、历史学类,,笔试+面试,,,招聘职位：综合文字；招聘人数：1；报名人数：6；分数线：61.5；最高分数：66.5,安徽 滁州市直,https://www.xduim.com/zw/gklx,,专业：哲学类、政治学类、马克思主义理论类、历史学类
2025,公务员,2025安徽公开遴选,市预算绩效评价中心,8024 市预算绩效评价中心 财政管理1,本科及以上,经济学类、财政学类、金融学类、工商管理类,,笔试+面试,,,招聘职位：财政管理1；招聘人数：1；报名人数：17；分数线：64.0；最高分数：66.0,安徽 滁州市直,https://www.xduim.com/zw/gklx,,专业：经济学类、财政学类、金融学类、工商管理类
2025,公务员,2025安徽公开遴选,市预算绩效评价中心,8025 市预算绩效评价中心 财政管理2,本科及以上,经济学类、财政学类、金融学类、工商管理类,,笔试+面试,,,招聘职位：财政管理2；招聘人数：1；报名人数：14；分数线：61.0；最高分数：62.0,安徽 滁州市直,https://www.xduim.com/zw/gklx,,专业：经济学类、财政学类、金融学类、工商管理类
2025,公务员,2025安徽公开遴选,市社会保险事业管理中心,8026 市社会保险事业管理中心 社保经办,本科及以上,金融学类、统计学类、计算机类、财务管理专业、会计学专业、审计学专业、劳动与社会保障专业,,笔试+面试,,,招聘职位：社保经办；招聘人数：2；报名人数：31；分数线：61.5；最高分数：71.5,安徽 滁州市直,https://www.xduim.com/zw/gklx,,专业：金融学类、统计学类、计算机类、财务管理专业、会计学专业、审计学专业、劳动与社会保障专业
2025,公务员,2025安徽公开遴选,市土地储备中心,8027 市土地储备中心 土地管理,本科及以上,建筑类、矿业类,,笔试+面试,,,招聘职位：土地管理；招聘人数：1；报名人数：6；分数线：57.0；最高分数：60.5,安徽 滁州市直,https://www.xduim.com/zw/gklx,,专业：建筑类、矿业类
2025,公务员,2025安徽公开遴选,淮南市供销合作社联合社,7021 淮南市供销合作社联合社 综合管理,本科及以上,不限,,笔试+面试,,,招聘职位：综合管理；招聘人数：1；报名人数：20；分数线：62.5；最高分数：66,安徽 淮南市直,https://www.xduim.com/zw/gklx,,专业：不限
2025,公务员,2025安徽公开遴选,阜阳市招商投资中心,6021 阜阳市招商投资中心 招商管理,本科及以上,经济学类,,笔试+面试,,,招聘职位：招商管理；招聘人数：1；报名人数：8；分数线：59.5；最高分数：66.5,安徽 阜阳市直,https://www.xduim.com/zw/gklx,,专业：经济学类
2025,公务员,2025安徽公开遴选,阜阳市机关事务管理处,6022 阜阳市机关事务管理处 机关综合,本科及以上,统计学类、能源动力类、计算机类、电子信息类、管理科学与工程类、法学类,,笔试+面试,,,招聘职位：机关综合；招聘人数：1；报名人数：57；分数线：65.0；最高分数：69.5,安徽 阜阳市直,https://www.xduim.com/zw/gklx,,专业：统计学类、能源动力类、计算机类、电子信息类、管理科学与工程类、法学类
2025,公务员,2025安徽公开遴选,铜陵市审计局,14021 铜陵市审计局 机关综合,本科及以上,本 科：中国语言文学类、新闻传播学类、会计学专业、财务管理专业、审计学专业 研究生：中国语言文学（一级学科）、新闻传播学（一级学科）、会计学（二级学科）、企业管理（财务管理方向，二级学科）、新闻与传播（专业学位）、会计（专业学位）、审计（专业学位）,,笔试+面试,,,招聘职位：机关综合；招聘人数：1；报名人数：13；分数线：58.0；最高分数：64.0,安徽 铜陵市直,https://www.xduim.com/zw/gklx,,专业：本 科：中国语言文学类、新闻传播学类、会计学专业、财务管理专业、审计学专业 研究生：中国语言文学（一级学科）、新闻传播学（一级学科）、会计学（二级学科）、企业管理（财务管理方向，二级学科）、新闻与传播（专业学位）、会计（专业学位）、审计（专业学位）
2025,公务员,2025安徽公开遴选,铜陵市市场监督管理局,14022 铜陵市市场监督管理局 市场监督管理,本科及以上,本 科：计算机类、食品科学与工程类、药学类、工商管理类 研究生：计算机科学与技术（一级学科）、食品科学与工程（一级学科）、软件工程（一级学科）、网络空间安全（一级学科）、药学（一级学科）、工商管理学（一级学科）、工商管理（专业学位）、会计（专业学位）、审计（专业学位）,,笔试+面试,,,招聘职位：市场监督管理；招聘人数：2；报名人数：17；分数线：60.0；最高分数：67.5,安徽 铜陵市直,https://www.xduim.com/zw/gklx,,专业：本 科：计算机类、食品科学与工程类、药学类、工商管理类 研究生：计算机科学与技术（一级学科）、食品科学与工程（一级学科）、软件工程（一级学科）、网络空间安全（一级学科）、药学（一级学科）、工商管理学（一级学科）、工商管理（专业学位）、会计（专业学位）、审计（专业学位）
2025,公务员,2025安徽公开遴选,铜陵市人民政府国有资产监督管理委员会,14023 铜陵市人民政府国有资产监督管理委员会 经济管理,本科及以上,本 科：经济学门类 研究生：经济学门类,,笔试+面试,,,招聘职位：经济管理；招聘人数：1；报名人数：8；分数线：60.0；最高分数：63.0,安徽 铜陵市直,https://www.xduim.com/zw/gklx,,专业：本 科：经济学门类 研究生：经济学门类
2025,公务员,2025安徽公开遴选,铜陵市统计局市社会经济调查队,14024 铜陵市统计局市社会经济调查队 统计调查,本科及以上,不限,,笔试+面试,,,招聘职位：统计调查；招聘人数：1；报名人数：5；分数线：62.5；最高分数：68.5,安徽 铜陵市直,https://www.xduim.com/zw/gklx,,专业：不限
2025,公务员,2025安徽公开遴选,铜陵经济技术开发区管理委员会,14025 铜陵经济技术开发区管理委员会 建设规划管理,本科及以上,本 科：工学门类 研究生：工学门类,,笔试+面试,,,招聘职位：建设规划管理；招聘人数：1；报名人数：7；分数线：62.0；最高分数：63.5,安徽 铜陵市直,https://www.xduim.com/zw/gklx,,专业：本 科：工学门类 研究生：工学门类
2025,公务员,2025安徽公开遴选,铜陵经济技术开发区管理委员会,14026 铜陵经济技术开发区管理委员会 产业管理,本科及以上,本 科：经济学门类 研究生：经济学门类,,笔试+面试,,,招聘职位：产业管理；招聘人数：1；报名人数：6；分数线：56.5；最高分数：64.0,安徽 铜陵市直,https://www.xduim.com/zw/gklx,,专业：本 科：经济学门类 研究生：经济学门类
2025,公务员,2025安徽公开遴选,市自然资源和规划局,5021 市自然资源和规划局 自然资源管理,本科及以上,建筑类、自然保护与环境生态类、人文地理与城乡规划专业、土地整治工程专业,,笔试+面试,,,招聘职位：自然资源管理；招聘人数：1；报名人数：9；分数线：56.0；最高分数：60.0,安徽 蚌埠市直,https://www.xduim.com/zw/gklx,,专业：建筑类、自然保护与环境生态类、人文地理与城乡规划专业、土地整治工程专业
2025,公务员,2025安徽公开遴选,市交通运输局,5022 市交通运输局 交通运输管理,本科及以上,交通运输类、土木类、会计学专业、财务管理专业、审计学专业、法学专业,,笔试+面试,,,招聘职位：交通运输管理；招聘人数：1；报名人数：33；分数线：61.5；最高分数：66.0,安徽 蚌埠市直,https://www.xduim.com/zw/gklx,,专业：交通运输类、土木类、会计学专业、财务管理专业、审计学专业、法学专业
2025,公务员,2025安徽公开遴选,市农业农村局,5023 市农业农村局 农业农村信息化管理,本科及以上,电子信息类、计算机类、水利类、农业工程类、经济学类、农业经济管理类、审计学专业,,笔试+面试,,,招聘职位：农业农村信息化管理；招聘人数：1；报名人数：16；分数线：63.5；最高分数：67.5,安徽 蚌埠市直,https://www.xduim.com/zw/gklx,,专业：电子信息类、计算机类、水利类、农业工程类、经济学类、农业经济管理类、审计学专业
2025,公务员,2025安徽公开遴选,市农业农村局,5024 市农业农村局 农业农村信息化管理,本科及以上,电子信息类、计算机类、水利类、农业工程类、经济学类、农业经济管理类、审计学专业,,笔试+面试,,,招聘职位：农业农村信息化管理；招聘人数：1；报名人数：12；分数线：65.0；最高分数：66.5,安徽 蚌埠市直,https://www.xduim.com/zw/gklx,,专业：电子信息类、计算机类、水利类、农业工程类、经济学类、农业经济管理类、审计学专业
2025,公务员,2025安徽公开遴选,市水利局,5025 市水利局 行政执法,本科及以上,不限,,笔试+面试,,,招聘职位：行政执法；招聘人数：1；报名人数：13；分数线：61.0；最高分数：62.0,安徽 蚌埠市直,https://www.xduim.com/zw/gklx,,专业：不限
2025,公务员,2025安徽公开遴选,市水利局市水旱灾害防治中心,5026 市水利局市水旱灾害防治中心 水旱灾害防治,本科及以上,水利类、土木类、建筑类、农业工程类,,笔试+面试,,,招聘职位：水旱灾害防治；招聘人数：1；报名人数：13；分数线：59.5；最高分数：68.0,安徽 蚌埠市直,https://www.xduim.com/zw/gklx,,专业：水利类、土木类、建筑类、农业工程类
2025,公务员,2025安徽公开遴选,市商务和外事局,5027 市商务和外事局 商务发展,本科及以上,经济学类、经济与贸易类、工商管理类、公共管理类、电子商务类,,笔试+面试,,,招聘职位：商务发展；招聘人数：1；报名人数：26；分数线：65.5；最高分数：66.0,安徽 蚌埠市直,https://www.xduim.com/zw/gklx,,专业：经济学类、经济与贸易类、工商管理类、公共管理类、电子商务类
2025,公务员,2025安徽公开遴选,市市场监督管理局,5028 市市场监督管理局 价格监管,本科及以上,食品科学与工程类、药学类、法学类、管理科学与工程类,,笔试+面试,,,招聘职位：价格监管；招聘人数：1；报名人数：27；分数线：63.5；最高分数：66.0,安徽 蚌埠市直,https://www.xduim.com/zw/gklx,,专业：食品科学与工程类、药学类、法学类、管理科学与工程类
2025,公务员,2025安徽公开遴选,市统计局,5029 市统计局 机关综合,本科及以上,经济学类、统计学类、电子信息类、计算机类,,笔试+面试,,,招聘职位：机关综合；招聘人数：1；报名人数：13；分数线：61.0；最高分数：64.0,安徽 蚌埠市直,https://www.xduim.com/zw/gklx,,专业：经济学类、统计学类、电子信息类、计算机类
2025,公务员,2025安徽公开遴选,市信访局,5030 市信访局 信访办理,本科及以上,哲学门类、法学门类、中国语言文学类、新闻传播学类,,笔试+面试,,,招聘职位：信访办理；招聘人数：1；报名人数：27；分数线：62.5；最高分数：73.5,安徽 蚌埠市直,https://www.xduim.com/zw/gklx,,专业：哲学门类、法学门类、中国语言文学类、新闻传播学类
2025,公务员,2025安徽公开遴选,市财政局市财政支付中心,5031 市财政局市财政支付中心 财政管理,本科及以上,经济学类、财政学类、统计学类、会计学专业、财务管理专业、审计学专业,,笔试+面试,,,招聘职位：财政管理；招聘人数：1；报名人数：20；分数线：59.0；最高分数：62.0,安徽 蚌埠市直,https://www.xduim.com/zw/gklx,,专业：经济学类、财政学类、统计学类、会计学专业、财务管理专业、审计学专业
2025,公务员,2025安徽公开遴选,市审计局市经济责任审计处,5032 市审计局市经济责任审计处 财务审计,本科及以上,经济学类、金融学类、财政学类、工商管理类,,笔试+面试,,,招聘职位：财务审计；招聘人数：1；报名人数：7；分数线：53.5；最高分数：57.0,安徽 蚌埠市直,https://www.xduim.com/zw/gklx,,专业：经济学类、金融学类、财政学类、工商管理类
2025,公务员,2025安徽公开遴选,市审计局市经济责任审计处,5033 市审计局市经济责任审计处 财务审计,本科及以上,经济学类、金融学类、财政学类、工商管理类,,笔试+面试,,,招聘职位：财务审计；招聘人数：1；报名人数：12；分数线：60.5；最高分数：64.0,安徽 蚌埠市直,https://www.xduim.com/zw/gklx,,专业：经济学类、金融学类、财政学类、工商管理类
2025,公务员,2025安徽公开遴选,市残疾人联合会,5034 市残疾人联合会 机关党务,本科及以上,文学门类、管理学门类、农学门类,,笔试+面试,,,招聘职位：机关党务；招聘人数：1；报名人数：38；分数线：63.0；最高分数：65.5,安徽 蚌埠市直,https://www.xduim.com/zw/gklx,,专业：文学门类、管理学门类、农学门类
2025,公务员,2025安徽公开遴选,蚌埠经济开发区管理委员会,5035 蚌埠经济开发区管理委员会 科技管理,本科及以上,经济学门类、理学门类、工学门类,,笔试+面试,,,招聘职位：科技管理；招聘人数：1；报名人数：20；分数线：58.5；最高分数：59.5,安徽 蚌埠市直,https://www.xduim.com/zw/gklx,,专业：经济学门类、理学门类、工学门类
