year,工作类型,考试/招聘类型,用人单位/系统,岗位示例,学历要求,本科生专业要求,研究生专业要求,考试/招聘形式,报名时间,笔试/考试时间,特殊要求,工作地点,信息来源,备注,专业要求（原始）
2024,公务员,2024安徽公安法检招录,亳州市公安局,2402001 亳州市公安局,高中（中专）及以上,,,笔试+面试,,,招考批次：第二批；性别：男；年龄：30周岁以下；招聘人数：44；分数线：35.22；城市：亳州,安徽 亳州市直,https://www.xduim.com/zw/gafj,,
2024,公务员,2024安徽公安法检招录,亳州市公安局,2402002 亳州市公安局,大专及以上,,,笔试+面试,,,招考批次：第二批；性别：女；年龄：30周岁以下；招聘人数：10；分数线：54.16；城市：亳州,安徽 亳州市直,https://www.xduim.com/zw/gafj,,
2024,公务员,2024安徽公安法检招录,亳州市公安局,2402003 亳州市公安局,大专及以上,,,笔试+面试,,,招考批次：第二批；性别：男；年龄：30周岁以下；招聘人数：34；分数线：52.66；城市：亳州,安徽 亳州市直,https://www.xduim.com/zw/gafj,,
2024,公务员,2024安徽公安法检招录,亳州市公安局,2402004 亳州市公安局,大专及以上,,,笔试+面试,,,招考批次：第二批；性别：男；年龄：30周岁以下；招聘人数：96；分数线：40.14；城市：亳州,安徽 亳州市直,https://www.xduim.com/zw/gafj,,
2024,公务员,2024安徽公安法检招录,亳州市公安局,2402005 亳州市公安局,大专及以上,,,笔试+面试,,,招考批次：第二批；性别：女；年龄：30周岁以下；招聘人数：4；分数线：67.26；城市：亳州,安徽 亳州市直,https://www.xduim.com/zw/gafj,,
2024,公务员,2024安徽公安法检招录,亳州市公安局,2024001 亳州市公安局,高中（中专）及以上,,,笔试+面试,,,招考批次：第一批；性别：男；年龄：30周岁以下；招聘人数：152；分数线：46.46；城市：亳州,安徽 亳州市直,https://www.xduim.com/zw/gafj,,
2024,公务员,2024安徽公安法检招录,亳州市公安局,2024002 亳州市公安局,大专及以上,,,笔试+面试,,,招考批次：第一批；性别：男；年龄：30周岁以下；招聘人数：50；分数线：62.02；城市：亳州,安徽 亳州市直,https://www.xduim.com/zw/gafj,,
2024,公务员,2024安徽公安法检招录,亳州市公安局,2024003 亳州市公安局,大专及以上,,,笔试+面试,,,招考批次：第一批；性别：男；年龄：30周岁以下；招聘人数：50；分数线：59.78；城市：亳州,安徽 亳州市直,https://www.xduim.com/zw/gafj,,
2024,公务员,2024安徽公安法检招录,亳州市公安局,2024004 亳州市公安局,大专及以上,,,笔试+面试,,,招考批次：第一批；性别：女；年龄：30周岁以下；招聘人数：28；分数线：67.96；城市：亳州,安徽 亳州市直,https://www.xduim.com/zw/gafj,,
2024,公务员,2024安徽公安法检招录,亳州市公安局,2024005 亳州市公安局,大专及以上,,,笔试+面试,,,招考批次：第一批；性别：男；年龄：30周岁以下；招聘人数：32；分数线：57.12；城市：亳州,安徽 亳州市直,https://www.xduim.com/zw/gafj,,
2024,公务员,2024安徽公安法检招录,亳州市公安局,2024006 亳州市公安局,大专及以上,,,笔试+面试,,,招考批次：第一批；性别：男；年龄：30周岁以下；招聘人数：1；分数线：66.4；城市：亳州,安徽 亳州市直,https://www.xduim.com/zw/gafj,,
2024,公务员,2024安徽公安法检招录,亳州市公安局,2024007 亳州市公安局,大专及以上,,,笔试+面试,,,招考批次：第一批；性别：男；年龄：30周岁以下；招聘人数：1；分数线：65.06；城市：亳州,安徽 亳州市直,https://www.xduim.com/zw/gafj,,
2024,公务员,2024安徽公安法检招录,亳州市公安局,2024008 亳州市公安局,大专及以上,,,笔试+面试,,,招考批次：第一批；性别：男；年龄：30周岁以下；招聘人数：1；分数线：67.14；城市：亳州,安徽 亳州市直,https://www.xduim.com/zw/gafj,,
2024,公务员,2024安徽公安法检招录,亳州市公安局,2024009 亳州市公安局,大专及以上,,,笔试+面试,,,招考批次：第一批；性别：男；年龄：30周岁以下；招聘人数：1；分数线：60.28；城市：亳州,安徽 亳州市直,https://www.xduim.com/zw/gafj,,
2024,公务员,2024安徽公安法检招录,亳州市公安局,2024010 亳州市公安局,大专及以上,,,笔试+面试,,,招考批次：第一批；性别：男；年龄：30周岁以下；招聘人数：1；分数线：57.86；城市：亳州,安徽 亳州市直,https://www.xduim.com/zw/gafj,,
2024,公务员,2024安徽公安法检招录,亳州市公安局,2024011 亳州市公安局,大专及以上,,,笔试+面试,,,招考批次：第一批；性别：男；年龄：30周岁以下；招聘人数：1；分数线：63.4；城市：亳州,安徽 亳州市直,https://www.xduim.com/zw/gafj,,
2024,公务员,2024安徽公安法检招录,亳州市公安局,2024012 亳州市公安局,大专及以上,,,笔试+面试,,,招考批次：第一批；性别：男；年龄：30周岁以下；招聘人数：1；分数线：70.88；城市：亳州,安徽 亳州市直,https://www.xduim.com/zw/gafj,,
2024,公务员,2024安徽公安法检招录,六安市公安局金安分局,20240701 六安市公安局金安分局,高中（中专）及以上,,,笔试+面试,,,招考批次：第一批；性别：男；年龄：30周岁以下；招聘人数：2；分数线：61.84；城市：六安,安徽 金安区,https://www.xduim.com/zw/gafj,,
2024,公务员,2024安徽公安法检招录,六安市公安局金安分局,20240702 六安市公安局金安分局,大专及以上,,,笔试+面试,,,招考批次：第一批；性别：女；年龄：30周岁以下；招聘人数：2；分数线：78.08；城市：六安,安徽 金安区,https://www.xduim.com/zw/gafj,,
2024,公务员,2024安徽公安法检招录,六安市公安局金安分局,20240703 六安市公安局金安分局,大专及以上,,,笔试+面试,,,招考批次：第一批；性别：男；年龄：30周岁以下；招聘人数：13；分数线：72.0；城市：六安,安徽 金安区,https://www.xduim.com/zw/gafj,,
2024,公务员,2024安徽公安法检招录,六安市公安局金安分局,20240704 六安市公安局金安分局,大专及以上,,,笔试+面试,,,招考批次：第一批；性别：男；年龄：30周岁以下；招聘人数：15；分数线：64.48；城市：六安,安徽 金安区,https://www.xduim.com/zw/gafj,,
2024,公务员,2024安徽公安法检招录,六安市公安局金安分局,20240705 六安市公安局金安分局,大专及以上,,,笔试+面试,,,招考批次：第一批；性别：男；年龄：30周岁以下；招聘人数：15；分数线：64.52；城市：六安,安徽 金安区,https://www.xduim.com/zw/gafj,,
2024,公务员,2024安徽公安法检招录,六安市公安局金安分局,20240706 六安市公安局金安分局,本科及以上,,,笔试+面试,,,招考批次：第一批；性别：男；年龄：30周岁以下；招聘人数：2；分数线：62.16；城市：六安,安徽 金安区,https://www.xduim.com/zw/gafj,,
2024,公务员,2024安徽公安法检招录,六安市公安局金安分局,20240707 六安市公安局金安分局,本科及以上,,,笔试+面试,,,招考批次：第一批；性别：男；年龄：30周岁以下；招聘人数：2；分数线：77.24；城市：六安,安徽 金安区,https://www.xduim.com/zw/gafj,,
2024,公务员,2024安徽公安法检招录,六安市公安局裕安分局,20240708 六安市公安局裕安分局,大专及以上,,,笔试+面试,,,招考批次：第一批；性别：男；年龄：30周岁以下；招聘人数：5；分数线：67.96；城市：六安,安徽 裕安区,https://www.xduim.com/zw/gafj,,
2024,公务员,2024安徽公安法检招录,六安市公安局裕安分局,20240709 六安市公安局裕安分局,大专及以上,,,笔试+面试,,,招考批次：第一批；性别：男；年龄：30周岁以下；招聘人数：15；分数线：69.0；城市：六安,安徽 裕安区,https://www.xduim.com/zw/gafj,,
2024,公务员,2024安徽公安法检招录,六安市公安局裕安分局,20240710 六安市公安局裕安分局,大专及以上,,,笔试+面试,,,招考批次：第一批；性别：女；年龄：30周岁以下；招聘人数：2；分数线：81.12；城市：六安,安徽 裕安区,https://www.xduim.com/zw/gafj,,
2024,公务员,2024安徽公安法检招录,六安市公安局裕安分局,20240711 六安市公安局裕安分局,高中（中专）及以上,,,笔试+面试,,,招考批次：第一批；性别：男；年龄：30周岁以下；招聘人数：8；分数线：68.12；城市：六安,安徽 裕安区,https://www.xduim.com/zw/gafj,,
2024,公务员,2024安徽公安法检招录,六安市公安局开发区分局,20240712 六安市公安局开发区分局,高中（中专）及以上,,,笔试+面试,,,招考批次：第一批；性别：男；年龄：30周岁以下；招聘人数：4；分数线：63.8；城市：六安,安徽 经开区,https://www.xduim.com/zw/gafj,,
2024,公务员,2024安徽公安法检招录,六安市公安局叶集分局,20240713 六安市公安局叶集分局,大专及以上,,,笔试+面试,,,招考批次：第一批；性别：男；年龄：30周岁以下；招聘人数：10；分数线：52.8；城市：六安,安徽 叶集区,https://www.xduim.com/zw/gafj,,
2024,公务员,2024安徽公安法检招录,六安市公安局叶集分局,20240714 六安市公安局叶集分局,大专及以上,,,笔试+面试,,,招考批次：第一批；性别：男；年龄：30周岁以下；招聘人数：10；分数线：46.32；城市：六安,安徽 叶集区,https://www.xduim.com/zw/gafj,,
2024,公务员,2024安徽公安法检招录,六安市公安局叶集分局,20240715 六安市公安局叶集分局,大专及以上,,,笔试+面试,,,招考批次：第一批；性别：男；年龄：30周岁以下；招聘人数：11；分数线：57.24；城市：六安,安徽 叶集区,https://www.xduim.com/zw/gafj,,
2024,公务员,2024安徽公安法检招录,六安市公安局叶集分局,20240716 六安市公安局叶集分局,大专及以上,,,笔试+面试,,,招考批次：第一批；性别：女；年龄：30周岁以下；招聘人数：2；分数线：74.28；城市：六安,安徽 叶集区,https://www.xduim.com/zw/gafj,,
2024,公务员,2024安徽公安法检招录,霍邱县公安局,20240717 霍邱县公安局,高中（中专）及以上,,,笔试+面试,,,招考批次：第一批；性别：男；年龄：30周岁以下；招聘人数：15；分数线：22.12；城市：六安,安徽 霍邱县,https://www.xduim.com/zw/gafj,,
2024,公务员,2024安徽公安法检招录,霍邱县公安局,20240718 霍邱县公安局,高中（中专）及以上,,,笔试+面试,,,招考批次：第一批；性别：男；年龄：30周岁以下；招聘人数：15；分数线：38.76；城市：六安,安徽 霍邱县,https://www.xduim.com/zw/gafj,,
2024,公务员,2024安徽公安法检招录,霍邱县公安局,20240719 霍邱县公安局,大专及以上,,,笔试+面试,,,招考批次：第一批；性别：男；年龄：30周岁以下；招聘人数：15；分数线：57.2；城市：六安,安徽 霍邱县,https://www.xduim.com/zw/gafj,,
2024,公务员,2024安徽公安法检招录,霍邱县公安局,20240720 霍邱县公安局,大专及以上,,,笔试+面试,,,招考批次：第一批；性别：男；年龄：30周岁以下；招聘人数：15；分数线：56.48；城市：六安,安徽 霍邱县,https://www.xduim.com/zw/gafj,,
2025,公务员,2025安徽公安法检招录,六安市公安局,20250801 六安市公安局,本科及以上,,,笔试+面试,,,招考批次：第一批；性别：男；年龄：30周岁以下；招聘人数：2；分数线：71.44；城市：六安,安徽 六安市直,https://www.xduim.com/zw/gafj,,
2025,公务员,2025安徽公安法检招录,六安市公安局,20250802 六安市公安局,高中（中专）及以上,,,笔试+面试,,,招考批次：第一批；性别：男；年龄：30周岁以下；招聘人数：15；分数线：63.63；城市：六安,安徽 六安市直,https://www.xduim.com/zw/gafj,,
2025,公务员,2025安徽公安法检招录,六安市公安局,20250803 六安市公安局,高中（中专）及以上,,,笔试+面试,,,招考批次：第一批；性别：男；年龄：30周岁以下；招聘人数：15；分数线：66.21；城市：六安,安徽 六安市直,https://www.xduim.com/zw/gafj,,
2025,公务员,2025安徽公安法检招录,六安市公安局,20250804 六安市公安局,高中（中专）及以上,,,笔试+面试,,,招考批次：第一批；性别：男；年龄：30周岁以下；招聘人数：15；分数线：63.63；城市：六安,安徽 六安市直,https://www.xduim.com/zw/gafj,,
2025,公务员,2025安徽公安法检招录,六安市公安局,20250805 六安市公安局,大专及以上,,,笔试+面试,,,招考批次：第一批；性别：男；年龄：30周岁以下；招聘人数：15；分数线：73.72；城市：六安,安徽 六安市直,https://www.xduim.com/zw/gafj,,
2025,公务员,2025安徽公安法检招录,六安市公安局,20250806 六安市公安局,大专及以上,,,笔试+面试,,,招考批次：第一批；性别：女；年龄：30周岁以下；招聘人数：10；分数线：76.99；城市：六安,安徽 六安市直,https://www.xduim.com/zw/gafj,,
2025,公务员,2025安徽公安法检招录,六安市公安局,20250807 六安市公安局,大专及以上,,,笔试+面试,,,招考批次：第一批；性别：女；年龄：30周岁以下；招聘人数：10；分数线：78.64；城市：六安,安徽 六安市直,https://www.xduim.com/zw/gafj,,
2025,公务员,2025安徽公安法检招录,六安市公安局,20250808 六安市公安局,高中（中专）及以上,,,笔试+面试,,,招考批次：第一批；性别：男；年龄：35周岁以下；招聘人数：2；分数线：64.21；城市：六安,安徽 六安市直,https://www.xduim.com/zw/gafj,,
2025,公务员,2025安徽公安法检招录,六安市公安局,20250809 六安市公安局,本科及以上,,,笔试+面试,,,招考批次：第一批；性别：男；年龄：30周岁以下；招聘人数：2；分数线：76.65；城市：六安,安徽 六安市直,https://www.xduim.com/zw/gafj,,
2025,公务员,2025安徽公安法检招录,六安市公安局,20250810 六安市公安局,大专及以上,,,笔试+面试,,,招考批次：第一批；性别：男；年龄：30周岁以下；招聘人数：9；分数线：75.08；城市：六安,安徽 六安市直,https://www.xduim.com/zw/gafj,,
2025,公务员,2025安徽公安法检招录,六安市公安局金安分局,20250811 六安市公安局金安分局,高中（中专）及以上,,,笔试+面试,,,招考批次：第一批；性别：男；年龄：35周岁以下；招聘人数：15；分数线：52.14；城市：六安,安徽 金安区,https://www.xduim.com/zw/gafj,,
2025,公务员,2025安徽公安法检招录,六安市公安局金安分局,20250812 六安市公安局金安分局,大专及以上,,,笔试+面试,,,招考批次：第一批；性别：男；年龄：30周岁以下；招聘人数：15；分数线：71.99；城市：六安,安徽 金安区,https://www.xduim.com/zw/gafj,,
2025,公务员,2025安徽公安法检招录,六安市公安局裕安分局,20250813 六安市公安局裕安分局,高中（中专）及以上,,,笔试+面试,,,招考批次：第一批；性别：男；年龄：35周岁以下；招聘人数：15；分数线：57.23；城市：六安,安徽 裕安区,https://www.xduim.com/zw/gafj,,
2025,公务员,2025安徽公安法检招录,六安市公安局裕安分局,20250814 六安市公安局裕安分局,大专及以上,,,笔试+面试,,,招考批次：第一批；性别：男；年龄：30周岁以下；招聘人数：15；分数线：71.64；城市：六安,安徽 裕安区,https://www.xduim.com/zw/gafj,,
2025,公务员,2025安徽公安法检招录,六安市公安局裕安分局,20250815 六安市公安局裕安分局,大专及以上,,,笔试+面试,,,招考批次：第一批；性别：男；年龄：30周岁以下；招聘人数：12；分数线：71.92；城市：六安,安徽 裕安区,https://www.xduim.com/zw/gafj,,
2025,公务员,2025安徽公安法检招录,六安市公安局叶集分局,20250816 六安市公安局叶集分局,大专及以上,,,笔试+面试,,,招考批次：第一批；性别：男；年龄：30周岁以下；招聘人数：18；分数线：63.42；城市：六安,安徽 叶集区,https://www.xduim.com/zw/gafj,,
2025,公务员,2025安徽公安法检招录,六安市公安局叶集分局,20250817 六安市公安局叶集分局,大专及以上,,,笔试+面试,,,招考批次：第一批；性别：男；年龄：30周岁以下；招聘人数：11；分数线：69.71；城市：六安,安徽 叶集区,https://www.xduim.com/zw/gafj,,
2025,公务员,2025安徽公安法检招录,六安市公安局叶集分局,20250818 六安市公安局叶集分局,大专及以上,,,笔试+面试,,,招考批次：第一批；性别：女；年龄：30周岁以下；招聘人数：1；分数线：74.28；城市：六安,安徽 叶集区,https://www.xduim.com/zw/gafj,,
2025,公务员,2025安徽公安法检招录,霍邱县公安局,20250819 霍邱县公安局,大专及以上,,,笔试+面试,,,招考批次：第一批；性别：男；年龄：30周岁以下；招聘人数：14；分数线：64.85；城市：六安,安徽 霍邱县,https://www.xduim.com/zw/gafj,,
2025,公务员,2025安徽公安法检招录,霍邱县公安局,20250820 霍邱县公安局,高中（中专）及以上,,,笔试+面试,,,招考批次：第一批；性别：男；年龄：35周岁以下；招聘人数：13；分数线：37.25；城市：六安,安徽 霍邱县,https://www.xduim.com/zw/gafj,,
2025,公务员,2025安徽公安法检招录,合肥市公安局,251101 合肥市公安局,大专及以上,,,笔试+面试,,,招考批次：第一批；性别：男；招聘人数：25；分数线：34.88；城市：合肥,安徽 合肥市直,https://www.xduim.com/zw/gafj,,
2025,公务员,2025安徽公安法检招录,合肥市公安局,251102 合肥市公安局,大专及以上,,,笔试+面试,,,招考批次：第一批；性别：男；招聘人数：25；分数线：38.85；城市：合肥,安徽 合肥市直,https://www.xduim.com/zw/gafj,,
2025,公务员,2025安徽公安法检招录,合肥市公安局,251103 合肥市公安局,大专及以上,,,笔试+面试,,,招考批次：第一批；性别：男；招聘人数：25；分数线：32.19；城市：合肥,安徽 合肥市直,https://www.xduim.com/zw/gafj,,
2025,公务员,2025安徽公安法检招录,合肥市公安局,251104 合肥市公安局,大专及以上,,,笔试+面试,,,招考批次：第一批；性别：男；招聘人数：25；分数线：39.29；城市：合肥,安徽 合肥市直,https://www.xduim.com/zw/gafj,,
2025,公务员,2025安徽公安法检招录,合肥市公安局,251105 合肥市公安局,大专及以上,,,笔试+面试,,,招考批次：第一批；性别：男；招聘人数：25；分数线：31.82；城市：合肥,安徽 合肥市直,https://www.xduim.com/zw/gafj,,
2025,公务员,2025安徽公安法检招录,合肥市公安局,251106 合肥市公安局,大专及以上,,,笔试+面试,,,招考批次：第一批；性别：男；招聘人数：25；分数线：38.28；城市：合肥,安徽 合肥市直,https://www.xduim.com/zw/gafj,,
2025,公务员,2025安徽公安法检招录,合肥市公安局,251107 合肥市公安局,大专及以上,,,笔试+面试,,,招考批次：第一批；性别：女；招聘人数：20；分数线：40.91；城市：合肥,安徽 合肥市直,https://www.xduim.com/zw/gafj,,
2025,公务员,2025安徽公安法检招录,合肥市公安局,251108 合肥市公安局,大专及以上,,,笔试+面试,,,招考批次：第一批；性别：女；招聘人数：20；分数线：42.74；城市：合肥,安徽 合肥市直,https://www.xduim.com/zw/gafj,,
2025,公务员,2025安徽公安法检招录,合肥市公安局,251109 合肥市公安局,大专及以上,,,笔试+面试,,,招考批次：第一批；性别：女；招聘人数：20；分数线：44.84；城市：合肥,安徽 合肥市直,https://www.xduim.com/zw/gafj,,
2025,公务员,2025安徽公安法检招录,合肥市公安局,251110 合肥市公安局,高中（中专）及以上,,,笔试+面试,,,招考批次：第一批；性别：男；招聘人数：20；分数线：39.5；城市：合肥,安徽 合肥市直,https://www.xduim.com/zw/gafj,,
2025,公务员,2025安徽公安法检招录,合肥市公安局,251111 合肥市公安局,大专及以上,,,笔试+面试,,,招考批次：第一批；性别：女；招聘人数：20；分数线：42.02；城市：合肥,安徽 合肥市直,https://www.xduim.com/zw/gafj,,
2025,公务员,2025安徽公安法检招录,合肥市公安局,251112 合肥市公安局,大专及以上,,,笔试+面试,,,招考批次：第一批；性别：男；招聘人数：5；分数线：37.08；城市：合肥,安徽 合肥市直,https://www.xduim.com/zw/gafj,,
2025,公务员,2025安徽公安法检招录,合肥市公安局,251113 合肥市公安局,大专及以上,,,笔试+面试,,,招考批次：第一批；性别：男；招聘人数：25；分数线：38.85；城市：合肥,安徽 合肥市直,https://www.xduim.com/zw/gafj,,
2025,公务员,2025安徽公安法检招录,合肥市公安局,251114 合肥市公安局,大专及以上,,,笔试+面试,,,招考批次：第一批；性别：男；招聘人数：25；分数线：42.8；城市：合肥,安徽 合肥市直,https://www.xduim.com/zw/gafj,,
2025,公务员,2025安徽公安法检招录,合肥市公安局,251115 合肥市公安局,大专及以上,,,笔试+面试,,,招考批次：第一批；性别：男；招聘人数：25；分数线：36.36；城市：合肥,安徽 合肥市直,https://www.xduim.com/zw/gafj,,
2025,公务员,2025安徽公安法检招录,合肥市公安局,251116 合肥市公安局,大专及以上,,,笔试+面试,,,招考批次：第一批；性别：男；招聘人数：25；分数线：40.22；城市：合肥,安徽 合肥市直,https://www.xduim.com/zw/gafj,,
2025,公务员,2025安徽公安法检招录,合肥市公安局,251117 合肥市公安局,大专及以上,,,笔试+面试,,,招考批次：第一批；性别：男；招聘人数：25；分数线：34.95；城市：合肥,安徽 合肥市直,https://www.xduim.com/zw/gafj,,
2025,公务员,2025安徽公安法检招录,合肥市公安局,251118 合肥市公安局,大专及以上,,,笔试+面试,,,招考批次：第一批；性别：不限；招聘人数：5；分数线：25.64；城市：合肥,安徽 合肥市直,https://www.xduim.com/zw/gafj,,
2025,公务员,2025安徽公安法检招录,合肥市公安局,251119 合肥市公安局,高中（中专）及以上,,,笔试+面试,,,招考批次：第一批；性别：男；招聘人数：25；分数线：42.86；城市：合肥,安徽 合肥市直,https://www.xduim.com/zw/gafj,,
2025,公务员,2025安徽公安法检招录,合肥市公安局,251120 合肥市公安局,大专及以上,,,笔试+面试,,,招考批次：第一批；性别：男；招聘人数：5；分数线：47.16；城市：合肥,安徽 合肥市直,https://www.xduim.com/zw/gafj,,
2024,公务员,2024安徽公安法检招录,合肥市公安局,241001 合肥市公安局,大专及以上,,,笔试+面试,,,招考批次：第一批；性别：男；年龄：30周岁以下；招聘人数：20；分数线：43.0；城市：合肥,安徽 合肥市直,https://www.xduim.com/zw/gafj,,
2024,公务员,2024安徽公安法检招录,合肥市公安局,241002 合肥市公安局,大专及以上,,,笔试+面试,,,招考批次：第一批；性别：男；年龄：30周岁以下；招聘人数：20；分数线：48.02；城市：合肥,安徽 合肥市直,https://www.xduim.com/zw/gafj,,
2024,公务员,2024安徽公安法检招录,合肥市公安局,241003 合肥市公安局,大专及以上,,,笔试+面试,,,招考批次：第一批；性别：男；年龄：30周岁以下；招聘人数：20；分数线：41.14；城市：合肥,安徽 合肥市直,https://www.xduim.com/zw/gafj,,
2024,公务员,2024安徽公安法检招录,合肥市公安局,241004 合肥市公安局,大专及以上,,,笔试+面试,,,招考批次：第一批；性别：男；年龄：30周岁以下；招聘人数：20；分数线：42.38；城市：合肥,安徽 合肥市直,https://www.xduim.com/zw/gafj,,
2024,公务员,2024安徽公安法检招录,合肥市公安局,241005 合肥市公安局,大专及以上,,,笔试+面试,,,招考批次：第一批；性别：女；年龄：30周岁以下；招聘人数：20；分数线：56.75；城市：合肥,安徽 合肥市直,https://www.xduim.com/zw/gafj,,
2024,公务员,2024安徽公安法检招录,合肥市公安局,241006 合肥市公安局,大专及以上,,,笔试+面试,,,招考批次：第一批；性别：男；年龄：30周岁以下；招聘人数：20；分数线：49.34；城市：合肥,安徽 合肥市直,https://www.xduim.com/zw/gafj,,
2024,公务员,2024安徽公安法检招录,合肥市公安局,241007 合肥市公安局,大专及以上,,,笔试+面试,,,招考批次：第一批；性别：男；年龄：30周岁以下；招聘人数：20；分数线：50.03；城市：合肥,安徽 合肥市直,https://www.xduim.com/zw/gafj,,
2024,公务员,2024安徽公安法检招录,合肥市公安局,241008 合肥市公安局,大专及以上,,,笔试+面试,,,招考批次：第一批；性别：男；年龄：30周岁以下；招聘人数：20；分数线：50.26；城市：合肥,安徽 合肥市直,https://www.xduim.com/zw/gafj,,
2024,公务员,2024安徽公安法检招录,合肥市公安局,241009 合肥市公安局,大专及以上,,,笔试+面试,,,招考批次：第一批；性别：男；年龄：30周岁以下；招聘人数：20；分数线：51.96；城市：合肥,安徽 合肥市直,https://www.xduim.com/zw/gafj,,
2024,公务员,2024安徽公安法检招录,合肥市公安局,241010 合肥市公安局,大专及以上,,,笔试+面试,,,招考批次：第一批；性别：女；年龄：30周岁以下；招聘人数：10；分数线：61.23；城市：合肥,安徽 合肥市直,https://www.xduim.com/zw/gafj,,
2024,公务员,2024安徽公安法检招录,合肥市公安局,241011 合肥市公安局,大专及以上,,,笔试+面试,,,招考批次：第一批；性别：男；年龄：30周岁以下；招聘人数：10；分数线：47.41；城市：合肥,安徽 合肥市直,https://www.xduim.com/zw/gafj,,
2024,公务员,2024安徽公安法检招录,合肥市公安局,241012 合肥市公安局,大专及以上,,,笔试+面试,,,招考批次：第一批；性别：男；年龄：30周岁以下；招聘人数：15；分数线：45.4；城市：合肥,安徽 合肥市直,https://www.xduim.com/zw/gafj,,
2024,公务员,2024安徽公安法检招录,合肥市公安局,241013 合肥市公安局,大专及以上,,,笔试+面试,,,招考批次：第一批；性别：男；年龄：30周岁以下；招聘人数：15；分数线：47.94；城市：合肥,安徽 合肥市直,https://www.xduim.com/zw/gafj,,
2024,公务员,2024安徽公安法检招录,合肥市公安局,241014 合肥市公安局,大专及以上,,,笔试+面试,,,招考批次：第一批；性别：男；年龄：30周岁以下；招聘人数：15；分数线：45.79；城市：合肥,安徽 合肥市直,https://www.xduim.com/zw/gafj,,
2024,公务员,2024安徽公安法检招录,合肥市公安局,241015 合肥市公安局,大专及以上,,,笔试+面试,,,招考批次：第一批；性别：男；年龄：30周岁以下；招聘人数：16；分数线：44.78；城市：合肥,安徽 合肥市直,https://www.xduim.com/zw/gafj,,
2024,公务员,2024安徽公安法检招录,合肥市公安局,241016 合肥市公安局,大专及以上,,,笔试+面试,,,招考批次：第一批；性别：女；年龄：30周岁以下；招聘人数：10；分数线：59.93；城市：合肥,安徽 合肥市直,https://www.xduim.com/zw/gafj,,
2024,公务员,2024安徽公安法检招录,合肥市公安局,241017 合肥市公安局,大专及以上,,,笔试+面试,,,招考批次：第一批；性别：男；年龄：30周岁以下；招聘人数：5；分数线：46.55；城市：合肥,安徽 合肥市直,https://www.xduim.com/zw/gafj,,
2024,公务员,2024安徽公安法检招录,合肥市公安局,241018 合肥市公安局,大专及以上,,,笔试+面试,,,招考批次：第一批；性别：男；年龄：30周岁以下；招聘人数：5；分数线：41.92；城市：合肥,安徽 合肥市直,https://www.xduim.com/zw/gafj,,
2024,公务员,2024安徽公安法检招录,合肥市公安局,241019 合肥市公安局,大专及以上,,,笔试+面试,,,招考批次：第一批；性别：男；年龄：30周岁以下；招聘人数：10；分数线：56.91；城市：合肥,安徽 合肥市直,https://www.xduim.com/zw/gafj,,
2024,公务员,2024安徽公安法检招录,合肥市公安局,241020 合肥市公安局,本科及以上,,,笔试+面试,,,招考批次：第一批；性别：男；年龄：30周岁以下；招聘人数：3；分数线：54.59；城市：合肥,安徽 合肥市直,https://www.xduim.com/zw/gafj,,
2024,公务员,2024安徽公安法检招录,安庆市公安局,2024001 安庆市公安局,大专及以上,,,笔试+面试,,,招考批次：第一批；性别：男；年龄：30周岁以下；招聘人数：10；分数线：33.5；城市：安庆,安徽 安庆市直,https://www.xduim.com/zw/gafj,,
2024,公务员,2024安徽公安法检招录,安庆市公安局,2024002 安庆市公安局,大专及以上,,,笔试+面试,,,招考批次：第一批；性别：男；年龄：30周岁以下；招聘人数：10；分数线：41.0；城市：安庆,安徽 安庆市直,https://www.xduim.com/zw/gafj,,
2024,公务员,2024安徽公安法检招录,安庆市公安局,2024003 安庆市公安局,大专及以上,,,笔试+面试,,,招考批次：第一批；性别：男；年龄：30周岁以下；招聘人数：10；分数线：40.5；城市：安庆,安徽 安庆市直,https://www.xduim.com/zw/gafj,,
2024,公务员,2024安徽公安法检招录,安庆市公安局,2024004 安庆市公安局,大专及以上,,,笔试+面试,,,招考批次：第一批；性别：男；年龄：30周岁以下；招聘人数：10；分数线：45.5；城市：安庆,安徽 安庆市直,https://www.xduim.com/zw/gafj,,
2024,公务员,2024安徽公安法检招录,安庆市公安局,2024005 安庆市公安局,大专及以上,,,笔试+面试,,,招考批次：第一批；性别：男；年龄：30周岁以下；招聘人数：10；分数线：43.5；城市：安庆,安徽 安庆市直,https://www.xduim.com/zw/gafj,,
2024,公务员,2024安徽公安法检招录,安庆市公安局,2024006 安庆市公安局,大专及以上,,,笔试+面试,,,招考批次：第一批；性别：男；年龄：30周岁以下；招聘人数：10；分数线：38.5；城市：安庆,安徽 安庆市直,https://www.xduim.com/zw/gafj,,
2024,公务员,2024安徽公安法检招录,安庆市公安局,2024007 安庆市公安局,大专及以上,,,笔试+面试,,,招考批次：第一批；性别：男；年龄：30周岁以下；招聘人数：10；分数线：39.0；城市：安庆,安徽 安庆市直,https://www.xduim.com/zw/gafj,,
2024,公务员,2024安徽公安法检招录,安庆市公安局,2024008 安庆市公安局,大专及以上,,,笔试+面试,,,招考批次：第一批；性别：男；年龄：30周岁以下；招聘人数：10；分数线：41.5；城市：安庆,安徽 安庆市直,https://www.xduim.com/zw/gafj,,
2024,公务员,2024安徽公安法检招录,安庆市公安局,2024009 安庆市公安局,大专及以上,,,笔试+面试,,,招考批次：第一批；性别：男；年龄：30周岁以下；招聘人数：10；分数线：33.5；城市：安庆,安徽 安庆市直,https://www.xduim.com/zw/gafj,,
2024,公务员,2024安徽公安法检招录,安庆市公安局,2024010 安庆市公安局,大专及以上,,,笔试+面试,,,招考批次：第一批；性别：男；年龄：30周岁以下；招聘人数：10；分数线：43.0；城市：安庆,安徽 安庆市直,https://www.xduim.com/zw/gafj,,
2024,公务员,2024安徽公安法检招录,安庆市公安局,2024011 安庆市公安局,大专及以上,,,笔试+面试,,,招考批次：第一批；性别：男；年龄：30周岁以下；招聘人数：10；分数线：41.5；城市：安庆,安徽 安庆市直,https://www.xduim.com/zw/gafj,,
2024,公务员,2024安徽公安法检招录,安庆市公安局,2024012 安庆市公安局,大专及以上,,,笔试+面试,,,招考批次：第一批；性别：男；年龄：30周岁以下；招聘人数：9；分数线：41.5；城市：安庆,安徽 安庆市直,https://www.xduim.com/zw/gafj,,
2024,公务员,2024安徽公安法检招录,安庆市公安局,2024013 安庆市公安局,大专及以上,,,笔试+面试,,,招考批次：第一批；性别：男；年龄：30周岁以下；招聘人数：9；分数线：43.0；城市：安庆,安徽 安庆市直,https://www.xduim.com/zw/gafj,,
2024,公务员,2024安徽公安法检招录,安庆市公安局,2024014 安庆市公安局,大专及以上,,,笔试+面试,,,招考批次：第一批；性别：男；年龄：30周岁以下；招聘人数：9；分数线：41.5；城市：安庆,安徽 安庆市直,https://www.xduim.com/zw/gafj,,
2024,公务员,2024安徽公安法检招录,安庆市公安局,2024015 安庆市公安局,大专及以上,,,笔试+面试,,,招考批次：第一批；性别：男；年龄：30周岁以下；招聘人数：9；分数线：43.5；城市：安庆,安徽 安庆市直,https://www.xduim.com/zw/gafj,,
2024,公务员,2024安徽公安法检招录,安庆市公安局,2024016 安庆市公安局,大专及以上,,,笔试+面试,,,招考批次：第一批；性别：男；年龄：30周岁以下；招聘人数：9；分数线：35.0；城市：安庆,安徽 安庆市直,https://www.xduim.com/zw/gafj,,
2024,公务员,2024安徽公安法检招录,安庆市公安局,2024017 安庆市公安局,大专及以上,,,笔试+面试,,,招考批次：第一批；性别：不限；年龄：30周岁以下；招聘人数：5；分数线：47.0；城市：安庆,安徽 安庆市直,https://www.xduim.com/zw/gafj,,
2024,公务员,2024安徽公安法检招录,安庆市公安局,2024018 安庆市公安局,大专及以上,,,笔试+面试,,,招考批次：第一批；性别：不限；年龄：30周岁以下；招聘人数：5；分数线：62.5；城市：安庆,安徽 安庆市直,https://www.xduim.com/zw/gafj,,
2024,公务员,2024安徽公安法检招录,安庆市公安局,2024019 安庆市公安局,大专及以上,,,笔试+面试,,,招考批次：第一批；性别：男；年龄：30周岁以下；招聘人数：2；分数线：48.0；城市：安庆,安徽 安庆市直,https://www.xduim.com/zw/gafj,,
2024,公务员,2024安徽公安法检招录,桐城市公安局,2024101 桐城市公安局,大专及以上,,,笔试+面试,,,招考批次：第一批；性别：男；年龄：35周岁以下；招聘人数：4；分数线：50.5；城市：安庆,安徽 桐城市,https://www.xduim.com/zw/gafj,,
2025,公务员,2025安徽公安法检招录,瑶海分局,2520101 瑶海分局,大专及以上,,,笔试+面试,,,招考批次：第二批；性别：男；招聘人数：27；分数线：42.91；城市：合肥,安徽 瑶海区,https://www.xduim.com/zw/gafj,,
2025,公务员,2025安徽公安法检招录,庐阳分局,2520201 庐阳分局,本科及以上,,,笔试+面试,,,招考批次：第二批；性别：女；招聘人数：1；分数线：50.24；城市：合肥,安徽 庐阳区,https://www.xduim.com/zw/gafj,,
2025,公务员,2025安徽公安法检招录,庐阳分局,2520202 庐阳分局,高中及以上,,,笔试+面试,,,招考批次：第二批；性别：不限；招聘人数：2；分数线：41.35；城市：合肥,安徽 庐阳区,https://www.xduim.com/zw/gafj,,
2025,公务员,2025安徽公安法检招录,庐阳分局,2520203 庐阳分局,高中及以上,,,笔试+面试,,,招考批次：第二批；性别：男；招聘人数：10；分数线：41.5；城市：合肥,安徽 庐阳区,https://www.xduim.com/zw/gafj,,
2025,公务员,2025安徽公安法检招录,庐阳分局,2520204 庐阳分局,大专及以上,,,笔试+面试,,,招考批次：第二批；性别：男；招聘人数：4；分数线：38.2；城市：合肥,安徽 庐阳区,https://www.xduim.com/zw/gafj,,
2025,公务员,2025安徽公安法检招录,蜀山分局,2520301 蜀山分局,大专及以上,,,笔试+面试,,,招考批次：第二批；性别：男；招聘人数：28；分数线：36.29；城市：合肥,安徽 蜀山区,https://www.xduim.com/zw/gafj,,
2025,公务员,2025安徽公安法检招录,蜀山分局,2520302 蜀山分局,高中及以上,,,笔试+面试,,,招考批次：第二批；性别：男；招聘人数：9；分数线：39.43；城市：合肥,安徽 蜀山区,https://www.xduim.com/zw/gafj,,
2025,公务员,2025安徽公安法检招录,蜀山分局,2520303 蜀山分局,高中及以上,,,笔试+面试,,,招考批次：第二批；性别：女；招聘人数：1；分数线：43.19；城市：合肥,安徽 蜀山区,https://www.xduim.com/zw/gafj,,
2025,公务员,2025安徽公安法检招录,蜀山分局,2520304 蜀山分局,本科及以上,,,笔试+面试,,,招考批次：第二批；性别：女；招聘人数：1；分数线：44.66；城市：合肥,安徽 蜀山区,https://www.xduim.com/zw/gafj,,
2025,公务员,2025安徽公安法检招录,包河分局,2520401 包河分局,大专及以上,,,笔试+面试,,,招考批次：第二批；性别：男；招聘人数：20；分数线：35.58；城市：合肥,安徽 包河区,https://www.xduim.com/zw/gafj,,
2025,公务员,2025安徽公安法检招录,包河分局,2520402 包河分局,大专及以上,,,笔试+面试,,,招考批次：第二批；性别：男；招聘人数：15；分数线：39.03；城市：合肥,安徽 包河区,https://www.xduim.com/zw/gafj,,
2025,公务员,2025安徽公安法检招录,包河分局,2520403 包河分局,高中及以上,,,笔试+面试,,,招考批次：第二批；性别：男；招聘人数：11；分数线：34.3；城市：合肥,安徽 包河区,https://www.xduim.com/zw/gafj,,
2025,公务员,2025安徽公安法检招录,高新技术产业 开发区分局,2520501 高新技术产业 开发区分局,大专及以上,,,笔试+面试,,,招考批次：第二批；性别：女；招聘人数：1；分数线：47.9；城市：合肥,安徽 高新区,https://www.xduim.com/zw/gafj,,
2025,公务员,2025安徽公安法检招录,高新技术产业 开发区分局,2520502 高新技术产业 开发区分局,大专及以上,,,笔试+面试,,,招考批次：第二批；性别：男；招聘人数：16；分数线：39.73；城市：合肥,安徽 高新区,https://www.xduim.com/zw/gafj,,
2025,公务员,2025安徽公安法检招录,高新技术产业 开发区分局,2520503 高新技术产业 开发区分局,大专及以上,,,笔试+面试,,,招考批次：第二批；性别：男；招聘人数：17；分数线：40.54；城市：合肥,安徽 高新区,https://www.xduim.com/zw/gafj,,
2025,公务员,2025安徽公安法检招录,高新技术产业 开发区分局,2520504 高新技术产业 开发区分局,高中及以上,,,笔试+面试,,,招考批次：第二批；性别：不限；招聘人数：2；分数线：41.38；城市：合肥,安徽 高新区,https://www.xduim.com/zw/gafj,,
2025,公务员,2025安徽公安法检招录,高新技术产业 开发区分局,2520505 高新技术产业 开发区分局,高中及以上,,,笔试+面试,,,招考批次：第二批；性别：男；招聘人数：10；分数线：40.77；城市：合肥,安徽 高新区,https://www.xduim.com/zw/gafj,,
2025,公务员,2025安徽公安法检招录,高新技术产业 开发区分局,2520506 高新技术产业 开发区分局,本科及以上,,,笔试+面试,,,招考批次：第二批；性别：男；招聘人数：2；分数线：35.98；城市：合肥,安徽 高新区,https://www.xduim.com/zw/gafj,,
2025,公务员,2025安徽公安法检招录,经济技术 开发区分局,2520601 经济技术 开发区分局,大专及以上,,,笔试+面试,,,招考批次：第二批；性别：男；招聘人数：25；分数线：43.37；城市：合肥,安徽 经开区,https://www.xduim.com/zw/gafj,,
2025,公务员,2025安徽公安法检招录,经济技术 开发区分局,2520602 经济技术 开发区分局,大专及以上,,,笔试+面试,,,招考批次：第二批；性别：男；招聘人数：25；分数线：41.06；城市：合肥,安徽 经开区,https://www.xduim.com/zw/gafj,,
2024,公务员,2024安徽公安法检招录,安庆市公安局,2024001 安庆市公安局,大专及以上,,,笔试+面试,,,招考批次：第二批；性别：男；年龄：30周岁以下；招聘人数：84；城市：安庆,安徽 安庆市直,https://www.xduim.com/zw/gafj,,
2024,公务员,2024安徽公安法检招录,安徽省公安厅,3000001 安徽省公安厅,大专及以上,,,笔试+面试,,,招考批次：第一批；性别：女；年龄：35周岁以下；招聘人数：8；分数线：79.64；城市：安徽,安徽 省直,https://www.xduim.com/zw/gafj,,
2024,公务员,2024安徽公安法检招录,安徽省公安厅,3000002 安徽省公安厅,大专及以上,,,笔试+面试,,,招考批次：第一批；性别：男；年龄：35周岁以下；招聘人数：13；分数线：70.28；城市：安徽,安徽 省直,https://www.xduim.com/zw/gafj,,
2024,公务员,2024安徽公安法检招录,安徽省公安厅,3000003 安徽省公安厅,大专及以上,,,笔试+面试,,,招考批次：第一批；性别：男；年龄：35周岁以下；招聘人数：13；分数线：68.84；城市：安徽,安徽 省直,https://www.xduim.com/zw/gafj,,
2024,公务员,2024安徽公安法检招录,安徽省公安厅,3000004 安徽省公安厅,大专及以上,,,笔试+面试,,,招考批次：第一批；性别：男；年龄：35周岁以下；招聘人数：13；分数线：70.4；城市：安徽,安徽 省直,https://www.xduim.com/zw/gafj,,
2024,公务员,2024安徽公安法检招录,安徽省公安厅,3000005 安徽省公安厅,大专及以上,,,笔试+面试,,,招考批次：第一批；性别：男；年龄：35周岁以下；招聘人数：13；分数线：69.68；城市：安徽,安徽 省直,https://www.xduim.com/zw/gafj,,
2024,公务员,2024安徽公安法检招录,市局直属单位,240101 市局直属单位,大专及以上,,,笔试+面试,,,招考批次：第二批；性别：男；年龄：18周岁至35周岁；招聘人数：76；城市：宣城,安徽 宣城市直,https://www.xduim.com/zw/gafj,,
2024,公务员,2024安徽公安法检招录,市局直属单位,240102 市局直属单位,大专及以上,,,笔试+面试,,,招考批次：第二批；性别：女；年龄：18周岁至35周岁；招聘人数：4；城市：宣城,安徽 宣城市直,https://www.xduim.com/zw/gafj,,
2024,公务员,2024安徽公安法检招录,郎溪县公安局,240401 郎溪县公安局,大专及以上,,,笔试+面试,,,招考批次：第二批；性别：男；年龄：18周岁至35周岁；招聘人数：26；城市：宣城,安徽 郎溪县,https://www.xduim.com/zw/gafj,,
2024,公务员,2024安徽公安法检招录,郎溪县公安局,240402 郎溪县公安局,大专及以上,,,笔试+面试,,,招考批次：第二批；性别：女；年龄：18周岁至35周岁；招聘人数：2；城市：宣城,安徽 郎溪县,https://www.xduim.com/zw/gafj,,
2024,公务员,2024安徽公安法检招录,广德市公安局,240501 广德市公安局,大专及以上,,,笔试+面试,,,招考批次：第二批；性别：男；年龄：18周岁至35周岁；招聘人数：26；城市：宣城,安徽 广德市,https://www.xduim.com/zw/gafj,,
2024,公务员,2024安徽公安法检招录,广德市公安局,240502 广德市公安局,大专及以上,,,笔试+面试,,,招考批次：第二批；性别：女；年龄：18周岁至35周岁；招聘人数：2；城市：宣城,安徽 广德市,https://www.xduim.com/zw/gafj,,
2024,公务员,2024安徽公安法检招录,宁国市公安局,240601 宁国市公安局,大专及以上,,,笔试+面试,,,招考批次：第二批；性别：男；年龄：18周岁至35周岁；招聘人数：26；城市：宣城,安徽 宁国市,https://www.xduim.com/zw/gafj,,
2024,公务员,2024安徽公安法检招录,宁国市公安局,240602 宁国市公安局,大专及以上,,,笔试+面试,,,招考批次：第二批；性别：女；年龄：18周岁至35周岁；招聘人数：2；城市：宣城,安徽 宁国市,https://www.xduim.com/zw/gafj,,
2024,公务员,2024安徽公安法检招录,泾县公安局,240701 泾县公安局,大专及以上,,,笔试+面试,,,招考批次：第二批；性别：男；年龄：18周岁至35周岁；招聘人数：24；城市：宣城,安徽 泾县,https://www.xduim.com/zw/gafj,,
2024,公务员,2024安徽公安法检招录,泾县公安局,240702 泾县公安局,大专及以上,,,笔试+面试,,,招考批次：第二批；性别：女；年龄：18周岁至35周岁；招聘人数：2；城市：宣城,安徽 泾县,https://www.xduim.com/zw/gafj,,
2024,公务员,2024安徽公安法检招录,绩溪县公安局,240801 绩溪县公安局,大专及以上,,,笔试+面试,,,招考批次：第二批；性别：男；年龄：18周岁至35周岁；招聘人数：13；城市：宣城,安徽 绩溪县,https://www.xduim.com/zw/gafj,,
2025,公务员,2025安徽公安法检招录,市局直属单位,250101 市局直属单位,大专及以上,,,笔试+面试,,,招考批次：第一批；性别：男；年龄：18周岁至35周岁；招聘人数：17；城市：宣城,安徽 宣城市直,https://www.xduim.com/zw/gafj,,
2025,公务员,2025安徽公安法检招录,市局直属单位,250102 市局直属单位,大专及以上,,,笔试+面试,,,招考批次：第一批；性别：女；年龄：18周岁至35周岁；招聘人数：1；城市：宣城,安徽 宣城市直,https://www.xduim.com/zw/gafj,,
2025,公务员,2025安徽公安法检招录,市局直属单位,250103 市局直属单位,大专及以上,,,笔试+面试,,,招考批次：第一批；性别：男；年龄：18周岁至35周岁；招聘人数：19；城市：宣城,安徽 宣城市直,https://www.xduim.com/zw/gafj,,
2025,公务员,2025安徽公安法检招录,市局直属单位,250104 市局直属单位,大专及以上,,,笔试+面试,,,招考批次：第一批；性别：男；年龄：18周岁至35周岁；招聘人数：2；城市：宣城,安徽 宣城市直,https://www.xduim.com/zw/gafj,,
2025,公务员,2025安徽公安法检招录,市局直属单位,250105 市局直属单位,大专及以上,,,笔试+面试,,,招考批次：第一批；性别：女；年龄：18周岁至35周岁；招聘人数：1；城市：宣城,安徽 宣城市直,https://www.xduim.com/zw/gafj,,
2025,公务员,2025安徽公安法检招录,市局直属单位,250106 市局直属单位,大专及以上,,,笔试+面试,,,招考批次：第一批；性别：男；年龄：18周岁至35周岁；招聘人数：2；城市：宣城,安徽 宣城市直,https://www.xduim.com/zw/gafj,,
2025,公务员,2025安徽公安法检招录,市局直属单位,250107 市局直属单位,大专及以上,,,笔试+面试,,,招考批次：第一批；性别：女；年龄：18周岁至35周岁；招聘人数：1；城市：宣城,安徽 宣城市直,https://www.xduim.com/zw/gafj,,
2025,公务员,2025安徽公安法检招录,市局直属单位,250108 市局直属单位,大专及以上,,,笔试+面试,,,招考批次：第一批；性别：男；年龄：18周岁至35周岁；招聘人数：1；城市：宣城,安徽 宣城市直,https://www.xduim.com/zw/gafj,,
2025,公务员,2025安徽公安法检招录,市局直属单位,250109 市局直属单位,大专及以上,,,笔试+面试,,,招考批次：第一批；性别：男；年龄：18周岁至35周岁；招聘人数：1；城市：宣城,安徽 宣城市直,https://www.xduim.com/zw/gafj,,
2025,公务员,2025安徽公安法检招录,市局直属单位,250110 市局直属单位,大专及以上,,,笔试+面试,,,招考批次：第一批；性别：男；年龄：18周岁至35周岁；招聘人数：15；分数线：42.0；城市：宣城,安徽 宣城市直,https://www.xduim.com/zw/gafj,,
2025,公务员,2025安徽公安法检招录,宣州分局,250201 宣州分局,大专及以上,,,笔试+面试,,,招考批次：第一批；性别：男；年龄：18周岁至35周岁；招聘人数：3；城市：宣城,安徽 宣州区,https://www.xduim.com/zw/gafj,,
2025,公务员,2025安徽公安法检招录,宣州分局,250202 宣州分局,大专及以上,,,笔试+面试,,,招考批次：第一批；性别：男；年龄：18周岁至35周岁；招聘人数：27；分数线：54.0；城市：宣城,安徽 宣州区,https://www.xduim.com/zw/gafj,,
2025,公务员,2025安徽公安法检招录,宣州分局,250203 宣州分局,大专及以上,,,笔试+面试,,,招考批次：第一批；性别：男；年龄：18周岁至35周岁；招聘人数：23；分数线：69.0；城市：宣城,安徽 宣州区,https://www.xduim.com/zw/gafj,,
2025,公务员,2025安徽公安法检招录,宣州分局,250204 宣州分局,大专及以上,,,笔试+面试,,,招考批次：第一批；性别：女；年龄：18周岁至35周岁；招聘人数：5；分数线：84.0；城市：宣城,安徽 宣州区,https://www.xduim.com/zw/gafj,,
2025,公务员,2025安徽公安法检招录,广德市公安局,250501 广德市公安局,大专及以上,,,笔试+面试,,,招考批次：第一批；性别：男；年龄：18周岁至30周岁；招聘人数：31；分数线：46.4；城市：宣城,安徽 广德市,https://www.xduim.com/zw/gafj,,
2025,公务员,2025安徽公安法检招录,广德市公安局,250502 广德市公安局,大专及以上,,,笔试+面试,,,招考批次：第一批；性别：男；年龄：18周岁至30周岁；招聘人数：29；分数线：44.65；城市：宣城,安徽 广德市,https://www.xduim.com/zw/gafj,,
2025,公务员,2025安徽公安法检招录,宁国市公安局,250601 宁国市公安局,大专及以上,,,笔试+面试,,,招考批次：第一批；性别：男；年龄：18周岁至35周岁；招聘人数：3；分数线：54.8；城市：宣城,安徽 宁国市,https://www.xduim.com/zw/gafj,,
2025,公务员,2025安徽公安法检招录,宁国市公安局,250602 宁国市公安局,大专及以上,,,笔试+面试,,,招考批次：第一批；性别：女；年龄：18周岁至35周岁；招聘人数：1；分数线：69.5；城市：宣城,安徽 宁国市,https://www.xduim.com/zw/gafj,,
2025,公务员,2025安徽公安法检招录,宁国市公安局,250603 宁国市公安局,大专及以上,,,笔试+面试,,,招考批次：第一批；性别：男；年龄：18周岁至35周岁；招聘人数：12；分数线：57.0；城市：宣城,安徽 宁国市,https://www.xduim.com/zw/gafj,,
2025,公务员,2025安徽公安法检招录,宁国市公安局,250604 宁国市公安局,大专及以上,,,笔试+面试,,,招考批次：第一批；性别：男；年龄：18周岁至35周岁；招聘人数：11；分数线：46.5；城市：宣城,安徽 宁国市,https://www.xduim.com/zw/gafj,,
2024,公务员,2024安徽公安法检招录,市局直属单位,240101 市局直属单位,大专及以上,,,笔试+面试,,,招考批次：第一批；性别：男；年龄：35周岁以下；招聘人数：50；城市：宣城,安徽 宣城市直,https://www.xduim.com/zw/gafj,,
2024,公务员,2024安徽公安法检招录,市局直属单位,240102 市局直属单位,大专及以上,,,笔试+面试,,,招考批次：第一批；性别：男；年龄：30周岁以下；招聘人数：8；城市：宣城,安徽 宣城市直,https://www.xduim.com/zw/gafj,,
2024,公务员,2024安徽公安法检招录,市局直属单位,240103 市局直属单位,高中（中专）及以上,,,笔试+面试,,,招考批次：第一批；性别：男；年龄：35周岁以下；招聘人数：5；城市：宣城,安徽 宣城市直,https://www.xduim.com/zw/gafj,,
2024,公务员,2024安徽公安法检招录,市局直属单位,240104 市局直属单位,高中（中专）及以上,,,笔试+面试,,,招考批次：第一批；性别：男；年龄：35周岁以下；招聘人数：4；城市：宣城,安徽 宣城市直,https://www.xduim.com/zw/gafj,,
2024,公务员,2024安徽公安法检招录,市局直属单位,240105 市局直属单位,高中（中专）及以上,,,笔试+面试,,,招考批次：第一批；性别：男；年龄：35周岁以下；招聘人数：2；城市：宣城,安徽 宣城市直,https://www.xduim.com/zw/gafj,,
2024,公务员,2024安徽公安法检招录,市局直属单位,240106 市局直属单位,大专及以上,,,笔试+面试,,,招考批次：第一批；性别：女；年龄：35周岁以下；招聘人数：3；城市：宣城,安徽 宣城市直,https://www.xduim.com/zw/gafj,,
2024,公务员,2024安徽公安法检招录,市局直属单位,240107 市局直属单位,大专及以上,,,笔试+面试,,,招考批次：第一批；性别：男；年龄：35周岁以下；招聘人数：2；城市：宣城,安徽 宣城市直,https://www.xduim.com/zw/gafj,,
2024,公务员,2024安徽公安法检招录,市局直属单位,240108 市局直属单位,大专及以上,,,笔试+面试,,,招考批次：第一批；性别：男；年龄：35周岁以下；招聘人数：5；城市：宣城,安徽 宣城市直,https://www.xduim.com/zw/gafj,,
2024,公务员,2024安徽公安法检招录,宣州分局,240201 宣州分局,大专及以上,,,笔试+面试,,,招考批次：第一批；性别：男；年龄：35周岁以下；招聘人数：15；城市：宣城,安徽 宣州区,https://www.xduim.com/zw/gafj,,
2024,公务员,2024安徽公安法检招录,宣州分局,240202 宣州分局,大专及以上,,,笔试+面试,,,招考批次：第一批；性别：男；年龄：35周岁以下；招聘人数：37；城市：宣城,安徽 宣州区,https://www.xduim.com/zw/gafj,,
2024,公务员,2024安徽公安法检招录,宣州分局,240203 宣州分局,大专及以上,,,笔试+面试,,,招考批次：第一批；性别：男；年龄：35周岁以下；招聘人数：20；城市：宣城,安徽 宣州区,https://www.xduim.com/zw/gafj,,
2024,公务员,2024安徽公安法检招录,宣州分局,240204 宣州分局,大专及以上,,,笔试+面试,,,招考批次：第一批；性别：女；年龄：35周岁以下；招聘人数：1；城市：宣城,安徽 宣州区,https://www.xduim.com/zw/gafj,,
2024,公务员,2024安徽公安法检招录,宣州分局,240205 宣州分局,大专及以上,,,笔试+面试,,,招考批次：第一批；性别：女；年龄：35周岁以下；招聘人数：1；城市：宣城,安徽 宣州区,https://www.xduim.com/zw/gafj,,
2024,公务员,2024安徽公安法检招录,宣州分局,240206 宣州分局,大专及以上,,,笔试+面试,,,招考批次：第一批；性别：女；年龄：35周岁以下；招聘人数：1；城市：宣城,安徽 宣州区,https://www.xduim.com/zw/gafj,,
2024,公务员,2024安徽公安法检招录,经开分局,240301 经开分局,大专及以上,,,笔试+面试,,,招考批次：第一批；性别：男；年龄：35周岁以下；招聘人数：6；城市：宣城,安徽 经开区,https://www.xduim.com/zw/gafj,,
2024,公务员,2024安徽公安法检招录,经开分局,240302 经开分局,大专及以上,,,笔试+面试,,,招考批次：第一批；性别：男；年龄：35周岁以下；招聘人数：9；城市：宣城,安徽 经开区,https://www.xduim.com/zw/gafj,,
2024,公务员,2024安徽公安法检招录,郎溪县公安局,240401 郎溪县公安局,大专及以上,,,笔试+面试,,,招考批次：第一批；性别：男；年龄：35周岁以下；招聘人数：30；城市：宣城,安徽 郎溪县,https://www.xduim.com/zw/gafj,,
2024,公务员,2024安徽公安法检招录,广德市公安局,240501 广德市公安局,大专及以上,,,笔试+面试,,,招考批次：第一批；性别：男；年龄：30周岁以下；招聘人数：25；城市：宣城,安徽 广德市,https://www.xduim.com/zw/gafj,,
2024,公务员,2024安徽公安法检招录,广德市公安局,240502 广德市公安局,大专及以上,,,笔试+面试,,,招考批次：第一批；性别：男；年龄：30周岁以下；招聘人数：55；城市：宣城,安徽 广德市,https://www.xduim.com/zw/gafj,,
2024,公务员,2024安徽公安法检招录,宁国市公安局,240601 宁国市公安局,大专及以上,,,笔试+面试,,,招考批次：第一批；性别：男；年龄：30周岁以下；招聘人数：38；城市：宣城,安徽 宁国市,https://www.xduim.com/zw/gafj,,
2024,公务员,2024安徽公安法检招录,宿州市公安局,1 宿州市公安局,大专及以上,,,笔试+面试,,,招考批次：第三批；性别：男；年龄：35周岁以下；招聘人数：20；城市：宿州,安徽 宿州市直,https://www.xduim.com/zw/gafj,,
2024,公务员,2024安徽公安法检招录,宿州市公安局,2 宿州市公安局,大专及以上,,,笔试+面试,,,招考批次：第三批；性别：男；年龄：35周岁以下；招聘人数：20；城市：宿州,安徽 宿州市直,https://www.xduim.com/zw/gafj,,
2024,公务员,2024安徽公安法检招录,宿州市公安局,3 宿州市公安局,大专及以上,,,笔试+面试,,,招考批次：第三批；性别：男；年龄：35周岁以下；招聘人数：14；城市：宿州,安徽 宿州市直,https://www.xduim.com/zw/gafj,,
2024,公务员,2024安徽公安法检招录,宿州市公安局,4 宿州市公安局,大专及以上,,,笔试+面试,,,招考批次：第三批；性别：女；年龄：35周岁以下；招聘人数：6；城市：宿州,安徽 宿州市直,https://www.xduim.com/zw/gafj,,
2024,公务员,2024安徽公安法检招录,埇桥分局,5 埇桥分局,大专及以上,,,笔试+面试,,,招考批次：第三批；性别：男；年龄：35周岁以下；招聘人数：20；城市：宿州,安徽 埇桥区,https://www.xduim.com/zw/gafj,,
2024,公务员,2024安徽公安法检招录,埇桥分局,6 埇桥分局,大专及以上,,,笔试+面试,,,招考批次：第三批；性别：男；年龄：35周岁以下；招聘人数：20；城市：宿州,安徽 埇桥区,https://www.xduim.com/zw/gafj,,
2024,公务员,2024安徽公安法检招录,埇桥分局,7 埇桥分局,大专及以上,,,笔试+面试,,,招考批次：第三批；性别：男；年龄：35周岁以下；招聘人数：10；城市：宿州,安徽 埇桥区,https://www.xduim.com/zw/gafj,,
2024,公务员,2024安徽公安法检招录,砀山县公安局,8 砀山县公安局,大专及以上,,,笔试+面试,,,招考批次：第三批；性别：男；年龄：35周岁以下；招聘人数：20；城市：宿州,安徽 砀山县,https://www.xduim.com/zw/gafj,,
2024,公务员,2024安徽公安法检招录,砀山县公安局,9 砀山县公安局,大专及以上,,,笔试+面试,,,招考批次：第三批；性别：男；年龄：35周岁以下；招聘人数：20；城市：宿州,安徽 砀山县,https://www.xduim.com/zw/gafj,,
2024,公务员,2024安徽公安法检招录,砀山县公安局,10 砀山县公安局,大专及以上,,,笔试+面试,,,招考批次：第三批；性别：男；年龄：35周岁以下；招聘人数：14；城市：宿州,安徽 砀山县,https://www.xduim.com/zw/gafj,,
2024,公务员,2024安徽公安法检招录,萧县公安局,11 萧县公安局,大专及以上,,,笔试+面试,,,招考批次：第三批；性别：男；年龄：35周岁以下；招聘人数：20；城市：宿州,安徽 萧县,https://www.xduim.com/zw/gafj,,
2024,公务员,2024安徽公安法检招录,萧县公安局,12 萧县公安局,大专及以上,,,笔试+面试,,,招考批次：第三批；性别：男；年龄：35周岁以下；招聘人数：20；城市：宿州,安徽 萧县,https://www.xduim.com/zw/gafj,,
2024,公务员,2024安徽公安法检招录,萧县公安局,13 萧县公安局,大专及以上,,,笔试+面试,,,招考批次：第三批；性别：男；年龄：35周岁以下；招聘人数：20；城市：宿州,安徽 萧县,https://www.xduim.com/zw/gafj,,
2024,公务员,2024安徽公安法检招录,灵璧县公安局,14 灵璧县公安局,大专及以上,,,笔试+面试,,,招考批次：第三批；性别：男；年龄：35周岁以下；招聘人数：20；城市：宿州,安徽 灵璧县,https://www.xduim.com/zw/gafj,,
2024,公务员,2024安徽公安法检招录,灵璧县公安局,15 灵璧县公安局,大专及以上,,,笔试+面试,,,招考批次：第三批；性别：男；年龄：35周岁以下；招聘人数：20；城市：宿州,安徽 灵璧县,https://www.xduim.com/zw/gafj,,
2024,公务员,2024安徽公安法检招录,灵璧县公安局,16 灵璧县公安局,大专及以上,,,笔试+面试,,,招考批次：第三批；性别：男；年龄：35周岁以下；招聘人数：16；城市：宿州,安徽 灵璧县,https://www.xduim.com/zw/gafj,,
2024,公务员,2024安徽公安法检招录,泗县公安局,17 泗县公安局,大专及以上,,,笔试+面试,,,招考批次：第三批；性别：男；年龄：35周岁以下；招聘人数：20；城市：宿州,安徽 泗县,https://www.xduim.com/zw/gafj,,
2024,公务员,2024安徽公安法检招录,泗县公安局,18 泗县公安局,大专及以上,,,笔试+面试,,,招考批次：第三批；性别：男；年龄：35周岁以下；招聘人数：18；城市：宿州,安徽 泗县,https://www.xduim.com/zw/gafj,,
2024,公务员,2024安徽公安法检招录,泗县公安局,19 泗县公安局,大专及以上,,,笔试+面试,,,招考批次：第三批；性别：女；年龄：35周岁以下；招聘人数：12；城市：宿州,安徽 泗县,https://www.xduim.com/zw/gafj,,
2024,公务员,2024安徽公安法检招录,宿州市公安局,2024001 宿州市公安局,大专及以上,,,笔试+面试,,,招考批次：第一批；性别：男；年龄：35周岁以下；招聘人数：15；分数线：65.9；城市：宿州,安徽 宿州市直,https://www.xduim.com/zw/gafj,,
2024,公务员,2024安徽公安法检招录,宿州市公安局,2024002 宿州市公安局,大专及以上,,,笔试+面试,,,招考批次：第一批；性别：男；年龄：35周岁以下；招聘人数：10；分数线：66.5；城市：宿州,安徽 宿州市直,https://www.xduim.com/zw/gafj,,
2024,公务员,2024安徽公安法检招录,宿州市公安局,2024003 宿州市公安局,本科及以上,,,笔试+面试,,,招考批次：第一批；性别：男；年龄：30周岁以下；招聘人数：1；分数线：68.4；城市：宿州,安徽 宿州市直,https://www.xduim.com/zw/gafj,,
2024,公务员,2024安徽公安法检招录,宿州市公安局,2024004 宿州市公安局,本科及以上,,,笔试+面试,,,招考批次：第一批；性别：男；年龄：25周岁以下；招聘人数：1；分数线：74.9；城市：宿州,安徽 宿州市直,https://www.xduim.com/zw/gafj,,
2024,公务员,2024安徽公安法检招录,宿州市公安局,2024005 宿州市公安局,本科及以上,,,笔试+面试,,,招考批次：第一批；性别：男；年龄：25周岁以下；招聘人数：1；分数线：64.5；城市：宿州,安徽 宿州市直,https://www.xduim.com/zw/gafj,,
2024,公务员,2024安徽公安法检招录,宿州市公安局,2024006 宿州市公安局,本科及以上,,,笔试+面试,,,招考批次：第一批；性别：男；年龄：25周岁以下；招聘人数：1；分数线：67.7；城市：宿州,安徽 宿州市直,https://www.xduim.com/zw/gafj,,
2024,公务员,2024安徽公安法检招录,宿州市公安局,2024007 宿州市公安局,本科及以上,,,笔试+面试,,,招考批次：第一批；性别：男；年龄：25周岁以下；招聘人数：1；分数线：69.7；城市：宿州,安徽 宿州市直,https://www.xduim.com/zw/gafj,,
2024,公务员,2024安徽公安法检招录,宿州市公安局 埇桥分局,2024008 宿州市公安局 埇桥分局,大专及以上,,,笔试+面试,,,招考批次：第一批；性别：男；年龄：30周岁以下；招聘人数：15；分数线：62.7；城市：宿州,安徽 埇桥区,https://www.xduim.com/zw/gafj,,
2024,公务员,2024安徽公安法检招录,宿州市公安局 埇桥分局,2024009 宿州市公安局 埇桥分局,大专及以上,,,笔试+面试,,,招考批次：第一批；性别：男；年龄：30周岁以下；招聘人数：15；分数线：53.1；城市：宿州,安徽 埇桥区,https://www.xduim.com/zw/gafj,,
2024,公务员,2024安徽公安法检招录,宿州市公安局 埇桥分局,2024010 宿州市公安局 埇桥分局,大专及以上,,,笔试+面试,,,招考批次：第一批；性别：男；年龄：30周岁以下；招聘人数：15；分数线：51.1；城市：宿州,安徽 埇桥区,https://www.xduim.com/zw/gafj,,
2024,公务员,2024安徽公安法检招录,宿州市公安局 埇桥分局,2024011 宿州市公安局 埇桥分局,大专及以上,,,笔试+面试,,,招考批次：第一批；性别：男；年龄：30周岁以下；招聘人数：15；分数线：48.5；城市：宿州,安徽 埇桥区,https://www.xduim.com/zw/gafj,,
2024,公务员,2024安徽公安法检招录,宿州市公安局 埇桥分局,2024012 宿州市公安局 埇桥分局,大专及以上,,,笔试+面试,,,招考批次：第一批；性别：男；年龄：30周岁以下；招聘人数：14；分数线：54.7；城市：宿州,安徽 埇桥区,https://www.xduim.com/zw/gafj,,
2024,公务员,2024安徽公安法检招录,宿州市公安局 埇桥分局,2024013 宿州市公安局 埇桥分局,大专及以上,,,笔试+面试,,,招考批次：第一批；性别：男；年龄：30周岁以下；招聘人数：2；分数线：55.9；城市：宿州,安徽 埇桥区,https://www.xduim.com/zw/gafj,,
2024,公务员,2024安徽公安法检招录,宿州市公安局 埇桥分局,2024014 宿州市公安局 埇桥分局,大专及以上,,,笔试+面试,,,招考批次：第一批；性别：男；年龄：30周岁以下；招聘人数：2；分数线：50.4；城市：宿州,安徽 埇桥区,https://www.xduim.com/zw/gafj,,
2024,公务员,2024安徽公安法检招录,宿州市公安局 埇桥分局,2024015 宿州市公安局 埇桥分局,大专及以上,,,笔试+面试,,,招考批次：第一批；性别：女；年龄：30周岁以下；招聘人数：2；分数线：77.5；城市：宿州,安徽 埇桥区,https://www.xduim.com/zw/gafj,,
2024,公务员,2024安徽公安法检招录,宿州市公安局 经济技术开发区分局,2024016 宿州市公安局 经济技术开发区分局,大专及以上,,,笔试+面试,,,招考批次：第一批；性别：男；年龄：30周岁以下；招聘人数：2；分数线：57.2；城市：宿州,安徽 经开区,https://www.xduim.com/zw/gafj,,
2024,公务员,2024安徽公安法检招录,宿州市公安局 经济技术开发区分局,2024017 宿州市公安局 经济技术开发区分局,大专及以上,,,笔试+面试,,,招考批次：第一批；性别：男；年龄：30周岁以下；招聘人数：2；分数线：55.4；城市：宿州,安徽 经开区,https://www.xduim.com/zw/gafj,,
2024,公务员,2024安徽公安法检招录,宿州市公安局 经济技术开发区分局,2024018 宿州市公安局 经济技术开发区分局,大专及以上,,,笔试+面试,,,招考批次：第一批；性别：男；年龄：30周岁以下；招聘人数：13；分数线：61.3；城市：宿州,安徽 经开区,https://www.xduim.com/zw/gafj,,
2024,公务员,2024安徽公安法检招录,宿州市公安局 经济技术开发区分局,2024019 宿州市公安局 经济技术开发区分局,大专及以上,,,笔试+面试,,,招考批次：第一批；性别：男；年龄：30周岁以下；招聘人数：13；分数线：61.7；城市：宿州,安徽 经开区,https://www.xduim.com/zw/gafj,,
2024,公务员,2024安徽公安法检招录,宿州市公安局 高新技术产业开发区分局,2024020 宿州市公安局 高新技术产业开发区分局,大专及以上,,,笔试+面试,,,招考批次：第一批；性别：男；年龄：30周岁以下；招聘人数：10；分数线：65.2；城市：宿州,安徽 高新区,https://www.xduim.com/zw/gafj,,
2025,公务员,2025安徽公安法检招录,现代产业园区分局,1 现代产业园区分局,大专及以上,,,笔试+面试,,,招考批次：第一批；性别：男；年龄：30周岁以下；招聘人数：17；城市：宿州,安徽 埇桥区,https://www.xduim.com/zw/gafj,,
2025,公务员,2025安徽公安法检招录,现代产业园区分局,2 现代产业园区分局,大专及以上,,,笔试+面试,,,招考批次：第一批；性别：女；年龄：25周岁以下；招聘人数：2；城市：宿州,安徽 埇桥区,https://www.xduim.com/zw/gafj,,
2025,公务员,2025安徽公安法检招录,现代产业园区分局,3 现代产业园区分局,大专及以上,,,笔试+面试,,,招考批次：第一批；性别：男；年龄：30周岁以下；招聘人数：1；城市：宿州,安徽 埇桥区,https://www.xduim.com/zw/gafj,,
2025,公务员,2025安徽公安法检招录,砀山县公安局,4 砀山县公安局,大专及以上,,,笔试+面试,,,招考批次：第一批；性别：不限；年龄：30周岁以下；招聘人数：10；城市：宿州,安徽 砀山县,https://www.xduim.com/zw/gafj,,
2025,公务员,2025安徽公安法检招录,砀山县公安局,5 砀山县公安局,大专及以上,,,笔试+面试,,,招考批次：第一批；性别：男；年龄：25周岁以下；招聘人数：10；城市：宿州,安徽 砀山县,https://www.xduim.com/zw/gafj,,
2025,公务员,2025安徽公安法检招录,砀山县公安局,6 砀山县公安局,大专及以上,,,笔试+面试,,,招考批次：第一批；性别：男；年龄：30周岁以下；招聘人数：8；城市：宿州,安徽 砀山县,https://www.xduim.com/zw/gafj,,
2025,公务员,2025安徽公安法检招录,砀山县公安局,7 砀山县公安局,大专及以上,,,笔试+面试,,,招考批次：第一批；性别：男；年龄：30周岁以下；招聘人数：15；城市：宿州,安徽 砀山县,https://www.xduim.com/zw/gafj,,
2025,公务员,2025安徽公安法检招录,砀山县公安局,8 砀山县公安局,大专及以上,,,笔试+面试,,,招考批次：第一批；性别：女；年龄：30周岁以下；招聘人数：2；城市：宿州,安徽 砀山县,https://www.xduim.com/zw/gafj,,
2025,公务员,2025安徽公安法检招录,砀山县公安局,9 砀山县公安局,大专及以上,,,笔试+面试,,,招考批次：第一批；性别：不限；年龄：30周岁以下；招聘人数：4；城市：宿州,安徽 砀山县,https://www.xduim.com/zw/gafj,,
2025,公务员,2025安徽公安法检招录,砀山县公安局,10 砀山县公安局,大专及以上,,,笔试+面试,,,招考批次：第一批；性别：不限；年龄：30周岁以下；招聘人数：1；城市：宿州,安徽 砀山县,https://www.xduim.com/zw/gafj,,
2025,公务员,2025安徽公安法检招录,泗县公安局,11 泗县公安局,大专及以上,,,笔试+面试,,,招考批次：第一批；性别：男性；年龄：30周岁以下；招聘人数：15；城市：宿州,安徽 泗县,https://www.xduim.com/zw/gafj,,
2025,公务员,2025安徽公安法检招录,泗县公安局,12 泗县公安局,大专及以上,,,笔试+面试,,,招考批次：第一批；性别：男性；年龄：30周岁以下；招聘人数：15；城市：宿州,安徽 泗县,https://www.xduim.com/zw/gafj,,
2025,公务员,2025安徽公安法检招录,泗县公安局,13 泗县公安局,大专及以上,,,笔试+面试,,,招考批次：第一批；性别：男性；年龄：30周岁以下；招聘人数：5；城市：宿州,安徽 泗县,https://www.xduim.com/zw/gafj,,
2025,公务员,2025安徽公安法检招录,泗县公安局,14 泗县公安局,大专及以上,,,笔试+面试,,,招考批次：第一批；性别：男性；年龄：30周岁以下；招聘人数：5；城市：宿州,安徽 泗县,https://www.xduim.com/zw/gafj,,
2025,公务员,2025安徽公安法检招录,池州市公安局,2025001 池州市公安局,大专及以上,,,笔试+面试,,,招考批次：第一批；性别：男；年龄：30周岁及以下；招聘人数：80；分数线：66.5；城市：池州,安徽 贵池区,https://www.xduim.com/zw/gafj,,
2025,公务员,2025安徽公安法检招录,池州市公安局,2025002 池州市公安局,大专及以上,,,笔试+面试,,,招考批次：第一批；性别：女；年龄：30周岁及以下；招聘人数：20；分数线：74.8；城市：池州,安徽 贵池区,https://www.xduim.com/zw/gafj,,
2024,公务员,2024安徽公安法检招录,宿州市公安局,1 宿州市公安局,大专及以上,,,笔试+面试,,,招考批次：第二批；性别：不限；年龄：30周岁以下；招聘人数：9；城市：宿州,安徽 宿州市直,https://www.xduim.com/zw/gafj,,
2024,公务员,2024安徽公安法检招录,宿州市公安局,2 宿州市公安局,大专及以上,,,笔试+面试,,,招考批次：第二批；性别：男；年龄：30周岁以下；招聘人数：15；城市：宿州,安徽 宿州市直,https://www.xduim.com/zw/gafj,,
2024,公务员,2024安徽公安法检招录,宿州市公安局,3 宿州市公安局,大专及以上,,,笔试+面试,,,招考批次：第二批；性别：男；年龄：30周岁以下；招聘人数：15；城市：宿州,安徽 宿州市直,https://www.xduim.com/zw/gafj,,
2024,公务员,2024安徽公安法检招录,宿州市公安局,4 宿州市公安局,大专及以上,,,笔试+面试,,,招考批次：第二批；性别：男；年龄：35周岁以下；招聘人数：16；城市：宿州,安徽 宿州市直,https://www.xduim.com/zw/gafj,,
2024,公务员,2024安徽公安法检招录,宿州市公安局,5 宿州市公安局,大专及以上,,,笔试+面试,,,招考批次：第二批；性别：男；年龄：35周岁以下；招聘人数：15；城市：宿州,安徽 宿州市直,https://www.xduim.com/zw/gafj,,
2024,公务员,2024安徽公安法检招录,宿州市公安局,6 宿州市公安局,本科及以上,,,笔试+面试,,,招考批次：第二批；性别：男；年龄：30周岁以下；招聘人数：1；城市：宿州,安徽 宿州市直,https://www.xduim.com/zw/gafj,,
2024,公务员,2024安徽公安法检招录,宿州市公安局 埇桥分局,7 宿州市公安局 埇桥分局,大专及以上,,,笔试+面试,,,招考批次：第二批；性别：男；年龄：30周岁以下；招聘人数：15；城市：宿州,安徽 埇桥区,https://www.xduim.com/zw/gafj,,
2024,公务员,2024安徽公安法检招录,宿州市公安局 埇桥分局,8 宿州市公安局 埇桥分局,大专及以上,,,笔试+面试,,,招考批次：第二批；性别：男；年龄：30周岁以下；招聘人数：15；城市：宿州,安徽 埇桥区,https://www.xduim.com/zw/gafj,,
2024,公务员,2024安徽公安法检招录,宿州市公安局 埇桥分局,9 宿州市公安局 埇桥分局,大专及以上,,,笔试+面试,,,招考批次：第二批；性别：男；年龄：30周岁以下；招聘人数：15；城市：宿州,安徽 埇桥区,https://www.xduim.com/zw/gafj,,
2024,公务员,2024安徽公安法检招录,宿州市公安局 埇桥分局,10 宿州市公安局 埇桥分局,大专及以上,,,笔试+面试,,,招考批次：第二批；性别：男；年龄：30周岁以下；招聘人数：15；城市：宿州,安徽 埇桥区,https://www.xduim.com/zw/gafj,,
2024,公务员,2024安徽公安法检招录,宿州市公安局 埇桥分局,11 宿州市公安局 埇桥分局,大专及以上,,,笔试+面试,,,招考批次：第二批；性别：男；年龄：30周岁以下；招聘人数：15；城市：宿州,安徽 埇桥区,https://www.xduim.com/zw/gafj,,
2024,公务员,2024安徽公安法检招录,宿州市公安局 埇桥分局,12 宿州市公安局 埇桥分局,大专及以上,,,笔试+面试,,,招考批次：第二批；性别：男；年龄：30周岁以下；招聘人数：15；城市：宿州,安徽 埇桥区,https://www.xduim.com/zw/gafj,,
2024,公务员,2024安徽公安法检招录,宿州市公安局 埇桥分局,13 宿州市公安局 埇桥分局,大专及以上,,,笔试+面试,,,招考批次：第二批；性别：男；年龄：30周岁以下；招聘人数：15；城市：宿州,安徽 埇桥区,https://www.xduim.com/zw/gafj,,
2024,公务员,2024安徽公安法检招录,宿州市公安局 埇桥分局,14 宿州市公安局 埇桥分局,大专及以上,,,笔试+面试,,,招考批次：第二批；性别：男；年龄：30周岁以下；招聘人数：15；城市：宿州,安徽 埇桥区,https://www.xduim.com/zw/gafj,,
2024,公务员,2024安徽公安法检招录,宿州市公安局 埇桥分局,15 宿州市公安局 埇桥分局,大专及以上,,,笔试+面试,,,招考批次：第二批；性别：男；年龄：30周岁以下；招聘人数：15；城市：宿州,安徽 埇桥区,https://www.xduim.com/zw/gafj,,
2024,公务员,2024安徽公安法检招录,宿州市公安局 埇桥分局,16 宿州市公安局 埇桥分局,大专及以上,,,笔试+面试,,,招考批次：第二批；性别：男；年龄：30周岁以下；招聘人数：15；城市：宿州,安徽 埇桥区,https://www.xduim.com/zw/gafj,,
2024,公务员,2024安徽公安法检招录,宿州市公安局 埇桥分局,17 宿州市公安局 埇桥分局,大专及以上,,,笔试+面试,,,招考批次：第二批；性别：男；年龄：30周岁以下；招聘人数：15；城市：宿州,安徽 埇桥区,https://www.xduim.com/zw/gafj,,
2024,公务员,2024安徽公安法检招录,砀山县公安局,18 砀山县公安局,大专及以上,,,笔试+面试,,,招考批次：第二批；性别：男；年龄：30周岁以下；招聘人数：14；城市：宿州,安徽 砀山县,https://www.xduim.com/zw/gafj,,
2024,公务员,2024安徽公安法检招录,砀山县公安局,19 砀山县公安局,大专及以上,,,笔试+面试,,,招考批次：第二批；性别：女；年龄：30周岁以下；招聘人数：1；城市：宿州,安徽 砀山县,https://www.xduim.com/zw/gafj,,
2024,公务员,2024安徽公安法检招录,砀山县公安局,20 砀山县公安局,大专及以上,,,笔试+面试,,,招考批次：第二批；性别：男；年龄：30周岁以下；招聘人数：1；城市：宿州,安徽 砀山县,https://www.xduim.com/zw/gafj,,
2024,公务员,2024安徽公安法检招录,市公安局,2024001 市公安局,高中（中专）及以上,,,笔试+面试,,,招考批次：第一批；性别：男；年龄：45周岁以下；招聘人数：1；城市：池州,安徽 池州市直,https://www.xduim.com/zw/gafj,,
2024,公务员,2024安徽公安法检招录,市公安局,2024002 市公安局,高中（中专）及以上,,,笔试+面试,,,招考批次：第一批；性别：男；年龄：40周岁以下；招聘人数：1；城市：池州,安徽 池州市直,https://www.xduim.com/zw/gafj,,
2024,公务员,2024安徽公安法检招录,市公安局,2024003 市公安局,大专及以上,,,笔试+面试,,,招考批次：第一批；性别：男；年龄：35周岁以下；招聘人数：3；分数线：75.5；城市：池州,安徽 池州市直,https://www.xduim.com/zw/gafj,,
2024,公务员,2024安徽公安法检招录,市公安局,2024004 市公安局,大专及以上,,,笔试+面试,,,招考批次：第一批；性别：女；年龄：30周岁以下；招聘人数：3；分数线：81.0；城市：池州,安徽 池州市直,https://www.xduim.com/zw/gafj,,
2024,公务员,2024安徽公安法检招录,市公安局,2024005 市公安局,大专及以上,,,笔试+面试,,,招考批次：第一批；性别：男；年龄：30周岁以下；招聘人数：3；分数线：72.0；城市：池州,安徽 池州市直,https://www.xduim.com/zw/gafj,,
2024,公务员,2024安徽公安法检招录,市公安局,2024006 市公安局,大专及以上,,,笔试+面试,,,招考批次：第一批；性别：女；年龄：30周岁以下；招聘人数：2；分数线：83.5；城市：池州,安徽 池州市直,https://www.xduim.com/zw/gafj,,
2024,公务员,2024安徽公安法检招录,市公安局,2024007 市公安局,大专及以上,,,笔试+面试,,,招考批次：第一批；性别：男；年龄：30周岁以下；招聘人数：1；分数线：78.0；城市：池州,安徽 池州市直,https://www.xduim.com/zw/gafj,,
2024,公务员,2024安徽公安法检招录,市公安局,2024008 市公安局,大专及以上,,,笔试+面试,,,招考批次：第一批；性别：男；年龄：30周岁以下；招聘人数：1；分数线：83.0；城市：池州,安徽 池州市直,https://www.xduim.com/zw/gafj,,
2024,公务员,2024安徽公安法检招录,市公安局,2024009 市公安局,大专及以上,,,笔试+面试,,,招考批次：第一批；性别：男；年龄：30周岁以下；招聘人数：1；分数线：79.0；城市：池州,安徽 池州市直,https://www.xduim.com/zw/gafj,,
2024,公务员,2024安徽公安法检招录,市公安局,2024010 市公安局,大专及以上,,,笔试+面试,,,招考批次：第一批；性别：女；年龄：30周岁以下；招聘人数：1；分数线：84.0；城市：池州,安徽 池州市直,https://www.xduim.com/zw/gafj,,
2024,公务员,2024安徽公安法检招录,市公安局,2024011 市公安局,大专及以上,,,笔试+面试,,,招考批次：第一批；性别：男；年龄：30周岁以下；招聘人数：10；分数线：69.5；城市：池州,安徽 池州市直,https://www.xduim.com/zw/gafj,,
2024,公务员,2024安徽公安法检招录,市交警支队,2024012 市交警支队,大专及以上,,,笔试+面试,,,招考批次：第一批；性别：男；年龄：30周岁以下；招聘人数：3；分数线：64.0；城市：池州,安徽 池州市直,https://www.xduim.com/zw/gafj,,
2024,公务员,2024安徽公安法检招录,市交警支队,2024013 市交警支队,大专及以上,,,笔试+面试,,,招考批次：第一批；性别：男；年龄：30周岁以下；招聘人数：1；分数线：71.0；城市：池州,安徽 池州市直,https://www.xduim.com/zw/gafj,,
2024,公务员,2024安徽公安法检招录,市交警支队,2024014 市交警支队,大专及以上,,,笔试+面试,,,招考批次：第一批；性别：女；年龄：30周岁以下；招聘人数：1；分数线：76.5；城市：池州,安徽 池州市直,https://www.xduim.com/zw/gafj,,
2024,公务员,2024安徽公安法检招录,市交警支队,2024015 市交警支队,大专及以上,,,笔试+面试,,,招考批次：第一批；性别：男；年龄：30周岁以下；招聘人数：6；分数线：58.0；城市：池州,安徽 池州市直,https://www.xduim.com/zw/gafj,,
2024,公务员,2024安徽公安法检招录,市交警支队,2024016 市交警支队,大专及以上,,,笔试+面试,,,招考批次：第一批；性别：男；年龄：30周岁以下；招聘人数：4；分数线：66.0；城市：池州,安徽 池州市直,https://www.xduim.com/zw/gafj,,
2024,公务员,2024安徽公安法检招录,市交警支队,2024017 市交警支队,大专及以上,,,笔试+面试,,,招考批次：第一批；性别：男；年龄：30周岁以下；招聘人数：2；分数线：75.0；城市：池州,安徽 池州市直,https://www.xduim.com/zw/gafj,,
2024,公务员,2024安徽公安法检招录,市交警支队,2024018 市交警支队,大专及以上,,,笔试+面试,,,招考批次：第一批；性别：男；年龄：30周岁以下；招聘人数：2；分数线：71.5；城市：池州,安徽 池州市直,https://www.xduim.com/zw/gafj,,
2024,公务员,2024安徽公安法检招录,市交警支队,2024019 市交警支队,大专及以上,,,笔试+面试,,,招考批次：第一批；性别：男；年龄：30周岁以下；招聘人数：1；分数线：66.0；城市：池州,安徽 池州市直,https://www.xduim.com/zw/gafj,,
2024,公务员,2024安徽公安法检招录,市交警支队,2024020 市交警支队,大专及以上,,,笔试+面试,,,招考批次：第一批；性别：男；年龄：30周岁以下；招聘人数：2；分数线：55.5；城市：池州,安徽 池州市直,https://www.xduim.com/zw/gafj,,
2025,公务员,2025安徽公安法检招录,池州市公安局,2025007 池州市公安局,大专及以上,,,笔试+面试,,,招考批次：第三批；性别：男；年龄：30周岁及以下；招聘人数：118；分数线：56.55；城市：池州,安徽 贵池区,https://www.xduim.com/zw/gafj,,
2025,公务员,2025安徽公安法检招录,池州市公安局,2025008 池州市公安局,大专及以上,,,笔试+面试,,,招考批次：第三批；性别：女；年龄：30周岁及以下；招聘人数：22；分数线：72.95；城市：池州,安徽 贵池区,https://www.xduim.com/zw/gafj,,
2024,公务员,2024安徽公安法检招录,东至县公安局,2024046 东至县公安局,大专及以上,,,笔试+面试,,,招考批次：第三批；性别：女；年龄：30周岁以下；招聘人数：1；城市：池州,安徽 东至县,https://www.xduim.com/zw/gafj,,
2024,公务员,2024安徽公安法检招录,东至县公安局,2024047 东至县公安局,大专及以上,,,笔试+面试,,,招考批次：第三批；性别：男；年龄：30周岁以下；招聘人数：2；城市：池州,安徽 东至县,https://www.xduim.com/zw/gafj,,
2024,公务员,2024安徽公安法检招录,东至县公安局,2024048 东至县公安局,大专及以上,,,笔试+面试,,,招考批次：第三批；性别：女；年龄：30周岁以下；招聘人数：2；城市：池州,安徽 东至县,https://www.xduim.com/zw/gafj,,
2024,公务员,2024安徽公安法检招录,东至县公安局,2024049 东至县公安局,大专及以上,,,笔试+面试,,,招考批次：第三批；性别：男；年龄：30周岁以下；招聘人数：6；城市：池州,安徽 东至县,https://www.xduim.com/zw/gafj,,
2024,公务员,2024安徽公安法检招录,东至县公安局,2024050 东至县公安局,大专及以上,,,笔试+面试,,,招考批次：第三批；性别：女；年龄：30周岁以下；招聘人数：1；城市：池州,安徽 东至县,https://www.xduim.com/zw/gafj,,
2024,公务员,2024安徽公安法检招录,东至县公安局,2024051 东至县公安局,大专及以上,,,笔试+面试,,,招考批次：第三批；性别：男；年龄：30周岁以下；招聘人数：8；城市：池州,安徽 东至县,https://www.xduim.com/zw/gafj,,
2024,公务员,2024安徽公安法检招录,东至县公安局,2024052 东至县公安局,大专及以上,,,笔试+面试,,,招考批次：第三批；性别：男；年龄：30周岁以下；招聘人数：30；城市：池州,安徽 东至县,https://www.xduim.com/zw/gafj,,
2024,公务员,2024安徽公安法检招录,东至县公安局,2024053 东至县公安局,大专及以上,,,笔试+面试,,,招考批次：第三批；性别：男；年龄：25周岁以下；招聘人数：2；城市：池州,安徽 东至县,https://www.xduim.com/zw/gafj,,
2024,公务员,2024安徽公安法检招录,贵池公安分局,2024035 贵池公安分局,本科及以上,,,笔试+面试,,,招考批次：第二批；性别：不限；年龄：30周岁以下；招聘人数：4；分数线：72.5；城市：池州,安徽 贵池区,https://www.xduim.com/zw/gafj,,
2024,公务员,2024安徽公安法检招录,贵池公安分局,2024036 贵池公安分局,本科及以上,,,笔试+面试,,,招考批次：第二批；性别：女；年龄：35周岁以下；招聘人数：3；分数线：76.5；城市：池州,安徽 贵池区,https://www.xduim.com/zw/gafj,,
2024,公务员,2024安徽公安法检招录,贵池公安分局,2024037 贵池公安分局,大专及以上,,,笔试+面试,,,招考批次：第二批；性别：男；年龄：30周岁以下；招聘人数：10；分数线：72.0；城市：池州,安徽 贵池区,https://www.xduim.com/zw/gafj,,
2024,公务员,2024安徽公安法检招录,贵池公安分局,2024038 贵池公安分局,大专及以上,,,笔试+面试,,,招考批次：第二批；性别：男；年龄：35周岁以下；招聘人数：3；分数线：70.0；城市：池州,安徽 贵池区,https://www.xduim.com/zw/gafj,,
2024,公务员,2024安徽公安法检招录,贵池公安分局,2024039 贵池公安分局,大专及以上,,,笔试+面试,,,招考批次：第二批；性别：不限；年龄：30周岁以下；招聘人数：3；分数线：75.5；城市：池州,安徽 贵池区,https://www.xduim.com/zw/gafj,,
2024,公务员,2024安徽公安法检招录,集中区公安分局,2024040 集中区公安分局,大专及以上,,,笔试+面试,,,招考批次：第二批；性别：不限；年龄：35周岁以下；招聘人数：2；分数线：74.0；城市：池州,安徽 集中区,https://www.xduim.com/zw/gafj,,
2024,公务员,2024安徽公安法检招录,集中区公安分局,2024041 集中区公安分局,大专及以上,,,笔试+面试,,,招考批次：第二批；性别：男；年龄：30周岁以下；招聘人数：8；分数线：65.5；城市：池州,安徽 集中区,https://www.xduim.com/zw/gafj,,
2024,公务员,2024安徽公安法检招录,集中区公安分局,2024042 集中区公安分局,大专及以上,,,笔试+面试,,,招考批次：第二批；性别：男；年龄：30周岁以下；招聘人数：5；分数线：63.5；城市：池州,安徽 集中区,https://www.xduim.com/zw/gafj,,
2024,公务员,2024安徽公安法检招录,石台县公安局,2024043 石台县公安局,大专及以上,,,笔试+面试,,,招考批次：第二批；性别：不限；年龄：30周岁以下；招聘人数：5；分数线：75.0；城市：池州,安徽 石台县,https://www.xduim.com/zw/gafj,,
2024,公务员,2024安徽公安法检招录,石台县公安局,2024044 石台县公安局,大专及以上,,,笔试+面试,,,招考批次：第二批；性别：男；年龄：30周岁以下；招聘人数：7；分数线：67.0；城市：池州,安徽 石台县,https://www.xduim.com/zw/gafj,,
2024,公务员,2024安徽公安法检招录,九华山风景区公安局,2024045 九华山风景区公安局,大专及以上,,,笔试+面试,,,招考批次：第二批；性别：男；年龄：30周岁以下；招聘人数：14；分数线：66.5；城市：池州,安徽 九华山风景区,https://www.xduim.com/zw/gafj,,
2025,公务员,2025安徽公安法检招录,石台县公安局,2025003 石台县公安局,大专及以上,,,笔试+面试,,,招考批次：第二批；性别：女；年龄：30周岁及以下；招聘人数：1；分数线：76.8；城市：池州,安徽 石台县,https://www.xduim.com/zw/gafj,,
2025,公务员,2025安徽公安法检招录,石台县公安局,2025004 石台县公安局,大专及以上,,,笔试+面试,,,招考批次：第二批；性别：男；年龄：30周岁及以下；招聘人数：3；分数线：72.4；城市：池州,安徽 石台县,https://www.xduim.com/zw/gafj,,
2025,公务员,2025安徽公安法检招录,石台县公安局,2025005 石台县公安局,大专及以上,,,笔试+面试,,,招考批次：第二批；性别：男；年龄：30周岁及以下；招聘人数：7；分数线：72.9；城市：池州,安徽 石台县,https://www.xduim.com/zw/gafj,,
2025,公务员,2025安徽公安法检招录,九华山风景区公安局,2025006 九华山风景区公安局,大专及以上,,,笔试+面试,,,招考批次：第二批；性别：男；年龄：30周岁及以下；招聘人数：9；分数线：73.9；城市：池州,安徽 九华山风景区,https://www.xduim.com/zw/gafj,,
2025,公务员,2025安徽公安法检招录,东至县公安局,2025012 东至县公安局,大专及以上,,,笔试+面试,,,招考批次：第五批；性别：男；年龄：30周岁以下；招聘人数：2；城市：池州,安徽 东至县,https://www.xduim.com/zw/gafj,,
2025,公务员,2025安徽公安法检招录,东至县公安局,2025013 东至县公安局,大专及以上,,,笔试+面试,,,招考批次：第五批；性别：女；年龄：30周岁以下；招聘人数：3；城市：池州,安徽 东至县,https://www.xduim.com/zw/gafj,,
2025,公务员,2025安徽公安法检招录,东至县公安局,2025014 东至县公安局,大专及以上,,,笔试+面试,,,招考批次：第五批；性别：男；年龄：30周岁以下；招聘人数：25；城市：池州,安徽 东至县,https://www.xduim.com/zw/gafj,,
2025,公务员,2025安徽公安法检招录,青阳县公安局,2025009 青阳县公安局,本科及以上,,,笔试+面试,,,招考批次：第四批；性别：女；年龄：30周岁及以下；招聘人数：1；城市：池州,安徽 青阳县,https://www.xduim.com/zw/gafj,,
2025,公务员,2025安徽公安法检招录,青阳县公安局,2025010 青阳县公安局,大专及以上,,,笔试+面试,,,招考批次：第四批；性别：男；年龄：30周岁及以下；招聘人数：5；城市：池州,安徽 青阳县,https://www.xduim.com/zw/gafj,,
2025,公务员,2025安徽公安法检招录,青阳县公安局,2025011 青阳县公安局,大专及以上,,,笔试+面试,,,招考批次：第四批；性别：男；年龄：30周岁及以下；招聘人数：9；城市：池州,安徽 青阳县,https://www.xduim.com/zw/gafj,,
2024,公务员,2024安徽公安法检招录,淮北市公安局,240101 淮北市公安局,大专及以上,,,笔试+面试,,,招考批次：第一批；性别：女；年龄：30周岁以下；招聘人数：25；分数线：81.9；城市：淮北,安徽 淮北市直,https://www.xduim.com/zw/gafj,,
2024,公务员,2024安徽公安法检招录,淮北市公安局,240102 淮北市公安局,大专及以上,,,笔试+面试,,,招考批次：第一批；性别：男；年龄：30周岁以下；招聘人数：120；分数线：72.3；城市：淮北,安徽 淮北市直,https://www.xduim.com/zw/gafj,,
2025,公务员,2025安徽公安法检招录,淮北市公安局,250101 淮北市公安局,大专及以上,,,笔试+面试,,,招考批次：第一批；性别：女；招聘人数：30；分数线：85.6；城市：淮北,安徽 淮北市直,https://www.xduim.com/zw/gafj,,
2025,公务员,2025安徽公安法检招录,淮北市公安局,250102 淮北市公安局,大专及以上,,,笔试+面试,,,招考批次：第一批；性别：男；招聘人数：130；分数线：81.29；城市：淮北,安徽 淮北市直,https://www.xduim.com/zw/gafj,,
2025,公务员,2025安徽公安法检招录,寿县公安局,2025001 寿县公安局,大专及以上,,,笔试+面试,,,招考批次：第一批；性别：男；年龄：18周岁以上 35周岁以下；招聘人数：16；分数线：63.4；城市：淮南,安徽 寿县,https://www.xduim.com/zw/gafj,,
2025,公务员,2025安徽公安法检招录,寿县公安局,2025002 寿县公安局,高中（中专）及以上,,,笔试+面试,,,招考批次：第一批；性别：男；年龄：18周岁以上 35周岁以下；招聘人数：4；分数线：63.25；城市：淮南,安徽 寿县,https://www.xduim.com/zw/gafj,,
2025,公务员,2025安徽公安法检招录,寿县公安局,2025003 寿县公安局,大专及以上,,,笔试+面试,,,招考批次：第一批；性别：男；年龄：18周岁以上 35周岁以下；招聘人数：15；分数线：65.97；城市：淮南,安徽 寿县,https://www.xduim.com/zw/gafj,,
2025,公务员,2025安徽公安法检招录,寿县公安局,2025004 寿县公安局,高中（中专）及以上,,,笔试+面试,,,招考批次：第一批；性别：男；年龄：18周岁以上 35周岁以下；招聘人数：2；分数线：64.32；城市：淮南,安徽 寿县,https://www.xduim.com/zw/gafj,,
2025,公务员,2025安徽公安法检招录,寿县公安局,2025005 寿县公安局,大专及以上,,,笔试+面试,,,招考批次：第一批；性别：男；年龄：18周岁以上 35周岁以下；招聘人数：11；分数线：67.9；城市：淮南,安徽 寿县,https://www.xduim.com/zw/gafj,,
2025,公务员,2025安徽公安法检招录,寿县公安局,2025006 寿县公安局,高中（中专）及以上,,,笔试+面试,,,招考批次：第一批；性别：男；年龄：18周岁以上 35周岁以下；招聘人数：2；分数线：62.78；城市：淮南,安徽 寿县,https://www.xduim.com/zw/gafj,,
2025,公务员,2025安徽公安法检招录,寿县公安局,2025007 寿县公安局,大专及以上,,,笔试+面试,,,招考批次：第一批；性别：不限；年龄：18周岁以上 35周岁以下；招聘人数：10；分数线：76.82；城市：淮南,安徽 寿县,https://www.xduim.com/zw/gafj,,
2025,公务员,2025安徽公安法检招录,留置看护辅警 (市纪委监委),2025008 留置看护辅警 (市纪委监委),大专及以上,,,笔试+面试,,,招考批次：第一批；性别：男；年龄：18周岁以上 35周岁以下；招聘人数：67；分数线：67.65；城市：淮南,安徽 淮南市直,https://www.xduim.com/zw/gafj,,
2025,公务员,2025安徽公安法检招录,留置看护辅警 (市纪委监委),2025009 留置看护辅警 (市纪委监委),大专及以上,,,笔试+面试,,,招考批次：第一批；性别：女；年龄：18周岁以上 35周岁以下；招聘人数：24；分数线：76.48；城市：淮南,安徽 淮南市直,https://www.xduim.com/zw/gafj,,
2025,公务员,2025安徽公安法检招录,留置看护辅警 (市纪委监委),2025010 留置看护辅警 (市纪委监委),高中（中专）及以上,,,笔试+面试,,,招考批次：第一批；性别：不限；年龄：18周岁以上 35周岁以下；招聘人数：20；分数线：63.86；城市：淮南,安徽 淮南市直,https://www.xduim.com/zw/gafj,,
2025,公务员,2025安徽公安法检招录,交警支队,2025011 交警支队,大专及以上,,,笔试+面试,,,招考批次：第一批；性别：男；年龄：18周岁以上 35周岁以下；招聘人数：16；分数线：69.76；城市：淮南,安徽 淮南市直,https://www.xduim.com/zw/gafj,,
2025,公务员,2025安徽公安法检招录,交警支队,2025012 交警支队,高中（中专）及以上,,,笔试+面试,,,招考批次：第一批；性别：不限；年龄：18周岁以上 35周岁以下；招聘人数：4；分数线：67.72；城市：淮南,安徽 淮南市直,https://www.xduim.com/zw/gafj,,
2024,公务员,2024安徽公安法检招录,田家庵分局,2024001 田家庵分局,大专及以上,,,笔试+面试,,,招考批次：第一批；性别：男；年龄：35周岁以下；招聘人数：24；分数线：43.64；城市：淮南,安徽 田家庵区,https://www.xduim.com/zw/gafj,,
2024,公务员,2024安徽公安法检招录,田家庵分局,2024002 田家庵分局,大专及以上,,,笔试+面试,,,招考批次：第一批；性别：女；年龄：30周岁以下；招聘人数：2；分数线：70.97；城市：淮南,安徽 田家庵区,https://www.xduim.com/zw/gafj,,
2024,公务员,2024安徽公安法检招录,田家庵分局,2024003 田家庵分局,高中（中专）及以上,,,笔试+面试,,,招考批次：第一批；性别：不限；年龄：35周岁以下；招聘人数：5；分数线：46.64；城市：淮南,安徽 田家庵区,https://www.xduim.com/zw/gafj,,
2024,公务员,2024安徽公安法检招录,谢家集分局,2024004 谢家集分局,大专及以上,,,笔试+面试,,,招考批次：第一批；性别：男；年龄：35周岁以下；招聘人数：25；分数线：42.44；城市：淮南,安徽 谢家集区,https://www.xduim.com/zw/gafj,,
2024,公务员,2024安徽公安法检招录,谢家集分局,2024005 谢家集分局,高中（中专）及以上,,,笔试+面试,,,招考批次：第一批；性别：不限；年龄：35周岁以下；招聘人数：5；分数线：43.61；城市：淮南,安徽 谢家集区,https://www.xduim.com/zw/gafj,,
2024,公务员,2024安徽公安法检招录,潘集分局,2024006 潘集分局,大专及以上,,,笔试+面试,,,招考批次：第一批；性别：男；年龄：35周岁以下；招聘人数：13；分数线：49.22；城市：淮南,安徽 潘集区,https://www.xduim.com/zw/gafj,,
2024,公务员,2024安徽公安法检招录,潘集分局,2024007 潘集分局,高中（中专）及以上,,,笔试+面试,,,招考批次：第一批；性别：不限；年龄：35周岁以下；招聘人数：2；分数线：44.57；城市：淮南,安徽 潘集区,https://www.xduim.com/zw/gafj,,
2024,公务员,2024安徽公安法检招录,八公山分局,2024008 八公山分局,大专及以上,,,笔试+面试,,,招考批次：第一批；性别：男；年龄：35周岁以下；招聘人数：6；分数线：42.93；城市：淮南,安徽 八公山区,https://www.xduim.com/zw/gafj,,
2024,公务员,2024安徽公安法检招录,八公山分局,2024009 八公山分局,大专及以上,,,笔试+面试,,,招考批次：第一批；性别：女；年龄：30周岁以下；招聘人数：2；分数线：69.14；城市：淮南,安徽 八公山区,https://www.xduim.com/zw/gafj,,
2024,公务员,2024安徽公安法检招录,八公山分局,2024010 八公山分局,高中（中专）及以上,,,笔试+面试,,,招考批次：第一批；性别：不限；年龄：35周岁以下；招聘人数：2；分数线：54.66；城市：淮南,安徽 八公山区,https://www.xduim.com/zw/gafj,,
2024,公务员,2024安徽公安法检招录,大通分局,2024011 大通分局,大专及以上,,,笔试+面试,,,招考批次：第一批；性别：男；年龄：35周岁以下；招聘人数：8；分数线：47.67；城市：淮南,安徽 大通区,https://www.xduim.com/zw/gafj,,
2024,公务员,2024安徽公安法检招录,大通分局,2024012 大通分局,高中（中专）及以上,,,笔试+面试,,,招考批次：第一批；性别：不限；年龄：35周岁以下；招聘人数：2；分数线：45.17；城市：淮南,安徽 大通区,https://www.xduim.com/zw/gafj,,
2024,公务员,2024安徽公安法检招录,山南分局,2024013 山南分局,大专及以上,,,笔试+面试,,,招考批次：第一批；性别：男；年龄：35周岁以下；招聘人数：8；分数线：44.24；城市：淮南,安徽 山南新区,https://www.xduim.com/zw/gafj,,
2024,公务员,2024安徽公安法检招录,山南分局,2024014 山南分局,高中（中专）及以上,,,笔试+面试,,,招考批次：第一批；性别：不限；年龄：35周岁以下；招聘人数：2；分数线：50.25；城市：淮南,安徽 山南新区,https://www.xduim.com/zw/gafj,,
2024,公务员,2024安徽公安法检招录,开发区分局,2024015 开发区分局,大专及以上,,,笔试+面试,,,招考批次：第一批；性别：男；年龄：35周岁以下；招聘人数：5；分数线：50.25；城市：淮南,安徽 开发区,https://www.xduim.com/zw/gafj,,
2024,公务员,2024安徽公安法检招录,开发区分局,2024016 开发区分局,高中（中专）及以上,,,笔试+面试,,,招考批次：第一批；性别：不限；年龄：35周岁以下；招聘人数：2；分数线：49.48；城市：淮南,安徽 开发区,https://www.xduim.com/zw/gafj,,
2024,公务员,2024安徽公安法检招录,市局情指中心,2024017 市局情指中心,大专及以上,,,笔试+面试,,,招考批次：第一批；性别：男；年龄：35周岁以下；招聘人数：5；分数线：44.6；城市：淮南,安徽 淮南市直,https://www.xduim.com/zw/gafj,,
2024,公务员,2024安徽公安法检招录,市局情指中心,2024018 市局情指中心,大专及以上,,,笔试+面试,,,招考批次：第一批；性别：女；年龄：30周岁以下；招聘人数：5；分数线：66.53；城市：淮南,安徽 淮南市直,https://www.xduim.com/zw/gafj,,
2024,公务员,2024安徽公安法检招录,市看守所,2024019 市看守所,大专及以上,,,笔试+面试,,,招考批次：第一批；性别：男；年龄：35周岁以下；招聘人数：20；分数线：41.29；城市：淮南,安徽 淮南市直,https://www.xduim.com/zw/gafj,,
2024,公务员,2024安徽公安法检招录,市看守所,2024020 市看守所,高中（中专）及以上,,,笔试+面试,,,招考批次：第一批；性别：不限；年龄：35周岁以下；招聘人数：2；分数线：40.07；城市：淮南,安徽 淮南市直,https://www.xduim.com/zw/gafj,,
2025,公务员,2025安徽公安法检招录,,202501,大专及以上,,,笔试+面试,,,招考批次：第一批；性别：男；年龄：18-35周岁；招聘人数：59；分数线：43.0；城市：滁州,安徽 滁州市直,https://www.xduim.com/zw/gafj,,
2025,公务员,2025安徽公安法检招录,,202502,大专及以上,,,笔试+面试,,,招考批次：第一批；性别：女；年龄：18-35周岁；招聘人数：8；城市：滁州,安徽 滁州市直,https://www.xduim.com/zw/gafj,,
2024,公务员,2024安徽公安法检招录,滁州市公安局,3001 滁州市公安局,大专及以上,,,笔试+面试,,,招考批次：第一批；性别：男；年龄：35周岁以下；招聘人数：10；分数线：52.0；城市：滁州,安徽 琅琊区,https://www.xduim.com/zw/gafj,,
2024,公务员,2024安徽公安法检招录,滁州市公安局,3002 滁州市公安局,大专及以上,,,笔试+面试,,,招考批次：第一批；性别：男；年龄：35周岁以下；招聘人数：2；分数线：50.0；城市：滁州,安徽 琅琊区,https://www.xduim.com/zw/gafj,,
2024,公务员,2024安徽公安法检招录,滁州市公安局,3003 滁州市公安局,大专及以上,,,笔试+面试,,,招考批次：第一批；性别：男；年龄：35周岁以下；招聘人数：1；分数线：52.0；城市：滁州,安徽 琅琊区,https://www.xduim.com/zw/gafj,,
2024,公务员,2024安徽公安法检招录,滁州市公安局,3004 滁州市公安局,大专及以上,,,笔试+面试,,,招考批次：第一批；性别：男；年龄：35周岁以下；招聘人数：5；分数线：36.0；城市：滁州,安徽 南谯区,https://www.xduim.com/zw/gafj,,
2024,公务员,2024安徽公安法检招录,滁州市公安局,3005 滁州市公安局,大专及以上,,,笔试+面试,,,招考批次：第一批；性别：男；年龄：35周岁以下；招聘人数：10；分数线：45.0；城市：滁州,安徽 南谯区,https://www.xduim.com/zw/gafj,,
2024,公务员,2024安徽公安法检招录,滁州市公安局,3006 滁州市公安局,大专及以上,,,笔试+面试,,,招考批次：第一批；性别：男；年龄：30周岁以下；招聘人数：10；分数线：48.0；城市：滁州,安徽 经开区,https://www.xduim.com/zw/gafj,,
2024,公务员,2024安徽公安法检招录,滁州市公安局,3007 滁州市公安局,大专及以上,,,笔试+面试,,,招考批次：第一批；性别：男；年龄：30周岁以下；招聘人数：8；分数线：45.0；城市：滁州,安徽 苏滁高新区,https://www.xduim.com/zw/gafj,,
2024,公务员,2024安徽公安法检招录,滁州市公安局,3008 滁州市公安局,大专及以上,,,笔试+面试,,,招考批次：第一批；性别：男；年龄：30周岁以下；招聘人数：1；城市：滁州,安徽 苏滁高新区,https://www.xduim.com/zw/gafj,,
2024,公务员,2024安徽公安法检招录,滁州市公安局,3009 滁州市公安局,大专及以上,,,笔试+面试,,,招考批次：第一批；性别：男；年龄：30周岁以下；招聘人数：1；城市：滁州,安徽 苏滁高新区,https://www.xduim.com/zw/gafj,,
2024,公务员,2024安徽公安法检招录,来安县公安局,3010 来安县公安局,大专及以上,,,笔试+面试,,,招考批次：第一批；性别：男；年龄：35周岁以下；招聘人数：25；分数线：42.6；城市：滁州,安徽 来安县,https://www.xduim.com/zw/gafj,,
2024,公务员,2024安徽公安法检招录,来安县公安局,3011 来安县公安局,大专及以上,,,笔试+面试,,,招考批次：第一批；性别：男；年龄：35周岁以下；招聘人数：20；分数线：40.1；城市：滁州,安徽 来安县,https://www.xduim.com/zw/gafj,,
2024,公务员,2024安徽公安法检招录,来安县公安局,3012 来安县公安局,大专及以上,,,笔试+面试,,,招考批次：第一批；性别：女；年龄：35周岁以下；招聘人数：5；分数线：63.6；城市：滁州,安徽 来安县,https://www.xduim.com/zw/gafj,,
2024,公务员,2024安徽公安法检招录,天长市公安局,3013 天长市公安局,大专及以上,,,笔试+面试,,,招考批次：第一批；性别：男；年龄：30周岁以下；招聘人数：20；城市：滁州,安徽 天长市,https://www.xduim.com/zw/gafj,,
2024,公务员,2024安徽公安法检招录,全椒县公安局,3014 全椒县公安局,大专及以上,,,笔试+面试,,,招考批次：第一批；性别：女；年龄：30周岁以下；招聘人数：4；分数线：62.0；城市：滁州,安徽 全椒县,https://www.xduim.com/zw/gafj,,
2024,公务员,2024安徽公安法检招录,全椒县公安局,3015 全椒县公安局,大专及以上,,,笔试+面试,,,招考批次：第一批；性别：女；年龄：30周岁以下；招聘人数：1；分数线：58.0；城市：滁州,安徽 全椒县,https://www.xduim.com/zw/gafj,,
2024,公务员,2024安徽公安法检招录,全椒县公安局,3016 全椒县公安局,大专及以上,,,笔试+面试,,,招考批次：第一批；性别：男；年龄：30周岁以下；招聘人数：8；分数线：47.0；城市：滁州,安徽 全椒县,https://www.xduim.com/zw/gafj,,
2024,公务员,2024安徽公安法检招录,全椒县公安局,3017 全椒县公安局,大专及以上,,,笔试+面试,,,招考批次：第一批；性别：男；年龄：30周岁以下；招聘人数：8；分数线：45.0；城市：滁州,安徽 全椒县,https://www.xduim.com/zw/gafj,,
2024,公务员,2024安徽公安法检招录,全椒县公安局,3018 全椒县公安局,大专及以上,,,笔试+面试,,,招考批次：第一批；性别：男；年龄：30周岁以下；招聘人数：9；分数线：34.0；城市：滁州,安徽 全椒县,https://www.xduim.com/zw/gafj,,
2024,公务员,2024安徽公安法检招录,定远县公安局,3019 定远县公安局,大专及以上,,,笔试+面试,,,招考批次：第一批；性别：男；年龄：35周岁以下；招聘人数：50；分数线：37.0；城市：滁州,安徽 定远县,https://www.xduim.com/zw/gafj,,
2024,公务员,2024安徽公安法检招录,凤阳县公安局,3020 凤阳县公安局,大专及以上,,,笔试+面试,,,招考批次：第一批；性别：男；年龄：30周岁以下；招聘人数：16；分数线：22.0；城市：滁州,安徽 凤阳县,https://www.xduim.com/zw/gafj,,
2024,公务员,2024安徽公安法检招录,全椒县局,2001 全椒县局,大专及以上,,,笔试+面试,,,招考批次：第二批；性别：男；年龄：35周岁以下；招聘人数：10；分数线：37.0；城市：滁州,安徽 全椒县,https://www.xduim.com/zw/gafj,,
2024,公务员,2024安徽公安法检招录,定远县局,2002 定远县局,大专及以上,,,笔试+面试,,,招考批次：第二批；性别：男；年龄：35周岁以下；招聘人数：10；分数线：31.5；城市：滁州,安徽 定远县,https://www.xduim.com/zw/gafj,,
2024,公务员,2024安徽公安法检招录,凤阳县局,2003 凤阳县局,大专及以上,,,笔试+面试,,,招考批次：第二批；性别：男；年龄：35周岁以下；招聘人数：10；分数线：35.75；城市：滁州,安徽 凤阳县,https://www.xduim.com/zw/gafj,,
2024,公务员,2024安徽公安法检招录,明光市局,2004 明光市局,大专及以上,,,笔试+面试,,,招考批次：第二批；性别：男；年龄：35周岁以下；招聘人数：10；分数线：27.25；城市：滁州,安徽 明光市,https://www.xduim.com/zw/gafj,,
2024,公务员,2024安徽公安法检招录,无为市局,岗位1 无为市局,大专及以上,,,笔试+面试,,,招考批次：第一批；性别：男；年龄：30周岁以下；招聘人数：9；分数线：42.9；城市：芜湖,安徽 无为市,https://www.xduim.com/zw/gafj,,
2024,公务员,2024安徽公安法检招录,无为市局,岗位2 无为市局,大专及以上,,,笔试+面试,,,招考批次：第一批；性别：男；年龄：30周岁以下；招聘人数：7；分数线：45.15；城市：芜湖,安徽 无为市,https://www.xduim.com/zw/gafj,,
2024,公务员,2024安徽公安法检招录,无为市局,岗位3 无为市局,大专及以上,,,笔试+面试,,,招考批次：第一批；性别：不限；年龄：30周岁以下；招聘人数：4；分数线：48.4；城市：芜湖,安徽 无为市,https://www.xduim.com/zw/gafj,,
2024,公务员,2024安徽公安法检招录,无为市局,岗位4 无为市局,大专及以上,,,笔试+面试,,,招考批次：第一批；性别：不限；年龄：30周岁以下；招聘人数：4；分数线：44.4；城市：芜湖,安徽 无为市,https://www.xduim.com/zw/gafj,,
2024,公务员,2024安徽公安法检招录,无为市局,岗位5 无为市局,大专及以上,,,笔试+面试,,,招考批次：第一批；性别：男；年龄：30周岁以下；招聘人数：2；分数线：44.9；城市：芜湖,安徽 无为市,https://www.xduim.com/zw/gafj,,
2024,公务员,2024安徽公安法检招录,无为市局,岗位6 无为市局,大专及以上,,,笔试+面试,,,招考批次：第一批；性别：男；年龄：30周岁以下；招聘人数：2；分数线：45.46；城市：芜湖,安徽 无为市,https://www.xduim.com/zw/gafj,,
2024,公务员,2024安徽公安法检招录,无为市局,岗位7 无为市局,大专及以上,,,笔试+面试,,,招考批次：第一批；性别：女；年龄：30周岁以下；招聘人数：1；分数线：48.4；城市：芜湖,安徽 无为市,https://www.xduim.com/zw/gafj,,
2024,公务员,2024安徽公安法检招录,南陵县局,岗位8 南陵县局,大专及以上,,,笔试+面试,,,招考批次：第一批；性别：男；年龄：30周岁以下；招聘人数：2；分数线：44.05；城市：芜湖,安徽 南陵县,https://www.xduim.com/zw/gafj,,
2024,公务员,2024安徽公安法检招录,南陵县局,岗位9 南陵县局,大专及以上,,,笔试+面试,,,招考批次：第一批；性别：男；年龄：30周岁以下；招聘人数：11；分数线：40.48；城市：芜湖,安徽 南陵县,https://www.xduim.com/zw/gafj,,
2024,公务员,2024安徽公安法检招录,南陵县局,岗位10 南陵县局,大专及以上,,,笔试+面试,,,招考批次：第一批；性别：男；年龄：30周岁以下；招聘人数：12；分数线：41.85；城市：芜湖,安徽 南陵县,https://www.xduim.com/zw/gafj,,
2024,公务员,2024安徽公安法检招录,湾沚分局,岗位11 湾沚分局,大专及以上,,,笔试+面试,,,招考批次：第一批；性别：男；年龄：30周岁以下；招聘人数：9；分数线：40.15；城市：芜湖,安徽 湾沚区,https://www.xduim.com/zw/gafj,,
2024,公务员,2024安徽公安法检招录,湾沚分局,岗位12 湾沚分局,大专及以上,,,笔试+面试,,,招考批次：第一批；性别：男；年龄：30周岁以下；招聘人数：8；分数线：42.05；城市：芜湖,安徽 湾沚区,https://www.xduim.com/zw/gafj,,
2024,公务员,2024安徽公安法检招录,湾沚分局,岗位13 湾沚分局,大专及以上,,,笔试+面试,,,招考批次：第一批；性别：男；年龄：30周岁以下；招聘人数：8；分数线：42.95；城市：芜湖,安徽 湾沚区,https://www.xduim.com/zw/gafj,,
2024,公务员,2024安徽公安法检招录,繁昌分局,岗位14 繁昌分局,大专及以上,,,笔试+面试,,,招考批次：第一批；性别：男；年龄：30周岁以下；招聘人数：11；分数线：41.05；城市：芜湖,安徽 繁昌区,https://www.xduim.com/zw/gafj,,
2024,公务员,2024安徽公安法检招录,繁昌分局,岗位15 繁昌分局,大专及以上,,,笔试+面试,,,招考批次：第一批；性别：男；年龄：30周岁以下；招聘人数：12；分数线：43.04；城市：芜湖,安徽 繁昌区,https://www.xduim.com/zw/gafj,,
2024,公务员,2024安徽公安法检招录,镜湖分局,岗位16 镜湖分局,大专及以上,,,笔试+面试,,,招考批次：第一批；性别：男；年龄：30周岁以下；招聘人数：4；分数线：43.28；城市：芜湖,安徽 镜湖区,https://www.xduim.com/zw/gafj,,
2024,公务员,2024安徽公安法检招录,镜湖分局,岗位17 镜湖分局,大专及以上,,,笔试+面试,,,招考批次：第一批；性别：男；年龄：30周岁以下；招聘人数：9；分数线：42.2；城市：芜湖,安徽 镜湖区,https://www.xduim.com/zw/gafj,,
2024,公务员,2024安徽公安法检招录,镜湖分局,岗位18 镜湖分局,大专及以上,,,笔试+面试,,,招考批次：第一批；性别：男；年龄：30周岁以下；招聘人数：9；分数线：44.35；城市：芜湖,安徽 镜湖区,https://www.xduim.com/zw/gafj,,
2024,公务员,2024安徽公安法检招录,镜湖分局,岗位19 镜湖分局,大专及以上,,,笔试+面试,,,招考批次：第一批；性别：男；年龄：30周岁以下；招聘人数：10；分数线：41.11；城市：芜湖,安徽 镜湖区,https://www.xduim.com/zw/gafj,,
2024,公务员,2024安徽公安法检招录,镜湖分局,岗位20 镜湖分局,大专及以上,,,笔试+面试,,,招考批次：第一批；性别：男；年龄：30周岁以下；招聘人数：2；分数线：42.25；城市：芜湖,安徽 镜湖区,https://www.xduim.com/zw/gafj,,
2025,公务员,2025安徽公安法检招录,,岗位1,大专及以上,,,笔试+面试,,,招考批次：第一批；性别：男；年龄：18周岁以上30周岁以下；招聘人数：10；分数线：42.84；城市：芜湖,安徽 无为市,https://www.xduim.com/zw/gafj,,
2025,公务员,2025安徽公安法检招录,,岗位2,大专及以上,,,笔试+面试,,,招考批次：第一批；性别：男；年龄：18周岁以上30周岁以下；招聘人数：10；分数线：38.68；城市：芜湖,安徽 无为市,https://www.xduim.com/zw/gafj,,
2025,公务员,2025安徽公安法检招录,,岗位3,大专及以上,,,笔试+面试,,,招考批次：第一批；性别：不限；年龄：18周岁以上30周岁以下；招聘人数：3；分数线：47.8；城市：芜湖,安徽 无为市,https://www.xduim.com/zw/gafj,,
2025,公务员,2025安徽公安法检招录,,岗位4,本科及以上,,,笔试+面试,,,招考批次：第一批；性别：男；年龄：18周岁以上35周岁以下；招聘人数：3；分数线：45.88；城市：芜湖,安徽 无为市,https://www.xduim.com/zw/gafj,,
2025,公务员,2025安徽公安法检招录,,岗位5,本科及以上,,,笔试+面试,,,招考批次：第一批；性别：男；年龄：18周岁以上35周岁以下；招聘人数：3；分数线：44.4；城市：芜湖,安徽 无为市,https://www.xduim.com/zw/gafj,,
2025,公务员,2025安徽公安法检招录,,岗位6,大专及以上,,,笔试+面试,,,招考批次：第一批；性别：男；年龄：18周岁以上30周岁以下；招聘人数：1；城市：芜湖,安徽 南陵县,https://www.xduim.com/zw/gafj,,
2025,公务员,2025安徽公安法检招录,,岗位7,大专及以上,,,笔试+面试,,,招考批次：第一批；性别：男；年龄：18周岁以上30周岁以下；招聘人数：9；分数线：42.0；城市：芜湖,安徽 南陵县,https://www.xduim.com/zw/gafj,,
2025,公务员,2025安徽公安法检招录,,岗位8,大专及以上,,,笔试+面试,,,招考批次：第一批；性别：男；年龄：18周岁以上30周岁以下；招聘人数：8；分数线：39.08；城市：芜湖,安徽 南陵县,https://www.xduim.com/zw/gafj,,
2025,公务员,2025安徽公安法检招录,,岗位9,大专及以上,,,笔试+面试,,,招考批次：第一批；性别：男；年龄：18周岁以上30周岁以下；招聘人数：10；分数线：41.16；城市：芜湖,安徽 南陵县,https://www.xduim.com/zw/gafj,,
2025,公务员,2025安徽公安法检招录,,岗位10,本科及以上,,,笔试+面试,,,招考批次：第一批；性别：女；年龄：18周岁以上35周岁以下；招聘人数：1；分数线：55.6；城市：芜湖,安徽 南陵县,https://www.xduim.com/zw/gafj,,
2025,公务员,2025安徽公安法检招录,,岗位11,大专及以上,,,笔试+面试,,,招考批次：第一批；性别：男；年龄：18周岁以上30周岁以下；招聘人数：10；分数线：40.96；城市：芜湖,安徽 湾沚区,https://www.xduim.com/zw/gafj,,
2025,公务员,2025安徽公安法检招录,,岗位12,大专及以上,,,笔试+面试,,,招考批次：第一批；性别：男；年龄：18周岁以上30周岁以下；招聘人数：13；分数线：43.6；城市：芜湖,安徽 繁昌区,https://www.xduim.com/zw/gafj,,
2025,公务员,2025安徽公安法检招录,,岗位13,大专及以上,,,笔试+面试,,,招考批次：第一批；性别：男；年龄：18周岁以上30周岁以下；招聘人数：12；分数线：42.2；城市：芜湖,安徽 繁昌区,https://www.xduim.com/zw/gafj,,
2025,公务员,2025安徽公安法检招录,,岗位14,大专及以上,,,笔试+面试,,,招考批次：第一批；性别：男；年龄：18周岁以上30周岁以下；招聘人数：11；分数线：41.52；城市：芜湖,安徽 镜湖区,https://www.xduim.com/zw/gafj,,
2025,公务员,2025安徽公安法检招录,,岗位15,大专及以上,,,笔试+面试,,,招考批次：第一批；性别：男；年龄：18周岁以上30周岁以下；招聘人数：2；分数线：46.4；城市：芜湖,安徽 镜湖区,https://www.xduim.com/zw/gafj,,
2025,公务员,2025安徽公安法检招录,,岗位16,本科及以上,,,笔试+面试,,,招考批次：第一批；性别：不限；年龄：18周岁以上35周岁以下；招聘人数：2；分数线：50.0；城市：芜湖,安徽 镜湖区,https://www.xduim.com/zw/gafj,,
2025,公务员,2025安徽公安法检招录,,岗位17,大专及以上,,,笔试+面试,,,招考批次：第一批；性别：男；年龄：18周岁以上30周岁以下；招聘人数：5；分数线：42.8；城市：芜湖,安徽 弋江区,https://www.xduim.com/zw/gafj,,
2025,公务员,2025安徽公安法检招录,,岗位18,大专及以上,,,笔试+面试,,,招考批次：第一批；性别：男；年龄：18周岁以上30周岁以下；招聘人数：2；分数线：44.0；城市：芜湖,安徽 弋江区,https://www.xduim.com/zw/gafj,,
2025,公务员,2025安徽公安法检招录,,岗位19,大专及以上,,,笔试+面试,,,招考批次：第一批；性别：男；年龄：18周岁以上30周岁以下；招聘人数：5；分数线：40.88；城市：芜湖,安徽 鸠江区,https://www.xduim.com/zw/gafj,,
2025,公务员,2025安徽公安法检招录,,岗位20,大专及以上,,,笔试+面试,,,招考批次：第一批；性别：男；年龄：18周岁以上30周岁以下；招聘人数：5；分数线：42.0；城市：芜湖,安徽 鸠江区,https://www.xduim.com/zw/gafj,,
2025,公务员,2025安徽公安法检招录,湾沚分局,岗位1 湾沚分局,大专及以上,,,笔试+面试,,,招考批次：第三批；性别：男；年龄：18周岁以上30周岁以下；招聘人数：10；城市：芜湖,安徽 湾沚区,https://www.xduim.com/zw/gafj,,
2025,公务员,2025安徽公安法检招录,鸠江分局,岗位2 鸠江分局,大专及以上,,,笔试+面试,,,招考批次：第三批；性别：男；年龄：18周岁以上30周岁以下；招聘人数：5；城市：芜湖,安徽 鸠江区,https://www.xduim.com/zw/gafj,,
2025,公务员,2025安徽公安法检招录,鸠江分局,岗位3 鸠江分局,大专及以上,,,笔试+面试,,,招考批次：第三批；性别：男；年龄：18周岁以上30周岁以下；招聘人数：4；城市：芜湖,安徽 鸠江区,https://www.xduim.com/zw/gafj,,
2025,公务员,2025安徽公安法检招录,鸠江分局,岗位4 鸠江分局,大专及以上,,,笔试+面试,,,招考批次：第三批；性别：男；年龄：18周岁以上30周岁以下；招聘人数：4；城市：芜湖,安徽 鸠江区,https://www.xduim.com/zw/gafj,,
2025,公务员,2025安徽公安法检招录,鸠江分局,岗位5 鸠江分局,大专及以上,,,笔试+面试,,,招考批次：第三批；性别：女；年龄：18周岁以上30周岁以下；招聘人数：2；城市：芜湖,安徽 鸠江区,https://www.xduim.com/zw/gafj,,
2025,公务员,2025安徽公安法检招录,鸠江分局,岗位6 鸠江分局,大专及以上,,,笔试+面试,,,招考批次：第三批；性别：女；年龄：18周岁以上30周岁以下；招聘人数：1；城市：芜湖,安徽 鸠江区,https://www.xduim.com/zw/gafj,,
2025,公务员,2025安徽公安法检招录,鸠江分局,岗位7 鸠江分局,本科及以上,,,笔试+面试,,,招考批次：第三批；性别：女；年龄：18周岁以上35周岁以下；招聘人数：1；城市：芜湖,安徽 鸠江区,https://www.xduim.com/zw/gafj,,
2025,公务员,2025安徽公安法检招录,三山分局,岗位8 三山分局,高中及以上,,,笔试+面试,,,招考批次：第三批；性别：男；年龄：18周岁以上35周岁以下；招聘人数：2；城市：芜湖,安徽 三山经开区,https://www.xduim.com/zw/gafj,,
2025,公务员,2025安徽公安法检招录,三山分局,岗位9 三山分局,大专及以上,,,笔试+面试,,,招考批次：第三批；性别：男；年龄：18周岁以上30周岁以下；招聘人数：3；城市：芜湖,安徽 三山经开区,https://www.xduim.com/zw/gafj,,
2025,公务员,2025安徽公安法检招录,经开分局,岗位10 经开分局,本科及以上,,,笔试+面试,,,招考批次：第三批；性别：不限；年龄：18周岁以上35周岁以下；招聘人数：1；城市：芜湖,安徽 经开区,https://www.xduim.com/zw/gafj,,
2025,公务员,2025安徽公安法检招录,经开分局,岗位11 经开分局,大专及以上,,,笔试+面试,,,招考批次：第三批；性别：男；年龄：18周岁以上30周岁以下；招聘人数：2；城市：芜湖,安徽 经开区,https://www.xduim.com/zw/gafj,,
2025,公务员,2025安徽公安法检招录,芜湖市公安局,岗位12 芜湖市公安局,大专及以上,,,笔试+面试,,,招考批次：第三批；性别：男；年龄：18周岁以上30周岁以下；招聘人数：11；城市：芜湖,安徽 芜湖市直,https://www.xduim.com/zw/gafj,,
2025,公务员,2025安徽公安法检招录,芜湖市公安局,岗位13 芜湖市公安局,大专及以上,,,笔试+面试,,,招考批次：第三批；性别：男；年龄：18周岁以上30周岁以下；招聘人数：11；城市：芜湖,安徽 芜湖市直,https://www.xduim.com/zw/gafj,,
2025,公务员,2025安徽公安法检招录,芜湖市公安局,岗位14 芜湖市公安局,大专及以上,,,笔试+面试,,,招考批次：第三批；性别：男；年龄：18周岁以上30周岁以下；招聘人数：11；城市：芜湖,安徽 芜湖市直,https://www.xduim.com/zw/gafj,,
2025,公务员,2025安徽公安法检招录,芜湖市公安局,岗位15 芜湖市公安局,大专及以上,,,笔试+面试,,,招考批次：第三批；性别：男；年龄：18周岁以上30周岁以下；招聘人数：10；城市：芜湖,安徽 芜湖市直,https://www.xduim.com/zw/gafj,,
2025,公务员,2025安徽公安法检招录,芜湖市公安局,岗位16 芜湖市公安局,大专及以上,,,笔试+面试,,,招考批次：第三批；性别：男；年龄：18周岁以上30周岁以下；招聘人数：10；城市：芜湖,安徽 芜湖市直,https://www.xduim.com/zw/gafj,,
2025,公务员,2025安徽公安法检招录,芜湖市公安局,岗位17 芜湖市公安局,大专及以上,,,笔试+面试,,,招考批次：第三批；性别：女；年龄：18周岁以上30周岁以下；招聘人数：9；城市：芜湖,安徽 芜湖市直,https://www.xduim.com/zw/gafj,,
2025,公务员,2025安徽公安法检招录,芜湖市公安局,岗位18 芜湖市公安局,大专及以上,,,笔试+面试,,,招考批次：第三批；性别：女；年龄：18周岁以上30周岁以下；招聘人数：8；城市：芜湖,安徽 芜湖市直,https://www.xduim.com/zw/gafj,,
2024,公务员,2024安徽公安法检招录,无为市局,岗位1 无为市局,大专及以上,,,笔试+面试,,,招考批次：第二批；性别：女；年龄：18周岁至30周岁；招聘人数：8；城市：芜湖,安徽 无为市,https://www.xduim.com/zw/gafj,,
2024,公务员,2024安徽公安法检招录,无为市局,岗位2 无为市局,大专及以上,,,笔试+面试,,,招考批次：第二批；性别：男；年龄：18周岁至30周岁；招聘人数：2；城市：芜湖,安徽 无为市,https://www.xduim.com/zw/gafj,,
2024,公务员,2024安徽公安法检招录,无为市局,岗位3 无为市局,大专及以上,,,笔试+面试,,,招考批次：第二批；性别：男；年龄：18周岁至30周岁；招聘人数：5；城市：芜湖,安徽 无为市,https://www.xduim.com/zw/gafj,,
2024,公务员,2024安徽公安法检招录,无为市局,岗位4 无为市局,大专及以上,,,笔试+面试,,,招考批次：第二批；性别：男；年龄：18周岁至35周岁；招聘人数：2；城市：芜湖,安徽 无为市,https://www.xduim.com/zw/gafj,,
2024,公务员,2024安徽公安法检招录,无为市局,岗位5 无为市局,大专及以上,,,笔试+面试,,,招考批次：第二批；性别：男；年龄：18周岁至30周岁；招聘人数：5；城市：芜湖,安徽 无为市,https://www.xduim.com/zw/gafj,,
2024,公务员,2024安徽公安法检招录,无为市局,岗位6 无为市局,大专及以上,,,笔试+面试,,,招考批次：第二批；性别：男；年龄：18周岁至30周岁；招聘人数：2；城市：芜湖,安徽 无为市,https://www.xduim.com/zw/gafj,,
2024,公务员,2024安徽公安法检招录,无为市局,岗位7 无为市局,大专及以上,,,笔试+面试,,,招考批次：第二批；性别：男；年龄：18周岁至30周岁；招聘人数：5；城市：芜湖,安徽 无为市,https://www.xduim.com/zw/gafj,,
2024,公务员,2024安徽公安法检招录,湾沚分局,岗位8 湾沚分局,大专及以上,,,笔试+面试,,,招考批次：第二批；性别：男；年龄：18周岁至30周岁；招聘人数：10；城市：芜湖,安徽 湾沚区,https://www.xduim.com/zw/gafj,,
2024,公务员,2024安徽公安法检招录,湾沚分局,岗位9 湾沚分局,大专及以上,,,笔试+面试,,,招考批次：第二批；性别：男；年龄：18周岁至30周岁；招聘人数：9；城市：芜湖,安徽 湾沚区,https://www.xduim.com/zw/gafj,,
2024,公务员,2024安徽公安法检招录,镜湖分局,岗位10 镜湖分局,大专及以上,,,笔试+面试,,,招考批次：第二批；性别：男；年龄：18周岁至30周岁；招聘人数：12；城市：芜湖,安徽 镜湖区,https://www.xduim.com/zw/gafj,,
2024,公务员,2024安徽公安法检招录,镜湖分局,岗位11 镜湖分局,大专及以上,,,笔试+面试,,,招考批次：第二批；性别：女；年龄：18周岁至30周岁；招聘人数：1；城市：芜湖,安徽 镜湖区,https://www.xduim.com/zw/gafj,,
2024,公务员,2024安徽公安法检招录,镜湖分局,岗位12 镜湖分局,大专及以上,,,笔试+面试,,,招考批次：第二批；性别：男；年龄：18周岁至30周岁；招聘人数：1；城市：芜湖,安徽 镜湖区,https://www.xduim.com/zw/gafj,,
2024,公务员,2024安徽公安法检招录,弋江分局,岗位13 弋江分局,大专及以上,,,笔试+面试,,,招考批次：第二批；性别：男；年龄：18周岁至30周岁；招聘人数：6；城市：芜湖,安徽 弋江区,https://www.xduim.com/zw/gafj,,
2024,公务员,2024安徽公安法检招录,鸠江分局,岗位14 鸠江分局,大专及以上,,,笔试+面试,,,招考批次：第二批；性别：男；年龄：18周岁至30周岁；招聘人数：10；城市：芜湖,安徽 鸠江区,https://www.xduim.com/zw/gafj,,
2024,公务员,2024安徽公安法检招录,鸠江分局,岗位15 鸠江分局,大专及以上,,,笔试+面试,,,招考批次：第二批；性别：男；年龄：18周岁至30周岁；招聘人数：10；城市：芜湖,安徽 鸠江区,https://www.xduim.com/zw/gafj,,
2024,公务员,2024安徽公安法检招录,鸠江分局,岗位16 鸠江分局,大专及以上,,,笔试+面试,,,招考批次：第二批；性别：男；年龄：18周岁至30周岁；招聘人数：9；城市：芜湖,安徽 鸠江区,https://www.xduim.com/zw/gafj,,
2024,公务员,2024安徽公安法检招录,三山经开区分局,岗位17 三山经开区分局,大专及以上,,,笔试+面试,,,招考批次：第二批；性别：男；年龄：18周岁至30周岁；招聘人数：3；城市：芜湖,安徽 三山经开区,https://www.xduim.com/zw/gafj,,
2024,公务员,2024安徽公安法检招录,经开区分局,岗位18 经开区分局,大专及以上,,,笔试+面试,,,招考批次：第二批；性别：男；年龄：18周岁至30周岁；招聘人数：8；城市：芜湖,安徽 经开区,https://www.xduim.com/zw/gafj,,
2024,公务员,2024安徽公安法检招录,经开区分局,岗位19 经开区分局,大专及以上,,,笔试+面试,,,招考批次：第二批；性别：女；年龄：18周岁至30周岁；招聘人数：2；城市：芜湖,安徽 经开区,https://www.xduim.com/zw/gafj,,
2024,公务员,2024安徽公安法检招录,芜湖市局,岗位20 芜湖市局,大专及以上,,,笔试+面试,,,招考批次：第二批；性别：男；年龄：18周岁至30周岁；招聘人数：2；城市：芜湖,安徽 芜湖市直,https://www.xduim.com/zw/gafj,,
2025,公务员,2025安徽公安法检招录,芜湖市公安局,岗位1 芜湖市公安局,大专及以上,,,笔试+面试,,,招考批次：第二批；性别：男；年龄：18周岁以上30周岁以下；招聘人数：10；城市：芜湖,安徽 芜湖市直,https://www.xduim.com/zw/gafj,,
2025,公务员,2025安徽公安法检招录,芜湖市公安局,岗位2 芜湖市公安局,大专及以上,,,笔试+面试,,,招考批次：第二批；性别：男；年龄：18周岁以上30周岁以下；招聘人数：10；城市：芜湖,安徽 芜湖市直,https://www.xduim.com/zw/gafj,,
2025,公务员,2025安徽公安法检招录,芜湖市公安局,岗位3 芜湖市公安局,大专及以上,,,笔试+面试,,,招考批次：第二批；性别：男；年龄：18周岁以上30周岁以下；招聘人数：10；城市：芜湖,安徽 芜湖市直,https://www.xduim.com/zw/gafj,,
2025,公务员,2025安徽公安法检招录,芜湖市公安局,岗位4 芜湖市公安局,大专及以上,,,笔试+面试,,,招考批次：第二批；性别：男；年龄：18周岁以上30周岁以下；招聘人数：10；城市：芜湖,安徽 芜湖市直,https://www.xduim.com/zw/gafj,,
2025,公务员,2025安徽公安法检招录,芜湖市公安局,岗位5 芜湖市公安局,大专及以上,,,笔试+面试,,,招考批次：第二批；性别：男；年龄：18周岁以上30周岁以下；招聘人数：10；城市：芜湖,安徽 芜湖市直,https://www.xduim.com/zw/gafj,,
2025,公务员,2025安徽公安法检招录,芜湖市公安局,岗位6 芜湖市公安局,大专及以上,,,笔试+面试,,,招考批次：第二批；性别：男；年龄：18周岁以上30周岁以下；招聘人数：10；城市：芜湖,安徽 芜湖市直,https://www.xduim.com/zw/gafj,,
2025,公务员,2025安徽公安法检招录,芜湖市公安局,岗位7 芜湖市公安局,大专及以上,,,笔试+面试,,,招考批次：第二批；性别：男；年龄：18周岁以上30周岁以下；招聘人数：10；城市：芜湖,安徽 芜湖市直,https://www.xduim.com/zw/gafj,,
2025,公务员,2025安徽公安法检招录,芜湖市公安局,岗位8 芜湖市公安局,大专及以上,,,笔试+面试,,,招考批次：第二批；性别：男；年龄：18周岁以上30周岁以下；招聘人数：8；城市：芜湖,安徽 芜湖市直,https://www.xduim.com/zw/gafj,,
2025,公务员,2025安徽公安法检招录,芜湖市公安局,岗位9 芜湖市公安局,大专及以上,,,笔试+面试,,,招考批次：第二批；性别：女；年龄：18周岁以上30周岁以下；招聘人数：10；城市：芜湖,安徽 芜湖市直,https://www.xduim.com/zw/gafj,,
2025,公务员,2025安徽公安法检招录,芜湖市公安局,岗位10 芜湖市公安局,大专及以上,,,笔试+面试,,,招考批次：第二批；性别：女；年龄：18周岁以上30周岁以下；招聘人数：9；城市：芜湖,安徽 芜湖市直,https://www.xduim.com/zw/gafj,,
2025,公务员,2025安徽公安法检招录,怀远县局,25101 怀远县局,大专及以上,,,笔试+面试,,,招考批次：第一批；性别：男；年龄：18周岁以上35周岁以下；招聘人数：9；城市：蚌埠,安徽 怀远县,https://www.xduim.com/zw/gafj,,
2025,公务员,2025安徽公安法检招录,怀远县局,25102 怀远县局,大专及以上,,,笔试+面试,,,招考批次：第一批；性别：女；年龄：18周岁以上35周岁以下；招聘人数：5；城市：蚌埠,安徽 怀远县,https://www.xduim.com/zw/gafj,,
2025,公务员,2025安徽公安法检招录,怀远县局,25103 怀远县局,大专及以上,,,笔试+面试,,,招考批次：第一批；性别：男；年龄：18周岁以上35周岁以下；招聘人数：16；城市：蚌埠,安徽 怀远县,https://www.xduim.com/zw/gafj,,
2025,公务员,2025安徽公安法检招录,怀远县局,25104 怀远县局,大专及以上,,,笔试+面试,,,招考批次：第一批；性别：男；年龄：18周岁以上35周岁以下；招聘人数：5；城市：蚌埠,安徽 怀远县,https://www.xduim.com/zw/gafj,,
2025,公务员,2025安徽公安法检招录,怀远县局,25105 怀远县局,大专及以上,,,笔试+面试,,,招考批次：第一批；性别：男；年龄：18周岁以上35周岁以下；招聘人数：10；城市：蚌埠,安徽 怀远县,https://www.xduim.com/zw/gafj,,
2025,公务员,2025安徽公安法检招录,怀远县局,25106 怀远县局,大专及以上,,,笔试+面试,,,招考批次：第一批；性别：男；年龄：18周岁以上35周岁以下；招聘人数：5；城市：蚌埠,安徽 怀远县,https://www.xduim.com/zw/gafj,,
2025,公务员,2025安徽公安法检招录,固镇县局,25107 固镇县局,大专及以上,,,笔试+面试,,,招考批次：第一批；性别：女；年龄：18周岁以上35周岁以下；招聘人数：2；城市：蚌埠,安徽 固镇县,https://www.xduim.com/zw/gafj,,
2025,公务员,2025安徽公安法检招录,固镇县局,25108 固镇县局,大专及以上,,,笔试+面试,,,招考批次：第一批；性别：男；年龄：18周岁以上35周岁以下；招聘人数：18；城市：蚌埠,安徽 固镇县,https://www.xduim.com/zw/gafj,,
2025,公务员,2025安徽公安法检招录,五河县局,25109 五河县局,大专及以上,,,笔试+面试,,,招考批次：第一批；性别：男；年龄：18周岁以上35周岁以下；招聘人数：30；城市：蚌埠,安徽 五河县,https://www.xduim.com/zw/gafj,,
2025,公务员,2025安徽公安法检招录,蚌山分局,25110 蚌山分局,大专及以上,,,笔试+面试,,,招考批次：第一批；性别：男；年龄：18周岁以上35周岁以下；招聘人数：20；城市：蚌埠,安徽 蚌山区,https://www.xduim.com/zw/gafj,,
2025,公务员,2025安徽公安法检招录,蚌山分局,25111 蚌山分局,大专及以上,,,笔试+面试,,,招考批次：第一批；性别：女；年龄：18周岁以上35周岁以下；招聘人数：1；城市：蚌埠,安徽 蚌山区,https://www.xduim.com/zw/gafj,,
2025,公务员,2025安徽公安法检招录,禹会分局,25112 禹会分局,大专及以上,,,笔试+面试,,,招考批次：第一批；性别：男；年龄：18周岁以上35周岁以下；招聘人数：20；城市：蚌埠,安徽 禹会区,https://www.xduim.com/zw/gafj,,
2025,公务员,2025安徽公安法检招录,禹会分局,25113 禹会分局,大专及以上,,,笔试+面试,,,招考批次：第一批；性别：女；年龄：18周岁以上35周岁以下；招聘人数：3；城市：蚌埠,安徽 禹会区,https://www.xduim.com/zw/gafj,,
2025,公务员,2025安徽公安法检招录,禹会分局,25114 禹会分局,大专及以上,,,笔试+面试,,,招考批次：第一批；性别：男；年龄：18周岁以上35周岁以下；招聘人数：4；城市：蚌埠,安徽 禹会区,https://www.xduim.com/zw/gafj,,
2025,公务员,2025安徽公安法检招录,高新分局,25115 高新分局,大专及以上,,,笔试+面试,,,招考批次：第一批；性别：男；年龄：18周岁以上35周岁以下；招聘人数：7；城市：蚌埠,安徽 高新区,https://www.xduim.com/zw/gafj,,
2025,公务员,2025安徽公安法检招录,交管支队,25116 交管支队,大专及以上,,,笔试+面试,,,招考批次：第一批；性别：男；年龄：18周岁以上35周岁以下；招聘人数：64；城市：蚌埠,安徽 蚌埠市直,https://www.xduim.com/zw/gafj,,
2025,公务员,2025安徽公安法检招录,特巡警支队,25117 特巡警支队,大专及以上,,,笔试+面试,,,招考批次：第一批；性别：男；年龄：18周岁以上35周岁以下；招聘人数：18；城市：蚌埠,安徽 蚌埠市直,https://www.xduim.com/zw/gafj,,
2025,公务员,2025安徽公安法检招录,公交分局,25118 公交分局,大专及以上,,,笔试+面试,,,招考批次：第一批；性别：男；年龄：18周岁以上35周岁以下；招聘人数：3；城市：蚌埠,安徽 蚌埠市直,https://www.xduim.com/zw/gafj,,
2025,公务员,2025安徽公安法检招录,机场分局,25119 机场分局,大专及以上,,,笔试+面试,,,招考批次：第一批；性别：男；年龄：18周岁以上35周岁以下；招聘人数：3；城市：蚌埠,安徽 蚌埠市直,https://www.xduim.com/zw/gafj,,
2025,公务员,2025安徽公安法检招录,留置看护支队,25120 留置看护支队,大专及以上,,,笔试+面试,,,招考批次：第一批；性别：男；年龄：18周岁以上35周岁以下；招聘人数：1；城市：蚌埠,安徽 蚌埠市直,https://www.xduim.com/zw/gafj,,
2024,公务员,2024安徽公安法检招录,怀远县局,24201 怀远县局,大专及以上,,,笔试+面试,,,招考批次：第二批；性别：女；年龄：35周岁以下；招聘人数：2；分数线：71.2；城市：蚌埠,安徽 怀远县,https://www.xduim.com/zw/gafj,,
2024,公务员,2024安徽公安法检招录,怀远县局,24202 怀远县局,大专及以上,,,笔试+面试,,,招考批次：第二批；性别：女；年龄：35周岁以下；招聘人数：7；分数线：79.0；城市：蚌埠,安徽 怀远县,https://www.xduim.com/zw/gafj,,
2024,公务员,2024安徽公安法检招录,怀远县局,24203 怀远县局,大专及以上,,,笔试+面试,,,招考批次：第二批；性别：男；年龄：35周岁以下；招聘人数：15；分数线：64.8；城市：蚌埠,安徽 怀远县,https://www.xduim.com/zw/gafj,,
2024,公务员,2024安徽公安法检招录,怀远县局,24204 怀远县局,大专及以上,,,笔试+面试,,,招考批次：第二批；性别：男；年龄：35周岁以下；招聘人数：5；分数线：65.6；城市：蚌埠,安徽 怀远县,https://www.xduim.com/zw/gafj,,
2024,公务员,2024安徽公安法检招录,怀远县局,24205 怀远县局,大专及以上,,,笔试+面试,,,招考批次：第二批；性别：男；年龄：35周岁以下；招聘人数：20；分数线：59.8；城市：蚌埠,安徽 怀远县,https://www.xduim.com/zw/gafj,,
2024,公务员,2024安徽公安法检招录,怀远县局,24206 怀远县局,大专及以上,,,笔试+面试,,,招考批次：第二批；性别：女；年龄：35周岁以下；招聘人数：2；分数线：75.6；城市：蚌埠,安徽 怀远县,https://www.xduim.com/zw/gafj,,
2024,公务员,2024安徽公安法检招录,固镇县局,24207 固镇县局,大专及以上,,,笔试+面试,,,招考批次：第二批；性别：男；年龄：35周岁以下；招聘人数：25；分数线：47.0；城市：蚌埠,安徽 固镇县,https://www.xduim.com/zw/gafj,,
2024,公务员,2024安徽公安法检招录,五河县局,24208 五河县局,大专及以上,,,笔试+面试,,,招考批次：第二批；性别：男；年龄：35周岁以下；招聘人数：6；分数线：43.2；城市：蚌埠,安徽 五河县,https://www.xduim.com/zw/gafj,,
2024,公务员,2024安徽公安法检招录,五河县局,24209 五河县局,大专及以上,,,笔试+面试,,,招考批次：第二批；性别：女；年龄：35周岁以下；招聘人数：2；分数线：70.6；城市：蚌埠,安徽 五河县,https://www.xduim.com/zw/gafj,,
2024,公务员,2024安徽公安法检招录,五河县局,24210 五河县局,大专及以上,,,笔试+面试,,,招考批次：第二批；性别：男；年龄：35周岁以下；招聘人数：30；分数线：48.6；城市：蚌埠,安徽 五河县,https://www.xduim.com/zw/gafj,,
2024,公务员,2024安徽公安法检招录,龙子湖分局,24211 龙子湖分局,大专及以上,,,笔试+面试,,,招考批次：第二批；性别：男；年龄：35周岁以下；招聘人数：30；分数线：46.8；城市：蚌埠,安徽 龙子湖区,https://www.xduim.com/zw/gafj,,
2024,公务员,2024安徽公安法检招录,蚌山分局,24212 蚌山分局,大专及以上,,,笔试+面试,,,招考批次：第二批；性别：男；年龄：35周岁以下；招聘人数：35；分数线：50.0；城市：蚌埠,安徽 蚌山区,https://www.xduim.com/zw/gafj,,
2024,公务员,2024安徽公安法检招录,蚌山分局,24213 蚌山分局,大专及以上,,,笔试+面试,,,招考批次：第二批；性别：男；年龄：35周岁以下；招聘人数：22；分数线：47.6；城市：蚌埠,安徽 蚌山区,https://www.xduim.com/zw/gafj,,
2024,公务员,2024安徽公安法检招录,禹会分局,24214 禹会分局,大专及以上,,,笔试+面试,,,招考批次：第二批；性别：男；年龄：35周岁以下；招聘人数：30；分数线：46.2；城市：蚌埠,安徽 禹会区,https://www.xduim.com/zw/gafj,,
2024,公务员,2024安徽公安法检招录,淮上分局,24215 淮上分局,大专及以上,,,笔试+面试,,,招考批次：第二批；性别：男；年龄：35周岁以下；招聘人数：24；分数线：39.6；城市：蚌埠,安徽 淮上区,https://www.xduim.com/zw/gafj,,
2024,公务员,2024安徽公安法检招录,淮上分局,24216 淮上分局,大专及以上,,,笔试+面试,,,招考批次：第二批；性别：女；年龄：35周岁以下；招聘人数：9；分数线：77.4；城市：蚌埠,安徽 淮上区,https://www.xduim.com/zw/gafj,,
2024,公务员,2024安徽公安法检招录,淮上分局,24217 淮上分局,大专及以上,,,笔试+面试,,,招考批次：第二批；性别：男；年龄：35周岁以下；招聘人数：8；分数线：47.4；城市：蚌埠,安徽 淮上区,https://www.xduim.com/zw/gafj,,
2024,公务员,2024安徽公安法检招录,淮上分局,24218 淮上分局,大专及以上,,,笔试+面试,,,招考批次：第二批；性别：女；年龄：35周岁以下；招聘人数：6；分数线：78.2；城市：蚌埠,安徽 淮上区,https://www.xduim.com/zw/gafj,,
2024,公务员,2024安徽公安法检招录,高新分局,24219 高新分局,大专及以上,,,笔试+面试,,,招考批次：第二批；性别：男；年龄：35周岁以下；招聘人数：22；分数线：54.8；城市：蚌埠,安徽 高新区,https://www.xduim.com/zw/gafj,,
2024,公务员,2024安徽公安法检招录,经开分局,24220 经开分局,大专及以上,,,笔试+面试,,,招考批次：第二批；性别：男；年龄：35周岁以下；招聘人数：8；分数线：37.4；城市：蚌埠,安徽 经开区,https://www.xduim.com/zw/gafj,,
2024,公务员,2024安徽公安法检招录,经开区公安分局,2024001 经开区公安分局,本科及以上,,,笔试+面试,,,招考批次：第一批；性别：女；年龄：35周岁以下；招聘人数：1；分数线：81.5；城市：铜陵,安徽 经开区,https://www.xduim.com/zw/gafj,,
2024,公务员,2024安徽公安法检招录,经开区公安分局,2024002 经开区公安分局,本科及以上,,,笔试+面试,,,招考批次：第一批；性别：男；年龄：35周岁以下；招聘人数：4；分数线：78.88；城市：铜陵,安徽 经开区,https://www.xduim.com/zw/gafj,,
2024,公务员,2024安徽公安法检招录,经开区公安分局,2024003 经开区公安分局,本科及以上,,,笔试+面试,,,招考批次：第一批；性别：男；年龄：35周岁以下；招聘人数：3；分数线：76.5；城市：铜陵,安徽 经开区,https://www.xduim.com/zw/gafj,,
2024,公务员,2024安徽公安法检招录,经开区公安分局,2024004 经开区公安分局,大专及以上,,,笔试+面试,,,招考批次：第一批；性别：男；年龄：30周岁以下；招聘人数：6；分数线：70.5；城市：铜陵,安徽 经开区,https://www.xduim.com/zw/gafj,,
2024,公务员,2024安徽公安法检招录,经开区公安分局,2024005 经开区公安分局,大专及以上,,,笔试+面试,,,招考批次：第一批；性别：男；年龄：30周岁以下；招聘人数：6；分数线：79.0；城市：铜陵,安徽 经开区,https://www.xduim.com/zw/gafj,,
2024,公务员,2024安徽公安法检招录,枞阳县公安局,2024006 枞阳县公安局,大专及以上,,,笔试+面试,,,招考批次：第一批；性别：男；年龄：35周岁以下；招聘人数：1；分数线：75.98；城市：铜陵,安徽 枞阳县,https://www.xduim.com/zw/gafj,,
2024,公务员,2024安徽公安法检招录,枞阳县公安局,2024007 枞阳县公安局,大专及以上,,,笔试+面试,,,招考批次：第一批；性别：男；年龄：30周岁以下；招聘人数：5；分数线：78.38；城市：铜陵,安徽 枞阳县,https://www.xduim.com/zw/gafj,,
2024,公务员,2024安徽公安法检招录,枞阳县公安局,2024008 枞阳县公安局,大专及以上,,,笔试+面试,,,招考批次：第一批；性别：男；年龄：30周岁以下；招聘人数：5；分数线：76.75；城市：铜陵,安徽 枞阳县,https://www.xduim.com/zw/gafj,,
2024,公务员,2024安徽公安法检招录,枞阳县公安局,2024009 枞阳县公安局,大专及以上,,,笔试+面试,,,招考批次：第一批；性别：男；年龄：30周岁以下；招聘人数：6；分数线：55.0；城市：铜陵,安徽 枞阳县,https://www.xduim.com/zw/gafj,,
2024,公务员,2024安徽公安法检招录,枞阳县公安局,2024010 枞阳县公安局,大专及以上,,,笔试+面试,,,招考批次：第一批；性别：男；年龄：30周岁以下；招聘人数：6；分数线：52.5；城市：铜陵,安徽 枞阳县,https://www.xduim.com/zw/gafj,,
2024,公务员,2024安徽公安法检招录,枞阳县公安局,2024011 枞阳县公安局,大专及以上,,,笔试+面试,,,招考批次：第一批；性别：男；年龄：30周岁以下；招聘人数：2；分数线：73.63；城市：铜陵,安徽 枞阳县,https://www.xduim.com/zw/gafj,,
2025,公务员,2025安徽公安法检招录,铜陵市公安局,2024001 铜陵市公安局,大学专科以上学历,,,笔试+面试,,,招考批次：第一批；性别：女；年龄：18周岁以上35周岁以下；招聘人数：20；分数线：79.65；城市：铜陵,安徽 铜陵市直,https://www.xduim.com/zw/gafj,,
2025,公务员,2025安徽公安法检招录,铜陵市公安局,2024002 铜陵市公安局,大学专科以上学历,,,笔试+面试,,,招考批次：第一批；性别：男；年龄：18周岁以上35周岁以下；招聘人数：80；分数线：66.675；城市：铜陵,安徽 铜陵市直,https://www.xduim.com/zw/gafj,,
2025,公务员,2025安徽公安法检招录,铜官分局,2024003 铜官分局,大学专科以上学历,,,笔试+面试,,,招考批次：第一批；性别：男；年龄：18周岁以上35周岁以下；招聘人数：12；分数线：74.375；城市：铜陵,安徽 铜官区,https://www.xduim.com/zw/gafj,,
2025,公务员,2025安徽公安法检招录,市公安局 特警支队 看护大队,2025001 市公安局 特警支队 看护大队,大学专科以上学历,,,笔试+面试,,,招考批次：第二批；性别：女；年龄：18周岁以上35周岁以下；招聘人数：10；城市：铜陵,安徽 铜陵市直,https://www.xduim.com/zw/gafj,,
2025,公务员,2025安徽公安法检招录,市公安局 特警支队 看护大队,2025002 市公安局 特警支队 看护大队,大学专科以上学历,,,笔试+面试,,,招考批次：第二批；性别：女；年龄：18周岁以上35周岁以下；招聘人数：10；城市：铜陵,安徽 铜陵市直,https://www.xduim.com/zw/gafj,,
2025,公务员,2025安徽公安法检招录,市公安局 特警支队 看护大队,2025003 市公安局 特警支队 看护大队,大学专科以上学历,,,笔试+面试,,,招考批次：第二批；性别：男；年龄：18周岁以上35周岁以下；招聘人数：10；城市：铜陵,安徽 铜陵市直,https://www.xduim.com/zw/gafj,,
2025,公务员,2025安徽公安法检招录,市公安局 特警支队 看护大队,2025004 市公安局 特警支队 看护大队,大学专科以上学历,,,笔试+面试,,,招考批次：第二批；性别：男；年龄：18周岁以上35周岁以下；招聘人数：10；城市：铜陵,安徽 铜陵市直,https://www.xduim.com/zw/gafj,,
2025,公务员,2025安徽公安法检招录,市公安局 特警支队 看护大队,2025005 市公安局 特警支队 看护大队,大学专科以上学历,,,笔试+面试,,,招考批次：第二批；性别：男；年龄：18周岁以上35周岁以下；招聘人数：11；城市：铜陵,安徽 铜陵市直,https://www.xduim.com/zw/gafj,,
2025,公务员,2025安徽公安法检招录,市公安局 特警支队 看护大队,2025006 市公安局 特警支队 看护大队,大学专科以上学历,,,笔试+面试,,,招考批次：第二批；性别：男；年龄：18周岁以上35周岁以下；招聘人数：11；城市：铜陵,安徽 铜陵市直,https://www.xduim.com/zw/gafj,,
2025,公务员,2025安徽公安法检招录,铜官分局,2025007 铜官分局,大学专科以上学历,,,笔试+面试,,,招考批次：第二批；性别：男；年龄：18周岁以上35周岁以下；招聘人数：15；城市：铜陵,安徽 铜官区,https://www.xduim.com/zw/gafj,,
2025,公务员,2025安徽公安法检招录,郊区分局,2025008 郊区分局,大学专科以上学历,,,笔试+面试,,,招考批次：第二批；性别：男；年龄：18周岁以上35周岁以下；招聘人数：15；城市：铜陵,安徽 郊区,https://www.xduim.com/zw/gafj,,
2025,公务员,2025安徽公安法检招录,枞阳县局,2025009 枞阳县局,大学专科以上学历,,,笔试+面试,,,招考批次：第二批；性别：男；年龄：18周岁以上35周岁以下；招聘人数：15；城市：铜陵,安徽 枞阳县,https://www.xduim.com/zw/gafj,,
2025,公务员,2025安徽公安法检招录,义安分局,2025010 义安分局,大学专科以上学历,,,笔试+面试,,,招考批次：第二批；性别：男；年龄：18周岁以上35周岁以下；招聘人数：15；城市：铜陵,安徽 义安区,https://www.xduim.com/zw/gafj,,
2024,公务员,2024安徽公安法检招录,阜南县公安局,240101 阜南县公安局,高中（中专）及以上,,,笔试+面试,,,招考批次：第一批；性别：男；年龄：35周岁以下；招聘人数：20；分数线：45.0；城市：阜阳,安徽 阜南县,https://www.xduim.com/zw/gafj,,
2024,公务员,2024安徽公安法检招录,阜南县公安局,240102 阜南县公安局,大专及以上,,,笔试+面试,,,招考批次：第一批；性别：男；年龄：30周岁以下；招聘人数：12；分数线：41.4；城市：阜阳,安徽 阜南县,https://www.xduim.com/zw/gafj,,
2024,公务员,2024安徽公安法检招录,阜南县公安局,240103 阜南县公安局,大专及以上,,,笔试+面试,,,招考批次：第一批；性别：女；年龄：30周岁以下；招聘人数：10；分数线：67.0；城市：阜阳,安徽 阜南县,https://www.xduim.com/zw/gafj,,
2024,公务员,2024安徽公安法检招录,阜南县公安局,240104 阜南县公安局,大专及以上,,,笔试+面试,,,招考批次：第一批；性别：男；年龄：30周岁以下；招聘人数：25；分数线：51.6；城市：阜阳,安徽 阜南县,https://www.xduim.com/zw/gafj,,
2024,公务员,2024安徽公安法检招录,阜南县公安局,240105 阜南县公安局,大专及以上,,,笔试+面试,,,招考批次：第一批；性别：男；年龄：30周岁以下；招聘人数：33；分数线：41.0；城市：阜阳,安徽 阜南县,https://www.xduim.com/zw/gafj,,
2024,公务员,2024安徽公安法检招录,太和县公安局,240106 太和县公安局,大专及以上,,,笔试+面试,,,招考批次：第一批；性别：男；年龄：30周岁以下；招聘人数：20；分数线：43.6；城市：阜阳,安徽 太和县,https://www.xduim.com/zw/gafj,,
2024,公务员,2024安徽公安法检招录,太和县公安局,240107 太和县公安局,大专及以上,,,笔试+面试,,,招考批次：第一批；性别：男；年龄：30周岁以下；招聘人数：20；分数线：44.6；城市：阜阳,安徽 太和县,https://www.xduim.com/zw/gafj,,
2024,公务员,2024安徽公安法检招录,临泉县公安局,240108 临泉县公安局,大专及以上,,,笔试+面试,,,招考批次：第一批；性别：男；年龄：30周岁以下；招聘人数：25；分数线：38.8；城市：阜阳,安徽 临泉县,https://www.xduim.com/zw/gafj,,
2024,公务员,2024安徽公安法检招录,临泉县公安局,240109 临泉县公安局,大专及以上,,,笔试+面试,,,招考批次：第一批；性别：男；年龄：30周岁以下；招聘人数：25；分数线：37.0；城市：阜阳,安徽 临泉县,https://www.xduim.com/zw/gafj,,
2024,公务员,2024安徽公安法检招录,临泉县公安局,240110 临泉县公安局,高中（中专）及以上,,,笔试+面试,,,招考批次：第一批；性别：男；年龄：35周岁以下；招聘人数：20；分数线：57.8；城市：阜阳,安徽 临泉县,https://www.xduim.com/zw/gafj,,
2025,公务员,2025安徽公安法检招录,临泉县公安局(80人),250101 临泉县公安局(80人),大专及以上,,,笔试+面试,,,招考批次：第一批；性别：男；年龄：18-30周岁（1994年1月1日至2007年1月1日期间出生），退役军人年龄放宽到35周岁（1989年1月1日至2007年1月1日期间出生）；招聘人数：60；分数线：64.3；城市：阜阳,安徽 临泉县,https://www.xduim.com/zw/gafj,,
2025,公务员,2025安徽公安法检招录,临泉县公安局(80人),250102 临泉县公安局(80人),大专及以上,,,笔试+面试,,,招考批次：第一批；性别：男；年龄：18-30周岁（1994年1月1日至2007年1月1日期间出生），退役军人年龄放宽到35周岁（1989年1月1日至2007年1月1日期间出生）；招聘人数：8；分数线：61.7；城市：阜阳,安徽 临泉县,https://www.xduim.com/zw/gafj,,
2025,公务员,2025安徽公安法检招录,临泉县公安局(80人),250103 临泉县公安局(80人),高中（中专）及以上,,,笔试+面试,,,招考批次：第一批；性别：男；年龄：退役军人放宽至35周岁（1989年1月1日-2007年1月1日）；招聘人数：6；分数线：64.9；城市：阜阳,安徽 临泉县,https://www.xduim.com/zw/gafj,,
2025,公务员,2025安徽公安法检招录,临泉县公安局(80人),250104 临泉县公安局(80人),本科及以上,,,笔试+面试,,,招考批次：第一批；性别：不限；年龄：18-30周岁（1994年1月1日至2007年1月1日期间出生）；招聘人数：3；分数线：76.4；城市：阜阳,安徽 临泉县,https://www.xduim.com/zw/gafj,,
2025,公务员,2025安徽公安法检招录,临泉县公安局(80人),250105 临泉县公安局(80人),本科及以上,,,笔试+面试,,,招考批次：第一批；性别：不限；年龄：18-30周岁（1994年1月1日至2007年1月1日期间出生）；招聘人数：1；分数线：81.2；城市：阜阳,安徽 临泉县,https://www.xduim.com/zw/gafj,,
2025,公务员,2025安徽公安法检招录,临泉县公安局(80人),250106 临泉县公安局(80人),大专及以上,,,笔试+面试,,,招考批次：第一批；性别：不限；年龄：18-30周岁（1994年1月1日至2007年1月1日期间出生）；招聘人数：1；分数线：72.0；城市：阜阳,安徽 临泉县,https://www.xduim.com/zw/gafj,,
2025,公务员,2025安徽公安法检招录,临泉县公安局(80人),250107 临泉县公安局(80人),本科及以上,,,笔试+面试,,,招考批次：第一批；性别：不限；年龄：18-30周岁（1994年1月1日至2007年1月1日期间出生）；招聘人数：1；分数线：87.7；城市：阜阳,安徽 临泉县,https://www.xduim.com/zw/gafj,,
2025,公务员,2025安徽公安法检招录,界首市公安局(50人),250108 界首市公安局(50人),大专及以上,,,笔试+面试,,,招考批次：第一批；性别：男；年龄：18-30周岁（1994年1月1日至2007年1月1日期间出生），退役军人年龄放宽到35周岁（1989年1月1日至2007年1月1日期间出生）；招聘人数：50；分数线：54.5；城市：阜阳,安徽 界首市,https://www.xduim.com/zw/gafj,,
2025,公务员,2025安徽公安法检招录,阜阳市公安局(60人),250109 阜阳市公安局(60人),大专及以上,,,笔试+面试,,,招考批次：第一批；性别：男；年龄：18-30周岁（1994年1月1日至2007年1月1日期间出生），退役军人年龄放宽到35周岁（1989年1月1日至2007年1月1日期间出生）；招聘人数：40；分数线：75.3；城市：阜阳,安徽 阜阳市直,https://www.xduim.com/zw/gafj,,
2025,公务员,2025安徽公安法检招录,阜阳市公安局(60人),250110 阜阳市公安局(60人),本科及以上,,,笔试+面试,,,招考批次：第一批；性别：女；年龄：18-30周岁（1994年1月1日至2007年1月1日期间出生），退役军人年龄放宽到35周岁（1989年1月1日至2007年1月1日期间出生）；招聘人数：5；分数线：80.2；城市：阜阳,安徽 阜阳市直,https://www.xduim.com/zw/gafj,,
2025,公务员,2025安徽公安法检招录,阜阳市公安局(60人),250111 阜阳市公安局(60人),大专及以上,,,笔试+面试,,,招考批次：第一批；性别：男；年龄：18-30周岁（1994年1月1日至2007年1月1日期间出生），退役军人年龄放宽到35周岁（1989年1月1日至2007年1月1日期间出生）；招聘人数：10；分数线：64.5；城市：阜阳,安徽 阜阳市直,https://www.xduim.com/zw/gafj,,
2025,公务员,2025安徽公安法检招录,阜阳市公安局(60人),250112 阜阳市公安局(60人),本科及以上,,,笔试+面试,,,招考批次：第一批；性别：男；年龄：18-30周岁（1994年1月1日至2007年1月1日期间出生）；招聘人数：4；分数线：77.9；城市：阜阳,安徽 阜阳市直,https://www.xduim.com/zw/gafj,,
2025,公务员,2025安徽公安法检招录,阜阳市公安局(60人),250113 阜阳市公安局(60人),本科及以上,,,笔试+面试,,,招考批次：第一批；性别：男；年龄：18-40周岁（1984年1月1日至2007年1月1日期间出生）；招聘人数：1；分数线：91.0；城市：阜阳,安徽 阜阳市直,https://www.xduim.com/zw/gafj,,
2024,公务员,2024安徽公安法检招录,阜阳市公安局,240801 阜阳市公安局,大专及以上,,,笔试+面试,,,招考批次：第三批；性别：女；年龄：30周岁以下；招聘人数：20；城市：阜阳,安徽 界首市,https://www.xduim.com/zw/gafj,,
2024,公务员,2024安徽公安法检招录,阜阳市公安局,240802 阜阳市公安局,大专及以上,,,笔试+面试,,,招考批次：第三批；性别：男；年龄：30周岁以下；招聘人数：40；城市：阜阳,安徽 界首市,https://www.xduim.com/zw/gafj,,
2024,公务员,2024安徽公安法检招录,阜阳市公安局,240803 阜阳市公安局,高中（中专）及以上,,,笔试+面试,,,招考批次：第三批；性别：男；年龄：30周岁以下；招聘人数：40；城市：阜阳,安徽 界首市,https://www.xduim.com/zw/gafj,,
2025,公务员,2025安徽公安法检招录,阜阳市公安局,250801 阜阳市公安局,大专及以上,,,笔试+面试,,,招考批次：第二批；性别：男；年龄：18-35周岁；招聘人数：80；分数线：70.2；城市：阜阳,安徽 阜阳市直,https://www.xduim.com/zw/gafj,,
2025,公务员,2025安徽公安法检招录,阜阳市公安局,250802 阜阳市公安局,大专及以上,,,笔试+面试,,,招考批次：第二批；性别：女；年龄：18-35周岁；招聘人数：30；分数线：75.9；城市：阜阳,安徽 阜阳市直,https://www.xduim.com/zw/gafj,,
2025,公务员,2025安徽公安法检招录,阜阳市公安局,250803 阜阳市公安局,高中（中专）及以上,,,笔试+面试,,,招考批次：第二批；性别：男；年龄：18-35周岁；招聘人数：40；分数线：64.0；城市：阜阳,安徽 阜阳市直,https://www.xduim.com/zw/gafj,,
2024,公务员,2024安徽公安法检招录,颍上县公安局,240601 颍上县公安局,大专及以上,,,笔试+面试,,,招考批次：第二批；性别：男；年龄：30周岁以下；招聘人数：19；分数线：67.0；城市：阜阳,安徽 颍上县,https://www.xduim.com/zw/gafj,,
2024,公务员,2024安徽公安法检招录,颍上县公安局,240602 颍上县公安局,大专及以上,,,笔试+面试,,,招考批次：第二批；性别：男；年龄：30周岁以下；招聘人数：18；分数线：48.4；城市：阜阳,安徽 颍上县,https://www.xduim.com/zw/gafj,,
2024,公务员,2024安徽公安法检招录,颍上县公安局,240603 颍上县公安局,大专及以上,,,笔试+面试,,,招考批次：第二批；性别：男；年龄：30周岁以下；招聘人数：15；分数线：73.2；城市：阜阳,安徽 颍上县,https://www.xduim.com/zw/gafj,,
2024,公务员,2024安徽公安法检招录,颍上县公安局,240604 颍上县公安局,大专及以上,,,笔试+面试,,,招考批次：第二批；性别：男；年龄：30周岁以下；招聘人数：15；分数线：57.2；城市：阜阳,安徽 颍上县,https://www.xduim.com/zw/gafj,,
2024,公务员,2024安徽公安法检招录,界首市公安局,240605 界首市公安局,大专及以上,,,笔试+面试,,,招考批次：第二批；性别：男；年龄：30周岁以下；招聘人数：10；分数线：70.2；城市：阜阳,安徽 界首市,https://www.xduim.com/zw/gafj,,
2024,公务员,2024安徽公安法检招录,界首市公安局,240606 界首市公安局,大专及以上,,,笔试+面试,,,招考批次：第二批；性别：男；年龄：30周岁以下；招聘人数：10；分数线：69.2；城市：阜阳,安徽 界首市,https://www.xduim.com/zw/gafj,,
2024,公务员,2024安徽公安法检招录,界首市公安局,240607 界首市公安局,大专及以上,,,笔试+面试,,,招考批次：第二批；性别：男；年龄：30周岁以下；招聘人数：10；分数线：68.4；城市：阜阳,安徽 界首市,https://www.xduim.com/zw/gafj,,
2024,公务员,2024安徽公安法检招录,颍东分局,240608 颍东分局,本科及以上,,,笔试+面试,,,招考批次：第二批；性别：不限；年龄：35周岁以下；招聘人数：1；分数线：81.0；城市：阜阳,安徽 颍东区,https://www.xduim.com/zw/gafj,,
2024,公务员,2024安徽公安法检招录,颍东分局,240609 颍东分局,本科及以上,,,笔试+面试,,,招考批次：第二批；性别：不限；年龄：35周岁以下；招聘人数：1；分数线：78.8；城市：阜阳,安徽 颍东区,https://www.xduim.com/zw/gafj,,
2024,公务员,2024安徽公安法检招录,颍东分局,240610 颍东分局,大专及以上,,,笔试+面试,,,招考批次：第二批；性别：男；年龄：30周岁以下；招聘人数：10；分数线：68.8；城市：阜阳,安徽 颍东区,https://www.xduim.com/zw/gafj,,
2024,公务员,2024安徽公安法检招录,颍东分局,240611 颍东分局,大专及以上,,,笔试+面试,,,招考批次：第二批；性别：男；年龄：30周岁以下；招聘人数：18；分数线：69.0；城市：阜阳,安徽 颍东区,https://www.xduim.com/zw/gafj,,
2024,公务员,2024安徽公安法检招录,颍州分局,240612 颍州分局,大专及以上,,,笔试+面试,,,招考批次：第二批；性别：男；年龄：30周岁以下；招聘人数：5；分数线：75.2；城市：阜阳,安徽 颍州区,https://www.xduim.com/zw/gafj,,
2024,公务员,2024安徽公安法检招录,颍州分局,240613 颍州分局,大专及以上,,,笔试+面试,,,招考批次：第二批；性别：男；年龄：30周岁以下；招聘人数：15；分数线：73.0；城市：阜阳,安徽 颍州区,https://www.xduim.com/zw/gafj,,
2024,公务员,2024安徽公安法检招录,颍州分局,240614 颍州分局,大专及以上,,,笔试+面试,,,招考批次：第二批；性别：男；年龄：30周岁以下；招聘人数：19；分数线：71.2；城市：阜阳,安徽 颍州区,https://www.xduim.com/zw/gafj,,
2024,公务员,2024安徽公安法检招录,经济技术开发区分局,240615 经济技术开发区分局,大专及以上,,,笔试+面试,,,招考批次：第二批；性别：男；年龄：30周岁以下；招聘人数：18；分数线：69.4；城市：阜阳,安徽 经开区,https://www.xduim.com/zw/gafj,,
2024,公务员,2024安徽公安法检招录,经济技术开发区分局,240616 经济技术开发区分局,高中（中专）及以上,,,笔试+面试,,,招考批次：第二批；性别：男；年龄：40周岁以下；招聘人数：1；城市：阜阳,安徽 经开区,https://www.xduim.com/zw/gafj,,
2024,公务员,2024安徽公安法检招录,阜阳市公安局,240617 阜阳市公安局,高中（中专）及以上,,,笔试+面试,,,招考批次：第二批；性别：男；年龄：40周岁以下；招聘人数：4；城市：阜阳,安徽 阜阳市直,https://www.xduim.com/zw/gafj,,
2024,公务员,2024安徽公安法检招录,马鞍山市公安局,1001 马鞍山市公安局,大专及以上,,,笔试+面试,,,招考批次：第一批；性别：男；年龄：35周岁以下；招聘人数：27；城市：马鞍山,安徽 马鞍山市直,https://www.xduim.com/zw/gafj,,
2024,公务员,2024安徽公安法检招录,马鞍山市公安局,1002 马鞍山市公安局,大专及以上,,,笔试+面试,,,招考批次：第一批；性别：女；年龄：30周岁以下；招聘人数：5；城市：马鞍山,安徽 马鞍山市直,https://www.xduim.com/zw/gafj,,
2024,公务员,2024安徽公安法检招录,马鞍山市公安局,1003 马鞍山市公安局,大专及以上,,,笔试+面试,,,招考批次：第一批；性别：男；年龄：35周岁以下；招聘人数：9；城市：马鞍山,安徽 马鞍山市直,https://www.xduim.com/zw/gafj,,
2024,公务员,2024安徽公安法检招录,马鞍山市公安局,1004 马鞍山市公安局,大专及以上,,,笔试+面试,,,招考批次：第一批；性别：男；年龄：35周岁以下；招聘人数：3；城市：马鞍山,安徽 马鞍山市直,https://www.xduim.com/zw/gafj,,
2024,公务员,2024安徽公安法检招录,马鞍山市公安局,1005 马鞍山市公安局,大专及以上,,,笔试+面试,,,招考批次：第一批；性别：男；年龄：35周岁以下；招聘人数：27；城市：马鞍山,安徽 马鞍山市直,https://www.xduim.com/zw/gafj,,
2024,公务员,2024安徽公安法检招录,马鞍山市公安局,1006 马鞍山市公安局,大专及以上,,,笔试+面试,,,招考批次：第一批；性别：女；年龄：30周岁以下；招聘人数：3；城市：马鞍山,安徽 马鞍山市直,https://www.xduim.com/zw/gafj,,
2024,公务员,2024安徽公安法检招录,含山县公安局,1007 含山县公安局,高中（中专）及以上,,,笔试+面试,,,招考批次：第一批；性别：男；年龄：35周岁以下；招聘人数：29；城市：马鞍山,安徽 含山县,https://www.xduim.com/zw/gafj,,
2024,公务员,2024安徽公安法检招录,和县公安局,1008 和县公安局,大专及以上,,,笔试+面试,,,招考批次：第一批；性别：男；年龄：35周岁以下；招聘人数：45；城市：马鞍山,安徽 和县,https://www.xduim.com/zw/gafj,,
2024,公务员,2024安徽公安法检招录,和县公安局,1009 和县公安局,大专及以上,,,笔试+面试,,,招考批次：第一批；性别：女；年龄：30周岁以下；招聘人数：2；城市：马鞍山,安徽 和县,https://www.xduim.com/zw/gafj,,
2024,公务员,2024安徽公安法检招录,当涂县公安局,1010 当涂县公安局,高中（中专）及以上,,,笔试+面试,,,招考批次：第一批；性别：男；年龄：35周岁以下；招聘人数：20；城市：马鞍山,安徽 当涂县,https://www.xduim.com/zw/gafj,,
2024,公务员,2024安徽公安法检招录,当涂县公安局,1011 当涂县公安局,大专及以上,,,笔试+面试,,,招考批次：第一批；性别：女；年龄：30周岁以下；招聘人数：3；城市：马鞍山,安徽 当涂县,https://www.xduim.com/zw/gafj,,
2024,公务员,2024安徽公安法检招录,当涂县公安局,1012 当涂县公安局,高中（中专）及以上,,,笔试+面试,,,招考批次：第一批；性别：男；年龄：40周岁以下；招聘人数：1；城市：马鞍山,安徽 当涂县,https://www.xduim.com/zw/gafj,,
2025,公务员,2025安徽公安法检招录,马鞍山市公安局,1001 马鞍山市公安局,大专及以上,,,笔试+面试,,,招考批次：第一批；性别：男；年龄：1989年2月1日至2007年1月31日期间出生；招聘人数：19；城市：马鞍山,安徽 马鞍上市直,https://www.xduim.com/zw/gafj,,
2025,公务员,2025安徽公安法检招录,马鞍山市公安局,1002 马鞍山市公安局,本科及以上,,,笔试+面试,,,招考批次：第一批；性别：男；年龄：1989年2月1日至2007年1月31日期间出生；招聘人数：7；城市：马鞍山,安徽 马鞍上市直,https://www.xduim.com/zw/gafj,,
2025,公务员,2025安徽公安法检招录,马鞍山市公安局,1003 马鞍山市公安局,大专及以上,,,笔试+面试,,,招考批次：第一批；性别：男；年龄：1994年2月1日至2005年1月31日期间出生；招聘人数：10；城市：马鞍山,安徽 马鞍上市直,https://www.xduim.com/zw/gafj,,
2025,公务员,2025安徽公安法检招录,马鞍山市公安局,1004 马鞍山市公安局,大专及以上,,,笔试+面试,,,招考批次：第一批；性别：不限；年龄：1989年2月1日至2007年1月31日期间出生；招聘人数：5；城市：马鞍山,安徽 马鞍上市直,https://www.xduim.com/zw/gafj,,
2025,公务员,2025安徽公安法检招录,马鞍山市公安局,1005 马鞍山市公安局,大专及以上,,,笔试+面试,,,招考批次：第一批；性别：男；年龄：1989年2月1日至2007年1月31日期间出生；招聘人数：19；城市：马鞍山,安徽 马鞍上市直,https://www.xduim.com/zw/gafj,,
2025,公务员,2025安徽公安法检招录,马鞍山市公安局,1006 马鞍山市公安局,本科及以上,,,笔试+面试,,,招考批次：第一批；性别：女；年龄：1989年2月1日至2007年1月31日期间出生；招聘人数：1；城市：马鞍山,安徽 马鞍上市直,https://www.xduim.com/zw/gafj,,
2025,公务员,2025安徽公安法检招录,含山县公安局,1007 含山县公安局,大专及以上,,,笔试+面试,,,招考批次：第一批；性别：男；年龄：1989年2月1日至2007年1月31日期间出生；招聘人数：49；城市：马鞍山,安徽 含山县,https://www.xduim.com/zw/gafj,,
2025,公务员,2025安徽公安法检招录,含山县公安局,1008 含山县公安局,大专及以上,,,笔试+面试,,,招考批次：第一批；性别：男；年龄：1984年2月1日至2007年1月31日期间出生；招聘人数：1；城市：马鞍山,安徽 含山县,https://www.xduim.com/zw/gafj,,
2025,公务员,2025安徽公安法检招录,含山县公安局,1009 含山县公安局,大专及以上,,,笔试+面试,,,招考批次：第一批；性别：男；年龄：1989年2月1日至2007年1月31日期间出生；招聘人数：2；城市：马鞍山,安徽 含山县,https://www.xduim.com/zw/gafj,,
2025,公务员,2025安徽公安法检招录,当涂县公安局,1010 当涂县公安局,大专及以上,,,笔试+面试,,,招考批次：第一批；性别：男；年龄：1989年2月1日至2007年1月31日期间出生；招聘人数：38；城市：马鞍山,安徽 当涂县,https://www.xduim.com/zw/gafj,,
2025,公务员,2025安徽公安法检招录,当涂县公安局,1011 当涂县公安局,大专及以上,,,笔试+面试,,,招考批次：第一批；性别：不限；年龄：1989年2月1日至2007年1月31日期间出生；招聘人数：2；城市：马鞍山,安徽 当涂县,https://www.xduim.com/zw/gafj,,
2025,公务员,2025安徽公安法检招录,当涂县公安局,1012 当涂县公安局,大专及以上,,,笔试+面试,,,招考批次：第一批；性别：男；年龄：1979年2月1日至2007年1月31日期间出生；招聘人数：2；城市：马鞍山,安徽 当涂县,https://www.xduim.com/zw/gafj,,
2025,公务员,2025安徽公安法检招录,马鞍山市 公安局,1001 马鞍山市 公安局,大专及以上 （退役军人可放宽至 高中及以上）,,,笔试+面试,,,招考批次：第三批；性别：男；年龄：1989年9月1 日至2007年8月 31日期间出生；招聘人数：50；城市：马鞍山,安徽 马鞍山市直,https://www.xduim.com/zw/gafj,,
2025,公务员,2025安徽公安法检招录,马鞍山市 公安局,1002 马鞍山市 公安局,大专及以上 （退役军人可放宽至 高中及以上）,,,笔试+面试,,,招考批次：第三批；性别：男；年龄：1989年9月1 日至2007年8月 31日期间出生；招聘人数：12；城市：马鞍山,安徽 马鞍山市直,https://www.xduim.com/zw/gafj,,
2025,公务员,2025安徽公安法检招录,马鞍山市 公安局,1003 马鞍山市 公安局,大专及以上,,,笔试+面试,,,招考批次：第三批；性别：女；年龄：1994年9月1 日至2005年8月 31日期间出生；招聘人数：13；城市：马鞍山,安徽 马鞍山市直,https://www.xduim.com/zw/gafj,,
2025,公务员,2025安徽公安法检招录,含山县公安局,1004 含山县公安局,大专及以上学历（ 退 伍军人可放宽至高 中）,,,笔试+面试,,,招考批次：第三批；性别：男；年龄：1989年9月1 日至2007年8月 31日期间出生；招聘人数：19；城市：马鞍山,安徽 含山县,https://www.xduim.com/zw/gafj,,
2025,公务员,2025安徽公安法检招录,当涂县公 安局,1005 当涂县公 安局,大专及以上 （退役军人可放宽至 高中及以上）,,,笔试+面试,,,招考批次：第三批；性别：男；年龄：1989年9月1 日至2007年8月 31日期间出生；招聘人数：44；城市：马鞍山,安徽 当涂县,https://www.xduim.com/zw/gafj,,
2025,公务员,2025安徽公安法检招录,当涂县公 安局,1006 当涂县公 安局,大专及以上 （退役军人可放宽至 高中及以上）,,,笔试+面试,,,招考批次：第三批；性别：男；年龄：1979年9月1 日至2007年8月 31日期间出生；招聘人数：1；城市：马鞍山,安徽 当涂县,https://www.xduim.com/zw/gafj,,
2024,公务员,2024安徽公安法检招录,马鞍山市公安局,1001 马鞍山市公安局,大专及以上,,,笔试+面试,,,招考批次：第二批；性别：男；年龄：35周岁以下；招聘人数：27；城市：马鞍山,安徽 马鞍山市直,https://www.xduim.com/zw/gafj,,
2024,公务员,2024安徽公安法检招录,马鞍山市公安局,1002 马鞍山市公安局,大专及以上,,,笔试+面试,,,招考批次：第二批；性别：男；年龄：35周岁以下；招聘人数：11；城市：马鞍山,安徽 马鞍山市直,https://www.xduim.com/zw/gafj,,
2024,公务员,2024安徽公安法检招录,马鞍山市公安局,1003 马鞍山市公安局,大专及以上,,,笔试+面试,,,招考批次：第二批；性别：男；年龄：35周岁以下；招聘人数：20；城市：马鞍山,安徽 马鞍山市直,https://www.xduim.com/zw/gafj,,
2024,公务员,2024安徽公安法检招录,马鞍山市公安局,1004 马鞍山市公安局,本科及以上,,,笔试+面试,,,招考批次：第二批；性别：女；年龄：30周岁以下；招聘人数：2；城市：马鞍山,安徽 马鞍山市直,https://www.xduim.com/zw/gafj,,
2024,公务员,2024安徽公安法检招录,含山县公安局,1005 含山县公安局,高中（中专）及以上,,,笔试+面试,,,招考批次：第二批；性别：男；年龄：35周岁以下；招聘人数：25；城市：马鞍山,安徽 含山县,https://www.xduim.com/zw/gafj,,
2024,公务员,2024安徽公安法检招录,含山县公安局,1006 含山县公安局,大专及以上,,,笔试+面试,,,招考批次：第二批；性别：女；年龄：30周岁以下；招聘人数：1；城市：马鞍山,安徽 含山县,https://www.xduim.com/zw/gafj,,
2024,公务员,2024安徽公安法检招录,和县公安局,1007 和县公安局,高中（中专）及以上,,,笔试+面试,,,招考批次：第二批；性别：男；年龄：35周岁以下；招聘人数：70；城市：马鞍山,安徽 和县,https://www.xduim.com/zw/gafj,,
2024,公务员,2024安徽公安法检招录,和县公安局,1008 和县公安局,本科及以上,,,笔试+面试,,,招考批次：第二批；性别：女；年龄：30周岁以下；招聘人数：3；城市：马鞍山,安徽 和县,https://www.xduim.com/zw/gafj,,
2024,公务员,2024安徽公安法检招录,当涂县公安局,1009 当涂县公安局,高中（中专）及以上,,,笔试+面试,,,招考批次：第二批；性别：男；年龄：35周岁以下；招聘人数：28；城市：马鞍山,安徽 当涂县,https://www.xduim.com/zw/gafj,,
2024,公务员,2024安徽公安法检招录,当涂县公安局,1010 当涂县公安局,高中（中专）及以上,,,笔试+面试,,,招考批次：第二批；性别：男；年龄：40周岁以下；招聘人数：2；城市：马鞍山,安徽 当涂县,https://www.xduim.com/zw/gafj,,
2025,公务员,2025安徽公安法检招录,马鞍山市公安局,1001 马鞍山市公安局,大专及以上,,,笔试+面试,,,招考批次：第二批；性别：男；年龄：1989年4月1日至2007年3月31日期间出生；招聘人数：30；城市：马鞍山,安徽 马鞍山市直,https://www.xduim.com/zw/gafj,,
2025,公务员,2025安徽公安法检招录,马鞍山市公安局,1002 马鞍山市公安局,大专及以上,,,笔试+面试,,,招考批次：第二批；性别：女；年龄：1992年4月1日至2007年3月31日期间出生；招聘人数：15；城市：马鞍山,安徽 马鞍山市直,https://www.xduim.com/zw/gafj,,
2025,公务员,2025安徽公安法检招录,黄山市公安局,251001 黄山市公安局,大专及以上,,,笔试+面试,,,招考批次：第一批；性别：男；年龄：35周岁以下；招聘人数：133；分数线：45；城市：黄山,安徽 黄山市直,https://www.xduim.com/zw/gafj,,
2025,公务员,2025安徽公安法检招录,黄山市公安局,251002 黄山市公安局,大专及以上,,,笔试+面试,,,招考批次：第一批；性别：女；年龄：35周岁以下；招聘人数：25；分数线：71；城市：黄山,安徽 黄山市直,https://www.xduim.com/zw/gafj,,
2024,公务员,2024安徽公安法检招录,黄山风景区公安局,240001 黄山风景区公安局,,,,笔试+面试,,,招考批次：第一批；性别：男；年龄：30周岁以下；招聘人数：8；分数线：51.0；城市：黄山,安徽 黄山风景区,https://www.xduim.com/zw/gafj,,
2024,公务员,2024安徽公安法检招录,黄山风景区公安局,240002 黄山风景区公安局,,,,笔试+面试,,,招考批次：第一批；性别：不限；年龄：35周岁以下；招聘人数：2；分数线：53.0；城市：黄山,安徽 黄山风景区,https://www.xduim.com/zw/gafj,,
2024,公务员,2024安徽公安法检招录,黄山市公安局,241001 黄山市公安局,,,,笔试+面试,,,招考批次：第一批；性别：男；年龄：30周岁以下；招聘人数：13；分数线：45.0；城市：黄山,安徽 黄山市直,https://www.xduim.com/zw/gafj,,
2024,公务员,2024安徽公安法检招录,黄山市公安局,241002 黄山市公安局,,,,笔试+面试,,,招考批次：第一批；性别：女；年龄：35周岁以下；招聘人数：1；分数线：70.0；城市：黄山,安徽 黄山市直,https://www.xduim.com/zw/gafj,,
2024,公务员,2024安徽公安法检招录,黄山市公安局,241003 黄山市公安局,,,,笔试+面试,,,招考批次：第一批；性别：男；年龄：35周岁以下；招聘人数：1；分数线：53.0；城市：黄山,安徽 黄山市直,https://www.xduim.com/zw/gafj,,
2024,公务员,2024安徽公安法检招录,黄山市公安局,241004 黄山市公安局,,,,笔试+面试,,,招考批次：第一批；性别：男；年龄：30周岁以下；招聘人数：4；分数线：48.0；城市：黄山,安徽 黄山市直,https://www.xduim.com/zw/gafj,,
2024,公务员,2024安徽公安法检招录,黄山市公安局高新分局,242501 黄山市公安局高新分局,,,,笔试+面试,,,招考批次：第一批；性别：男；年龄：30周岁以下；招聘人数：4；分数线：52.0；城市：黄山,安徽 高新区,https://www.xduim.com/zw/gafj,,
2024,公务员,2024安徽公安法检招录,黄山市公安局高新分局,242502 黄山市公安局高新分局,,,,笔试+面试,,,招考批次：第一批；性别：女；年龄：30周岁以下；招聘人数：1；分数线：67.0；城市：黄山,安徽 高新区,https://www.xduim.com/zw/gafj,,
2024,公务员,2024安徽公安法检招录,黄山市公安局屯溪分局,240201 黄山市公安局屯溪分局,,,,笔试+面试,,,招考批次：第一批；性别：男；年龄：30周岁以下；招聘人数：6；分数线：37.0；城市：黄山,安徽 屯溪区,https://www.xduim.com/zw/gafj,,
2024,公务员,2024安徽公安法检招录,黄山市公安局屯溪分局,240202 黄山市公安局屯溪分局,,,,笔试+面试,,,招考批次：第一批；性别：男；年龄：35周岁以下；招聘人数：1；城市：黄山,安徽 屯溪区,https://www.xduim.com/zw/gafj,,
2024,公务员,2024安徽公安法检招录,黄山市公安局徽州分局,240301 黄山市公安局徽州分局,,,,笔试+面试,,,招考批次：第一批；性别：男；年龄：30周岁以下；招聘人数：7；分数线：37.0；城市：黄山,安徽 徽州区,https://www.xduim.com/zw/gafj,,
2024,公务员,2024安徽公安法检招录,黄山市公安局徽州分局,240302 黄山市公安局徽州分局,,,,笔试+面试,,,招考批次：第一批；性别：女；年龄：30周岁以下；招聘人数：2；分数线：67.0；城市：黄山,安徽 徽州区,https://www.xduim.com/zw/gafj,,
2024,公务员,2024安徽公安法检招录,歙县公安局,242101 歙县公安局,,,,笔试+面试,,,招考批次：第一批；性别：男；年龄：30周岁以下；招聘人数：4；分数线：47.0；城市：黄山,安徽 歙县,https://www.xduim.com/zw/gafj,,
2024,公务员,2024安徽公安法检招录,休宁县公安局,242201 休宁县公安局,,,,笔试+面试,,,招考批次：第一批；性别：男；年龄：30周岁以下；招聘人数：11；分数线：37.0；城市：黄山,安徽 休宁县,https://www.xduim.com/zw/gafj,,
2024,公务员,2024安徽公安法检招录,黟县公安局,242301 黟县公安局,,,,笔试+面试,,,招考批次：第一批；性别：男；年龄：30周岁以下；招聘人数：6；分数线：48.0；城市：黄山,安徽 黟县,https://www.xduim.com/zw/gafj,,
2024,公务员,2024安徽公安法检招录,祁门县公安局,242401 祁门县公安局,,,,笔试+面试,,,招考批次：第一批；性别：男；年龄：30周岁以下；招聘人数：5；分数线：53.0；城市：黄山,安徽 祁门县,https://www.xduim.com/zw/gafj,,
2024,公务员,2024安徽公安法检招录,祁门县公安局,242402 祁门县公安局,,,,笔试+面试,,,招考批次：第一批；性别：女；年龄：30周岁以下；招聘人数：1；分数线：73.0；城市：黄山,安徽 祁门县,https://www.xduim.com/zw/gafj,,
2024,公务员,2024安徽公安法检招录,祁门县公安局,242403 祁门县公安局,,,,笔试+面试,,,招考批次：第一批；性别：男；年龄：35周岁以下；招聘人数：1；分数线：36.0；城市：黄山,安徽 祁门县,https://www.xduim.com/zw/gafj,,
2024,公务员,2024安徽公安法检招录,黄山市公安局,241001 黄山市公安局,大专及以上,,,笔试+面试,,,招考批次：第二批；性别：男；年龄：35周岁以下；招聘人数：10；城市：黄山,安徽 黄山市直,https://www.xduim.com/zw/gafj,,
2024,公务员,2024安徽公安法检招录,黄山市公安局,241002 黄山市公安局,大专及以上,,,笔试+面试,,,招考批次：第二批；性别：男；年龄：35周岁以下；招聘人数：10；城市：黄山,安徽 黄山市直,https://www.xduim.com/zw/gafj,,
2024,公务员,2024安徽公安法检招录,黄山市公安局,241003 黄山市公安局,大专及以上,,,笔试+面试,,,招考批次：第二批；性别：男；年龄：35周岁以下；招聘人数：10；城市：黄山,安徽 黄山市直,https://www.xduim.com/zw/gafj,,
2024,公务员,2024安徽公安法检招录,黄山市公安局,241004 黄山市公安局,大专及以上,,,笔试+面试,,,招考批次：第二批；性别：男；年龄：35周岁以下；招聘人数：10；城市：黄山,安徽 黄山市直,https://www.xduim.com/zw/gafj,,
2024,公务员,2024安徽公安法检招录,黄山市公安局,241005 黄山市公安局,大专及以上,,,笔试+面试,,,招考批次：第二批；性别：男；年龄：35周岁以下；招聘人数：10；城市：黄山,安徽 黄山市直,https://www.xduim.com/zw/gafj,,
2024,公务员,2024安徽公安法检招录,黄山市公安局,241006 黄山市公安局,大专及以上,,,笔试+面试,,,招考批次：第二批；性别：男；年龄：35周岁以下；招聘人数：10；城市：黄山,安徽 黄山市直,https://www.xduim.com/zw/gafj,,
2024,公务员,2024安徽公安法检招录,金寨县公安局,20240721 金寨县公安局,大专及以上,,,笔试+面试,,,招考批次：第一批；性别：男；年龄：30周岁以下；招聘人数：15；分数线：58.72；城市：六安,安徽 金寨县,https://www.xduim.com/zw/gafj,,
2024,公务员,2024安徽公安法检招录,金寨县公安局,20240722 金寨县公安局,大专及以上,,,笔试+面试,,,招考批次：第一批；性别：男；年龄：30周岁以下；招聘人数：12；分数线：59.76；城市：六安,安徽 金寨县,https://www.xduim.com/zw/gafj,,
2024,公务员,2024安徽公安法检招录,金寨县公安局,20240723 金寨县公安局,大专及以上,,,笔试+面试,,,招考批次：第一批；性别：女；年龄：30周岁以下；招聘人数：3；分数线：76.24；城市：六安,安徽 金寨县,https://www.xduim.com/zw/gafj,,
2024,公务员,2024安徽公安法检招录,金寨县公安局,20240724 金寨县公安局,高中（中专）及以上,,,笔试+面试,,,招考批次：第一批；性别：男；年龄：30周岁以下；招聘人数：10；分数线：54.04；城市：六安,安徽 金寨县,https://www.xduim.com/zw/gafj,,
2024,公务员,2024安徽公安法检招录,金寨县公安局,20240725 金寨县公安局,大专及以上,,,笔试+面试,,,招考批次：第一批；性别：男；年龄：30周岁以下；招聘人数：13；分数线：60.24；城市：六安,安徽 金寨县,https://www.xduim.com/zw/gafj,,
2024,公务员,2024安徽公安法检招录,金寨县公安局,20240726 金寨县公安局,大专及以上,,,笔试+面试,,,招考批次：第一批；性别：不限；年龄：30周岁以下；招聘人数：8；分数线：69.72；城市：六安,安徽 金寨县,https://www.xduim.com/zw/gafj,,
2024,公务员,2024安徽公安法检招录,金寨县公安局,20240727 金寨县公安局,大专及以上,,,笔试+面试,,,招考批次：第一批；性别：男；年龄：30周岁以下；招聘人数：6；分数线：60.52；城市：六安,安徽 金寨县,https://www.xduim.com/zw/gafj,,
2024,公务员,2024安徽公安法检招录,金寨县公安局,20240728 金寨县公安局,大专及以上,,,笔试+面试,,,招考批次：第一批；性别：不限；年龄：30周岁以下；招聘人数：2；分数线：73.2；城市：六安,安徽 金寨县,https://www.xduim.com/zw/gafj,,
2024,公务员,2024安徽公安法检招录,金寨县公安局,20240729 金寨县公安局,大专及以上,,,笔试+面试,,,招考批次：第一批；性别：男；年龄：30周岁以下；招聘人数：4；分数线：70.44；城市：六安,安徽 金寨县,https://www.xduim.com/zw/gafj,,
2024,公务员,2024安徽公安法检招录,霍山县公安局,20240730 霍山县公安局,高中（中专）及以上,,,笔试+面试,,,招考批次：第一批；性别：男；年龄：30周岁以下；招聘人数：8；分数线：58.24；城市：六安,安徽 霍山县,https://www.xduim.com/zw/gafj,,
2024,公务员,2024安徽公安法检招录,霍山县公安局,20240731 霍山县公安局,大专及以上,,,笔试+面试,,,招考批次：第一批；性别：男；年龄：30周岁以下；招聘人数：8；分数线：66.6；城市：六安,安徽 霍山县,https://www.xduim.com/zw/gafj,,
2024,公务员,2024安徽公安法检招录,霍山县公安局,20240732 霍山县公安局,大专及以上,,,笔试+面试,,,招考批次：第一批；性别：不限；年龄：30周岁以下；招聘人数：1；分数线：71.48；城市：六安,安徽 霍山县,https://www.xduim.com/zw/gafj,,
2024,公务员,2024安徽公安法检招录,霍山县公安局,20240733 霍山县公安局,大专及以上,,,笔试+面试,,,招考批次：第一批；性别：不限；年龄：30周岁以下；招聘人数：1；分数线：73.8；城市：六安,安徽 霍山县,https://www.xduim.com/zw/gafj,,
2024,公务员,2024安徽公安法检招录,霍山县公安局,20240734 霍山县公安局,高中（中专）及以上,,,笔试+面试,,,招考批次：第一批；性别：男；年龄：30周岁以下；招聘人数：4；分数线：63.12；城市：六安,安徽 霍山县,https://www.xduim.com/zw/gafj,,
2025,公务员,2025安徽公安法检招录,霍邱县公安局,20250821 霍邱县公安局,高中（中专）及以上,,,笔试+面试,,,招考批次：第一批；性别：男；年龄：35周岁以下；招聘人数：13；分数线：50.56；城市：六安,安徽 霍邱县,https://www.xduim.com/zw/gafj,,
2025,公务员,2025安徽公安法检招录,霍邱县公安局,20250822 霍邱县公安局,大专及以上,,,笔试+面试,,,招考批次：第一批；性别：男；年龄：30周岁以下；招聘人数：15；分数线：62.42；城市：六安,安徽 霍邱县,https://www.xduim.com/zw/gafj,,
2025,公务员,2025安徽公安法检招录,霍邱县公安局,20250823 霍邱县公安局,大专及以上,,,笔试+面试,,,招考批次：第一批；性别：男；年龄：30周岁以下；招聘人数：15；分数线：64.28；城市：六安,安徽 霍邱县,https://www.xduim.com/zw/gafj,,
2025,公务员,2025安徽公安法检招录,霍邱县公安局,20250824 霍邱县公安局,大专及以上,,,笔试+面试,,,招考批次：第一批；性别：男；年龄：30周岁以下；招聘人数：15；分数线：66.87；城市：六安,安徽 霍邱县,https://www.xduim.com/zw/gafj,,
2025,公务员,2025安徽公安法检招录,霍邱县公安局,20250825 霍邱县公安局,高中（中专）及以上,,,笔试+面试,,,招考批次：第一批；性别：男；年龄：30周岁以下；招聘人数：15；分数线：57.99；城市：六安,安徽 霍邱县,https://www.xduim.com/zw/gafj,,
2025,公务员,2025安徽公安法检招录,舒城县公安局,20250826 舒城县公安局,大专及以上,,,笔试+面试,,,招考批次：第一批；性别：女；年龄：30周岁以下；招聘人数：4；分数线：73.99；城市：六安,安徽 舒城县,https://www.xduim.com/zw/gafj,,
2025,公务员,2025安徽公安法检招录,舒城县公安局,20250827 舒城县公安局,大专及以上,,,笔试+面试,,,招考批次：第一批；性别：男；年龄：30周岁以下；招聘人数：16；分数线：69.2；城市：六安,安徽 舒城县,https://www.xduim.com/zw/gafj,,
2025,公务员,2025安徽公安法检招录,舒城县公安局,20250828 舒城县公安局,大专及以上,,,笔试+面试,,,招考批次：第一批；性别：男；年龄：30周岁以下；招聘人数：10；分数线：65.85；城市：六安,安徽 舒城县,https://www.xduim.com/zw/gafj,,
2025,公务员,2025安徽公安法检招录,舒城县公安局,20250829 舒城县公安局,大专及以上,,,笔试+面试,,,招考批次：第一批；性别：男；年龄：30周岁以下；招聘人数：10；分数线：67.14；城市：六安,安徽 舒城县,https://www.xduim.com/zw/gafj,,
2025,公务员,2025安徽公安法检招录,舒城县公安局,20250830 舒城县公安局,高中（中专）及以上,,,笔试+面试,,,招考批次：第一批；性别：男；年龄：35周岁以下；招聘人数：10；分数线：62.78；城市：六安,安徽 舒城县,https://www.xduim.com/zw/gafj,,
2025,公务员,2025安徽公安法检招录,金寨县公安局,20250831 金寨县公安局,高中（中专）及以上,,,笔试+面试,,,招考批次：第一批；性别：男；年龄：35周岁以下；招聘人数：10；分数线：58.48；城市：六安,安徽 金寨县,https://www.xduim.com/zw/gafj,,
2025,公务员,2025安徽公安法检招录,金寨县公安局,20250832 金寨县公安局,大专及以上,,,笔试+面试,,,招考批次：第一批；性别：男；年龄：30周岁以下；招聘人数：5；分数线：61.71；城市：六安,安徽 金寨县,https://www.xduim.com/zw/gafj,,
2025,公务员,2025安徽公安法检招录,金寨县公安局,20250833 金寨县公安局,大专及以上,,,笔试+面试,,,招考批次：第一批；性别：男；年龄：30周岁以下；招聘人数：15；分数线：66.01；城市：六安,安徽 金寨县,https://www.xduim.com/zw/gafj,,
2025,公务员,2025安徽公安法检招录,金寨县公安局,20250834 金寨县公安局,大专及以上,,,笔试+面试,,,招考批次：第一批；性别：男；年龄：30周岁以下；招聘人数：15；分数线：68.22；城市：六安,安徽 金寨县,https://www.xduim.com/zw/gafj,,
2025,公务员,2025安徽公安法检招录,金寨县公安局,20250835 金寨县公安局,大专及以上,,,笔试+面试,,,招考批次：第一批；性别：男；年龄：35周岁以下；招聘人数：5；分数线：51.64；城市：六安,安徽 金寨县,https://www.xduim.com/zw/gafj,,
2025,公务员,2025安徽公安法检招录,金寨县公安局,20250836 金寨县公安局,大专及以上,,,笔试+面试,,,招考批次：第一批；性别：不限；年龄：35周岁以下；招聘人数：6；分数线：70.71；城市：六安,安徽 金寨县,https://www.xduim.com/zw/gafj,,
2025,公务员,2025安徽公安法检招录,金寨县公安局,20250837 金寨县公安局,大专及以上,,,笔试+面试,,,招考批次：第一批；性别：男；年龄：30周岁以下；招聘人数：6；分数线：58.21；城市：六安,安徽 金寨县,https://www.xduim.com/zw/gafj,,
2025,公务员,2025安徽公安法检招录,金寨县公安局,20250838 金寨县公安局,大专及以上,,,笔试+面试,,,招考批次：第一批；性别：男；年龄：30周岁以下；招聘人数：7；分数线：67.64；城市：六安,安徽 金寨县,https://www.xduim.com/zw/gafj,,
2025,公务员,2025安徽公安法检招录,金寨县公安局,20250839 金寨县公安局,大专及以上,,,笔试+面试,,,招考批次：第一批；性别：男；年龄：35周岁以下；招聘人数：8；分数线：66.57；城市：六安,安徽 金寨县,https://www.xduim.com/zw/gafj,,
2025,公务员,2025安徽公安法检招录,金寨县公安局,20250840 金寨县公安局,高中（中专）及以上,,,笔试+面试,,,招考批次：第一批；性别：男；年龄：35周岁以下；招聘人数：2；分数线：67.36；城市：六安,安徽 金寨县,https://www.xduim.com/zw/gafj,,
2025,公务员,2025安徽公安法检招录,霍山县公安局,20250841 霍山县公安局,大专及以上,,,笔试+面试,,,招考批次：第一批；性别：不限；年龄：30周岁以下；招聘人数：2；分数线：77.01；城市：六安,安徽 霍山县,https://www.xduim.com/zw/gafj,,
2025,公务员,2025安徽公安法检招录,霍山县公安局,20250842 霍山县公安局,大专及以上,,,笔试+面试,,,招考批次：第一批；性别：男；年龄：30周岁以下；招聘人数：4；分数线：69.72；城市：六安,安徽 霍山县,https://www.xduim.com/zw/gafj,,
2025,公务员,2025安徽公安法检招录,霍山县公安局,20250843 霍山县公安局,大专及以上,,,笔试+面试,,,招考批次：第一批；性别：不限；年龄：30周岁以下；招聘人数：3；分数线：69.07；城市：六安,安徽 霍山县,https://www.xduim.com/zw/gafj,,
2025,公务员,2025安徽公安法检招录,霍山县公安局,20250844 霍山县公安局,大专及以上,,,笔试+面试,,,招考批次：第一批；性别：不限；年龄：35周岁以下；招聘人数：6；分数线：73.49；城市：六安,安徽 霍山县,https://www.xduim.com/zw/gafj,,
2025,公务员,2025安徽公安法检招录,霍山县公安局,20250845 霍山县公安局,大专及以上,,,笔试+面试,,,招考批次：第一批；性别：男；年龄：30周岁以下；招聘人数：11；分数线：67.5；城市：六安,安徽 霍山县,https://www.xduim.com/zw/gafj,,
2025,公务员,2025安徽公安法检招录,霍山县公安局,20250846 霍山县公安局,大专及以上,,,笔试+面试,,,招考批次：第一批；性别：男；年龄：30周岁以下；招聘人数：11；分数线：52.71；城市：六安,安徽 霍山县,https://www.xduim.com/zw/gafj,,
2025,公务员,2025安徽公安法检招录,合肥市公安局,251121 合肥市公安局,大专及以上,,,笔试+面试,,,招考批次：第一批；性别：男；招聘人数：15；分数线：39.08；城市：合肥,安徽 合肥市直,https://www.xduim.com/zw/gafj,,
2024,公务员,2024安徽公安法检招录,肥东县公安局,241701 肥东县公安局,大专及以上,,,笔试+面试,,,招考批次：第一批；性别：男；年龄：30周岁以下；招聘人数：15；分数线：45.62；城市：合肥,安徽 肥东县,https://www.xduim.com/zw/gafj,,
2024,公务员,2024安徽公安法检招录,肥东县公安局,241702 肥东县公安局,大专及以上,,,笔试+面试,,,招考批次：第一批；性别：女；年龄：30周岁以下；招聘人数：5；分数线：55.35；城市：合肥,安徽 肥东县,https://www.xduim.com/zw/gafj,,
2024,公务员,2024安徽公安法检招录,肥东县公安局,241703 肥东县公安局,大专及以上,,,笔试+面试,,,招考批次：第一批；性别：男；年龄：30周岁以下；招聘人数：10；分数线：45.01；城市：合肥,安徽 肥东县,https://www.xduim.com/zw/gafj,,
2024,公务员,2024安徽公安法检招录,肥东县公安局,241704 肥东县公安局,本科及以上,,,笔试+面试,,,招考批次：第一批；性别：男；年龄：30周岁以下；招聘人数：4；分数线：47.18；城市：合肥,安徽 肥东县,https://www.xduim.com/zw/gafj,,
2024,公务员,2024安徽公安法检招录,肥东县公安局,241705 肥东县公安局,本科及以上,,,笔试+面试,,,招考批次：第一批；性别：男；年龄：30周岁以下；招聘人数：6；分数线：45.16；城市：合肥,安徽 肥东县,https://www.xduim.com/zw/gafj,,
2024,公务员,2024安徽公安法检招录,肥东县公安局,241706 肥东县公安局,本科及以上,,,笔试+面试,,,招考批次：第一批；性别：男；年龄：30周岁以下；招聘人数：6；分数线：51.34；城市：合肥,安徽 肥东县,https://www.xduim.com/zw/gafj,,
2024,公务员,2024安徽公安法检招录,肥东县公安局,241707 肥东县公安局,本科及以上,,,笔试+面试,,,招考批次：第一批；性别：不限；年龄：30周岁以下；招聘人数：2；分数线：57.59；城市：合肥,安徽 肥东县,https://www.xduim.com/zw/gafj,,
2024,公务员,2024安徽公安法检招录,肥东县公安局,241708 肥东县公安局,本科及以上,,,笔试+面试,,,招考批次：第一批；性别：男；年龄：30周岁以下；招聘人数：2；分数线：50.96；城市：合肥,安徽 肥东县,https://www.xduim.com/zw/gafj,,
2024,公务员,2024安徽公安法检招录,长丰县公安局,241801 长丰县公安局,本科及以上,,,笔试+面试,,,招考批次：第一批；性别：女；年龄：30周岁以下；招聘人数：6；分数线：61.23；城市：合肥,安徽 长丰县,https://www.xduim.com/zw/gafj,,
2024,公务员,2024安徽公安法检招录,长丰县公安局,241802 长丰县公安局,大专及以上,,,笔试+面试,,,招考批次：第一批；性别：男；年龄：30周岁以下；招聘人数：20；分数线：48.03；城市：合肥,安徽 长丰县,https://www.xduim.com/zw/gafj,,
2024,公务员,2024安徽公安法检招录,长丰县公安局,241803 长丰县公安局,大专及以上,,,笔试+面试,,,招考批次：第一批；性别：男；年龄：30周岁以下；招聘人数：20；分数线：44.31；城市：合肥,安徽 长丰县,https://www.xduim.com/zw/gafj,,
2024,公务员,2024安徽公安法检招录,长丰县公安局,241804 长丰县公安局,本科及以上,,,笔试+面试,,,招考批次：第一批；性别：男；年龄：30周岁以下；招聘人数：14；分数线：54.2；城市：合肥,安徽 长丰县,https://www.xduim.com/zw/gafj,,
2024,公务员,2024安徽公安法检招录,合肥市公安局,241021 合肥市公安局,大专及以上,,,笔试+面试,,,招考批次：第一批；性别：男；年龄：30周岁以下；招聘人数：6；分数线：52.12；城市：合肥,安徽 合肥市直,https://www.xduim.com/zw/gafj,,
2024,公务员,2024安徽公安法检招录,瑶海分局,241101 瑶海分局,大专及以上,,,笔试+面试,,,招考批次：第一批；性别：男；年龄：30周岁以下；招聘人数：25；分数线：45.16；城市：合肥,安徽 瑶海区,https://www.xduim.com/zw/gafj,,
2024,公务员,2024安徽公安法检招录,瑶海分局,241102 瑶海分局,大专及以上,,,笔试+面试,,,招考批次：第一批；性别：男；年龄：30周岁以下；招聘人数：25；分数线：44.93；城市：合肥,安徽 瑶海区,https://www.xduim.com/zw/gafj,,
2024,公务员,2024安徽公安法检招录,庐阳分局,241201 庐阳分局,大专及以上,,,笔试+面试,,,招考批次：第一批；性别：男；年龄：30周岁以下；招聘人数：18；分数线：46.17；城市：合肥,安徽 庐阳区,https://www.xduim.com/zw/gafj,,
2024,公务员,2024安徽公安法检招录,庐阳分局,241202 庐阳分局,本科及以上,,,笔试+面试,,,招考批次：第一批；性别：女；年龄：30周岁以下；招聘人数：2；分数线：60.77；城市：合肥,安徽 庐阳区,https://www.xduim.com/zw/gafj,,
2024,公务员,2024安徽公安法检招录,蜀山分局,241301 蜀山分局,大专及以上,,,笔试+面试,,,招考批次：第一批；性别：男；年龄：30周岁以下；招聘人数：20；分数线：45.09；城市：合肥,安徽 蜀山区,https://www.xduim.com/zw/gafj,,
2024,公务员,2024安徽公安法检招录,包河分局,241401 包河分局,大专及以上,,,笔试+面试,,,招考批次：第一批；性别：男；年龄：30周岁以下；招聘人数：12；分数线：45.47；城市：合肥,安徽 包河区,https://www.xduim.com/zw/gafj,,
2024,公务员,2024安徽公安法检招录,包河分局,241402 包河分局,大专及以上,,,笔试+面试,,,招考批次：第一批；性别：男；年龄：30周岁以下；招聘人数：10；分数线：43.62；城市：合肥,安徽 包河区,https://www.xduim.com/zw/gafj,,
2024,公务员,2024安徽公安法检招录,包河分局,241403 包河分局,大专及以上,,,笔试+面试,,,招考批次：第一批；性别：男；年龄：30周岁以下；招聘人数：2；分数线：46.86；城市：合肥,安徽 包河区,https://www.xduim.com/zw/gafj,,
2024,公务员,2024安徽公安法检招录,高新技术开发区分局,241501 高新技术开发区分局,大专及以上,,,笔试+面试,,,招考批次：第一批；性别：女；年龄：30周岁以下；招聘人数：8；分数线：62.0；城市：合肥,安徽 高新区,https://www.xduim.com/zw/gafj,,
2024,公务员,2024安徽公安法检招录,高新技术开发区分局,241502 高新技术开发区分局,大专及以上,,,笔试+面试,,,招考批次：第一批；性别：男；年龄：30周岁以下；招聘人数：25；分数线：46.48；城市：合肥,安徽 高新区,https://www.xduim.com/zw/gafj,,
2024,公务员,2024安徽公安法检招录,高新技术开发区分局,241503 高新技术开发区分局,大专及以上,,,笔试+面试,,,招考批次：第一批；性别：男；年龄：30周岁以下；招聘人数：25；分数线：46.86；城市：合肥,安徽 高新区,https://www.xduim.com/zw/gafj,,
2024,公务员,2024安徽公安法检招录,高新技术开发区分局,241504 高新技术开发区分局,大专及以上,,,笔试+面试,,,招考批次：第一批；性别：男；年龄：30周岁以下；招聘人数：2；城市：合肥,安徽 高新区,https://www.xduim.com/zw/gafj,,
2024,公务员,2024安徽公安法检招录,高新技术开发区分局,241505 高新技术开发区分局,大专及以上,,,笔试+面试,,,招考批次：第一批；性别：男；年龄：30周岁以下；招聘人数：3；分数线：46.17；城市：合肥,安徽 高新区,https://www.xduim.com/zw/gafj,,
2024,公务员,2024安徽公安法检招录,高新技术开发区分局,241506 高新技术开发区分局,大专及以上,,,笔试+面试,,,招考批次：第一批；性别：男；年龄：30周岁以下；招聘人数：3；分数线：49.57；城市：合肥,安徽 高新区,https://www.xduim.com/zw/gafj,,
2024,公务员,2024安徽公安法检招录,高新技术开发区分局,241507 高新技术开发区分局,本科及以上,,,笔试+面试,,,招考批次：第一批；性别：男；年龄：30周岁以下；招聘人数：7；分数线：52.42；城市：合肥,安徽 高新区,https://www.xduim.com/zw/gafj,,
2024,公务员,2024安徽公安法检招录,高新技术开发区分局,241508 高新技术开发区分局,本科及以上,,,笔试+面试,,,招考批次：第一批；性别：男；年龄：30周岁以下；招聘人数：7；分数线：51.11；城市：合肥,安徽 高新区,https://www.xduim.com/zw/gafj,,
2024,公务员,2024安徽公安法检招录,新站分局,241601 新站分局,大专及以上,,,笔试+面试,,,招考批次：第一批；性别：男；年龄：30周岁以下；招聘人数：20；分数线：46.95；城市：合肥,安徽 新站区,https://www.xduim.com/zw/gafj,,
2024,公务员,2024安徽公安法检招录,新站分局,241602 新站分局,大专及以上,,,笔试+面试,,,招考批次：第一批；性别：男；年龄：30周岁以下；招聘人数：6；分数线：43.46；城市：合肥,安徽 新站区,https://www.xduim.com/zw/gafj,,
2024,公务员,2024安徽公安法检招录,新站分局,241603 新站分局,大专及以上,,,笔试+面试,,,招考批次：第一批；性别：女；年龄：30周岁以下；招聘人数：3；分数线：62.15；城市：合肥,安徽 新站区,https://www.xduim.com/zw/gafj,,
2024,公务员,2024安徽公安法检招录,桐城市公安局,2024102 桐城市公安局,高中（中专）及以上,,,笔试+面试,,,招考批次：第一批；性别：男；年龄：35周岁以下；招聘人数：4；分数线：32.5；城市：安庆,安徽 桐城市,https://www.xduim.com/zw/gafj,,
2024,公务员,2024安徽公安法检招录,桐城市公安局,2024103 桐城市公安局,大专及以上,,,笔试+面试,,,招考批次：第一批；性别：不限；年龄：30周岁以下；招聘人数：1；分数线：54.0；城市：安庆,安徽 桐城市,https://www.xduim.com/zw/gafj,,
2024,公务员,2024安徽公安法检招录,桐城市公安局,2024104 桐城市公安局,本科及以上,,,笔试+面试,,,招考批次：第一批；性别：不限；年龄：30周岁以下；招聘人数：1；分数线：53.5；城市：安庆,安徽 桐城市,https://www.xduim.com/zw/gafj,,
2024,公务员,2024安徽公安法检招录,潜山市公安局,2024201 潜山市公安局,大专及以上,,,笔试+面试,,,招考批次：第一批；性别：男；年龄：30周岁以下；招聘人数：20；分数线：38.5；城市：安庆,安徽 潜山市,https://www.xduim.com/zw/gafj,,
2024,公务员,2024安徽公安法检招录,潜山市公安局,2024202 潜山市公安局,大专及以上,,,笔试+面试,,,招考批次：第一批；性别：男；年龄：30周岁以下；招聘人数：15；分数线：41.5；城市：安庆,安徽 潜山市,https://www.xduim.com/zw/gafj,,
2024,公务员,2024安徽公安法检招录,潜山市公安局,2024203 潜山市公安局,大专及以上,,,笔试+面试,,,招考批次：第一批；性别：男；年龄：30周岁以下；招聘人数：13；分数线：35.5；城市：安庆,安徽 潜山市,https://www.xduim.com/zw/gafj,,
2024,公务员,2024安徽公安法检招录,潜山市公安局,2024204 潜山市公安局,大专及以上,,,笔试+面试,,,招考批次：第一批；性别：男；年龄：30周岁以下；招聘人数：10；分数线：48.0；城市：安庆,安徽 潜山市,https://www.xduim.com/zw/gafj,,
2024,公务员,2024安徽公安法检招录,潜山市公安局,2024205 潜山市公安局,大专及以上,,,笔试+面试,,,招考批次：第一批；性别：女；年龄：35周岁以下；招聘人数：2；分数线：49.0；城市：安庆,安徽 潜山市,https://www.xduim.com/zw/gafj,,
2024,公务员,2024安徽公安法检招录,怀宁县公安局,2024301 怀宁县公安局,大专及以上,,,笔试+面试,,,招考批次：第一批；性别：男；年龄：30周岁以下；招聘人数：1；分数线：48.5；城市：安庆,安徽 怀宁县,https://www.xduim.com/zw/gafj,,
2024,公务员,2024安徽公安法检招录,怀宁县公安局,2024302 怀宁县公安局,大专及以上,,,笔试+面试,,,招考批次：第一批；性别：女；年龄：30周岁以下；招聘人数：1；分数线：57.0；城市：安庆,安徽 怀宁县,https://www.xduim.com/zw/gafj,,
2024,公务员,2024安徽公安法检招录,怀宁县公安局,2024303 怀宁县公安局,大专及以上,,,笔试+面试,,,招考批次：第一批；性别：女；年龄：30周岁以下；招聘人数：2；分数线：59.5；城市：安庆,安徽 怀宁县,https://www.xduim.com/zw/gafj,,
2024,公务员,2024安徽公安法检招录,怀宁县公安局,2024304 怀宁县公安局,大专及以上,,,笔试+面试,,,招考批次：第一批；性别：男；年龄：30周岁以下；招聘人数：14；分数线：45.0；城市：安庆,安徽 怀宁县,https://www.xduim.com/zw/gafj,,
2024,公务员,2024安徽公安法检招录,怀宁县公安局,2024305 怀宁县公安局,大专及以上,,,笔试+面试,,,招考批次：第一批；性别：男；年龄：30周岁以下；招聘人数：19；分数线：42.5；城市：安庆,安徽 怀宁县,https://www.xduim.com/zw/gafj,,
2024,公务员,2024安徽公安法检招录,怀宁县公安局,2024306 怀宁县公安局,大专及以上,,,笔试+面试,,,招考批次：第一批；性别：男；年龄：30周岁以下；招聘人数：4；分数线：39.5；城市：安庆,安徽 怀宁县,https://www.xduim.com/zw/gafj,,
2024,公务员,2024安徽公安法检招录,怀宁县公安局,2024307 怀宁县公安局,高中（中专）及以上,,,笔试+面试,,,招考批次：第一批；性别：男；年龄：35周岁以下；招聘人数：2；分数线：47.5；城市：安庆,安徽 怀宁县,https://www.xduim.com/zw/gafj,,
2024,公务员,2024安徽公安法检招录,怀宁县公安局,2024308 怀宁县公安局,大专及以上,,,笔试+面试,,,招考批次：第一批；性别：男；年龄：30周岁以下；招聘人数：1；分数线：47.0；城市：安庆,安徽 怀宁县,https://www.xduim.com/zw/gafj,,
2024,公务员,2024安徽公安法检招录,怀宁县公安局,2024309 怀宁县公安局,大专及以上,,,笔试+面试,,,招考批次：第一批；性别：男；年龄：30周岁以下；招聘人数：5；分数线：42.5；城市：安庆,安徽 怀宁县,https://www.xduim.com/zw/gafj,,
2024,公务员,2024安徽公安法检招录,怀宁县公安局,2024310 怀宁县公安局,大专及以上,,,笔试+面试,,,招考批次：第一批；性别：女；年龄：35周岁以下；招聘人数：1；分数线：57.5；城市：安庆,安徽 怀宁县,https://www.xduim.com/zw/gafj,,
2024,公务员,2024安徽公安法检招录,怀宁县公安局,2024311 怀宁县公安局,高中（中专）及以上,,,笔试+面试,,,招考批次：第一批；性别：男；年龄：35周岁以下；招聘人数：5；分数线：40.5；城市：安庆,安徽 怀宁县,https://www.xduim.com/zw/gafj,,
2024,公务员,2024安徽公安法检招录,怀宁县公安局,2024312 怀宁县公安局,大专及以上,,,笔试+面试,,,招考批次：第一批；性别：男；年龄：30周岁以下；招聘人数：3；分数线：52.5；城市：安庆,安徽 怀宁县,https://www.xduim.com/zw/gafj,,
2024,公务员,2024安徽公安法检招录,怀宁县公安局,2024313 怀宁县公安局,高中（中专）及以上,,,笔试+面试,,,招考批次：第一批；性别：男；年龄：35周岁以下；招聘人数：1；分数线：43.0；城市：安庆,安徽 怀宁县,https://www.xduim.com/zw/gafj,,
2024,公务员,2024安徽公安法检招录,怀宁县公安局,2024314 怀宁县公安局,大专及以上,,,笔试+面试,,,招考批次：第一批；性别：男；年龄：30周岁以下；招聘人数：3；分数线：43.5；城市：安庆,安徽 怀宁县,https://www.xduim.com/zw/gafj,,
2024,公务员,2024安徽公安法检招录,怀宁县公安局,2024315 怀宁县公安局,高中（中专）及以上,,,笔试+面试,,,招考批次：第一批；性别：男；年龄：35周岁以下；招聘人数：1；分数线：57.0；城市：安庆,安徽 怀宁县,https://www.xduim.com/zw/gafj,,
2024,公务员,2024安徽公安法检招录,怀宁县公安局,2024316 怀宁县公安局,高中（中专）及以上,,,笔试+面试,,,招考批次：第一批；性别：男；年龄：35周岁以下；招聘人数：1；城市：安庆,安徽 怀宁县,https://www.xduim.com/zw/gafj,,
2024,公务员,2024安徽公安法检招录,怀宁县公安局,2024317 怀宁县公安局,高中（中专）及以上,,,笔试+面试,,,招考批次：第一批；性别：男；年龄：35周岁以下；招聘人数：1；分数线：52.5；城市：安庆,安徽 怀宁县,https://www.xduim.com/zw/gafj,,
2024,公务员,2024安徽公安法检招录,怀宁县公安局,2024318 怀宁县公安局,高中（中专）及以上,,,笔试+面试,,,招考批次：第一批；性别：男；年龄：35周岁以下；招聘人数：1；分数线：53.0；城市：安庆,安徽 怀宁县,https://www.xduim.com/zw/gafj,,
2024,公务员,2024安徽公安法检招录,怀宁县公安局,2024319 怀宁县公安局,高中（中专）及以上,,,笔试+面试,,,招考批次：第一批；性别：男；年龄：35周岁以下；招聘人数：1；分数线：50.5；城市：安庆,安徽 怀宁县,https://www.xduim.com/zw/gafj,,
2024,公务员,2024安徽公安法检招录,怀宁县公安局,2024320 怀宁县公安局,高中（中专）及以上,,,笔试+面试,,,招考批次：第一批；性别：男；年龄：35周岁以下；招聘人数：1；分数线：39.5；城市：安庆,安徽 怀宁县,https://www.xduim.com/zw/gafj,,
2024,公务员,2024安徽公安法检招录,怀宁县公安局,2024321 怀宁县公安局,高中（中专）及以上,,,笔试+面试,,,招考批次：第一批；性别：男；年龄：35周岁以下；招聘人数：1；分数线：47.0；城市：安庆,安徽 怀宁县,https://www.xduim.com/zw/gafj,,
2024,公务员,2024安徽公安法检招录,怀宁县公安局,2024322 怀宁县公安局,大专及以上,,,笔试+面试,,,招考批次：第一批；性别：男；年龄：30周岁以下；招聘人数：1；分数线：44.5；城市：安庆,安徽 怀宁县,https://www.xduim.com/zw/gafj,,
2024,公务员,2024安徽公安法检招录,怀宁县公安局,2024323 怀宁县公安局,高中（中专）及以上,,,笔试+面试,,,招考批次：第一批；性别：男；年龄：35周岁以下；招聘人数：1；分数线：48.5；城市：安庆,安徽 怀宁县,https://www.xduim.com/zw/gafj,,
2024,公务员,2024安徽公安法检招录,怀宁县公安局,2024324 怀宁县公安局,高中（中专）及以上,,,笔试+面试,,,招考批次：第一批；性别：男；年龄：35周岁以下；招聘人数：1；分数线：50.5；城市：安庆,安徽 怀宁县,https://www.xduim.com/zw/gafj,,
2024,公务员,2024安徽公安法检招录,太湖县公安局,2024401 太湖县公安局,大专及以上,,,笔试+面试,,,招考批次：第一批；性别：男；年龄：30周岁以下；招聘人数：2；分数线：45.0；城市：安庆,安徽 太湖县,https://www.xduim.com/zw/gafj,,
2024,公务员,2024安徽公安法检招录,太湖县公安局,2024402 太湖县公安局,大专及以上,,,笔试+面试,,,招考批次：第一批；性别：男；年龄：30周岁以下；招聘人数：7；分数线：48.5；城市：安庆,安徽 太湖县,https://www.xduim.com/zw/gafj,,
2024,公务员,2024安徽公安法检招录,太湖县公安局,2024403 太湖县公安局,高中（中专）及以上,,,笔试+面试,,,招考批次：第一批；性别：男；年龄：35周岁以下；招聘人数：1；分数线：45.5；城市：安庆,安徽 太湖县,https://www.xduim.com/zw/gafj,,
2024,公务员,2024安徽公安法检招录,太湖县公安局,2024404 太湖县公安局,大专及以上,,,笔试+面试,,,招考批次：第一批；性别：男；年龄：30周岁以下；招聘人数：1；分数线：53.5；城市：安庆,安徽 太湖县,https://www.xduim.com/zw/gafj,,
2024,公务员,2024安徽公安法检招录,太湖县公安局,2024405 太湖县公安局,高中（中专）及以上,,,笔试+面试,,,招考批次：第一批；性别：男；年龄：35周岁以下；招聘人数：1；分数线：43.5；城市：安庆,安徽 太湖县,https://www.xduim.com/zw/gafj,,
2024,公务员,2024安徽公安法检招录,太湖县公安局,2024406 太湖县公安局,大专及以上,,,笔试+面试,,,招考批次：第一批；性别：女；年龄：30周岁以下；招聘人数：1；分数线：56.0；城市：安庆,安徽 太湖县,https://www.xduim.com/zw/gafj,,
2024,公务员,2024安徽公安法检招录,太湖县公安局,2024407 太湖县公安局,高中（中专）及以上,,,笔试+面试,,,招考批次：第一批；性别：男；年龄：35周岁以下；招聘人数：1；分数线：45.0；城市：安庆,安徽 太湖县,https://www.xduim.com/zw/gafj,,
2024,公务员,2024安徽公安法检招录,太湖县公安局,2024408 太湖县公安局,高中（中专）及以上,,,笔试+面试,,,招考批次：第一批；性别：男；年龄：35周岁以下；招聘人数：1；分数线：45.5；城市：安庆,安徽 太湖县,https://www.xduim.com/zw/gafj,,
2024,公务员,2024安徽公安法检招录,太湖县公安局,2024409 太湖县公安局,大专及以上,,,笔试+面试,,,招考批次：第一批；性别：女；年龄：30周岁以下；招聘人数：1；分数线：54.5；城市：安庆,安徽 太湖县,https://www.xduim.com/zw/gafj,,
2024,公务员,2024安徽公安法检招录,太湖县公安局,2024410 太湖县公安局,高中（中专）及以上,,,笔试+面试,,,招考批次：第一批；性别：男；年龄：35周岁以下；招聘人数：1；分数线：42.5；城市：安庆,安徽 太湖县,https://www.xduim.com/zw/gafj,,
2024,公务员,2024安徽公安法检招录,太湖县公安局,2024411 太湖县公安局,大专及以上,,,笔试+面试,,,招考批次：第一批；性别：女；年龄：30周岁以下；招聘人数：1；分数线：54.5；城市：安庆,安徽 太湖县,https://www.xduim.com/zw/gafj,,
2024,公务员,2024安徽公安法检招录,望江县公安局,2024501 望江县公安局,高中（中专）及以上,,,笔试+面试,,,招考批次：第一批；性别：男；年龄：35周岁以下；招聘人数：3；分数线：50.5；城市：安庆,安徽 望江县,https://www.xduim.com/zw/gafj,,
2024,公务员,2024安徽公安法检招录,望江县公安局,2024502 望江县公安局,高中（中专）及以上,,,笔试+面试,,,招考批次：第一批；性别：男；年龄：35周岁以下；招聘人数：1；分数线：46.5；城市：安庆,安徽 望江县,https://www.xduim.com/zw/gafj,,
2024,公务员,2024安徽公安法检招录,望江县公安局,2024503 望江县公安局,高中（中专）及以上,,,笔试+面试,,,招考批次：第一批；性别：男；年龄：35周岁以下；招聘人数：1；分数线：43.5；城市：安庆,安徽 望江县,https://www.xduim.com/zw/gafj,,
2024,公务员,2024安徽公安法检招录,望江县公安局,2024504 望江县公安局,高中（中专）及以上,,,笔试+面试,,,招考批次：第一批；性别：男；年龄：35周岁以下；招聘人数：2；分数线：40.5；城市：安庆,安徽 望江县,https://www.xduim.com/zw/gafj,,
2024,公务员,2024安徽公安法检招录,望江县公安局,2024505 望江县公安局,高中（中专）及以上,,,笔试+面试,,,招考批次：第一批；性别：男；年龄：35周岁以下；招聘人数：1；分数线：50.5；城市：安庆,安徽 望江县,https://www.xduim.com/zw/gafj,,
2024,公务员,2024安徽公安法检招录,望江县公安局,2024506 望江县公安局,高中（中专）及以上,,,笔试+面试,,,招考批次：第一批；性别：男；年龄：35周岁以下；招聘人数：1；分数线：57.5；城市：安庆,安徽 望江县,https://www.xduim.com/zw/gafj,,
2024,公务员,2024安徽公安法检招录,望江县公安局,2024507 望江县公安局,高中（中专）及以上,,,笔试+面试,,,招考批次：第一批；性别：男；年龄：35周岁以下；招聘人数：1；分数线：48.5；城市：安庆,安徽 望江县,https://www.xduim.com/zw/gafj,,
2024,公务员,2024安徽公安法检招录,望江县公安局,2024508 望江县公安局,高中（中专）及以上,,,笔试+面试,,,招考批次：第一批；性别：女；年龄：35周岁以下；招聘人数：1；分数线：55.0；城市：安庆,安徽 望江县,https://www.xduim.com/zw/gafj,,
2024,公务员,2024安徽公安法检招录,望江县公安局,2024509 望江县公安局,高中（中专）及以上,,,笔试+面试,,,招考批次：第一批；性别：女；年龄：35周岁以下；招聘人数：1；分数线：56.0；城市：安庆,安徽 望江县,https://www.xduim.com/zw/gafj,,
2024,公务员,2024安徽公安法检招录,宿松县公安局,2024601 宿松县公安局,大专及以上,,,笔试+面试,,,招考批次：第一批；性别：男；年龄：30周岁以下；招聘人数：15；分数线：36.5；城市：安庆,安徽 宿松县,https://www.xduim.com/zw/gafj,,
2024,公务员,2024安徽公安法检招录,宿松县公安局,2024602 宿松县公安局,大专及以上,,,笔试+面试,,,招考批次：第一批；性别：男；年龄：30周岁以下；招聘人数：15；分数线：40.0；城市：安庆,安徽 宿松县,https://www.xduim.com/zw/gafj,,
2024,公务员,2024安徽公安法检招录,宿松县公安局,2024603 宿松县公安局,高中（中专）及以上,,,笔试+面试,,,招考批次：第一批；性别：男；年龄：35周岁以下；招聘人数：14；分数线：40.0；城市：安庆,安徽 宿松县,https://www.xduim.com/zw/gafj,,
2024,公务员,2024安徽公安法检招录,宿松县公安局,2024604 宿松县公安局,大专及以上,,,笔试+面试,,,招考批次：第一批；性别：女；年龄：30周岁以下；招聘人数：2；分数线：55.0；城市：安庆,安徽 宿松县,https://www.xduim.com/zw/gafj,,
2025,公务员,2025安徽公安法检招录,经济技术 开发区分局,2520603 经济技术 开发区分局,高中及以上,,,笔试+面试,,,招考批次：第二批；性别：男；招聘人数：5；分数线：41.41；城市：合肥,安徽 经开区,https://www.xduim.com/zw/gafj,,
2025,公务员,2025安徽公安法检招录,经济技术 开发区分局,2520604 经济技术 开发区分局,高中及以上,,,笔试+面试,,,招考批次：第二批；性别：不限；招聘人数：2；分数线：41.72；城市：合肥,安徽 经开区,https://www.xduim.com/zw/gafj,,
2025,公务员,2025安徽公安法检招录,经济技术 开发区分局,2520605 经济技术 开发区分局,大专及以上,,,笔试+面试,,,招考批次：第二批；性别：女；招聘人数：3；分数线：48.09；城市：合肥,安徽 经开区,https://www.xduim.com/zw/gafj,,
2025,公务员,2025安徽公安法检招录,新站高新技术 产业开发区分局,2520701 新站高新技术 产业开发区分局,大专及以上,,,笔试+面试,,,招考批次：第二批；性别：男；招聘人数：19；分数线：42.7；城市：合肥,安徽 新站高新区,https://www.xduim.com/zw/gafj,,
2025,公务员,2025安徽公安法检招录,新站高新技术 产业开发区分局,2520702 新站高新技术 产业开发区分局,大专及以上,,,笔试+面试,,,招考批次：第二批；性别：女；招聘人数：2；分数线：46.68；城市：合肥,安徽 新站高新区,https://www.xduim.com/zw/gafj,,
2025,公务员,2025安徽公安法检招录,新站高新技术 产业开发区分局,2520703 新站高新技术 产业开发区分局,大专及以上,,,笔试+面试,,,招考批次：第二批；性别：男；招聘人数：5；分数线：38.41；城市：合肥,安徽 新站高新区,https://www.xduim.com/zw/gafj,,
2025,公务员,2025安徽公安法检招录,新站高新技术 产业开发区分局,2520704 新站高新技术 产业开发区分局,高中及以上,,,笔试+面试,,,招考批次：第二批；性别：男；招聘人数：12；分数线：39.66；城市：合肥,安徽 新站高新区,https://www.xduim.com/zw/gafj,,
2025,公务员,2025安徽公安法检招录,新站高新技术 产业开发区分局,2520705 新站高新技术 产业开发区分局,高中及以上,,,笔试+面试,,,招考批次：第二批；性别：不限；招聘人数：2；分数线：42.47；城市：合肥,安徽 新站高新区,https://www.xduim.com/zw/gafj,,
2025,公务员,2025安徽公安法检招录,新站高新技术 产业开发区分局,2520706 新站高新技术 产业开发区分局,本科及以上,,,笔试+面试,,,招考批次：第二批；性别：男；招聘人数：3；分数线：45.1；城市：合肥,安徽 新站高新区,https://www.xduim.com/zw/gafj,,
2025,公务员,2025安徽公安法检招录,新站高新技术 产业开发区分局,2520707 新站高新技术 产业开发区分局,本科及以上,,,笔试+面试,,,招考批次：第二批；性别：不限；招聘人数：3；分数线：48.52；城市：合肥,安徽 新站高新区,https://www.xduim.com/zw/gafj,,
2025,公务员,2025安徽公安法检招录,肥东县 公安局,2520801 肥东县 公安局,大专及以上,,,笔试+面试,,,招考批次：第二批；性别：男；招聘人数：10；分数线：29.6；城市：合肥,安徽 肥东县,https://www.xduim.com/zw/gafj,,
2025,公务员,2025安徽公安法检招录,肥东县 公安局,2520802 肥东县 公安局,本科及以上,,,笔试+面试,,,招考批次：第二批；性别：男；招聘人数：12；分数线：34.88；城市：合肥,安徽 肥东县,https://www.xduim.com/zw/gafj,,
2025,公务员,2025安徽公安法检招录,肥东县 公安局,2520803 肥东县 公安局,本科及以上,,,笔试+面试,,,招考批次：第二批；性别：男；招聘人数：10；分数线：37.49；城市：合肥,安徽 肥东县,https://www.xduim.com/zw/gafj,,
2025,公务员,2025安徽公安法检招录,肥东县 公安局,2520804 肥东县 公安局,本科及以上,,,笔试+面试,,,招考批次：第二批；性别：女；招聘人数：6；分数线：44.84；城市：合肥,安徽 肥东县,https://www.xduim.com/zw/gafj,,
2025,公务员,2025安徽公安法检招录,肥东县 公安局,2520805 肥东县 公安局,本科及以上,,,笔试+面试,,,招考批次：第二批；性别：男；招聘人数：10；分数线：40.21；城市：合肥,安徽 肥东县,https://www.xduim.com/zw/gafj,,
2025,公务员,2025安徽公安法检招录,肥东县 公安局,2520806 肥东县 公安局,高中及以上,,,笔试+面试,,,招考批次：第二批；性别：男；招聘人数：14；分数线：26.47；城市：合肥,安徽 肥东县,https://www.xduim.com/zw/gafj,,
2025,公务员,2025安徽公安法检招录,肥东县 公安局,2520807 肥东县 公安局,高中及以上,,,笔试+面试,,,招考批次：第二批；性别：男；招聘人数：14；分数线：37.12；城市：合肥,安徽 肥东县,https://www.xduim.com/zw/gafj,,
2025,公务员,2025安徽公安法检招录,肥东县 公安局,2520808 肥东县 公安局,高中及以上,,,笔试+面试,,,招考批次：第二批；性别：不限；招聘人数：2；分数线：38.9；城市：合肥,安徽 肥东县,https://www.xduim.com/zw/gafj,,
2025,公务员,2025安徽公安法检招录,肥东县 公安局,2520809 肥东县 公安局,本科及以上,,,笔试+面试,,,招考批次：第二批；性别：男；招聘人数：10；分数线：39.65；城市：合肥,安徽 肥东县,https://www.xduim.com/zw/gafj,,
2025,公务员,2025安徽公安法检招录,肥东县 公安局,2520810 肥东县 公安局,本科及以上,,,笔试+面试,,,招考批次：第二批；性别：男；招聘人数：6；分数线：36.4；城市：合肥,安徽 肥东县,https://www.xduim.com/zw/gafj,,
2025,公务员,2025安徽公安法检招录,肥东县 公安局,2520811 肥东县 公安局,本科及以上,,,笔试+面试,,,招考批次：第二批；性别：不限；招聘人数：3；分数线：46.79；城市：合肥,安徽 肥东县,https://www.xduim.com/zw/gafj,,
2025,公务员,2025安徽公安法检招录,肥东县 公安局,2520812 肥东县 公安局,本科及以上,,,笔试+面试,,,招考批次：第二批；性别：男；招聘人数：3；分数线：41.5；城市：合肥,安徽 肥东县,https://www.xduim.com/zw/gafj,,
2025,公务员,2025安徽公安法检招录,肥东县 公安局,2520813 肥东县 公安局,本科及以上,,,笔试+面试,,,招考批次：第二批；性别：男；招聘人数：20；分数线：28.07；城市：合肥,安徽 肥东县,https://www.xduim.com/zw/gafj,,
2025,公务员,2025安徽公安法检招录,肥西县 公安局,2520901 肥西县 公安局,大专及以上,,,笔试+面试,,,招考批次：第二批；性别：男；招聘人数：20；分数线：39.97；城市：合肥,安徽 肥西县,https://www.xduim.com/zw/gafj,,
2025,公务员,2025安徽公安法检招录,肥西县 公安局,2520902 肥西县 公安局,大专及以上,,,笔试+面试,,,招考批次：第二批；性别：女；招聘人数：2；分数线：49.07；城市：合肥,安徽 肥西县,https://www.xduim.com/zw/gafj,,
2025,公务员,2025安徽公安法检招录,肥西县 公安局,2520903 肥西县 公安局,高中及以上,,,笔试+面试,,,招考批次：第二批；性别：不限；招聘人数：8；分数线：39.55；城市：合肥,安徽 肥西县,https://www.xduim.com/zw/gafj,,
2025,公务员,2025安徽公安法检招录,长丰县 公安局,2521001 长丰县 公安局,本科及以上,,,笔试+面试,,,招考批次：第二批；性别：不限；招聘人数：2；分数线：45.75；城市：合肥,安徽 长丰县,https://www.xduim.com/zw/gafj,,
2025,公务员,2025安徽公安法检招录,长丰县 公安局,2521002 长丰县 公安局,高中及以上,,,笔试+面试,,,招考批次：第二批；性别：男；招聘人数：18；分数线：37.76；城市：合肥,安徽 长丰县,https://www.xduim.com/zw/gafj,,
2025,公务员,2025安徽公安法检招录,长丰县 公安局,2521003 长丰县 公安局,高中及以上,,,笔试+面试,,,招考批次：第二批；性别：不限；招聘人数：1；分数线：44.05；城市：合肥,安徽 长丰县,https://www.xduim.com/zw/gafj,,
2025,公务员,2025安徽公安法检招录,长丰县 公安局,2521004 长丰县 公安局,本科及以上,,,笔试+面试,,,招考批次：第二批；性别：男；招聘人数：14；分数线：39.65；城市：合肥,安徽 长丰县,https://www.xduim.com/zw/gafj,,
2025,公务员,2025安徽公安法检招录,长丰县 公安局,2521005 长丰县 公安局,大专及以上,,,笔试+面试,,,招考批次：第二批；性别：男；招聘人数：25；分数线：36.48；城市：合肥,安徽 长丰县,https://www.xduim.com/zw/gafj,,
2025,公务员,2025安徽公安法检招录,巢湖市 公安局,2521101 巢湖市 公安局,大专及以上,,,笔试+面试,,,招考批次：第二批；性别：男；招聘人数：20；分数线：41.21；城市：合肥,安徽 巢湖市,https://www.xduim.com/zw/gafj,,
2025,公务员,2025安徽公安法检招录,庐江县 公安局,2521201 庐江县 公安局,大专及以上,,,笔试+面试,,,招考批次：第二批；性别：男；招聘人数：22；分数线：29.48；城市：合肥,安徽 庐江县,https://www.xduim.com/zw/gafj,,
2025,公务员,2025安徽公安法检招录,庐江县 公安局,2521202 庐江县 公安局,大专及以上,,,笔试+面试,,,招考批次：第二批；性别：男；招聘人数：22；分数线：33.37；城市：合肥,安徽 庐江县,https://www.xduim.com/zw/gafj,,
2025,公务员,2025安徽公安法检招录,庐江县 公安局,2521203 庐江县 公安局,大专及以上,,,笔试+面试,,,招考批次：第二批；性别：男；招聘人数：22；分数线：32.57；城市：合肥,安徽 庐江县,https://www.xduim.com/zw/gafj,,
2025,公务员,2025安徽公安法检招录,庐江县 公安局,2521204 庐江县 公安局,大专及以上,,,笔试+面试,,,招考批次：第二批；性别：男；招聘人数：19；分数线：34.1；城市：合肥,安徽 庐江县,https://www.xduim.com/zw/gafj,,
2025,公务员,2025安徽公安法检招录,庐江县 公安局,2521205 庐江县 公安局,高中及以上,,,笔试+面试,,,招考批次：第二批；性别：男；招聘人数：25；分数线：32.87；城市：合肥,安徽 庐江县,https://www.xduim.com/zw/gafj,,
2025,公务员,2025安徽公安法检招录,庐江县 公安局,2521206 庐江县 公安局,高中及以上,,,笔试+面试,,,招考批次：第二批；性别：男；招聘人数：4；城市：合肥,安徽 庐江县,https://www.xduim.com/zw/gafj,,
2025,公务员,2025安徽公安法检招录,庐江县 公安局,2521207 庐江县 公安局,高中及以上,,,笔试+面试,,,招考批次：第二批；性别：不限；招聘人数：1；分数线：20.17；城市：合肥,安徽 庐江县,https://www.xduim.com/zw/gafj,,
2025,公务员,2025安徽公安法检招录,庐江县 公安局,2521208 庐江县 公安局,大专及以上,,,笔试+面试,,,招考批次：第二批；性别：女；年龄：35周岁以下；招聘人数：5；分数线：42.36；城市：合肥,安徽 庐江县,https://www.xduim.com/zw/gafj,,
2025,公务员,2025安徽公安法检招录,宁国市公安局,250605 宁国市公安局,大专及以上,,,笔试+面试,,,招考批次：第一批；性别：男；年龄：18周岁至35周岁；招聘人数：1；分数线：56.5；城市：宣城,安徽 宁国市,https://www.xduim.com/zw/gafj,,
2025,公务员,2025安徽公安法检招录,绩溪县公安局,250801 绩溪县公安局,高中（中专）及以上,,,笔试+面试,,,招考批次：第一批；性别：男；年龄：18周岁至35周岁；招聘人数：15；分数线：44.0；城市：宣城,安徽 绩溪县,https://www.xduim.com/zw/gafj,,
2025,公务员,2025安徽公安法检招录,绩溪县公安局,250802 绩溪县公安局,高中（中专）及以上,,,笔试+面试,,,招考批次：第一批；性别：男；年龄：18周岁至35周岁；招聘人数：41；分数线：40.0；城市：宣城,安徽 绩溪县,https://www.xduim.com/zw/gafj,,
2025,公务员,2025安徽公安法检招录,旌德县公安局,250901 旌德县公安局,大专及以上,,,笔试+面试,,,招考批次：第一批；性别：男；年龄：18周岁至30周岁；招聘人数：7；分数线：70.5；城市：宣城,安徽 旌德县,https://www.xduim.com/zw/gafj,,
2025,公务员,2025安徽公安法检招录,旌德县公安局,250902 旌德县公安局,大专及以上,,,笔试+面试,,,招考批次：第一批；性别：男；年龄：18周岁至30周岁；招聘人数：10；分数线：64.5；城市：宣城,安徽 旌德县,https://www.xduim.com/zw/gafj,,
2025,公务员,2025安徽公安法检招录,旌德县公安局,250903 旌德县公安局,大专及以上,,,笔试+面试,,,招考批次：第一批；性别：男；年龄：18周岁至30周岁；招聘人数：8；分数线：44.5；城市：宣城,安徽 旌德县,https://www.xduim.com/zw/gafj,,
2024,公务员,2024安徽公安法检招录,宁国市公安局,240602 宁国市公安局,高中（中专）及以上,,,笔试+面试,,,招考批次：第一批；性别：男；年龄：35周岁以下；招聘人数：22；城市：宣城,安徽 宁国市,https://www.xduim.com/zw/gafj,,
2024,公务员,2024安徽公安法检招录,泾县公安局,240701 泾县公安局,大专及以上,,,笔试+面试,,,招考批次：第一批；性别：男；年龄：30周岁以下；招聘人数：32；城市：宣城,安徽 泾县,https://www.xduim.com/zw/gafj,,
2024,公务员,2024安徽公安法检招录,泾县公安局,240702 泾县公安局,大专及以上,,,笔试+面试,,,招考批次：第一批；性别：男；年龄：30周岁以下；招聘人数：10；城市：宣城,安徽 泾县,https://www.xduim.com/zw/gafj,,
2024,公务员,2024安徽公安法检招录,绩溪县公安局,240801 绩溪县公安局,高中（中专）及以上,,,笔试+面试,,,招考批次：第一批；性别：男；年龄：35周岁以下；招聘人数：35；城市：宣城,安徽 绩溪县,https://www.xduim.com/zw/gafj,,
2024,公务员,2024安徽公安法检招录,绩溪县公安局,240802 绩溪县公安局,高中（中专）及以上,,,笔试+面试,,,招考批次：第一批；性别：男；年龄：35周岁以下；招聘人数：21；城市：宣城,安徽 绩溪县,https://www.xduim.com/zw/gafj,,
2024,公务员,2024安徽公安法检招录,旌德县公安局,240901 旌德县公安局,大专及以上,,,笔试+面试,,,招考批次：第一批；性别：男；年龄：30周岁以下；招聘人数：15；城市：宣城,安徽 旌德县,https://www.xduim.com/zw/gafj,,
2024,公务员,2024安徽公安法检招录,宿州市公安局 高新技术产业开发区分局,2024021 宿州市公安局 高新技术产业开发区分局,大专及以上,,,笔试+面试,,,招考批次：第一批；性别：男；年龄：30周岁以下；招聘人数：15；分数线：66.3；城市：宿州,安徽 高新区,https://www.xduim.com/zw/gafj,,
2024,公务员,2024安徽公安法检招录,宿州市公安局 高新技术产业开发区分局,2024022 宿州市公安局 高新技术产业开发区分局,大专及以上,,,笔试+面试,,,招考批次：第一批；性别：男；年龄：30周岁以下；招聘人数：2；分数线：68.8；城市：宿州,安徽 高新区,https://www.xduim.com/zw/gafj,,
2024,公务员,2024安徽公安法检招录,宿州市公安局 高新技术产业开发区分局,2024023 宿州市公安局 高新技术产业开发区分局,大专及以上,,,笔试+面试,,,招考批次：第一批；性别：女；年龄：30周岁以下；招聘人数：2；分数线：78.1；城市：宿州,安徽 高新区,https://www.xduim.com/zw/gafj,,
2024,公务员,2024安徽公安法检招录,宿州市公安局 高新技术产业开发区分局,2024024 宿州市公安局 高新技术产业开发区分局,大专及以上,,,笔试+面试,,,招考批次：第一批；性别：男；年龄：30周岁以下；招聘人数：1；分数线：68.1；城市：宿州,安徽 高新区,https://www.xduim.com/zw/gafj,,
2024,公务员,2024安徽公安法检招录,灵璧县公安局,2024025 灵璧县公安局,大专及以上,,,笔试+面试,,,招考批次：第一批；性别：男；年龄：35周岁以下；招聘人数：12；分数线：68.2；城市：宿州,安徽 灵璧县,https://www.xduim.com/zw/gafj,,
2024,公务员,2024安徽公安法检招录,灵璧县公安局,2024026 灵璧县公安局,大专及以上,,,笔试+面试,,,招考批次：第一批；性别：男；年龄：35周岁以下；招聘人数：12；分数线：68.1；城市：宿州,安徽 灵璧县,https://www.xduim.com/zw/gafj,,
2024,公务员,2024安徽公安法检招录,灵璧县公安局,2024027 灵璧县公安局,大专及以上,,,笔试+面试,,,招考批次：第一批；性别：男；年龄：35周岁以下；招聘人数：11；分数线：67.9；城市：宿州,安徽 灵璧县,https://www.xduim.com/zw/gafj,,
2024,公务员,2024安徽公安法检招录,灵璧县公安局,2024028 灵璧县公安局,大专及以上,,,笔试+面试,,,招考批次：第一批；性别：女；年龄：35周岁以下；招聘人数：8；分数线：71.8；城市：宿州,安徽 灵璧县,https://www.xduim.com/zw/gafj,,
2024,公务员,2024安徽公安法检招录,灵璧县公安局,2024029 灵璧县公安局,大专及以上,,,笔试+面试,,,招考批次：第一批；性别：男；年龄：35周岁以下；招聘人数：14；分数线：64.4；城市：宿州,安徽 灵璧县,https://www.xduim.com/zw/gafj,,
2024,公务员,2024安徽公安法检招录,灵璧县公安局,2024030 灵璧县公安局,大专及以上,,,笔试+面试,,,招考批次：第一批；性别：男；年龄：35周岁以下；招聘人数：14；分数线：63.6；城市：宿州,安徽 灵璧县,https://www.xduim.com/zw/gafj,,
2024,公务员,2024安徽公安法检招录,灵璧县公安局,2024031 灵璧县公安局,大专及以上,,,笔试+面试,,,招考批次：第一批；性别：女；年龄：35周岁以下；招聘人数：2；分数线：70.1；城市：宿州,安徽 灵璧县,https://www.xduim.com/zw/gafj,,
2024,公务员,2024安徽公安法检招录,灵璧县公安局,2024032 灵璧县公安局,大专及以上,,,笔试+面试,,,招考批次：第一批；性别：不限；年龄：35周岁以下；招聘人数：15；分数线：73.4；城市：宿州,安徽 灵璧县,https://www.xduim.com/zw/gafj,,
2024,公务员,2024安徽公安法检招录,灵璧县公安局,2024033 灵璧县公安局,大专及以上,,,笔试+面试,,,招考批次：第一批；性别：男；年龄：35周岁以下；招聘人数：12；分数线：66.7；城市：宿州,安徽 灵璧县,https://www.xduim.com/zw/gafj,,
2024,公务员,2024安徽公安法检招录,灵璧县公安局,2024034 灵璧县公安局,大专及以上,,,笔试+面试,,,招考批次：第一批；性别：男；年龄：35周岁以下；招聘人数：3；分数线：66.7；城市：宿州,安徽 灵璧县,https://www.xduim.com/zw/gafj,,
2024,公务员,2024安徽公安法检招录,灵璧县公安局,2024035 灵璧县公安局,大专及以上,,,笔试+面试,,,招考批次：第一批；性别：男；年龄：35周岁以下；招聘人数：4；分数线：69.6；城市：宿州,安徽 灵璧县,https://www.xduim.com/zw/gafj,,
2024,公务员,2024安徽公安法检招录,灵璧县公安局,2024036 灵璧县公安局,大专及以上,,,笔试+面试,,,招考批次：第一批；性别：不限；年龄：35周岁以下；招聘人数：1；分数线：65.6；城市：宿州,安徽 灵璧县,https://www.xduim.com/zw/gafj,,
2024,公务员,2024安徽公安法检招录,灵璧县公安局,2024037 灵璧县公安局,大专及以上,,,笔试+面试,,,招考批次：第一批；性别：不限；年龄：35周岁以下；招聘人数：3；分数线：70.2；城市：宿州,安徽 灵璧县,https://www.xduim.com/zw/gafj,,
2024,公务员,2024安徽公安法检招录,灵璧县公安局,2024038 灵璧县公安局,大专及以上,,,笔试+面试,,,招考批次：第一批；性别：男；年龄：35周岁以下；招聘人数：7；分数线：71.0；城市：宿州,安徽 灵璧县,https://www.xduim.com/zw/gafj,,
2024,公务员,2024安徽公安法检招录,泗县公安局,2024039 泗县公安局,大专及以上,,,笔试+面试,,,招考批次：第一批；性别：男；年龄：30周岁以下；招聘人数：11；分数线：69.3；城市：宿州,安徽 泗县,https://www.xduim.com/zw/gafj,,
2024,公务员,2024安徽公安法检招录,泗县公安局,2024040 泗县公安局,大专及以上,,,笔试+面试,,,招考批次：第一批；性别：男；年龄：30周岁以下；招聘人数：11；分数线：70.8；城市：宿州,安徽 泗县,https://www.xduim.com/zw/gafj,,
2024,公务员,2024安徽公安法检招录,市交警支队,2024021 市交警支队,大专及以上,,,笔试+面试,,,招考批次：第一批；性别：男；年龄：30周岁以下；招聘人数：2；分数线：70.0；城市：池州,安徽 池州市直,https://www.xduim.com/zw/gafj,,
2024,公务员,2024安徽公安法检招录,市交警支队,2024022 市交警支队,大专及以上,,,笔试+面试,,,招考批次：第一批；性别：男；年龄：30周岁以下；招聘人数：1；分数线：71.5；城市：池州,安徽 池州市直,https://www.xduim.com/zw/gafj,,
2024,公务员,2024安徽公安法检招录,市交警支队,2024023 市交警支队,大专及以上,,,笔试+面试,,,招考批次：第一批；性别：男；年龄：30周岁以下；招聘人数：5；分数线：64.5；城市：池州,安徽 池州市直,https://www.xduim.com/zw/gafj,,
2024,公务员,2024安徽公安法检招录,市交警支队,2024024 市交警支队,大专及以上,,,笔试+面试,,,招考批次：第一批；性别：男；年龄：30周岁以下；招聘人数：2；分数线：70.0；城市：池州,安徽 池州市直,https://www.xduim.com/zw/gafj,,
2024,公务员,2024安徽公安法检招录,市交警支队,2024025 市交警支队,大专及以上,,,笔试+面试,,,招考批次：第一批；性别：男；年龄：30周岁以下；招聘人数：2；分数线：76.0；城市：池州,安徽 池州市直,https://www.xduim.com/zw/gafj,,
2024,公务员,2024安徽公安法检招录,市交警支队,2024026 市交警支队,大专及以上,,,笔试+面试,,,招考批次：第一批；性别：男；年龄：30周岁以下；招聘人数：2；分数线：79.5；城市：池州,安徽 池州市直,https://www.xduim.com/zw/gafj,,
2024,公务员,2024安徽公安法检招录,市交警支队,2024027 市交警支队,大专及以上,,,笔试+面试,,,招考批次：第一批；性别：男；年龄：30周岁以下；招聘人数：2；分数线：79.5；城市：池州,安徽 池州市直,https://www.xduim.com/zw/gafj,,
2024,公务员,2024安徽公安法检招录,市交警支队,2024028 市交警支队,大专及以上,,,笔试+面试,,,招考批次：第一批；性别：女；年龄：30周岁以下；招聘人数：1；分数线：81.0；城市：池州,安徽 池州市直,https://www.xduim.com/zw/gafj,,
2024,公务员,2024安徽公安法检招录,市交警支队,2024029 市交警支队,大专及以上,,,笔试+面试,,,招考批次：第一批；性别：男；年龄：30周岁以下；招聘人数：2；分数线：64.5；城市：池州,安徽 池州市直,https://www.xduim.com/zw/gafj,,
2024,公务员,2024安徽公安法检招录,市交警支队,2024030 市交警支队,大专及以上,,,笔试+面试,,,招考批次：第一批；性别：男；年龄：30周岁以下；招聘人数：1；分数线：79.5；城市：池州,安徽 池州市直,https://www.xduim.com/zw/gafj,,
2024,公务员,2024安徽公安法检招录,开发区公安分局,2024031 开发区公安分局,大专及以上,,,笔试+面试,,,招考批次：第一批；性别：不限；年龄：35周岁以下；招聘人数：1；分数线：85.0；城市：池州,安徽 开发区,https://www.xduim.com/zw/gafj,,
2024,公务员,2024安徽公安法检招录,开发区公安分局,2024032 开发区公安分局,大专及以上,,,笔试+面试,,,招考批次：第一批；性别：男；年龄：30周岁以下；招聘人数：3；分数线：63.0；城市：池州,安徽 开发区,https://www.xduim.com/zw/gafj,,
2024,公务员,2024安徽公安法检招录,开发区公安分局,2024033 开发区公安分局,大专及以上,,,笔试+面试,,,招考批次：第一批；性别：男；年龄：30周岁以下；招聘人数：2；分数线：67.5；城市：池州,安徽 开发区,https://www.xduim.com/zw/gafj,,
2024,公务员,2024安徽公安法检招录,开发区公安分局,2024034 开发区公安分局,大专及以上,,,笔试+面试,,,招考批次：第一批；性别：男；年龄：30周岁以下；招聘人数：10；分数线：66.5；城市：池州,安徽 开发区,https://www.xduim.com/zw/gafj,,
2024,公务员,2024安徽公安法检招录,砀山县公安局,21 砀山县公安局,大专及以上,,,笔试+面试,,,招考批次：第二批；性别：女；年龄：30周岁以下；招聘人数：4；城市：宿州,安徽 砀山县,https://www.xduim.com/zw/gafj,,
2024,公务员,2024安徽公安法检招录,砀山县公安局,22 砀山县公安局,大专及以上,,,笔试+面试,,,招考批次：第二批；性别：男；年龄：30周岁以下；招聘人数：1；城市：宿州,安徽 砀山县,https://www.xduim.com/zw/gafj,,
2024,公务员,2024安徽公安法检招录,砀山县公安局,23 砀山县公安局,大专及以上,,,笔试+面试,,,招考批次：第二批；性别：男；年龄：30周岁以下；招聘人数：1；城市：宿州,安徽 砀山县,https://www.xduim.com/zw/gafj,,
2024,公务员,2024安徽公安法检招录,砀山县公安局,24 砀山县公安局,大专及以上,,,笔试+面试,,,招考批次：第二批；性别：男；年龄：30周岁以下；招聘人数：1；城市：宿州,安徽 砀山县,https://www.xduim.com/zw/gafj,,
2024,公务员,2024安徽公安法检招录,砀山县公安局,25 砀山县公安局,大专及以上,,,笔试+面试,,,招考批次：第二批；性别：男；年龄：30周岁以下；招聘人数：1；城市：宿州,安徽 砀山县,https://www.xduim.com/zw/gafj,,
2024,公务员,2024安徽公安法检招录,砀山县公安局,26 砀山县公安局,大专及以上,,,笔试+面试,,,招考批次：第二批；性别：男；年龄：30周岁以下；招聘人数：2；城市：宿州,安徽 砀山县,https://www.xduim.com/zw/gafj,,
2024,公务员,2024安徽公安法检招录,砀山县公安局,27 砀山县公安局,大专及以上,,,笔试+面试,,,招考批次：第二批；性别：男；年龄：30周岁以下；招聘人数：2；城市：宿州,安徽 砀山县,https://www.xduim.com/zw/gafj,,
2024,公务员,2024安徽公安法检招录,砀山县公安局,28 砀山县公安局,大专及以上,,,笔试+面试,,,招考批次：第二批；性别：女；年龄：30周岁以下；招聘人数：1；城市：宿州,安徽 砀山县,https://www.xduim.com/zw/gafj,,
2024,公务员,2024安徽公安法检招录,砀山县公安局,29 砀山县公安局,大专及以上,,,笔试+面试,,,招考批次：第二批；性别：男；年龄：30周岁以下；招聘人数：1；城市：宿州,安徽 砀山县,https://www.xduim.com/zw/gafj,,
2024,公务员,2024安徽公安法检招录,萧县公安局,30 萧县公安局,大专及以上,,,笔试+面试,,,招考批次：第二批；性别：男；年龄：35周岁以下；招聘人数：14；城市：宿州,安徽 萧县,https://www.xduim.com/zw/gafj,,
2024,公务员,2024安徽公安法检招录,萧县公安局,31 萧县公安局,大专及以上,,,笔试+面试,,,招考批次：第二批；性别：男；年龄：35周岁以下；招聘人数：14；城市：宿州,安徽 萧县,https://www.xduim.com/zw/gafj,,
2024,公务员,2024安徽公安法检招录,萧县公安局,32 萧县公安局,大专及以上,,,笔试+面试,,,招考批次：第二批；性别：女；年龄：35周岁以下；招聘人数：10；城市：宿州,安徽 萧县,https://www.xduim.com/zw/gafj,,
2024,公务员,2024安徽公安法检招录,萧县公安局,33 萧县公安局,大专及以上,,,笔试+面试,,,招考批次：第二批；性别：男；年龄：30周岁以下；招聘人数：2；城市：宿州,安徽 萧县,https://www.xduim.com/zw/gafj,,
2024,公务员,2024安徽公安法检招录,萧县公安局,34 萧县公安局,大专及以上,,,笔试+面试,,,招考批次：第二批；性别：男；年龄：30周岁以下；招聘人数：10；城市：宿州,安徽 萧县,https://www.xduim.com/zw/gafj,,
2024,公务员,2024安徽公安法检招录,市拘留所,2024021 市拘留所,大专及以上,,,笔试+面试,,,招考批次：第一批；性别：男；年龄：35周岁以下；招聘人数：3；分数线：52.48；城市：淮南,安徽 淮南市直,https://www.xduim.com/zw/gafj,,
2024,公务员,2024安徽公安法检招录,市拘留所,2024022 市拘留所,大专及以上,,,笔试+面试,,,招考批次：第一批；性别：女；年龄：30周岁以下；招聘人数：2；分数线：73.86；城市：淮南,安徽 淮南市直,https://www.xduim.com/zw/gafj,,
2024,公务员,2024安徽公安法检招录,市拘留所,2024023 市拘留所,高中（中专）及以上,,,笔试+面试,,,招考批次：第一批；性别：男；年龄：35周岁以下；招聘人数：2；分数线：48.7；城市：淮南,安徽 淮南市直,https://www.xduim.com/zw/gafj,,
2024,公务员,2024安徽公安法检招录,留置看护辅警 （市纪委监委）,2024024 留置看护辅警 （市纪委监委）,大专及以上,,,笔试+面试,,,招考批次：第一批；性别：女；年龄：35周岁以下；招聘人数：5；分数线：68.51；城市：淮南,安徽 淮南市直,https://www.xduim.com/zw/gafj,,
2024,公务员,2024安徽公安法检招录,留置看护辅警 （市纪委监委）,2024025 留置看护辅警 （市纪委监委）,高中（中专）及以上,,,笔试+面试,,,招考批次：第一批；性别：男；年龄：35周岁以下；招聘人数：3；分数线：51.72；城市：淮南,安徽 淮南市直,https://www.xduim.com/zw/gafj,,
2024,公务员,2024安徽公安法检招录,留置看护辅警 寿县纪委监委,2024026 留置看护辅警 寿县纪委监委,大专及以上,,,笔试+面试,,,招考批次：第一批；性别：男；年龄：35周岁以下；招聘人数：22；分数线：50.68；城市：淮南,安徽 淮南市直,https://www.xduim.com/zw/gafj,,
2024,公务员,2024安徽公安法检招录,留置看护辅警 凤台县纪委监委,2024027 留置看护辅警 凤台县纪委监委,大专及以上,,,笔试+面试,,,招考批次：第一批；性别：男；年龄：35周岁以下；招聘人数：30；分数线：44.03；城市：淮南,安徽 淮南市直,https://www.xduim.com/zw/gafj,,
2024,公务员,2024安徽公安法检招录,留置看护辅警 凤台县纪委监委,2024028 留置看护辅警 凤台县纪委监委,大专及以上,,,笔试+面试,,,招考批次：第一批；性别：女；年龄：35周岁以下；招聘人数：3；分数线：63.94；城市：淮南,安徽 淮南市直,https://www.xduim.com/zw/gafj,,
2024,公务员,2024安徽公安法检招录,凤阳县公安局,3021 凤阳县公安局,大专及以上,,,笔试+面试,,,招考批次：第一批；性别：男；年龄：30周岁以下；招聘人数：10；分数线：47.0；城市：滁州,安徽 凤阳县,https://www.xduim.com/zw/gafj,,
2024,公务员,2024安徽公安法检招录,凤阳县公安局,3022 凤阳县公安局,大专及以上,,,笔试+面试,,,招考批次：第一批；性别：女；年龄：30周岁以下；招聘人数：9；分数线：47.0；城市：滁州,安徽 凤阳县,https://www.xduim.com/zw/gafj,,
2024,公务员,2024安徽公安法检招录,明光市公安局,3023 明光市公安局,大专及以上,,,笔试+面试,,,招考批次：第一批；性别：男；年龄：35周岁以下；招聘人数：10；分数线：59.0；城市：滁州,安徽 明光市,https://www.xduim.com/zw/gafj,,
2024,公务员,2024安徽公安法检招录,弋江分局,岗位21 弋江分局,大专及以上,,,笔试+面试,,,招考批次：第一批；性别：男；年龄：30周岁以下；招聘人数：10；分数线：40.95；城市：芜湖,安徽 弋江区,https://www.xduim.com/zw/gafj,,
2024,公务员,2024安徽公安法检招录,弋江分局,岗位22 弋江分局,大专及以上,,,笔试+面试,,,招考批次：第一批；性别：男；年龄：30周岁以下；招聘人数：10；分数线：45.35；城市：芜湖,安徽 弋江区,https://www.xduim.com/zw/gafj,,
2024,公务员,2024安徽公安法检招录,弋江分局,岗位23 弋江分局,大专及以上,,,笔试+面试,,,招考批次：第一批；性别：不限；年龄：30周岁以下；招聘人数：2；分数线：49.3；城市：芜湖,安徽 弋江区,https://www.xduim.com/zw/gafj,,
2024,公务员,2024安徽公安法检招录,鸠江分局,岗位24 鸠江分局,大专及以上,,,笔试+面试,,,招考批次：第一批；性别：男；年龄：30周岁以下；招聘人数：10；分数线：40.4；城市：芜湖,安徽 鸠江区,https://www.xduim.com/zw/gafj,,
2024,公务员,2024安徽公安法检招录,鸠江分局,岗位25 鸠江分局,大专及以上,,,笔试+面试,,,招考批次：第一批；性别：男；年龄：30周岁以下；招聘人数：11；分数线：41.4；城市：芜湖,安徽 鸠江区,https://www.xduim.com/zw/gafj,,
2024,公务员,2024安徽公安法检招录,鸠江分局,岗位26 鸠江分局,大专及以上,,,笔试+面试,,,招考批次：第一批；性别：男；年龄：30周岁以下；招聘人数：6；分数线：43.6；城市：芜湖,安徽 鸠江区,https://www.xduim.com/zw/gafj,,
2024,公务员,2024安徽公安法检招录,鸠江分局,岗位27 鸠江分局,大专及以上,,,笔试+面试,,,招考批次：第一批；性别：不限；年龄：30周岁以下；招聘人数：2；分数线：48.65；城市：芜湖,安徽 鸠江区,https://www.xduim.com/zw/gafj,,
2024,公务员,2024安徽公安法检招录,三山经开区分局,岗位28 三山经开区分局,大专及以上,,,笔试+面试,,,招考批次：第一批；性别：男；年龄：30周岁以下；招聘人数：12；分数线：42.45；城市：芜湖,安徽 三山经开区,https://www.xduim.com/zw/gafj,,
2024,公务员,2024安徽公安法检招录,经开区分局,岗位29 经开区分局,大专及以上,,,笔试+面试,,,招考批次：第一批；性别：男；年龄：30周岁以下；招聘人数：7；分数线：44.0；城市：芜湖,安徽 经开区,https://www.xduim.com/zw/gafj,,
2024,公务员,2024安徽公安法检招录,经开区分局,岗位30 经开区分局,大专及以上,,,笔试+面试,,,招考批次：第一批；性别：男；年龄：30周岁以下；招聘人数：8；分数线：45.04；城市：芜湖,安徽 经开区,https://www.xduim.com/zw/gafj,,
2024,公务员,2024安徽公安法检招录,经开区分局,岗位31 经开区分局,大专及以上,,,笔试+面试,,,招考批次：第一批；性别：男；年龄：30周岁以下；招聘人数：3；分数线：47.3；城市：芜湖,安徽 经开区,https://www.xduim.com/zw/gafj,,
2024,公务员,2024安徽公安法检招录,经开区分局,岗位32 经开区分局,大专及以上,,,笔试+面试,,,招考批次：第一批；性别：男；年龄：30周岁以下；招聘人数：2；分数线：44.25；城市：芜湖,安徽 经开区,https://www.xduim.com/zw/gafj,,
2024,公务员,2024安徽公安法检招录,市局交警支队,岗位33 市局交警支队,大专及以上,,,笔试+面试,,,招考批次：第一批；性别：男；年龄：30周岁以下；招聘人数：9；分数线：40.93；城市：芜湖,安徽 芜湖市直,https://www.xduim.com/zw/gafj,,
2024,公务员,2024安徽公安法检招录,市局交警支队,岗位34 市局交警支队,大专及以上,,,笔试+面试,,,招考批次：第一批；性别：男；年龄：30周岁以下；招聘人数：9；分数线：42.27；城市：芜湖,安徽 芜湖市直,https://www.xduim.com/zw/gafj,,
2024,公务员,2024安徽公安法检招录,市局交警支队,岗位35 市局交警支队,大专及以上,,,笔试+面试,,,招考批次：第一批；性别：男；年龄：30周岁以下；招聘人数：10；分数线：44.04；城市：芜湖,安徽 芜湖市直,https://www.xduim.com/zw/gafj,,
2024,公务员,2024安徽公安法检招录,市局交警支队,岗位36 市局交警支队,大专及以上,,,笔试+面试,,,招考批次：第一批；性别：男；年龄：30周岁以下；招聘人数：10；分数线：42.6；城市：芜湖,安徽 芜湖市直,https://www.xduim.com/zw/gafj,,
2024,公务员,2024安徽公安法检招录,市局交警支队,岗位37 市局交警支队,大专及以上,,,笔试+面试,,,招考批次：第一批；性别：男；年龄：40周岁以下；招聘人数：2；分数线：44.8；城市：芜湖,安徽 芜湖市直,https://www.xduim.com/zw/gafj,,
2024,公务员,2024安徽公安法检招录,市局交警支队,岗位38 市局交警支队,大专及以上,,,笔试+面试,,,招考批次：第一批；性别：男；年龄：30周岁以下；招聘人数：2；分数线：45.2；城市：芜湖,安徽 芜湖市直,https://www.xduim.com/zw/gafj,,
2024,公务员,2024安徽公安法检招录,市局交警支队,岗位39 市局交警支队,大专及以上,,,笔试+面试,,,招考批次：第一批；性别：男；年龄：30周岁以下；招聘人数：5；分数线：47.1；城市：芜湖,安徽 芜湖市直,https://www.xduim.com/zw/gafj,,
2024,公务员,2024安徽公安法检招录,市局交警支队,岗位40 市局交警支队,大专及以上,,,笔试+面试,,,招考批次：第一批；性别：男；年龄：30周岁以下；招聘人数：1；分数线：46.4；城市：芜湖,安徽 芜湖市直,https://www.xduim.com/zw/gafj,,
2024,公务员,2024安徽公安法检招录,市局交警支队,岗位41 市局交警支队,本科及以上,,,笔试+面试,,,招考批次：第一批；性别：男；年龄：35周岁以下；招聘人数：1；分数线：50.0；城市：芜湖,安徽 芜湖市直,https://www.xduim.com/zw/gafj,,
2024,公务员,2024安徽公安法检招录,市局交警支队,岗位42 市局交警支队,本科及以上,,,笔试+面试,,,招考批次：第一批；性别：男；年龄：35周岁以下；招聘人数：1；分数线：48.67；城市：芜湖,安徽 芜湖市直,https://www.xduim.com/zw/gafj,,
2024,公务员,2024安徽公安法检招录,市局,岗位43 市局,大专及以上,,,笔试+面试,,,招考批次：第一批；性别：男；年龄：30周岁以下；招聘人数：8；分数线：43.92；城市：芜湖,安徽 芜湖市直,https://www.xduim.com/zw/gafj,,
2024,公务员,2024安徽公安法检招录,市局,岗位44 市局,大专及以上,,,笔试+面试,,,招考批次：第一批；性别：男；年龄：30周岁以下；招聘人数：9；分数线：41.15；城市：芜湖,安徽 芜湖市直,https://www.xduim.com/zw/gafj,,
2024,公务员,2024安徽公安法检招录,市局,岗位45 市局,大专及以上,,,笔试+面试,,,招考批次：第一批；性别：男；年龄：30周岁以下；招聘人数：9；分数线：43.94；城市：芜湖,安徽 芜湖市直,https://www.xduim.com/zw/gafj,,
2024,公务员,2024安徽公安法检招录,市局,岗位46 市局,大专及以上,,,笔试+面试,,,招考批次：第一批；性别：女；年龄：30周岁以下；招聘人数：3；分数线：51.25；城市：芜湖,安徽 芜湖市直,https://www.xduim.com/zw/gafj,,
2024,公务员,2024安徽公安法检招录,市局,岗位47 市局,大专及以上,,,笔试+面试,,,招考批次：第一批；性别：男；年龄：30周岁以下；招聘人数：5；分数线：44.25；城市：芜湖,安徽 芜湖市直,https://www.xduim.com/zw/gafj,,
2024,公务员,2024安徽公安法检招录,市局,岗位48 市局,大专及以上,,,笔试+面试,,,招考批次：第一批；性别：女；年龄：30周岁以下；招聘人数：2；分数线：51.0；城市：芜湖,安徽 芜湖市直,https://www.xduim.com/zw/gafj,,
2024,公务员,2024安徽公安法检招录,市局,岗位49 市局,大专及以上,,,笔试+面试,,,招考批次：第一批；性别：不限；年龄：30周岁以下；招聘人数：3；分数线：52.8；城市：芜湖,安徽 芜湖市直,https://www.xduim.com/zw/gafj,,
2024,公务员,2024安徽公安法检招录,市局,岗位50 市局,大专及以上,,,笔试+面试,,,招考批次：第一批；性别：男；年龄：30周岁以下；招聘人数：7；分数线：41.67；城市：芜湖,安徽 芜湖市直,https://www.xduim.com/zw/gafj,,
2024,公务员,2024安徽公安法检招录,市局,岗位51 市局,大专及以上,,,笔试+面试,,,招考批次：第一批；性别：男；年龄：30周岁以下；招聘人数：8；分数线：41.85；城市：芜湖,安徽 芜湖市直,https://www.xduim.com/zw/gafj,,
2024,公务员,2024安徽公安法检招录,市局,岗位52 市局,大专及以上,,,笔试+面试,,,招考批次：第一批；性别：男；年龄：30周岁以下；招聘人数：8；分数线：40.3；城市：芜湖,安徽 芜湖市直,https://www.xduim.com/zw/gafj,,
2024,公务员,2024安徽公安法检招录,市局,岗位53 市局,大专及以上,,,笔试+面试,,,招考批次：第一批；性别：男；年龄：30周岁以下；招聘人数：8；分数线：44.64；城市：芜湖,安徽 芜湖市直,https://www.xduim.com/zw/gafj,,
2024,公务员,2024安徽公安法检招录,市局,岗位54 市局,大专及以上,,,笔试+面试,,,招考批次：第一批；性别：男；年龄：30周岁以下；招聘人数：1；分数线：46.12；城市：芜湖,安徽 芜湖市直,https://www.xduim.com/zw/gafj,,
2024,公务员,2024安徽公安法检招录,市局,岗位55 市局,大专及以上,,,笔试+面试,,,招考批次：第一批；性别：男；年龄：30周岁以下；招聘人数：2；分数线：49.85；城市：芜湖,安徽 芜湖市直,https://www.xduim.com/zw/gafj,,
2024,公务员,2024安徽公安法检招录,市局,岗位56 市局,大专及以上,,,笔试+面试,,,招考批次：第一批；性别：不限；年龄：30周岁以下；招聘人数：10；分数线：49.25；城市：芜湖,安徽 芜湖市直,https://www.xduim.com/zw/gafj,,
2024,公务员,2024安徽公安法检招录,市局,岗位57 市局,大专及以上,,,笔试+面试,,,招考批次：第一批；性别：男；年龄：30周岁以下；招聘人数：1；分数线：43.4；城市：芜湖,安徽 芜湖市直,https://www.xduim.com/zw/gafj,,
2024,公务员,2024安徽公安法检招录,市局,岗位58 市局,大专及以上,,,笔试+面试,,,招考批次：第一批；性别：男；年龄：30周岁以下；招聘人数：3；分数线：47.92；城市：芜湖,安徽 芜湖市直,https://www.xduim.com/zw/gafj,,
2024,公务员,2024安徽公安法检招录,市局,岗位59 市局,大专及以上,,,笔试+面试,,,招考批次：第一批；性别：不限；年龄：30周岁以下；招聘人数：1；分数线：48.4；城市：芜湖,安徽 芜湖市直,https://www.xduim.com/zw/gafj,,
2024,公务员,2024安徽公安法检招录,市局,岗位60 市局,大专及以上,,,笔试+面试,,,招考批次：第一批；性别：男；年龄：30周岁以下；招聘人数：2；分数线：42.3；城市：芜湖,安徽 芜湖市直,https://www.xduim.com/zw/gafj,,
2024,公务员,2024安徽公安法检招录,市局,岗位61 市局,大专及以上,,,笔试+面试,,,招考批次：第一批；性别：男；年龄：30周岁以下；招聘人数：3；分数线：41.5；城市：芜湖,安徽 芜湖市直,https://www.xduim.com/zw/gafj,,
2024,公务员,2024安徽公安法检招录,市局,岗位62 市局,大专及以上,,,笔试+面试,,,招考批次：第一批；性别：男；年龄：30周岁以下；招聘人数：1；分数线：44.15；城市：芜湖,安徽 芜湖市直,https://www.xduim.com/zw/gafj,,
2024,公务员,2024安徽公安法检招录,市局,岗位63 市局,大专及以上,,,笔试+面试,,,招考批次：第一批；性别：男；年龄：30周岁以下；招聘人数：1；城市：芜湖,安徽 芜湖市直,https://www.xduim.com/zw/gafj,,
2024,公务员,2024安徽公安法检招录,市局,岗位64 市局,大专及以上,,,笔试+面试,,,招考批次：第一批；性别：不限；年龄：30周岁以下；招聘人数：1；分数线：48.25；城市：芜湖,安徽 芜湖市直,https://www.xduim.com/zw/gafj,,
2025,公务员,2025安徽公安法检招录,,岗位21,大专及以上,,,笔试+面试,,,招考批次：第一批；性别：男；年龄：18周岁以上30周岁以下；招聘人数：5；分数线：43.04；城市：芜湖,安徽 鸠江区,https://www.xduim.com/zw/gafj,,
2025,公务员,2025安徽公安法检招录,,岗位22,大专及以上,,,笔试+面试,,,招考批次：第一批；性别：男；年龄：18周岁以上30周岁以下；招聘人数：14；分数线：40.36；城市：芜湖,安徽 鸠江区,https://www.xduim.com/zw/gafj,,
2025,公务员,2025安徽公安法检招录,,岗位23,大专及以上,,,笔试+面试,,,招考批次：第一批；性别：男；年龄：18周岁以上30周岁以下；招聘人数：6；分数线：40.08；城市：芜湖,安徽 三山经开区,https://www.xduim.com/zw/gafj,,
2025,公务员,2025安徽公安法检招录,,岗位24,高中（中专）及以上,,,笔试+面试,,,招考批次：第一批；性别：男；年龄：18周岁以上35周岁以下；招聘人数：2；分数线：42.12；城市：芜湖,安徽 三山经开区,https://www.xduim.com/zw/gafj,,
2025,公务员,2025安徽公安法检招录,,岗位25,大专及以上,,,笔试+面试,,,招考批次：第一批；性别：男；年龄：18周岁以上30周岁以下；招聘人数：1；城市：芜湖,安徽 三山经开区,https://www.xduim.com/zw/gafj,,
2025,公务员,2025安徽公安法检招录,,岗位26,大专及以上,,,笔试+面试,,,招考批次：第一批；性别：男；年龄：18周岁以上30周岁以下；招聘人数：11；分数线：42.92；城市：芜湖,安徽 经开区,https://www.xduim.com/zw/gafj,,
2025,公务员,2025安徽公安法检招录,,岗位27,大专及以上,,,笔试+面试,,,招考批次：第一批；性别：男；年龄：18周岁以上30周岁以下；招聘人数：10；分数线：41.96；城市：芜湖,安徽 经开区,https://www.xduim.com/zw/gafj,,
2025,公务员,2025安徽公安法检招录,,岗位28,大专及以上,,,笔试+面试,,,招考批次：第一批；性别：男；年龄：18周岁以上30周岁以下；招聘人数：14；分数线：41.36；城市：芜湖,安徽 经开区,https://www.xduim.com/zw/gafj,,
2025,公务员,2025安徽公安法检招录,,岗位29,大专及以上,,,笔试+面试,,,招考批次：第一批；性别：女；年龄：18周岁以上30周岁以下；招聘人数：1；分数线：52.0；城市：芜湖,安徽 经开区,https://www.xduim.com/zw/gafj,,
2025,公务员,2025安徽公安法检招录,,岗位30,大专及以上,,,笔试+面试,,,招考批次：第一批；性别：男；年龄：18周岁以上30周岁以下；招聘人数：3；分数线：43.36；城市：芜湖,安徽 经开区,https://www.xduim.com/zw/gafj,,
2025,公务员,2025安徽公安法检招录,,岗位31,本科及以上,,,笔试+面试,,,招考批次：第一批；性别：不限；年龄：18周岁以上35周岁以下；招聘人数：2；分数线：51.48；城市：芜湖,安徽 经开区,https://www.xduim.com/zw/gafj,,
2025,公务员,2025安徽公安法检招录,,岗位32,大专及以上,,,笔试+面试,,,招考批次：第一批；性别：男；年龄：18周岁以上30周岁以下；招聘人数：1；分数线：45.76；城市：芜湖,安徽 经开区,https://www.xduim.com/zw/gafj,,
2025,公务员,2025安徽公安法检招录,,岗位33,大专及以上,,,笔试+面试,,,招考批次：第一批；性别：男；年龄：18周岁以上30周岁以下；招聘人数：10；分数线：40.6；城市：芜湖,安徽 芜湖市直,https://www.xduim.com/zw/gafj,,
2025,公务员,2025安徽公安法检招录,,岗位34,大专及以上,,,笔试+面试,,,招考批次：第一批；性别：男；年龄：18周岁以上30周岁以下；招聘人数：9；分数线：43.68；城市：芜湖,安徽 芜湖市直,https://www.xduim.com/zw/gafj,,
2025,公务员,2025安徽公安法检招录,,岗位35,高中（中专）及以上,,,笔试+面试,,,招考批次：第一批；性别：男；年龄：18周岁以上35周岁以下；招聘人数：2；分数线：44.4；城市：芜湖,安徽 芜湖市直,https://www.xduim.com/zw/gafj,,
2025,公务员,2025安徽公安法检招录,,岗位36,大专及以上,,,笔试+面试,,,招考批次：第一批；性别：男；年龄：18周岁以上40周岁以下；招聘人数：1；分数线：43.16；城市：芜湖,安徽 芜湖市直,https://www.xduim.com/zw/gafj,,
2025,公务员,2025安徽公安法检招录,,岗位37,本科及以上,,,笔试+面试,,,招考批次：第一批；性别：男；年龄：18周岁以上35周岁以下；招聘人数：2；分数线：42.72；城市：芜湖,安徽 芜湖市直,https://www.xduim.com/zw/gafj,,
2025,公务员,2025安徽公安法检招录,,岗位38,大专及以上,,,笔试+面试,,,招考批次：第一批；性别：男；年龄：18周岁以上30周岁以下；招聘人数：1；城市：芜湖,安徽 芜湖市直,https://www.xduim.com/zw/gafj,,
2025,公务员,2025安徽公安法检招录,,岗位39,大专及以上,,,笔试+面试,,,招考批次：第一批；性别：男；年龄：18周岁以上30周岁以下；招聘人数：10；分数线：40.32；城市：芜湖,安徽 芜湖市直,https://www.xduim.com/zw/gafj,,
2025,公务员,2025安徽公安法检招录,,岗位40,大专及以上,,,笔试+面试,,,招考批次：第一批；性别：女；年龄：18周岁以上30周岁以下；招聘人数：5；分数线：47.88；城市：芜湖,安徽 芜湖市直,https://www.xduim.com/zw/gafj,,
2025,公务员,2025安徽公安法检招录,,岗位61,大专及以上,,,笔试+面试,,,招考批次：第一批；性别：不限；年龄：18周岁以上30周岁以下；招聘人数：12；分数线：48.12；城市：芜湖,安徽 芜湖市直,https://www.xduim.com/zw/gafj,,
2025,公务员,2025安徽公安法检招录,,岗位41,大专及以上,,,笔试+面试,,,招考批次：第一批；性别：男；年龄：18周岁以上30周岁以下；招聘人数：3；分数线：45.32；城市：芜湖,安徽 芜湖市直,https://www.xduim.com/zw/gafj,,
2025,公务员,2025安徽公安法检招录,,岗位42,大专及以上,,,笔试+面试,,,招考批次：第一批；性别：男；年龄：18周岁以上30周岁以下；招聘人数：1；分数线：48.4；城市：芜湖,安徽 芜湖市直,https://www.xduim.com/zw/gafj,,
2025,公务员,2025安徽公安法检招录,,岗位43,本科及以上,,,笔试+面试,,,招考批次：第一批；性别：男；年龄：18周岁以上35周岁以下；招聘人数：2；分数线：45.84；城市：芜湖,安徽 芜湖市直,https://www.xduim.com/zw/gafj,,
2025,公务员,2025安徽公安法检招录,,岗位44,大专及以上,,,笔试+面试,,,招考批次：第一批；性别：男；年龄：18周岁以上30周岁以下；招聘人数：1；分数线：44.92；城市：芜湖,安徽 芜湖市直,https://www.xduim.com/zw/gafj,,
2025,公务员,2025安徽公安法检招录,,岗位45,大专及以上,,,笔试+面试,,,招考批次：第一批；性别：男；年龄：18周岁以上30周岁以下；招聘人数：5；分数线：41.44；城市：芜湖,安徽 芜湖市直,https://www.xduim.com/zw/gafj,,
2025,公务员,2025安徽公安法检招录,,岗位46,高中（中专）及以上,,,笔试+面试,,,招考批次：第一批；性别：男；年龄：18周岁以上35周岁以下；招聘人数：3；分数线：44.44；城市：芜湖,安徽 芜湖市直,https://www.xduim.com/zw/gafj,,
2025,公务员,2025安徽公安法检招录,,岗位47,大专及以上,,,笔试+面试,,,招考批次：第一批；性别：男；年龄：18周岁以上30周岁以下；招聘人数：4；分数线：46.4；城市：芜湖,安徽 芜湖市直,https://www.xduim.com/zw/gafj,,
2025,公务员,2025安徽公安法检招录,,岗位48,大专及以上,,,笔试+面试,,,招考批次：第一批；性别：不限；年龄：18周岁以上30周岁以下；招聘人数：1；分数线：48.48；城市：芜湖,安徽 芜湖市直,https://www.xduim.com/zw/gafj,,
2025,公务员,2025安徽公安法检招录,,岗位49,大专及以上,,,笔试+面试,,,招考批次：第一批；性别：男；年龄：18周岁以上30周岁以下；招聘人数：2；分数线：48.68；城市：芜湖,安徽 芜湖市直,https://www.xduim.com/zw/gafj,,
2025,公务员,2025安徽公安法检招录,,岗位50,本科及以上,,,笔试+面试,,,招考批次：第一批；性别：男；年龄：18周岁以上35周岁以下；招聘人数：1；分数线：45.6；城市：芜湖,安徽 芜湖市直,https://www.xduim.com/zw/gafj,,
2025,公务员,2025安徽公安法检招录,,岗位51,本科及以上,,,笔试+面试,,,招考批次：第一批；性别：男；年龄：18周岁以上35周岁以下；招聘人数：1；分数线：43.64；城市：芜湖,安徽 芜湖市直,https://www.xduim.com/zw/gafj,,
2025,公务员,2025安徽公安法检招录,,岗位52,大专及以上,,,笔试+面试,,,招考批次：第一批；性别：男；年龄：18周岁以上30周岁以下；招聘人数：10；分数线：43.56；城市：芜湖,安徽 芜湖市直,https://www.xduim.com/zw/gafj,,
2025,公务员,2025安徽公安法检招录,,岗位53,大专及以上,,,笔试+面试,,,招考批次：第一批；性别：男；年龄：18周岁以上30周岁以下；招聘人数：1；分数线：44.0；城市：芜湖,安徽 芜湖市直,https://www.xduim.com/zw/gafj,,
2025,公务员,2025安徽公安法检招录,,岗位54,本科及以上,,,笔试+面试,,,招考批次：第一批；性别：男；年龄：18周岁以上35周岁以下；招聘人数：1；分数线：42.52；城市：芜湖,安徽 芜湖市直,https://www.xduim.com/zw/gafj,,
2025,公务员,2025安徽公安法检招录,,岗位55,大专及以上,,,笔试+面试,,,招考批次：第一批；性别：男；年龄：18周岁以上30周岁以下；招聘人数：1；分数线：47.6；城市：芜湖,安徽 芜湖市直,https://www.xduim.com/zw/gafj,,
2025,公务员,2025安徽公安法检招录,,岗位56,本科及以上,,,笔试+面试,,,招考批次：第一批；性别：不限；年龄：18周岁以上35周岁以下；招聘人数：1；分数线：50.0；城市：芜湖,安徽 芜湖市直,https://www.xduim.com/zw/gafj,,
2025,公务员,2025安徽公安法检招录,,岗位57,大专及以上,,,笔试+面试,,,招考批次：第一批；性别：男；年龄：18周岁以上40周岁以下；招聘人数：3；分数线：44.16；城市：芜湖,安徽 芜湖市直,https://www.xduim.com/zw/gafj,,
2025,公务员,2025安徽公安法检招录,,岗位58,本科及以上,,,笔试+面试,,,招考批次：第一批；性别：男；年龄：18周岁以上35周岁以下；招聘人数：1；分数线：47.6；城市：芜湖,安徽 芜湖市直,https://www.xduim.com/zw/gafj,,
2025,公务员,2025安徽公安法检招录,,岗位59,大专及以上,,,笔试+面试,,,招考批次：第一批；性别：不限；年龄：18周岁以上30周岁以下；招聘人数：12；分数线：47.84；城市：芜湖,安徽 芜湖市直,https://www.xduim.com/zw/gafj,,
2025,公务员,2025安徽公安法检招录,,岗位60,大专及以上,,,笔试+面试,,,招考批次：第一批；性别：不限；年龄：18周岁以上30周岁以下；招聘人数：12；分数线：47.36；城市：芜湖,安徽 芜湖市直,https://www.xduim.com/zw/gafj,,
2024,公务员,2024安徽公安法检招录,芜湖市局,岗位21 芜湖市局,大专及以上,,,笔试+面试,,,招考批次：第二批；性别：男；年龄：18周岁至30周岁；招聘人数：2；城市：芜湖,安徽 芜湖市直,https://www.xduim.com/zw/gafj,,
2024,公务员,2024安徽公安法检招录,芜湖市局,岗位22 芜湖市局,大专及以上,,,笔试+面试,,,招考批次：第二批；性别：男；年龄：18周岁至30周岁；招聘人数：10；城市：芜湖,安徽 芜湖市直,https://www.xduim.com/zw/gafj,,
2024,公务员,2024安徽公安法检招录,芜湖市局,岗位23 芜湖市局,大专及以上,,,笔试+面试,,,招考批次：第二批；性别：男；年龄：18周岁至30周岁；招聘人数：10；城市：芜湖,安徽 芜湖市直,https://www.xduim.com/zw/gafj,,
2024,公务员,2024安徽公安法检招录,芜湖市局,岗位24 芜湖市局,大专及以上,,,笔试+面试,,,招考批次：第二批；性别：男；年龄：18周岁至30周岁；招聘人数：10；城市：芜湖,安徽 芜湖市直,https://www.xduim.com/zw/gafj,,
2024,公务员,2024安徽公安法检招录,芜湖市局,岗位25 芜湖市局,大专及以上,,,笔试+面试,,,招考批次：第二批；性别：男；年龄：18周岁至30周岁；招聘人数：10；城市：芜湖,安徽 芜湖市直,https://www.xduim.com/zw/gafj,,
2024,公务员,2024安徽公安法检招录,芜湖市局,岗位26 芜湖市局,大专及以上,,,笔试+面试,,,招考批次：第二批；性别：男；年龄：18周岁至30周岁；招聘人数：10；城市：芜湖,安徽 芜湖市直,https://www.xduim.com/zw/gafj,,
2024,公务员,2024安徽公安法检招录,芜湖市局,岗位27 芜湖市局,大专及以上,,,笔试+面试,,,招考批次：第二批；性别：男；年龄：18周岁至30周岁；招聘人数：10；城市：芜湖,安徽 芜湖市直,https://www.xduim.com/zw/gafj,,
2024,公务员,2024安徽公安法检招录,芜湖市局,岗位28 芜湖市局,大专及以上,,,笔试+面试,,,招考批次：第二批；性别：男；年龄：18周岁至30周岁；招聘人数：7；城市：芜湖,安徽 芜湖市直,https://www.xduim.com/zw/gafj,,
2024,公务员,2024安徽公安法检招录,芜湖市局,岗位29 芜湖市局,大专及以上,,,笔试+面试,,,招考批次：第二批；性别：女；年龄：18周岁至30周岁；招聘人数：10；城市：芜湖,安徽 芜湖市直,https://www.xduim.com/zw/gafj,,
2024,公务员,2024安徽公安法检招录,芜湖市局,岗位30 芜湖市局,大专及以上,,,笔试+面试,,,招考批次：第二批；性别：女；年龄：18周岁至30周岁；招聘人数：10；城市：芜湖,安徽 芜湖市直,https://www.xduim.com/zw/gafj,,
2024,公务员,2024安徽公安法检招录,芜湖市局,岗位31 芜湖市局,大专及以上,,,笔试+面试,,,招考批次：第二批；性别：男；年龄：18周岁至30周岁；招聘人数：7；城市：芜湖,安徽 芜湖市直,https://www.xduim.com/zw/gafj,,
2024,公务员,2024安徽公安法检招录,芜湖市局,岗位32 芜湖市局,大专及以上,,,笔试+面试,,,招考批次：第二批；性别：男；年龄：18周岁至40周岁；招聘人数：1；城市：芜湖,安徽 芜湖市直,https://www.xduim.com/zw/gafj,,
2024,公务员,2024安徽公安法检招录,芜湖市局,岗位33 芜湖市局,大专及以上,,,笔试+面试,,,招考批次：第二批；性别：男；年龄：18周岁至30周岁；招聘人数：1；城市：芜湖,安徽 芜湖市直,https://www.xduim.com/zw/gafj,,
2024,公务员,2024安徽公安法检招录,芜湖市局,岗位34 芜湖市局,大专及以上,,,笔试+面试,,,招考批次：第二批；性别：男；年龄：18周岁至30周岁；招聘人数：1；城市：芜湖,安徽 芜湖市直,https://www.xduim.com/zw/gafj,,
2024,公务员,2024安徽公安法检招录,芜湖市局,岗位35 芜湖市局,大专及以上,,,笔试+面试,,,招考批次：第二批；性别：男；年龄：18周岁至30周岁；招聘人数：1；城市：芜湖,安徽 芜湖市直,https://www.xduim.com/zw/gafj,,
2024,公务员,2024安徽公安法检招录,芜湖市局,岗位36 芜湖市局,大专及以上,,,笔试+面试,,,招考批次：第二批；性别：男；年龄：18周岁至30周岁；招聘人数：2；城市：芜湖,安徽 芜湖市直,https://www.xduim.com/zw/gafj,,
2024,公务员,2024安徽公安法检招录,芜湖市局,岗位37 芜湖市局,大专及以上,,,笔试+面试,,,招考批次：第二批；性别：男；年龄：18周岁至30周岁；招聘人数：2；城市：芜湖,安徽 芜湖市直,https://www.xduim.com/zw/gafj,,
2024,公务员,2024安徽公安法检招录,芜湖市局,岗位38 芜湖市局,大专及以上,,,笔试+面试,,,招考批次：第二批；性别：不限；年龄：18周岁至30周岁；招聘人数：2；城市：芜湖,安徽 芜湖市直,https://www.xduim.com/zw/gafj,,
2024,公务员,2024安徽公安法检招录,芜湖市局,岗位39 芜湖市局,本科及以上,,,笔试+面试,,,招考批次：第二批；性别：不限；年龄：18周岁至35周岁；招聘人数：1；城市：芜湖,安徽 芜湖市直,https://www.xduim.com/zw/gafj,,
2024,公务员,2024安徽公安法检招录,芜湖市局,岗位40 芜湖市局,本科及以上,,,笔试+面试,,,招考批次：第二批；性别：男；年龄：18周岁至35周岁；招聘人数：1；城市：芜湖,安徽 芜湖市直,https://www.xduim.com/zw/gafj,,
2024,公务员,2024安徽公安法检招录,芜湖市局,岗位41 芜湖市局,本科及以上,,,笔试+面试,,,招考批次：第二批；性别：男；年龄：18周岁至35周岁；招聘人数：1；城市：芜湖,安徽 芜湖市直,https://www.xduim.com/zw/gafj,,
2024,公务员,2024安徽公安法检招录,芜湖市局,岗位42 芜湖市局,大专及以上,,,笔试+面试,,,招考批次：第二批；性别：不限；年龄：18周岁至30周岁；招聘人数：2；城市：芜湖,安徽 芜湖市直,https://www.xduim.com/zw/gafj,,
2024,公务员,2024安徽公安法检招录,芜湖市局,岗位43 芜湖市局,大专及以上,,,笔试+面试,,,招考批次：第二批；性别：男；年龄：18周岁至30周岁；招聘人数：1；城市：芜湖,安徽 芜湖市直,https://www.xduim.com/zw/gafj,,
2024,公务员,2024安徽公安法检招录,芜湖市局,岗位44 芜湖市局,大专及以上,,,笔试+面试,,,招考批次：第二批；性别：男；年龄：18周岁至30周岁；招聘人数：1；城市：芜湖,安徽 芜湖市直,https://www.xduim.com/zw/gafj,,
2024,公务员,2024安徽公安法检招录,芜湖市局,岗位45 芜湖市局,大专及以上,,,笔试+面试,,,招考批次：第二批；性别：男；年龄：18周岁至30周岁；招聘人数：1；城市：芜湖,安徽 芜湖市直,https://www.xduim.com/zw/gafj,,
2024,公务员,2024安徽公安法检招录,芜湖市局,岗位46 芜湖市局,大专及以上,,,笔试+面试,,,招考批次：第二批；性别：不限；年龄：18周岁至30周岁；招聘人数：1；城市：芜湖,安徽 芜湖市直,https://www.xduim.com/zw/gafj,,
2024,公务员,2024安徽公安法检招录,芜湖市局,岗位47 芜湖市局,大专及以上,,,笔试+面试,,,招考批次：第二批；性别：男；年龄：18周岁至30周岁；招聘人数：3；城市：芜湖,安徽 芜湖市直,https://www.xduim.com/zw/gafj,,
2025,公务员,2025安徽公安法检招录,留置看护支队,25121 留置看护支队,大专及以上,,,笔试+面试,,,招考批次：第一批；性别：女；年龄：18周岁以上35周岁以下；招聘人数：3；城市：蚌埠,安徽 蚌埠市直,https://www.xduim.com/zw/gafj,,
2025,公务员,2025安徽公安法检招录,市局机关,25122 市局机关,大专及以上,,,笔试+面试,,,招考批次：第一批；性别：男；年龄：18周岁以上35周岁以下；招聘人数：6；城市：蚌埠,安徽 蚌埠市直,https://www.xduim.com/zw/gafj,,
2025,公务员,2025安徽公安法检招录,市局机关,25123 市局机关,大专及以上,,,笔试+面试,,,招考批次：第一批；性别：女；年龄：18周岁以上35周岁以下；招聘人数：4；城市：蚌埠,安徽 蚌埠市直,https://www.xduim.com/zw/gafj,,
2025,公务员,2025安徽公安法检招录,警务保障科,25124 警务保障科,大专及以上,,,笔试+面试,,,招考批次：第一批；性别：男；年龄：18周岁以上35周岁以下；招聘人数：2；城市：蚌埠,安徽 蚌埠市直,https://www.xduim.com/zw/gafj,,
2025,公务员,2025安徽公安法检招录,警务保障科,25125 警务保障科,大专及以上,,,笔试+面试,,,招考批次：第一批；性别：女；年龄：18周岁以上35周岁以下；招聘人数：1；城市：蚌埠,安徽 蚌埠市直,https://www.xduim.com/zw/gafj,,
2025,公务员,2025安徽公安法检招录,法制支队,25126 法制支队,大专及以上,,,笔试+面试,,,招考批次：第一批；性别：男；年龄：18周岁以上35周岁以下；招聘人数：2；城市：蚌埠,安徽 蚌埠市直,https://www.xduim.com/zw/gafj,,
2025,公务员,2025安徽公安法检招录,监所部门,25127 监所部门,大专及以上,,,笔试+面试,,,招考批次：第一批；性别：男；年龄：18周岁以上35周岁以下；招聘人数：5；城市：蚌埠,安徽 蚌埠市直,https://www.xduim.com/zw/gafj,,
2025,公务员,2025安徽公安法检招录,监所部门,25128 监所部门,大专及以上,,,笔试+面试,,,招考批次：第一批；性别：男；年龄：18周岁以上35周岁以下；招聘人数：1；城市：蚌埠,安徽 蚌埠市直,https://www.xduim.com/zw/gafj,,
2025,公务员,2025安徽公安法检招录,监所部门,25129 监所部门,大专及以上,,,笔试+面试,,,招考批次：第一批；性别：女；年龄：18周岁以上35周岁以下；招聘人数：1；城市：蚌埠,安徽 蚌埠市直,https://www.xduim.com/zw/gafj,,
2024,公务员,2024安徽公安法检招录,经开分局,24221 经开分局,大专及以上,,,笔试+面试,,,招考批次：第二批；性别：女；年龄：35周岁以下；招聘人数：2；分数线：78.2；城市：蚌埠,安徽 经开区,https://www.xduim.com/zw/gafj,,
2024,公务员,2024安徽公安法检招录,经开分局,24222 经开分局,大专及以上,,,笔试+面试,,,招考批次：第二批；性别：男；年龄：35周岁以下；招聘人数：5；分数线：60.0；城市：蚌埠,安徽 经开区,https://www.xduim.com/zw/gafj,,
2024,公务员,2024安徽公安法检招录,特警支队,24223 特警支队,大专及以上,,,笔试+面试,,,招考批次：第二批；性别：男；年龄：35周岁以下；招聘人数：14；分数线：51.2；城市：蚌埠,安徽 蚌埠市直,https://www.xduim.com/zw/gafj,,
2024,公务员,2024安徽公安法检招录,特警支队,24224 特警支队,大专及以上,,,笔试+面试,,,招考批次：第二批；性别：男；年龄：35周岁以下；招聘人数：4；分数线：68.4；城市：蚌埠,安徽 蚌埠市直,https://www.xduim.com/zw/gafj,,
2024,公务员,2024安徽公安法检招录,特警支队,24225 特警支队,大专及以上,,,笔试+面试,,,招考批次：第二批；性别：女；年龄：35周岁以下；招聘人数：12；分数线：78.0；城市：蚌埠,安徽 蚌埠市直,https://www.xduim.com/zw/gafj,,
2024,公务员,2024安徽公安法检招录,监管支队,24226 监管支队,大专及以上,,,笔试+面试,,,招考批次：第二批；性别：男；年龄：35周岁以下；招聘人数：3；分数线：54.6；城市：蚌埠,安徽 蚌埠市直,https://www.xduim.com/zw/gafj,,
2024,公务员,2024安徽公安法检招录,监管支队,24227 监管支队,大专及以上,,,笔试+面试,,,招考批次：第二批；性别：女；年龄：35周岁以下；招聘人数：1；分数线：65.4；城市：蚌埠,安徽 蚌埠市直,https://www.xduim.com/zw/gafj,,
2024,公务员,2024安徽公安法检招录,女子看守所,24228 女子看守所,大专及以上,,,笔试+面试,,,招考批次：第二批；性别：女；年龄：35周岁以下；招聘人数：2；分数线：73.4；城市：蚌埠,安徽 蚌埠市直,https://www.xduim.com/zw/gafj,,
2024,公务员,2024安徽公安法检招录,市看守所,24229 市看守所,大专及以上,,,笔试+面试,,,招考批次：第二批；性别：男；年龄：35周岁以下；招聘人数：11；分数线：47.0；城市：蚌埠,安徽 蚌埠市直,https://www.xduim.com/zw/gafj,,
2024,公务员,2024安徽公安法检招录,交警支队,24230 交警支队,大专及以上,,,笔试+面试,,,招考批次：第二批；性别：男；年龄：35周岁以下；招聘人数：17；分数线：55.6；城市：蚌埠,安徽 蚌埠市直,https://www.xduim.com/zw/gafj,,
2024,公务员,2024安徽公安法检招录,交警支队,24231 交警支队,大专及以上,,,笔试+面试,,,招考批次：第二批；性别：男；年龄：35周岁以下；招聘人数：5；分数线：66.2；城市：蚌埠,安徽 蚌埠市直,https://www.xduim.com/zw/gafj,,
2024,公务员,2024安徽公安法检招录,交警支队,24232 交警支队,大专及以上,,,笔试+面试,,,招考批次：第二批；性别：男；年龄：35周岁以下；招聘人数：9；分数线：38.2；城市：蚌埠,安徽 蚌埠市直,https://www.xduim.com/zw/gafj,,
2024,公务员,2024安徽公安法检招录,交通分局,24233 交通分局,大专及以上,,,笔试+面试,,,招考批次：第二批；性别：男；年龄：35周岁以下；招聘人数：5；分数线：54.4；城市：蚌埠,安徽 蚌埠市直,https://www.xduim.com/zw/gafj,,
2024,公务员,2024安徽公安法检招录,战训基地,24234 战训基地,大专及以上,,,笔试+面试,,,招考批次：第二批；性别：男；年龄：35周岁以下；招聘人数：2；分数线：67.2；城市：蚌埠,安徽 蚌埠市直,https://www.xduim.com/zw/gafj,,
