year,工作类型,考试/招聘类型,用人单位/系统,岗位示例,学历要求,本科生专业要求,研究生专业要求,考试/招聘形式,报名时间,笔试/考试时间,特殊要求,工作地点,信息来源,备注,专业要求（原始）
2026,事业单位,2026高校/科研院所人才引进（高校人才网）,北京大学国家发展研究院,北京大学国家发展研究院 博士后-开放宏观经济研究领域,博士研究生,,,网申+考核,,,招聘人数：若干；薪酬：30万/年；单位性质：公立（国有）,北京 北京-北京,/job/detail/2265167.html,年薪30万+｜北京大学国家发展研究院2026年招聘开放宏观经济研究领域全职博士后,
2026,事业单位,2026高校/科研院所人才引进（高校人才网）,辽宁对外经贸学院,辽宁对外经贸学院 会计学/财务管理/资产评估专任教师丨急招，硕士可报,硕士研究生,,,网申+考核,,,招聘人数：若干；待遇标签：安家费/科研启动费；薪酬：面议；单位性质：民营（私营）,大连 辽宁-大连,/job/detail/2282160.html,,
2026,事业单位,2026高校/科研院所人才引进（高校人才网）,中山大学材料学院杨纯臻课题组,中山大学材料学院杨纯臻课题组 科研博士后-能源材料同步辐射技术应用研究,博士研究生,,,网申+考核,,,招聘人数：若干；待遇标签：提供住房公寓；薪酬：面议；单位性质：公立（国有）,深圳 广东-深圳,/job/detail/2170353.html,年薪50W+，中山大学深圳校区材料学院2026年招聘能源材料同步辐射技术应用研究博士后,
2026,事业单位,2026高校/科研院所人才引进（高校人才网）,成都大学斯特灵学院,成都大学斯特灵学院 休闲体育专业教学助理,硕士研究生,,,网申+考核,,,招聘人数：若干；薪酬：面议；单位性质：公立（国有）,成都 四川-成都,/job/detail/2170445.html,成都大学斯特灵学院2026年休闲体育专业助教招聘公告,
2026,事业单位,2026高校/科研院所人才引进（高校人才网）,南方医科大学公共卫生学院,南方医科大学公共卫生学院 博士后-邹来泉教授团队,博士研究生,,,网申+考核,,,招聘人数：2；待遇标签：提供住房公寓/绩效奖金；薪酬：面议；单位性质：公立（国有）,广州 广东-广州,/job/detail/2184552.html,南方医科大学公共卫生学院邹来泉教授团队2026年博士后招聘公告,
2026,事业单位,2026高校/科研院所人才引进（高校人才网）,西湖大学,西湖大学 理论科学研究院-综合行政岗（信息化方向）,硕士研究生,,,网申+考核,,,招聘人数：若干；薪酬：面议,杭州 浙江-杭州,/job/detail/2281840.html,西湖大学理论科学研究院-综合行政岗（信息化方向）招聘公告,
2026,事业单位,2026高校/科研院所人才引进（高校人才网）,西湖大学,西湖大学 理论科学研究院-教务管理岗,硕士研究生,,,网申+考核,,,招聘人数：若干；薪酬：面议,杭州 浙江-杭州,/job/detail/2281839.html,西湖大学理论科学研究院-教务管理岗招聘公告,
2026,事业单位,2026高校/科研院所人才引进（高校人才网）,西湖大学,西湖大学 博士后-免疫学/抗体工程/生物化学方向,博士研究生,,,网申+考核,,,招聘人数：1；待遇标签：落户办理/生活补贴；薪酬：面议,杭州 浙江-杭州,/job/detail/2281784.html,西湖大学生命科学学院李晓弈实验室博士后招聘启事,
2026,事业单位,2026高校/科研院所人才引进（高校人才网）,江西省生态环境科学研究与规划院,江西省生态环境科学研究与规划院 科研岗,博士研究生,,,网申+考核,,,招聘人数：5；待遇标签：科研启动费；薪酬：面议；有编制；单位性质：公立（国有）,南昌 江西-南昌,/job/detail/2103319.html,江西省生态环境厅直属事业单位省生态环境科学研究与规划院2026年高层次人才招聘公告,
2026,事业单位,2026高校/科研院所人才引进（高校人才网）,西湖大学,西湖大学 博士后-基因编辑或高通量筛选（实验）方向,博士研究生,,,网申+考核,,,招聘人数：若干；待遇标签：落户办理/生活补贴；薪酬：面议,杭州 浙江-杭州,/job/detail/2281783.html,西湖大学生命科学学院李晓弈实验室博士后招聘启事,
2026,事业单位,2026高校/科研院所人才引进（高校人才网）,深圳湾实验室,深圳湾实验室 研究助理（含实习生）-杨卡课题组,本科,,,网申+考核,,,招聘人数：若干；待遇标签：五险一金/带薪年假；薪酬：面议；单位性质：公立（国有）,深圳 广东-深圳,/job/detail/2281821.html,深圳湾实验室化学生物学研究所【杨卡课题组】2026年招聘公告,
2026,事业单位,2026高校/科研院所人才引进（高校人才网）,深圳湾实验室,深圳湾实验室 博士后-杨卡课题组,博士研究生,,,网申+考核,,,招聘人数：若干；待遇标签：五险一金/餐饮补贴；薪酬：面议；单位性质：公立（国有）,深圳 广东-深圳,/job/detail/2281820.html,深圳湾实验室化学生物学研究所【杨卡课题组】2026年招聘公告,
2026,事业单位,2026高校/科研院所人才引进（高校人才网）,广东外语外贸大学南国商学院,广东外语外贸大学南国商学院 马克思主义学院专任教师,博士研究生,,,网申+考核,,,招聘人数：3；待遇标签：安家费/科研启动费；薪酬：面议；单位性质：民营（私营）,广州 广东-广州,/job/detail/1721286.html,广东外语外贸大学南国商学院马克思主义学院2026年招聘启事,
2026,事业单位,2026高校/科研院所人才引进（高校人才网）,南昌职业大学,南昌职业大学 博士研究生-会计,博士研究生,,,网申+考核,,,招聘人数：若干；待遇标签：安家费/科研启动费；薪酬：20-35万/年；单位性质：民营（私营）,南昌 江西-南昌,/job/detail/2281833.html,暑期专场｜南昌职业大学2026年人才招聘（博士 / 高级职称 / 青年教师）,
2026,事业单位,2026高校/科研院所人才引进（高校人才网）,南昌职业大学,南昌职业大学 博士研究生-电子商务,博士研究生,,,网申+考核,,,招聘人数：若干；待遇标签：安家费/科研启动费；薪酬：20-35万/年；单位性质：民营（私营）,南昌 江西-南昌,/job/detail/2281832.html,暑期专场｜南昌职业大学2026年人才招聘（博士 / 高级职称 / 青年教师）,
2026,事业单位,2026高校/科研院所人才引进（高校人才网）,南昌职业大学,南昌职业大学 博士研究生-全媒体电商运营,博士研究生,,,网申+考核,,,招聘人数：若干；待遇标签：安家费/科研启动费；薪酬：20-35万/年；单位性质：民营（私营）,南昌 江西-南昌,/job/detail/2281831.html,暑期专场｜南昌职业大学2026年人才招聘（博士 / 高级职称 / 青年教师）,
2026,事业单位,2026高校/科研院所人才引进（高校人才网）,福耀科技大学,福耀科技大学 教授-运载与智慧交通学院,博士研究生,,,网申+考核,,,招聘人数：若干；待遇标签：提供校内教师公寓租住/子女入园入学；薪酬：面议；单位性质：非盈利组织及其他,福州 福建-福州,/job/detail/2280037.html,福耀科技大学运载与智慧交通学院诚邀海内外英才加盟,
2026,事业单位,2026高校/科研院所人才引进（高校人才网）,南昌职业大学,南昌职业大学 博士研究生-物流管理,博士研究生,,,网申+考核,,,招聘人数：若干；待遇标签：安家费/科研启动费；薪酬：20-35万/年；单位性质：民营（私营）,南昌 江西-南昌,/job/detail/2281830.html,暑期专场｜南昌职业大学2026年人才招聘（博士 / 高级职称 / 青年教师）,
2026,事业单位,2026高校/科研院所人才引进（高校人才网）,南昌职业大学,南昌职业大学 高级职称人才-会计,硕士研究生,,,网申+考核,,,招聘人数：若干；待遇标签：包住/五险二金；薪酬：14-25万/年；单位性质：民营（私营）,南昌 江西-南昌,/job/detail/2281829.html,暑期专场｜南昌职业大学2026年人才招聘（博士 / 高级职称 / 青年教师）,
2026,事业单位,2026高校/科研院所人才引进（高校人才网）,南昌职业大学,南昌职业大学 高级职称人才-电子商务,硕士研究生,,,网申+考核,,,招聘人数：若干；待遇标签：包住/五险二金；薪酬：14-25万/年；单位性质：民营（私营）,南昌 江西-南昌,/job/detail/2281828.html,暑期专场｜南昌职业大学2026年人才招聘（博士 / 高级职称 / 青年教师）,
2026,事业单位,2026高校/科研院所人才引进（高校人才网）,武汉文理学院,武汉文理学院 人事处处长,硕士研究生,,,网申+考核,,,招聘人数：若干；待遇标签：五险一金/节日福利；薪酬：14-16万/年；单位性质：民营（私营）,武汉 湖北-武汉,/job/detail/1683414.html,武汉文理学院人事处处长招聘公告,
2026,事业单位,2026高校/科研院所人才引进（高校人才网）,南昌职业大学,南昌职业大学 高级职称人才-全媒体电商运营,硕士研究生,,,网申+考核,,,招聘人数：若干；待遇标签：包住/五险二金；薪酬：14-25万/年；单位性质：民营（私营）,南昌 江西-南昌,/job/detail/2281827.html,暑期专场｜南昌职业大学2026年人才招聘（博士 / 高级职称 / 青年教师）,
2026,事业单位,2026高校/科研院所人才引进（高校人才网）,南昌职业大学,南昌职业大学 高级职称人才-物流管理,硕士研究生,,,网申+考核,,,招聘人数：若干；待遇标签：包住/五险二金；薪酬：14-25万/年；单位性质：民营（私营）,南昌 江西-南昌,/job/detail/2281826.html,暑期专场｜南昌职业大学2026年人才招聘（博士 / 高级职称 / 青年教师）,
2026,事业单位,2026高校/科研院所人才引进（高校人才网）,南昌职业大学,南昌职业大学 青年硕士-会计,硕士研究生,,,网申+考核,,,招聘人数：若干；待遇标签：包住/五险二金；薪酬：8-10万/年；单位性质：民营（私营）,南昌 江西-南昌,/job/detail/2281825.html,暑期专场｜南昌职业大学2026年人才招聘（博士 / 高级职称 / 青年教师）,
2026,事业单位,2026高校/科研院所人才引进（高校人才网）,深圳市科技创新战略研究中心（深圳虚拟大学园管理服务中心）,深圳市科技创新战略研究中心（深圳虚拟大学园管理服务中心） 博士后-深圳未来能源技术预见研究,博士研究生,,,网申+考核,,,招聘人数：若干；待遇标签：五险一金/定期/免费体检；薪酬：36-38万/年；单位性质：公立（国有）,深圳 广东-深圳,/job/detail/2259320.html,深圳市科技创新战略研究中心2026年面向全国招聘3名博士后！,
2026,事业单位,2026高校/科研院所人才引进（高校人才网）,南昌职业大学,南昌职业大学 青年硕士-电子商务,硕士研究生,,,网申+考核,,,招聘人数：若干；待遇标签：包住/五险二金；薪酬：8-10万/年；单位性质：民营（私营）,南昌 江西-南昌,/job/detail/2281824.html,暑期专场｜南昌职业大学2026年人才招聘（博士 / 高级职称 / 青年教师）,
2026,事业单位,2026高校/科研院所人才引进（高校人才网）,南昌职业大学,南昌职业大学 青年硕士-全媒体电商运营,硕士研究生,,,网申+考核,,,招聘人数：若干；待遇标签：包住/五险二金；薪酬：8-10万/年；单位性质：民营（私营）,南昌 江西-南昌,/job/detail/2281823.html,暑期专场｜南昌职业大学2026年人才招聘（博士 / 高级职称 / 青年教师）,
2026,事业单位,2026高校/科研院所人才引进（高校人才网）,南昌职业大学,南昌职业大学 青年硕士-物流管理,硕士研究生,,,网申+考核,,,招聘人数：若干；待遇标签：包住/五险二金；薪酬：8-10万/年；单位性质：民营（私营）,南昌 江西-南昌,/job/detail/2281822.html,暑期专场｜南昌职业大学2026年人才招聘（博士 / 高级职称 / 青年教师）,
2026,事业单位,2026高校/科研院所人才引进（高校人才网）,泉州轻工职业学院,泉州轻工职业学院 电气自动化专业教师,本科,,,网申+考核,,,招聘人数：3；待遇标签：科研奖励/住房补贴；薪酬：面议；单位性质：民营（私营）,泉州 福建-泉州,/job/detail/2154029.html,泉州轻工职业学院2026年秋季招聘计划,
2026,事业单位,2026高校/科研院所人才引进（高校人才网）,广州东华职业学院,广州东华职业学院 副校长,本科,,,网申+考核,,,招聘人数：1；待遇标签：五险一金/节日福利；薪酬：面议；单位性质：民营（私营）,广州 广东-广州,/job/detail/2283003.html,广州东华职业学院2026年副校长招聘公告,
2026,事业单位,2026高校/科研院所人才引进（高校人才网）,广州东华职业学院,广州东华职业学院 银龄教师-医药健康学院,本科,,,网申+考核,,,招聘人数：若干；待遇标签：定期/免费体检/提供住房公寓；薪酬：面议；单位性质：民营（私营）,广州 广东-广州,/job/detail/2282219.html,广州东华职业学院2026年银龄教师招聘公告,
2026,事业单位,2026高校/科研院所人才引进（高校人才网）,广州东华职业学院,广州东华职业学院 银龄教师-管理与教育学院,本科,,,网申+考核,,,招聘人数：若干；待遇标签：定期/免费体检/提供住房公寓；薪酬：面议；单位性质：民营（私营）,广州 广东-广州,/job/detail/2282218.html,广州东华职业学院2026年银龄教师招聘公告,
2026,事业单位,2026高校/科研院所人才引进（高校人才网）,湖北第二师范学院-高校人才网直荐,湖北第二师范学院-高校人才网直荐 计算机与人工智能学院教学科研岗2,博士研究生,,,网申+考核,,,招聘人数：若干；薪酬：面议；有编制；单位性质：公立（国有）,武汉 湖北-武汉,/job/detail/2142019.html,事业编制：湖北第二师范学院2026年人才引进公告,
2026,事业单位,2026高校/科研院所人才引进（高校人才网）,广州东华职业学院,广州东华职业学院 银龄教师-数智经济学院,本科,,,网申+考核,,,招聘人数：若干；待遇标签：定期/免费体检/提供住房公寓；薪酬：面议；单位性质：民营（私营）,广州 广东-广州,/job/detail/2282217.html,广州东华职业学院2026年银龄教师招聘公告,
2026,事业单位,2026高校/科研院所人才引进（高校人才网）,广州东华职业学院,广州东华职业学院 银龄教师-建筑与设计学院,本科,,,网申+考核,,,招聘人数：若干；待遇标签：定期/免费体检/提供住房公寓；薪酬：面议；单位性质：民营（私营）,广州 广东-广州,/job/detail/2282216.html,广州东华职业学院2026年银龄教师招聘公告,
2026,事业单位,2026高校/科研院所人才引进（高校人才网）,广州东华职业学院,广州东华职业学院 银龄教师-智能机电学院,本科,,,网申+考核,,,招聘人数：若干；待遇标签：定期/免费体检/提供住房公寓；薪酬：面议；单位性质：民营（私营）,广州 广东-广州,/job/detail/2282215.html,广州东华职业学院2026年银龄教师招聘公告,
2026,事业单位,2026高校/科研院所人才引进（高校人才网）,大连科技学院,大连科技学院 马克思主义学院专任教师,硕士研究生,,,网申+考核,,,招聘人数：3；薪酬：面议；单位性质：民营（私营）,大连 辽宁-大连,/job/detail/2038435.html,大连科技学院马克思主义学院2026年招聘公告,
2026,事业单位,2026高校/科研院所人才引进（高校人才网）,广州东华职业学院,广州东华职业学院 银龄教师-人工智能学院,本科,,,网申+考核,,,招聘人数：若干；待遇标签：定期/免费体检/提供住房公寓；薪酬：面议；单位性质：民营（私营）,广州 广东-广州,/job/detail/2282214.html,广州东华职业学院2026年银龄教师招聘公告,
2026,事业单位,2026高校/科研院所人才引进（高校人才网）,衡阳理工职业学院,衡阳理工职业学院 招生就业校企合作处副处长,本科,,,网申+考核,,,招聘人数：1；薪酬：面议；单位性质：民营（私营）,衡阳 湖南-衡阳,/job/detail/2282165.html,衡阳理工职业学院2026年人才招聘公告（第二批）,
2026,事业单位,2026高校/科研院所人才引进（高校人才网）,衡阳理工职业学院,衡阳理工职业学院 招生就业校企合作处处长,本科,,,网申+考核,,,招聘人数：1；薪酬：面议；单位性质：民营（私营）,衡阳 湖南-衡阳,/job/detail/2282164.html,衡阳理工职业学院2026年人才招聘公告（第二批）,
2026,事业单位,2026高校/科研院所人才引进（高校人才网）,湖北第二师范学院-高校人才网直荐,湖北第二师范学院-高校人才网直荐 数学与统计学院教学科研岗2,博士研究生,,,网申+考核,,,招聘人数：若干；薪酬：面议；有编制；单位性质：公立（国有）,武汉 湖北-武汉,/job/detail/2142009.html,事业编制：湖北第二师范学院2026年人才引进公告,
2026,事业单位,2026高校/科研院所人才引进（高校人才网）,衡阳理工职业学院,衡阳理工职业学院 人事处主管,本科,,,网申+考核,,,招聘人数：1；薪酬：面议；单位性质：民营（私营）,衡阳 湖南-衡阳,/job/detail/2282163.html,衡阳理工职业学院2026年人才招聘公告（第二批）,
2026,事业单位,2026高校/科研院所人才引进（高校人才网）,衡阳理工职业学院,衡阳理工职业学院 党政办公室副主任,本科,,,网申+考核,,,招聘人数：1；薪酬：面议；单位性质：民营（私营）,衡阳 湖南-衡阳,/job/detail/2282162.html,衡阳理工职业学院2026年人才招聘公告（第二批）,
2026,事业单位,2026高校/科研院所人才引进（高校人才网）,合肥信息技术职业学院,合肥信息技术职业学院 综合人事岗,硕士研究生,,,网申+考核,,,招聘人数：1；待遇标签：五险一金/节日福利；薪酬：7-15万/年；单位性质：民营（私营）,合肥 安徽-合肥,/job/detail/2281771.html,合肥信息技术职业学院2026年人才招聘启事,
2026,事业单位,2026高校/科研院所人才引进（高校人才网）,合肥信息技术职业学院,合肥信息技术职业学院 团委工作人员,本科,,,网申+考核,,,招聘人数：1；待遇标签：五险一金/节日福利；薪酬：7-15万/年；单位性质：民营（私营）,合肥 安徽-合肥,/job/detail/2281770.html,合肥信息技术职业学院2026年人才招聘启事,
2026,事业单位,2026高校/科研院所人才引进（高校人才网）,合肥信息技术职业学院,合肥信息技术职业学院 学生处工作人员,本科,,,网申+考核,,,招聘人数：1；待遇标签：五险一金/餐饮补贴；薪酬：7-15万/年；单位性质：民营（私营）,合肥 安徽-合肥,/job/detail/2281769.html,合肥信息技术职业学院2026年人才招聘启事,
2026,事业单位,2026高校/科研院所人才引进（高校人才网）,合肥信息技术职业学院,合肥信息技术职业学院 招生专员,本科,,,网申+考核,,,招聘人数：2；待遇标签：五险一金/餐饮补贴；薪酬：7-15万/年；单位性质：民营（私营）,合肥 安徽-合肥,/job/detail/2281768.html,合肥信息技术职业学院2026年人才招聘启事,
2026,事业单位,2026高校/科研院所人才引进（高校人才网）,合肥信息技术职业学院,合肥信息技术职业学院 网络运维工程师,本科,,,网申+考核,,,招聘人数：1；待遇标签：五险一金/餐饮补贴；薪酬：7-15万/年；单位性质：民营（私营）,合肥 安徽-合肥,/job/detail/2281767.html,合肥信息技术职业学院2026年人才招聘启事,
2026,事业单位,2026高校/科研院所人才引进（高校人才网）,合肥信息技术职业学院,合肥信息技术职业学院 党委组织部工作人员,本科,,,网申+考核,,,招聘人数：1；待遇标签：五险一金/餐饮补贴；薪酬：7-15万/年；单位性质：民营（私营）,合肥 安徽-合肥,/job/detail/2281766.html,合肥信息技术职业学院2026年人才招聘启事,
2026,事业单位,2026高校/科研院所人才引进（高校人才网）,合肥信息技术职业学院,合肥信息技术职业学院 党委宣传部工作人员,本科,,,网申+考核,,,招聘人数：1；待遇标签：五险一金/餐饮补贴；薪酬：7-15万/年；单位性质：民营（私营）,合肥 安徽-合肥,/job/detail/2281765.html,合肥信息技术职业学院2026年人才招聘启事,
2026,事业单位,2026高校/科研院所人才引进（高校人才网）,合肥信息技术职业学院,合肥信息技术职业学院 党政办文秘,本科,,,网申+考核,,,招聘人数：1；待遇标签：五险一金/餐饮补贴；薪酬：7-15万/年；单位性质：民营（私营）,合肥 安徽-合肥,/job/detail/2281764.html,合肥信息技术职业学院2026年人才招聘启事,
2026,事业单位,2026高校/科研院所人才引进（高校人才网）,合肥信息技术职业学院,合肥信息技术职业学院 思政课教师,硕士研究生,,,网申+考核,,,招聘人数：2；待遇标签：五险一金/餐饮补贴；薪酬：7-15万/年；单位性质：民营（私营）,合肥 安徽-合肥,/job/detail/2281763.html,合肥信息技术职业学院2026年人才招聘启事,
2026,事业单位,2026高校/科研院所人才引进（高校人才网）,合肥信息技术职业学院,合肥信息技术职业学院 动画教师,本科,,,网申+考核,,,招聘人数：2；待遇标签：五险一金/节日福利；薪酬：7-15万/年；单位性质：民营（私营）,合肥 安徽-合肥,/job/detail/2281762.html,合肥信息技术职业学院2026年人才招聘启事,
2026,事业单位,2026高校/科研院所人才引进（高校人才网）,合肥信息技术职业学院,合肥信息技术职业学院 数字媒体教师,本科,,,网申+考核,,,招聘人数：2；待遇标签：五险一金/节日福利；薪酬：7-15万/年；单位性质：民营（私营）,合肥 安徽-合肥,/job/detail/2281761.html,合肥信息技术职业学院2026年人才招聘启事,
2026,事业单位,2026高校/科研院所人才引进（高校人才网）,合肥信息技术职业学院,合肥信息技术职业学院 软件技术专业教师,硕士研究生,,,网申+考核,,,招聘人数：1；待遇标签：五险一金/餐饮补贴；薪酬：7-15万/年；单位性质：民营（私营）,合肥 安徽-合肥,/job/detail/2281760.html,合肥信息技术职业学院2026年人才招聘启事,
2026,事业单位,2026高校/科研院所人才引进（高校人才网）,合肥信息技术职业学院,合肥信息技术职业学院 人工智能技术应用教师,硕士研究生,,,网申+考核,,,招聘人数：1；待遇标签：五险一金/餐饮补贴；薪酬：7-15万/年；单位性质：民营（私营）,合肥 安徽-合肥,/job/detail/2281759.html,合肥信息技术职业学院2026年人才招聘启事,
2026,事业单位,2026高校/科研院所人才引进（高校人才网）,合肥信息技术职业学院,合肥信息技术职业学院 信息安全技术应用教师,硕士研究生,,,网申+考核,,,招聘人数：1；待遇标签：五险一金/餐饮补贴；薪酬：7-15万/年；单位性质：民营（私营）,合肥 安徽-合肥,/job/detail/2281758.html,合肥信息技术职业学院2026年人才招聘启事,
2026,事业单位,2026高校/科研院所人才引进（高校人才网）,合肥信息技术职业学院,合肥信息技术职业学院 计算机应用技术教师,硕士研究生,,,网申+考核,,,招聘人数：1；待遇标签：五险一金/餐饮补贴；薪酬：7-15万/年；单位性质：民营（私营）,合肥 安徽-合肥,/job/detail/2281757.html,合肥信息技术职业学院2026年人才招聘启事,
2026,事业单位,2026高校/科研院所人才引进（高校人才网）,合肥信息技术职业学院,合肥信息技术职业学院 大数据技术教师,硕士研究生,,,网申+考核,,,招聘人数：1；待遇标签：五险一金/餐饮补贴；薪酬：7-15万/年；单位性质：民营（私营）,合肥 安徽-合肥,/job/detail/2281756.html,合肥信息技术职业学院2026年人才招聘启事,
2026,事业单位,2026高校/科研院所人才引进（高校人才网）,合肥信息技术职业学院,合肥信息技术职业学院 智能网联汽车技术教师,硕士研究生,,,网申+考核,,,招聘人数：1；待遇标签：五险一金/节日福利；薪酬：7-15万/年；单位性质：民营（私营）,合肥 安徽-合肥,/job/detail/2281755.html,合肥信息技术职业学院2026年人才招聘启事,
2026,事业单位,2026高校/科研院所人才引进（高校人才网）,合肥信息技术职业学院,合肥信息技术职业学院 物联网技术应用教师,硕士研究生,,,网申+考核,,,招聘人数：2；待遇标签：五险一金/节日福利；薪酬：7-15万/年；单位性质：民营（私营）,合肥 安徽-合肥,/job/detail/2281754.html,合肥信息技术职业学院2026年人才招聘启事,
2026,事业单位,2026高校/科研院所人才引进（高校人才网）,合肥信息技术职业学院,合肥信息技术职业学院 机电一体化技术教师,硕士研究生,,,网申+考核,,,招聘人数：2；待遇标签：五险一金/节日福利；薪酬：7-15万/年；单位性质：民营（私营）,合肥 安徽-合肥,/job/detail/2281753.html,合肥信息技术职业学院2026年人才招聘启事,
2026,事业单位,2026高校/科研院所人才引进（高校人才网）,邢台应用技术职业学院,邢台应用技术职业学院 团委副书记,本科,,,网申+考核,,,招聘人数：1；待遇标签：五险一金/节日福利；薪酬：面议；单位性质：民营（私营）,邢台 河北-邢台,/job/detail/2281751.html,邢台应用技术职业学院2026年招聘公告,
2026,事业单位,2026高校/科研院所人才引进（高校人才网）,北京清华前沿交叉创新研究院,北京清华前沿交叉创新研究院 全职研究系列人员,博士研究生,,,网申+考核,,,招聘人数：若干；薪酬：1.5-3万/月；单位性质：非盈利组织及其他,北京 北京-北京,/job/detail/2283077.html,北京清华前沿交叉创新研究院膜生物学全国重点实验室2026年全职研究系列人员招聘公告,
2026,事业单位,2026高校/科研院所人才引进（高校人才网）,河南省医学科学院眼科研究所,河南省医学科学院眼科研究所 博士后,博士研究生,,,网申+考核,,,招聘人数：10；薪酬：20-40万/年；单位性质：公立（国有）,郑州 河南-郑州,/job/detail/2281835.html,,
2026,事业单位,2026高校/科研院所人才引进（高校人才网）,ISA 爱莎国际学校,ISA 爱莎国际学校 日语老师,本科,,,网申+考核,,,招聘人数：若干；待遇标签：五险一金/节日福利；薪酬：15-50万/年；单位性质：中外合资（合营）,广州 广东-广州,/job/detail/2282048.html,爱莎国际教育集团及旗下学校2026年招聘公告,
2026,事业单位,2026高校/科研院所人才引进（高校人才网）,重庆资源与环境保护职业学院,重庆资源与环境保护职业学院 智能环保装备技术专任教师,本科,,,网申+考核,,,招聘人数：2；待遇标签：住房补贴/五险一金；薪酬：5-7千/月；单位性质：民营（私营）,重庆 重庆-重庆,/job/detail/2281772.html,重庆资源与环境保护职业学院2026年秋季招聘计划,
2026,事业单位,2026高校/科研院所人才引进（高校人才网）,深圳市前海创新研究院,深圳市前海创新研究院 研究助理+网站运维专员,本科,,,网申+考核,,,招聘人数：若干；薪酬：面议；单位性质：民营（私营）,深圳 广东-深圳,/job/detail/2281752.html,深圳市前海创新研究院2026年研究助理+运维专员招聘公告,
2026,事业单位,2026高校/科研院所人才引进（高校人才网）,甘肃交通职业技术学院,甘肃交通职业技术学院 教学科研岗-马克思主义学院,博士研究生,,,网申+考核,,,招聘人数：若干；待遇标签：社保；薪酬：6.7-8.5千/月；单位性质：公立（国有）,兰州 甘肃-兰州,/job/detail/2283472.html,甘肃交通职业技术学院2026年公开考核招聘编外工作人员公告（第二批）,
2026,事业单位,2026高校/科研院所人才引进（高校人才网）,甘肃交通职业技术学院,甘肃交通职业技术学院 教学科研岗-通识教育学院,博士研究生,,,网申+考核,,,招聘人数：若干；待遇标签：社保；薪酬：6.7-8.5千/月；单位性质：公立（国有）,兰州 甘肃-兰州,/job/detail/2283471.html,甘肃交通职业技术学院2026年公开考核招聘编外工作人员公告（第二批）,
2026,事业单位,2026高校/科研院所人才引进（高校人才网）,甘肃交通职业技术学院,甘肃交通职业技术学院 教学科研岗-现代服务学院,博士研究生,,,网申+考核,,,招聘人数：若干；待遇标签：社保；薪酬：6.7-8.5千/月；单位性质：公立（国有）,兰州 甘肃-兰州,/job/detail/2283470.html,甘肃交通职业技术学院2026年公开考核招聘编外工作人员公告（第二批）,
2026,事业单位,2026高校/科研院所人才引进（高校人才网）,甘肃交通职业技术学院,甘肃交通职业技术学院 教学科研岗-经济管理学院,博士研究生,,,网申+考核,,,招聘人数：若干；待遇标签：社保；薪酬：6.7-8.5千/月；单位性质：公立（国有）,兰州 甘肃-兰州,/job/detail/2283469.html,甘肃交通职业技术学院2026年公开考核招聘编外工作人员公告（第二批）,
2026,事业单位,2026高校/科研院所人才引进（高校人才网）,甘肃交通职业技术学院,甘肃交通职业技术学院 教学科研岗-人工智能学院,博士研究生,,,网申+考核,,,招聘人数：若干；待遇标签：社保；薪酬：6.7-8.5千/月；单位性质：公立（国有）,兰州 甘肃-兰州,/job/detail/2283468.html,甘肃交通职业技术学院2026年公开考核招聘编外工作人员公告（第二批）,
2026,事业单位,2026高校/科研院所人才引进（高校人才网）,甘肃交通职业技术学院,甘肃交通职业技术学院 教学科研岗-机电学院,博士研究生,,,网申+考核,,,招聘人数：若干；待遇标签：社保；薪酬：6.7-8.5千/月；单位性质：公立（国有）,兰州 甘肃-兰州,/job/detail/2283467.html,甘肃交通职业技术学院2026年公开考核招聘编外工作人员公告（第二批）,
2026,事业单位,2026高校/科研院所人才引进（高校人才网）,甘肃交通职业技术学院,甘肃交通职业技术学院 教学科研岗-汽车学院,博士研究生,,,网申+考核,,,招聘人数：若干；待遇标签：社保；薪酬：6.7-8.5千/月；单位性质：公立（国有）,兰州 甘肃-兰州,/job/detail/2283466.html,甘肃交通职业技术学院2026年公开考核招聘编外工作人员公告（第二批）,
2026,事业单位,2026高校/科研院所人才引进（高校人才网）,甘肃交通职业技术学院,甘肃交通职业技术学院 教学科研岗-轨道交通学院,博士研究生,,,网申+考核,,,招聘人数：若干；待遇标签：社保；薪酬：6.7-8.5千/月；单位性质：公立（国有）,兰州 甘肃-兰州,/job/detail/2283465.html,甘肃交通职业技术学院2026年公开考核招聘编外工作人员公告（第二批）,
2026,事业单位,2026高校/科研院所人才引进（高校人才网）,甘肃交通职业技术学院,甘肃交通职业技术学院 教学科研岗-低空经济学院,博士研究生,,,网申+考核,,,招聘人数：若干；待遇标签：社保；薪酬：6.7-8.5千/月；单位性质：公立（国有）,兰州 甘肃-兰州,/job/detail/2283464.html,甘肃交通职业技术学院2026年公开考核招聘编外工作人员公告（第二批）,
2026,事业单位,2026高校/科研院所人才引进（高校人才网）,甘肃交通职业技术学院,甘肃交通职业技术学院 教学科研岗-公路学院,博士研究生,,,网申+考核,,,招聘人数：若干；待遇标签：社保；薪酬：6.7-8.5千/月；单位性质：公立（国有）,兰州 甘肃-兰州,/job/detail/2283463.html,甘肃交通职业技术学院2026年公开考核招聘编外工作人员公告（第二批）,
2026,事业单位,2026高校/科研院所人才引进（高校人才网）,大连工程学院,大连工程学院 信息管理与信息系统专任教师,硕士研究生,,,网申+考核,,,招聘人数：2；待遇标签：五险一金/节日福利；薪酬：面议；单位性质：民营（私营）,大连 辽宁-大连,/job/detail/2281785.html,大连工程学院2026年招聘启事,
2026,事业单位,2026高校/科研院所人才引进（高校人才网）,海南医科大学（海南省医学科学院）博管办,海南医科大学（海南省医学科学院）博管办 实验室技术员/科研助理-陶谦课题组,硕士研究生,,,网申+考核,,,招聘人数：若干；待遇标签：五险一金；薪酬：面议；单位性质：公立（国有）,海口 海南-海口,/job/detail/2281838.html,海南省医学科学院陶谦课题组2026年招聘启事,
2026,事业单位,2026高校/科研院所人才引进（高校人才网）,海南医科大学（海南省医学科学院）博管办,海南医科大学（海南省医学科学院）博管办 博士后-陶谦课题组,博士研究生,,,网申+考核,,,招聘人数：若干；待遇标签：科研奖励/五险一金；薪酬：30万/年；单位性质：公立（国有）,海口 海南-海口,/job/detail/2281837.html,海南省医学科学院陶谦课题组2026年招聘启事,
2026,事业单位,2026高校/科研院所人才引进（高校人才网）,海南医科大学（海南省医学科学院）博管办,海南医科大学（海南省医学科学院）博管办 青年人才（D/E类）-陶谦课题组,博士研究生,,,网申+考核,,,招聘人数：若干；待遇标签：安家费/科研启动费；薪酬：25-60万/年；单位性质：公立（国有）,海口 海南-海口,/job/detail/2281836.html,海南省医学科学院陶谦课题组2026年招聘启事,
2026,事业单位,2026高校/科研院所人才引进（高校人才网）,深圳医学科学院,深圳医学科学院 访问学生-孙大晓课题组,本科,,,网申+考核,,,招聘人数：2；待遇标签：生活补助；薪酬：面议；单位性质：公立（国有）,深圳 广东-深圳,/job/detail/2122861.html,深圳医学科学院孙大晓课题组2026年招聘公告,
2026,事业单位,2026高校/科研院所人才引进（高校人才网）,深圳医学科学院,深圳医学科学院 科研助理-孙大晓课题组,本科,,,网申+考核,,,招聘人数：2；待遇标签：带薪年假/定期/免费体检；薪酬：面议；单位性质：公立（国有）,深圳 广东-深圳,/job/detail/2122860.html,深圳医学科学院孙大晓课题组2026年招聘公告,
2026,事业单位,2026高校/科研院所人才引进（高校人才网）,深圳医学科学院,深圳医学科学院 博士后-孙大晓课题组,博士研究生,,,网申+考核,,,招聘人数：若干；待遇标签：带薪年假/定期/免费体检；薪酬：面议；单位性质：公立（国有）,深圳 广东-深圳,/job/detail/2122859.html,深圳医学科学院孙大晓课题组2026年招聘公告,
2026,事业单位,2026高校/科研院所人才引进（高校人才网）,深圳医学科学院,深圳医学科学院 助理研究员/副研究员-孙大晓课题组,博士研究生,,,网申+考核,,,招聘人数：2；待遇标签：带薪年假/定期/免费体检；薪酬：面议；单位性质：公立（国有）,深圳 广东-深圳,/job/detail/2122858.html,深圳医学科学院孙大晓课题组2026年招聘公告,
2026,事业单位,2026高校/科研院所人才引进（高校人才网）,深圳医学科学院,深圳医学科学院 访问学生-感染免疫课题组,本科,,,网申+考核,,,招聘人数：若干；待遇标签：带薪年假/定期/免费体检；薪酬：面议；单位性质：公立（国有）,深圳 广东-深圳,/job/detail/2122857.html,深圳医学科学院感染免疫课题组2026年招聘公告,
2026,事业单位,2026高校/科研院所人才引进（高校人才网）,深圳医学科学院,深圳医学科学院 科研助理（生物信息学方向）,本科,,,网申+考核,,,招聘人数：若干；待遇标签：带薪年假/定期/免费体检；薪酬：面议；单位性质：公立（国有）,深圳 广东-深圳,/job/detail/2122856.html,深圳医学科学院感染免疫课题组2026年招聘公告,
2026,事业单位,2026高校/科研院所人才引进（高校人才网）,深圳医学科学院,深圳医学科学院 博士后-感染免疫课题组,博士研究生,,,网申+考核,,,招聘人数：若干；待遇标签：带薪年假/定期/免费体检；薪酬：面议；单位性质：公立（国有）,深圳 广东-深圳,/job/detail/2122855.html,深圳医学科学院感染免疫课题组2026年招聘公告,
2026,事业单位,2026高校/科研院所人才引进（高校人才网）,中国科学技术大学苏州高等研究院,中国科学技术大学苏州高等研究院 科研助理-张振课题组,硕士研究生,,,网申+考核,,,招聘人数：若干；薪酬：面议；单位性质：公立（国有）,苏州 江苏-苏州,/job/detail/2007954.html,中国科学技术大学仿生界面材料科学全国重点实验室张振课题组2026年诚聘博士后/科研助理,
2026,事业单位,2026高校/科研院所人才引进（高校人才网）,中国科学技术大学苏州高等研究院,中国科学技术大学苏州高等研究院 博士后-张振课题组,博士研究生,,,网申+考核,,,招聘人数：若干；薪酬：32万/年；单位性质：公立（国有）,苏州 江苏-苏州,/job/detail/2007953.html,中国科学技术大学仿生界面材料科学全国重点实验室张振课题组2026年诚聘博士后/科研助理,
2026,事业单位,2026高校/科研院所人才引进（高校人才网）,中国科学技术大学苏州高等研究院,中国科学技术大学苏州高等研究院 博士后-电化学/合成生物学,博士研究生,,,网申+考核,,,招聘人数：若干；薪酬：32万/年；单位性质：公立（国有）,苏州 江苏-苏州,/job/detail/1503632.html,中国科学技术大学苏州高等研究院苏育德课题组2026年诚聘电化学/合成生物学特任副研究员/博士后,
2026,事业单位,2026高校/科研院所人才引进（高校人才网）,中国科学技术大学苏州高等研究院,中国科学技术大学苏州高等研究院 特任副研究员-电化学/合成生物学,博士研究生,,,网申+考核,,,招聘人数：若干；待遇标签：科研资金；薪酬：41万/年；单位性质：公立（国有）,苏州 江苏-苏州,/job/detail/1503631.html,中国科学技术大学苏州高等研究院苏育德课题组2026年诚聘电化学/合成生物学特任副研究员/博士后,
2026,事业单位,2026高校/科研院所人才引进（高校人才网）,福耀科技大学,福耀科技大学 科研工程师,硕士研究生,,,网申+考核,,,招聘人数：3；待遇标签：提供校内教师公寓租住；薪酬：面议；单位性质：非盈利组织及其他,福州 福建-福州,/job/detail/2208986.html,福耀科技大学智造与未来技术学院科研工程师招聘公告,
2026,事业单位,2026高校/科研院所人才引进（高校人才网）,福耀科技大学,福耀科技大学 教学科研岗-文理学院,博士研究生,,,网申+考核,,,招聘人数：若干；待遇标签：提供住房公寓/子女入学安排；薪酬：面议；单位性质：非盈利组织及其他,福州 福建-福州,/job/detail/1667856.html,福耀科技大学教师招聘公告,
2026,事业单位,2026高校/科研院所人才引进（高校人才网）,福耀科技大学,福耀科技大学 教学科研岗-数字经济与管理学院,博士研究生,,,网申+考核,,,招聘人数：若干；待遇标签：提供住房公寓/子女入学安排；薪酬：面议；单位性质：非盈利组织及其他,福州 福建-福州,/job/detail/1667855.html,福耀科技大学教师招聘公告,
2026,事业单位,2026高校/科研院所人才引进（高校人才网）,福耀科技大学,福耀科技大学 教学科研岗-生命与健康科学学院,博士研究生,,,网申+考核,,,招聘人数：若干；待遇标签：提供住房公寓/子女入学安排；薪酬：面议；单位性质：非盈利组织及其他,福州 福建-福州,/job/detail/1667854.html,福耀科技大学教师招聘公告,
2026,事业单位,2026高校/科研院所人才引进（高校人才网）,福耀科技大学,福耀科技大学 教学科研岗-新材料与新能源学院,博士研究生,,,网申+考核,,,招聘人数：若干；待遇标签：提供住房公寓/子女入学安排；薪酬：面议；单位性质：非盈利组织及其他,福州 福建-福州,/job/detail/1667853.html,福耀科技大学教师招聘公告,
2026,事业单位,2026高校/科研院所人才引进（高校人才网）,福耀科技大学,福耀科技大学 教学科研岗-运载与智慧交通学院,博士研究生,,,网申+考核,,,招聘人数：若干；待遇标签：提供住房公寓/子女入学安排；薪酬：面议；单位性质：非盈利组织及其他,福州 福建-福州,/job/detail/1667852.html,福耀科技大学教师招聘公告,
2026,事业单位,2026高校/科研院所人才引进（高校人才网）,福耀科技大学,福耀科技大学 教学科研岗-智造与未来技术学院,博士研究生,,,网申+考核,,,招聘人数：若干；待遇标签：提供住房公寓/子女入学安排；薪酬：面议；单位性质：非盈利组织及其他,福州 福建-福州,/job/detail/1667851.html,福耀科技大学教师招聘公告,
2026,事业单位,2026高校/科研院所人才引进（高校人才网）,福耀科技大学,福耀科技大学 教学科研岗-计算与人工智能学院,博士研究生,,,网申+考核,,,招聘人数：若干；待遇标签：提供住房公寓/子女入学安排；薪酬：面议；单位性质：非盈利组织及其他,福州 福建-福州,/job/detail/1667850.html,福耀科技大学教师招聘公告,
2026,事业单位,2026高校/科研院所人才引进（高校人才网）,大湾区大学,大湾区大学 博士后-无线感知、大规模随机接入、无人机反制方向,博士研究生,,,网申+考核,,,招聘人数：2；待遇标签：五险一金/带薪年假；薪酬：面议；单位性质：公立（国有）,东莞 广东-东莞,/job/detail/2175124.html,低空感知和通信方向|大湾区大学信息科学技术学院王兆瑞课题组与清华大学深圳国际研究生院刘振宇教授2026年联合招收博士后公告,
2026,事业单位,2026高校/科研院所人才引进（高校人才网）,大湾区大学,大湾区大学 开发工程师,本科,,,网申+考核,,,招聘人数：1；待遇标签：五险一金；薪酬：面议；单位性质：公立（国有）,东莞 广东-东莞,/job/detail/2089825.html,大湾区大学东莞市大湾区高等研究院智能计算中心2026年开发工程师招聘公告,
2026,事业单位,2026高校/科研院所人才引进（高校人才网）,上海外国语大学贤达经济人文学院,上海外国语大学贤达经济人文学院 辅导员,硕士研究生,,,网申+考核,,,招聘人数：1；待遇标签：节日福利/定期/免费体检；薪酬：面议；单位性质：民营（私营）,上海 上海-上海,/job/detail/2280008.html,上海外国语大学贤达经济人文学院学生服务管理中心2026年招聘辅导员,
2026,事业单位,2026高校/科研院所人才引进（高校人才网）,华东交通大学,华东交通大学 博士,博士研究生,,,网申+考核,,,招聘人数：若干；待遇标签：科研启动费；薪酬：面议；有编制；单位性质：公立（国有）,南昌 江西-南昌,/job/detail/2046935.html,华东交通大学2026年海外高层次人才招聘公告,
2026,事业单位,2026高校/科研院所人才引进（高校人才网）,华东交通大学,华东交通大学 高层次人才,博士研究生,,,网申+考核,,,招聘人数：若干；待遇标签：科研启动费；薪酬：面议；有编制；单位性质：公立（国有）,南昌 江西-南昌,/job/detail/2046934.html,华东交通大学2026年海外高层次人才招聘公告,
2026,事业单位,2026高校/科研院所人才引进（高校人才网）,华东交通大学,华东交通大学 博士后,博士研究生,,,网申+考核,,,招聘人数：若干；待遇标签：科研启动费；薪酬：面议；单位性质：公立（国有）,南昌 江西-南昌,/job/detail/2038876.html,华东交通大学2026年海外高层次人才招聘公告,
2026,事业单位,2026高校/科研院所人才引进（高校人才网）,海南医科大学（海南医学科学院）衰老与肿瘤国际研究中心,海南医科大学（海南医学科学院）衰老与肿瘤国际研究中心 科研助理（荆耀彬课题组）,硕士研究生,,,网申+考核,,,招聘人数：若干；薪酬：面议；单位性质：公立（国有）,海口 海南-海口,/job/detail/2222338.html,海南医科大学（海南医学科学院）衰老与肿瘤国际研究中心荆耀彬课题组2026年科研助理招聘公告,
2026,事业单位,2026高校/科研院所人才引进（高校人才网）,西华大学,西华大学 计算机科学与技术(0812)博士人才-汽车与交通学院,博士研究生,,,网申+考核,,,招聘人数：若干；薪酬：面议；单位性质：公立（国有）,成都 四川-成都,/job/detail/2211720.html,西华大学汽车与交通学院2026年博士招聘公告,
2026,事业单位,2026高校/科研院所人才引进（高校人才网）,西华大学,西华大学 控制科学与工程(0811)博士人才-汽车与交通学院,博士研究生,,,网申+考核,,,招聘人数：若干；薪酬：面议；单位性质：公立（国有）,成都 四川-成都,/job/detail/2211719.html,西华大学汽车与交通学院2026年博士招聘公告,
2026,事业单位,2026高校/科研院所人才引进（高校人才网）,西华大学,西华大学 信息与通信工程(0810)博士人才-汽车与交通学院,博士研究生,,,网申+考核,,,招聘人数：若干；薪酬：面议；单位性质：公立（国有）,成都 四川-成都,/job/detail/2211718.html,西华大学汽车与交通学院2026年博士招聘公告,
2026,事业单位,2026高校/科研院所人才引进（高校人才网）,西华大学,西华大学 电子科学与技术(0809)博士人才-汽车与交通学院,博士研究生,,,网申+考核,,,招聘人数：若干；薪酬：面议；单位性质：公立（国有）,成都 四川-成都,/job/detail/2211717.html,西华大学汽车与交通学院2026年博士招聘公告,
2026,事业单位,2026高校/科研院所人才引进（高校人才网）,西华大学,西华大学 交通运输工程(0823)、交通运输(0861)博士人才-汽车与交通学院,博士研究生,,,网申+考核,,,招聘人数：若干；薪酬：面议；单位性质：公立（国有）,成都 四川-成都,/job/detail/2211716.html,西华大学汽车与交通学院2026年博士招聘公告,
2026,事业单位,2026高校/科研院所人才引进（高校人才网）,西华大学,西华大学 能源动力(0858)博士人才-汽车与交通学院,博士研究生,,,网申+考核,,,招聘人数：若干；薪酬：面议；单位性质：公立（国有）,成都 四川-成都,/job/detail/2211715.html,西华大学汽车与交通学院2026年博士招聘公告,
2026,事业单位,2026高校/科研院所人才引进（高校人才网）,西华大学,西华大学 动力工程及工程热物理(0807)博士人才-汽车与交通学院,博士研究生,,,网申+考核,,,招聘人数：若干；薪酬：面议；单位性质：公立（国有）,成都 四川-成都,/job/detail/2211714.html,西华大学汽车与交通学院2026年博士招聘公告,
2026,事业单位,2026高校/科研院所人才引进（高校人才网）,西华大学,西华大学 机械工程(0802)、机械(0855)博士人才-汽车与交通学院,博士研究生,,,网申+考核,,,招聘人数：若干；薪酬：面议；单位性质：公立（国有）,成都 四川-成都,/job/detail/2211713.html,西华大学汽车与交通学院2026年博士招聘公告,
2026,事业单位,2026高校/科研院所人才引进（高校人才网）,西华大学,西华大学 计算机科学与技术(0812)博士人才-电气与电子信息学院,博士研究生,,,网申+考核,,,招聘人数：若干；薪酬：面议；单位性质：公立（国有）,成都 四川-成都,/job/detail/2208990.html,西华大学电气与电子信息学院2026年博士招聘公告,
2026,事业单位,2026高校/科研院所人才引进（高校人才网）,西华大学,西华大学 电气工程(0808)博士人才-电气与电子信息学院,博士研究生,,,网申+考核,,,招聘人数：若干；薪酬：面议；单位性质：公立（国有）,成都 四川-成都,/job/detail/2208989.html,西华大学电气与电子信息学院2026年博士招聘公告,
2026,事业单位,2026高校/科研院所人才引进（高校人才网）,西华大学,西华大学 控制科学与工程(0811)博士人才-电气与电子信息学院,博士研究生,,,网申+考核,,,招聘人数：若干；薪酬：面议；单位性质：公立（国有）,成都 四川-成都,/job/detail/2208988.html,西华大学电气与电子信息学院2026年博士招聘公告,
2026,事业单位,2026高校/科研院所人才引进（高校人才网）,西华大学,西华大学 信息与通信工程(0810)博士人才-电气与电子信息学院,博士研究生,,,网申+考核,,,招聘人数：若干；薪酬：面议；单位性质：公立（国有）,成都 四川-成都,/job/detail/2208987.html,西华大学电气与电子信息学院2026年博士招聘公告,
2026,事业单位,2026高校/科研院所人才引进（高校人才网）,海南医科大学（海南医学科学院）衰老与肿瘤国际研究中心,海南医科大学（海南医学科学院）衰老与肿瘤国际研究中心 科研助理（博士）-孙建龙课题组,博士研究生,,,网申+考核,,,招聘人数：1；薪酬：面议；单位性质：公立（国有）,海口 海南-海口,/job/detail/2151798.html,海南医科大学（海南省医学科学院）衰老与肿瘤国际研究中心孙建龙课题组2026年科助招聘公告,
2026,事业单位,2026高校/科研院所人才引进（高校人才网）,海南医科大学（海南医学科学院）衰老与肿瘤国际研究中心,海南医科大学（海南医学科学院）衰老与肿瘤国际研究中心 科研助理（硕士）-孙建龙课题组,硕士研究生,,,网申+考核,,,招聘人数：1；薪酬：面议；单位性质：公立（国有）,海口 海南-海口,/job/detail/2151797.html,海南医科大学（海南省医学科学院）衰老与肿瘤国际研究中心孙建龙课题组2026年科助招聘公告,
2026,事业单位,2026高校/科研院所人才引进（高校人才网）,南方科技大学生物医学工程系,南方科技大学生物医学工程系 博士后,博士研究生,,,网申+考核,,,招聘人数：若干；薪酬：面议；单位性质：公立（国有）,深圳 广东-深圳,/job/detail/1049959.html,香港心脑血管健康工程研究中心-南方科技大学2026年联合博士后/研究助理招聘,
2026,事业单位,2026高校/科研院所人才引进（高校人才网）,南方科技大学生物医学工程系,南方科技大学生物医学工程系 博士后-南方科技大学-香港城市大学COCHE中心唐建波教授,博士研究生,,,网申+考核,,,招聘人数：若干；薪酬：54万/年；单位性质：公立（国有）,深圳 广东-深圳,/job/detail/1049958.html,香港心脑血管健康工程研究中心-南方科技大学2026年联合博士后/研究助理招聘,
2026,事业单位,2026高校/科研院所人才引进（高校人才网）,南方科技大学生物医学工程系,南方科技大学生物医学工程系 研究助理-南方科技大学-香港城市大学COCHE中心唐建波教授,硕士研究生,,,网申+考核,,,招聘人数：若干；薪酬：26万/年；单位性质：公立（国有）,深圳 广东-深圳,/job/detail/1049957.html,香港心脑血管健康工程研究中心-南方科技大学2026年联合博士后/研究助理招聘,
2026,事业单位,2026高校/科研院所人才引进（高校人才网）,南方科技大学生物医学工程系,南方科技大学生物医学工程系 香港心脑血管健康工程研究中心-南方科技大学联合研究助理,硕士研究生,,,网申+考核,,,招聘人数：若干；薪酬：面议；单位性质：公立（国有）,深圳 广东-深圳,/job/detail/596877.html,香港心脑血管健康工程研究中心-南方科技大学2026年联合博士后/研究助理招聘,
2026,事业单位,2026高校/科研院所人才引进（高校人才网）,南方科技大学生物医学工程系,南方科技大学生物医学工程系 香港心脑血管健康工程研究中心-南方科技大学联合博士后,博士研究生,,,网申+考核,,,招聘人数：若干；薪酬：面议；单位性质：公立（国有）,深圳 广东-深圳,/job/detail/596876.html,香港心脑血管健康工程研究中心-南方科技大学2026年联合博士后/研究助理招聘,
2026,事业单位,2026高校/科研院所人才引进（高校人才网）,良渚实验室,良渚实验室 科研助理--胡海岚教授课题组,本科,,,网申+考核,,,招聘人数：若干；待遇标签：五险一金；薪酬：面议；单位性质：公立（国有）,杭州 浙江-杭州,/job/detail/488568.html,良渚实验室/浙江大学胡海岚教授课题组2026年诚聘特聘研究员、博士后和科研助理,
2026,事业单位,2026高校/科研院所人才引进（高校人才网）,良渚实验室,良渚实验室 博士后-胡海岚教授课题组,博士研究生,,,网申+考核,,,招聘人数：若干；待遇标签：科研奖励；薪酬：23万/年；单位性质：公立（国有）,杭州 浙江-杭州,/job/detail/488567.html,良渚实验室/浙江大学胡海岚教授课题组2026年诚聘特聘研究员、博士后和科研助理,
2026,事业单位,2026高校/科研院所人才引进（高校人才网）,良渚实验室,良渚实验室 特聘研究员-胡海岚教授课题组,博士研究生,,,网申+考核,,,招聘人数：若干；薪酬：面议；有编制；单位性质：公立（国有）,杭州 浙江-杭州,/job/detail/488566.html,良渚实验室/浙江大学胡海岚教授课题组2026年诚聘特聘研究员、博士后和科研助理,
2026,事业单位,2026高校/科研院所人才引进（高校人才网）,良渚实验室,良渚实验室 生物学或遗传学博士后,博士研究生,,,网申+考核,,,招聘人数：若干；待遇标签：五险一金；薪酬：面议；单位性质：公立（国有）,杭州 浙江-杭州,/job/detail/144861.html,浙江大学医学中心/良渚实验室俞晓敏课题组2026年招聘博士后和科研助理,
2026,事业单位,2026高校/科研院所人才引进（高校人才网）,良渚实验室,良渚实验室 科研助理-俞晓敏课题组,硕士研究生,,,网申+考核,,,招聘人数：1；待遇标签：五险一金；薪酬：面议；单位性质：公立（国有）,杭州 浙江-杭州,/job/detail/127489.html,浙江大学医学中心/良渚实验室俞晓敏课题组2026年招聘博士后和科研助理,
2026,事业单位,2026高校/科研院所人才引进（高校人才网）,良渚实验室,良渚实验室 生物信息学博士后,博士研究生,,,网申+考核,,,招聘人数：若干；待遇标签：五险一金；薪酬：面议；单位性质：公立（国有）,杭州 浙江-杭州,/job/detail/127488.html,浙江大学医学中心/良渚实验室俞晓敏课题组2026年招聘博士后和科研助理,
2026,事业单位,2026高校/科研院所人才引进（高校人才网）,南方科技大学生物医学工程系,南方科技大学生物医学工程系 科研助理-先进生物功能材料实验室,本科,,,网申+考核,,,招聘人数：若干；薪酬：面议；单位性质：公立（国有）,深圳 广东-深圳,/job/detail/125471.html,南方科技大学先进生物功能材料实验室2026年高薪招聘博士/硕士/研究助理教授/博士后/科研助理启事,
2026,事业单位,2026高校/科研院所人才引进（高校人才网）,南方科技大学生物医学工程系,南方科技大学生物医学工程系 研究助理教授/博士后-先进生物功能材料实验室,博士研究生,,,网申+考核,,,招聘人数：若干；待遇标签：住房补贴/五险一金；薪酬：面议；单位性质：公立（国有）,深圳 广东-深圳,/job/detail/125470.html,南方科技大学先进生物功能材料实验室2026年高薪招聘博士/硕士/研究助理教授/博士后/科研助理启事,
2026,事业单位,2026高校/科研院所人才引进（高校人才网）,南方科技大学生物医学工程系,南方科技大学生物医学工程系 博士、硕士-先进生物功能材料实验室,本科,,,网申+考核,,,招聘人数：若干；薪酬：面议；单位性质：公立（国有）,深圳 广东-深圳,/job/detail/125469.html,南方科技大学先进生物功能材料实验室2026年高薪招聘博士/硕士/研究助理教授/博士后/科研助理启事,
2026,事业单位,2026高校/科研院所人才引进（高校人才网）,重庆电讯职业学院,重庆电讯职业学院 专业领军人才,博士研究生,,,网申+考核,,,招聘人数：3；待遇标签：五险一金/定期/免费体检；薪酬：30-50万/年；单位性质：民营（私营）,重庆 重庆-重庆,/job/detail/1918892.html,重庆电讯职业学院2026年下半年招聘公告（专业领军人才）,
2026,事业单位,2026高校/科研院所人才引进（高校人才网）,重庆水利电力职业技术学院,重庆水利电力职业技术学院 自动化类专业专任教师,博士研究生,,,网申+考核,,,招聘人数：若干；薪酬：面议；单位性质：公立（国有）,重庆 重庆-重庆,/job/detail/1797061.html,重庆水利电力职业技术学院2026年高层次人才招聘简章,
2026,事业单位,2026高校/科研院所人才引进（高校人才网）,重庆水利电力职业技术学院,重庆水利电力职业技术学院 工业机器人技术专业专任教师,博士研究生,,,网申+考核,,,招聘人数：若干；薪酬：面议；单位性质：公立（国有）,重庆 重庆-重庆,/job/detail/1797060.html,重庆水利电力职业技术学院2026年高层次人才招聘简章,
2026,事业单位,2026高校/科研院所人才引进（高校人才网）,重庆水利电力职业技术学院,重庆水利电力职业技术学院 汽车类专业带头人,博士研究生,,,网申+考核,,,招聘人数：若干；薪酬：面议；单位性质：公立（国有）,重庆 重庆-重庆,/job/detail/1797059.html,重庆水利电力职业技术学院2026年高层次人才招聘简章,
2026,事业单位,2026高校/科研院所人才引进（高校人才网）,重庆水利电力职业技术学院,重庆水利电力职业技术学院 市政工程类专业教师,博士研究生,,,网申+考核,,,招聘人数：若干；薪酬：面议；单位性质：公立（国有）,重庆 重庆-重庆,/job/detail/1797058.html,重庆水利电力职业技术学院2026年高层次人才招聘简章,
2026,事业单位,2026高校/科研院所人才引进（高校人才网）,重庆水利电力职业技术学院,重庆水利电力职业技术学院 数字城市、智慧城市管理类专业教师,博士研究生,,,网申+考核,,,招聘人数：若干；薪酬：面议；单位性质：公立（国有）,重庆 重庆-重庆,/job/detail/1797057.html,重庆水利电力职业技术学院2026年高层次人才招聘简章,
2026,事业单位,2026高校/科研院所人才引进（高校人才网）,重庆水利电力职业技术学院,重庆水利电力职业技术学院 大数据学院（信息技术中心）专任教师,博士研究生,,,网申+考核,,,招聘人数：若干；薪酬：面议；单位性质：公立（国有）,重庆 重庆-重庆,/job/detail/1797056.html,重庆水利电力职业技术学院2026年高层次人才招聘简章,
2026,事业单位,2026高校/科研院所人才引进（高校人才网）,重庆水利电力职业技术学院,重庆水利电力职业技术学院 水利工程学院专任教师（水利工程、生态水利、智慧水利）,博士研究生,,,网申+考核,,,招聘人数：若干；薪酬：面议；单位性质：公立（国有）,重庆 重庆-重庆,/job/detail/1797055.html,重庆水利电力职业技术学院2026年高层次人才招聘简章,
2026,事业单位,2026高校/科研院所人才引进（高校人才网）,重庆水利电力职业技术学院,重庆水利电力职业技术学院 水利工程学院专任教师（水利工程、生态水利、智慧水利）,博士研究生,,,网申+考核,,,招聘人数：若干；薪酬：面议；单位性质：公立（国有）,重庆 重庆-重庆,/job/detail/1797053.html,重庆水利电力职业技术学院2026年高层次人才招聘简章,
2026,事业单位,2026高校/科研院所人才引进（高校人才网）,重庆水利电力职业技术学院,重庆水利电力职业技术学院 水利工程学院专任教师（水工结构工程）,博士研究生,,,网申+考核,,,招聘人数：若干；薪酬：面议；单位性质：公立（国有）,重庆 重庆-重庆,/job/detail/1797052.html,重庆水利电力职业技术学院2026年高层次人才招聘简章,
2026,事业单位,2026高校/科研院所人才引进（高校人才网）,重庆水利电力职业技术学院,重庆水利电力职业技术学院 电力工程学院专任教师（技能大师、技术能手、劳动模范等）,博士研究生,,,网申+考核,,,招聘人数：若干；薪酬：面议；单位性质：公立（国有）,重庆 重庆-重庆,/job/detail/1797051.html,重庆水利电力职业技术学院2026年高层次人才招聘简章,
2026,事业单位,2026高校/科研院所人才引进（高校人才网）,重庆水利电力职业技术学院,重庆水利电力职业技术学院 电力工程学院专任教师,博士研究生,,,网申+考核,,,招聘人数：若干；薪酬：面议；单位性质：公立（国有）,重庆 重庆-重庆,/job/detail/1797050.html,重庆水利电力职业技术学院2026年高层次人才招聘简章,
2026,事业单位,2026高校/科研院所人才引进（高校人才网）,桂林旅游学院,桂林旅游学院 艺术与科技专业专任教师,博士研究生,,,网申+考核,,,招聘人数：若干；待遇标签：科研奖励/绩效奖金；薪酬：面议；有编制；单位性质：公立（国有）,桂林 广西-桂林,/job/detail/1752227.html,桂林旅游学院艺术设计学院2026年高层次人才招聘公告,
2026,事业单位,2026高校/科研院所人才引进（高校人才网）,桂林旅游学院,桂林旅游学院 数字媒体艺术专业专任教师,博士研究生,,,网申+考核,,,招聘人数：若干；待遇标签：科研奖励/绩效奖金；薪酬：面议；有编制；单位性质：公立（国有）,桂林 广西-桂林,/job/detail/1752226.html,桂林旅游学院艺术设计学院2026年高层次人才招聘公告,
2026,事业单位,2026高校/科研院所人才引进（高校人才网）,桂林旅游学院,桂林旅游学院 视觉传达设计专业专任教师,博士研究生,,,网申+考核,,,招聘人数：若干；待遇标签：科研奖励/绩效奖金；薪酬：面议；有编制；单位性质：公立（国有）,桂林 广西-桂林,/job/detail/1752225.html,桂林旅游学院艺术设计学院2026年高层次人才招聘公告,
2026,事业单位,2026高校/科研院所人才引进（高校人才网）,桂林旅游学院,桂林旅游学院 环境设计专业专任教师,博士研究生,,,网申+考核,,,招聘人数：若干；待遇标签：科研奖励/绩效奖金；薪酬：面议；有编制；单位性质：公立（国有）,桂林 广西-桂林,/job/detail/1752224.html,桂林旅游学院艺术设计学院2026年高层次人才招聘公告,
2026,事业单位,2026高校/科研院所人才引进（高校人才网）,桂林旅游学院,桂林旅游学院 工艺美术专业专任教师,博士研究生,,,网申+考核,,,招聘人数：若干；待遇标签：科研奖励/绩效奖金；薪酬：面议；有编制；单位性质：公立（国有）,桂林 广西-桂林,/job/detail/1752223.html,桂林旅游学院艺术设计学院2026年高层次人才招聘公告,
2026,事业单位,2026高校/科研院所人才引进（高校人才网）,桂林旅游学院,桂林旅游学院 计算机、数学专任教师,博士研究生,,,网申+考核,,,招聘人数：8；待遇标签：科研奖励/绩效奖金；薪酬：面议；有编制；单位性质：公立（国有）,桂林 广西-桂林,/job/detail/1752079.html,桂林旅游学院旅游数据学院/人工智能学院2026年高层次人才招聘公告,
2026,事业单位,2026高校/科研院所人才引进（高校人才网）,桂林旅游学院,桂林旅游学院 软件工程专任教师,博士研究生,,,网申+考核,,,招聘人数：5；待遇标签：科研奖励/绩效奖金；薪酬：面议；有编制；单位性质：公立（国有）,桂林 广西-桂林,/job/detail/1752078.html,桂林旅游学院旅游数据学院/人工智能学院2026年高层次人才招聘公告,
2026,事业单位,2026高校/科研院所人才引进（高校人才网）,桂林旅游学院,桂林旅游学院 数据科学与大数据技术专任教师,博士研究生,,,网申+考核,,,招聘人数：5；待遇标签：科研奖励/绩效奖金；薪酬：面议；有编制；单位性质：公立（国有）,桂林 广西-桂林,/job/detail/1752077.html,桂林旅游学院旅游数据学院/人工智能学院2026年高层次人才招聘公告,
2026,事业单位,2026高校/科研院所人才引进（高校人才网）,桂林旅游学院,桂林旅游学院 人工智能专任教师,博士研究生,,,网申+考核,,,招聘人数：5；待遇标签：科研奖励/绩效奖金；薪酬：面议；有编制；单位性质：公立（国有）,桂林 广西-桂林,/job/detail/1752076.html,桂林旅游学院旅游数据学院/人工智能学院2026年高层次人才招聘公告,
2026,事业单位,2026高校/科研院所人才引进（高校人才网）,香港科技大学（广州）,香港科技大学（广州） 博士后-金融科技学域张磊夫教授,博士研究生,,,网申+考核,,,招聘人数：1；待遇标签：生活补贴/科研资金；薪酬：12-24万/年；单位性质：公立（国有）,广州 广东-广州,/job/detail/2210833.html,香港科技大学（广州）2026年招聘博士后（金融科技学域张磊夫课题组）,
2026,事业单位,2026高校/科研院所人才引进（高校人才网）,中国科学院微电子研究所,中国科学院微电子研究所 光刻技术工程师,硕士研究生,,,网申+考核,,,招聘人数：若干；待遇标签：六险二金/带薪年假；薪酬：面议；单位性质：公立（国有）,北京 北京-北京,/job/detail/1906939.html,中国科学院微电子研究所2026年招聘简章,
2026,事业单位,2026高校/科研院所人才引进（高校人才网）,中国科学院微电子研究所,中国科学院微电子研究所 光学工程师02,硕士研究生,,,网申+考核,,,招聘人数：若干；待遇标签：六险二金/带薪年假；薪酬：面议；单位性质：公立（国有）,北京 北京-北京,/job/detail/1906938.html,中国科学院微电子研究所2026年招聘简章,
2026,事业单位,2026高校/科研院所人才引进（高校人才网）,中国科学院微电子研究所,中国科学院微电子研究所 后端设计工程师,本科,,,网申+考核,,,招聘人数：若干；待遇标签：六险二金/带薪年假；薪酬：面议；单位性质：公立（国有）,北京 北京-北京,/job/detail/1906937.html,中国科学院微电子研究所2026年招聘简章,
2026,事业单位,2026高校/科研院所人才引进（高校人才网）,中国科学院微电子研究所,中国科学院微电子研究所 3DNAND闪存器件制备及测试分析,硕士研究生,,,网申+考核,,,招聘人数：若干；待遇标签：六险二金/带薪年假；薪酬：面议；单位性质：公立（国有）,北京 北京-北京,/job/detail/1906936.html,中国科学院微电子研究所2026年招聘简章,
2026,事业单位,2026高校/科研院所人才引进（高校人才网）,中国科学院微电子研究所,中国科学院微电子研究所 新结构3DNAND闪存器件基础研究,硕士研究生,,,网申+考核,,,招聘人数：若干；待遇标签：六险二金/带薪年假；薪酬：面议；单位性质：公立（国有）,北京 北京-北京,/job/detail/1906935.html,中国科学院微电子研究所2026年招聘简章,
2026,事业单位,2026高校/科研院所人才引进（高校人才网）,中国科学院微电子研究所,中国科学院微电子研究所 先进工艺数字芯片设计研究,硕士研究生,,,网申+考核,,,招聘人数：若干；待遇标签：六险二金/带薪年假；薪酬：面议；单位性质：公立（国有）,北京 北京-北京,/job/detail/1906934.html,中国科学院微电子研究所2026年招聘简章,
2026,事业单位,2026高校/科研院所人才引进（高校人才网）,中国科学院微电子研究所,中国科学院微电子研究所 存储系统性能及可靠性优化算法研究,硕士研究生,,,网申+考核,,,招聘人数：若干；待遇标签：带薪年假/定期/免费体检；薪酬：面议；单位性质：公立（国有）,北京 北京-北京,/job/detail/1906933.html,中国科学院微电子研究所2026年招聘简章,
2026,事业单位,2026高校/科研院所人才引进（高校人才网）,中国科学院微电子研究所,中国科学院微电子研究所 激光技术与应用,硕士研究生,,,网申+考核,,,招聘人数：若干；待遇标签：带薪年假/定期/免费体检；薪酬：面议；单位性质：公立（国有）,北京 北京-北京,/job/detail/1906932.html,中国科学院微电子研究所2026年招聘简章,
2026,事业单位,2026高校/科研院所人才引进（高校人才网）,中国科学院微电子研究所,中国科学院微电子研究所 微纳光子集成器件设计工程师,硕士研究生,,,网申+考核,,,招聘人数：若干；待遇标签：六险二金/带薪年假；薪酬：面议；单位性质：公立（国有）,北京 北京-北京,/job/detail/1906931.html,中国科学院微电子研究所2026年招聘简章,
2026,事业单位,2026高校/科研院所人才引进（高校人才网）,中国科学院微电子研究所,中国科学院微电子研究所 光子集成设计工程师,硕士研究生,,,网申+考核,,,招聘人数：若干；待遇标签：六险二金/带薪年假；薪酬：面议；单位性质：公立（国有）,北京 北京-北京,/job/detail/1906930.html,中国科学院微电子研究所2026年招聘简章,
2026,事业单位,2026高校/科研院所人才引进（高校人才网）,中国科学院微电子研究所,中国科学院微电子研究所 光学设计工程师02,硕士研究生,,,网申+考核,,,招聘人数：若干；待遇标签：六险二金/带薪年假；薪酬：面议；单位性质：公立（国有）,北京 北京-北京,/job/detail/1906929.html,中国科学院微电子研究所2026年招聘简章,
2026,事业单位,2026高校/科研院所人才引进（高校人才网）,中国科学院微电子研究所,中国科学院微电子研究所 电学工程师,硕士研究生,,,网申+考核,,,招聘人数：若干；待遇标签：带薪年假/定期/免费体检；薪酬：面议；单位性质：公立（国有）,北京 北京-北京,/job/detail/1906928.html,中国科学院微电子研究所2026年招聘简章,
2026,事业单位,2026高校/科研院所人才引进（高校人才网）,中国科学院微电子研究所,中国科学院微电子研究所 电控工程师02,硕士研究生,,,网申+考核,,,招聘人数：若干；待遇标签：带薪年假/定期/免费体检；薪酬：面议；单位性质：公立（国有）,北京 北京-北京,/job/detail/1906927.html,中国科学院微电子研究所2026年招聘简章,
2026,事业单位,2026高校/科研院所人才引进（高校人才网）,中国科学院微电子研究所,中国科学院微电子研究所 机械工程师02,硕士研究生,,,网申+考核,,,招聘人数：若干；待遇标签：六险二金/带薪年假；薪酬：面议；单位性质：公立（国有）,北京 北京-北京,/job/detail/1906926.html,中国科学院微电子研究所2026年招聘简章,
2026,事业单位,2026高校/科研院所人才引进（高校人才网）,中国科学院微电子研究所,中国科学院微电子研究所 光学工程师01,硕士研究生,,,网申+考核,,,招聘人数：若干；待遇标签：六险二金/带薪年假；薪酬：面议；单位性质：公立（国有）,北京 北京-北京,/job/detail/1906925.html,中国科学院微电子研究所2026年招聘简章,
2026,事业单位,2026高校/科研院所人才引进（高校人才网）,中国科学院微电子研究所,中国科学院微电子研究所 真空设备工程师,硕士研究生,,,网申+考核,,,招聘人数：若干；待遇标签：六险二金/带薪年假；薪酬：面议；单位性质：公立（国有）,北京 北京-北京,/job/detail/1906924.html,中国科学院微电子研究所2026年招聘简章,
2026,事业单位,2026高校/科研院所人才引进（高校人才网）,中国科学院微电子研究所,中国科学院微电子研究所 综合测试工程师,硕士研究生,,,网申+考核,,,招聘人数：若干；待遇标签：带薪年假/定期/免费体检；薪酬：面议；单位性质：公立（国有）,北京 北京-北京,/job/detail/1906923.html,中国科学院微电子研究所2026年招聘简章,
2026,事业单位,2026高校/科研院所人才引进（高校人才网）,中国科学院微电子研究所,中国科学院微电子研究所 嵌入式开发工程师,硕士研究生,,,网申+考核,,,招聘人数：若干；待遇标签：带薪年假/定期/免费体检；薪酬：面议；单位性质：公立（国有）,北京 北京-北京,/job/detail/1906922.html,中国科学院微电子研究所2026年招聘简章,
2026,事业单位,2026高校/科研院所人才引进（高校人才网）,中国科学院微电子研究所,中国科学院微电子研究所 光学测量及软件研发工程师,硕士研究生,,,网申+考核,,,招聘人数：若干；待遇标签：六险二金/带薪年假；薪酬：面议；单位性质：公立（国有）,北京 北京-北京,/job/detail/1906921.html,中国科学院微电子研究所2026年招聘简章,
2026,事业单位,2026高校/科研院所人才引进（高校人才网）,中国科学院微电子研究所,中国科学院微电子研究所 光学设计工程师01,硕士研究生,,,网申+考核,,,招聘人数：若干；待遇标签：六险二金/带薪年假；薪酬：面议；单位性质：公立（国有）,北京 北京-北京,/job/detail/1906920.html,中国科学院微电子研究所2026年招聘简章,
2026,事业单位,2026高校/科研院所人才引进（高校人才网）,中国科学院微电子研究所,中国科学院微电子研究所 SIPI工程师,硕士研究生,,,网申+考核,,,招聘人数：若干；待遇标签：六险二金/带薪年假；薪酬：面议；单位性质：公立（国有）,北京 北京-北京,/job/detail/1906919.html,中国科学院微电子研究所2026年招聘简章,
2026,事业单位,2026高校/科研院所人才引进（高校人才网）,中国科学院微电子研究所,中国科学院微电子研究所 AI软件系统工程师,硕士研究生,,,网申+考核,,,招聘人数：若干；待遇标签：六险二金/带薪年假；薪酬：面议；单位性质：公立（国有）,北京 北京-北京,/job/detail/1906918.html,中国科学院微电子研究所2026年招聘简章,
2026,事业单位,2026高校/科研院所人才引进（高校人才网）,中国科学院微电子研究所,中国科学院微电子研究所 存储芯片设计工程师,硕士研究生,,,网申+考核,,,招聘人数：若干；待遇标签：六险二金/带薪年假；薪酬：面议；单位性质：公立（国有）,北京 北京-北京,/job/detail/1906917.html,中国科学院微电子研究所2026年招聘简章,
2026,事业单位,2026高校/科研院所人才引进（高校人才网）,中国科学院微电子研究所,中国科学院微电子研究所 人工智能算法研发岗,硕士研究生,,,网申+考核,,,招聘人数：若干；待遇标签：六险二金/带薪年假；薪酬：面议；单位性质：公立（国有）,北京 北京-北京,/job/detail/1906916.html,中国科学院微电子研究所2026年招聘简章,
2026,事业单位,2026高校/科研院所人才引进（高校人才网）,中国科学院微电子研究所,中国科学院微电子研究所 数字芯片设计研发岗,硕士研究生,,,网申+考核,,,招聘人数：若干；待遇标签：六险二金/带薪年假；薪酬：面议；单位性质：公立（国有）,北京 北京-北京,/job/detail/1906915.html,中国科学院微电子研究所2026年招聘简章,
2026,事业单位,2026高校/科研院所人才引进（高校人才网）,中国科学院微电子研究所,中国科学院微电子研究所 计算机存储系统架构研发岗,博士研究生,,,网申+考核,,,招聘人数：若干；待遇标签：六险二金/带薪年假；薪酬：面议；单位性质：公立（国有）,北京 北京-北京,/job/detail/1906914.html,中国科学院微电子研究所2026年招聘简章,
2026,事业单位,2026高校/科研院所人才引进（高校人才网）,中国科学院微电子研究所,中国科学院微电子研究所 人工智能芯片架构研发岗,博士研究生,,,网申+考核,,,招聘人数：若干；待遇标签：六险二金/带薪年假；薪酬：面议；单位性质：公立（国有）,北京 北京-北京,/job/detail/1906913.html,中国科学院微电子研究所2026年招聘简章,
2026,事业单位,2026高校/科研院所人才引进（高校人才网）,中国科学院微电子研究所,中国科学院微电子研究所 人工智能芯片研发岗,博士研究生,,,网申+考核,,,招聘人数：若干；待遇标签：六险二金/带薪年假；薪酬：面议；单位性质：公立（国有）,北京 北京-北京,/job/detail/1906912.html,中国科学院微电子研究所2026年招聘简章,
2026,事业单位,2026高校/科研院所人才引进（高校人才网）,中国科学院微电子研究所,中国科学院微电子研究所 干法刻蚀研发工程师,硕士研究生,,,网申+考核,,,招聘人数：若干；待遇标签：六险二金/带薪年假；薪酬：面议；单位性质：公立（国有）,北京 北京-北京,/job/detail/1906911.html,中国科学院微电子研究所2026年招聘简章,
2026,事业单位,2026高校/科研院所人才引进（高校人才网）,中国科学院微电子研究所,中国科学院微电子研究所 湿法工艺研发工程师,硕士研究生,,,网申+考核,,,招聘人数：若干；待遇标签：六险二金/带薪年假；薪酬：面议；单位性质：公立（国有）,北京 北京-北京,/job/detail/1906910.html,中国科学院微电子研究所2026年招聘简章,
2026,事业单位,2026高校/科研院所人才引进（高校人才网）,中国科学院微电子研究所,中国科学院微电子研究所 超平坦化工艺研发工程师,硕士研究生,,,网申+考核,,,招聘人数：若干；待遇标签：六险二金/带薪年假；薪酬：面议；单位性质：公立（国有）,北京 北京-北京,/job/detail/1906909.html,中国科学院微电子研究所2026年招聘简章,
2026,事业单位,2026高校/科研院所人才引进（高校人才网）,中国科学院微电子研究所,中国科学院微电子研究所 后段工艺整合工程师,硕士研究生,,,网申+考核,,,招聘人数：若干；待遇标签：六险二金/带薪年假；薪酬：面议；单位性质：公立（国有）,北京 北京-北京,/job/detail/1906908.html,中国科学院微电子研究所2026年招聘简章,
2026,事业单位,2026高校/科研院所人才引进（高校人才网）,中国科学院微电子研究所,中国科学院微电子研究所 前段工艺整合工程师,硕士研究生,,,网申+考核,,,招聘人数：若干；待遇标签：六险二金/带薪年假；薪酬：面议；单位性质：公立（国有）,北京 北京-北京,/job/detail/1906907.html,中国科学院微电子研究所2026年招聘简章,
2026,事业单位,2026高校/科研院所人才引进（高校人才网）,中国科学院微电子研究所,中国科学院微电子研究所 顺序CFET器件与三维集成研发,博士研究生,,,网申+考核,,,招聘人数：若干；待遇标签：六险二金/带薪年假；薪酬：面议；单位性质：公立（国有）,北京 北京-北京,/job/detail/1906906.html,中国科学院微电子研究所2026年招聘简章,
2026,事业单位,2026高校/科研院所人才引进（高校人才网）,中国科学院微电子研究所,中国科学院微电子研究所 硅基传感器技术研发,博士研究生,,,网申+考核,,,招聘人数：若干；待遇标签：带薪年假/定期/免费体检；薪酬：面议；单位性质：公立（国有）,北京 北京-北京,/job/detail/1906905.html,中国科学院微电子研究所2026年招聘简章,
2026,事业单位,2026高校/科研院所人才引进（高校人才网）,中国科学院微电子研究所,中国科学院微电子研究所 二维半导体材料与器件研发,博士研究生,,,网申+考核,,,招聘人数：若干；待遇标签：六险二金/带薪年假；薪酬：面议；单位性质：公立（国有）,北京 北京-北京,/job/detail/1906904.html,中国科学院微电子研究所2026年招聘简章,
2026,事业单位,2026高校/科研院所人才引进（高校人才网）,中国科学院微电子研究所,中国科学院微电子研究所 三维硅基MOSFET器件集成,博士研究生,,,网申+考核,,,招聘人数：若干；待遇标签：六险二金/带薪年假；薪酬：面议；单位性质：公立（国有）,北京 北京-北京,/job/detail/1906903.html,中国科学院微电子研究所2026年招聘简章,
2026,事业单位,2026高校/科研院所人才引进（高校人才网）,中国科学院微电子研究所,中国科学院微电子研究所 光电集成芯片特别研究助理,博士研究生,,,网申+考核,,,招聘人数：若干；待遇标签：提供住房公寓/带薪年假；薪酬：30-40万/年；单位性质：公立（国有）,北京 北京-北京,/job/detail/1906902.html,中国科学院微电子研究所2026年招聘简章,
2026,事业单位,2026高校/科研院所人才引进（高校人才网）,中国科学院微电子研究所,中国科学院微电子研究所 光IO集成技术研究,博士研究生,,,网申+考核,,,招聘人数：若干；待遇标签：带薪年假/定期/免费体检；薪酬：面议；单位性质：公立（国有）,北京 北京-北京,/job/detail/1906901.html,中国科学院微电子研究所2026年招聘简章,
2026,事业单位,2026高校/科研院所人才引进（高校人才网）,中国科学院微电子研究所,中国科学院微电子研究所 先进技术节点器件可靠性研究,博士研究生,,,网申+考核,,,招聘人数：若干；待遇标签：六险二金/带薪年假；薪酬：面议；单位性质：公立（国有）,北京 北京-北京,/job/detail/1906900.html,中国科学院微电子研究所2026年招聘简章,
2026,事业单位,2026高校/科研院所人才引进（高校人才网）,中国科学院微电子研究所,中国科学院微电子研究所 纳米CMOS器件及集成工艺研发,硕士研究生,,,网申+考核,,,招聘人数：若干；待遇标签：六险二金/带薪年假；薪酬：面议；单位性质：公立（国有）,北京 北京-北京,/job/detail/1906899.html,中国科学院微电子研究所2026年招聘简章,
2026,事业单位,2026高校/科研院所人才引进（高校人才网）,中国科学院微电子研究所,中国科学院微电子研究所 热设计工程师,硕士研究生,,,网申+考核,,,招聘人数：2；待遇标签：带薪年假/定期/免费体检；薪酬：面议；单位性质：公立（国有）,北京 北京-北京,/job/detail/1906898.html,中国科学院微电子研究所2026年招聘简章,
2026,事业单位,2026高校/科研院所人才引进（高校人才网）,中国科学院微电子研究所,中国科学院微电子研究所 计算电磁学研究,博士研究生,,,网申+考核,,,招聘人数：若干；待遇标签：六险二金/带薪年假；薪酬：面议；单位性质：公立（国有）,北京 北京-北京,/job/detail/1906897.html,中国科学院微电子研究所2026年招聘简章,
2026,事业单位,2026高校/科研院所人才引进（高校人才网）,中国科学院微电子研究所,中国科学院微电子研究所 化学气相沉积（PECVD）工艺工程师,本科,,,网申+考核,,,招聘人数：若干；待遇标签：六险二金/带薪年假；薪酬：面议；单位性质：公立（国有）,北京 北京-北京,/job/detail/1906896.html,中国科学院微电子研究所2026年招聘简章,
2026,事业单位,2026高校/科研院所人才引进（高校人才网）,中国科学院微电子研究所,中国科学院微电子研究所 晶圆级键合设备工程师,硕士研究生,,,网申+考核,,,招聘人数：若干；待遇标签：带薪年假/定期/免费体检；薪酬：面议；单位性质：公立（国有）,北京 北京-北京,/job/detail/1906895.html,中国科学院微电子研究所2026年招聘简章,
2026,事业单位,2026高校/科研院所人才引进（高校人才网）,中国科学院微电子研究所,中国科学院微电子研究所 晶圆级键合技术研发,博士研究生,,,网申+考核,,,招聘人数：若干；待遇标签：六险二金/带薪年假；薪酬：面议；单位性质：公立（国有）,北京 北京-北京,/job/detail/1906894.html,中国科学院微电子研究所2026年招聘简章,
2026,事业单位,2026高校/科研院所人才引进（高校人才网）,中国科学院微电子研究所,中国科学院微电子研究所 先进功率半导体器件研发,博士研究生,,,网申+考核,,,招聘人数：若干；待遇标签：六险二金/带薪年假；薪酬：面议；单位性质：公立（国有）,北京 北京-北京,/job/detail/1906893.html,中国科学院微电子研究所2026年招聘简章,
2026,事业单位,2026高校/科研院所人才引进（高校人才网）,中国科学院微电子研究所,中国科学院微电子研究所 电源控制系统研发,硕士研究生,,,网申+考核,,,招聘人数：若干；待遇标签：带薪年假/定期/免费体检；薪酬：面议；单位性质：公立（国有）,北京 北京-北京,/job/detail/1906892.html,中国科学院微电子研究所2026年招聘简章,
2026,事业单位,2026高校/科研院所人才引进（高校人才网）,中国科学院微电子研究所,中国科学院微电子研究所 先进软磁材料研发,硕士研究生,,,网申+考核,,,招聘人数：若干；待遇标签：六险二金/带薪年假；薪酬：面议；单位性质：公立（国有）,北京 北京-北京,/job/detail/1906891.html,中国科学院微电子研究所2026年招聘简章,
2026,事业单位,2026高校/科研院所人才引进（高校人才网）,中国科学院微电子研究所,中国科学院微电子研究所 树脂固化剂/电镀药水有机添加剂研发,硕士研究生,,,网申+考核,,,招聘人数：若干；待遇标签：六险二金/带薪年假；薪酬：面议；单位性质：公立（国有）,北京 北京-北京,/job/detail/1906890.html,中国科学院微电子研究所2026年招聘简章,
2026,事业单位,2026高校/科研院所人才引进（高校人才网）,中国科学院微电子研究所,中国科学院微电子研究所 玻璃改性与蚀刻工艺工程师,硕士研究生,,,网申+考核,,,招聘人数：若干；待遇标签：六险二金/带薪年假；薪酬：面议；单位性质：公立（国有）,北京 北京-北京,/job/detail/1906889.html,中国科学院微电子研究所2026年招聘简章,
2026,事业单位,2026高校/科研院所人才引进（高校人才网）,中国科学院微电子研究所,中国科学院微电子研究所 材料与电镀工艺研发工程师,硕士研究生,,,网申+考核,,,招聘人数：若干；待遇标签：六险二金/带薪年假；薪酬：面议；单位性质：公立（国有）,北京 北京-北京,/job/detail/1906888.html,中国科学院微电子研究所2026年招聘简章,
2026,事业单位,2026高校/科研院所人才引进（高校人才网）,中国科学院微电子研究所,中国科学院微电子研究所 系统工程师、光学工程师,硕士研究生,,,网申+考核,,,招聘人数：若干；待遇标签：六险二金/带薪年假；薪酬：面议；单位性质：公立（国有）,北京 北京-北京,/job/detail/1906887.html,中国科学院微电子研究所2026年招聘简章,
2026,事业单位,2026高校/科研院所人才引进（高校人才网）,中国科学院微电子研究所,中国科学院微电子研究所 电控工程师01,本科,,,网申+考核,,,招聘人数：若干；待遇标签：带薪年假/定期/免费体检；薪酬：面议；单位性质：公立（国有）,北京 北京-北京,/job/detail/1906886.html,中国科学院微电子研究所2026年招聘简章,
2026,事业单位,2026高校/科研院所人才引进（高校人才网）,中国科学院微电子研究所,中国科学院微电子研究所 工艺工程师,硕士研究生,,,网申+考核,,,招聘人数：若干；待遇标签：六险二金/带薪年假；薪酬：面议；单位性质：公立（国有）,北京 北京-北京,/job/detail/1906885.html,中国科学院微电子研究所2026年招聘简章,
2026,事业单位,2026高校/科研院所人才引进（高校人才网）,中国科学院微电子研究所,中国科学院微电子研究所 电气工程师,本科,,,网申+考核,,,招聘人数：若干；待遇标签：六险二金/带薪年假；薪酬：面议；单位性质：公立（国有）,北京 北京-北京,/job/detail/1906884.html,中国科学院微电子研究所2026年招聘简章,
2026,事业单位,2026高校/科研院所人才引进（高校人才网）,中国科学院微电子研究所,中国科学院微电子研究所 激光应用系统集成技术工程师,博士研究生,,,网申+考核,,,招聘人数：若干；待遇标签：六险二金/带薪年假；薪酬：面议；单位性质：公立（国有）,北京 北京-北京,/job/detail/1906883.html,中国科学院微电子研究所2026年招聘简章,
2026,事业单位,2026高校/科研院所人才引进（高校人才网）,中国科学院微电子研究所,中国科学院微电子研究所 半导体工艺研发/半导体智能设备开发工程师,硕士研究生,,,网申+考核,,,招聘人数：若干；待遇标签：六险二金/带薪年假；薪酬：面议；单位性质：公立（国有）,北京 北京-北京,/job/detail/1906882.html,中国科学院微电子研究所2026年招聘简章,
2026,事业单位,2026高校/科研院所人才引进（高校人才网）,中国科学院微电子研究所,中国科学院微电子研究所 机械工程师01,本科,,,网申+考核,,,招聘人数：若干；待遇标签：六险二金/带薪年假；薪酬：面议；单位性质：公立（国有）,北京 北京-北京,/job/detail/1906881.html,中国科学院微电子研究所2026年招聘简章,
2026,事业单位,2026高校/科研院所人才引进（高校人才网）,中国科学院微电子研究所,中国科学院微电子研究所 先进封装工艺工程师,硕士研究生,,,网申+考核,,,招聘人数：若干；待遇标签：六险二金/带薪年假；薪酬：面议；单位性质：公立（国有）,北京 北京-北京,/job/detail/1906880.html,中国科学院微电子研究所2026年招聘简章,
2026,事业单位,2026高校/科研院所人才引进（高校人才网）,中国科学院微电子研究所,中国科学院微电子研究所 软件与控制系统工程师,硕士研究生,,,网申+考核,,,招聘人数：若干；待遇标签：带薪年假/定期/免费体检；薪酬：面议；单位性质：公立（国有）,北京 北京-北京,/job/detail/1906879.html,中国科学院微电子研究所2026年招聘简章,
2026,事业单位,2026高校/科研院所人才引进（高校人才网）,中国科学院微电子研究所,中国科学院微电子研究所 人工智能算法及模型工程师,硕士研究生,,,网申+考核,,,招聘人数：若干；待遇标签：六险二金/带薪年假；薪酬：面议；单位性质：公立（国有）,北京 北京-北京,/job/detail/1906878.html,中国科学院微电子研究所2026年招聘简章,
2026,事业单位,2026高校/科研院所人才引进（高校人才网）,中国科学院微电子研究所,中国科学院微电子研究所 SRAM设计与Memory Compiler开发,硕士研究生,,,网申+考核,,,招聘人数：若干；待遇标签：六险二金/带薪年假；薪酬：面议；单位性质：公立（国有）,北京 北京-北京,/job/detail/1906877.html,中国科学院微电子研究所2026年招聘简章,
2026,事业单位,2026高校/科研院所人才引进（高校人才网）,中国科学院微电子研究所,中国科学院微电子研究所 集成电路系统与工艺协同优化,硕士研究生,,,网申+考核,,,招聘人数：若干；待遇标签：六险二金/带薪年假；薪酬：面议；单位性质：公立（国有）,北京 北京-北京,/job/detail/1906876.html,中国科学院微电子研究所2026年招聘简章,
2026,事业单位,2026高校/科研院所人才引进（高校人才网）,中国科学院微电子研究所,中国科学院微电子研究所 器件建模与EDA技术,硕士研究生,,,网申+考核,,,招聘人数：若干；待遇标签：六险二金/带薪年假；薪酬：面议；单位性质：公立（国有）,北京 北京-北京,/job/detail/1906875.html,中国科学院微电子研究所2026年招聘简章,
2026,事业单位,2026高校/科研院所人才引进（高校人才网）,中国科学院微电子研究所,中国科学院微电子研究所 器件TCAD仿真软件开发,博士研究生,,,网申+考核,,,招聘人数：若干；待遇标签：六险二金/带薪年假；薪酬：面议；单位性质：公立（国有）,北京 北京-北京,/job/detail/1906874.html,中国科学院微电子研究所2026年招聘简章,
2026,事业单位,2026高校/科研院所人才引进（高校人才网）,中国科学院微电子研究所,中国科学院微电子研究所 计算机视觉研究员,博士研究生,,,网申+考核,,,招聘人数：若干；待遇标签：带薪年假/定期/免费体检；薪酬：面议；单位性质：公立（国有）,北京 北京-北京,/job/detail/1906873.html,中国科学院微电子研究所2026年招聘简章,
2026,事业单位,2026高校/科研院所人才引进（高校人才网）,中国科学院微电子研究所,中国科学院微电子研究所 类脑智能算法研究员,博士研究生,,,网申+考核,,,招聘人数：若干；待遇标签：带薪年假/定期/免费体检；薪酬：面议；单位性质：公立（国有）,北京 北京-北京,/job/detail/1906872.html,中国科学院微电子研究所2026年招聘简章,
2026,事业单位,2026高校/科研院所人才引进（高校人才网）,中国科学院微电子研究所,中国科学院微电子研究所 智能芯片研究员,博士研究生,,,网申+考核,,,招聘人数：若干；待遇标签：带薪年假/定期/免费体检；薪酬：面议；单位性质：公立（国有）,北京 北京-北京,/job/detail/1906871.html,中国科学院微电子研究所2026年招聘简章,
2026,事业单位,2026高校/科研院所人才引进（高校人才网）,中国科学院微电子研究所,中国科学院微电子研究所 通感一体化系统研发与实现工程师,硕士研究生,,,网申+考核,,,招聘人数：若干；待遇标签：六险二金/带薪年假；薪酬：面议；单位性质：公立（国有）,北京 北京-北京,/job/detail/1906870.html,中国科学院微电子研究所2026年招聘简章,
2026,事业单位,2026高校/科研院所人才引进（高校人才网）,中国科学院微电子研究所,中国科学院微电子研究所 通信算法方向博士后,博士研究生,,,网申+考核,,,招聘人数：若干；待遇标签：六险二金/带薪年假；薪酬：30-40万/年；单位性质：公立（国有）,北京 北京-北京,/job/detail/1906869.html,中国科学院微电子研究所2026年招聘简章,
2026,事业单位,2026高校/科研院所人才引进（高校人才网）,中国科学院微电子研究所,中国科学院微电子研究所 GaN微波器件与电路设计工程师,硕士研究生,,,网申+考核,,,招聘人数：若干；待遇标签：六险二金/带薪年假；薪酬：面议；单位性质：公立（国有）,北京 北京-北京,/job/detail/1906868.html,中国科学院微电子研究所2026年招聘简章,
2026,事业单位,2026高校/科研院所人才引进（高校人才网）,中国科学院微电子研究所,中国科学院微电子研究所 先进氮化物电子器件和电路研究博士后,博士研究生,,,网申+考核,,,招聘人数：若干；待遇标签：六险二金/带薪年假；薪酬：面议；单位性质：公立（国有）,北京 北京-北京,/job/detail/1906867.html,中国科学院微电子研究所2026年招聘简章,
2026,事业单位,2026高校/科研院所人才引进（高校人才网）,中国科学院微电子研究所,中国科学院微电子研究所 射频集成电路设计工程师-高频高压中心,硕士研究生,,,网申+考核,,,招聘人数：若干；待遇标签：六险二金/带薪年假；薪酬：面议；单位性质：公立（国有）,北京 北京-北京,/job/detail/1906866.html,中国科学院微电子研究所2026年招聘简章,
2026,事业单位,2026高校/科研院所人才引进（高校人才网）,中国科学院微电子研究所,中国科学院微电子研究所 高速串行接口电路数字电路设计、相干光收发机数字设计工程师,硕士研究生,,,网申+考核,,,招聘人数：若干；待遇标签：六险二金/带薪年假；薪酬：面议；单位性质：公立（国有）,北京 北京-北京,/job/detail/1906865.html,中国科学院微电子研究所2026年招聘简章,
2026,事业单位,2026高校/科研院所人才引进（高校人才网）,中国科学院微电子研究所,中国科学院微电子研究所 高速串行接口电路模拟电路设计、相干光收发机模拟电路设计工程师,硕士研究生,,,网申+考核,,,招聘人数：若干；待遇标签：六险二金/带薪年假；薪酬：面议；单位性质：公立（国有）,北京 北京-北京,/job/detail/1906864.html,中国科学院微电子研究所2026年招聘简章,
2026,事业单位,2026高校/科研院所人才引进（高校人才网）,中国科学院微电子研究所,中国科学院微电子研究所 数字IC设计工程师,硕士研究生,,,网申+考核,,,招聘人数：若干；待遇标签：六险二金/带薪年假；薪酬：面议；单位性质：公立（国有）,北京 北京-北京,/job/detail/1906863.html,中国科学院微电子研究所2026年招聘简章,
2026,事业单位,2026高校/科研院所人才引进（高校人才网）,中国科学院微电子研究所,中国科学院微电子研究所 模拟IC设计工程师,硕士研究生,,,网申+考核,,,招聘人数：若干；待遇标签：六险二金/带薪年假；薪酬：面议；单位性质：公立（国有）,北京 北京-北京,/job/detail/1906862.html,中国科学院微电子研究所2026年招聘简章,
2026,事业单位,2026高校/科研院所人才引进（高校人才网）,中国科学院微电子研究所,中国科学院微电子研究所 检验工程师,硕士研究生,,,网申+考核,,,招聘人数：若干；待遇标签：带薪年假/定期/免费体检；薪酬：面议；单位性质：公立（国有）,北京 北京-北京,/job/detail/1906861.html,中国科学院微电子研究所2026年招聘简章,
2026,事业单位,2026高校/科研院所人才引进（高校人才网）,中国科学院微电子研究所,中国科学院微电子研究所 基于新型器件的存算一体技术、新型智能算法、芯片架构设计等特别研究助理,博士研究生,,,网申+考核,,,招聘人数：若干；待遇标签：六险二金/带薪年假；薪酬：30-40万/年；单位性质：公立（国有）,北京 北京-北京,/job/detail/1906860.html,中国科学院微电子研究所2026年招聘简章,
2026,事业单位,2026高校/科研院所人才引进（高校人才网）,中国科学院微电子研究所,中国科学院微电子研究所 新范式智能计算芯片特别研究助理,博士研究生,,,网申+考核,,,招聘人数：若干；待遇标签：六险二金/带薪年假；薪酬：30-40万/年；单位性质：公立（国有）,北京 北京-北京,/job/detail/1906859.html,中国科学院微电子研究所2026年招聘简章,
2026,事业单位,2026高校/科研院所人才引进（高校人才网）,中国科学院微电子研究所,中国科学院微电子研究所 器件工艺与集成特别研究助理,博士研究生,,,网申+考核,,,招聘人数：若干；待遇标签：提供住房公寓/带薪年假；薪酬：30-40万/年；单位性质：公立（国有）,北京 北京-北京,/job/detail/1906858.html,中国科学院微电子研究所2026年招聘简章,
2026,事业单位,2026高校/科研院所人才引进（高校人才网）,中国科学院微电子研究所,中国科学院微电子研究所 射频集成电路设计工程师-感知中心,博士研究生,,,网申+考核,,,招聘人数：若干；待遇标签：六险二金/带薪年假；薪酬：面议；单位性质：公立（国有）,北京 北京-北京,/job/detail/1906857.html,中国科学院微电子研究所2026年招聘简章,
2026,事业单位,2026高校/科研院所人才引进（高校人才网）,中国科学院微电子研究所,中国科学院微电子研究所 硬件设计工程师,硕士研究生,,,网申+考核,,,招聘人数：若干；待遇标签：带薪年假/定期/免费体检；薪酬：面议；单位性质：公立（国有）,北京 北京-北京,/job/detail/1906856.html,中国科学院微电子研究所2026年招聘简章,
2026,事业单位,2026高校/科研院所人才引进（高校人才网）,中国科学院微电子研究所,中国科学院微电子研究所 低功耗集成电路设计工程师,博士研究生,,,网申+考核,,,招聘人数：若干；待遇标签：六险二金/带薪年假；薪酬：面议；单位性质：公立（国有）,北京 北京-北京,/job/detail/1906855.html,中国科学院微电子研究所2026年招聘简章,
2026,事业单位,2026高校/科研院所人才引进（高校人才网）,中国科学院微电子研究所,中国科学院微电子研究所 模拟集成电路设计,博士研究生,,,网申+考核,,,招聘人数：若干；待遇标签：六险二金/带薪年假；薪酬：面议；单位性质：公立（国有）,北京 北京-北京,/job/detail/1906854.html,中国科学院微电子研究所2026年招聘简章,
2026,事业单位,2026高校/科研院所人才引进（高校人才网）,中国科学院微电子研究所,中国科学院微电子研究所 数字集成电路设计工程师,硕士研究生,,,网申+考核,,,招聘人数：若干；待遇标签：六险二金/带薪年假；薪酬：面议；单位性质：公立（国有）,北京 北京-北京,/job/detail/1906853.html,中国科学院微电子研究所2026年招聘简章,
2026,事业单位,2026高校/科研院所人才引进（高校人才网）,中国科学院微电子研究所,中国科学院微电子研究所 人工智能算法研究工程师,博士研究生,,,网申+考核,,,招聘人数：若干；待遇标签：六险二金/带薪年假；薪酬：面议；单位性质：公立（国有）,北京 北京-北京,/job/detail/1906852.html,中国科学院微电子研究所2026年招聘简章,
2026,事业单位,2026高校/科研院所人才引进（高校人才网）,中国科学院微电子研究所,中国科学院微电子研究所 人工智能芯片设计工程师,博士研究生,,,网申+考核,,,招聘人数：若干；待遇标签：六险二金/带薪年假；薪酬：面议；单位性质：公立（国有）,北京 北京-北京,/job/detail/1906851.html,中国科学院微电子研究所2026年招聘简章,
2026,事业单位,2026高校/科研院所人才引进（高校人才网）,中国科学院微电子研究所,中国科学院微电子研究所 射频模拟芯片设计工程师,硕士研究生,,,网申+考核,,,招聘人数：若干；待遇标签：六险二金/带薪年假；薪酬：面议；单位性质：公立（国有）,北京 北京-北京,/job/detail/1906850.html,中国科学院微电子研究所2026年招聘简章,
2026,事业单位,2026高校/科研院所人才引进（高校人才网）,中国科学院微电子研究所,中国科学院微电子研究所 器件与模型工程师,博士研究生,,,网申+考核,,,招聘人数：若干；待遇标签：六险二金/带薪年假；薪酬：面议；单位性质：公立（国有）,北京 北京-北京,/job/detail/1906849.html,中国科学院微电子研究所2026年招聘简章,
2026,事业单位,2026高校/科研院所人才引进（高校人才网）,中国科学院微电子研究所,中国科学院微电子研究所 数字单元库设计工程师,博士研究生,,,网申+考核,,,招聘人数：若干；待遇标签：六险二金/带薪年假；薪酬：面议；单位性质：公立（国有）,北京 北京-北京,/job/detail/1906848.html,中国科学院微电子研究所2026年招聘简章,
2026,事业单位,2026高校/科研院所人才引进（高校人才网）,中国科学院微电子研究所,中国科学院微电子研究所 功率集成电路（IP）设计工程师,博士研究生,,,网申+考核,,,招聘人数：若干；待遇标签：六险二金/带薪年假；薪酬：面议；单位性质：公立（国有）,北京 北京-北京,/job/detail/1906847.html,中国科学院微电子研究所2026年招聘简章,
2026,事业单位,2026高校/科研院所人才引进（高校人才网）,中国科学院微电子研究所,中国科学院微电子研究所 模拟电路（IP）设计工程师,博士研究生,,,网申+考核,,,招聘人数：若干；待遇标签：六险二金/带薪年假；薪酬：面议；单位性质：公立（国有）,北京 北京-北京,/job/detail/1906846.html,中国科学院微电子研究所2026年招聘简章,
2026,事业单位,2026高校/科研院所人才引进（高校人才网）,香港科技大学（广州）,香港科技大学（广州） 低空经济研究院 院长,博士研究生,,,网申+考核,,,招聘人数：若干；薪酬：面议；单位性质：公立（国有）,广州 广东-广州,/job/detail/1364986.html,香港科技大学（广州）低空经济研究院2026年院长招聘启事,
2026,事业单位,2026高校/科研院所人才引进（高校人才网）,福建医科大学,福建医科大学 药物安全性评价研究中心专职科研岗,博士研究生,,,网申+考核,,,招聘人数：3；待遇标签：社保；薪酬：面议；单位性质：公立（国有）,福州 福建-福州,/job/detail/2060984.html,诚聘91人 | 福建医科大学2026年公开招聘高层次人才！,
2026,事业单位,2026高校/科研院所人才引进（高校人才网）,福建医科大学,福建医科大学 实验动物中心专职科研岗,博士研究生,,,网申+考核,,,招聘人数：4；待遇标签：社保；薪酬：面议；单位性质：公立（国有）,福州 福建-福州,/job/detail/2060983.html,诚聘91人 | 福建医科大学2026年公开招聘高层次人才！,
2026,事业单位,2026高校/科研院所人才引进（高校人才网）,福建医科大学,福建医科大学 免疫治疗研究院专职科研岗,博士研究生,,,网申+考核,,,招聘人数：3；待遇标签：社保；薪酬：面议；单位性质：公立（国有）,福州 福建-福州,/job/detail/2060982.html,诚聘91人 | 福建医科大学2026年公开招聘高层次人才！,
2026,事业单位,2026高校/科研院所人才引进（高校人才网）,福建医科大学,福建医科大学 神经科学研究院专职科研岗,博士研究生,,,网申+考核,,,招聘人数：6；待遇标签：社保；薪酬：面议；单位性质：公立（国有）,福州 福建-福州,/job/detail/2060981.html,诚聘91人 | 福建医科大学2026年公开招聘高层次人才！,
2026,事业单位,2026高校/科研院所人才引进（高校人才网）,福建医科大学,福建医科大学 医学影像学院教学科研岗,博士研究生,,,网申+考核,,,招聘人数：3；待遇标签：社保；薪酬：面议；单位性质：公立（国有）,福州 福建-福州,/job/detail/2060980.html,诚聘91人 | 福建医科大学2026年公开招聘高层次人才！,
2026,事业单位,2026高校/科研院所人才引进（高校人才网）,福建医科大学,福建医科大学 卫生管理学院教学科研岗,博士研究生,,,网申+考核,,,招聘人数：4；待遇标签：社保；薪酬：面议；单位性质：公立（国有）,福州 福建-福州,/job/detail/2060979.html,诚聘91人 | 福建医科大学2026年公开招聘高层次人才！,
2026,事业单位,2026高校/科研院所人才引进（高校人才网）,福建医科大学,福建医科大学 马克思主义学院教学科研岗,博士研究生,,,网申+考核,,,招聘人数：3；待遇标签：社保；薪酬：面议；单位性质：公立（国有）,福州 福建-福州,/job/detail/2060978.html,诚聘91人 | 福建医科大学2026年公开招聘高层次人才！,
2026,事业单位,2026高校/科研院所人才引进（高校人才网）,福建医科大学,福建医科大学 文理艺术学院教学科研岗02,博士研究生,,,网申+考核,,,招聘人数：3；待遇标签：社保；薪酬：面议；单位性质：公立（国有）,福州 福建-福州,/job/detail/2060977.html,诚聘91人 | 福建医科大学2026年公开招聘高层次人才！,
2026,事业单位,2026高校/科研院所人才引进（高校人才网）,福建医科大学,福建医科大学 文理艺术学院教学科研岗01,博士研究生,,,网申+考核,,,招聘人数：1；待遇标签：社保；薪酬：面议；单位性质：公立（国有）,福州 福建-福州,/job/detail/2060976.html,诚聘91人 | 福建医科大学2026年公开招聘高层次人才！,
2026,事业单位,2026高校/科研院所人才引进（高校人才网）,福建医科大学,福建医科大学 健康学院教学科研岗,博士研究生,,,网申+考核,,,招聘人数：11；待遇标签：社保；薪酬：面议；单位性质：公立（国有）,福州 福建-福州,/job/detail/2060975.html,诚聘91人 | 福建医科大学2026年公开招聘高层次人才！,
2026,事业单位,2026高校/科研院所人才引进（高校人才网）,福建医科大学,福建医科大学 护理学院教学科研岗,博士研究生,,,网申+考核,,,招聘人数：5；待遇标签：社保；薪酬：面议；单位性质：公立（国有）,福州 福建-福州,/job/detail/2060974.html,诚聘91人 | 福建医科大学2026年公开招聘高层次人才！,
2026,事业单位,2026高校/科研院所人才引进（高校人才网）,福建医科大学,福建医科大学 药学院教学科研岗,博士研究生,,,网申+考核,,,招聘人数：14；待遇标签：社保；薪酬：面议；单位性质：公立（国有）,福州 福建-福州,/job/detail/2060973.html,诚聘91人 | 福建医科大学2026年公开招聘高层次人才！,
2026,事业单位,2026高校/科研院所人才引进（高校人才网）,福建医科大学,福建医科大学 医学技术与工程学院教学科研岗,博士研究生,,,网申+考核,,,招聘人数：8；待遇标签：社保；薪酬：面议；单位性质：公立（国有）,福州 福建-福州,/job/detail/2060972.html,诚聘91人 | 福建医科大学2026年公开招聘高层次人才！,
2026,事业单位,2026高校/科研院所人才引进（高校人才网）,福建医科大学,福建医科大学 公共卫生学院教学科研岗,博士研究生,,,网申+考核,,,招聘人数：10；待遇标签：社保；薪酬：面议；单位性质：公立（国有）,福州 福建-福州,/job/detail/2060971.html,诚聘91人 | 福建医科大学2026年公开招聘高层次人才！,
2026,事业单位,2026高校/科研院所人才引进（高校人才网）,福建医科大学,福建医科大学 基础医学院教学科研岗,博士研究生,,,网申+考核,,,招聘人数：13；待遇标签：社保；薪酬：面议；单位性质：公立（国有）,福州 福建-福州,/job/detail/2060970.html,诚聘91人 | 福建医科大学2026年公开招聘高层次人才！,
2026,事业单位,2026高校/科研院所人才引进（高校人才网）,温州商学院,温州商学院 专任教师-智能控制/机器人技术/工业自动化/检测技术/数字孪生/人机交互,博士研究生,,,网申+考核,,,招聘人数：3；薪酬：面议；单位性质：民营（私营）,温州 浙江-温州,/job/detail/2144620.html,温州商学院2026年度专任教师招聘公告,
2026,事业单位,2026高校/科研院所人才引进（高校人才网）,温州商学院,温州商学院 专任教师-武术、击剑、皮划艇、艺术体操、攀岩,本科,,,网申+考核,,,招聘人数：5；薪酬：面议；单位性质：民营（私营）,温州 浙江-温州,/job/detail/2117306.html,温州商学院2026年度专任教师招聘公告,
2026,事业单位,2026高校/科研院所人才引进（高校人才网）,温州商学院,温州商学院 专任教师-体育人文社会学/运动人体科学/民族传统体育学,博士研究生,,,网申+考核,,,招聘人数：2；薪酬：面议；单位性质：民营（私营）,温州 浙江-温州,/job/detail/2117305.html,温州商学院2026年度专任教师招聘公告,
2026,事业单位,2026高校/科研院所人才引进（高校人才网）,温州商学院,温州商学院 专任教师-经济统计/应用统计/金融统计,博士研究生,,,网申+考核,,,招聘人数：1；薪酬：面议；单位性质：民营（私营）,温州 浙江-温州,/job/detail/2117304.html,温州商学院2026年度专任教师招聘公告,
2026,事业单位,2026高校/科研院所人才引进（高校人才网）,温州商学院,温州商学院 专任教师-基础数学/计算数学/概率论与数理统计/应用数学,博士研究生,,,网申+考核,,,招聘人数：2；薪酬：面议；单位性质：民营（私营）,温州 浙江-温州,/job/detail/2117303.html,温州商学院2026年度专任教师招聘公告,
2026,事业单位,2026高校/科研院所人才引进（高校人才网）,温州商学院,温州商学院 专任教师-国际法/国际经贸规则,博士研究生,,,网申+考核,,,招聘人数：1；薪酬：面议；单位性质：民营（私营）,温州 浙江-温州,/job/detail/2117302.html,温州商学院2026年度专任教师招聘公告,
2026,事业单位,2026高校/科研院所人才引进（高校人才网）,温州商学院,温州商学院 专任教师-中国近现代史/科技史,博士研究生,,,网申+考核,,,招聘人数：1；薪酬：面议；单位性质：民营（私营）,温州 浙江-温州,/job/detail/2117301.html,温州商学院2026年度专任教师招聘公告,
2026,事业单位,2026高校/科研院所人才引进（高校人才网）,温州商学院,温州商学院 专任教师-马克思主义基本原理/思想政治教育/中国近现代史基本问题,博士研究生,,,网申+考核,,,招聘人数：2；薪酬：面议；单位性质：民营（私营）,温州 浙江-温州,/job/detail/2117300.html,温州商学院2026年度专任教师招聘公告,
2026,事业单位,2026高校/科研院所人才引进（高校人才网）,温州商学院,温州商学院 专任教师-伦理学/西方哲学,博士研究生,,,网申+考核,,,招聘人数：1；薪酬：面议；单位性质：民营（私营）,温州 浙江-温州,/job/detail/2117299.html,温州商学院2026年度专任教师招聘公告,
2026,事业单位,2026高校/科研院所人才引进（高校人才网）,温州商学院,温州商学院 专任教师-机器学习/多模态智能/智能感知/智能系统/行业智能应用,博士研究生,,,网申+考核,,,招聘人数：3；薪酬：面议；单位性质：民营（私营）,温州 浙江-温州,/job/detail/2117298.html,温州商学院2026年度专任教师招聘公告,
2026,事业单位,2026高校/科研院所人才引进（高校人才网）,温州商学院,温州商学院 专任教师-人工智能/大数据挖掘/软件开发/VR/AR/网络安全/计算机视觉/大模型和智能体,博士研究生,,,网申+考核,,,招聘人数：2；薪酬：面议；单位性质：民营（私营）,温州 浙江-温州,/job/detail/2117297.html,温州商学院2026年度专任教师招聘公告,
2026,事业单位,2026高校/科研院所人才引进（高校人才网）,温州商学院,温州商学院 专任教师-新闻学/传播学,博士研究生,,,网申+考核,,,招聘人数：2；薪酬：面议；单位性质：民营（私营）,温州 浙江-温州,/job/detail/2117296.html,温州商学院2026年度专任教师招聘公告,
2026,事业单位,2026高校/科研院所人才引进（高校人才网）,温州商学院,温州商学院 专任教师-工艺美术/视觉传达设计/数字媒体艺术/艺术与科技/陶瓷产品设计,博士研究生,,,网申+考核,,,招聘人数：3；薪酬：面议；单位性质：民营（私营）,温州 浙江-温州,/job/detail/2117295.html,温州商学院2026年度专任教师招聘公告,
2026,事业单位,2026高校/科研院所人才引进（高校人才网）,温州商学院,温州商学院 专任教师-非物质文化遗产保护/设计史论,博士研究生,,,网申+考核,,,招聘人数：1；薪酬：面议；单位性质：民营（私营）,温州 浙江-温州,/job/detail/2117294.html,温州商学院2026年度专任教师招聘公告,
2026,事业单位,2026高校/科研院所人才引进（高校人才网）,温州商学院,温州商学院 专任教师-对外英语教学（TESOL）,博士研究生,,,网申+考核,,,招聘人数：3；薪酬：面议；单位性质：民营（私营）,温州 浙江-温州,/job/detail/2117293.html,温州商学院2026年度专任教师招聘公告,
2026,事业单位,2026高校/科研院所人才引进（高校人才网）,温州商学院,温州商学院 专任教师-语言测评/二语习得/人工智能与翻译/商务英语/国际传播/区域与国别,博士研究生,,,网申+考核,,,招聘人数：3；薪酬：面议；单位性质：民营（私营）,温州 浙江-温州,/job/detail/2117292.html,温州商学院2026年度专任教师招聘公告,
2026,事业单位,2026高校/科研院所人才引进（高校人才网）,温州商学院,温州商学院 专任教师-会计学/审计学/财务管理/资产评估/创业管理/文化产业管理,博士研究生,,,网申+考核,,,招聘人数：4；薪酬：面议；单位性质：民营（私营）,温州 浙江-温州,/job/detail/2117291.html,温州商学院2026年度专任教师招聘公告,
2026,事业单位,2026高校/科研院所人才引进（高校人才网）,温州商学院,温州商学院 专任教师-信息管理与信息系统/管理系统工程/物流与供应链管理/低空经济,博士研究生,,,网申+考核,,,招聘人数：3；薪酬：面议；单位性质：民营（私营）,温州 浙江-温州,/job/detail/2117290.html,温州商学院2026年度专任教师招聘公告,
2026,事业单位,2026高校/科研院所人才引进（高校人才网）,温州商学院,温州商学院 专任教师-金融学/金融科技/金融数学/金融工程,博士研究生,,,网申+考核,,,招聘人数：3；薪酬：面议；单位性质：民营（私营）,温州 浙江-温州,/job/detail/2117289.html,温州商学院2026年度专任教师招聘公告,
2026,事业单位,2026高校/科研院所人才引进（高校人才网）,温州商学院,温州商学院 专任教师-财政学/税收学/国际贸易学/数字经济,博士研究生,,,网申+考核,,,招聘人数：4；薪酬：面议；单位性质：民营（私营）,温州 浙江-温州,/job/detail/2117288.html,温州商学院2026年度专任教师招聘公告,
2026,事业单位,2026高校/科研院所人才引进（高校人才网）,南昌科技职业大学,南昌科技职业大学 数字媒体专任教师,博士研究生,,,网申+考核,,,招聘人数：5；待遇标签：科研启动费/安家费；薪酬：15-50万/年；单位性质：民营（私营）,南昌 江西-南昌,/job/detail/2281782.html,年薪可达50万！南昌科技职业大学2026年高层次人才招聘公告,
2026,事业单位,2026高校/科研院所人才引进（高校人才网）,南昌科技职业大学,南昌科技职业大学 智能控制专任教师,博士研究生,,,网申+考核,,,招聘人数：2；待遇标签：科研启动费/安家费；薪酬：15-50万/年；单位性质：民营（私营）,南昌 江西-南昌,/job/detail/2281781.html,年薪可达50万！南昌科技职业大学2026年高层次人才招聘公告,
2026,事业单位,2026高校/科研院所人才引进（高校人才网）,南昌科技职业大学,南昌科技职业大学 智能机电专任教师,博士研究生,,,网申+考核,,,招聘人数：1；待遇标签：科研启动费/安家费；薪酬：15-50万/年；单位性质：民营（私营）,南昌 江西-南昌,/job/detail/2281780.html,年薪可达50万！南昌科技职业大学2026年高层次人才招聘公告,
2026,事业单位,2026高校/科研院所人才引进（高校人才网）,南昌科技职业大学,南昌科技职业大学 电气自动化专任教师,博士研究生,,,网申+考核,,,招聘人数：1；待遇标签：安家费/科研启动费；薪酬：15-50万/年；单位性质：民营（私营）,南昌 江西-南昌,/job/detail/2281779.html,年薪可达50万！南昌科技职业大学2026年高层次人才招聘公告,
2026,事业单位,2026高校/科研院所人才引进（高校人才网）,南昌科技职业大学,南昌科技职业大学 机电一体化专任教师,博士研究生,,,网申+考核,,,招聘人数：4；待遇标签：科研启动费/安家费；薪酬：15-50万/年；单位性质：民营（私营）,南昌 江西-南昌,/job/detail/2281778.html,年薪可达50万！南昌科技职业大学2026年高层次人才招聘公告,
2026,事业单位,2026高校/科研院所人才引进（高校人才网）,南昌科技职业大学,南昌科技职业大学 计算机专任教师,博士研究生,,,网申+考核,,,招聘人数：5；待遇标签：科研启动费/安家费；薪酬：15-50万/年；单位性质：民营（私营）,南昌 江西-南昌,/job/detail/2281777.html,年薪可达50万！南昌科技职业大学2026年高层次人才招聘公告,
2026,事业单位,2026高校/科研院所人才引进（高校人才网）,南昌科技职业大学,南昌科技职业大学 人工智能专任教师,博士研究生,,,网申+考核,,,招聘人数：5；待遇标签：科研启动费/安家费；薪酬：15-50万/年；单位性质：民营（私营）,南昌 江西-南昌,/job/detail/2281776.html,年薪可达50万！南昌科技职业大学2026年高层次人才招聘公告,
2026,事业单位,2026高校/科研院所人才引进（高校人才网）,南昌科技职业大学,南昌科技职业大学 汽车智能技术专任教师,博士研究生,,,网申+考核,,,招聘人数：2；待遇标签：安家费/科研启动费；薪酬：15-50万/年；单位性质：民营（私营）,南昌 江西-南昌,/job/detail/2281775.html,年薪可达50万！南昌科技职业大学2026年高层次人才招聘公告,
2026,事业单位,2026高校/科研院所人才引进（高校人才网）,南昌科技职业大学,南昌科技职业大学 无人机专任教师,博士研究生,,,网申+考核,,,招聘人数：2；待遇标签：科研启动费/安家费；薪酬：15-50万/年；单位性质：民营（私营）,南昌 江西-南昌,/job/detail/2281774.html,年薪可达50万！南昌科技职业大学2026年高层次人才招聘公告,
2026,事业单位,2026高校/科研院所人才引进（高校人才网）,南昌科技职业大学,南昌科技职业大学 计算机专任教师,博士研究生,,,网申+考核,,,招聘人数：2；待遇标签：科研启动费/安家费；薪酬：15-50万/年；单位性质：民营（私营）,南昌 江西-南昌,/job/detail/2281773.html,年薪可达50万！南昌科技职业大学2026年高层次人才招聘公告,
2026,事业单位,2026高校/科研院所人才引进（高校人才网）,山东人才集团,山东人才集团 博士后科研岗（中国科学院烟台海岸带研究所）,博士研究生,,,网申+考核,,,招聘人数：40；待遇标签：住房补贴/五险一金；薪酬：15-40万/年；单位性质：公立（国有）,烟台 山东-烟台,/job/detail/2280040.html,,
2026,事业单位,2026高校/科研院所人才引进（高校人才网）,山东人才集团,山东人才集团 助理研究员（学术骨干） 、博士后（特别研究助理）,博士研究生,,,网申+考核,,,招聘人数：20；待遇标签：住房补贴/五险一金；薪酬：15-40万/年；单位性质：公立（国有）,烟台 山东-烟台,/job/detail/2280036.html,,
2026,事业单位,2026高校/科研院所人才引进（高校人才网）,山东人才集团,山东人才集团 博士后科研岗（烟台新药创制山东省实验室）,博士研究生,,,网申+考核,,,招聘人数：15；待遇标签：住房补贴/五险一金；薪酬：15-40万/年；单位性质：公立（国有）,烟台 山东-烟台,/job/detail/2280033.html,,
2026,事业单位,2026高校/科研院所人才引进（高校人才网）,山东人才集团,山东人才集团 博士后科研岗（山东玲珑轮胎股份有限公司）,博士研究生,,,网申+考核,,,招聘人数：2；待遇标签：住房补贴/五险一金；薪酬：15-40万/年；单位性质：公立（国有）,烟台 山东-烟台,/job/detail/2280012.html,,
2026,事业单位,2026高校/科研院所人才引进（高校人才网）,山东人才集团,山东人才集团 博士后科研岗（山东金软科技股份有限公司）,博士研究生,,,网申+考核,,,招聘人数：1；待遇标签：住房补贴/五险一金；薪酬：15-40万/年；单位性质：公立（国有）,烟台 山东-烟台,/job/detail/2280011.html,,
2026,事业单位,2026高校/科研院所人才引进（高校人才网）,山东人才集团,山东人才集团 博士后科研岗（东方航天港研究院）,博士研究生,,,网申+考核,,,招聘人数：2；待遇标签：住房补贴/五险一金；薪酬：15-40万/年；单位性质：公立（国有）,烟台 山东-烟台,/job/detail/2280010.html,,
2026,事业单位,2026高校/科研院所人才引进（高校人才网）,山东人才集团,山东人才集团 智能装备研究院研发总工,博士研究生,,,网申+考核,,,招聘人数：4；待遇标签：住房补贴/五险一金；薪酬：15-40万/年；单位性质：公立（国有）,烟台 山东-烟台,/job/detail/2280009.html,,
2026,事业单位,2026高校/科研院所人才引进（高校人才网）,山东人才集团,山东人才集团 科技成果转化博士,博士研究生,,,网申+考核,,,招聘人数：10；待遇标签：住房补贴/五险一金；薪酬：15-40万/年；单位性质：公立（国有）,烟台 山东-烟台,/job/detail/2280005.html,,
2026,事业单位,2026高校/科研院所人才引进（高校人才网）,山东人才集团,山东人才集团 聚酯多元醇研发工程师,博士研究生,,,网申+考核,,,招聘人数：3；待遇标签：住房补贴/五险一金；薪酬：15-40万/年；单位性质：公立（国有）,烟台 山东-烟台,/job/detail/2280001.html,,
2026,事业单位,2026高校/科研院所人才引进（高校人才网）,山东人才集团,山东人才集团 博士后科研岗（山东隽秀生物科技股份有限公司）,博士研究生,,,网申+考核,,,招聘人数：3；待遇标签：住房补贴/五险一金；薪酬：15-40万/年；单位性质：公立（国有）,烟台 山东-烟台,/job/detail/2279999.html,,
2026,事业单位,2026高校/科研院所人才引进（高校人才网）,山东人才集团,山东人才集团 博士后科研岗（荣昌生物制药（烟台）股份有限公司）,博士研究生,,,网申+考核,,,招聘人数：4；待遇标签：住房补贴/五险一金；薪酬：15-40万/年；单位性质：公立（国有）,烟台 山东-烟台,/job/detail/2279998.html,,
2026,事业单位,2026高校/科研院所人才引进（高校人才网）,山东人才集团,山东人才集团 药代动力学研究员,博士研究生,,,网申+考核,,,招聘人数：5；待遇标签：住房补贴/五险一金；薪酬：15-40万/年；单位性质：公立（国有）,烟台 山东-烟台,/job/detail/2279997.html,,
2026,事业单位,2026高校/科研院所人才引进（高校人才网）,山东人才集团,山东人才集团 研发工程师,博士研究生,,,网申+考核,,,招聘人数：10；待遇标签：住房补贴/五险一金；薪酬：15-40万/年；单位性质：公立（国有）,烟台 山东-烟台,/job/detail/2279996.html,,
2026,事业单位,2026高校/科研院所人才引进（高校人才网）,山东人才集团,山东人才集团 经营副院长、总师/副总师,博士研究生,,,网申+考核,,,招聘人数：8；待遇标签：住房补贴/五险一金；薪酬：15-40万/年；单位性质：公立（国有）,烟台 山东-烟台,/job/detail/2279995.html,,
2026,事业单位,2026高校/科研院所人才引进（高校人才网）,山东人才集团,山东人才集团 博士后科研岗（烟台中集来福士海洋科技集团有限公司）,博士研究生,,,网申+考核,,,招聘人数：2；待遇标签：住房补贴/五险一金；薪酬：15-40万/年；单位性质：公立（国有）,烟台 山东-烟台,/job/detail/2279994.html,,
2026,事业单位,2026高校/科研院所人才引进（高校人才网）,山东人才集团,山东人才集团 高端装备产业工程师,博士研究生,,,网申+考核,,,招聘人数：20；待遇标签：住房补贴/五险一金；薪酬：15-40万/年；单位性质：公立（国有）,烟台 山东-烟台,/job/detail/2279993.html,,
2026,事业单位,2026高校/科研院所人才引进（高校人才网）,山东人才集团,山东人才集团 大模型应用开发,博士研究生,,,网申+考核,,,招聘人数：10；待遇标签：住房补贴/五险一金；薪酬：15-40万/年；单位性质：公立（国有）,烟台 山东-烟台,/job/detail/2279991.html,,
2026,事业单位,2026高校/科研院所人才引进（高校人才网）,山东人才集团,山东人才集团 博士后科研岗（东方电子集团有限公司）,博士研究生,,,网申+考核,,,招聘人数：6；待遇标签：住房补贴/五险一金；薪酬：15-40万/年；单位性质：公立（国有）,烟台 山东-烟台,/job/detail/2279990.html,,
2026,事业单位,2026高校/科研院所人才引进（高校人才网）,山东人才集团,山东人才集团 研发工程师,博士研究生,,,网申+考核,,,招聘人数：30；待遇标签：住房补贴/五险一金；薪酬：15-40万/年；单位性质：公立（国有）,烟台 山东-烟台,/job/detail/2279989.html,,
2026,事业单位,2026高校/科研院所人才引进（高校人才网）,山东人才集团,山东人才集团 山东工商学院高层次人才岗,博士研究生,,,网申+考核,,,招聘人数：30；待遇标签：住房补贴/五险一金；薪酬：15-40万/年；单位性质：公立（国有）,烟台 山东-烟台,/job/detail/2279986.html,,
2026,事业单位,2026高校/科研院所人才引进（高校人才网）,山东人才集团,山东人才集团 鲁东大学高层次人才岗,博士研究生,,,网申+考核,,,招聘人数：50；待遇标签：住房补贴/五险一金；薪酬：15-40万/年；单位性质：公立（国有）,烟台 山东-烟台,/job/detail/2279985.html,,
2026,事业单位,2026高校/科研院所人才引进（高校人才网）,山东人才集团,山东人才集团 山东医药大学高层次人才岗,博士研究生,,,网申+考核,,,招聘人数：50；待遇标签：住房补贴/五险一金；薪酬：15-40万/年；单位性质：公立（国有）,烟台 山东-烟台,/job/detail/2279984.html,,
2026,事业单位,2026高校/科研院所人才引进（高校人才网）,山东人才集团,山东人才集团 烟台大学高层次人才岗,博士研究生,,,网申+考核,,,招聘人数：50；待遇标签：住房补贴/五险一金；薪酬：15-40万/年；单位性质：公立（国有）,烟台 山东-烟台,/job/detail/2279983.html,,
2026,事业单位,2026高校/科研院所人才引进（高校人才网）,南昌影视传播职业学院,南昌影视传播职业学院 招生老师,大专,,,网申+考核,,,招聘人数：20；待遇标签：提供住房公寓/五险一金；薪酬：面议；单位性质：民营（私营）,南昌 江西-南昌,/job/detail/2277865.html,南昌影视传播职业学院2026年人才引进（招聘）公告,
2026,事业单位,2026高校/科研院所人才引进（高校人才网）,山东人才集团,山东人才集团 山东工程职业技术大学高层次人才岗,博士研究生,,,网申+考核,,,招聘人数：15；薪酬：15-25万/年；单位性质：公立（国有）,济南 山东-济南,/job/detail/2270160.html,,
2026,事业单位,2026高校/科研院所人才引进（高校人才网）,广州涉外经济职业技术学院,广州涉外经济职业技术学院 华文与国际教育学院英语专任教师,硕士研究生,,,网申+考核,,,招聘人数：若干；待遇标签：科研奖励/五险一金；薪酬：面议；单位性质：民营（私营）,广州 广东-广州,/job/detail/2265285.html,广州涉外经济职业技术学院2025-2026学年度第二学期招聘公告,
2026,事业单位,2026高校/科研院所人才引进（高校人才网）,江西洪州职业学院,江西洪州职业学院 专职辅导员,本科,,,网申+考核,,,招聘人数：4；待遇标签：提供住房公寓/五险一金；薪酬：5-7万/年；单位性质：民营（私营）,宜春 江西-宜春,/job/detail/2265210.html,江西洪州职业学院2026年人才招聘公告,
2026,事业单位,2026高校/科研院所人才引进（高校人才网）,广州涉外经济职业技术学院,广州涉外经济职业技术学院 图书馆综合管理岗,硕士研究生,,,网申+考核,,,招聘人数：若干；待遇标签：科研奖励/五险一金；薪酬：面议；单位性质：民营（私营）,清远 广东-清远,/job/detail/2252763.html,广州涉外经济职业技术学院2025-2026学年度第二学期招聘公告,
2026,事业单位,2026高校/科研院所人才引进（高校人才网）,山东人才集团,山东人才集团 青岛恒星科技学院高层次人才引进,博士研究生,,,网申+考核,,,招聘人数：30；待遇标签：安家费/科研启动费；薪酬：15-60万/年；单位性质：公立（国有）,青岛 山东-青岛,/job/detail/2252424.html,,
2026,事业单位,2026高校/科研院所人才引进（高校人才网）,山东人才集团,山东人才集团 青岛城市学院生物制药学科带头人,博士研究生,,,网申+考核,,,招聘人数：2；薪酬：50万/年；单位性质：公立（国有）,青岛 山东-青岛,/job/detail/2249537.html,,
2026,事业单位,2026高校/科研院所人才引进（高校人才网）,山东人才集团,山东人才集团 青岛城市学院智能制造、机械人、机械专业学科带头人,博士研究生,,,网申+考核,,,招聘人数：3；薪酬：50万/年；单位性质：公立（国有）,青岛 山东-青岛,/job/detail/2249094.html,,
2026,事业单位,2026高校/科研院所人才引进（高校人才网）,山东人才集团,山东人才集团 清原集团（青岛）有机合成高级研究员/,博士研究生,,,网申+考核,,,招聘人数：2；薪酬：30-45万/年；单位性质：公立（国有）,青岛 山东-青岛,/job/detail/2248965.html,,
2026,事业单位,2026高校/科研院所人才引进（高校人才网）,广州涉外经济职业技术学院,广州涉外经济职业技术学院 华文与国际教育学院专任教师,本科,,,网申+考核,,,招聘人数：若干；待遇标签：科研奖励/五险一金；薪酬：面议；单位性质：民营（私营）,广州 广东-广州,/job/detail/2241460.html,广州涉外经济职业技术学院2025-2026学年度第二学期招聘公告,
2026,事业单位,2026高校/科研院所人才引进（高校人才网）,广州涉外经济职业技术学院,广州涉外经济职业技术学院 护理/中康专业群教研室主任,硕士研究生,,,网申+考核,,,招聘人数：若干；待遇标签：科研奖励/五险一金；薪酬：面议；单位性质：民营（私营）,广州 广东-广州,/job/detail/2237818.html,广州涉外经济职业技术学院2025-2026学年度第二学期招聘公告,
2026,事业单位,2026高校/科研院所人才引进（高校人才网）,广州涉外经济职业技术学院,广州涉外经济职业技术学院 集团传媒管理中心采编,本科,,,网申+考核,,,招聘人数：若干；待遇标签：科研奖励/五险一金；薪酬：面议；单位性质：民营（私营）,广州 广东-广州,/job/detail/2231599.html,广州涉外经济职业技术学院2025-2026学年度第二学期招聘公告,
2026,事业单位,2026高校/科研院所人才引进（高校人才网）,广州涉外经济职业技术学院,广州涉外经济职业技术学院 集团传媒管理中心采编主任,本科,,,网申+考核,,,招聘人数：若干；待遇标签：科研奖励/五险一金；薪酬：面议；单位性质：民营（私营）,广州 广东-广州,/job/detail/2231598.html,广州涉外经济职业技术学院2025-2026学年度第二学期招聘公告,
2026,事业单位,2026高校/科研院所人才引进（高校人才网）,广州涉外经济职业技术学院,广州涉外经济职业技术学院 应急救援技术专任教师,硕士研究生,,,网申+考核,,,招聘人数：若干；待遇标签：科研奖励/五险一金；薪酬：面议；单位性质：民营（私营）,清远 广东-清远,/job/detail/2231588.html,广州涉外经济职业技术学院2025-2026学年度第二学期招聘公告,
2026,事业单位,2026高校/科研院所人才引进（高校人才网）,广州涉外经济职业技术学院,广州涉外经济职业技术学院 安全技术与管理专任教师,硕士研究生,,,网申+考核,,,招聘人数：若干；待遇标签：科研奖励/五险一金；薪酬：面议；单位性质：民营（私营）,清远 广东-清远,/job/detail/2231587.html,广州涉外经济职业技术学院2025-2026学年度第二学期招聘公告,
2026,事业单位,2026高校/科研院所人才引进（高校人才网）,首都医学科学创新中心,首都医学科学创新中心 结构生物学助理研究员,博士研究生,,,网申+考核,,,招聘人数：若干；待遇标签：五险一金/带薪年假；薪酬：面议；单位性质：非盈利组织及其他,北京 北京-北京,/job/detail/2208993.html,首都医学科学创新中心冷方伟实验室2026年招聘科研助理/实验室管理员、结构生物学博士后/助理研究员,
2026,事业单位,2026高校/科研院所人才引进（高校人才网）,首都医学科学创新中心,首都医学科学创新中心 结构生物学博士后,博士研究生,,,网申+考核,,,招聘人数：若干；待遇标签：五险一金/带薪年假；薪酬：面议；单位性质：非盈利组织及其他,北京 北京-北京,/job/detail/2208992.html,首都医学科学创新中心冷方伟实验室2026年招聘科研助理/实验室管理员、结构生物学博士后/助理研究员,
2026,事业单位,2026高校/科研院所人才引进（高校人才网）,首都医学科学创新中心,首都医学科学创新中心 科研助理/实验室管理员,本科,,,网申+考核,,,招聘人数：若干；待遇标签：五险一金/带薪年假；薪酬：面议；单位性质：非盈利组织及其他,北京 北京-北京,/job/detail/2208991.html,首都医学科学创新中心冷方伟实验室2026年招聘科研助理/实验室管理员、结构生物学博士后/助理研究员,
2026,事业单位,2026高校/科研院所人才引进（高校人才网）,首都医学科学创新中心,首都医学科学创新中心 质谱技术工程师Mass Spectrometry Technical Engineer,硕士研究生,,,网申+考核,,,招聘人数：若干；待遇标签：五险一金/带薪年假；薪酬：面议；单位性质：非盈利组织及其他,北京 北京-北京,/job/detail/2206695.html,首都医学科学创新中心医学质谱平台2026年招聘质谱技术工程师,
2026,事业单位,2026高校/科研院所人才引进（高校人才网）,首都医学科学创新中心,首都医学科学创新中心 助理研究员-梅林实验室,博士研究生,,,网申+考核,,,招聘人数：若干；待遇标签：五险一金/定期/免费体检；薪酬：面议；单位性质：非盈利组织及其他,北京 北京-北京,/job/detail/2203043.html,首都医学科学创新中心梅林实验室2026年招聘公告,
2026,事业单位,2026高校/科研院所人才引进（高校人才网）,山东人才集团,山东人才集团 山东商务职业学院高层次人才岗,博士研究生,,,网申+考核,,,招聘人数：20；待遇标签：安家费/科研启动费；薪酬：15-25万/年；单位性质：公立（国有）,烟台 山东-烟台,/job/detail/2200941.html,,
2026,事业单位,2026高校/科研院所人才引进（高校人才网）,广州涉外经济职业技术学院,广州涉外经济职业技术学院 医学检验技术专任教师,硕士研究生,,,网申+考核,,,招聘人数：若干；待遇标签：科研奖励/五险一金；薪酬：面议；单位性质：民营（私营）,广州 广东-广州,/job/detail/2197940.html,广州涉外经济职业技术学院2025-2026学年度第二学期招聘公告,
2026,事业单位,2026高校/科研院所人才引进（高校人才网）,广州涉外经济职业技术学院,广州涉外经济职业技术学院 药学专任教师,硕士研究生,,,网申+考核,,,招聘人数：若干；待遇标签：科研奖励/五险一金；薪酬：面议；单位性质：民营（私营）,广州 广东-广州,/job/detail/2196987.html,广州涉外经济职业技术学院2025-2026学年度第二学期招聘公告,
2026,事业单位,2026高校/科研院所人才引进（高校人才网）,广州涉外经济职业技术学院,广州涉外经济职业技术学院 医学美容技术专任教师,硕士研究生,,,网申+考核,,,招聘人数：若干；待遇标签：科研奖励/五险一金；薪酬：面议；单位性质：民营（私营）,广州 广东-广州,/job/detail/2196986.html,广州涉外经济职业技术学院2025-2026学年度第二学期招聘公告,
2026,事业单位,2026高校/科研院所人才引进（高校人才网）,广州涉外经济职业技术学院,广州涉外经济职业技术学院 口腔医学技术专任教师,硕士研究生,,,网申+考核,,,招聘人数：若干；待遇标签：科研奖励/五险一金；薪酬：面议；单位性质：民营（私营）,广州 广东-广州,/job/detail/2196985.html,广州涉外经济职业技术学院2025-2026学年度第二学期招聘公告,
2026,事业单位,2026高校/科研院所人才引进（高校人才网）,河北外国语学院国际语言教育学院,河北外国语学院国际语言教育学院 专职任课教师-思政类,硕士研究生,,,网申+考核,,,招聘人数：3；待遇标签：节日福利/周末双休；薪酬：面议；单位性质：民营（私营）,石家庄 河北-石家庄,/job/detail/2157232.html,河北外国语学院国际语言教育学院2026年教师招聘,
2026,事业单位,2026高校/科研院所人才引进（高校人才网）,广州涉外经济职业技术学院,广州涉外经济职业技术学院 跨境电子商务专业教师,硕士研究生,,,网申+考核,,,招聘人数：若干；待遇标签：科研奖励/五险一金；薪酬：面议；单位性质：民营（私营）,清远 广东-清远,/job/detail/2149341.html,广州涉外经济职业技术学院2025-2026学年度第二学期招聘公告,
2026,事业单位,2026高校/科研院所人才引进（高校人才网）,广州涉外经济职业技术学院,广州涉外经济职业技术学院 电子商务专业教师（电商市场方向）,硕士研究生,,,网申+考核,,,招聘人数：若干；待遇标签：科研奖励/五险一金；薪酬：面议；单位性质：民营（私营）,清远 广东-清远,/job/detail/2149340.html,广州涉外经济职业技术学院2025-2026学年度第二学期招聘公告,
2026,事业单位,2026高校/科研院所人才引进（高校人才网）,广州涉外经济职业技术学院,广州涉外经济职业技术学院 电子商务专业教师（美工与视频方向）,硕士研究生,,,网申+考核,,,招聘人数：若干；待遇标签：科研奖励/五险一金；薪酬：面议；单位性质：民营（私营）,清远 广东-清远,/job/detail/2149339.html,广州涉外经济职业技术学院2025-2026学年度第二学期招聘公告,
2026,事业单位,2026高校/科研院所人才引进（高校人才网）,广州涉外经济职业技术学院,广州涉外经济职业技术学院 电子商务专业教师（直播电商方向）,硕士研究生,,,网申+考核,,,招聘人数：若干；待遇标签：科研奖励/五险一金；薪酬：面议；单位性质：民营（私营）,清远 广东-清远,/job/detail/2149338.html,广州涉外经济职业技术学院2025-2026学年度第二学期招聘公告,
2026,事业单位,2026高校/科研院所人才引进（高校人才网）,广州涉外经济职业技术学院,广州涉外经济职业技术学院 实训室管理员,本科,,,网申+考核,,,招聘人数：若干；待遇标签：科研奖励/五险一金；薪酬：面议；单位性质：民营（私营）,清远 广东-清远,/job/detail/2149337.html,广州涉外经济职业技术学院2025-2026学年度第二学期招聘公告,
2026,事业单位,2026高校/科研院所人才引进（高校人才网）,广州涉外经济职业技术学院,广州涉外经济职业技术学院 大数据与会计专业教师,硕士研究生,,,网申+考核,,,招聘人数：若干；待遇标签：科研奖励/五险一金；薪酬：面议；单位性质：民营（私营）,清远 广东-清远,/job/detail/2149336.html,广州涉外经济职业技术学院2025-2026学年度第二学期招聘公告,
2026,事业单位,2026高校/科研院所人才引进（高校人才网）,广州涉外经济职业技术学院,广州涉外经济职业技术学院 动漫制作技术专业教师,硕士研究生,,,网申+考核,,,招聘人数：若干；待遇标签：科研奖励/五险一金；薪酬：面议；单位性质：民营（私营）,广州 广东-广州,/job/detail/2141903.html,广州涉外经济职业技术学院2025-2026学年度第二学期招聘公告,
2026,事业单位,2026高校/科研院所人才引进（高校人才网）,广州涉外经济职业技术学院,广州涉外经济职业技术学院 数字媒体技术专业教师,硕士研究生,,,网申+考核,,,招聘人数：若干；待遇标签：科研奖励/五险一金；薪酬：面议；单位性质：民营（私营）,广州 广东-广州,/job/detail/2141902.html,广州涉外经济职业技术学院2025-2026学年度第二学期招聘公告,
2026,事业单位,2026高校/科研院所人才引进（高校人才网）,广州涉外经济职业技术学院,广州涉外经济职业技术学院 物联网应用技术专业教师,硕士研究生,,,网申+考核,,,招聘人数：若干；待遇标签：科研奖励/五险一金；薪酬：面议；单位性质：民营（私营）,广州 广东-广州,/job/detail/2141901.html,广州涉外经济职业技术学院2025-2026学年度第二学期招聘公告,
2026,事业单位,2026高校/科研院所人才引进（高校人才网）,山东人才集团,山东人才集团 枣庄学院高层次人才岗,博士研究生,,,网申+考核,,,招聘人数：10；薪酬：40-100万/年；单位性质：公立（国有）,枣庄 山东-枣庄,/job/detail/2128487.html,,
2026,事业单位,2026高校/科研院所人才引进（高校人才网）,上海中华职业技术学院,上海中华职业技术学院 酒店市场营销专任教师,本科,,,网申+考核,,,招聘人数：1；待遇标签：提供住房公寓/节日福利；薪酬：1-1.5万/月；单位性质：民营（私营）,上海 上海-上海,/job/detail/2124081.html,,
2026,事业单位,2026高校/科研院所人才引进（高校人才网）,上海中华职业技术学院,上海中华职业技术学院 中心面点专任教师,本科,,,网申+考核,,,招聘人数：2；待遇标签：提供住房公寓/节日福利；薪酬：1-1.5万/月；单位性质：民营（私营）,上海 上海-上海,/job/detail/2124068.html,,
2026,事业单位,2026高校/科研院所人才引进（高校人才网）,上海中华职业技术学院,上海中华职业技术学院 咖啡饮品专任教师,本科,,,网申+考核,,,招聘人数：1；待遇标签：提供住房公寓/节日福利；薪酬：1-1.5万/月；单位性质：民营（私营）,上海 上海-上海,/job/detail/2124052.html,,
2026,事业单位,2026高校/科研院所人才引进（高校人才网）,上海中华职业技术学院,上海中华职业技术学院 烹饪专任教师,本科,,,网申+考核,,,招聘人数：2；待遇标签：提供住房公寓/节日福利；薪酬：1-1.5万/月；单位性质：民营（私营）,上海 上海-上海,/job/detail/2124039.html,,
2026,事业单位,2026高校/科研院所人才引进（高校人才网）,广州涉外经济职业技术学院,广州涉外经济职业技术学院 电气自动化技术专任教师,硕士研究生,,,网申+考核,,,招聘人数：若干；待遇标签：科研奖励/五险一金；薪酬：面议；单位性质：民营（私营）,清远 广东-清远,/job/detail/2123636.html,广州涉外经济职业技术学院2025-2026学年度第二学期招聘公告,
2026,事业单位,2026高校/科研院所人才引进（高校人才网）,广州涉外经济职业技术学院,广州涉外经济职业技术学院 汽车制造与实验技术专任教师,硕士研究生,,,网申+考核,,,招聘人数：若干；待遇标签：科研奖励/五险一金；薪酬：面议；单位性质：民营（私营）,清远 广东-清远,/job/detail/2123635.html,广州涉外经济职业技术学院2025-2026学年度第二学期招聘公告,
2026,事业单位,2026高校/科研院所人才引进（高校人才网）,广州涉外经济职业技术学院,广州涉外经济职业技术学院 智能网联汽车技术专任教师,硕士研究生,,,网申+考核,,,招聘人数：若干；待遇标签：科研奖励/五险一金；薪酬：面议；单位性质：民营（私营）,清远 广东-清远,/job/detail/2123634.html,广州涉外经济职业技术学院2025-2026学年度第二学期招聘公告,
2026,事业单位,2026高校/科研院所人才引进（高校人才网）,广州涉外经济职业技术学院,广州涉外经济职业技术学院 新能源汽车技术专任教师,硕士研究生,,,网申+考核,,,招聘人数：若干；待遇标签：科研奖励/五险一金；薪酬：面议；单位性质：民营（私营）,清远 广东-清远,/job/detail/2123633.html,广州涉外经济职业技术学院2025-2026学年度第二学期招聘公告,
2026,事业单位,2026高校/科研院所人才引进（高校人才网）,广州涉外经济职业技术学院,广州涉外经济职业技术学院 计算机应用专任教师,硕士研究生,,,网申+考核,,,招聘人数：若干；待遇标签：科研奖励/五险一金；薪酬：面议；单位性质：民营（私营）,清远 广东-清远,/job/detail/2117236.html,广州涉外经济职业技术学院2025-2026学年度第二学期招聘公告,
2026,事业单位,2026高校/科研院所人才引进（高校人才网）,广州涉外经济职业技术学院,广州涉外经济职业技术学院 人工智能专任教师,硕士研究生,,,网申+考核,,,招聘人数：若干；待遇标签：科研奖励/五险一金；薪酬：面议；单位性质：民营（私营）,清远 广东-清远,/job/detail/2117235.html,广州涉外经济职业技术学院2025-2026学年度第二学期招聘公告,
2026,事业单位,2026高校/科研院所人才引进（高校人才网）,广州涉外经济职业技术学院,广州涉外经济职业技术学院 软件技术专任教师,硕士研究生,,,网申+考核,,,招聘人数：若干；待遇标签：科研奖励/五险一金；薪酬：面议；单位性质：民营（私营）,清远 广东-清远,/job/detail/2117234.html,广州涉外经济职业技术学院2025-2026学年度第二学期招聘公告,
2026,事业单位,2026高校/科研院所人才引进（高校人才网）,广州涉外经济职业技术学院,广州涉外经济职业技术学院 大数据技术专任教师,硕士研究生,,,网申+考核,,,招聘人数：若干；待遇标签：科研奖励/五险一金；薪酬：面议；单位性质：民营（私营）,清远 广东-清远,/job/detail/2117233.html,广州涉外经济职业技术学院2025-2026学年度第二学期招聘公告,
2026,事业单位,2026高校/科研院所人才引进（高校人才网）,广州涉外经济职业技术学院,广州涉外经济职业技术学院 物联网技专任教师,硕士研究生,,,网申+考核,,,招聘人数：若干；待遇标签：科研奖励/五险一金；薪酬：面议；单位性质：民营（私营）,清远 广东-清远,/job/detail/2117232.html,广州涉外经济职业技术学院2025-2026学年度第二学期招聘公告,
2026,事业单位,2026高校/科研院所人才引进（高校人才网）,广州涉外经济职业技术学院,广州涉外经济职业技术学院 计算机网络专任教师,硕士研究生,,,网申+考核,,,招聘人数：若干；待遇标签：科研奖励/五险一金；薪酬：面议；单位性质：民营（私营）,清远 广东-清远,/job/detail/2117231.html,广州涉外经济职业技术学院2025-2026学年度第二学期招聘公告,
2026,事业单位,2026高校/科研院所人才引进（高校人才网）,山东人才集团,山东人才集团 枣庄某三甲公立医院高层次人才,博士研究生,,,网申+考核,,,招聘人数：5；待遇标签：安家费/科研启动费；薪酬：30-40万/年；单位性质：公立（国有）,枣庄 山东-枣庄,/job/detail/2096912.html,,
2026,事业单位,2026高校/科研院所人才引进（高校人才网）,江西洪州职业学院,江西洪州职业学院 商学院学科带头人,硕士研究生,,,网申+考核,,,招聘人数：1；待遇标签：节日福利/带薪寒暑假；薪酬：面议；单位性质：民营（私营）,宜春 江西-宜春,/job/detail/2083398.html,江西洪州职业学院2026年学科带头人招聘公告,
2026,事业单位,2026高校/科研院所人才引进（高校人才网）,江西洪州职业学院,江西洪州职业学院 智能制造产业学院学科带头人,硕士研究生,,,网申+考核,,,招聘人数：2；待遇标签：带薪寒暑假/节日福利；薪酬：面议；单位性质：民营（私营）,宜春 江西-宜春,/job/detail/2083397.html,江西洪州职业学院2026年学科带头人招聘公告,
2026,事业单位,2026高校/科研院所人才引进（高校人才网）,江西洪州职业学院,江西洪州职业学院 护理与健康管理学院学科带头人,硕士研究生,,,网申+考核,,,招聘人数：1；待遇标签：带薪寒暑假/节日福利；薪酬：面议；单位性质：民营（私营）,宜春 江西-宜春,/job/detail/2083396.html,江西洪州职业学院2026年学科带头人招聘公告,
2026,事业单位,2026高校/科研院所人才引进（高校人才网）,江西洪州职业学院,江西洪州职业学院 数字产业学院学科带头人,硕士研究生,,,网申+考核,,,招聘人数：1；待遇标签：带薪寒暑假/节日福利；薪酬：面议；单位性质：民营（私营）,宜春 江西-宜春,/job/detail/2083395.html,江西洪州职业学院2026年学科带头人招聘公告,
2026,事业单位,2026高校/科研院所人才引进（高校人才网）,江西洪州职业学院,江西洪州职业学院 新能源产业学院学科带头人,硕士研究生,,,网申+考核,,,招聘人数：1；待遇标签：带薪寒暑假/节日福利；薪酬：面议；单位性质：民营（私营）,宜春 江西-宜春,/job/detail/2083394.html,江西洪州职业学院2026年学科带头人招聘公告,
2026,事业单位,2026高校/科研院所人才引进（高校人才网）,广州涉外经济职业技术学院,广州涉外经济职业技术学院 宿管员,其他,,,网申+考核,,,招聘人数：若干；待遇标签：科研奖励/五险一金；薪酬：面议；单位性质：民营（私营）,广州 广东-广州,/job/detail/2083360.html,广州涉外经济职业技术学院2025-2026学年度第二学期招聘公告,
2026,事业单位,2026高校/科研院所人才引进（高校人才网）,首都医学科学创新中心,首都医学科学创新中心 科研助理Research Assistant-冷方伟实验室,本科,,,网申+考核,,,招聘人数：若干；待遇标签：五险一金/带薪年假；薪酬：面议；单位性质：非盈利组织及其他,北京 北京-北京,/job/detail/2077896.html,首都医学科学创新中心冷方伟实验室2026年招聘博士后/科研助理,
2026,事业单位,2026高校/科研院所人才引进（高校人才网）,首都医学科学创新中心,首都医学科学创新中心 博士后Postdoctoral Researcher-冷方伟实验室,博士研究生,,,网申+考核,,,招聘人数：若干；待遇标签：五险一金/带薪年假；薪酬：面议；单位性质：非盈利组织及其他,北京 北京-北京,/job/detail/2077895.html,首都医学科学创新中心冷方伟实验室2026年招聘博士后/科研助理,
2026,事业单位,2026高校/科研院所人才引进（高校人才网）,江西洪州职业学院,江西洪州职业学院 智能制造产业学院专职教师-机械类相关专业,硕士研究生,,,网申+考核,,,招聘人数：若干；待遇标签：提供住房公寓/五险一金；薪酬：8-10万/年；单位性质：民营（私营）,宜春 江西-宜春,/job/detail/2077033.html,江西洪州职业学院2026年人才招聘公告,
2026,事业单位,2026高校/科研院所人才引进（高校人才网）,江西洪州职业学院,江西洪州职业学院 智能制造产业学院专职教师-电气自动化技术专业,硕士研究生,,,网申+考核,,,招聘人数：若干；待遇标签：提供住房公寓/五险一金；薪酬：8-10万/年；单位性质：民营（私营）,宜春 江西-宜春,/job/detail/2077032.html,江西洪州职业学院2026年人才招聘公告,
2026,事业单位,2026高校/科研院所人才引进（高校人才网）,江西洪州职业学院,江西洪州职业学院 智能制造产业学院专职教师-数字化设计与制造技术相关专业,硕士研究生,,,网申+考核,,,招聘人数：若干；待遇标签：提供住房公寓/五险一金；薪酬：8-10万/年；单位性质：民营（私营）,宜春 江西-宜春,/job/detail/2077031.html,江西洪州职业学院2026年人才招聘公告,
2026,事业单位,2026高校/科研院所人才引进（高校人才网）,江西洪州职业学院,江西洪州职业学院 智能制造产业学院专职教师-工业机器人技术相关专业,硕士研究生,,,网申+考核,,,招聘人数：若干；待遇标签：提供住房公寓/五险一金；薪酬：8-10万/年；单位性质：民营（私营）,宜春 江西-宜春,/job/detail/2077030.html,江西洪州职业学院2026年人才招聘公告,
2026,事业单位,2026高校/科研院所人才引进（高校人才网）,江西洪州职业学院,江西洪州职业学院 金工实训教师,硕士研究生,,,网申+考核,,,招聘人数：若干；待遇标签：提供住房公寓/五险一金；薪酬：8-10万/年；单位性质：民营（私营）,宜春 江西-宜春,/job/detail/2077029.html,江西洪州职业学院2026年人才招聘公告,
2026,事业单位,2026高校/科研院所人才引进（高校人才网）,江西洪州职业学院,江西洪州职业学院 智能制造产业学院专职教师-数控技术相关专业,硕士研究生,,,网申+考核,,,招聘人数：若干；待遇标签：提供住房公寓/五险一金；薪酬：8-10万/年；单位性质：民营（私营）,宜春 江西-宜春,/job/detail/2077028.html,江西洪州职业学院2026年人才招聘公告,
2026,事业单位,2026高校/科研院所人才引进（高校人才网）,江西洪州职业学院,江西洪州职业学院 数字产业学院专职教师-网络技术类相关专业,硕士研究生,,,网申+考核,,,招聘人数：若干；待遇标签：提供住房公寓/五险一金；薪酬：8-10万/年；单位性质：民营（私营）,宜春 江西-宜春,/job/detail/2077026.html,江西洪州职业学院2026年人才招聘公告,
2026,事业单位,2026高校/科研院所人才引进（高校人才网）,江西洪州职业学院,江西洪州职业学院 数字产业学院专职教师-集成电路技术相关专业,硕士研究生,,,网申+考核,,,招聘人数：若干；待遇标签：提供住房公寓/五险一金；薪酬：8-10万/年；单位性质：民营（私营）,宜春 江西-宜春,/job/detail/2077025.html,江西洪州职业学院2026年人才招聘公告,
2026,事业单位,2026高校/科研院所人才引进（高校人才网）,江西洪州职业学院,江西洪州职业学院 数字产业学院专职教师-网络空间安全、信息安全相关专业,硕士研究生,,,网申+考核,,,招聘人数：若干；待遇标签：提供住房公寓/五险一金；薪酬：8-10万/年；单位性质：民营（私营）,宜春 江西-宜春,/job/detail/2077024.html,江西洪州职业学院2026年人才招聘公告,
2026,事业单位,2026高校/科研院所人才引进（高校人才网）,江西洪州职业学院,江西洪州职业学院 新能源产业学院专职教师-车辆工程、汽车维修工程教育、交通运输、载运工具运用工程相关专业,硕士研究生,,,网申+考核,,,招聘人数：若干；待遇标签：提供住房公寓/五险一金；薪酬：8-10万/年；单位性质：民营（私营）,宜春 江西-宜春,/job/detail/2077021.html,江西洪州职业学院2026年人才招聘公告,
2026,事业单位,2026高校/科研院所人才引进（高校人才网）,山东人才集团,山东人才集团 教授岗：统计/应用经济专业,博士研究生,,,网申+考核,,,招聘人数：2；薪酬：60-100万/年；单位性质：公立（国有）,济南 山东-济南,/job/detail/2049351.html,,
2026,事业单位,2026高校/科研院所人才引进（高校人才网）,广州涉外经济职业技术学院,广州涉外经济职业技术学院 教务员,本科,,,网申+考核,,,招聘人数：若干；待遇标签：科研奖励/五险一金；薪酬：面议；单位性质：民营（私营）,清远 广东-清远,/job/detail/2049313.html,广州涉外经济职业技术学院2025-2026学年度第二学期招聘公告,
2026,事业单位,2026高校/科研院所人才引进（高校人才网）,山东人才集团,山东人才集团 某高校教师/教授/副教授岗位,博士研究生,,,网申+考核,,,招聘人数：20；薪酬：35-80万/年；有编制；单位性质：公立（国有）,济南 山东-济南,/job/detail/2048917.html,,
2026,事业单位,2026高校/科研院所人才引进（高校人才网）,广州涉外经济职业技术学院,广州涉外经济职业技术学院 马克思主义学院院长,硕士研究生,,,网申+考核,,,招聘人数：若干；待遇标签：科研奖励/五险一金；薪酬：面议；单位性质：民营（私营）,广州 广东-广州,/job/detail/2044758.html,广州涉外经济职业技术学院2025-2026学年度第二学期招聘公告,
2026,事业单位,2026高校/科研院所人才引进（高校人才网）,广州涉外经济职业技术学院,广州涉外经济职业技术学院 体育课专任教师,硕士研究生,,,网申+考核,,,招聘人数：若干；待遇标签：科研奖励/五险一金；薪酬：面议；单位性质：民营（私营）,清远 广东-清远,/job/detail/2038433.html,广州涉外经济职业技术学院2025-2026学年度第二学期招聘公告,
2026,事业单位,2026高校/科研院所人才引进（高校人才网）,德阳农业科技职业学院,德阳农业科技职业学院 人事科员,硕士研究生,,,网申+考核,,,招聘人数：2；薪酬：5-7千/月；单位性质：民营（私营）,德阳 四川-德阳,/job/detail/1995265.html,,
2026,事业单位,2026高校/科研院所人才引进（高校人才网）,广州涉外经济职业技术学院,广州涉外经济职业技术学院 思政辅导员,本科,,,网申+考核,,,招聘人数：若干；待遇标签：科研奖励/五险一金；薪酬：面议；单位性质：民营（私营）,广州 广东-广州,/job/detail/1989875.html,广州涉外经济职业技术学院2025-2026学年度第二学期招聘公告,
2026,事业单位,2026高校/科研院所人才引进（高校人才网）,广州涉外经济职业技术学院,广州涉外经济职业技术学院 低空物流技术与运营专业教师,硕士研究生,,,网申+考核,,,招聘人数：若干；待遇标签：科研奖励/五险一金；薪酬：面议；单位性质：民营（私营）,清远 广东-清远,/job/detail/1989874.html,广州涉外经济职业技术学院2025-2026学年度第二学期招聘公告,
2026,事业单位,2026高校/科研院所人才引进（高校人才网）,广州涉外经济职业技术学院,广州涉外经济职业技术学院 无人机应用技术专业教师,硕士研究生,,,网申+考核,,,招聘人数：若干；待遇标签：科研奖励/五险一金；薪酬：面议；单位性质：民营（私营）,清远 广东-清远,/job/detail/1989873.html,广州涉外经济职业技术学院2025-2026学年度第二学期招聘公告,
2026,事业单位,2026高校/科研院所人才引进（高校人才网）,广州涉外经济职业技术学院,广州涉外经济职业技术学院 无人机测绘技术专业教师,硕士研究生,,,网申+考核,,,招聘人数：若干；待遇标签：科研奖励/五险一金；薪酬：面议；单位性质：民营（私营）,清远 广东-清远,/job/detail/1989872.html,广州涉外经济职业技术学院2025-2026学年度第二学期招聘公告,
2026,事业单位,2026高校/科研院所人才引进（高校人才网）,广州涉外经济职业技术学院,广州涉外经济职业技术学院 城市轨道交通供配电技术专任教师,硕士研究生,,,网申+考核,,,招聘人数：若干；待遇标签：科研奖励/五险一金；薪酬：面议；单位性质：民营（私营）,清远 广东-清远,/job/detail/1989871.html,广州涉外经济职业技术学院2025-2026学年度第二学期招聘公告,
2026,事业单位,2026高校/科研院所人才引进（高校人才网）,广州涉外经济职业技术学院,广州涉外经济职业技术学院 城市轨道交通机电技术专任教师,硕士研究生,,,网申+考核,,,招聘人数：若干；待遇标签：科研奖励/五险一金；薪酬：面议；单位性质：民营（私营）,清远 广东-清远,/job/detail/1989870.html,广州涉外经济职业技术学院2025-2026学年度第二学期招聘公告,
2026,事业单位,2026高校/科研院所人才引进（高校人才网）,广州涉外经济职业技术学院,广州涉外经济职业技术学院 民航安全技术管理专任教师,硕士研究生,,,网申+考核,,,招聘人数：若干；待遇标签：科研奖励/五险一金；薪酬：面议；单位性质：民营（私营）,广州 广东-广州,/job/detail/1989869.html,广州涉外经济职业技术学院2025-2026学年度第二学期招聘公告,
2026,事业单位,2026高校/科研院所人才引进（高校人才网）,广州涉外经济职业技术学院,广州涉外经济职业技术学院 机电一体化专任教师,硕士研究生,,,网申+考核,,,招聘人数：若干；待遇标签：科研奖励/五险一金；薪酬：面议；单位性质：民营（私营）,清远 广东-清远,/job/detail/1989865.html,广州涉外经济职业技术学院2025-2026学年度第二学期招聘公告,
2026,事业单位,2026高校/科研院所人才引进（高校人才网）,广州涉外经济职业技术学院,广州涉外经济职业技术学院 专业系主任-新能源与智能制造产业学院,硕士研究生,,,网申+考核,,,招聘人数：若干；待遇标签：科研奖励/五险一金；薪酬：面议；单位性质：民营（私营）,广州 广东-广州,/job/detail/1989864.html,广州涉外经济职业技术学院2025-2026学年度第二学期招聘公告,
2026,事业单位,2026高校/科研院所人才引进（高校人才网）,广州涉外经济职业技术学院,广州涉外经济职业技术学院 新能源汽车技术专职教师,硕士研究生,,,网申+考核,,,招聘人数：若干；待遇标签：科研奖励/五险一金；薪酬：面议；单位性质：民营（私营）,广州 广东-广州,/job/detail/1989863.html,广州涉外经济职业技术学院2025-2026学年度第二学期招聘公告,
2026,事业单位,2026高校/科研院所人才引进（高校人才网）,广州涉外经济职业技术学院,广州涉外经济职业技术学院 机器人产业学院专任老师,硕士研究生,,,网申+考核,,,招聘人数：若干；待遇标签：科研奖励/五险一金；薪酬：面议；单位性质：民营（私营）,广州 广东-广州,/job/detail/1989862.html,广州涉外经济职业技术学院2025-2026学年度第二学期招聘公告,
2026,事业单位,2026高校/科研院所人才引进（高校人才网）,广州涉外经济职业技术学院,广州涉外经济职业技术学院 创新创业基础课、职业发展与就业指导课专任教师,硕士研究生,,,网申+考核,,,招聘人数：若干；待遇标签：科研奖励/五险一金；薪酬：面议；单位性质：民营（私营）,广州 广东-广州,/job/detail/1989861.html,广州涉外经济职业技术学院2025-2026学年度第二学期招聘公告,
2026,事业单位,2026高校/科研院所人才引进（高校人才网）,广州涉外经济职业技术学院,广州涉外经济职业技术学院 军事理论课专任教师,硕士研究生,,,网申+考核,,,招聘人数：若干；待遇标签：科研奖励/五险一金；薪酬：面议；单位性质：民营（私营）,广州 广东-广州,/job/detail/1989860.html,广州涉外经济职业技术学院2025-2026学年度第二学期招聘公告,
2026,事业单位,2026高校/科研院所人才引进（高校人才网）,广州涉外经济职业技术学院,广州涉外经济职业技术学院 思政课专任教师,硕士研究生,,,网申+考核,,,招聘人数：若干；待遇标签：科研奖励/五险一金；薪酬：面议；单位性质：民营（私营）,广州 广东-广州,/job/detail/1989859.html,广州涉外经济职业技术学院2025-2026学年度第二学期招聘公告,
2026,事业单位,2026高校/科研院所人才引进（高校人才网）,广州涉外经济职业技术学院,广州涉外经济职业技术学院 智慧健康养老专任教师,硕士研究生,,,网申+考核,,,招聘人数：若干；待遇标签：科研奖励/五险一金；薪酬：面议；单位性质：民营（私营）,广州 广东-广州,/job/detail/1989858.html,广州涉外经济职业技术学院2025-2026学年度第二学期招聘公告,
2026,事业单位,2026高校/科研院所人才引进（高校人才网）,广州涉外经济职业技术学院,广州涉外经济职业技术学院 康复治疗技术专任教师,硕士研究生,,,网申+考核,,,招聘人数：若干；待遇标签：科研奖励/五险一金；薪酬：面议；单位性质：民营（私营）,广州 广东-广州,/job/detail/1989857.html,广州涉外经济职业技术学院2025-2026学年度第二学期招聘公告,
2026,事业单位,2026高校/科研院所人才引进（高校人才网）,山东人才集团,山东人才集团 国家高速列车青岛技术创新中心-先进连接技术研究员,博士研究生,,,网申+考核,,,招聘人数：10；薪酬：30-50万/年；单位性质：公立（国有）,青岛 山东-青岛,/job/detail/1981022.html,,
2026,事业单位,2026高校/科研院所人才引进（高校人才网）,山东人才集团,山东人才集团 康复大学助理教授、长聘副教授,博士研究生,,,网申+考核,,,招聘人数：10；薪酬：50-120万/年；单位性质：公立（国有）,青岛 山东-青岛,/job/detail/1976160.html,,
2026,事业单位,2026高校/科研院所人才引进（高校人才网）,四川工商学院,四川工商学院 化工专任教师,博士研究生,,,网申+考核,,,招聘人数：若干；待遇标签：安家费/科研启动费；薪酬：面议；单位性质：民营（私营）,成都 四川-成都,/job/detail/1937744.html,四川工商学院2026年化工专任教师招聘公告,
2026,事业单位,2026高校/科研院所人才引进（高校人才网）,重庆现代制造职业学院,重庆现代制造职业学院 兼职教师,本科,,,网申+考核,,,招聘人数：若干；薪酬：面议；单位性质：民营（私营）,重庆 重庆-重庆,/job/detail/1920364.html,重庆现代制造职业学院2026年兼职教师招聘公告,
2026,事业单位,2026高校/科研院所人才引进（高校人才网）,上海杉达学院,上海杉达学院 食品质量与安全专业青年骨干教师,博士研究生,,,网申+考核,,,招聘人数：1；薪酬：面议；单位性质：民营（私营）,上海 上海-上海,/job/detail/1908877.html,上海杉达学院2026年食品质量与安全专业青年骨干教师招聘启事,
2026,事业单位,2026高校/科研院所人才引进（高校人才网）,上海中华职业技术学院,上海中华职业技术学院 中华职业技术学院招生老师,本科,,,网申+考核,,,招聘人数：12；薪酬：0.7-1.5万/月；单位性质：民营（私营）,上海 上海-上海,/job/detail/1821216.html,,
2026,事业单位,2026高校/科研院所人才引进（高校人才网）,上海交通大学医学院附属第一人民医院杭化莲课题组,上海交通大学医学院附属第一人民医院杭化莲课题组 住院医师,博士研究生,,,网申+考核,,,招聘人数：1；薪酬：面议；单位性质：非盈利组织及其他,上海 上海-上海,/job/detail/1792594.html,上海交通大学医学院附属第一人民医院 （上海市第一人民医院）普外临床医学中心应学科发展2025年招聘肝胆外科医师,
2026,事业单位,2026高校/科研院所人才引进（高校人才网）,上海交通大学医学院附属第一人民医院杭化莲课题组,上海交通大学医学院附属第一人民医院杭化莲课题组 副主任医师或高年资主治,博士研究生,,,网申+考核,,,招聘人数：1；薪酬：面议；单位性质：非盈利组织及其他,上海 上海-上海,/job/detail/1792593.html,上海交通大学医学院附属第一人民医院 （上海市第一人民医院）普外临床医学中心应学科发展2025年招聘肝胆外科医师,
2026,事业单位,2026高校/科研院所人才引进（高校人才网）,上海中华职业技术学院,上海中华职业技术学院 心理健康教育专职教师,硕士研究生,,,网申+考核,,,招聘人数：1；薪酬：0.9-1.1万/月；单位性质：民营（私营）,上海 上海-上海,/job/detail/1774464.html,,
2026,事业单位,2026高校/科研院所人才引进（高校人才网）,上海中华职业技术学院,上海中华职业技术学院 人事处主管/干事,硕士研究生,,,网申+考核,,,招聘人数：1；待遇标签：提供住房公寓/五险一金；薪酬：1-1.5万/月；单位性质：民营（私营）,上海 上海-上海,/job/detail/1754207.html,,
2026,事业单位,2026高校/科研院所人才引进（高校人才网）,上海中华职业技术学院,上海中华职业技术学院 职校思政专任教师,本科,,,网申+考核,,,招聘人数：1；薪酬：1-1.5万/月；单位性质：民营（私营）,上海 上海-上海,/job/detail/1737838.html,,
2026,事业单位,2026高校/科研院所人才引进（高校人才网）,上海中华职业技术学院,上海中华职业技术学院 学校教学科研处科研管理人员,本科,,,网申+考核,,,招聘人数：1；薪酬：1-1.5万/月；单位性质：民营（私营）,上海 上海-上海,/job/detail/1734216.html,,
2026,事业单位,2026高校/科研院所人才引进（高校人才网）,德阳农业科技职业学院,德阳农业科技职业学院 分管副校长,硕士研究生,,,网申+考核,,,招聘人数：3；薪酬：1-1.5万/月；单位性质：民营（私营）,德阳 四川-德阳,/job/detail/1703256.html,,
2026,事业单位,2026高校/科研院所人才引进（高校人才网）,上海中华职业技术学院,上海中华职业技术学院 教学科研管理人员,本科,,,网申+考核,,,招聘人数：1；薪酬：1-1.5万/月；单位性质：民营（私营）,上海 上海-上海,/job/detail/1701551.html,,
2026,事业单位,2026高校/科研院所人才引进（高校人才网）,上海中华职业技术学院,上海中华职业技术学院 校办档案管理员,本科,,,网申+考核,,,招聘人数：1；薪酬：1-1.5万/月；单位性质：民营（私营）,上海 上海-上海,/job/detail/1701544.html,,
2026,事业单位,2026高校/科研院所人才引进（高校人才网）,上海交通大学医学院附属第一人民医院杭化莲课题组,上海交通大学医学院附属第一人民医院杭化莲课题组 博士后,博士研究生,,,网申+考核,,,招聘人数：若干；待遇标签：提供住房公寓/住房补贴；薪酬：40万/年；单位性质：非盈利组织及其他,上海 上海-上海,/job/detail/1696888.html,上海交通大学医学院附属第一人民医院杭化莲课题组2026年诚聘研究人员,
2026,事业单位,2026高校/科研院所人才引进（高校人才网）,上海中华职业技术学院,上海中华职业技术学院 英语专任教师,硕士研究生,,,网申+考核,,,招聘人数：1；薪酬：1-1.5万/月；单位性质：民营（私营）,上海 上海-上海,/job/detail/1694752.html,,
2026,事业单位,2026高校/科研院所人才引进（高校人才网）,上海中华职业技术学院,上海中华职业技术学院 数学专任教师,硕士研究生,,,网申+考核,,,招聘人数：1；薪酬：1-1.5万/月；单位性质：民营（私营）,上海 上海-上海,/job/detail/1694751.html,,
2026,事业单位,2026高校/科研院所人才引进（高校人才网）,上海中华职业技术学院,上海中华职业技术学院 职校体育教师,硕士研究生,,,网申+考核,,,招聘人数：1；薪酬：0.5-1万/月；单位性质：民营（私营）,上海 上海-上海,/job/detail/1670444.html,,
2026,事业单位,2026高校/科研院所人才引进（高校人才网）,上海杉达学院,上海杉达学院 电气自动化技术教师,博士研究生,,,网申+考核,,,招聘人数：若干；薪酬：面议；单位性质：民营（私营）,上海 上海-上海,/job/detail/1669392.html,上海杉达学院2026年度高层次师资人才（含港澳台、外国籍）招聘公告,
2026,事业单位,2026高校/科研院所人才引进（高校人才网）,上海杉达学院,上海杉达学院 船舶与海洋工程教师,博士研究生,,,网申+考核,,,招聘人数：若干；薪酬：面议；单位性质：民营（私营）,上海 上海-上海,/job/detail/1669391.html,上海杉达学院2026年度高层次师资人才（含港澳台、外国籍）招聘公告,
2026,事业单位,2026高校/科研院所人才引进（高校人才网）,上海杉达学院,上海杉达学院 智能控制技术教师,博士研究生,,,网申+考核,,,招聘人数：若干；薪酬：面议；单位性质：民营（私营）,上海 上海-上海,/job/detail/1669390.html,上海杉达学院2026年度高层次师资人才（含港澳台、外国籍）招聘公告,
2026,事业单位,2026高校/科研院所人才引进（高校人才网）,上海杉达学院,上海杉达学院 机电一体化技术教师,博士研究生,,,网申+考核,,,招聘人数：若干；薪酬：面议；单位性质：民营（私营）,上海 上海-上海,/job/detail/1669389.html,上海杉达学院2026年度高层次师资人才（含港澳台、外国籍）招聘公告,
2026,事业单位,2026高校/科研院所人才引进（高校人才网）,上海杉达学院,上海杉达学院 计算机教师,博士研究生,,,网申+考核,,,招聘人数：若干；薪酬：面议；单位性质：民营（私营）,上海 上海-上海,/job/detail/1669388.html,上海杉达学院2026年度高层次师资人才（含港澳台、外国籍）招聘公告,
2026,事业单位,2026高校/科研院所人才引进（高校人才网）,上海杉达学院,上海杉达学院 数学教师,博士研究生,,,网申+考核,,,招聘人数：若干；薪酬：面议；单位性质：民营（私营）,上海 上海-上海,/job/detail/1669387.html,上海杉达学院2026年度高层次师资人才（含港澳台、外国籍）招聘公告,
2026,事业单位,2026高校/科研院所人才引进（高校人才网）,上海杉达学院,上海杉达学院 化学教师,博士研究生,,,网申+考核,,,招聘人数：若干；薪酬：面议；单位性质：民营（私营）,上海 上海-上海,/job/detail/1669386.html,上海杉达学院2026年度高层次师资人才（含港澳台、外国籍）招聘公告,
2026,事业单位,2026高校/科研院所人才引进（高校人才网）,上海杉达学院,上海杉达学院 体育教育训练学教师,硕士研究生,,,网申+考核,,,招聘人数：若干；薪酬：面议；单位性质：民营（私营）,上海 上海-上海,/job/detail/1669385.html,上海杉达学院2026年度高层次师资人才（含港澳台、外国籍）招聘公告,
2026,事业单位,2026高校/科研院所人才引进（高校人才网）,上海杉达学院,上海杉达学院 马克思主义理论教师,博士研究生,,,网申+考核,,,招聘人数：若干；薪酬：面议；单位性质：民营（私营）,上海 上海-上海,/job/detail/1669384.html,上海杉达学院2026年度高层次师资人才（含港澳台、外国籍）招聘公告,
2026,事业单位,2026高校/科研院所人才引进（高校人才网）,上海杉达学院,上海杉达学院 机器人工程教师,博士研究生,,,网申+考核,,,招聘人数：若干；薪酬：面议；单位性质：民营（私营）,上海 上海-上海,/job/detail/1669383.html,上海杉达学院2026年度高层次师资人才（含港澳台、外国籍）招聘公告,
2026,事业单位,2026高校/科研院所人才引进（高校人才网）,上海杉达学院,上海杉达学院 机械电子工程教师,博士研究生,,,网申+考核,,,招聘人数：若干；薪酬：面议；单位性质：民营（私营）,上海 上海-上海,/job/detail/1669382.html,上海杉达学院2026年度高层次师资人才（含港澳台、外国籍）招聘公告,
2026,事业单位,2026高校/科研院所人才引进（高校人才网）,上海杉达学院,上海杉达学院 工程管理教师,博士研究生,,,网申+考核,,,招聘人数：若干；薪酬：面议；单位性质：民营（私营）,上海 上海-上海,/job/detail/1669381.html,上海杉达学院2026年度高层次师资人才（含港澳台、外国籍）招聘公告,
2026,事业单位,2026高校/科研院所人才引进（高校人才网）,上海杉达学院,上海杉达学院 建筑电气与智能化教师,博士研究生,,,网申+考核,,,招聘人数：若干；薪酬：面议；单位性质：民营（私营）,上海 上海-上海,/job/detail/1669380.html,上海杉达学院2026年度高层次师资人才（含港澳台、外国籍）招聘公告,
2026,事业单位,2026高校/科研院所人才引进（高校人才网）,上海杉达学院,上海杉达学院 汉语国际教育教师,博士研究生,,,网申+考核,,,招聘人数：若干；薪酬：面议；单位性质：民营（私营）,上海 上海-上海,/job/detail/1669379.html,上海杉达学院2026年度高层次师资人才（含港澳台、外国籍）招聘公告,
2026,事业单位,2026高校/科研院所人才引进（高校人才网）,上海杉达学院,上海杉达学院 医学检验教师,博士研究生,,,网申+考核,,,招聘人数：若干；薪酬：面议；单位性质：民营（私营）,上海 上海-上海,/job/detail/1669378.html,上海杉达学院2026年度高层次师资人才（含港澳台、外国籍）招聘公告,
2026,事业单位,2026高校/科研院所人才引进（高校人才网）,上海杉达学院,上海杉达学院 基础医学部教师,博士研究生,,,网申+考核,,,招聘人数：若干；薪酬：面议；单位性质：民营（私营）,上海 上海-上海,/job/detail/1669377.html,上海杉达学院2026年度高层次师资人才（含港澳台、外国籍）招聘公告,
2026,事业单位,2026高校/科研院所人才引进（高校人才网）,上海杉达学院,上海杉达学院 康复治疗教师,博士研究生,,,网申+考核,,,招聘人数：若干；薪酬：面议；单位性质：民营（私营）,上海 上海-上海,/job/detail/1669376.html,上海杉达学院2026年度高层次师资人才（含港澳台、外国籍）招聘公告,
2026,事业单位,2026高校/科研院所人才引进（高校人才网）,上海杉达学院,上海杉达学院 护理教师,博士研究生,,,网申+考核,,,招聘人数：若干；薪酬：面议；单位性质：民营（私营）,上海 上海-上海,/job/detail/1669375.html,上海杉达学院2026年度高层次师资人才（含港澳台、外国籍）招聘公告,
2026,事业单位,2026高校/科研院所人才引进（高校人才网）,上海杉达学院,上海杉达学院 时尚传播教师,博士研究生,,,网申+考核,,,招聘人数：若干；薪酬：面议；单位性质：民营（私营）,上海 上海-上海,/job/detail/1669374.html,上海杉达学院2026年度高层次师资人才（含港澳台、外国籍）招聘公告,
2026,事业单位,2026高校/科研院所人才引进（高校人才网）,上海杉达学院,上海杉达学院 产品设计教师,博士研究生,,,网申+考核,,,招聘人数：若干；薪酬：面议；单位性质：民营（私营）,上海 上海-上海,/job/detail/1669373.html,上海杉达学院2026年度高层次师资人才（含港澳台、外国籍）招聘公告,
2026,事业单位,2026高校/科研院所人才引进（高校人才网）,上海杉达学院,上海杉达学院 视觉传达教师,博士研究生,,,网申+考核,,,招聘人数：若干；薪酬：面议；单位性质：民营（私营）,上海 上海-上海,/job/detail/1669372.html,上海杉达学院2026年度高层次师资人才（含港澳台、外国籍）招聘公告,
2026,事业单位,2026高校/科研院所人才引进（高校人才网）,上海杉达学院,上海杉达学院 智能科学与技术教师,博士研究生,,,网申+考核,,,招聘人数：若干；薪酬：面议；单位性质：民营（私营）,上海 上海-上海,/job/detail/1669371.html,上海杉达学院2026年度高层次师资人才（含港澳台、外国籍）招聘公告,
2026,事业单位,2026高校/科研院所人才引进（高校人才网）,上海杉达学院,上海杉达学院 电子信息教师,博士研究生,,,网申+考核,,,招聘人数：若干；薪酬：面议；单位性质：民营（私营）,上海 上海-上海,/job/detail/1669370.html,上海杉达学院2026年度高层次师资人才（含港澳台、外国籍）招聘公告,
2026,事业单位,2026高校/科研院所人才引进（高校人才网）,上海杉达学院,上海杉达学院 数据科学与大数据技术教师,博士研究生,,,网申+考核,,,招聘人数：若干；薪酬：面议；单位性质：民营（私营）,上海 上海-上海,/job/detail/1669369.html,上海杉达学院2026年度高层次师资人才（含港澳台、外国籍）招聘公告,
2026,事业单位,2026高校/科研院所人才引进（高校人才网）,上海杉达学院,上海杉达学院 软件工程教师,博士研究生,,,网申+考核,,,招聘人数：若干；薪酬：面议；单位性质：民营（私营）,上海 上海-上海,/job/detail/1669368.html,上海杉达学院2026年度高层次师资人才（含港澳台、外国籍）招聘公告,
2026,事业单位,2026高校/科研院所人才引进（高校人才网）,上海杉达学院,上海杉达学院 计算机科学与技术教师,博士研究生,,,网申+考核,,,招聘人数：若干；薪酬：面议；单位性质：民营（私营）,上海 上海-上海,/job/detail/1669367.html,上海杉达学院2026年度高层次师资人才（含港澳台、外国籍）招聘公告,
2026,事业单位,2026高校/科研院所人才引进（高校人才网）,上海杉达学院,上海杉达学院 食品质量与安全教师,博士研究生,,,网申+考核,,,招聘人数：若干；薪酬：面议；单位性质：民营（私营）,上海 上海-上海,/job/detail/1669366.html,上海杉达学院2026年度高层次师资人才（含港澳台、外国籍）招聘公告,
2026,事业单位,2026高校/科研院所人才引进（高校人才网）,上海杉达学院,上海杉达学院 酒店管理教师,博士研究生,,,网申+考核,,,招聘人数：若干；薪酬：面议；单位性质：民营（私营）,上海 上海-上海,/job/detail/1669365.html,上海杉达学院2026年度高层次师资人才（含港澳台、外国籍）招聘公告,
2026,事业单位,2026高校/科研院所人才引进（高校人才网）,上海杉达学院,上海杉达学院 人力资源管理教师,博士研究生,,,网申+考核,,,招聘人数：若干；薪酬：面议；单位性质：民营（私营）,上海 上海-上海,/job/detail/1669364.html,上海杉达学院2026年度高层次师资人才（含港澳台、外国籍）招聘公告,
2026,事业单位,2026高校/科研院所人才引进（高校人才网）,上海杉达学院,上海杉达学院 法学教师,博士研究生,,,网申+考核,,,招聘人数：若干；薪酬：面议；单位性质：民营（私营）,上海 上海-上海,/job/detail/1669363.html,上海杉达学院2026年度高层次师资人才（含港澳台、外国籍）招聘公告,
2026,事业单位,2026高校/科研院所人才引进（高校人才网）,上海杉达学院,上海杉达学院 市场营销教师,博士研究生,,,网申+考核,,,招聘人数：若干；薪酬：面议；单位性质：民营（私营）,上海 上海-上海,/job/detail/1669362.html,上海杉达学院2026年度高层次师资人才（含港澳台、外国籍）招聘公告,
2026,事业单位,2026高校/科研院所人才引进（高校人才网）,上海杉达学院,上海杉达学院 金融学教师,博士研究生,,,网申+考核,,,招聘人数：若干；薪酬：面议；单位性质：民营（私营）,上海 上海-上海,/job/detail/1669361.html,上海杉达学院2026年度高层次师资人才（含港澳台、外国籍）招聘公告,
2026,事业单位,2026高校/科研院所人才引进（高校人才网）,上海杉达学院,上海杉达学院 国际经济与贸易教师,博士研究生,,,网申+考核,,,招聘人数：若干；薪酬：面议；单位性质：民营（私营）,上海 上海-上海,/job/detail/1669360.html,上海杉达学院2026年度高层次师资人才（含港澳台、外国籍）招聘公告,
2026,事业单位,2026高校/科研院所人才引进（高校人才网）,上海中华职业技术学院,上海中华职业技术学院 辅导员,硕士研究生,,,网申+考核,,,招聘人数：2；待遇标签：提供住房公寓/五险一金；薪酬：0.7-1.1万/月；单位性质：民营（私营）,上海 上海-上海,/job/detail/1659337.html,,
2026,事业单位,2026高校/科研院所人才引进（高校人才网）,上海中华职业技术学院,上海中华职业技术学院 自动化类专业教师,本科,,,网申+考核,,,招聘人数：2；待遇标签：提供住房公寓/寒暑假；薪酬：面议；单位性质：民营（私营）,上海 上海-上海,/job/detail/1602483.html,,
2026,事业单位,2026高校/科研院所人才引进（高校人才网）,上海杉达学院,上海杉达学院 财务管理教师,博士研究生,,,网申+考核,,,招聘人数：若干；薪酬：面议；单位性质：民营（私营）,上海 上海-上海,/job/detail/1533081.html,上海杉达学院2026年度高层次师资人才（含港澳台、外国籍）招聘公告,
2026,事业单位,2026高校/科研院所人才引进（高校人才网）,上海杉达学院,上海杉达学院 会计学教师,博士研究生,,,网申+考核,,,招聘人数：若干；薪酬：面议；单位性质：民营（私营）,上海 上海-上海,/job/detail/1533080.html,上海杉达学院2026年度高层次师资人才（含港澳台、外国籍）招聘公告,
2026,事业单位,2026高校/科研院所人才引进（高校人才网）,德阳农业科技职业学院,德阳农业科技职业学院 二级学院党支部书记,硕士研究生,,,网申+考核,,,招聘人数：1；薪酬：0.8-1.2万/月；单位性质：民营（私营）,德阳 四川-德阳,/job/detail/1325208.html,,
2026,事业单位,2026高校/科研院所人才引进（高校人才网）,德阳农业科技职业学院,德阳农业科技职业学院 宠物医疗学院院长,本科,,,网申+考核,,,招聘人数：1；薪酬：1-1.5万/月；单位性质：民营（私营）,德阳 四川-德阳,/job/detail/1324869.html,,
2026,事业单位,2026高校/科研院所人才引进（高校人才网）,德阳农业科技职业学院,德阳农业科技职业学院 二级学院党支部书记,硕士研究生,,,网申+考核,,,招聘人数：1；薪酬：7-8千/月；单位性质：民营（私营）,德阳 四川-德阳,/job/detail/1276548.html,,
2026,事业单位,2026高校/科研院所人才引进（高校人才网）,德阳农业科技职业学院,德阳农业科技职业学院 副院长,硕士研究生,,,网申+考核,,,招聘人数：2；薪酬：面议；单位性质：民营（私营）,德阳 四川-德阳,/job/detail/1209973.html,,
2026,事业单位,2026高校/科研院所人才引进（高校人才网）,德阳农业科技职业学院,德阳农业科技职业学院 教务处副处长,硕士研究生,,,网申+考核,,,招聘人数：1；待遇标签：提供住房公寓/住房补贴；薪酬：面议；单位性质：民营（私营）,德阳 四川-德阳,/job/detail/1202121.html,,
2026,事业单位,2026高校/科研院所人才引进（高校人才网）,德阳农业科技职业学院,德阳农业科技职业学院 教务处处长,硕士研究生,,,网申+考核,,,招聘人数：1；待遇标签：提供住房公寓/住房补贴；薪酬：面议；单位性质：民营（私营）,德阳 四川-德阳,/job/detail/1202094.html,,
2026,事业单位,2026高校/科研院所人才引进（高校人才网）,南方医科大学珠江医院朱兆华团队,南方医科大学珠江医院朱兆华团队 博士后-阮光峰教授,博士研究生,,,网申+考核,,,招聘人数：若干；待遇标签：生活补贴/五险一金；薪酬：面议；单位性质：公立（国有）,广州 广东-广州,/job/detail/2252386.html,南方医科大学珠江医院朱兆华团队合作课题组2026年博士后招聘公告,
2026,事业单位,2026高校/科研院所人才引进（高校人才网）,南方医科大学珠江医院朱兆华团队,南方医科大学珠江医院朱兆华团队 科研助理-朱兆华教授团队,硕士研究生,,,网申+考核,,,招聘人数：1；薪酬：面议；单位性质：公立（国有）,广州 广东-广州,/job/detail/2250047.html,南方医科大学珠江医院朱兆华教授团队2026年科研助理招聘启事,
2026,事业单位,2026高校/科研院所人才引进（高校人才网）,湖南三一工业职业技术学院,湖南三一工业职业技术学院 辅导员,硕士研究生,,,网申+考核,,,招聘人数：5；薪酬：0.5-1万/月；单位性质：民营（私营）,长沙 湖南-长沙,/job/detail/2247512.html,,
2026,事业单位,2026高校/科研院所人才引进（高校人才网）,清华四川能源互联网研究院先进柔性供配电技术研究所,清华四川能源互联网研究院先进柔性供配电技术研究所 电力系统规划设计工程师,硕士研究生,,,网申+考核,,,招聘人数：若干；待遇标签：定期/免费体检/法定福利；薪酬：1.3-2.1万/月；单位性质：公立（国有）,成都 四川-成都,/job/detail/2209127.html,清华四川能源互联网研究院先进柔性供配电技术研究所2026年招聘公告,
2026,事业单位,2026高校/科研院所人才引进（高校人才网）,清华四川能源互联网研究院先进柔性供配电技术研究所,清华四川能源互联网研究院先进柔性供配电技术研究所 电力电子仿真研究员,博士研究生,,,网申+考核,,,招聘人数：若干；待遇标签：定期/免费体检/法定福利；薪酬：2.5-3.2万/月；单位性质：公立（国有）,成都 四川-成都,/job/detail/2208038.html,清华四川能源互联网研究院先进柔性供配电技术研究所2026年招聘公告,
2026,事业单位,2026高校/科研院所人才引进（高校人才网）,清华四川能源互联网研究院先进柔性供配电技术研究所,清华四川能源互联网研究院先进柔性供配电技术研究所 电力电子仿真工程师,硕士研究生,,,网申+考核,,,招聘人数：若干；待遇标签：定期/免费体检/商业保险；薪酬：1.3-2.1万/月；单位性质：公立（国有）,成都 四川-成都,/job/detail/2208037.html,清华四川能源互联网研究院先进柔性供配电技术研究所2026年招聘公告,
2026,事业单位,2026高校/科研院所人才引进（高校人才网）,清华四川能源互联网研究院先进柔性供配电技术研究所,清华四川能源互联网研究院先进柔性供配电技术研究所 电力系统规划研究员,博士研究生,,,网申+考核,,,招聘人数：若干；待遇标签：定期/免费体检/法定福利；薪酬：2.5-3.2万/月；单位性质：公立（国有）,成都 四川-成都,/job/detail/2208036.html,清华四川能源互联网研究院先进柔性供配电技术研究所2026年招聘公告,
2026,事业单位,2026高校/科研院所人才引进（高校人才网）,清华四川能源互联网研究院先进柔性供配电技术研究所,清华四川能源互联网研究院先进柔性供配电技术研究所 博士后（电力系统规划方向或电力电子仿真方向）,博士研究生,,,网申+考核,,,招聘人数：若干；待遇标签：定期/免费体检/法定福利；薪酬：2.5-3.2万/月；单位性质：公立（国有）,成都 四川-成都,/job/detail/2208035.html,清华四川能源互联网研究院先进柔性供配电技术研究所2026年招聘公告,
2026,事业单位,2026高校/科研院所人才引进（高校人才网）,清华四川能源互联网研究院先进柔性供配电技术研究所,清华四川能源互联网研究院先进柔性供配电技术研究所 电力系统工程师（算法实施方向）,硕士研究生,,,网申+考核,,,招聘人数：若干；待遇标签：定期/免费体检/法定福利；薪酬：18-28万/年；单位性质：公立（国有）,成都 四川-成都,/job/detail/2208034.html,清华四川能源互联网研究院先进柔性供配电技术研究所2026年招聘公告,
2026,事业单位,2026高校/科研院所人才引进（高校人才网）,清华四川能源互联网研究院先进柔性供配电技术研究所,清华四川能源互联网研究院先进柔性供配电技术研究所 电力电子嵌入式软件工程师,硕士研究生,,,网申+考核,,,招聘人数：若干；待遇标签：定期/免费体检/法定福利；薪酬：18-28万/年；单位性质：公立（国有）,成都 四川-成都,/job/detail/2208033.html,清华四川能源互联网研究院先进柔性供配电技术研究所2026年招聘公告,
2026,事业单位,2026高校/科研院所人才引进（高校人才网）,湖南三一工业职业技术学院,湖南三一工业职业技术学院 二级学院副院长,硕士研究生,,,网申+考核,,,招聘人数：2；待遇标签：提供住房公寓/五险一金；薪酬：2.5-3.5万/月；单位性质：民营（私营）,长沙 湖南-长沙,/job/detail/2184103.html,湖南三一工业职业技术学院2026学年招聘计划,
2026,事业单位,2026高校/科研院所人才引进（高校人才网）,成都大学斯特灵学院,成都大学斯特灵学院 网络与新媒体专业教学助理,硕士研究生,,,网申+考核,,,招聘人数：若干；薪酬：面议；单位性质：公立（国有）,成都 四川-成都,/job/detail/2170444.html,成都大学斯特灵学院2026年网络与新媒体专业教学助理招聘公告,
2026,事业单位,2026高校/科研院所人才引进（高校人才网）,上海交通大学电气工程学院江秀臣、刘亚东教授团队,上海交通大学电气工程学院江秀臣、刘亚东教授团队 博士后-数字化电力装备课题组,博士研究生,,,网申+考核,,,招聘人数：若干；薪酬：面议；单位性质：公立（国有）,上海 上海-上海,/job/detail/2156606.html,年薪制+落户支持 | 上海交通大学数字化电力装备课题组2026年诚聘博士后,
2026,事业单位,2026高校/科研院所人才引进（高校人才网）,湖南三一工业职业技术学院,湖南三一工业职业技术学院 新能源装备学院实训教师,硕士研究生,,,网申+考核,,,招聘人数：若干；待遇标签：五险一金/节日福利；薪酬：1-1.5万/月；单位性质：民营（私营）,长沙 湖南-长沙,/job/detail/2144522.html,湖南三一工业职业技术学院2026学年招聘计划,
2026,事业单位,2026高校/科研院所人才引进（高校人才网）,湖南三一工业职业技术学院,湖南三一工业职业技术学院 工程机械学院实训教师,硕士研究生,,,网申+考核,,,招聘人数：若干；待遇标签：五险一金/节日福利；薪酬：1-1.5万/月；单位性质：民营（私营）,长沙 湖南-长沙,/job/detail/2144521.html,湖南三一工业职业技术学院2026学年招聘计划,
2026,事业单位,2026高校/科研院所人才引进（高校人才网）,湖南三一工业职业技术学院,湖南三一工业职业技术学院 数智工程学院实训教师,硕士研究生,,,网申+考核,,,招聘人数：若干；待遇标签：五险一金/节日福利；薪酬：1-1.5万/月；单位性质：民营（私营）,长沙 湖南-长沙,/job/detail/2144520.html,湖南三一工业职业技术学院2026学年招聘计划,
2026,事业单位,2026高校/科研院所人才引进（高校人才网）,湖南三一工业职业技术学院,湖南三一工业职业技术学院 新能源装备学院教师,硕士研究生,,,网申+考核,,,招聘人数：10；待遇标签：五险一金/节日福利；薪酬：1-1.5万/月；单位性质：民营（私营）,长沙 湖南-长沙,/job/detail/2144519.html,湖南三一工业职业技术学院2026学年招聘计划,
2026,事业单位,2026高校/科研院所人才引进（高校人才网）,湖南三一工业职业技术学院,湖南三一工业职业技术学院 数智工程学院教师,硕士研究生,,,网申+考核,,,招聘人数：10；待遇标签：五险一金/节日福利；薪酬：1-1.5万/月；单位性质：民营（私营）,长沙 湖南-长沙,/job/detail/2144518.html,湖南三一工业职业技术学院2026学年招聘计划,
2026,事业单位,2026高校/科研院所人才引进（高校人才网）,湖南三一工业职业技术学院,湖南三一工业职业技术学院 工程机械学院教师,硕士研究生,,,网申+考核,,,招聘人数：10；待遇标签：五险一金/节日福利；薪酬：1-1.5万/月；单位性质：民营（私营）,长沙 湖南-长沙,/job/detail/2144517.html,湖南三一工业职业技术学院2026学年招聘计划,
2026,事业单位,2026高校/科研院所人才引进（高校人才网）,湖南三一工业职业技术学院,湖南三一工业职业技术学院 学科带头人（智能焊接、微电网、大数据、装备制造）,硕士研究生,,,网申+考核,,,招聘人数：3；待遇标签：五险一金/节日福利；薪酬：1.5-2.5万/月；单位性质：民营（私营）,长沙 湖南-长沙,/job/detail/2144516.html,湖南三一工业职业技术学院2026学年招聘计划,
2026,事业单位,2026高校/科研院所人才引进（高校人才网）,北京清华前沿交叉创新研究院,北京清华前沿交叉创新研究院 电力能源基础材料与功率器件研究人员,博士研究生,,,网申+考核,,,招聘人数：若干；薪酬：面议；单位性质：非盈利组织及其他,北京 北京-北京,/job/detail/1998516.html,北京清华前沿交叉创新研究院新型电力系统运行与控制全国重点实验室2026年全职人员招聘公告,
2026,事业单位,2026高校/科研院所人才引进（高校人才网）,北京清华前沿交叉创新研究院,北京清华前沿交叉创新研究院 电力传输与电源的重大装备研究人员,博士研究生,,,网申+考核,,,招聘人数：若干；薪酬：面议；单位性质：非盈利组织及其他,北京 北京-北京,/job/detail/1998515.html,北京清华前沿交叉创新研究院新型电力系统运行与控制全国重点实验室2026年全职人员招聘公告,
2026,事业单位,2026高校/科研院所人才引进（高校人才网）,北京清华前沿交叉创新研究院,北京清华前沿交叉创新研究院 新型电力系统安全控制与经济运行研究人员,博士研究生,,,网申+考核,,,招聘人数：若干；薪酬：面议；单位性质：非盈利组织及其他,北京 北京-北京,/job/detail/1998514.html,北京清华前沿交叉创新研究院新型电力系统运行与控制全国重点实验室2026年全职人员招聘公告,
2026,事业单位,2026高校/科研院所人才引进（高校人才网）,广东工程职业技术学院,广东工程职业技术学院 教务部教学管理与研究岗,博士研究生,,,网申+考核,,,招聘人数：1；薪酬：面议；有编制；单位性质：公立（国有）,广州 广东-广州,/job/detail/2252599.html,广东工程职业技术学院2026年公开招聘博士（第二批）公告,
2026,事业单位,2026高校/科研院所人才引进（高校人才网）,广东工程职业技术学院,广东工程职业技术学院 体育健康学院专任教师,博士研究生,,,网申+考核,,,招聘人数：1；薪酬：面议；有编制；单位性质：公立（国有）,广州 广东-广州,/job/detail/2252598.html,广东工程职业技术学院2026年公开招聘博士（第二批）公告,
2026,事业单位,2026高校/科研院所人才引进（高校人才网）,广东工程职业技术学院,广东工程职业技术学院 文化旅游学院专任教师,博士研究生,,,网申+考核,,,招聘人数：2；薪酬：面议；有编制；单位性质：公立（国有）,广州 广东-广州,/job/detail/2252597.html,广东工程职业技术学院2026年公开招聘博士（第二批）公告,
2026,事业单位,2026高校/科研院所人才引进（高校人才网）,广东工程职业技术学院,广东工程职业技术学院 汽车工程学院专任教师,博士研究生,,,网申+考核,,,招聘人数：3；薪酬：面议；有编制；单位性质：公立（国有）,广州 广东-广州,/job/detail/2252596.html,广东工程职业技术学院2026年公开招聘博士（第二批）公告,
2026,事业单位,2026高校/科研院所人才引进（高校人才网）,广东工程职业技术学院,广东工程职业技术学院 艺术设计学院专任教师,博士研究生,,,网申+考核,,,招聘人数：2；薪酬：面议；有编制；单位性质：公立（国有）,广州 广东-广州,/job/detail/2252595.html,广东工程职业技术学院2026年公开招聘博士（第二批）公告,
2026,事业单位,2026高校/科研院所人才引进（高校人才网）,广东工程职业技术学院,广东工程职业技术学院 智能工程学院专任教师,博士研究生,,,网申+考核,,,招聘人数：1；薪酬：面议；有编制；单位性质：公立（国有）,广州 广东-广州,/job/detail/2252594.html,广东工程职业技术学院2026年公开招聘博士（第二批）公告,
2026,事业单位,2026高校/科研院所人才引进（高校人才网）,广东工程职业技术学院,广东工程职业技术学院 B6网络管理岗,硕士研究生,,,网申+考核,,,招聘人数：1；薪酬：12万/年；单位性质：公立（国有）,广州 广东-广州,/job/detail/2201062.html,广东工程职业技术学院2026年公开招聘非事业编制工作人员（第二批）公告,
2026,事业单位,2026高校/科研院所人才引进（高校人才网）,广东工程职业技术学院,广东工程职业技术学院 B5信息技术岗,硕士研究生,,,网申+考核,,,招聘人数：2；薪酬：12万/年；单位性质：公立（国有）,清远 广东-清远,/job/detail/2201061.html,广东工程职业技术学院2026年公开招聘非事业编制工作人员（第二批）公告,
2026,事业单位,2026高校/科研院所人才引进（高校人才网）,广东工程职业技术学院,广东工程职业技术学院 B4专职心理健康教师,硕士研究生,,,网申+考核,,,招聘人数：1；薪酬：12万/年；单位性质：公立（国有）,广州 广东-广州,/job/detail/2201060.html,广东工程职业技术学院2026年公开招聘非事业编制工作人员（第二批）公告,
2026,事业单位,2026高校/科研院所人才引进（高校人才网）,广东工程职业技术学院,广东工程职业技术学院 B3辅导员,硕士研究生,,,网申+考核,,,招聘人数：2；薪酬：12万/年；单位性质：公立（国有）,广州 广东-广州,/job/detail/2201059.html,广东工程职业技术学院2026年公开招聘非事业编制工作人员（第二批）公告,
2026,事业单位,2026高校/科研院所人才引进（高校人才网）,广东工程职业技术学院,广东工程职业技术学院 B2辅导员,硕士研究生,,,网申+考核,,,招聘人数：4；薪酬：12万/年；单位性质：公立（国有）,清远 广东-清远,/job/detail/2201058.html,广东工程职业技术学院2026年公开招聘非事业编制工作人员（第二批）公告,
2026,事业单位,2026高校/科研院所人才引进（高校人才网）,广东工程职业技术学院,广东工程职业技术学院 B1辅导员,硕士研究生,,,网申+考核,,,招聘人数：6；薪酬：12万/年；单位性质：公立（国有）,广州 广东-广州,/job/detail/2201057.html,广东工程职业技术学院2026年公开招聘非事业编制工作人员（第二批）公告,
2026,事业单位,2026高校/科研院所人才引进（高校人才网）,国家超级计算深圳中心,国家超级计算深圳中心 实习生-云计算部,本科,,,网申+考核,,,招聘人数：30；薪酬：面议；单位性质：公立（国有）,深圳 广东-深圳,/job/detail/1945339.html,国家超级计算深圳中心2026年实习生招聘简章,
2026,事业单位,2026高校/科研院所人才引进（高校人才网）,国家超级计算深圳中心,国家超级计算深圳中心 实习生（文员岗）-高性能计算部,本科,,,网申+考核,,,招聘人数：1；薪酬：面议；单位性质：公立（国有）,深圳 广东-深圳,/job/detail/1945338.html,国家超级计算深圳中心2026年实习生招聘简章,
2026,事业单位,2026高校/科研院所人才引进（高校人才网）,国家超级计算深圳中心,国家超级计算深圳中心 实习生（科研岗）-高性能计算部,本科,,,网申+考核,,,招聘人数：20；薪酬：面议；单位性质：公立（国有）,深圳 广东-深圳,/job/detail/1945337.html,国家超级计算深圳中心2026年实习生招聘简章,
2026,事业单位,2026高校/科研院所人才引进（高校人才网）,国家超级计算深圳中心,国家超级计算深圳中心 信息安全工程师,本科,,,网申+考核,,,招聘人数：1；待遇标签：五险一金/带薪年假；薪酬：面议；单位性质：公立（国有）,深圳 广东-深圳,/job/detail/1945334.html,国家超级计算深圳中心2026年招聘简章,
2026,事业单位,2026高校/科研院所人才引进（高校人才网）,国家超级计算深圳中心,国家超级计算深圳中心 网络管理工程师,本科,,,网申+考核,,,招聘人数：1；待遇标签：五险一金/带薪年假；薪酬：面议；单位性质：公立（国有）,深圳 广东-深圳,/job/detail/1945333.html,国家超级计算深圳中心2026年招聘简章,
2026,事业单位,2026高校/科研院所人才引进（高校人才网）,国家超级计算深圳中心,国家超级计算深圳中心 系统运维管理工程师,本科,,,网申+考核,,,招聘人数：3；待遇标签：五险一金/带薪年假；薪酬：面议；单位性质：公立（国有）,深圳 广东-深圳,/job/detail/1945332.html,国家超级计算深圳中心2026年招聘简章,
2026,事业单位,2026高校/科研院所人才引进（高校人才网）,国家超级计算深圳中心,国家超级计算深圳中心 模型开发工程师,硕士研究生,,,网申+考核,,,招聘人数：1；待遇标签：五险一金/带薪年假；薪酬：面议；单位性质：公立（国有）,深圳 广东-深圳,/job/detail/1945331.html,国家超级计算深圳中心2026年招聘简章,
2026,事业单位,2026高校/科研院所人才引进（高校人才网）,国家超级计算深圳中心,国家超级计算深圳中心 云计算部工程师,本科,,,网申+考核,,,招聘人数：2；待遇标签：五险一金/带薪年假；薪酬：面议；单位性质：公立（国有）,深圳 广东-深圳,/job/detail/1945330.html,国家超级计算深圳中心2026年招聘简章,
2026,事业单位,2026高校/科研院所人才引进（高校人才网）,国家超级计算深圳中心,国家超级计算深圳中心 助理工程师,本科,,,网申+考核,,,招聘人数：5；待遇标签：五险一金/带薪年假；薪酬：面议；单位性质：公立（国有）,深圳 广东-深圳,/job/detail/1945329.html,国家超级计算深圳中心2026年招聘简章,
2026,事业单位,2026高校/科研院所人才引进（高校人才网）,国家超级计算深圳中心,国家超级计算深圳中心 评估主管,本科,,,网申+考核,,,招聘人数：2；待遇标签：五险一金/带薪年假；薪酬：面议；单位性质：公立（国有）,深圳 广东-深圳,/job/detail/1945328.html,国家超级计算深圳中心2026年招聘简章,
2026,事业单位,2026高校/科研院所人才引进（高校人才网）,国家超级计算深圳中心,国家超级计算深圳中心 高性能计算工程师/助理工程师,硕士研究生,,,网申+考核,,,招聘人数：5；待遇标签：五险一金/带薪年假；薪酬：面议；单位性质：公立（国有）,深圳 广东-深圳,/job/detail/1945327.html,国家超级计算深圳中心2026年招聘简章,
2026,事业单位,2026高校/科研院所人才引进（高校人才网）,国家超级计算深圳中心,国家超级计算深圳中心 博士后,博士研究生,,,网申+考核,,,招聘人数：7；待遇标签：五险一金/带薪年假；薪酬：面议；单位性质：公立（国有）,深圳 广东-深圳,/job/detail/1945326.html,国家超级计算深圳中心2026年招聘简章,
2026,事业单位,2026高校/科研院所人才引进（高校人才网）,国家超级计算深圳中心,国家超级计算深圳中心 助理研究员/副研究员/研究员,博士研究生,,,网申+考核,,,招聘人数：3；待遇标签：五险一金/带薪年假；薪酬：面议；单位性质：公立（国有）,深圳 广东-深圳,/job/detail/1945325.html,国家超级计算深圳中心2026年招聘简章,
2026,事业单位,2026高校/科研院所人才引进（高校人才网）,香港中文大学（深圳）,香港中文大学（深圳） 博士后-周艳项目,博士研究生,,,网申+考核,,,招聘人数：若干；薪酬：面议；单位性质：公立（国有）,深圳 广东-深圳,/job/detail/1976755.html,国家特聘青年专家团队+享政府补贴！香港中文大学（深圳）理工学院周艳项目2026年博士后招聘启事,
2026,事业单位,2026高校/科研院所人才引进（高校人才网）,香港中文大学（深圳）,香港中文大学（深圳） 设备工程师-周艳项目,硕士研究生,,,网申+考核,,,招聘人数：1；薪酬：面议；单位性质：公立（国有）,深圳 广东-深圳,/job/detail/1976535.html,香港中文大学（深圳）理工学院周艳项目2026年设备工程师招聘启事,
2026,事业单位,2026高校/科研院所人才引进（高校人才网）,广西民族大学相思湖学院,广西民族大学相思湖学院 行政/辅导员,硕士研究生,,,网申+考核,,,招聘人数：若干；待遇标签：科研启动费/专业培训；薪酬：面议；单位性质：民营（私营）,南宁 广西-南宁,/job/detail/2281819.html,广西民族大学相思湖学院南宁数字科技学院（筹）2026年招聘公告,
2026,事业单位,2026高校/科研院所人才引进（高校人才网）,广西民族大学相思湖学院,广西民族大学相思湖学院 思政专任教师,硕士研究生,,,网申+考核,,,招聘人数：若干；待遇标签：科研启动费/专业培训；薪酬：面议；单位性质：民营（私营）,南宁 广西-南宁,/job/detail/2281818.html,广西民族大学相思湖学院南宁数字科技学院（筹）2026年招聘公告,
2026,事业单位,2026高校/科研院所人才引进（高校人才网）,广西民族大学相思湖学院,广西民族大学相思湖学院 音乐专业专任教师,硕士研究生,,,网申+考核,,,招聘人数：若干；待遇标签：科研启动费/交通补贴；薪酬：面议；单位性质：民营（私营）,南宁 广西-南宁,/job/detail/2281817.html,广西民族大学相思湖学院南宁数字科技学院（筹）2026年招聘公告,
2026,事业单位,2026高校/科研院所人才引进（高校人才网）,广西民族大学相思湖学院,广西民族大学相思湖学院 舞蹈专业专任教师,硕士研究生,,,网申+考核,,,招聘人数：若干；待遇标签：科研启动费/交通补贴；薪酬：面议；单位性质：民营（私营）,南宁 广西-南宁,/job/detail/2281816.html,广西民族大学相思湖学院南宁数字科技学院（筹）2026年招聘公告,
2026,事业单位,2026高校/科研院所人才引进（高校人才网）,广西民族大学相思湖学院,广西民族大学相思湖学院 汽车造型/CMF设计专任教师,硕士研究生,,,网申+考核,,,招聘人数：若干；待遇标签：科研启动费/交通补贴；薪酬：面议；单位性质：民营（私营）,南宁 广西-南宁,/job/detail/2281815.html,广西民族大学相思湖学院南宁数字科技学院（筹）2026年招聘公告,
2026,事业单位,2026高校/科研院所人才引进（高校人才网）,广西民族大学相思湖学院,广西民族大学相思湖学院 车载XR内容开发专任教师,硕士研究生,,,网申+考核,,,招聘人数：若干；待遇标签：科研启动费/交通补贴；薪酬：面议；单位性质：民营（私营）,南宁 广西-南宁,/job/detail/2281814.html,广西民族大学相思湖学院南宁数字科技学院（筹）2026年招聘公告,
2026,事业单位,2026高校/科研院所人才引进（高校人才网）,广西民族大学相思湖学院,广西民族大学相思湖学院 智能工程与创意设计专任教师,硕士研究生,,,网申+考核,,,招聘人数：若干；待遇标签：科研启动费/交通补贴；薪酬：面议；单位性质：民营（私营）,南宁 广西-南宁,/job/detail/2281813.html,广西民族大学相思湖学院南宁数字科技学院（筹）2026年招聘公告,
2026,事业单位,2026高校/科研院所人才引进（高校人才网）,广西民族大学相思湖学院,广西民族大学相思湖学院 数字媒体技术（前端交互/AIGC算法）专任教师,硕士研究生,,,网申+考核,,,招聘人数：若干；待遇标签：科研启动费/交通补贴；薪酬：面议；单位性质：民营（私营）,南宁 广西-南宁,/job/detail/2281812.html,广西民族大学相思湖学院南宁数字科技学院（筹）2026年招聘公告,
2026,事业单位,2026高校/科研院所人才引进（高校人才网）,广西民族大学相思湖学院,广西民族大学相思湖学院 智能座舱HMI设计专任教师,硕士研究生,,,网申+考核,,,招聘人数：若干；待遇标签：科研启动费/交通补贴；薪酬：面议；单位性质：民营（私营）,南宁 广西-南宁,/job/detail/2281811.html,广西民族大学相思湖学院南宁数字科技学院（筹）2026年招聘公告,
2026,事业单位,2026高校/科研院所人才引进（高校人才网）,广西民族大学相思湖学院,广西民族大学相思湖学院 数字传媒专任教师,硕士研究生,,,网申+考核,,,招聘人数：若干；待遇标签：科研启动费/交通补贴；薪酬：面议；单位性质：民营（私营）,南宁 广西-南宁,/job/detail/2281810.html,广西民族大学相思湖学院南宁数字科技学院（筹）2026年招聘公告,
2026,事业单位,2026高校/科研院所人才引进（高校人才网）,广西民族大学相思湖学院,广西民族大学相思湖学院 汉语国际教育专任教师,硕士研究生,,,网申+考核,,,招聘人数：若干；待遇标签：科研启动费/交通补贴；薪酬：面议；单位性质：民营（私营）,南宁 广西-南宁,/job/detail/2281809.html,广西民族大学相思湖学院南宁数字科技学院（筹）2026年招聘公告,
2026,事业单位,2026高校/科研院所人才引进（高校人才网）,广西民族大学相思湖学院,广西民族大学相思湖学院 越南语专任教师,硕士研究生,,,网申+考核,,,招聘人数：若干；待遇标签：科研启动费/交通补贴；薪酬：面议；单位性质：民营（私营）,南宁 广西-南宁,/job/detail/2281808.html,广西民族大学相思湖学院南宁数字科技学院（筹）2026年招聘公告,
2026,事业单位,2026高校/科研院所人才引进（高校人才网）,广西民族大学相思湖学院,广西民族大学相思湖学院 马来语专任教师,硕士研究生,,,网申+考核,,,招聘人数：若干；待遇标签：科研启动费/专业培训；薪酬：面议；单位性质：民营（私营）,南宁 广西-南宁,/job/detail/2281807.html,广西民族大学相思湖学院南宁数字科技学院（筹）2026年招聘公告,
2026,事业单位,2026高校/科研院所人才引进（高校人才网）,广西民族大学相思湖学院,广西民族大学相思湖学院 体育数据分析与AI应用专任教师,硕士研究生,,,网申+考核,,,招聘人数：若干；待遇标签：科研启动费/交通补贴；薪酬：面议；单位性质：民营（私营）,南宁 广西-南宁,/job/detail/2281806.html,广西民族大学相思湖学院南宁数字科技学院（筹）2026年招聘公告,
2026,事业单位,2026高校/科研院所人才引进（高校人才网）,广西民族大学相思湖学院,广西民族大学相思湖学院 运动损伤与预防专任教师,硕士研究生,,,网申+考核,,,招聘人数：若干；待遇标签：科研启动费/交通补贴；薪酬：面议；单位性质：民营（私营）,南宁 广西-南宁,/job/detail/2281805.html,广西民族大学相思湖学院南宁数字科技学院（筹）2026年招聘公告,
2026,事业单位,2026高校/科研院所人才引进（高校人才网）,广西民族大学相思湖学院,广西民族大学相思湖学院 体育赛事策划与管理,硕士研究生,,,网申+考核,,,招聘人数：若干；待遇标签：科研启动费/交通补贴；薪酬：面议；单位性质：民营（私营）,南宁 广西-南宁,/job/detail/2281804.html,广西民族大学相思湖学院南宁数字科技学院（筹）2026年招聘公告,
2026,事业单位,2026高校/科研院所人才引进（高校人才网）,广西民族大学相思湖学院,广西民族大学相思湖学院 田径专任教师,硕士研究生,,,网申+考核,,,招聘人数：若干；待遇标签：科研启动费/交通补贴；薪酬：面议；单位性质：民营（私营）,南宁 广西-南宁,/job/detail/2281803.html,广西民族大学相思湖学院南宁数字科技学院（筹）2026年招聘公告,
2026,事业单位,2026高校/科研院所人才引进（高校人才网）,广西民族大学相思湖学院,广西民族大学相思湖学院 啦啦操专任教师,硕士研究生,,,网申+考核,,,招聘人数：若干；待遇标签：科研启动费/交通补贴；薪酬：面议；单位性质：民营（私营）,南宁 广西-南宁,/job/detail/2281802.html,广西民族大学相思湖学院南宁数字科技学院（筹）2026年招聘公告,
2026,事业单位,2026高校/科研院所人才引进（高校人才网）,广西民族大学相思湖学院,广西民族大学相思湖学院 体操专任教师,硕士研究生,,,网申+考核,,,招聘人数：若干；待遇标签：科研启动费/交通补贴；薪酬：面议；单位性质：民营（私营）,南宁 广西-南宁,/job/detail/2281801.html,广西民族大学相思湖学院南宁数字科技学院（筹）2026年招聘公告,
2026,事业单位,2026高校/科研院所人才引进（高校人才网）,广西民族大学相思湖学院,广西民族大学相思湖学院 跨境合规方向专任教师,硕士研究生,,,网申+考核,,,招聘人数：若干；待遇标签：科研启动费/交通补贴；薪酬：面议；单位性质：民营（私营）,南宁 广西-南宁,/job/detail/2281800.html,广西民族大学相思湖学院南宁数字科技学院（筹）2026年招聘公告,
2026,事业单位,2026高校/科研院所人才引进（高校人才网）,广西民族大学相思湖学院,广西民族大学相思湖学院 企业合规管理方向专任教师,硕士研究生,,,网申+考核,,,招聘人数：若干；待遇标签：科研启动费/交通补贴；薪酬：面议；单位性质：民营（私营）,南宁 广西-南宁,/job/detail/2281799.html,广西民族大学相思湖学院南宁数字科技学院（筹）2026年招聘公告,
2026,事业单位,2026高校/科研院所人才引进（高校人才网）,广西民族大学相思湖学院,广西民族大学相思湖学院 法律科技与AI法律应用方向专任教师,硕士研究生,,,网申+考核,,,招聘人数：若干；待遇标签：科研启动费/交通补贴；薪酬：面议；单位性质：民营（私营）,南宁 广西-南宁,/job/detail/2281798.html,广西民族大学相思湖学院南宁数字科技学院（筹）2026年招聘公告,
2026,事业单位,2026高校/科研院所人才引进（高校人才网）,广西民族大学相思湖学院,广西民族大学相思湖学院 数字经济专任教师,硕士研究生,,,网申+考核,,,招聘人数：若干；待遇标签：科研启动费/交通补贴；薪酬：面议；单位性质：民营（私营）,南宁 广西-南宁,/job/detail/2281797.html,广西民族大学相思湖学院南宁数字科技学院（筹）2026年招聘公告,
2026,事业单位,2026高校/科研院所人才引进（高校人才网）,广西民族大学相思湖学院,广西民族大学相思湖学院 区块链/金融科技专任教师,硕士研究生,,,网申+考核,,,招聘人数：若干；待遇标签：科研启动费/交通补贴；薪酬：面议；单位性质：民营（私营）,南宁 广西-南宁,/job/detail/2281796.html,广西民族大学相思湖学院南宁数字科技学院（筹）2026年招聘公告,
2026,事业单位,2026高校/科研院所人才引进（高校人才网）,广西民族大学相思湖学院,广西民族大学相思湖学院 金融工程/投资学专任教师,硕士研究生,,,网申+考核,,,招聘人数：若干；待遇标签：科研启动费/交通补贴；薪酬：面议；单位性质：民营（私营）,南宁 广西-南宁,/job/detail/2281795.html,广西民族大学相思湖学院南宁数字科技学院（筹）2026年招聘公告,
2026,事业单位,2026高校/科研院所人才引进（高校人才网）,广西民族大学相思湖学院,广西民族大学相思湖学院 智能飞行器技术专任教师,硕士研究生,,,网申+考核,,,招聘人数：若干；待遇标签：科研启动费/交通补贴；薪酬：面议；单位性质：民营（私营）,南宁 广西-南宁,/job/detail/2281794.html,广西民族大学相思湖学院南宁数字科技学院（筹）2026年招聘公告,
2026,事业单位,2026高校/科研院所人才引进（高校人才网）,广西民族大学相思湖学院,广西民族大学相思湖学院 能源互联网工程专任教师,硕士研究生,,,网申+考核,,,招聘人数：若干；待遇标签：科研启动费/交通补贴；薪酬：面议；单位性质：民营（私营）,南宁 广西-南宁,/job/detail/2281793.html,广西民族大学相思湖学院南宁数字科技学院（筹）2026年招聘公告,
2026,事业单位,2026高校/科研院所人才引进（高校人才网）,广西民族大学相思湖学院,广西民族大学相思湖学院 智能车辆工程专任教师,硕士研究生,,,网申+考核,,,招聘人数：若干；待遇标签：科研启动费/交通补贴；薪酬：面议；单位性质：民营（私营）,南宁 广西-南宁,/job/detail/2281792.html,广西民族大学相思湖学院南宁数字科技学院（筹）2026年招聘公告,
2026,事业单位,2026高校/科研院所人才引进（高校人才网）,广西民族大学相思湖学院,广西民族大学相思湖学院 机器人工程专任教师,硕士研究生,,,网申+考核,,,招聘人数：若干；待遇标签：科研启动费/交通补贴；薪酬：面议；单位性质：民营（私营）,南宁 广西-南宁,/job/detail/2281791.html,广西民族大学相思湖学院南宁数字科技学院（筹）2026年招聘公告,
2026,事业单位,2026高校/科研院所人才引进（高校人才网）,广西民族大学相思湖学院,广西民族大学相思湖学院 人工智能专任教师,硕士研究生,,,网申+考核,,,招聘人数：若干；待遇标签：科研启动费/交通补贴；薪酬：面议；单位性质：民营（私营）,南宁 广西-南宁,/job/detail/2281790.html,广西民族大学相思湖学院南宁数字科技学院（筹）2026年招聘公告,
2026,事业单位,2026高校/科研院所人才引进（高校人才网）,广西民族大学相思湖学院,广西民族大学相思湖学院 数据科学与大数据技术专任教师,硕士研究生,,,网申+考核,,,招聘人数：若干；待遇标签：科研启动费/交通补贴；薪酬：面议；单位性质：民营（私营）,南宁 广西-南宁,/job/detail/2281789.html,广西民族大学相思湖学院南宁数字科技学院（筹）2026年招聘公告,
2026,事业单位,2026高校/科研院所人才引进（高校人才网）,广西民族大学相思湖学院,广西民族大学相思湖学院 网络工程专任教师,硕士研究生,,,网申+考核,,,招聘人数：若干；待遇标签：科研启动费/交通补贴；薪酬：面议；单位性质：民营（私营）,南宁 广西-南宁,/job/detail/2281788.html,广西民族大学相思湖学院南宁数字科技学院（筹）2026年招聘公告,
2026,事业单位,2026高校/科研院所人才引进（高校人才网）,广西民族大学相思湖学院,广西民族大学相思湖学院 软件工程专任教师,硕士研究生,,,网申+考核,,,招聘人数：若干；待遇标签：科研启动费/交通补贴；薪酬：面议；单位性质：民营（私营）,南宁 广西-南宁,/job/detail/2281787.html,广西民族大学相思湖学院南宁数字科技学院（筹）2026年招聘公告,
2026,事业单位,2026高校/科研院所人才引进（高校人才网）,广西民族大学相思湖学院,广西民族大学相思湖学院 计算机科学与技术专任教师,硕士研究生,,,网申+考核,,,招聘人数：若干；待遇标签：科研启动费/交通补贴；薪酬：面议；单位性质：民营（私营）,南宁 广西-南宁,/job/detail/2281786.html,广西民族大学相思湖学院南宁数字科技学院（筹）2026年招聘公告,
2026,事业单位,2026高校/科研院所人才引进（高校人才网）,广州软件学院,广州软件学院 专任教师-基础与通识教育学院,硕士研究生,,,网申+考核,,,招聘人数：若干；待遇标签：五险一金/节日福利；薪酬：面议；单位性质：民营（私营）,江门 广东-江门,/job/detail/2211653.html,百万英才汇南粤 | 广州软件学院2026年专任教师招聘启事,
2026,事业单位,2026高校/科研院所人才引进（高校人才网）,广州软件学院,广州软件学院 专任教师-数字经济与管理学院,硕士研究生,,,网申+考核,,,招聘人数：若干；待遇标签：五险一金/节日福利；薪酬：面议；单位性质：民营（私营）,广州 广东-广州,/job/detail/2211652.html,百万英才汇南粤 | 广州软件学院2026年专任教师招聘启事,
2026,事业单位,2026高校/科研院所人才引进（高校人才网）,广州软件学院,广州软件学院 专任教师-电子信息与控制工程学院,硕士研究生,,,网申+考核,,,招聘人数：若干；待遇标签：五险一金/节日福利；薪酬：面议；单位性质：民营（私营）,江门 广东-江门,/job/detail/2211651.html,百万英才汇南粤 | 广州软件学院2026年专任教师招聘启事,
2026,事业单位,2026高校/科研院所人才引进（高校人才网）,广州软件学院,广州软件学院 专任教师-网络空间安全学院,硕士研究生,,,网申+考核,,,招聘人数：若干；待遇标签：五险一金/节日福利；薪酬：面议；单位性质：民营（私营）,广州 广东-广州,/job/detail/2211650.html,百万英才汇南粤 | 广州软件学院2026年专任教师招聘启事,
2026,事业单位,2026高校/科研院所人才引进（高校人才网）,广州软件学院,广州软件学院 专任教师-马克思主义学院,硕士研究生,,,网申+考核,,,招聘人数：2；待遇标签：五险一金/节日福利；薪酬：面议；单位性质：民营（私营）,江门 广东-江门,/job/detail/2211649.html,百万英才汇南粤 | 广州软件学院2026年专任教师招聘启事,
2026,事业单位,2026高校/科研院所人才引进（高校人才网）,广州软件学院,广州软件学院 专任教师-外国语学院,硕士研究生,,,网申+考核,,,招聘人数：3；待遇标签：五险一金/节日福利；薪酬：面议；单位性质：民营（私营）,江门 广东-江门,/job/detail/2211648.html,百万英才汇南粤 | 广州软件学院2026年专任教师招聘启事,
2026,事业单位,2026高校/科研院所人才引进（高校人才网）,广州软件学院,广州软件学院 专任教师-创意设计学院,硕士研究生,,,网申+考核,,,招聘人数：7；待遇标签：五险一金/节日福利；薪酬：面议；单位性质：民营（私营）,江门 广东-江门,/job/detail/2211647.html,百万英才汇南粤 | 广州软件学院2026年专任教师招聘启事,
2026,事业单位,2026高校/科研院所人才引进（高校人才网）,广州软件学院,广州软件学院 专任教师-数字传媒学院,硕士研究生,,,网申+考核,,,招聘人数：10；待遇标签：五险一金/节日福利；薪酬：面议；单位性质：民营（私营）,广州 广东-广州,/job/detail/2211646.html,百万英才汇南粤 | 广州软件学院2026年专任教师招聘启事,
2026,事业单位,2026高校/科研院所人才引进（高校人才网）,广州软件学院,广州软件学院 专任教师-软件与人工智能学院,硕士研究生,,,网申+考核,,,招聘人数：15；待遇标签：五险一金/节日福利；薪酬：面议；单位性质：民营（私营）,广州 广东-广州,/job/detail/2211645.html,百万英才汇南粤 | 广州软件学院2026年专任教师招聘启事,
2026,事业单位,2026高校/科研院所人才引进（高校人才网）,中国计量大学现代科技学院,中国计量大学现代科技学院 体育军事艺术部-G类人才（青年博士）,博士研究生,,,网申+考核,,,招聘人数：若干；待遇标签：住房补贴/科研启动费；薪酬：面议；单位性质：民营（私营）,金华 浙江-金华,/job/detail/2194538.html,中国计量大学现代科技学院2026年高层次人才招聘公告,
2026,事业单位,2026高校/科研院所人才引进（高校人才网）,中国计量大学现代科技学院,中国计量大学现代科技学院 体育军事艺术部-F类人才（副高级教师）,博士研究生,,,网申+考核,,,招聘人数：若干；待遇标签：住房补贴/科研启动费；薪酬：面议；单位性质：民营（私营）,金华 浙江-金华,/job/detail/2194537.html,中国计量大学现代科技学院2026年高层次人才招聘公告,
2026,事业单位,2026高校/科研院所人才引进（高校人才网）,中国计量大学现代科技学院,中国计量大学现代科技学院 体育军事艺术部-E2类人才（正高级教师）,博士研究生,,,网申+考核,,,招聘人数：若干；待遇标签：住房补贴/科研启动费；薪酬：面议；单位性质：民营（私营）,金华 浙江-金华,/job/detail/2194536.html,中国计量大学现代科技学院2026年高层次人才招聘公告,
2026,事业单位,2026高校/科研院所人才引进（高校人才网）,中国计量大学现代科技学院,中国计量大学现代科技学院 体育军事艺术部-E1类人才（省级青年拔尖人才）,博士研究生,,,网申+考核,,,招聘人数：若干；待遇标签：住房补贴/科研启动费；薪酬：面议；单位性质：民营（私营）,金华 浙江-金华,/job/detail/2194535.html,中国计量大学现代科技学院2026年高层次人才招聘公告,
2026,事业单位,2026高校/科研院所人才引进（高校人才网）,中国计量大学现代科技学院,中国计量大学现代科技学院 体育军事艺术部-D2类人才（学科带头人）,博士研究生,,,网申+考核,,,招聘人数：若干；待遇标签：住房补贴/科研启动费；薪酬：面议；单位性质：民营（私营）,金华 浙江-金华,/job/detail/2194534.html,中国计量大学现代科技学院2026年高层次人才招聘公告,
2026,事业单位,2026高校/科研院所人才引进（高校人才网）,中国计量大学现代科技学院,中国计量大学现代科技学院 体育军事艺术部-D1类人才（省级领军人才）,博士研究生,,,网申+考核,,,招聘人数：若干；待遇标签：住房补贴/科研启动费；薪酬：面议；单位性质：民营（私营）,金华 浙江-金华,/job/detail/2194533.html,中国计量大学现代科技学院2026年高层次人才招聘公告,
2026,事业单位,2026高校/科研院所人才引进（高校人才网）,中国计量大学现代科技学院,中国计量大学现代科技学院 体育军事艺术部-C类人才（国家级青年人才）,博士研究生,,,网申+考核,,,招聘人数：若干；待遇标签：住房补贴/科研启动费；薪酬：80万/年；单位性质：民营（私营）,金华 浙江-金华,/job/detail/2194532.html,中国计量大学现代科技学院2026年高层次人才招聘公告,
2026,事业单位,2026高校/科研院所人才引进（高校人才网）,中国计量大学现代科技学院,中国计量大学现代科技学院 体育军事艺术部-B类人才（国家级领军人才）,博士研究生,,,网申+考核,,,招聘人数：若干；待遇标签：住房补贴/科研启动费；薪酬：150万/年；单位性质：民营（私营）,金华 浙江-金华,/job/detail/2194531.html,中国计量大学现代科技学院2026年高层次人才招聘公告,
2026,事业单位,2026高校/科研院所人才引进（高校人才网）,中国计量大学现代科技学院,中国计量大学现代科技学院 体育军事艺术部-A类人才（国家顶尖级人才）,博士研究生,,,网申+考核,,,招聘人数：若干；薪酬：面议；单位性质：民营（私营）,金华 浙江-金华,/job/detail/2194530.html,中国计量大学现代科技学院2026年高层次人才招聘公告,
2026,事业单位,2026高校/科研院所人才引进（高校人才网）,中国计量大学现代科技学院,中国计量大学现代科技学院 马克思主义学院-G类人才（青年博士）,博士研究生,,,网申+考核,,,招聘人数：若干；待遇标签：住房补贴/科研启动费；薪酬：面议；单位性质：民营（私营）,金华 浙江-金华,/job/detail/2194529.html,中国计量大学现代科技学院2026年高层次人才招聘公告,
2026,事业单位,2026高校/科研院所人才引进（高校人才网）,中国计量大学现代科技学院,中国计量大学现代科技学院 马克思主义学院-F类人才（副高级教师）,博士研究生,,,网申+考核,,,招聘人数：若干；待遇标签：住房补贴/科研启动费；薪酬：面议；单位性质：民营（私营）,金华 浙江-金华,/job/detail/2194528.html,中国计量大学现代科技学院2026年高层次人才招聘公告,
2026,事业单位,2026高校/科研院所人才引进（高校人才网）,中国计量大学现代科技学院,中国计量大学现代科技学院 马克思主义学院-E2类人才（正高级教师）,博士研究生,,,网申+考核,,,招聘人数：若干；待遇标签：住房补贴/科研启动费；薪酬：面议；单位性质：民营（私营）,金华 浙江-金华,/job/detail/2194527.html,中国计量大学现代科技学院2026年高层次人才招聘公告,
2026,事业单位,2026高校/科研院所人才引进（高校人才网）,中国计量大学现代科技学院,中国计量大学现代科技学院 马克思主义学院-E1类人才（省级青年拔尖人才）,博士研究生,,,网申+考核,,,招聘人数：若干；待遇标签：住房补贴/科研启动费；薪酬：面议；单位性质：民营（私营）,金华 浙江-金华,/job/detail/2194526.html,中国计量大学现代科技学院2026年高层次人才招聘公告,
2026,事业单位,2026高校/科研院所人才引进（高校人才网）,中国计量大学现代科技学院,中国计量大学现代科技学院 马克思主义学院-D2类人才（学科带头人）,博士研究生,,,网申+考核,,,招聘人数：若干；待遇标签：住房补贴/科研启动费；薪酬：面议；单位性质：民营（私营）,金华 浙江-金华,/job/detail/2194525.html,中国计量大学现代科技学院2026年高层次人才招聘公告,
2026,事业单位,2026高校/科研院所人才引进（高校人才网）,中国计量大学现代科技学院,中国计量大学现代科技学院 马克思主义学院-D1类人才（省级领军人才）,博士研究生,,,网申+考核,,,招聘人数：若干；待遇标签：住房补贴/科研启动费；薪酬：面议；单位性质：民营（私营）,金华 浙江-金华,/job/detail/2194524.html,中国计量大学现代科技学院2026年高层次人才招聘公告,
2026,事业单位,2026高校/科研院所人才引进（高校人才网）,中国计量大学现代科技学院,中国计量大学现代科技学院 马克思主义学院-C类人才（国家级青年人才）,博士研究生,,,网申+考核,,,招聘人数：若干；待遇标签：住房补贴/科研启动费；薪酬：80万/年；单位性质：民营（私营）,金华 浙江-金华,/job/detail/2194523.html,中国计量大学现代科技学院2026年高层次人才招聘公告,
2026,事业单位,2026高校/科研院所人才引进（高校人才网）,中国计量大学现代科技学院,中国计量大学现代科技学院 马克思主义学院-B类人才（国家级领军人才）,博士研究生,,,网申+考核,,,招聘人数：若干；待遇标签：住房补贴/科研启动费；薪酬：150万/年；单位性质：民营（私营）,金华 浙江-金华,/job/detail/2194522.html,中国计量大学现代科技学院2026年高层次人才招聘公告,
2026,事业单位,2026高校/科研院所人才引进（高校人才网）,中国计量大学现代科技学院,中国计量大学现代科技学院 马克思主义学院-A类人才（国家顶尖级人才）,博士研究生,,,网申+考核,,,招聘人数：若干；薪酬：面议；单位性质：民营（私营）,金华 浙江-金华,/job/detail/2194521.html,中国计量大学现代科技学院2026年高层次人才招聘公告,
2026,事业单位,2026高校/科研院所人才引进（高校人才网）,中国计量大学现代科技学院,中国计量大学现代科技学院 国际商贸学院-G类人才（青年博士）,博士研究生,,,网申+考核,,,招聘人数：若干；待遇标签：住房补贴/科研启动费；薪酬：面议；单位性质：民营（私营）,金华 浙江-金华,/job/detail/2194520.html,中国计量大学现代科技学院2026年高层次人才招聘公告,
2026,事业单位,2026高校/科研院所人才引进（高校人才网）,中国计量大学现代科技学院,中国计量大学现代科技学院 国际商贸学院-F类人才（副高级教师）,博士研究生,,,网申+考核,,,招聘人数：若干；待遇标签：住房补贴/科研启动费；薪酬：面议；单位性质：民营（私营）,金华 浙江-金华,/job/detail/2194519.html,中国计量大学现代科技学院2026年高层次人才招聘公告,
2026,事业单位,2026高校/科研院所人才引进（高校人才网）,中国计量大学现代科技学院,中国计量大学现代科技学院 国际商贸学院-E2类人才（正高级教师）,博士研究生,,,网申+考核,,,招聘人数：若干；待遇标签：住房补贴/科研启动费；薪酬：面议；单位性质：民营（私营）,金华 浙江-金华,/job/detail/2194518.html,中国计量大学现代科技学院2026年高层次人才招聘公告,
2026,事业单位,2026高校/科研院所人才引进（高校人才网）,中国计量大学现代科技学院,中国计量大学现代科技学院 国际商贸学院-E1类人才（省级青年拔尖人才）,博士研究生,,,网申+考核,,,招聘人数：若干；待遇标签：住房补贴/科研启动费；薪酬：面议；单位性质：民营（私营）,金华 浙江-金华,/job/detail/2194517.html,中国计量大学现代科技学院2026年高层次人才招聘公告,
2026,事业单位,2026高校/科研院所人才引进（高校人才网）,中国计量大学现代科技学院,中国计量大学现代科技学院 国际商贸学院-D2类人才（学科带头人）,博士研究生,,,网申+考核,,,招聘人数：若干；待遇标签：住房补贴/科研启动费；薪酬：面议；单位性质：民营（私营）,金华 浙江-金华,/job/detail/2194516.html,中国计量大学现代科技学院2026年高层次人才招聘公告,
2026,事业单位,2026高校/科研院所人才引进（高校人才网）,中国计量大学现代科技学院,中国计量大学现代科技学院 国际商贸学院-D1类人才（省级领军人才）,博士研究生,,,网申+考核,,,招聘人数：若干；待遇标签：住房补贴/科研启动费；薪酬：面议；单位性质：民营（私营）,金华 浙江-金华,/job/detail/2194515.html,中国计量大学现代科技学院2026年高层次人才招聘公告,
2026,事业单位,2026高校/科研院所人才引进（高校人才网）,中国计量大学现代科技学院,中国计量大学现代科技学院 国际商贸学院-C类人才（国家级青年人才）,博士研究生,,,网申+考核,,,招聘人数：若干；待遇标签：住房补贴/科研启动费；薪酬：80万/年；单位性质：民营（私营）,金华 浙江-金华,/job/detail/2194514.html,中国计量大学现代科技学院2026年高层次人才招聘公告,
2026,事业单位,2026高校/科研院所人才引进（高校人才网）,中国计量大学现代科技学院,中国计量大学现代科技学院 国际商贸学院-B类人才（国家级领军人才）,博士研究生,,,网申+考核,,,招聘人数：若干；待遇标签：住房补贴/科研启动费；薪酬：150万/年；单位性质：民营（私营）,金华 浙江-金华,/job/detail/2194513.html,中国计量大学现代科技学院2026年高层次人才招聘公告,
2026,事业单位,2026高校/科研院所人才引进（高校人才网）,中国计量大学现代科技学院,中国计量大学现代科技学院 国际商贸学院-A类人才（国家顶尖级人才）,博士研究生,,,网申+考核,,,招聘人数：若干；薪酬：面议；单位性质：民营（私营）,金华 浙江-金华,/job/detail/2194512.html,中国计量大学现代科技学院2026年高层次人才招聘公告,
2026,事业单位,2026高校/科研院所人才引进（高校人才网）,中国计量大学现代科技学院,中国计量大学现代科技学院 人工智能学院-G类人才（青年博士）,博士研究生,,,网申+考核,,,招聘人数：若干；待遇标签：住房补贴/科研启动费；薪酬：面议；单位性质：民营（私营）,金华 浙江-金华,/job/detail/2194511.html,中国计量大学现代科技学院2026年高层次人才招聘公告,
2026,事业单位,2026高校/科研院所人才引进（高校人才网）,中国计量大学现代科技学院,中国计量大学现代科技学院 人工智能学院-F类人才（副高级教师）,博士研究生,,,网申+考核,,,招聘人数：若干；待遇标签：住房补贴/科研启动费；薪酬：面议；单位性质：民营（私营）,金华 浙江-金华,/job/detail/2194510.html,中国计量大学现代科技学院2026年高层次人才招聘公告,
2026,事业单位,2026高校/科研院所人才引进（高校人才网）,中国计量大学现代科技学院,中国计量大学现代科技学院 人工智能学院-E2类人才（正高级教师）,博士研究生,,,网申+考核,,,招聘人数：若干；待遇标签：住房补贴/科研启动费；薪酬：面议；单位性质：民营（私营）,金华 浙江-金华,/job/detail/2194509.html,中国计量大学现代科技学院2026年高层次人才招聘公告,
2026,事业单位,2026高校/科研院所人才引进（高校人才网）,中国计量大学现代科技学院,中国计量大学现代科技学院 人工智能学院-E1类人才（省级青年拔尖人才）,博士研究生,,,网申+考核,,,招聘人数：若干；待遇标签：住房补贴/科研启动费；薪酬：面议；单位性质：民营（私营）,金华 浙江-金华,/job/detail/2194508.html,中国计量大学现代科技学院2026年高层次人才招聘公告,
2026,事业单位,2026高校/科研院所人才引进（高校人才网）,中国计量大学现代科技学院,中国计量大学现代科技学院 人工智能学院-D2类人才（学科带头人）,博士研究生,,,网申+考核,,,招聘人数：若干；待遇标签：住房补贴/科研启动费；薪酬：面议；单位性质：民营（私营）,金华 浙江-金华,/job/detail/2194507.html,中国计量大学现代科技学院2026年高层次人才招聘公告,
2026,事业单位,2026高校/科研院所人才引进（高校人才网）,中国计量大学现代科技学院,中国计量大学现代科技学院 人工智能学院-D1类人才（省级领军人才）,博士研究生,,,网申+考核,,,招聘人数：若干；待遇标签：住房补贴/科研启动费；薪酬：面议；单位性质：民营（私营）,金华 浙江-金华,/job/detail/2194506.html,中国计量大学现代科技学院2026年高层次人才招聘公告,
2026,事业单位,2026高校/科研院所人才引进（高校人才网）,中国计量大学现代科技学院,中国计量大学现代科技学院 人工智能学院-C类人才（国家级青年人才）,博士研究生,,,网申+考核,,,招聘人数：若干；待遇标签：住房补贴/科研启动费；薪酬：80万/年；单位性质：民营（私营）,金华 浙江-金华,/job/detail/2194505.html,中国计量大学现代科技学院2026年高层次人才招聘公告,
2026,事业单位,2026高校/科研院所人才引进（高校人才网）,中国计量大学现代科技学院,中国计量大学现代科技学院 人工智能学院-B类人才（国家级领军人才）,博士研究生,,,网申+考核,,,招聘人数：若干；待遇标签：住房补贴/科研启动费；薪酬：150万/年；单位性质：民营（私营）,金华 浙江-金华,/job/detail/2194504.html,中国计量大学现代科技学院2026年高层次人才招聘公告,
2026,事业单位,2026高校/科研院所人才引进（高校人才网）,中国计量大学现代科技学院,中国计量大学现代科技学院 人工智能学院-A类人才（国家顶尖级人才）,博士研究生,,,网申+考核,,,招聘人数：若干；薪酬：面议；单位性质：民营（私营）,金华 浙江-金华,/job/detail/2194503.html,中国计量大学现代科技学院2026年高层次人才招聘公告,
2026,事业单位,2026高校/科研院所人才引进（高校人才网）,中国计量大学现代科技学院,中国计量大学现代科技学院 市场监管学院-G类人才（青年博士）,博士研究生,,,网申+考核,,,招聘人数：若干；待遇标签：住房补贴/科研启动费；薪酬：面议；单位性质：民营（私营）,金华 浙江-金华,/job/detail/2194502.html,中国计量大学现代科技学院2026年高层次人才招聘公告,
2026,事业单位,2026高校/科研院所人才引进（高校人才网）,中国计量大学现代科技学院,中国计量大学现代科技学院 市场监管学院-F类人才（副高级教师）,博士研究生,,,网申+考核,,,招聘人数：若干；待遇标签：住房补贴/科研启动费；薪酬：面议；单位性质：民营（私营）,金华 浙江-金华,/job/detail/2194501.html,中国计量大学现代科技学院2026年高层次人才招聘公告,
2026,事业单位,2026高校/科研院所人才引进（高校人才网）,中国计量大学现代科技学院,中国计量大学现代科技学院 市场监管学院-E2类人才（正高级教师）,博士研究生,,,网申+考核,,,招聘人数：若干；待遇标签：住房补贴/科研启动费；薪酬：面议；单位性质：民营（私营）,金华 浙江-金华,/job/detail/2194500.html,中国计量大学现代科技学院2026年高层次人才招聘公告,
2026,事业单位,2026高校/科研院所人才引进（高校人才网）,中国计量大学现代科技学院,中国计量大学现代科技学院 市场监管学院-E1类人才（省级青年拔尖人才）,博士研究生,,,网申+考核,,,招聘人数：若干；待遇标签：住房补贴/科研启动费；薪酬：面议；单位性质：民营（私营）,金华 浙江-金华,/job/detail/2194499.html,中国计量大学现代科技学院2026年高层次人才招聘公告,
2026,事业单位,2026高校/科研院所人才引进（高校人才网）,中国计量大学现代科技学院,中国计量大学现代科技学院 市场监管学院-D2类人才（学科带头人）,博士研究生,,,网申+考核,,,招聘人数：若干；待遇标签：住房补贴/科研启动费；薪酬：面议；单位性质：民营（私营）,金华 浙江-金华,/job/detail/2194498.html,中国计量大学现代科技学院2026年高层次人才招聘公告,
2026,事业单位,2026高校/科研院所人才引进（高校人才网）,中国计量大学现代科技学院,中国计量大学现代科技学院 市场监管学院-D1类人才（省级领军人才）,博士研究生,,,网申+考核,,,招聘人数：若干；待遇标签：住房补贴/科研启动费；薪酬：面议；单位性质：民营（私营）,金华 浙江-金华,/job/detail/2194497.html,中国计量大学现代科技学院2026年高层次人才招聘公告,
2026,事业单位,2026高校/科研院所人才引进（高校人才网）,中国计量大学现代科技学院,中国计量大学现代科技学院 市场监管学院-C类人才（国家级青年人才）,博士研究生,,,网申+考核,,,招聘人数：若干；待遇标签：住房补贴/科研启动费；薪酬：80万/年；单位性质：民营（私营）,金华 浙江-金华,/job/detail/2194496.html,中国计量大学现代科技学院2026年高层次人才招聘公告,
2026,事业单位,2026高校/科研院所人才引进（高校人才网）,中国计量大学现代科技学院,中国计量大学现代科技学院 市场监管学院-B类人才（国家级领军人才）,博士研究生,,,网申+考核,,,招聘人数：若干；待遇标签：住房补贴/科研启动费；薪酬：150万/年；单位性质：民营（私营）,金华 浙江-金华,/job/detail/2194495.html,中国计量大学现代科技学院2026年高层次人才招聘公告,
2026,事业单位,2026高校/科研院所人才引进（高校人才网）,中国计量大学现代科技学院,中国计量大学现代科技学院 市场监管学院-A类人才（国家顶尖级人才）,博士研究生,,,网申+考核,,,招聘人数：若干；薪酬：面议；单位性质：民营（私营）,金华 浙江-金华,/job/detail/2194494.html,中国计量大学现代科技学院2026年高层次人才招聘公告,
2026,事业单位,2026高校/科研院所人才引进（高校人才网）,中国计量大学现代科技学院,中国计量大学现代科技学院 先进制造学院-G类人才（青年博士）,博士研究生,,,网申+考核,,,招聘人数：若干；待遇标签：住房补贴/科研启动费；薪酬：面议；单位性质：民营（私营）,金华 浙江-金华,/job/detail/2194493.html,中国计量大学现代科技学院2026年高层次人才招聘公告,
2026,事业单位,2026高校/科研院所人才引进（高校人才网）,中国计量大学现代科技学院,中国计量大学现代科技学院 先进制造学院-F类人才（副高级教师）,博士研究生,,,网申+考核,,,招聘人数：若干；待遇标签：住房补贴/科研启动费；薪酬：面议；单位性质：民营（私营）,金华 浙江-金华,/job/detail/2194492.html,中国计量大学现代科技学院2026年高层次人才招聘公告,
2026,事业单位,2026高校/科研院所人才引进（高校人才网）,中国计量大学现代科技学院,中国计量大学现代科技学院 先进制造学院-E2类人才（正高级教师）,博士研究生,,,网申+考核,,,招聘人数：若干；待遇标签：住房补贴/科研启动费；薪酬：面议；单位性质：民营（私营）,金华 浙江-金华,/job/detail/2194491.html,中国计量大学现代科技学院2026年高层次人才招聘公告,
2026,事业单位,2026高校/科研院所人才引进（高校人才网）,中国计量大学现代科技学院,中国计量大学现代科技学院 先进制造学院-E1类人才（省级青年拔尖人才）,博士研究生,,,网申+考核,,,招聘人数：若干；待遇标签：住房补贴/科研启动费；薪酬：面议；单位性质：民营（私营）,金华 浙江-金华,/job/detail/2194490.html,中国计量大学现代科技学院2026年高层次人才招聘公告,
2026,事业单位,2026高校/科研院所人才引进（高校人才网）,中国计量大学现代科技学院,中国计量大学现代科技学院 先进制造学院-D2类人才（学科带头人）,博士研究生,,,网申+考核,,,招聘人数：若干；待遇标签：住房补贴/科研启动费；薪酬：面议；单位性质：民营（私营）,金华 浙江-金华,/job/detail/2194489.html,中国计量大学现代科技学院2026年高层次人才招聘公告,
2026,事业单位,2026高校/科研院所人才引进（高校人才网）,中国计量大学现代科技学院,中国计量大学现代科技学院 先进制造学院-D1类人才（省级领军人才）,博士研究生,,,网申+考核,,,招聘人数：若干；待遇标签：住房补贴/科研启动费；薪酬：面议；单位性质：民营（私营）,金华 浙江-金华,/job/detail/2194488.html,中国计量大学现代科技学院2026年高层次人才招聘公告,
2026,事业单位,2026高校/科研院所人才引进（高校人才网）,中国计量大学现代科技学院,中国计量大学现代科技学院 先进制造学院-C类人才（国家级青年人才）,博士研究生,,,网申+考核,,,招聘人数：若干；待遇标签：住房补贴/科研启动费；薪酬：80万/年；单位性质：民营（私营）,金华 浙江-金华,/job/detail/2194487.html,中国计量大学现代科技学院2026年高层次人才招聘公告,
2026,事业单位,2026高校/科研院所人才引进（高校人才网）,中国计量大学现代科技学院,中国计量大学现代科技学院 先进制造学院-B类人才（国家级领军人才）,博士研究生,,,网申+考核,,,招聘人数：若干；待遇标签：住房补贴/科研启动费；薪酬：150万/年；单位性质：民营（私营）,金华 浙江-金华,/job/detail/2194486.html,中国计量大学现代科技学院2026年高层次人才招聘公告,
2026,事业单位,2026高校/科研院所人才引进（高校人才网）,中国计量大学现代科技学院,中国计量大学现代科技学院 先进制造学院-A类人才（国家顶尖级人才）,博士研究生,,,网申+考核,,,招聘人数：若干；薪酬：面议；单位性质：民营（私营）,金华 浙江-金华,/job/detail/2194485.html,中国计量大学现代科技学院2026年高层次人才招聘公告,
2026,事业单位,2026高校/科研院所人才引进（高校人才网）,深圳先进光源研究院,深圳先进光源研究院 研究生管理,硕士研究生,,,网申+考核,,,招聘人数：1；待遇标签：五险一金/带薪年假；薪酬：面议；单位性质：公立（国有）,深圳 广东-深圳,/job/detail/2055073.html,高校区域技术转移转化中心高端科学仪器深圳分中心2026年招聘公告（第一批）,
2026,事业单位,2026高校/科研院所人才引进（高校人才网）,深圳先进光源研究院,深圳先进光源研究院 投资经理,硕士研究生,,,网申+考核,,,招聘人数：4；待遇标签：五险一金/带薪年假；薪酬：面议；单位性质：公立（国有）,深圳 广东-深圳,/job/detail/2055072.html,高校区域技术转移转化中心高端科学仪器深圳分中心2026年招聘公告（第一批）,
2026,事业单位,2026高校/科研院所人才引进（高校人才网）,深圳先进光源研究院,深圳先进光源研究院 技术经理人,硕士研究生,,,网申+考核,,,招聘人数：5；待遇标签：五险一金/带薪年假；薪酬：面议；单位性质：公立（国有）,深圳 广东-深圳,/job/detail/2055071.html,高校区域技术转移转化中心高端科学仪器深圳分中心2026年招聘公告（第一批）,
2026,事业单位,2026高校/科研院所人才引进（高校人才网）,澳门科技大学,澳门科技大学 数据分析员,硕士研究生,,,网申+考核,,,招聘人数：若干；薪酬：1.5-2.1万/月；单位性质：民营（私营）,澳门 澳门-澳门,/job/detail/2263579.html,澳门科技大学2026/2027年行政/技术人员职位招聘公告,
2026,事业单位,2026高校/科研院所人才引进（高校人才网）,澳门科技大学,澳门科技大学 图书馆技术员,硕士研究生,,,网申+考核,,,招聘人数：若干；薪酬：1.5-2万/月；单位性质：民营（私营）,澳门 澳门-澳门,/job/detail/2229333.html,澳门科技大学2026/2027年行政/技术人员职位招聘公告,
2026,事业单位,2026高校/科研院所人才引进（高校人才网）,澳门科技大学,澳门科技大学 数据分析与管理技术员,硕士研究生,,,网申+考核,,,招聘人数：1；薪酬：1-1.5万/月；单位性质：民营（私营）,澳门 澳门-澳门,/job/detail/1727063.html,澳门科技大学2026/2027年行政/技术人员职位招聘公告,
2026,事业单位,2026高校/科研院所人才引进（高校人才网）,澳门科技大学,澳门科技大学 超算运维技术员,本科,,,网申+考核,,,招聘人数：1；薪酬：1.2-1.8万/月；单位性质：民营（私营）,澳门 澳门-澳门,/job/detail/1641214.html,澳门科技大学2026/2027年行政/技术人员职位招聘公告,
2026,事业单位,2026高校/科研院所人才引进（高校人才网）,澳门科技大学,澳门科技大学 云运维技术员,硕士研究生,,,网申+考核,,,招聘人数：2；薪酬：1.4-2万/月；单位性质：民营（私营）,澳门 澳门-澳门,/job/detail/1641213.html,澳门科技大学2026/2027年行政/技术人员职位招聘公告,
2026,事业单位,2026高校/科研院所人才引进（高校人才网）,澳门科技大学,澳门科技大学 高级运维工程师,硕士研究生,,,网申+考核,,,招聘人数：1；薪酬：1.8-3万/月；单位性质：民营（私营）,澳门 澳门-澳门,/job/detail/1641212.html,澳门科技大学2026/2027年行政/技术人员职位招聘公告,
2026,事业单位,2026高校/科研院所人才引进（高校人才网）,澳门科技大学,澳门科技大学 行政人员,硕士研究生,,,网申+考核,,,招聘人数：若干；薪酬：1.5-2.5万/月；单位性质：民营（私营）,澳门 澳门-澳门,/job/detail/1641211.html,澳门科技大学2026/2027年行政/技术人员职位招聘公告,
2026,事业单位,2026高校/科研院所人才引进（高校人才网）,澳门科技大学,澳门科技大学 社会和文化研究所-教授/副教授/助理教授/讲师,博士研究生,,,网申+考核,,,招聘人数：若干；待遇标签：带薪年假；薪酬：面议；单位性质：民营（私营）,澳门 澳门-澳门,/job/detail/787188.html,澳门科技大学2026/2027年招聘社会和文化研究所教授/副教授/助理教授/讲师公告,
2026,事业单位,2026高校/科研院所人才引进（高校人才网）,苏州职业技术大学,苏州职业技术大学 机电教师,博士研究生,,,网申+考核,,,招聘人数：1；待遇标签：科研启动费/住房补贴；薪酬：面议；有编制；单位性质：公立（国有）,苏州 江苏-苏州,/job/detail/2260094.html,事业编制！苏州职业技术大学2026年公开招聘高层次人才公告,
2026,事业单位,2026高校/科研院所人才引进（高校人才网）,广州松田职业学院,广州松田职业学院 银龄教师-现代航空学院,本科,,,网申+考核,,,招聘人数：若干；待遇标签：提供住房公寓/节日福利；薪酬：面议；单位性质：民营（私营）,广州 广东-广州,/job/detail/2104311.html,广州松田职业学院2026年银龄教师招聘公告,
2026,事业单位,2026高校/科研院所人才引进（高校人才网）,广州松田职业学院,广州松田职业学院 银龄教师-商贸学院,本科,,,网申+考核,,,招聘人数：若干；待遇标签：提供住房公寓/节日福利；薪酬：面议；单位性质：民营（私营）,广州 广东-广州,/job/detail/2104310.html,广州松田职业学院2026年银龄教师招聘公告,
2026,事业单位,2026高校/科研院所人才引进（高校人才网）,广州松田职业学院,广州松田职业学院 银龄教师-艺术与建筑学院,本科,,,网申+考核,,,招聘人数：若干；待遇标签：提供住房公寓/节日福利；薪酬：面议；单位性质：民营（私营）,广州 广东-广州,/job/detail/2104309.html,广州松田职业学院2026年银龄教师招聘公告,
2026,事业单位,2026高校/科研院所人才引进（高校人才网）,广州松田职业学院,广州松田职业学院 银龄教师-卫生健康学院,本科,,,网申+考核,,,招聘人数：若干；待遇标签：提供住房公寓/节日福利；薪酬：面议；单位性质：民营（私营）,广州 广东-广州,/job/detail/2104308.html,广州松田职业学院2026年银龄教师招聘公告,
2026,事业单位,2026高校/科研院所人才引进（高校人才网）,广州松田职业学院,广州松田职业学院 银龄教师-人工智能学院,本科,,,网申+考核,,,招聘人数：若干；待遇标签：提供住房公寓/节日福利；薪酬：面议；单位性质：民营（私营）,广州 广东-广州,/job/detail/2104307.html,广州松田职业学院2026年银龄教师招聘公告,
2026,事业单位,2026高校/科研院所人才引进（高校人才网）,广州松田职业学院,广州松田职业学院 银龄教师-智能工程学院,本科,,,网申+考核,,,招聘人数：若干；待遇标签：提供住房公寓/节日福利；薪酬：面议；单位性质：民营（私营）,广州 广东-广州,/job/detail/2104306.html,广州松田职业学院2026年银龄教师招聘公告,
2026,事业单位,2026高校/科研院所人才引进（高校人才网）,广州松田职业学院,广州松田职业学院 银龄教师-马克思主义学院,本科,,,网申+考核,,,招聘人数：若干；待遇标签：提供住房公寓/节日福利；薪酬：面议；单位性质：民营（私营）,广州 广东-广州,/job/detail/2104305.html,广州松田职业学院2026年银龄教师招聘公告,
2026,事业单位,2026高校/科研院所人才引进（高校人才网）,苏州职业技术大学,苏州职业技术大学 专职辅导员2,博士研究生,,,网申+考核,,,招聘人数：2；待遇标签：科研启动费/住房补贴；薪酬：面议；有编制；单位性质：公立（国有）,苏州 江苏-苏州,/job/detail/2025705.html,事业编制！苏州职业技术大学2026年公开招聘高层次人才公告,
2026,事业单位,2026高校/科研院所人才引进（高校人才网）,苏州职业技术大学,苏州职业技术大学 体育教师,博士研究生,,,网申+考核,,,招聘人数：1；待遇标签：科研启动费/住房补贴；薪酬：面议；有编制；单位性质：公立（国有）,苏州 江苏-苏州,/job/detail/2025702.html,事业编制！苏州职业技术大学2026年公开招聘高层次人才公告,
2026,事业单位,2026高校/科研院所人才引进（高校人才网）,苏州职业技术大学,苏州职业技术大学 管理专业带头人,博士研究生,,,网申+考核,,,招聘人数：2；待遇标签：科研启动费/住房补贴；薪酬：面议；有编制；单位性质：公立（国有）,苏州 江苏-苏州,/job/detail/2025696.html,事业编制！苏州职业技术大学2026年公开招聘高层次人才公告,
2026,事业单位,2026高校/科研院所人才引进（高校人才网）,苏州职业技术大学,苏州职业技术大学 计算机高技能人才,本科,,,网申+考核,,,招聘人数：1；待遇标签：科研启动费/住房补贴；薪酬：面议；有编制；单位性质：公立（国有）,苏州 江苏-苏州,/job/detail/2025692.html,事业编制！苏州职业技术大学2026年公开招聘高层次人才公告,
2026,事业单位,2026高校/科研院所人才引进（高校人才网）,苏州职业技术大学,苏州职业技术大学 计算机教师2,硕士研究生,,,网申+考核,,,招聘人数：2；待遇标签：科研启动费/住房补贴；薪酬：面议；有编制；单位性质：公立（国有）,苏州 江苏-苏州,/job/detail/2025691.html,事业编制！苏州职业技术大学2026年公开招聘高层次人才公告,
2026,事业单位,2026高校/科研院所人才引进（高校人才网）,苏州职业技术大学,苏州职业技术大学 计算机教师1,博士研究生,,,网申+考核,,,招聘人数：1；待遇标签：科研启动费/住房补贴；薪酬：面议；有编制；单位性质：公立（国有）,苏州 江苏-苏州,/job/detail/2025690.html,事业编制！苏州职业技术大学2026年公开招聘高层次人才公告,
2026,事业单位,2026高校/科研院所人才引进（高校人才网）,苏州职业技术大学,苏州职业技术大学 电子高技能人才,本科,,,网申+考核,,,招聘人数：1；待遇标签：科研启动费/住房补贴；薪酬：面议；有编制；单位性质：公立（国有）,苏州 江苏-苏州,/job/detail/2025689.html,事业编制！苏州职业技术大学2026年公开招聘高层次人才公告,
2026,事业单位,2026高校/科研院所人才引进（高校人才网）,苏州职业技术大学,苏州职业技术大学 电子教师3,硕士研究生,,,网申+考核,,,招聘人数：1；待遇标签：科研启动费/住房补贴；薪酬：面议；有编制；单位性质：公立（国有）,苏州 江苏-苏州,/job/detail/2025688.html,事业编制！苏州职业技术大学2026年公开招聘高层次人才公告,
2026,事业单位,2026高校/科研院所人才引进（高校人才网）,苏州职业技术大学,苏州职业技术大学 机电高技能人才,本科,,,网申+考核,,,招聘人数：1；待遇标签：科研启动费/住房补贴；薪酬：面议；有编制；单位性质：公立（国有）,苏州 江苏-苏州,/job/detail/2025685.html,事业编制！苏州职业技术大学2026年公开招聘高层次人才公告,
2026,事业单位,2026高校/科研院所人才引进（高校人才网）,上海震旦职业学院,上海震旦职业学院 英语教师,硕士研究生,,,网申+考核,,,招聘人数：1；薪酬：面议；单位性质：民营（私营）,上海 上海-上海,/job/detail/2281834.html,上海震旦职业学院2026年招聘启事,
2026,事业单位,2026高校/科研院所人才引进（高校人才网）,上海震旦职业学院,上海震旦职业学院 辅导员,本科,,,网申+考核,,,招聘人数：1；薪酬：面议；单位性质：民营（私营）,上海 上海-上海,/job/detail/2260070.html,上海震旦职业学院2026年招聘启事,
2026,事业单位,2026高校/科研院所人才引进（高校人才网）,上海震旦职业学院,上海震旦职业学院 教务处副处长,本科,,,网申+考核,,,招聘人数：1；薪酬：面议；单位性质：民营（私营）,上海 上海-上海,/job/detail/2243042.html,上海震旦职业学院2026年招聘启事,
2026,事业单位,2026高校/科研院所人才引进（高校人才网）,上海震旦职业学院,上海震旦职业学院 教务管理人员,本科,,,网申+考核,,,招聘人数：1；薪酬：面议；单位性质：民营（私营）,上海 上海-上海,/job/detail/2243041.html,上海震旦职业学院2026年招聘启事,
2026,事业单位,2026高校/科研院所人才引进（高校人才网）,广州华南商贸职业学院,广州华南商贸职业学院 科研干事,本科,,,网申+考核,,,招聘人数：1；薪酬：面议；单位性质：民营（私营）,广州 广东-广州,/job/detail/2232346.html,本科及以上可报！广州华南商贸职业学院2026年人才招聘启事,
2026,事业单位,2026高校/科研院所人才引进（高校人才网）,上海震旦职业学院,上海震旦职业学院 人事经理,本科,,,网申+考核,,,招聘人数：1；薪酬：面议；单位性质：民营（私营）,上海 上海-上海,/job/detail/2213729.html,上海震旦职业学院2026年招聘启事,
2026,事业单位,2026高校/科研院所人才引进（高校人才网）,上海震旦职业学院,上海震旦职业学院 电子商务专业教师,硕士研究生,,,网申+考核,,,招聘人数：1；薪酬：面议；单位性质：民营（私营）,上海 上海-上海,/job/detail/2211738.html,上海震旦职业学院2026年招聘启事,
2026,事业单位,2026高校/科研院所人才引进（高校人才网）,上海震旦职业学院,上海震旦职业学院 酒店管理与数字化运营专业主任,硕士研究生,,,网申+考核,,,招聘人数：1；薪酬：面议；单位性质：民营（私营）,上海 上海-上海,/job/detail/2211737.html,上海震旦职业学院2026年招聘启事,
2026,事业单位,2026高校/科研院所人才引进（高校人才网）,上海震旦职业学院,上海震旦职业学院 大数据与会计专业主任,硕士研究生,,,网申+考核,,,招聘人数：1；薪酬：面议；单位性质：民营（私营）,上海 上海-上海,/job/detail/2211736.html,上海震旦职业学院2026年招聘启事,
2026,事业单位,2026高校/科研院所人才引进（高校人才网）,电子科技大学成都学院,电子科技大学成都学院 高等教育政策研究员岗,硕士研究生,,,网申+考核,,,招聘人数：1；待遇标签：五险一金/节日福利；薪酬：面议；单位性质：民营（私营）,成都 四川-成都,/job/detail/2211424.html,电子科技大学成都学院2026年高等教育政策研究员岗招聘公告,
2026,事业单位,2026高校/科研院所人才引进（高校人才网）,青岛滨海学院,青岛滨海学院 电气工程、俄语、思想政治教育 （中俄合作办学项目辅导员）,硕士研究生,,,网申+考核,,,招聘人数：1；待遇标签：科研奖励/五险一金；薪酬：面议；单位性质：民营（私营）,青岛 山东-青岛,/job/detail/2203694.html,青岛滨海学院2026年诚聘优秀中青年教师公告,
2026,事业单位,2026高校/科研院所人才引进（高校人才网）,青岛滨海学院,青岛滨海学院 俄语 （中俄合作办学项目教务人员）,硕士研究生,,,网申+考核,,,招聘人数：1；待遇标签：科研奖励/五险一金；薪酬：面议；单位性质：民营（私营）,青岛 山东-青岛,/job/detail/2203693.html,青岛滨海学院2026年诚聘优秀中青年教师公告,
2026,事业单位,2026高校/科研院所人才引进（高校人才网）,青岛滨海学院,青岛滨海学院 优秀中青年教师-电气工程（具有俄语语言背景）,硕士研究生,,,网申+考核,,,招聘人数：2；待遇标签：科研奖励/五险一金；薪酬：面议；单位性质：民营（私营）,青岛 山东-青岛,/job/detail/2203692.html,青岛滨海学院2026年诚聘优秀中青年教师公告,
2026,事业单位,2026高校/科研院所人才引进（高校人才网）,上海震旦职业学院,上海震旦职业学院 呼吸治疗技术专业教师,硕士研究生,,,网申+考核,,,招聘人数：若干；薪酬：面议；单位性质：民营（私营）,上海 上海-上海,/job/detail/2203385.html,上海震旦职业学院2026年呼吸治疗技术专业教师招聘启事,
2026,事业单位,2026高校/科研院所人才引进（高校人才网）,广州华南商贸职业学院,广州华南商贸职业学院 专任教师-马克思主义理论、哲学等,本科,,,网申+考核,,,招聘人数：若干；薪酬：面议；单位性质：民营（私营）,广州 广东-广州,/job/detail/2203105.html,本科及以上可报！广州华南商贸职业学院2026年人才招聘启事,
2026,事业单位,2026高校/科研院所人才引进（高校人才网）,广州华南商贸职业学院,广州华南商贸职业学院 专任教师-全媒体广告策划与营销,本科,,,网申+考核,,,招聘人数：若干；薪酬：面议；单位性质：民营（私营）,广州 广东-广州,/job/detail/2203104.html,本科及以上可报！广州华南商贸职业学院2026年人才招聘启事,
2026,事业单位,2026高校/科研院所人才引进（高校人才网）,广州华南商贸职业学院,广州华南商贸职业学院 专任教师-影视动画,本科,,,网申+考核,,,招聘人数：若干；薪酬：面议；单位性质：民营（私营）,广州 广东-广州,/job/detail/2203103.html,本科及以上可报！广州华南商贸职业学院2026年人才招聘启事,
2026,事业单位,2026高校/科研院所人才引进（高校人才网）,广州华南商贸职业学院,广州华南商贸职业学院 专任教师-视觉传达设计,本科,,,网申+考核,,,招聘人数：若干；薪酬：面议；单位性质：民营（私营）,广州 广东-广州,/job/detail/2203102.html,本科及以上可报！广州华南商贸职业学院2026年人才招聘启事,
2026,事业单位,2026高校/科研院所人才引进（高校人才网）,广州华南商贸职业学院,广州华南商贸职业学院 专任教师-融媒体技术与运营,本科,,,网申+考核,,,招聘人数：若干；薪酬：面议；单位性质：民营（私营）,广州 广东-广州,/job/detail/2203101.html,本科及以上可报！广州华南商贸职业学院2026年人才招聘启事,
2026,事业单位,2026高校/科研院所人才引进（高校人才网）,广州华南商贸职业学院,广州华南商贸职业学院 专任教师-传播与策划,本科,,,网申+考核,,,招聘人数：若干；薪酬：面议；单位性质：民营（私营）,广州 广东-广州,/job/detail/2203100.html,本科及以上可报！广州华南商贸职业学院2026年人才招聘启事,
2026,事业单位,2026高校/科研院所人才引进（高校人才网）,广州华南商贸职业学院,广州华南商贸职业学院 专任教师-网络新闻与传播,本科,,,网申+考核,,,招聘人数：若干；薪酬：面议；单位性质：民营（私营）,广州 广东-广州,/job/detail/2203099.html,本科及以上可报！广州华南商贸职业学院2026年人才招聘启事,
2026,事业单位,2026高校/科研院所人才引进（高校人才网）,广州华南商贸职业学院,广州华南商贸职业学院 专任教师-数字媒体技术,本科,,,网申+考核,,,招聘人数：若干；薪酬：面议；单位性质：民营（私营）,广州 广东-广州,/job/detail/2203098.html,本科及以上可报！广州华南商贸职业学院2026年人才招聘启事,
2026,事业单位,2026高校/科研院所人才引进（高校人才网）,广州华南商贸职业学院,广州华南商贸职业学院 专任教师-人工智能技术应用,本科,,,网申+考核,,,招聘人数：若干；薪酬：面议；单位性质：民营（私营）,广州 广东-广州,/job/detail/2203097.html,本科及以上可报！广州华南商贸职业学院2026年人才招聘启事,
2026,事业单位,2026高校/科研院所人才引进（高校人才网）,广州华南商贸职业学院,广州华南商贸职业学院 专任教师-虚拟现实技术应用,本科,,,网申+考核,,,招聘人数：若干；薪酬：面议；单位性质：民营（私营）,广州 广东-广州,/job/detail/2203096.html,本科及以上可报！广州华南商贸职业学院2026年人才招聘启事,
2026,事业单位,2026高校/科研院所人才引进（高校人才网）,广州华南商贸职业学院,广州华南商贸职业学院 专任教师-物联网应用技术,本科,,,网申+考核,,,招聘人数：若干；薪酬：面议；单位性质：民营（私营）,广州 广东-广州,/job/detail/2203095.html,本科及以上可报！广州华南商贸职业学院2026年人才招聘启事,
2026,事业单位,2026高校/科研院所人才引进（高校人才网）,广州华南商贸职业学院,广州华南商贸职业学院 专任教师-大数据技术,本科,,,网申+考核,,,招聘人数：若干；薪酬：面议；单位性质：民营（私营）,广州 广东-广州,/job/detail/2203094.html,本科及以上可报！广州华南商贸职业学院2026年人才招聘启事,
2026,事业单位,2026高校/科研院所人才引进（高校人才网）,广州华南商贸职业学院,广州华南商贸职业学院 专任教师-软件技术,本科,,,网申+考核,,,招聘人数：若干；薪酬：面议；单位性质：民营（私营）,广州 广东-广州,/job/detail/2203093.html,本科及以上可报！广州华南商贸职业学院2026年人才招聘启事,
2026,事业单位,2026高校/科研院所人才引进（高校人才网）,广州华南商贸职业学院,广州华南商贸职业学院 专任教师-计算机网络技术,本科,,,网申+考核,,,招聘人数：若干；薪酬：面议；单位性质：民营（私营）,广州 广东-广州,/job/detail/2203092.html,本科及以上可报！广州华南商贸职业学院2026年人才招聘启事,
2026,事业单位,2026高校/科研院所人才引进（高校人才网）,广州华南商贸职业学院,广州华南商贸职业学院 专任教师-计算机应用技术,本科,,,网申+考核,,,招聘人数：若干；薪酬：面议；单位性质：民营（私营）,广州 广东-广州,/job/detail/2203091.html,本科及以上可报！广州华南商贸职业学院2026年人才招聘启事,
2026,事业单位,2026高校/科研院所人才引进（高校人才网）,广州华南商贸职业学院,广州华南商贸职业学院 专任教师-医学美容技术,本科,,,网申+考核,,,招聘人数：若干；薪酬：面议；单位性质：民营（私营）,广州 广东-广州,/job/detail/2203090.html,本科及以上可报！广州华南商贸职业学院2026年人才招聘启事,
2026,事业单位,2026高校/科研院所人才引进（高校人才网）,广州华南商贸职业学院,广州华南商贸职业学院 专任教师-眼视光技术,本科,,,网申+考核,,,招聘人数：若干；薪酬：面议；单位性质：民营（私营）,广州 广东-广州,/job/detail/2203089.html,本科及以上可报！广州华南商贸职业学院2026年人才招聘启事,
2026,事业单位,2026高校/科研院所人才引进（高校人才网）,广州华南商贸职业学院,广州华南商贸职业学院 专任教师-口腔医学技术,本科,,,网申+考核,,,招聘人数：若干；薪酬：面议；单位性质：民营（私营）,广州 广东-广州,/job/detail/2203088.html,本科及以上可报！广州华南商贸职业学院2026年人才招聘启事,
2026,事业单位,2026高校/科研院所人才引进（高校人才网）,广州华南商贸职业学院,广州华南商贸职业学院 专任教师-中医康复技术,本科,,,网申+考核,,,招聘人数：若干；薪酬：面议；单位性质：民营（私营）,广州 广东-广州,/job/detail/2203087.html,本科及以上可报！广州华南商贸职业学院2026年人才招聘启事,
2026,事业单位,2026高校/科研院所人才引进（高校人才网）,广州华南商贸职业学院,广州华南商贸职业学院 专任教师-药学,本科,,,网申+考核,,,招聘人数：若干；薪酬：面议；单位性质：民营（私营）,广州 广东-广州,/job/detail/2203086.html,本科及以上可报！广州华南商贸职业学院2026年人才招聘启事,
2026,事业单位,2026高校/科研院所人才引进（高校人才网）,广州华南商贸职业学院,广州华南商贸职业学院 专任教师-护理,本科,,,网申+考核,,,招聘人数：若干；薪酬：面议；单位性质：民营（私营）,广州 广东-广州,/job/detail/2203085.html,本科及以上可报！广州华南商贸职业学院2026年人才招聘启事,
2026,事业单位,2026高校/科研院所人才引进（高校人才网）,广州华南商贸职业学院,广州华南商贸职业学院 专任教师-体育教师,本科,,,网申+考核,,,招聘人数：若干；薪酬：面议；单位性质：民营（私营）,广州 广东-广州,/job/detail/2203084.html,本科及以上可报！广州华南商贸职业学院2026年人才招聘启事,
2026,事业单位,2026高校/科研院所人才引进（高校人才网）,广州华南商贸职业学院,广州华南商贸职业学院 专任教师-现代物流管理,本科,,,网申+考核,,,招聘人数：若干；薪酬：面议；单位性质：民营（私营）,广州 广东-广州,/job/detail/2203083.html,本科及以上可报！广州华南商贸职业学院2026年人才招聘启事,
2026,事业单位,2026高校/科研院所人才引进（高校人才网）,广州华南商贸职业学院,广州华南商贸职业学院 专任教师-电子商务,本科,,,网申+考核,,,招聘人数：若干；薪酬：面议；单位性质：民营（私营）,广州 广东-广州,/job/detail/2203082.html,本科及以上可报！广州华南商贸职业学院2026年人才招聘启事,
2026,事业单位,2026高校/科研院所人才引进（高校人才网）,广州华南商贸职业学院,广州华南商贸职业学院 专任教师-大数据与会计,本科,,,网申+考核,,,招聘人数：若干；薪酬：面议；单位性质：民营（私营）,广州 广东-广州,/job/detail/2203081.html,本科及以上可报！广州华南商贸职业学院2026年人才招聘启事,
2026,事业单位,2026高校/科研院所人才引进（高校人才网）,广州华南商贸职业学院,广州华南商贸职业学院 专任教师-轨道交通通信信号,本科,,,网申+考核,,,招聘人数：若干；薪酬：面议；单位性质：民营（私营）,广州 广东-广州,/job/detail/2203080.html,本科及以上可报！广州华南商贸职业学院2026年人才招聘启事,
2026,事业单位,2026高校/科研院所人才引进（高校人才网）,广州华南商贸职业学院,广州华南商贸职业学院 专任教师-城市轨道交通运营管理,本科,,,网申+考核,,,招聘人数：若干；薪酬：面议；单位性质：民营（私营）,广州 广东-广州,/job/detail/2203079.html,本科及以上可报！广州华南商贸职业学院2026年人才招聘启事,
2026,事业单位,2026高校/科研院所人才引进（高校人才网）,沧州航空职业学院,沧州航空职业学院 思政专任教师,硕士研究生,,,网申+考核,,,招聘人数：12；待遇标签：五险一金/节日福利；薪酬：面议；单位性质：民营（私营）,沧州 河北-沧州,/job/detail/2179375.html,沧州航空职业学院2026年思政专任教师招聘公告,
2026,事业单位,2026高校/科研院所人才引进（高校人才网）,南京传媒学院,南京传媒学院 银龄教师-电子信息、计算机学科,硕士研究生,,,网申+考核,,,招聘人数：3；待遇标签：科研奖励；薪酬：面议；单位性质：民营（私营）,南京 江苏-南京,/job/detail/2175236.html,南京传媒学院2026年银龄教师招聘公告,
2026,事业单位,2026高校/科研院所人才引进（高校人才网）,南京传媒学院,南京传媒学院 银龄教师-管理学学科,硕士研究生,,,网申+考核,,,招聘人数：2；待遇标签：科研奖励；薪酬：面议；单位性质：民营（私营）,南京 江苏-南京,/job/detail/2175235.html,南京传媒学院2026年银龄教师招聘公告,
2026,事业单位,2026高校/科研院所人才引进（高校人才网）,南京传媒学院,南京传媒学院 银龄教师-经济学学科,硕士研究生,,,网申+考核,,,招聘人数：2；待遇标签：科研奖励；薪酬：面议；单位性质：民营（私营）,南京 江苏-南京,/job/detail/2175234.html,南京传媒学院2026年银龄教师招聘公告,
2026,事业单位,2026高校/科研院所人才引进（高校人才网）,南京传媒学院,南京传媒学院 银龄教师-法学、哲学学科,硕士研究生,,,网申+考核,,,招聘人数：3；待遇标签：科研奖励；薪酬：面议；单位性质：民营（私营）,南京 江苏-南京,/job/detail/2175233.html,南京传媒学院2026年银龄教师招聘公告,
2026,事业单位,2026高校/科研院所人才引进（高校人才网）,南京传媒学院,南京传媒学院 银龄教师-设计学学科,硕士研究生,,,网申+考核,,,招聘人数：10；待遇标签：科研奖励；薪酬：面议；单位性质：民营（私营）,南京 江苏-南京,/job/detail/2175232.html,南京传媒学院2026年银龄教师招聘公告,
2026,事业单位,2026高校/科研院所人才引进（高校人才网）,南京传媒学院,南京传媒学院 银龄教师-美术学学科,硕士研究生,,,网申+考核,,,招聘人数：3；待遇标签：科研奖励；薪酬：面议；单位性质：民营（私营）,南京 江苏-南京,/job/detail/2175231.html,南京传媒学院2026年银龄教师招聘公告,
2026,事业单位,2026高校/科研院所人才引进（高校人才网）,南京传媒学院,南京传媒学院 银龄教师-戏剧与影视学学科,硕士研究生,,,网申+考核,,,招聘人数：10；待遇标签：科研奖励；薪酬：面议；单位性质：民营（私营）,南京 江苏-南京,/job/detail/2175230.html,南京传媒学院2026年银龄教师招聘公告,
2026,事业单位,2026高校/科研院所人才引进（高校人才网）,南京传媒学院,南京传媒学院 银龄教师-新闻传播学学科,硕士研究生,,,网申+考核,,,招聘人数：2；待遇标签：科研奖励；薪酬：面议；单位性质：民营（私营）,南京 江苏-南京,/job/detail/2175229.html,南京传媒学院2026年银龄教师招聘公告,
2026,事业单位,2026高校/科研院所人才引进（高校人才网）,广州市教育研究院,广州市教育研究院 博士后,博士研究生,,,网申+考核,,,招聘人数：6；待遇标签：五险一金/定期/免费体检；薪酬：30-42万/年；单位性质：公立（国有）,广州 广东-广州,/job/detail/2131109.html,广州市教育研究院博士后科研工作站2026年招聘博士后研究人员的公告,
2026,事业单位,2026高校/科研院所人才引进（高校人才网）,汉口学院,汉口学院 航空与智能制造学院院长,硕士研究生,,,网申+考核,,,招聘人数：1；薪酬：面议；单位性质：民营（私营）,武汉 湖北-武汉,/job/detail/2128567.html,汉口学院2026年航空与智能制造学院院长公开招聘公告,
2026,事业单位,2026高校/科研院所人才引进（高校人才网）,南京传媒学院,南京传媒学院 AI与数字人课程建设专员,硕士研究生,,,网申+考核,,,招聘人数：若干；待遇标签：科研奖励/定期/免费体检；薪酬：面议；单位性质：民营（私营）,南京 江苏-南京,/job/detail/2123589.html,南京传媒学院2026年AI与数字人课程建设专员招聘公告,
2026,事业单位,2026高校/科研院所人才引进（高校人才网）,武汉设计工程学院,武汉设计工程学院 亚心护理学院教师,博士研究生,,,网申+考核,,,招聘人数：若干；薪酬：面议；单位性质：民营（私营）,武汉 湖北-武汉,/job/detail/2117135.html,武汉设计工程学院2026年招聘公告,
2026,事业单位,2026高校/科研院所人才引进（高校人才网）,武汉设计工程学院,武汉设计工程学院 智能工程学院教师,博士研究生,,,网申+考核,,,招聘人数：若干；薪酬：面议；单位性质：民营（私营）,武汉 湖北-武汉,/job/detail/2117134.html,武汉设计工程学院2026年招聘公告,
2026,事业单位,2026高校/科研院所人才引进（高校人才网）,武汉设计工程学院,武汉设计工程学院 食品与生物科技学院教师,博士研究生,,,网申+考核,,,招聘人数：若干；薪酬：面议；单位性质：民营（私营）,武汉 湖北-武汉,/job/detail/2117133.html,武汉设计工程学院2026年招聘公告,
2026,事业单位,2026高校/科研院所人才引进（高校人才网）,武汉设计工程学院,武汉设计工程学院 文化创意管理学院教师,博士研究生,,,网申+考核,,,招聘人数：若干；薪酬：面议；单位性质：民营（私营）,武汉 湖北-武汉,/job/detail/2117132.html,武汉设计工程学院2026年招聘公告,
2026,事业单位,2026高校/科研院所人才引进（高校人才网）,武汉设计工程学院,武汉设计工程学院 时尚设计学院教师,博士研究生,,,网申+考核,,,招聘人数：若干；薪酬：面议；单位性质：民营（私营）,武汉 湖北-武汉,/job/detail/2117131.html,武汉设计工程学院2026年招聘公告,
2026,事业单位,2026高校/科研院所人才引进（高校人才网）,武汉设计工程学院,武汉设计工程学院 环境设计学院教师,博士研究生,,,网申+考核,,,招聘人数：若干；薪酬：面议；单位性质：民营（私营）,武汉 湖北-武汉,/job/detail/2117130.html,武汉设计工程学院2026年招聘公告,
2026,事业单位,2026高校/科研院所人才引进（高校人才网）,武汉设计工程学院,武汉设计工程学院 公共艺术学院教师,博士研究生,,,网申+考核,,,招聘人数：若干；薪酬：面议；单位性质：民营（私营）,武汉 湖北-武汉,/job/detail/2117129.html,武汉设计工程学院2026年招聘公告,
2026,事业单位,2026高校/科研院所人才引进（高校人才网）,武汉设计工程学院,武汉设计工程学院 成龙影视学院教师,博士研究生,,,网申+考核,,,招聘人数：若干；薪酬：面议；单位性质：民营（私营）,武汉 湖北-武汉,/job/detail/2117128.html,武汉设计工程学院2026年招聘公告,
2026,事业单位,2026高校/科研院所人才引进（高校人才网）,武汉设计工程学院,武汉设计工程学院 计算机教师,硕士研究生,,,网申+考核,,,招聘人数：若干；薪酬：面议；单位性质：民营（私营）,武汉 湖北-武汉,/job/detail/2117126.html,武汉设计工程学院2026年招聘公告,
2026,事业单位,2026高校/科研院所人才引进（高校人才网）,武汉设计工程学院,武汉设计工程学院 电子商务教师,硕士研究生,,,网申+考核,,,招聘人数：若干；薪酬：面议；单位性质：民营（私营）,武汉 湖北-武汉,/job/detail/2117125.html,武汉设计工程学院2026年招聘公告,
2026,事业单位,2026高校/科研院所人才引进（高校人才网）,武汉设计工程学院,武汉设计工程学院 时尚传播教师,硕士研究生,,,网申+考核,,,招聘人数：若干；薪酬：面议；单位性质：民营（私营）,武汉 湖北-武汉,/job/detail/2117124.html,武汉设计工程学院2026年招聘公告,
2026,事业单位,2026高校/科研院所人才引进（高校人才网）,武汉设计工程学院,武汉设计工程学院 表演教师,硕士研究生,,,网申+考核,,,招聘人数：若干；薪酬：面议；单位性质：民营（私营）,武汉 湖北-武汉,/job/detail/2117123.html,武汉设计工程学院2026年招聘公告,
2026,事业单位,2026高校/科研院所人才引进（高校人才网）,武汉设计工程学院,武汉设计工程学院 护理教师,硕士研究生,,,网申+考核,,,招聘人数：若干；薪酬：面议；单位性质：民营（私营）,黄冈 湖北-黄冈,/job/detail/2117122.html,武汉设计工程学院2026年招聘公告,
2026,事业单位,2026高校/科研院所人才引进（高校人才网）,武汉设计工程学院,武汉设计工程学院 心理教师,硕士研究生,,,网申+考核,,,招聘人数：若干；薪酬：面议；单位性质：民营（私营）,武汉 湖北-武汉,/job/detail/2117121.html,武汉设计工程学院2026年招聘公告,
2026,事业单位,2026高校/科研院所人才引进（高校人才网）,青岛滨海学院,青岛滨海学院 优秀中青年教师-生物信息学,硕士研究生,,,网申+考核,,,招聘人数：2；待遇标签：科研奖励/五险一金；薪酬：面议；单位性质：民营（私营）,青岛 山东-青岛,/job/detail/2018554.html,青岛滨海学院2026年诚聘优秀中青年教师公告,
2026,事业单位,2026高校/科研院所人才引进（高校人才网）,青岛滨海学院,青岛滨海学院 优秀中青年教师-中共党史(含党的学说与党 建专业)、心理学,硕士研究生,,,网申+考核,,,招聘人数：1；待遇标签：科研奖励/五险一金；薪酬：面议；单位性质：民营（私营）,青岛 山东-青岛,/job/detail/2018553.html,青岛滨海学院2026年诚聘优秀中青年教师公告,
2026,事业单位,2026高校/科研院所人才引进（高校人才网）,烟台城市科技职业学院,烟台城市科技职业学院 银龄教师-大学语文,本科,,,网申+考核,,,招聘人数：1；待遇标签：绩效奖金/餐饮补贴；薪酬：面议；单位性质：民营（私营）,烟台 山东-烟台,/job/detail/2004493.html,烟台城市科技职业学院2026年银龄教师招聘公告,
2026,事业单位,2026高校/科研院所人才引进（高校人才网）,烟台城市科技职业学院,烟台城市科技职业学院 银龄教师-大学英语,本科,,,网申+考核,,,招聘人数：1；待遇标签：绩效奖金/餐饮补贴；薪酬：面议；单位性质：民营（私营）,烟台 山东-烟台,/job/detail/2004492.html,烟台城市科技职业学院2026年银龄教师招聘公告,
2026,事业单位,2026高校/科研院所人才引进（高校人才网）,烟台城市科技职业学院,烟台城市科技职业学院 银龄教师-大学思政,本科,,,网申+考核,,,招聘人数：1；待遇标签：绩效奖金/餐饮补贴；薪酬：面议；单位性质：民营（私营）,烟台 山东-烟台,/job/detail/2004491.html,烟台城市科技职业学院2026年银龄教师招聘公告,
2026,事业单位,2026高校/科研院所人才引进（高校人才网）,烟台城市科技职业学院,烟台城市科技职业学院 银龄教师-宠物治疗技术,本科,,,网申+考核,,,招聘人数：1；待遇标签：绩效奖金/餐饮补贴；薪酬：面议；单位性质：民营（私营）,烟台 山东-烟台,/job/detail/2004490.html,烟台城市科技职业学院2026年银龄教师招聘公告,
2026,事业单位,2026高校/科研院所人才引进（高校人才网）,烟台城市科技职业学院,烟台城市科技职业学院 银龄教师-健康管理,本科,,,网申+考核,,,招聘人数：1；待遇标签：绩效奖金/餐饮补贴；薪酬：面议；单位性质：民营（私营）,烟台 山东-烟台,/job/detail/2004489.html,烟台城市科技职业学院2026年银龄教师招聘公告,
2026,事业单位,2026高校/科研院所人才引进（高校人才网）,烟台城市科技职业学院,烟台城市科技职业学院 银龄教师-智慧健康养老服务与管理,本科,,,网申+考核,,,招聘人数：1；待遇标签：绩效奖金/餐饮补贴；薪酬：面议；单位性质：民营（私营）,烟台 山东-烟台,/job/detail/2004488.html,烟台城市科技职业学院2026年银龄教师招聘公告,
2026,事业单位,2026高校/科研院所人才引进（高校人才网）,烟台城市科技职业学院,烟台城市科技职业学院 银龄教师-康复治疗技术,本科,,,网申+考核,,,招聘人数：1；待遇标签：绩效奖金/餐饮补贴；薪酬：面议；单位性质：民营（私营）,烟台 山东-烟台,/job/detail/2004487.html,烟台城市科技职业学院2026年银龄教师招聘公告,
2026,事业单位,2026高校/科研院所人才引进（高校人才网）,烟台城市科技职业学院,烟台城市科技职业学院 银龄教师-中医康复技术,本科,,,网申+考核,,,招聘人数：1；待遇标签：绩效奖金/餐饮补贴；薪酬：面议；单位性质：民营（私营）,烟台 山东-烟台,/job/detail/2004486.html,烟台城市科技职业学院2026年银龄教师招聘公告,
2026,事业单位,2026高校/科研院所人才引进（高校人才网）,烟台城市科技职业学院,烟台城市科技职业学院 银龄教师-智能网联汽车,本科,,,网申+考核,,,招聘人数：1；待遇标签：绩效奖金/餐饮补贴；薪酬：面议；单位性质：民营（私营）,烟台 山东-烟台,/job/detail/2004485.html,烟台城市科技职业学院2026年银龄教师招聘公告,
2026,事业单位,2026高校/科研院所人才引进（高校人才网）,烟台城市科技职业学院,烟台城市科技职业学院 银龄教师-新能源汽车,本科,,,网申+考核,,,招聘人数：1；待遇标签：绩效奖金/餐饮补贴；薪酬：面议；单位性质：民营（私营）,烟台 山东-烟台,/job/detail/2004484.html,烟台城市科技职业学院2026年银龄教师招聘公告,
2026,事业单位,2026高校/科研院所人才引进（高校人才网）,烟台城市科技职业学院,烟台城市科技职业学院 银龄教师-智能机电技术,本科,,,网申+考核,,,招聘人数：1；待遇标签：绩效奖金/餐饮补贴；薪酬：面议；单位性质：民营（私营）,烟台 山东-烟台,/job/detail/2004483.html,烟台城市科技职业学院2026年银龄教师招聘公告,
2026,事业单位,2026高校/科研院所人才引进（高校人才网）,烟台城市科技职业学院,烟台城市科技职业学院 银龄教师-智能控制技术,本科,,,网申+考核,,,招聘人数：1；待遇标签：绩效奖金/餐饮补贴；薪酬：面议；单位性质：民营（私营）,烟台 山东-烟台,/job/detail/2004482.html,烟台城市科技职业学院2026年银龄教师招聘公告,
2026,事业单位,2026高校/科研院所人才引进（高校人才网）,烟台城市科技职业学院,烟台城市科技职业学院 银龄教师-工业机器人技术,本科,,,网申+考核,,,招聘人数：1；待遇标签：绩效奖金/餐饮补贴；薪酬：面议；单位性质：民营（私营）,烟台 山东-烟台,/job/detail/2004481.html,烟台城市科技职业学院2026年银龄教师招聘公告,
2026,事业单位,2026高校/科研院所人才引进（高校人才网）,烟台城市科技职业学院,烟台城市科技职业学院 银龄教师-中小企业创业与经营,本科,,,网申+考核,,,招聘人数：1；待遇标签：绩效奖金/餐饮补贴；薪酬：面议；单位性质：民营（私营）,烟台 山东-烟台,/job/detail/2004480.html,烟台城市科技职业学院2026年银龄教师招聘公告,
2026,事业单位,2026高校/科研院所人才引进（高校人才网）,烟台城市科技职业学院,烟台城市科技职业学院 银龄教师-现代物流管理,本科,,,网申+考核,,,招聘人数：1；待遇标签：绩效奖金/餐饮补贴；薪酬：面议；单位性质：民营（私营）,烟台 山东-烟台,/job/detail/2004479.html,烟台城市科技职业学院2026年银龄教师招聘公告,
2026,事业单位,2026高校/科研院所人才引进（高校人才网）,烟台城市科技职业学院,烟台城市科技职业学院 银龄教师-网络营销与直播电商,本科,,,网申+考核,,,招聘人数：1；待遇标签：绩效奖金/餐饮补贴；薪酬：面议；单位性质：民营（私营）,烟台 山东-烟台,/job/detail/2004478.html,烟台城市科技职业学院2026年银龄教师招聘公告,
2026,事业单位,2026高校/科研院所人才引进（高校人才网）,烟台城市科技职业学院,烟台城市科技职业学院 银龄教师-电子商务,本科,,,网申+考核,,,招聘人数：1；待遇标签：绩效奖金/餐饮补贴；薪酬：面议；单位性质：民营（私营）,烟台 山东-烟台,/job/detail/2004477.html,烟台城市科技职业学院2026年银龄教师招聘公告,
2026,事业单位,2026高校/科研院所人才引进（高校人才网）,烟台城市科技职业学院,烟台城市科技职业学院 银龄教师-大数据与会计,本科,,,网申+考核,,,招聘人数：1；待遇标签：绩效奖金/餐饮补贴；薪酬：面议；单位性质：民营（私营）,烟台 山东-烟台,/job/detail/2004476.html,烟台城市科技职业学院2026年银龄教师招聘公告,
2026,事业单位,2026高校/科研院所人才引进（高校人才网）,烟台城市科技职业学院,烟台城市科技职业学院 银龄教师-无人机应用技术,本科,,,网申+考核,,,招聘人数：1；待遇标签：绩效奖金/餐饮补贴；薪酬：面议；单位性质：民营（私营）,烟台 山东-烟台,/job/detail/2004475.html,烟台城市科技职业学院2026年银龄教师招聘公告,
2026,事业单位,2026高校/科研院所人才引进（高校人才网）,烟台城市科技职业学院,烟台城市科技职业学院 银龄教师-现代通信技术,本科,,,网申+考核,,,招聘人数：1；待遇标签：绩效奖金/餐饮补贴；薪酬：面议；单位性质：民营（私营）,烟台 山东-烟台,/job/detail/2004474.html,烟台城市科技职业学院2026年银龄教师招聘公告,
2026,事业单位,2026高校/科研院所人才引进（高校人才网）,烟台城市科技职业学院,烟台城市科技职业学院 银龄教师-人工智能应用技术,本科,,,网申+考核,,,招聘人数：1；待遇标签：绩效奖金/餐饮补贴；薪酬：面议；单位性质：民营（私营）,烟台 山东-烟台,/job/detail/2004473.html,烟台城市科技职业学院2026年银龄教师招聘公告,
2026,事业单位,2026高校/科研院所人才引进（高校人才网）,烟台城市科技职业学院,烟台城市科技职业学院 银龄教师-计算机网络,本科,,,网申+考核,,,招聘人数：1；待遇标签：绩效奖金/餐饮补贴；薪酬：面议；单位性质：民营（私营）,烟台 山东-烟台,/job/detail/2004472.html,烟台城市科技职业学院2026年银龄教师招聘公告,
2026,事业单位,2026高校/科研院所人才引进（高校人才网）,烟台城市科技职业学院,烟台城市科技职业学院 银龄教师-集成电路技术,本科,,,网申+考核,,,招聘人数：1；待遇标签：绩效奖金/餐饮补贴；薪酬：面议；单位性质：民营（私营）,烟台 山东-烟台,/job/detail/2004471.html,烟台城市科技职业学院2026年银龄教师招聘公告,
2026,事业单位,2026高校/科研院所人才引进（高校人才网）,烟台城市科技职业学院,烟台城市科技职业学院 银龄教师-物联网应用技术,本科,,,网申+考核,,,招聘人数：1；待遇标签：绩效奖金/餐饮补贴；薪酬：面议；单位性质：民营（私营）,烟台 山东-烟台,/job/detail/2004470.html,烟台城市科技职业学院2026年银龄教师招聘公告,
2026,事业单位,2026高校/科研院所人才引进（高校人才网）,桂林师范学院,桂林师范学院 博士人才-科研处,博士研究生,,,网申+考核,,,招聘人数：若干；薪酬：面议；单位性质：公立（国有）,桂林 广西-桂林,/job/detail/2004468.html,桂林师范学院2026年博士招聘公告,
2026,事业单位,2026高校/科研院所人才引进（高校人才网）,桂林师范学院,桂林师范学院 博士人才-党委学生工作部（学生工作处）,博士研究生,,,网申+考核,,,招聘人数：若干；薪酬：面议；单位性质：公立（国有）,桂林 广西-桂林,/job/detail/2004467.html,桂林师范学院2026年博士招聘公告,
2026,事业单位,2026高校/科研院所人才引进（高校人才网）,桂林师范学院,桂林师范学院 博士人才-美术学院,博士研究生,,,网申+考核,,,招聘人数：若干；薪酬：面议；单位性质：公立（国有）,桂林 广西-桂林,/job/detail/2004466.html,桂林师范学院2026年博士招聘公告,
2026,事业单位,2026高校/科研院所人才引进（高校人才网）,桂林师范学院,桂林师范学院 博士人才-音乐学院,博士研究生,,,网申+考核,,,招聘人数：若干；薪酬：面议；单位性质：公立（国有）,桂林 广西-桂林,/job/detail/2004465.html,桂林师范学院2026年博士招聘公告,
2026,事业单位,2026高校/科研院所人才引进（高校人才网）,桂林师范学院,桂林师范学院 博士人才-商学院,博士研究生,,,网申+考核,,,招聘人数：若干；薪酬：面议；单位性质：公立（国有）,桂林 广西-桂林,/job/detail/2004464.html,桂林师范学院2026年博士招聘公告,
2026,事业单位,2026高校/科研院所人才引进（高校人才网）,桂林师范学院,桂林师范学院 博士人才-化学与生命健康学院,博士研究生,,,网申+考核,,,招聘人数：若干；薪酬：面议；单位性质：公立（国有）,桂林 广西-桂林,/job/detail/2004463.html,桂林师范学院2026年博士招聘公告,
2026,事业单位,2026高校/科研院所人才引进（高校人才网）,桂林师范学院,桂林师范学院 博士人才-物理与信息工程学院,博士研究生,,,网申+考核,,,招聘人数：若干；薪酬：面议；单位性质：公立（国有）,桂林 广西-桂林,/job/detail/2004462.html,桂林师范学院2026年博士招聘公告,
2026,事业单位,2026高校/科研院所人才引进（高校人才网）,桂林师范学院,桂林师范学院 博士人才-数学与计算机学院（人工智能学院）,博士研究生,,,网申+考核,,,招聘人数：若干；薪酬：面议；单位性质：公立（国有）,桂林 广西-桂林,/job/detail/2004461.html,桂林师范学院2026年博士招聘公告,
2026,事业单位,2026高校/科研院所人才引进（高校人才网）,桂林师范学院,桂林师范学院 博士人才-外语与旅游学院,博士研究生,,,网申+考核,,,招聘人数：若干；薪酬：面议；单位性质：公立（国有）,桂林 广西-桂林,/job/detail/2004460.html,桂林师范学院2026年博士招聘公告,
2026,事业单位,2026高校/科研院所人才引进（高校人才网）,桂林师范学院,桂林师范学院 博士人才-文化与传媒学院,博士研究生,,,网申+考核,,,招聘人数：若干；薪酬：面议；单位性质：公立（国有）,桂林 广西-桂林,/job/detail/2004459.html,桂林师范学院2026年博士招聘公告,
2026,事业单位,2026高校/科研院所人才引进（高校人才网）,桂林师范学院,桂林师范学院 博士人才-教育学院,博士研究生,,,网申+考核,,,招聘人数：若干；薪酬：面议；单位性质：公立（国有）,桂林 广西-桂林,/job/detail/2004458.html,桂林师范学院2026年博士招聘公告,
2026,事业单位,2026高校/科研院所人才引进（高校人才网）,桂林师范学院,桂林师范学院 博士人才-马克思主义学院,博士研究生,,,网申+考核,,,招聘人数：若干；薪酬：面议；单位性质：公立（国有）,桂林 广西-桂林,/job/detail/2004457.html,桂林师范学院2026年博士招聘公告,
2026,事业单位,2026高校/科研院所人才引进（高校人才网）,中国国土勘测规划院,中国国土勘测规划院 中国国土勘测规划院地籍管理岗,本科,,,网申+考核,,,招聘人数：1；待遇标签：五险一金/包吃；薪酬：8-9千/月；单位性质：公立（国有）,北京 北京-北京,/job/detail/2000726.html,中国国土勘测规划院2026年地籍管理岗招聘启事,
2026,事业单位,2026高校/科研院所人才引进（高校人才网）,上海震旦职业学院,上海震旦职业学院 思想政治专业教师,硕士研究生,,,网申+考核,,,招聘人数：1；薪酬：面议；单位性质：民营（私营）,上海 上海-上海,/job/detail/1970206.html,上海震旦职业学院2026年招聘启事,
2026,事业单位,2026高校/科研院所人才引进（高校人才网）,青岛滨海学院,青岛滨海学院 优秀中青年教师-体育教育训练学,硕士研究生,,,网申+考核,,,招聘人数：4；待遇标签：科研奖励/五险一金；薪酬：面议；单位性质：民营（私营）,青岛 山东-青岛,/job/detail/1920171.html,青岛滨海学院2026年诚聘优秀中青年教师公告,
2026,事业单位,2026高校/科研院所人才引进（高校人才网）,青岛滨海学院,青岛滨海学院 优秀中青年教师-汉语国际教育、广播电视、汉语言文学,硕士研究生,,,网申+考核,,,招聘人数：1；待遇标签：科研奖励/五险一金；薪酬：面议；单位性质：民营（私营）,青岛 山东-青岛,/job/detail/1920170.html,青岛滨海学院2026年诚聘优秀中青年教师公告,
2026,事业单位,2026高校/科研院所人才引进（高校人才网）,青岛滨海学院,青岛滨海学院 优秀中青年教师-计算机,硕士研究生,,,网申+考核,,,招聘人数：2；待遇标签：科研奖励/五险一金；薪酬：面议；单位性质：民营（私营）,青岛 山东-青岛,/job/detail/1920169.html,青岛滨海学院2026年诚聘优秀中青年教师公告,
2026,事业单位,2026高校/科研院所人才引进（高校人才网）,青岛滨海学院,青岛滨海学院 优秀中青年教师-数学,硕士研究生,,,网申+考核,,,招聘人数：2；待遇标签：科研奖励/五险一金；薪酬：面议；单位性质：民营（私营）,青岛 山东-青岛,/job/detail/1920168.html,青岛滨海学院2026年诚聘优秀中青年教师公告,
2026,事业单位,2026高校/科研院所人才引进（高校人才网）,青岛滨海学院,青岛滨海学院 优秀中青年教师-马克思主义理论；党史党建,硕士研究生,,,网申+考核,,,招聘人数：1；待遇标签：科研奖励/五险一金；薪酬：面议；单位性质：民营（私营）,青岛 山东-青岛,/job/detail/1920167.html,青岛滨海学院2026年诚聘优秀中青年教师公告,
2026,事业单位,2026高校/科研院所人才引进（高校人才网）,青岛滨海学院,青岛滨海学院 优秀中青年教师-马克思主义理论；哲学、政治学、习近平新时代中国特色社会主义思想研究,硕士研究生,,,网申+考核,,,招聘人数：4；待遇标签：科研奖励/五险一金；薪酬：面议；单位性质：民营（私营）,青岛 山东-青岛,/job/detail/1920166.html,青岛滨海学院2026年诚聘优秀中青年教师公告,
2026,事业单位,2026高校/科研院所人才引进（高校人才网）,青岛滨海学院,青岛滨海学院 优秀中青年教师-国际贸易,硕士研究生,,,网申+考核,,,招聘人数：1；待遇标签：科研奖励/五险一金；薪酬：面议；单位性质：民营（私营）,青岛 山东-青岛,/job/detail/1920165.html,青岛滨海学院2026年诚聘优秀中青年教师公告,
2026,事业单位,2026高校/科研院所人才引进（高校人才网）,青岛滨海学院,青岛滨海学院 优秀中青年教师-会计学,硕士研究生,,,网申+考核,,,招聘人数：1；待遇标签：科研奖励/五险一金；薪酬：面议；单位性质：民营（私营）,青岛 山东-青岛,/job/detail/1920164.html,青岛滨海学院2026年诚聘优秀中青年教师公告,
2026,事业单位,2026高校/科研院所人才引进（高校人才网）,青岛滨海学院,青岛滨海学院 优秀中青年教师-财务管理,硕士研究生,,,网申+考核,,,招聘人数：1；待遇标签：科研奖励/五险一金；薪酬：面议；单位性质：民营（私营）,青岛 山东-青岛,/job/detail/1920163.html,青岛滨海学院2026年诚聘优秀中青年教师公告,
2026,事业单位,2026高校/科研院所人才引进（高校人才网）,青岛滨海学院,青岛滨海学院 优秀中青年教师-留学生汉语,硕士研究生,,,网申+考核,,,招聘人数：1；待遇标签：科研奖励/五险一金；薪酬：面议；单位性质：民营（私营）,青岛 山东-青岛,/job/detail/1920162.html,青岛滨海学院2026年诚聘优秀中青年教师公告,
2026,事业单位,2026高校/科研院所人才引进（高校人才网）,青岛滨海学院,青岛滨海学院 优秀中青年教师-西班牙语,硕士研究生,,,网申+考核,,,招聘人数：2；待遇标签：科研奖励/五险一金；薪酬：面议；单位性质：民营（私营）,青岛 山东-青岛,/job/detail/1920161.html,青岛滨海学院2026年诚聘优秀中青年教师公告,
2026,事业单位,2026高校/科研院所人才引进（高校人才网）,青岛滨海学院,青岛滨海学院 优秀中青年教师-人工智能、数据科学与大数据技术,硕士研究生,,,网申+考核,,,招聘人数：1；待遇标签：科研奖励/五险一金；薪酬：面议；单位性质：民营（私营）,青岛 山东-青岛,/job/detail/1920160.html,青岛滨海学院2026年诚聘优秀中青年教师公告,
2026,事业单位,2026高校/科研院所人才引进（高校人才网）,青岛滨海学院,青岛滨海学院 优秀中青年教师-计算机科学与技术、物联网工程,硕士研究生,,,网申+考核,,,招聘人数：2；待遇标签：科研奖励/五险一金；薪酬：面议；单位性质：民营（私营）,青岛 山东-青岛,/job/detail/1920159.html,青岛滨海学院2026年诚聘优秀中青年教师公告,
2026,事业单位,2026高校/科研院所人才引进（高校人才网）,青岛滨海学院,青岛滨海学院 优秀中青年教师-医学人文,硕士研究生,,,网申+考核,,,招聘人数：1；待遇标签：科研奖励/五险一金；薪酬：面议；单位性质：民营（私营）,青岛 山东-青岛,/job/detail/1920158.html,青岛滨海学院2026年诚聘优秀中青年教师公告,
2026,事业单位,2026高校/科研院所人才引进（高校人才网）,青岛滨海学院,青岛滨海学院 优秀中青年教师-妇产科/儿科护理学,硕士研究生,,,网申+考核,,,招聘人数：1；待遇标签：科研奖励/五险一金；薪酬：面议；单位性质：民营（私营）,青岛 山东-青岛,/job/detail/1920157.html,青岛滨海学院2026年诚聘优秀中青年教师公告,
2026,事业单位,2026高校/科研院所人才引进（高校人才网）,青岛滨海学院,青岛滨海学院 优秀中青年教师-外科护理学,硕士研究生,,,网申+考核,,,招聘人数：1；待遇标签：科研奖励/五险一金；薪酬：面议；单位性质：民营（私营）,青岛 山东-青岛,/job/detail/1920156.html,青岛滨海学院2026年诚聘优秀中青年教师公告,
2026,事业单位,2026高校/科研院所人才引进（高校人才网）,青岛滨海学院,青岛滨海学院 优秀中青年教师-内科护理学,硕士研究生,,,网申+考核,,,招聘人数：1；待遇标签：科研奖励/五险一金；薪酬：面议；单位性质：民营（私营）,青岛 山东-青岛,/job/detail/1920155.html,青岛滨海学院2026年诚聘优秀中青年教师公告,
2026,事业单位,2026高校/科研院所人才引进（高校人才网）,青岛滨海学院,青岛滨海学院 优秀中青年教师-临床医学（内科学、外科学、妇产科学、儿科学、眼科、皮肤性病学、耳鼻喉等）,硕士研究生,,,网申+考核,,,招聘人数：3；待遇标签：科研奖励/五险一金；薪酬：面议；单位性质：民营（私营）,青岛 山东-青岛,/job/detail/1920154.html,青岛滨海学院2026年诚聘优秀中青年教师公告,
2026,事业单位,2026高校/科研院所人才引进（高校人才网）,青岛滨海学院,青岛滨海学院 优秀中青年教师-医学人文（医学伦理学、医学心理学、医患沟通等）,硕士研究生,,,网申+考核,,,招聘人数：2；待遇标签：科研奖励/五险一金；薪酬：面议；单位性质：民营（私营）,青岛 山东-青岛,/job/detail/1920153.html,青岛滨海学院2026年诚聘优秀中青年教师公告,
2026,事业单位,2026高校/科研院所人才引进（高校人才网）,青岛滨海学院,青岛滨海学院 优秀中青年教师-病理生理学,硕士研究生,,,网申+考核,,,招聘人数：2；待遇标签：科研奖励/五险一金；薪酬：面议；单位性质：民营（私营）,青岛 山东-青岛,/job/detail/1920152.html,青岛滨海学院2026年诚聘优秀中青年教师公告,
2026,事业单位,2026高校/科研院所人才引进（高校人才网）,青岛滨海学院,青岛滨海学院 优秀中青年教师-病理学,硕士研究生,,,网申+考核,,,招聘人数：2；待遇标签：科研奖励/五险一金；薪酬：面议；单位性质：民营（私营）,青岛 山东-青岛,/job/detail/1920151.html,青岛滨海学院2026年诚聘优秀中青年教师公告,
2026,事业单位,2026高校/科研院所人才引进（高校人才网）,青岛滨海学院,青岛滨海学院 优秀中青年教师-生理学,硕士研究生,,,网申+考核,,,招聘人数：2；待遇标签：科研奖励/五险一金；薪酬：面议；单位性质：民营（私营）,青岛 山东-青岛,/job/detail/1920150.html,青岛滨海学院2026年诚聘优秀中青年教师公告,
2026,事业单位,2026高校/科研院所人才引进（高校人才网）,青岛滨海学院,青岛滨海学院 优秀中青年教师-解剖学,硕士研究生,,,网申+考核,,,招聘人数：3；待遇标签：科研奖励/五险一金；薪酬：面议；单位性质：民营（私营）,青岛 山东-青岛,/job/detail/1920149.html,青岛滨海学院2026年诚聘优秀中青年教师公告,
2026,事业单位,2026高校/科研院所人才引进（高校人才网）,青岛滨海学院,青岛滨海学院 优秀中青年教师-物理学,硕士研究生,,,网申+考核,,,招聘人数：1；待遇标签：科研奖励/五险一金；薪酬：面议；单位性质：民营（私营）,青岛 山东-青岛,/job/detail/1920148.html,青岛滨海学院2026年诚聘优秀中青年教师公告,
2026,事业单位,2026高校/科研院所人才引进（高校人才网）,青岛滨海学院,青岛滨海学院 优秀中青年教师-口腔医学,硕士研究生,,,网申+考核,,,招聘人数：5；待遇标签：科研奖励/五险一金；薪酬：面议；单位性质：民营（私营）,青岛 山东-青岛,/job/detail/1920147.html,青岛滨海学院2026年诚聘优秀中青年教师公告,
2026,事业单位,2026高校/科研院所人才引进（高校人才网）,青岛滨海学院,青岛滨海学院 优秀中青年教师-预防医学,硕士研究生,,,网申+考核,,,招聘人数：5；待遇标签：科研奖励/五险一金；薪酬：面议；单位性质：民营（私营）,青岛 山东-青岛,/job/detail/1920146.html,青岛滨海学院2026年诚聘优秀中青年教师公告,
2026,事业单位,2026高校/科研院所人才引进（高校人才网）,青岛滨海学院,青岛滨海学院 优秀中青年教师-智能医学工程,硕士研究生,,,网申+考核,,,招聘人数：2；待遇标签：科研奖励/五险一金；薪酬：面议；单位性质：民营（私营）,青岛 山东-青岛,/job/detail/1920145.html,青岛滨海学院2026年诚聘优秀中青年教师公告,
2026,事业单位,2026高校/科研院所人才引进（高校人才网）,青岛滨海学院,青岛滨海学院 优秀中青年教师-医学影像技术（核医学、医学影像诊断学、断层影像解剖学、超声医学、介入放射学）,硕士研究生,,,网申+考核,,,招聘人数：5；待遇标签：科研奖励/五险一金；薪酬：面议；单位性质：民营（私营）,青岛 山东-青岛,/job/detail/1920144.html,青岛滨海学院2026年诚聘优秀中青年教师公告,
2026,事业单位,2026高校/科研院所人才引进（高校人才网）,上海震旦职业学院,上海震旦职业学院 实验实训教师,本科,,,网申+考核,,,招聘人数：1；薪酬：面议；单位性质：民营（私营）,上海 上海-上海,/job/detail/1874667.html,上海震旦职业学院2026年招聘启事,
2026,事业单位,2026高校/科研院所人才引进（高校人才网）,上海震旦职业学院,上海震旦职业学院 虚拟现实技术应用专业教师,硕士研究生,,,网申+考核,,,招聘人数：1；薪酬：面议；单位性质：民营（私营）,上海 上海-上海,/job/detail/1874666.html,上海震旦职业学院2026年招聘启事,
2026,事业单位,2026高校/科研院所人才引进（高校人才网）,上海震旦职业学院,上海震旦职业学院 物联网应用技术专业教师,硕士研究生,,,网申+考核,,,招聘人数：2；薪酬：面议；单位性质：民营（私营）,上海 上海-上海,/job/detail/1874665.html,上海震旦职业学院2026年招聘启事,
2026,事业单位,2026高校/科研院所人才引进（高校人才网）,上海震旦职业学院,上海震旦职业学院 数字媒体技术专业教师,硕士研究生,,,网申+考核,,,招聘人数：2；薪酬：面议；单位性质：民营（私营）,上海 上海-上海,/job/detail/1874664.html,上海震旦职业学院2026年招聘启事,
2026,事业单位,2026高校/科研院所人才引进（高校人才网）,上海震旦职业学院,上海震旦职业学院 呼吸治疗技术专业教师,硕士研究生,,,网申+考核,,,招聘人数：若干；薪酬：面议；单位性质：民营（私营）,上海 上海-上海,/job/detail/1874663.html,上海震旦职业学院2026年招聘启事,
2026,事业单位,2026高校/科研院所人才引进（高校人才网）,上海震旦职业学院,上海震旦职业学院 食品检验检测技术专业教师,硕士研究生,,,网申+考核,,,招聘人数：1；薪酬：面议；单位性质：民营（私营）,上海 上海-上海,/job/detail/1874662.html,上海震旦职业学院2026年招聘启事,
2026,事业单位,2026高校/科研院所人才引进（高校人才网）,上海震旦职业学院,上海震旦职业学院 康复治疗技术专业教师,硕士研究生,,,网申+考核,,,招聘人数：2；薪酬：面议；单位性质：民营（私营）,上海 上海-上海,/job/detail/1874661.html,上海震旦职业学院2026年招聘启事,
2026,事业单位,2026高校/科研院所人才引进（高校人才网）,上海震旦职业学院,上海震旦职业学院 药学专业教师,硕士研究生,,,网申+考核,,,招聘人数：2；薪酬：面议；单位性质：民营（私营）,上海 上海-上海,/job/detail/1874660.html,上海震旦职业学院2026年招聘启事,
2026,事业单位,2026高校/科研院所人才引进（高校人才网）,上海震旦职业学院,上海震旦职业学院 护理专业教师,硕士研究生,,,网申+考核,,,招聘人数：2；薪酬：面议；单位性质：民营（私营）,上海 上海-上海,/job/detail/1874659.html,上海震旦职业学院2026年招聘启事,
2026,事业单位,2026高校/科研院所人才引进（高校人才网）,江西航空职业技术学院,江西航空职业技术学院 辅导员,硕士研究生,,,网申+考核,,,招聘人数：若干；待遇标签：五险一金/节日福利；薪酬：面议；单位性质：非盈利组织及其他,抚州 江西-抚州,/job/detail/1771470.html,江西航空职业技术学院辅导员招聘公告（长期有效）,
2026,事业单位,2026高校/科研院所人才引进（高校人才网）,中国科学院分子细胞科学卓越创新中心,中国科学院分子细胞科学卓越创新中心 博士后-周小龙导师,博士研究生,,,网申+考核,,,招聘人数：2；待遇标签：五险一金/补充医疗保险；薪酬：面议；单位性质：公立（国有）,上海 上海-上海,/job/detail/1596590.html,中国科学院分子细胞科学卓越创新中心2026年度博士后岗位招聘,
2026,事业单位,2026高校/科研院所人才引进（高校人才网）,中国科学院分子细胞科学卓越创新中心,中国科学院分子细胞科学卓越创新中心 博士后-邹卫国导师,博士研究生,,,网申+考核,,,招聘人数：2；待遇标签：五险一金/补充医疗保险；薪酬：面议；单位性质：公立（国有）,上海 上海-上海,/job/detail/1596589.html,中国科学院分子细胞科学卓越创新中心2026年度博士后岗位招聘,
2026,事业单位,2026高校/科研院所人才引进（高校人才网）,中国科学院分子细胞科学卓越创新中心,中国科学院分子细胞科学卓越创新中心 博士后-赵祥导师,博士研究生,,,网申+考核,,,招聘人数：若干；待遇标签：五险一金/补充医疗保险；薪酬：面议；单位性质：公立（国有）,上海 上海-上海,/job/detail/1596588.html,中国科学院分子细胞科学卓越创新中心2026年度博士后岗位招聘,
2026,事业单位,2026高校/科研院所人才引进（高校人才网）,中国科学院分子细胞科学卓越创新中心,中国科学院分子细胞科学卓越创新中心 博士后-张少庆导师,博士研究生,,,网申+考核,,,招聘人数：1；待遇标签：五险一金/补充医疗保险；薪酬：面议；单位性质：公立（国有）,上海 上海-上海,/job/detail/1596587.html,中国科学院分子细胞科学卓越创新中心2026年度博士后岗位招聘,
2026,事业单位,2026高校/科研院所人才引进（高校人才网）,中国科学院分子细胞科学卓越创新中心,中国科学院分子细胞科学卓越创新中心 博士后-袁怀瑞导师,博士研究生,,,网申+考核,,,招聘人数：2；待遇标签：五险一金/补充医疗保险；薪酬：面议；单位性质：公立（国有）,上海 上海-上海,/job/detail/1596586.html,中国科学院分子细胞科学卓越创新中心2026年度博士后岗位招聘,
2026,事业单位,2026高校/科研院所人才引进（高校人才网）,中国科学院分子细胞科学卓越创新中心,中国科学院分子细胞科学卓越创新中心 博士后-杨荟导师,博士研究生,,,网申+考核,,,招聘人数：2；待遇标签：五险一金/补充医疗保险；薪酬：面议；单位性质：公立（国有）,上海 上海-上海,/job/detail/1596585.html,中国科学院分子细胞科学卓越创新中心2026年度博士后岗位招聘,
